date,code,sub,mainline
20251201,sz000547,航天,商业航天
20251201,sz002413,存储,半导体
20251201,sz002792,航天,商业航天
20251201,sz002565,航天,商业航天
20251201,sz002519,航天,商业航天
20251201,sz002651,航天,商业航天
20251201,sz002625,航天,商业航天
20251201,sh600868,有色,大周期
20251201,sz002114,有色,大周期
20251201,sz002540,有色,大周期
20251201,sh603077,化工,大周期
20251201,sz002578,有色,大周期
20251201,sh603933,机器人,人工智能
20251201,sz000816,机器人,人工智能
20251201,sz002863,机器人,人工智能
20251201,sh603121,机器人,人工智能
20251201,sz000859,化工,大周期
20251201,sz000530,液冷,人工智能
20251201,sz002702,食品,大消费
20251201,sh600981,芯片,半导体
20251201,sz002787,半导体,半导体
20251201,sh603803,光通信,人工智能
20251201,sh600284,算力,人工智能
20251202,sz002702,食品,大消费
20251202,sh603933,机器人,人工智能
20251202,sz002300,电缆,电网
20251202,sz000547,航天,商业航天
20251202,sz002413,存储,半导体
20251202,sz002792,航天,商业航天
20251202,sz002565,算力,人工智能
20251202,sz301136,航天,商业航天
20251202,sh600829,医药,大消费
20251202,sh600272,医药,大消费
20251202,sh603122,医药,大消费
20251202,sh600981,芯片,半导体
20251202,sz000859,化工,大周期
20251202,sz002474,AI应用,人工智能
20251202,sh603106,AI应用,人工智能
20251202,sz000530,液冷,人工智能
20251202,sh603113,化工,大周期
20251202,sz000812,AI应用,人工智能
20251203,sz002702,食品,大消费
20251203,sz002300,电缆,电网
20251203,sz000993,电力,电网
20251203,sz002565,算力,人工智能
20251203,sz002519,机器人,人工智能
20251203,sh600151,航天,商业航天
20251203,sh603017,航天,商业航天
20251203,sz002682,航天,商业航天
20251203,sz002913,PCB,半导体
20251203,sh605108,食品,大消费
20251203,sz001211,食品,大消费
20251203,sh603711,饮料,大消费
20251203,sh600467,食品,大消费
20251203,sh600408,煤炭,大周期
20251203,sz000571,煤炭,大周期
20251203,sh600403,煤炭,大周期
20251203,sh603286,机器人,人工智能
20251203,sh603386,PCB,半导体
20251203,sz002515,芯片,半导体
20251203,sh600255,有色,大周期
20251203,sh603353,芯片,半导体
20251203,sz000692,电力,电网
20251203,sz002769,储能,电网
20251203,sz002589,医药,大消费
20251203,sh603906,有色,大周期
20251203,sh600281,有色,大周期
20251203,sz001336,储能,电网
20251203,sh601399,核电,电网
20251204,sh603933,机器人,人工智能
20251204,sh603386,PCB,半导体
20251204,sh600592,机器人,人工智能
20251204,sz002520,机器人,人工智能
20251204,sz300095,机器人,人工智能
20251204,sz002347,机器人,人工智能
20251204,sz002031,机器人,人工智能
20251204,sz002344,机器人,人工智能
20251204,sz300885,机器人,人工智能
20251204,sz300946,机器人,人工智能
20251204,sz301510,机器人,人工智能
20251204,sh600151,航天,商业航天
20251204,sz002682,机器人,人工智能
20251204,sh600678,航天,商业航天
20251204,sz002512,航天,商业航天
20251204,sh603359,航天,商业航天
20251204,sh600118,航天,商业航天
20251204,sh600167,机器人,人工智能
20251204,sz002925,机器人,人工智能
20251204,sz002402,机器人,人工智能
20251204,sh600635,机器人,人工智能
20251204,sz002300,电缆,电网
20251204,sh601399,核电,电网
20251204,sz002589,医药,大消费
20251204,sz000510,化工,大周期
20251205,sz002702,食品,大消费
20251205,sz002300,核电,电网
20251205,sh600734,AI应用,人工智能
20251205,sz000547,航天,商业航天
20251205,sz002565,算力,人工智能
20251205,sz002682,机器人,人工智能
20251205,sz002977,军工,商业航天
20251205,sz301005,航天,商业航天
20251205,sh605598,航天,商业航天
20251205,sz000901,航天,商业航天
20251205,sz002218,航天,商业航天
20251205,sz300427,航天,商业航天
20251205,sh600343,航天,商业航天
20251205,sh603386,PCB,半导体
20251205,sz002885,机器人,人工智能
20251205,sz002779,机器人,人工智能
20251205,sh600302,机器人,人工智能
20251205,sh600366,有色,大周期
20251205,sz300421,机器人,人工智能
20251205,sz301529,机器人,人工智能
20251205,sz301486,光通信,人工智能
20251205,sh603052,芯片,半导体
20251205,sh600105,光通信,人工智能
20251205,sh688048,芯片,半导体
20251205,sz000070,光通信,人工智能
20251205,sz000859,化工,大周期
20251205,sz002585,化工,大周期
20251205,sh600227,化工,大周期
20251205,sh600800,化工,大周期
20251205,sh603067,化工,大周期
20251205,sz002295,有色,大周期
20251205,sz002578,有色,大周期
20251205,sz002149,有色,大周期
20251205,sh600868,有色,大周期
20251205,sh601399,核电,电网
20251205,sh600973,电缆,电网
20251205,sh601106,核电,电网
20251205,sh603015,机器人,人工智能
20251205,sz000639,食品,大消费
20251205,sz002969,食品,大消费
20251205,sh603886,食品,大消费
20251205,sz300377,AI应用,人工智能
20251205,sh600151,光伏,电网
20251205,sz002589,医药,大消费
20251205,sh603122,医药,大消费
20251205,sz000811,液冷,人工智能
20251208,sz002578,有色,大周期
20251208,sh603686,机器人,人工智能
20251208,sz002474,AI应用,人工智能
20251208,sz002565,航天,商业航天
20251208,sz002682,机器人,人工智能
20251208,sz002149,航天,商业航天
20251208,sz000901,航天,商业航天
20251208,sz300427,航天,商业航天
20251208,sz002977,航天,商业航天
20251208,sh600343,航天,商业航天
20251208,sz002512,航天,商业航天
20251208,sz003031,航天,商业航天
20251208,sh603601,航天,商业航天
20251208,sz003029,航天,商业航天
20251208,sh603528,航天,商业航天
20251208,sz002792,航天,商业航天
20251208,sh603738,航天,商业航天
20251208,sz300337,航天,商业航天
20251208,sh603278,航天,商业航天
20251208,sh603680,航天,商业航天
20251208,sz001267,光通信,人工智能
20251208,sh688800,有色,大周期
20251208,sh603042,有色,大周期
20251208,sh600337,AI应用,人工智能
20251208,sz001330,AI应用,人工智能
20251208,sh603898,AI应用,人工智能
20251208,sh605136,AI应用,人工智能
20251208,sh603386,PCB,半导体
20251208,sh603667,机器人,人工智能
20251208,sz002164,机器人,人工智能
20251208,sh603316,存储,半导体
20251208,sz001309,存储,半导体
20251208,sh603228,PCB,半导体
20251208,sh601106,核电,电网
20251208,sh688719,半导体,半导体
20251208,sz002506,光伏,电网
20251208,sz002943,光伏,电网
20251208,sz301183,光通信,人工智能
20251208,sz001203,有色,大周期
20251208,sz002589,医药,大消费
20251208,sh603122,医药,大消费
20251208,sz000811,液冷,人工智能
20251208,sz002295,有色,大周期
20251208,sz000571,煤炭,大周期
20251208,sh603698,航天,商业航天
20251208,sz002163,免税,大消费
20251208,sh600250,旅游,大消费
20251208,sz002492,无人机,商业航天
20251209,sz002682,机器人,人工智能
20251209,sz002512,航天,商业航天
20251209,sh603601,航天,商业航天
20251209,sh603278,航天,商业航天
20251209,sz002927,算力,人工智能
20251209,sh600855,航天,商业航天
20251209,sz301517,航天,商业航天
20251209,sz002413,存储,半导体
20251209,sz002229,算力,人工智能
20251209,sz300056,算力,人工智能
20251209,sz300081,算力,人工智能
20251209,sh600673,算力,人工智能
20251209,sz002217,算力,人工智能
20251209,sz003031,光通信,人工智能
20251209,sz002725,芯片,半导体
20251209,sh600330,光通信,人工智能
20251209,sz001330,AI应用,人工智能
20251209,sz002995,AI应用,人工智能
20251209,sh600151,光伏,电网
20251209,sz002329,光伏,电网
20251209,sh601908,光伏,电网
20251209,sh603386,PCB,半导体
20251209,sz000823,PCB,半导体
20251209,sh603516,液冷,人工智能
20251209,sh603090,液冷,人工智能
20251209,sz002346,算力,人工智能
20251209,sh603829,储能,电网
20251209,sz300959,AI应用,人工智能
20251210,sz000886,免税,大消费
20251210,sz000505,食品,大消费
20251210,sz000955,医药,大消费
20251210,sz300189,农业,大消费
20251210,sh603506,机器人,人工智能
20251210,sz003031,光通信,人工智能
20251210,sz002725,芯片,半导体
20251210,sz000070,光通信,人工智能
20251210,sz000936,光通信,人工智能
20251210,sh601869,光通信,人工智能
20251210,sh600184,光通信,人工智能
20251210,sz002682,机器人,人工智能
20251210,sz002105,机器人,人工智能
20251210,sh603879,机器人,人工智能
20251210,sz000678,军工,商业航天
20251210,sz301279,机器人,人工智能
20251210,sz001311,机器人,人工智能
20251210,sh603601,航天,商业航天
20251210,sz002149,航天,商业航天
20251210,sh600330,航天,商业航天
20251210,sh600678,航天,商业航天
20251210,sh688682,算力,人工智能
20251210,sz001360,有色,大周期
20251210,sz001330,AI应用,人工智能
20251210,sz002163,免税,大消费
20251210,sz002607,AI应用,人工智能
20251210,sz000532,有色,大周期
20251211,sh603601,航天,商业航天
20251211,sh600343,航天,商业航天
20251211,sh600678,航天,商业航天
20251211,sz001208,电缆,电网
20251211,sz002471,机器人,人工智能
20251211,sz300265,电缆,电网
20251211,sz002202,航天,商业航天
20251211,sz000859,航天,商业航天
20251211,920576BJ,核电,电网
20251211,sz002519,机器人,人工智能
20251211,sz002544,PCB,半导体
20251211,sh688119,航天,商业航天
20251211,sz002725,芯片,半导体
20251211,sh600105,光通信,人工智能
20251211,sh688662,光通信,人工智能
20251211,sz000035,储能,电网
20251211,sz300266,储能,电网
20251211,sh603506,机器人,人工智能
20251211,sh605055,机器人,人工智能
20251211,sz002639,核电,电网
20251211,sz000890,光通信,人工智能
20251211,sz002309,电缆,电网
20251211,sz002123,AI应用,人工智能
20251212,sh603601,航天,商业航天
20251212,sh600343,航天,商业航天
20251212,sz002149,航天,商业航天
20251212,sz001208,航天,商业航天
20251212,sz002471,机器人,人工智能
20251212,sz300265,航天,商业航天
20251212,920576BJ,核电,电网
20251212,sh600855,航天,商业航天
20251212,sz002927,算力,人工智能
20251212,sh600192,航天,商业航天
20251212,sh600776,航天,商业航天
20251212,sh600990,核电,电网
20251212,sz002347,机器人,人工智能
20251212,sz001296,航天,商业航天
20251212,sz002565,算力,人工智能
20251212,sz300285,航天,商业航天
20251212,sz301079,机器人,人工智能
20251212,sz000801,航天,商业航天
20251212,sz300445,航天,商业航天
20251212,sz301005,航天,商业航天
20251212,sh605090,航天,商业航天
20251212,sh601399,核电,电网
20251212,sh601106,核电,电网
20251212,sz002478,黑色,大周期
20251212,sz002438,核电,电网
20251212,sz000969,有色,大周期
20251212,sz300963,核电,电网
20251212,sh601611,核电,电网
20251212,sz000533,核电,电网
20251212,sz002255,核电,电网
20251212,sh600875,核电,电网
20251212,sz002309,电网,电网
20251212,sz000720,电缆,电网
20251212,sz300062,电缆,电网
20251212,sh601179,算力,人工智能
20251212,sz002451,电缆,电网
20251212,sz002300,电缆,电网
20251212,sh600550,电网,电网
20251212,sh603929,芯片,半导体
20251212,sh601133,芯片,半导体
20251212,sz002989,半导体,半导体
20251212,sh603163,芯片,半导体
20251212,sh688368,芯片,半导体
20251212,sh603031,算力,人工智能
20251212,sz002682,机器人,人工智能
20251212,sz002639,核电,电网
20251212,sh603992,机器人,人工智能
20251212,sh605123,航天,商业航天
20251212,sz000546,有色,大周期
20251212,sz002256,机器人,人工智能
20251212,sz002584,有色,大周期
20251212,sz000510,有色,大周期
20251212,sh600868,有色,大周期
20251212,sz001331,机器人,人工智能
20251212,sz003033,机器人,人工智能
20251212,sh600151,光伏,电网
20251212,sz001330,AI应用,人工智能
20251212,sz000890,光通信,人工智能
20251212,sz002374,饮料,大消费
20251212,sz000862,电力,电网
20251212,sh603610,AI应用,人工智能
20251212,sz002865,光伏,电网
20251212,sh601619,储能,电网
20251212,sh600730,AI应用,人工智能
20251212,sh603698,航天,商业航天
20251215,sz002374,饮料,大消费
20251215,sz002329,食品,大消费
20251215,sz001318,食品,大消费
20251215,sz000995,饮料,大消费
20251215,sh605388,食品,大消费
20251215,sz300997,食品,大消费
20251215,sh600113,食品,大消费
20251215,sh600737,食品,大消费
20251215,sh605339,食品,大消费
20251215,sh600186,算力,人工智能
20251215,sh603601,航天,商业航天
20251215,sz001208,航天,商业航天
20251215,sz002471,核电,电网
20251215,sh600192,核电,电网
20251215,sz002792,光通信,人工智能
20251215,sz002115,航天,商业航天
20251215,sh600879,航天,商业航天
20251215,sz002413,存储,半导体
20251215,920665BJ,航天,商业航天
20251215,sz300423,核电,电网
20251215,sz002697,机器人,人工智能
20251215,sz000620,存储,半导体
20251215,sh688720,存储,半导体
20251215,sh601208,PCB,半导体
20251215,sh601908,光伏,电网
20251215,sh600151,光伏,电网
20251215,sh600135,航天,商业航天
20251215,sh600271,AI应用,人工智能
20251215,sh603871,无人机,商业航天
20251215,sz001317,无人机,商业航天
20251215,sz300118,储能,电网
20251215,sh601778,储能,电网
20251215,sz002053,储能,电网
20251215,sz000825,核电,电网
20251215,sh600399,核电,电网
20251215,sz002639,核电,电网
20251215,sz002300,电缆,电网
20251215,sz002083,有色,大周期
20251215,sz000890,光通信,人工智能
20251215,sz001331,机器人,人工智能
20251215,sz002674,机器人,人工智能
20251215,sz002676,机器人,人工智能
20251215,sz000850,有色,大周期
20251216,sz002697,机器人,人工智能
20251216,sh603528,航天,商业航天
20251216,sz001208,航天,商业航天
20251216,sz002792,光通信,人工智能
20251216,sh600879,航天,商业航天
20251216,sh600198,航天,商业航天
20251216,sz300516,航天,商业航天
20251216,sh605222,电缆,电网
20251216,sh600271,航天,商业航天
20251216,sz002104,机器人,人工智能
20251216,sz002329,食品,大消费
20251216,sz000716,食品,大消费
20251216,sh603696,食品,大消费
20251216,sz002300,电缆,电网
20251216,sz000890,光通信,人工智能
20251216,sz001331,机器人,人工智能
20251216,sz001317,无人机,商业航天
20251216,sz001255,化工,大周期
20251216,sz002607,AI应用,人工智能
20251216,sh603212,光伏,电网
20251217,sh603703,航天,商业航天
20251217,sz002491,光通信,人工智能
20251217,sh601869,光通信,人工智能
20251217,sz003031,光通信,人工智能
20251217,sz301205,光通信,人工智能
20251217,sz002281,光通信,人工智能
20251217,sz002796,光通信,人工智能
20251217,sz002536,液冷,人工智能
20251217,sz002837,液冷,人工智能
20251217,sz301123,液冷,人工智能
20251217,sh603757,液冷,人工智能
20251217,sh603090,液冷,人工智能
20251217,sz000546,有色,大周期
20251217,sz002759,有色,大周期
20251217,sz001203,有色,大周期
20251217,sz002240,有色,大周期
20251217,sz001359,PCB,半导体
20251217,sh603124,PCB,半导体
20251217,sz002916,PCB,半导体
20251217,sh600250,旅游,大消费
20251217,sh600706,旅游,大消费
20251217,sz002188,旅游,大消费
20251217,sz001255,化工,大周期
20251217,sh601399,核电,电网
20251217,sz002735,军工,商业航天
20251217,sz002788,医药,大消费
20251217,sh605365,半导体,半导体
20251217,sh688228,航天,商业航天
20251217,sh600501,航天,商业航天
20251217,sz002044,AI应用,人工智能
20251217,sz001331,机器人,人工智能
20251217,sz002865,光伏,电网
20251217,sh603585,化工,大周期
20251217,sz002931,机器人,人工智能
20251218,sh603703,航天,商业航天
20251218,sz002361,航天,商业航天
20251218,sz002565,航天,商业航天
20251218,sz002977,航天,商业航天
20251218,sz002985,航天,商业航天
20251218,sh603679,航天,商业航天
20251218,sz002149,航天,商业航天
20251218,920885BJ,航天,商业航天
20251218,sh600250,旅游,大消费
20251218,sz000950,医药,大消费
20251218,sz002788,医药,大消费
20251218,sh603716,AI应用,人工智能
20251218,sz000411,医药,大消费
20251218,sz002727,医药,大消费
20251218,sz301017,医药,大消费
20251218,sz000863,旅游,大消费
20251218,sh603777,食品,大消费
20251218,sz002044,AI应用,人工智能
20251218,sz301408,AI应用,人工智能
20251218,sh688246,AI应用,人工智能
20251218,sh605365,半导体,半导体
20251218,sh601869,光通信,人工智能
20251218,sh603803,光通信,人工智能
20251218,sz002522,光通信,人工智能
20251218,sz001331,机器人,人工智能
20251218,sz001255,化工,大周期
20251218,sz002865,光伏,电网
20251218,sh603585,化工,大周期
20251218,sz002188,旅游,大消费
20251218,sz000017,有色,大周期
20251218,sz002319,光伏,电网
20251218,sz001330,AI应用,人工智能
20251219,sz002735,军工,商业航天
20251219,sh603757,核电,电网
20251219,sz002666,核电,电网
20251219,sh600468,核电,电网
20251219,sz002204,核电,电网
20251219,sh601106,核电,电网
20251219,sh600990,核电,电网
20251219,sz002639,核电,电网
20251219,sz002149,航天,商业航天
20251219,sh603679,航天,商业航天
20251219,sz002361,航天,商业航天
20251219,sz001379,核电,电网
20251219,sz002046,航天,商业航天
20251219,sh600330,航天,商业航天
20251219,sh603977,航天,商业航天
20251219,sz002188,旅游,大消费
20251219,sz002163,免税,大消费
20251219,sz000863,旅游,大消费
20251219,sz002788,医药,大消费
20251219,sz002264,AI应用,人工智能
20251219,sz000419,旅游,大消费
20251219,sh603069,免税,大消费
20251219,sz000566,医药,大消费
20251219,sz002910,食品,大消费
20251219,sz000523,食品,大消费
20251219,sz000639,食品,大消费
20251219,sz002501,光伏,电网
20251219,sh600620,光伏,电网
20251219,sz002491,光通信,人工智能
20251219,sz300557,光通信,人工智能
20251219,sz001331,机器人,人工智能
20251219,sh603585,化工,大周期
20251219,sh603698,航天,商业航天
20251219,sz000510,有色,大周期
20251219,sz001336,航天,商业航天
20251219,sz002105,机器人,人工智能
20251219,sh600108,农业,大消费
20251222,sh603069,免税,大消费
20251222,sz000566,医药,大消费
20251222,sz000796,旅游,大消费
20251222,sz300086,医药,大消费
20251222,sz000886,免税,大消费
20251222,sh601969,黑色,大周期
20251222,sz000505,食品,大消费
20251222,sz000571,煤炭,大周期
20251222,sz300189,农业,大消费
20251222,sh600759,油气,大周期
20251222,sh601869,光通信,人工智能
20251222,sh601231,光通信,人工智能
20251222,sz000070,光通信,人工智能
20251222,sz002951,光通信,人工智能
20251222,sh603618,PCB,半导体
20251222,sh600487,光通信,人工智能
20251222,sh688668,光通信,人工智能
20251222,sz002792,光通信,人工智能
20251222,sh603344,机器人,人工智能
20251222,sh603380,机器人,人工智能
20251222,sz002523,机器人,人工智能
20251222,sh603959,机器人,人工智能
20251222,sh600376,机器人,人工智能
20251222,sz003021,机器人,人工智能
20251222,sh600580,机器人,人工智能
20251222,sz002169,半导体,半导体
20251222,sh603163,芯片,半导体
20251222,sh603928,芯片,半导体
20251222,sz301611,半导体,半导体
20251222,sh605358,芯片,半导体
20251222,sh603929,芯片,半导体
20251222,sz002361,航天,商业航天
20251222,sh603977,航天,商业航天
20251222,sz002046,机器人,人工智能
20251222,sz002151,航天,商业航天
20251222,sz002414,航天,商业航天
20251222,sz000551,半导体,半导体
20251222,sz002788,医药,大消费
20251222,sh603696,食品,大消费
20251222,sz002910,食品,大消费
20251222,sz000523,食品,大消费
20251222,920023BJ,食品,大消费
20251222,sz002163,免税,大消费
20251222,sh601888,免税,大消费
20251222,sz002666,核电,电网
20251222,sz002518,算力,人工智能
20251222,sh601106,核电,电网
20251222,sh605167,核电,电网
20251222,sh601212,核电,电网
20251222,sz001331,机器人,人工智能
20251222,sz001336,航天,商业航天
20251222,sh603535,无人机,商业航天
20251222,sh603300,算力,人工智能
20251223,sh603163,芯片,半导体
20251223,sh603929,芯片,半导体
20251223,sz002643,芯片,半导体
20251223,sz000859,航天,商业航天
20251223,sh601133,芯片,半导体
20251223,sh603938,半导体,半导体
20251223,sh688376,芯片,半导体
20251223,sz002909,液冷,人工智能
20251223,sz300990,液冷,人工智能
20251223,sh603203,液冷,人工智能
20251223,sz002272,液冷,人工智能
20251223,sz002837,液冷,人工智能
20251223,sz301123,液冷,人工智能
20251223,sz002631,有色,大周期
20251223,sz002759,有色,大周期
20251223,sz000695,有色,大周期
20251223,sh603978,核电,电网
20251223,sz002407,有色,大周期
20251223,sz002163,免税,大消费
20251223,sz000566,医药,大消费
20251223,sh600179,无人机,商业航天
20251223,sz002361,航天,商业航天
20251223,sz000551,半导体,半导体
20251223,sz002201,PCB,半导体
20251223,sz300414,航天,商业航天
20251223,sz300726,航天,商业航天
20251223,sz002788,医药,大消费
20251223,sz002842,有色,大周期
20251223,sz002378,有色,大周期
20251223,sh601208,PCB,半导体
20251223,sh603256,PCB,半导体
20251223,sz002796,光通信,人工智能
20251223,sz002957,光通信,人工智能
20251223,sz001331,机器人,人工智能
20251223,sz001336,航天,商业航天
20251223,sh605167,核电,电网
20251223,sh603698,航天,商业航天
20251223,sz002330,食品,大消费
20251223,sz002843,算力,人工智能
20251223,sh600550,电网,电网
20251224,sz002361,航天,商业航天
20251224,sz002046,机器人,人工智能
20251224,sz002201,航天,商业航天
20251224,sh600330,航天,商业航天
20251224,sz002383,航天,商业航天
20251224,sz002363,航天,商业航天
20251224,sh603601,航天,商业航天
20251224,sz002324,航天,商业航天
20251224,sh600783,航天,商业航天
20251224,sz300593,航天,商业航天
20251224,sh603278,航天,商业航天
20251224,sz002471,机器人,人工智能
20251224,sz002297,航天,商业航天
20251224,sh605090,航天,商业航天
20251224,sh605598,航天,商业航天
20251224,sz301005,航天,商业航天
20251224,sz002829,航天,商业航天
20251224,sz300629,航天,商业航天
20251224,sh688323,航天,商业航天
20251224,sh600118,航天,商业航天
20251224,sh603678,航天,商业航天
20251224,sz001316,航天,商业航天
20251224,sh600775,航天,商业航天
20251224,sh600343,航天,商业航天
20251224,sh688456,航天,商业航天
20251224,sh601231,光通信,人工智能
20251224,sz002951,光通信,人工智能
20251224,sz300131,光通信,人工智能
20251224,sh600105,光通信,人工智能
20251224,sz002429,光通信,人工智能
20251224,sz002163,免税,大消费
20251224,sz000796,旅游,大消费
20251224,sz002865,光伏,电网
20251224,sz002851,算力,人工智能
20251224,sz002364,算力,人工智能
20251224,sh603097,算力,人工智能
20251224,sh600103,光通信,人工智能
20251224,sh603879,无人机,商业航天
20251224,sz002134,PCB,半导体
20251224,sh600183,PCB,半导体
20251224,sz002909,液冷,人工智能
20251224,sh603090,液冷,人工智能
20251224,sz000551,航天,商业航天
20251224,sh603163,芯片,半导体
20251224,sz002427,化工,大周期
20251224,sz000985,化工,大周期
20251224,sz001331,机器人,人工智能
20251224,sh603698,航天,商业航天
20251224,sz002759,有色,大周期
20251224,sh600475,光伏,电网
20251224,sz003007,算力,人工智能
20251225,sz002361,航天,商业航天
20251225,sz000551,航天,商业航天
20251225,sz002201,PCB,半导体
20251225,sz002363,航天,商业航天
20251225,sz002297,航天,商业航天
20251225,sz003007,航天,商业航天
20251225,sh603601,航天,商业航天
20251225,sh600783,航天,商业航天
20251225,sh605598,航天,商业航天
20251225,sz301005,航天,商业航天
20251225,sh600118,航天,商业航天
20251225,sz002792,光通信,人工智能
20251225,sz300900,航天,商业航天
20251225,sh600345,航天,商业航天
20251225,sz003009,航天,商业航天
20251225,sh605123,航天,商业航天
20251225,sz002446,航天,商业航天
20251225,sz002935,存储,半导体
20251225,sh603809,机器人,人工智能
20251225,sz002115,航天,商业航天
20251225,sz002202,航天,商业航天
20251225,sz001400,航天,商业航天
20251225,sz001208,航天,商业航天
20251225,sz002583,航天,商业航天
20251225,sh600879,航天,商业航天
20251225,sz001331,机器人,人工智能
20251225,sh603278,航天,商业航天
20251225,sh600376,机器人,人工智能
20251225,sz002931,机器人,人工智能
20251225,sz002009,机器人,人工智能
20251225,sz000559,机器人,人工智能
20251225,sz002347,机器人,人工智能
20251225,sh600592,机器人,人工智能
20251225,sh603305,机器人,人工智能
20251225,sh603028,机器人,人工智能
20251225,sz300503,机器人,人工智能
20251225,sz002196,机器人,人工智能
20251225,sz002870,机器人,人工智能
20251225,sh603119,机器人,人工智能
20251225,sh603130,机器人,人工智能
20251225,sh600577,机器人,人工智能
20251225,sh603163,芯片,半导体
20251225,sz000859,航天,商业航天
20251225,sz002346,算力,人工智能
20251225,sh605255,芯片,半导体
20251225,sz001212,半导体,半导体
20251225,sz002652,半导体,半导体
20251225,sz002264,AI应用,人工智能
20251225,sz002951,光通信,人工智能
20251225,sz002800,无人机,商业航天
20251225,sh603698,航天,商业航天
20251225,sz000777,核电,电网
20251225,sz001360,有色,大周期
20251225,sh600779,饮料,大消费
20251226,sz002361,航天,商业航天
20251226,sz002792,光通信,人工智能
20251226,sz002201,航天,商业航天
20251226,sh603278,航天,商业航天
20251226,sh600783,航天,商业航天
20251226,sz002363,航天,商业航天
20251226,sh600118,航天,商业航天
20251226,sh605598,航天,商业航天
20251226,sh603601,航天,商业航天
20251226,sh600330,航天,商业航天
20251226,sh600345,航天,商业航天
20251226,sz002471,机器人,人工智能
20251226,sh600105,航天,商业航天
20251226,sz301117,航天,商业航天
20251226,sz000547,航天,商业航天
20251226,sh603680,航天,商业航天
20251226,sh688158,航天,商业航天
20251226,sh601698,航天,商业航天
20251226,sz002151,航天,商业航天
20251226,sh600736,航天,商业航天
20251226,sz000036,有色,大周期
20251226,sz002759,有色,大周期
20251226,sh603978,核电,电网
20251226,sz002805,有色,大周期
20251226,sz002591,有色,大周期
20251226,sz002136,化工,大周期
20251226,sz000973,有色,大周期
20251226,sz301246,有色,大周期
20251226,sz002756,有色,大周期
20251226,sz301292,有色,大周期
20251226,sz002326,有色,大周期
20251226,sz000688,有色,大周期
20251226,sz001331,机器人,人工智能
20251226,sz002931,机器人,人工智能
20251226,sz002009,有色,大周期
20251226,sz002347,机器人,人工智能
20251226,sz002903,机器人,人工智能
20251226,sz002691,机器人,人工智能
20251226,sz300819,机器人,人工智能
20251226,sh603626,机器人,人工智能
20251226,sz002163,免税,大消费
20251226,sh603069,免税,大消费
20251226,sz000505,食品,大消费
20251226,sh601969,黑色,大周期
20251226,sh600759,油气,大周期
20251226,sz002865,光伏,电网
20251226,sz002571,光伏,电网
20251226,sh600537,光伏,电网
20251226,sz002506,光伏,电网
20251226,sh605566,光伏,电网
20251226,sz002652,半导体,半导体
20251226,sz002081,芯片,半导体
20251226,sz002853,芯片,半导体
20251226,sz001309,存储,半导体
20251226,sh603686,机器人,人工智能
20251226,sh600362,有色,大周期
20251226,sz000510,有色,大周期
20251226,sh603660,AI应用,人工智能
20251226,sz001376,电力,电网
20251226,sh600021,电力,电网
20251226,sz000777,核电,电网
20251226,sz000523,食品,大消费
20251226,sz000863,旅游,大消费
20251226,sh600576,旅游,大消费
20251229,sz002361,航天,商业航天
20251229,sh600783,航天,商业航天
20251229,sh603278,航天,商业航天
20251229,sh600118,航天,商业航天
20251229,sz002347,机器人,人工智能
20251229,sz002471,机器人,人工智能
20251229,sh600736,航天,商业航天
20251229,sz000547,航天,商业航天
20251229,sz002202,航天,商业航天
20251229,sh605123,航天,商业航天
20251229,sh603017,航天,商业航天
20251229,sz000917,航天,商业航天
20251229,sz002465,航天,商业航天
20251229,sz002413,航天,商业航天
20251229,sz001229,航天,商业航天
20251229,sh603936,PCB,半导体
20251229,sz000987,航天,商业航天
20251229,sh688523,航天,商业航天
20251229,sz001331,机器人,人工智能
20251229,sz002931,机器人,人工智能
20251229,sz002009,机器人,人工智能
20251229,sz002691,机器人,人工智能
20251229,sz003033,机器人,人工智能
20251229,sh603667,机器人,人工智能
20251229,sz301225,机器人,人工智能
20251229,sz001311,机器人,人工智能
20251229,sh688160,机器人,人工智能
20251229,sh688090,机器人,人工智能
20251229,sz000700,机器人,人工智能
20251229,sz002652,半导体,半导体
20251229,sh605255,芯片,半导体
20251229,sh603353,芯片,半导体
20251229,sz002169,半导体,半导体
20251229,sz300751,光伏,电网
20251229,sh600477,光伏,电网
20251229,sh603778,光伏,电网
20251229,sh600151,光伏,电网
20251229,sh600481,光伏,电网
20251229,sz002261,算力,人工智能
20251229,sz002272,液冷,人工智能
20251229,sz001266,液冷,人工智能
20251229,sh600506,液冷,人工智能
20251229,sz002591,光伏,电网
20251229,sh603876,有色,大周期
20251229,sh600759,油气,大周期
20251229,sz000659,饮料,大消费
20251229,sz002072,煤炭,大周期
20251230,sz002009,机器人,人工智能
20251230,sh603667,机器人,人工智能
20251230,sz000700,机器人,人工智能
20251230,sh688160,机器人,人工智能
20251230,sh603626,机器人,人工智能
20251230,sh603686,机器人,人工智能
20251230,sz000559,机器人,人工智能
20251230,sz002196,机器人,人工智能
20251230,sh603119,机器人,人工智能
20251230,sz002527,机器人,人工智能
20251230,920270BJ,机器人,人工智能
20251230,sh603211,机器人,人工智能
20251230,sz002050,机器人,人工智能
20251230,sh603009,机器人,人工智能
20251230,sz300885,机器人,人工智能
20251230,sh603278,航天,商业航天
20251230,sz002347,机器人,人工智能
20251230,sz002413,航天,商业航天
20251230,sz001208,航天,商业航天
20251230,sh600776,航天,商业航天
20251230,sh600192,核电,电网
20251230,sz002342,航天,商业航天
20251230,sh603359,航天,商业航天
20251230,sz002383,航天,商业航天
20251230,sz001266,液冷,人工智能
20251230,sh600506,液冷,人工智能
20251230,sz000530,液冷,人工智能
20251230,sh603798,液冷,人工智能
20251230,sz002591,光伏,电网
20251230,sz000665,算力,人工智能
20251230,sh605028,电力,电网
20251230,sz000703,化工,大周期
20251230,sz000411,医药,大消费
20251231,sz002361,航天,商业航天
20251231,sh603278,航天,商业航天
20251231,sh600118,航天,商业航天
20251231,sh600783,航天,商业航天
20251231,sz001266,航天,商业航天
20251231,sz002413,航天,商业航天
20251231,sz000547,航天,商业航天
20251231,sh600345,航天,商业航天
20251231,sz002151,航天,商业航天
20251231,sh601698,航天,商业航天
20251231,sh600498,航天,商业航天
20251231,sz002565,航天,商业航天
20251231,sh600266,航天,商业航天
20251231,sh600363,航天,商业航天
20251231,sh600879,航天,商业航天
20251231,sz300516,航天,商业航天
20251231,sz003009,航天,商业航天
20251231,sh600501,航天,商业航天
20251231,sz002757,AI应用,人工智能
20251231,sz002908,AI应用,人工智能
20251231,sz002659,AI应用,人工智能
20251231,sz002131,AI应用,人工智能
20251231,sz301066,AI应用,人工智能
20251231,sh603533,AI应用,人工智能
20251231,sz300058,AI应用,人工智能
20251231,sz301380,AI应用,人工智能
20251231,sz002931,机器人,人工智能
20251231,sz002347,机器人,人工智能
20251231,sh603667,机器人,人工智能
20251231,920270BJ,机器人,人工智能
20251231,sh603344,机器人,人工智能
20251231,sh603331,机器人,人工智能
20251231,sh603130,机器人,人工智能
20251231,sz000026,机器人,人工智能
20251231,sz002634,光伏,电网
20251231,sz002208,芯片,半导体
20251231,sz000672,芯片,半导体
20251231,sh603156,芯片,半导体
20251231,sz301153,AI应用,人工智能
20251231,sh605338,食品,大消费
20251231,sz000809,储能,电网
20251231,sh600135,光伏,电网
20251231,sz002735,军工,商业航天
20251231,sz001231,化工,大周期
20260105,sz002465,航天,商业航天
20260105,sh600775,航天,商业航天
20260105,sz300887,航天,商业航天
20260105,sz300652,机器人,人工智能
20260105,sz002413,航天,商业航天
20260105,sh603458,航天,商业航天
20260105,sz002151,航天,商业航天
20260105,sh601698,航天,商业航天
20260105,sh600498,光通信,人工智能
20260105,sh600266,航天,商业航天
20260105,sh600776,航天,商业航天
20260105,sz002519,机器人,人工智能
20260105,sz002324,机器人,人工智能
20260105,sh600855,航天,商业航天
20260105,sz002414,航天,商业航天
20260105,sh688039,AI应用,人工智能
20260105,sz301306,航天,商业航天
20260105,sh688433,机器人,人工智能
20260105,sh603929,芯片,半导体
20260105,sh601512,芯片,半导体
20260105,sh603163,芯片,半导体
20260105,sh601133,芯片,半导体
20260105,sz000859,航天,商业航天
20260105,sz001333,封装,半导体
20260105,sh688261,半导体,半导体
20260105,sz301563,存储,半导体
20260105,sh605358,半导体,半导体
20260105,sh603061,半导体,半导体
20260105,sh603986,存储,半导体
20260105,sh688766,存储,半导体
20260105,sh688416,存储,半导体
20260105,sz002757,AI应用,人工智能
20260105,sz002131,AI应用,人工智能
20260105,sz300058,AI应用,人工智能
20260105,sh600826,AI应用,人工智能
20260105,sz002774,AI应用,人工智能
20260105,sh688258,AI应用,人工智能
20260105,sh603598,AI应用,人工智能
20260105,sh600556,AI应用,人工智能
20260105,sh600880,AI应用,人工智能
20260105,sh603171,AI应用,人工智能
20260105,sz300986,AI应用,人工智能
20260105,sh603778,有色,大周期
20260105,sz002083,有色,大周期
20260105,sz000792,有色,大周期
20260105,sz002254,有色,大周期
20260105,sz002759,有色,大周期
20260105,sz002931,机器人,人工智能
20260105,sh603666,机器人,人工智能
20260105,sh603507,机器人,人工智能
20260105,sz002943,有色,大周期
20260105,sh600337,光通信,人工智能
20260105,sh603052,光通信,人工智能
20260105,sz002716,有色,大周期
20260105,sz000426,有色,大周期
20260105,sz002488,机器人,人工智能
20260105,sz002735,军工,商业航天
20260105,sz001231,化工,大周期
20260105,sz002072,煤炭,大周期
20260105,sh600151,光伏,电网
20260105,sz002490,油气,大周期
20260105,sh600491,光伏,电网
20260106,sz002465,航天,商业航天
20260106,sh600775,航天,商业航天
20260106,sz300887,航天,商业航天
20260106,sh600783,航天,商业航天
20260106,sz002413,航天,商业航天
20260106,sz002151,航天,商业航天
20260106,sh601698,航天,商业航天
20260106,sh600266,航天,商业航天
20260106,sz002324,机器人,人工智能
20260106,sz002519,航天,商业航天
20260106,sh600855,航天,商业航天
20260106,sh600879,航天,商业航天
20260106,sz002383,航天,商业航天
20260106,sh600435,航天,商业航天
20260106,sz002471,机器人,人工智能
20260106,sz002025,航天,商业航天
20260106,sh688031,航天,商业航天
20260106,sz002202,航天,商业航天
20260106,sz001400,有色,大周期
20260106,920576BJ,核电,电网
20260106,sh600370,化工,大周期
20260106,sh600618,化工,大周期
20260106,sh600691,化工,大周期
20260106,sz002092,化工,大周期
20260106,sz001255,化工,大周期
20260106,sh600230,化工,大周期
20260106,sh600078,化工,大周期
20260106,sz000510,化工,大周期
20260106,sz000949,化工,大周期
20260106,sh601678,化工,大周期
20260106,sh600075,化工,大周期
20260106,sh600273,化工,大周期
20260106,sh600295,化工,大周期
20260106,sh603698,化工,大周期
20260106,sh600459,有色,大周期
20260106,sz000629,化工,大周期
20260106,sz002501,有色,大周期
20260106,sh601068,有色,大周期
20260106,sz002160,有色,大周期
20260106,sz002978,化工,大周期
20260106,sz000960,有色,大周期
20260106,sz300837,有色,大周期
20260106,sz002757,AI应用,人工智能
20260106,sz002774,AI应用,人工智能
20260106,sh603598,AI应用,人工智能
20260106,sz300986,AI应用,人工智能
20260106,sz002425,AI应用,人工智能
20260106,sh603012,AI应用,人工智能
20260106,sh603061,半导体,半导体
20260106,sh603929,芯片,半导体
20260106,sh605358,半导体,半导体
20260106,sz000620,存储,半导体
20260106,sz300331,芯片,半导体
20260106,sz002197,AI应用,人工智能
20260106,sh603778,有色,大周期
20260106,sh600955,化工,大周期
20260106,sz000545,化工,大周期
20260106,sz001223,机器人,人工智能
20260106,sz000008,机器人,人工智能
20260106,sz001231,化工,大周期
20260106,sz001331,机器人,人工智能
20260106,sh600620,光伏,电网
20260106,sh603617,液冷,人工智能
20260106,sz001332,核电,电网
20260106,sz002788,医药,大消费
20260106,sz002795,光伏,电网
20260106,sz002865,光伏,电网
20260106,sh600759,油气,大周期
20260106,sz000768,军工,商业航天
20260107,sh600783,航天,商业航天
20260107,sz002413,航天,商业航天
20260107,sh600266,航天,商业航天
20260107,sz002202,航天,商业航天
20260107,sz002324,机器人,人工智能
20260107,sz002519,航天,商业航天
20260107,sh600435,航天,商业航天
20260107,sz001400,有色,大周期
20260107,sz002146,航天,商业航天
20260107,sh600198,航天,商业航天
20260107,sh600637,航天,商业航天
20260107,sz002792,光通信,人工智能
20260107,sz003031,光通信,人工智能
20260107,sh688651,航天,商业航天
20260107,sz001331,机器人,人工智能
20260107,sz002931,机器人,人工智能
20260107,sh600053,机器人,人工智能
20260107,sh605288,机器人,人工智能
20260107,sz002541,机器人,人工智能
20260107,sz301079,机器人,人工智能
20260107,sh603037,机器人,人工智能
20260107,sh603028,机器人,人工智能
20260107,sz000859,航天,商业航天
20260107,sh688727,存储,半导体
20260107,sz300200,核电,电网
20260107,sz301213,半导体,半导体
20260107,sz002277,半导体,半导体
20260107,sh688037,半导体,半导体
20260107,sz002853,芯片,半导体
20260107,sh688125,半导体,半导体
20260107,sh688548,半导体,半导体
20260107,sh600869,电网,电网
20260107,sh603015,核电,电网
20260107,sh601106,核电,电网
20260107,sh601611,核电,电网
20260107,sh601399,核电,电网
20260107,sz002639,核电,电网
20260107,sh600775,航天,商业航天
20260107,sh600337,有色,大周期
20260107,sh603052,光通信,人工智能
20260107,sz002796,光通信,人工智能
20260107,sh688662,光通信,人工智能
20260107,sh600408,煤炭,大周期
20260107,sh601015,煤炭,大周期
20260107,sh600403,煤炭,大周期
20260107,sz002112,电网,电网
20260107,sz002922,电网,电网
20260107,sh601179,核电,电网
20260107,sh603598,AI应用,人工智能
20260107,sz002774,AI应用,人工智能
20260107,sz300986,AI应用,人工智能
20260107,sz000620,存储,半导体
20260107,sh605303,存储,半导体
20260107,sz002929,算力,人工智能
20260107,sh600673,算力,人工智能
20260107,sz002627,旅游,大消费
20260107,sz002842,有色,大周期
20260107,sz002788,医药,大消费
20260107,sh600135,航天,商业航天
20260107,sz000635,化工,大周期
20260107,sh603516,液冷,人工智能
20260107,sz002864,医药,大消费
20260107,sh603057,食品,大消费
20260107,sh600475,光伏,电网
20260107,sh603488,军工,商业航天
20260108,sh600783,航天,商业航天
20260108,sz002202,航天,商业航天
20260108,sz002519,航天,商业航天
20260108,sz001400,有色,大周期
20260108,sh600879,航天,商业航天
20260108,sz301079,机器人,人工智能
20260108,sh600637,航天,商业航天
20260108,sz002792,光通信,人工智能
20260108,sz002865,光伏,电网
20260108,sz002025,航天,商业航天
20260108,sh600477,航天,商业航天
20260108,sh603703,航天,商业航天
20260108,sz001208,航天,商业航天
20260108,sz002510,航天,商业航天
20260108,sh601608,航天,商业航天
20260108,sz003007,算力,人工智能
20260108,sz002977,航天,商业航天
20260108,sh603017,航天,商业航天
20260108,sz002342,航天,商业航天
20260108,sz002201,航天,商业航天
20260108,sz000901,航天,商业航天
20260108,sz300129,航天,商业航天
20260108,sh688066,航天,商业航天
20260108,sh603031,航天,商业航天
20260108,sh605123,航天,商业航天
20260108,sz002023,半导体,半导体
20260108,sz002565,航天,商业航天
20260108,sz300102,航天,商业航天
20260108,sz002361,航天,商业航天
20260108,sh600869,核电,电网
20260108,sh603015,核电,电网
20260108,sh601106,核电,电网
20260108,sh601399,核电,电网
20260108,sz002639,核电,电网
20260108,sh601611,核电,电网
20260108,sz002366,核电,电网
20260108,sh603169,核电,电网
20260108,sh603878,核电,电网
20260108,sh603333,核电,电网
20260108,sz002324,航天,商业航天
20260108,sh600775,航天,商业航天
20260108,sz300887,航天,商业航天
20260108,sz002757,AI应用,人工智能
20260108,sz300986,AI应用,人工智能
20260108,sz002774,AI应用,人工智能
20260108,sh600215,AI应用,人工智能
20260108,sz002316,AI应用,人工智能
20260108,sh600845,AI应用,人工智能
20260108,sz002279,AI应用,人工智能
20260108,sh600271,AI应用,人工智能
20260108,sh603650,芯片,半导体
20260108,sh603938,芯片,半导体
20260108,sz000628,半导体,半导体
20260108,sz002971,芯片,半导体
20260108,sz002542,芯片,半导体
20260108,sz002989,半导体,半导体
20260108,sh600172,半导体,半导体
20260108,sh603488,军工,商业航天
20260108,sh688552,军工,商业航天
20260108,sz300065,算力,人工智能
20260108,sh600967,军工,商业航天
20260108,sh600372,军工,商业航天
20260108,sz002931,机器人,人工智能
20260108,sh603950,机器人,人工智能
20260108,sz300141,机器人,人工智能
20260108,sh603416,机器人,人工智能
20260108,sz301368,机器人,人工智能
20260108,sz001215,食品,大消费
20260108,sh603696,食品,大消费
20260108,sz002788,医药,大消费
20260108,sh600135,航天,商业航天
20260108,sz000159,有色,大周期
20260108,sz002554,油气,大周期
20260108,sz002250,化工,大周期
20260109,sh600783,航天,商业航天
20260109,sz002202,航天,商业航天
20260109,sz002519,机器人,人工智能
20260109,sh601698,航天,商业航天
20260109,sh600879,航天,商业航天
20260109,sz001400,有色,大周期
20260109,sh600637,航天,商业航天
20260109,sz002342,航天,商业航天
20260109,sh600477,航天,商业航天
20260109,sh603017,航天,商业航天
20260109,sz300102,光伏,电网
20260109,sz002278,航天,商业航天
20260109,sz002046,机器人,人工智能
20260109,sz002512,航天,商业航天
20260109,sh601929,航天,商业航天
20260109,sh688387,航天,商业航天
20260109,sz000987,航天,商业航天
20260109,sz002428,光伏,电网
20260109,sz002115,航天,商业航天
20260109,sh600143,航天,商业航天
20260109,sz002927,算力,人工智能
20260109,sz002625,航天,商业航天
20260109,sz002296,航天,商业航天
20260109,sh600776,航天,商业航天
20260109,sz000917,航天,商业航天
20260109,sh688418,航天,商业航天
20260109,sz002774,AI应用,人工智能
20260109,sz300986,AI应用,人工智能
20260109,sh603598,AI应用,人工智能
20260109,sz002316,AI应用,人工智能
20260109,sh600215,AI应用,人工智能
20260109,sz002044,AI应用,人工智能
20260109,sz000503,AI应用,人工智能
20260109,sz002131,AI应用,人工智能
20260109,sz002181,AI应用,人工智能
20260109,sh600880,AI应用,人工智能
20260109,sh600986,AI应用,人工智能
20260109,sz301171,AI应用,人工智能
20260109,sz300244,AI应用,人工智能
20260109,sz300578,AI应用,人工智能
20260109,sz002777,AI应用,人工智能
20260109,sz002400,AI应用,人工智能
20260109,sz300063,AI应用,人工智能
20260109,sh603882,AI应用,人工智能
20260109,sh603496,AI应用,人工智能
20260109,920207BJ,AI应用,人工智能
20260109,sh603108,AI应用,人工智能
20260109,sz301230,AI应用,人工智能
20260109,sh600556,AI应用,人工智能
20260109,sz300418,AI应用,人工智能
20260109,sh603171,AI应用,人工智能
20260109,sz002931,机器人,人工智能
20260109,sh605288,机器人,人工智能
20260109,sh603305,机器人,人工智能
20260109,sz002162,机器人,人工智能
20260109,sh600784,机器人,人工智能
20260109,sz002838,机器人,人工智能
20260109,sz002029,机器人,人工智能
20260109,sh603179,机器人,人工智能
20260109,sz003007,算力,人工智能
20260109,sz002849,算力,人工智能
20260109,sh600589,算力,人工智能
20260109,sh600410,算力,人工智能
20260109,sh603067,有色,大周期
20260109,sz002203,PCB,半导体
20260109,sh600549,有色,大周期
20260109,sh601958,有色,大周期
20260109,sh603015,核电,电网
20260109,sh601106,核电,电网
20260109,sz000969,有色,大周期
20260109,sh600973,电缆,电网
20260109,sh603938,芯片,半导体
20260109,sz002795,光伏,电网
20260109,sh600759,油气,大周期
20260109,sz002729,电力,电网
20260109,sz300051,光伏,电网
20260109,sh600397,有色,大周期
20260112,sz300986,AI应用,人工智能
20260112,sh603598,AI应用,人工智能
20260112,sz002131,AI应用,人工智能
20260112,sz002316,AI应用,人工智能
20260112,sh600880,AI应用,人工智能
20260112,sh603171,AI应用,人工智能
20260112,sh600556,AI应用,人工智能
20260112,sz002044,AI应用,人工智能
20260112,sh603496,算力,人工智能
20260112,sh600986,算力,人工智能
20260112,sz300244,AI应用,人工智能
20260112,sz002400,AI应用,人工智能
20260112,sz301171,AI应用,人工智能
20260112,920207BJ,AI应用,人工智能
20260112,sz000503,AI应用,人工智能
20260112,sz300063,AI应用,人工智能
20260112,sz002181,AI应用,人工智能
20260112,sz300418,AI应用,人工智能
20260112,sh603882,AI应用,人工智能
20260112,sz000681,AI应用,人工智能
20260112,sh603000,AI应用,人工智能
20260112,sh603888,AI应用,人工智能
20260112,sz301378,AI应用,人工智能
20260112,sz300816,算力,人工智能
20260112,sh601900,AI应用,人工智能
20260112,sh600633,AI应用,人工智能
20260112,sz002769,AI应用,人工智能
20260112,920021BJ,航天,商业航天
20260112,sz000892,AI应用,人工智能
20260112,sz002712,AI应用,人工智能
20260112,sh688258,AI应用,人工智能
20260112,sh605398,AI应用,人工智能
20260112,sh600640,AI应用,人工智能
20260112,sz300987,AI应用,人工智能
20260112,sz300785,AI应用,人工智能
20260112,sh688365,AI应用,人工智能
20260112,sz300349,AI应用,人工智能
20260112,sz002881,AI应用,人工智能
20260112,sz000785,AI应用,人工智能
20260112,sh688118,AI应用,人工智能
20260112,sz300291,AI应用,人工智能
20260112,sh600588,AI应用,人工智能
20260112,sz301066,AI应用,人工智能
20260112,sz301159,AI应用,人工智能
20260112,sz300364,AI应用,人工智能
20260112,sh688229,算力,人工智能
20260112,sz300170,AI应用,人工智能
20260112,sh601858,AI应用,人工智能
20260112,sz300229,算力,人工智能
20260112,sh688607,AI应用,人工智能
20260112,sz002858,AI应用,人工智能
20260112,sz300058,AI应用,人工智能
20260112,sz301093,AI应用,人工智能
20260112,sz300792,AI应用,人工智能
20260112,sz300624,AI应用,人工智能
20260112,sh601360,AI应用,人工智能
20260112,sh688787,AI应用,人工智能
20260112,sh603859,航天,商业航天
20260112,sh688031,航天,商业航天
20260112,sz300766,AI应用,人工智能
20260112,sz002605,AI应用,人工智能
20260112,sz300071,AI应用,人工智能
20260112,sh688232,AI应用,人工智能
20260112,sz002659,AI应用,人工智能
20260112,sz300253,AI应用,人工智能
20260112,sz300830,AI应用,人工智能
20260112,sh688095,AI应用,人工智能
20260112,sz002082,AI应用,人工智能
20260112,sz301231,AI应用,人工智能
20260112,sh600783,航天,商业航天
20260112,sz002413,航天,商业航天
20260112,sz002202,航天,商业航天
20260112,sz002519,机器人,人工智能
20260112,sh601698,航天,商业航天
20260112,sh600879,航天,商业航天
20260112,sh600637,航天,商业航天
20260112,sh600776,航天,商业航天
20260112,sz002342,航天,商业航天
20260112,sh600477,航天,商业航天
20260112,sh603017,航天,商业航天
20260112,sz002792,光通信,人工智能
20260112,sz301079,机器人,人工智能
20260112,sz002115,航天,商业航天
20260112,sz002512,航天,商业航天
20260112,sh688387,航天,商业航天
20260112,sz002046,机器人,人工智能
20260112,sz000917,航天,商业航天
20260112,sh603703,航天,商业航天
20260112,sh600498,光通信,人工智能
20260112,sh600877,航天,商业航天
20260112,sz000066,航天,商业航天
20260112,sz002935,航天,商业航天
20260112,sh600118,航天,商业航天
20260112,sz002471,核电,电网
20260112,sh600094,算力,人工智能
20260112,sz300342,航天,商业航天
20260112,sz300711,航天,商业航天
20260112,sh688282,航天,商业航天
20260112,920116BJ,航天,商业航天
20260112,sz002446,航天,商业航天
20260112,sh603278,航天,商业航天
20260112,sz300045,航天,商业航天
20260112,sz301248,航天,商业航天
20260112,sh600552,光伏,电网
20260112,sz300435,航天,商业航天
20260112,920564BJ,航天,商业航天
20260112,sh688568,航天,商业航天
20260112,sh688375,航天,商业航天
20260112,sh688333,航天,商业航天
20260112,sh688119,航天,商业航天
20260112,sz002151,航天,商业航天
20260112,sh601106,核电,电网
20260112,sh603015,核电,电网
20260112,sz002639,核电,电网
20260112,sh601611,核电,电网
20260112,sz000969,核电,电网
20260112,sh601992,核电,电网
20260112,sz002443,核电,电网
20260112,sz001255,核电,电网
20260112,sz002171,核电,电网
20260112,sh600651,核电,电网
20260112,sh600475,光伏,电网
20260112,sh600586,光伏,电网
20260112,sz002574,光伏,电网
20260112,sh603396,光伏,电网
20260112,sh603778,光伏,电网
20260112,sh601615,光伏,电网
20260112,sh600151,光伏,电网
20260112,sz003007,算力,人工智能
20260112,sz000889,AI应用,人工智能
20260112,sh600839,算力,人工智能
20260112,sh603602,算力,人工智能
20260112,sz002931,机器人,人工智能
20260112,sh603305,机器人,人工智能
20260112,sz002523,机器人,人工智能
20260112,sz002600,机器人,人工智能
20260112,sz300520,AI应用,人工智能
20260112,sz002465,航天,商业航天
20260112,sz300409,机器人,人工智能
20260112,sh603696,食品,大消费
20260112,sh603059,食品,大消费
20260112,sh600965,食品,大消费
20260112,sh688325,芯片,半导体
20260112,sh603078,芯片,半导体
20260112,sh603090,液冷,人工智能
20260112,sh603339,液冷,人工智能
20260112,sh600259,有色,大周期
20260112,sz000612,有色,大周期
20260112,sh603488,军工,商业航天
20260112,sz001896,电力,电网
20260112,sz001202,无人机,商业航天
20260112,sh600868,有色,大周期
20260112,sh603698,化工,大周期
20260113,sz002044,AI应用,人工智能
20260113,sz301230,AI应用,人工智能
20260113,sz002219,AI应用,人工智能
20260113,920367BJ,AI应用,人工智能
20260113,sz300404,AI应用,人工智能
20260113,sz301257,AI应用,人工智能
20260113,sz301060,AI应用,人工智能
20260113,sz000710,AI应用,人工智能
20260113,sz301333,AI应用,人工智能
20260113,sz300078,AI应用,人工智能
20260113,sz002589,AI应用,人工智能
20260113,sh605186,AI应用,人工智能
20260113,sz300246,AI应用,人工智能
20260113,sz300267,AI应用,人工智能
20260113,sh603598,AI应用,人工智能
20260113,sz002131,AI应用,人工智能
20260113,sz003007,算力,人工智能
20260113,sz002400,AI应用,人工智能
20260113,sz300063,AI应用,人工智能
20260113,sh603000,AI应用,人工智能
20260113,sz002769,AI应用,人工智能
20260113,sz000785,AI应用,人工智能
20260113,sz000681,AI应用,人工智能
20260113,sh603888,AI应用,人工智能
20260113,sz002607,AI应用,人工智能
20260113,sh600662,AI应用,人工智能
20260113,sz001330,AI应用,人工智能
20260113,sh600783,航天,商业航天
20260113,sh600776,航天,商业航天
20260113,sz002465,航天,商业航天
20260113,sh600477,航天,商业航天
20260113,sz002342,航天,商业航天
20260113,sz002115,航天,商业航天
20260113,sz002865,光伏,电网
20260113,sh600877,航天,商业航天
20260113,sz002112,算力,人工智能
20260113,sh600089,算力,人工智能
20260113,sz002451,电网,电网
20260113,sz001255,化工,大周期
20260113,sh601992,核电,电网
20260113,sh600170,核电,电网
20260113,sz002490,油气,大周期
20260113,sz002207,油气,大周期
20260113,sz002931,机器人,人工智能
20260113,sh603355,机器人,人工智能
20260113,sh603488,军工,商业航天
20260113,sz002574,光伏,电网
20260113,sz002172,养老,大消费
20260113,sh600800,化工,大周期
20260113,sz300842,半导体,半导体
20260113,sz002135,光伏,电网
20260114,sz002131,AI应用,人工智能
20260114,sz003007,算力,人工智能
20260114,sz002400,AI应用,人工智能
20260114,sh600556,AI应用,人工智能
20260114,sh603000,AI应用,人工智能
20260114,sh603888,AI应用,人工智能
20260114,sh600986,AI应用,人工智能
20260114,sz002181,AI应用,人工智能
20260114,sh600662,AI应用,人工智能
20260114,sh688365,AI应用,人工智能
20260114,sz301378,AI应用,人工智能
20260114,sh600588,AI应用,人工智能
20260114,sz301159,AI应用,人工智能
20260114,920021BJ,航天,商业航天
20260114,sz300785,AI应用,人工智能
20260114,sz300792,AI应用,人工智能
20260114,sz002153,AI应用,人工智能
20260114,sz000409,航天,商业航天
20260114,sh605136,AI应用,人工智能
20260114,sz301001,AI应用,人工智能
20260114,sh600133,AI应用,人工智能
20260114,sz301275,AI应用,人工智能
20260114,sh600734,AI应用,人工智能
20260114,sh688479,AI应用,人工智能
20260114,920227BJ,AI应用,人工智能
20260114,sh688080,AI应用,人工智能
20260114,sz002609,AI应用,人工智能
20260114,sz002429,AI应用,人工智能
20260114,sh688292,AI应用,人工智能
20260114,sh603918,AI应用,人工智能
20260114,sz002519,航天,商业航天
20260114,sz002465,航天,商业航天
20260114,sz001400,有色,大周期
20260114,sz002115,航天,商业航天
20260114,sh601992,航天,商业航天
20260114,sz002446,航天,商业航天
20260114,sz002218,光伏,电网
20260114,sh600076,航天,商业航天
20260114,sh603458,航天,商业航天
20260114,sz002201,航天,商业航天
20260114,sh600198,航天,商业航天
20260114,sz301117,航天,商业航天
20260114,sh605222,航天,商业航天
20260114,sz002194,航天,商业航天
20260114,sz300427,航天,商业航天
20260114,920169BJ,航天,商业航天
20260114,sz300758,化工,大周期
20260114,sh603353,半导体,半导体
20260114,sz002290,算力,人工智能
20260114,sh603163,芯片,半导体
20260114,sh603929,芯片,半导体
20260114,sh600589,算力,人工智能
20260114,sh600410,算力,人工智能
20260114,sh603881,算力,人工智能
20260114,sz301396,算力,人工智能
20260114,sh601106,核电,电网
20260114,sz001255,化工,大周期
20260114,sz002478,核电,电网
20260114,sh603280,核电,电网
20260114,sz002044,AI应用,人工智能
20260114,sz002219,AI应用,人工智能
20260114,sz301408,AI应用,人工智能
20260114,sz002264,AI应用,人工智能
20260114,sz002112,算力,人工智能
20260114,sh603829,算力,人工智能
20260114,sz001360,有色,大周期
20260114,sz002716,有色,大周期
20260114,sh603179,机器人,人工智能
20260114,sh603687,机器人,人工智能
20260114,sz002353,油气,大周期
20260114,sz002281,光通信,人工智能
20260114,sh603778,光伏,电网
20260114,sz002574,光伏,电网
20260114,sz001228,化工,大周期
20260114,sz301321,半导体,半导体
20260114,sz002707,旅游,大消费
20260114,sz000591,光伏,电网
20260114,sz000875,电力,电网
20260115,sh600520,半导体,半导体
20260115,sz002787,半导体,半导体
20260115,sh603650,芯片,半导体
20260115,sz002119,半导体,半导体
20260115,sz301348,芯片,半导体
20260115,sh603360,化工,大周期
20260115,sh603938,芯片,半导体
20260115,sz001212,半导体,半导体
20260115,sz301629,半导体,半导体
20260115,sh601208,PCB,半导体
20260115,sh603000,AI应用,人工智能
20260115,sh600662,AI应用,人工智能
20260115,sz000681,AI应用,人工智能
20260115,sh600410,算力,人工智能
20260115,sz300758,AI应用,人工智能
20260115,sz002153,AI应用,人工智能
20260115,sz001255,核电,电网
20260115,sz002545,化工,大周期
20260115,sh600389,化工,大周期
20260115,sh600725,电力,电网
20260115,sz001337,有色,大周期
20260115,sz002114,有色,大周期
20260115,sz002842,有色,大周期
20260115,sz002707,旅游,大消费
20260115,sh603402,旅游,大消费
20260115,sh600593,旅游,大消费
20260115,sz002130,核电,电网
20260115,sh601231,光通信,人工智能
20260115,sz002796,光通信,人工智能
20260115,sz002112,算力,人工智能
20260115,sz002546,电网,电网
20260115,sh600550,电网,电网
20260115,sz002264,AI应用,人工智能
20260115,sz001376,电力,电网
20260115,sh605580,电力,电网
20260115,sz002446,航天,商业航天
20260115,sz002218,光伏,电网
20260115,sh600302,机器人,人工智能
20260116,sz002119,半导体,半导体
20260116,sh603163,芯片,半导体
20260116,sh603929,芯片,半导体
20260116,sh688376,芯片,半导体
20260116,sz301529,半导体,半导体
20260116,sh600584,半导体,半导体
20260116,sz300606,半导体,半导体
20260116,sh688234,半导体,半导体
20260116,sh601133,芯片,半导体
20260116,sz301235,芯片,半导体
20260116,sh603061,半导体,半导体
20260116,sz000620,存储,半导体
20260116,sz002156,半导体,半导体
20260116,sz002208,芯片,半导体
20260116,sz002943,芯片,半导体
20260116,sh600703,光通信,人工智能
20260116,sh688362,半导体,半导体
20260116,sh603283,半导体,半导体
20260116,sh603058,半导体,半导体
20260116,sh603986,存储,半导体
20260116,sh603179,机器人,人工智能
20260116,sz300952,机器人,人工智能
20260116,sz002953,机器人,人工智能
20260116,sz001207,化工,大周期
20260116,sh603638,机器人,人工智能
20260116,sz002196,机器人,人工智能
20260116,sh603626,机器人,人工智能
20260116,sz300780,航天,商业航天
20260116,sh603665,机器人,人工智能
20260116,sh600053,机器人,人工智能
20260116,sz002664,机器人,人工智能
20260116,sh603667,机器人,人工智能
20260116,sz002048,机器人,人工智能
20260116,sz001255,电力,电网
20260116,sz002358,算力,人工智能
20260116,sz002498,电网,电网
20260116,sz000720,电网,电网
20260116,sz300215,电网,电网
20260116,sz002339,电网,电网
20260116,sh601616,电网,电网
20260116,sh601096,电网,电网
20260116,sz002028,电网,电网
20260116,sz002796,光通信,人工智能
20260116,sh603052,光通信,人工智能
20260116,sh600198,航天,商业航天
20260116,sh600266,航天,商业航天
20260116,sh605167,核电,电网
20260119,sz002112,算力,人工智能
20260119,sz002498,电网,电网
20260119,sz002358,算力,人工智能
20260119,sh601616,电网,电网
20260119,sz002339,电网,电网
20260119,sh601096,电网,电网
20260119,sz000720,电网,电网
20260119,sz002028,电网,电网
20260119,sz002546,电网,电网
20260119,sh600550,电网,电网
20260119,sz002606,电网,电网
20260119,sz002270,电网,电网
20260119,sh601700,电网,电网
20260119,sh601179,算力,人工智能
20260119,sh603097,算力,人工智能
20260119,sh600312,电网,电网
20260119,sz300444,电网,电网
20260119,sh600268,电网,电网
20260119,sh603861,算力,人工智能
20260119,sh600089,电网,电网
20260119,sh601126,储能,电网
20260119,920046BJ,算力,人工智能
20260119,sz000400,电网,电网
20260119,sh603667,机器人,人工智能
20260119,sh600302,机器人,人工智能
20260119,sz002931,机器人,人工智能
20260119,sh603286,机器人,人工智能
20260119,sh603239,机器人,人工智能
20260119,sh603926,机器人,人工智能
20260119,sz002021,机器人,人工智能
20260119,sz300279,机器人,人工智能
20260119,sz001278,机器人,人工智能
20260119,sh605488,机器人,人工智能
20260119,sh600114,机器人,人工智能
20260119,sz001331,机器人,人工智能
20260119,sz002258,化工,大周期
20260119,sh600800,化工,大周期
20260119,sz000949,化工,大周期
20260119,sh600230,化工,大周期
20260119,sz002319,化工,大周期
20260119,sz002539,化工,大周期
20260119,sz002201,航天,商业航天
20260119,sz000987,航天,商业航天
20260119,sz002187,航天,商业航天
20260119,sz002985,航天,商业航天
20260119,sh605376,光伏,电网
20260119,sh600537,光伏,电网
20260119,sz300111,光伏,电网
20260119,sz000738,军工,商业航天
20260119,sh600372,军工,商业航天
20260119,sh600893,军工,商业航天
20260119,sh603186,PCB,半导体
20260119,sz002219,AI应用,人工智能
20260119,sz002995,AI应用,人工智能
20260119,sz002558,AI应用,人工智能
20260119,sz000534,军工,商业航天
20260119,sh600593,旅游,大消费
20260119,sh603199,旅游,大消费
20260119,sz001337,有色,大周期
20260119,sz000506,有色,大周期
20260119,sh603061,半导体,半导体
20260119,sh600378,半导体,半导体
20260119,sz001376,电力,电网
20260119,sh600671,医药,大消费
20260119,sh600163,电力,电网
20260119,sz002163,免税,大消费
20260119,sh603115,有色,大周期
20260119,sz002638,半导体,半导体
20260119,sh600382,黑色,大周期
20260120,920471BJ,化工,大周期
20260121,920427BJ,半导体,半导体
20260122,920427BJ,半导体,半导体
20260123,920414BJ,光伏,电网
20260123,920368BJ,光伏,电网
20260206,sz002957,光通信,人工智能
20260206,sh603959,机器人,人工智能
20260206,sh603626,机器人,人工智能
20260206,sh603876,有色,大周期
20260206,sh603663,有色,大周期
20260206,sz002455,化工,大周期
20260206,sz002440,化工,大周期
20260206,sh603823,化工,大周期
20260206,sz002099,化工,大周期
20260206,sh600063,化工,大周期
20260206,sz300912,机器人,人工智能
20260206,sz002921,机器人,人工智能
20260206,sh603667,机器人,人工智能
20260206,sz002009,机器人,人工智能
20260206,sh603331,机器人,人工智能
20260206,sh605488,机器人,人工智能
20260206,sz002112,算力,人工智能
20260206,sz002339,电网,电网
20260206,sz002150,电网,电网
20260206,sz001360,有色,大周期
20260206,sz002842,有色,大周期
20260206,sz000767,电力,电网
20260206,sh603618,PCB,半导体
20260206,sh600345,光通信,人工智能
20260206,sh600759,油气,大周期
20260206,sz002207,油气,大周期
20260206,sh603881,算力,人工智能
20260206,sz002015,算力,人工智能
20260206,sz002830,AI应用,人工智能
20260206,sz002624,AI应用,人工智能
20260206,sz002361,航天,商业航天
20260206,sz002519,航天,商业航天
20260206,sh600814,航天,商业航天
20260206,sz002506,光伏,电网
20260206,sz002345,有色,大周期
20260206,sz301312,光通信,人工智能
20260206,sz002072,煤炭,大周期
20260209,sz002506,光伏,电网
20260209,sh603626,机器人,人工智能
20260209,sz002623,光伏,电网
20260209,sz002129,光伏,电网
20260209,sz002218,光伏,电网
20260209,sh600586,光伏,电网
20260209,sz002323,光伏,电网
20260209,sh600477,光伏,电网
20260209,sz002309,光伏,电网
20260209,sh688025,光伏,电网
20260209,sz002501,光伏,电网
20260209,sz002079,光伏,电网
20260209,sh688503,光伏,电网
20260209,sz301231,AI应用,人工智能
20260209,sz301262,AI应用,人工智能
20260209,sz002429,AI应用,人工智能
20260209,sz000892,AI应用,人工智能
20260209,sh603533,AI应用,人工智能
20260209,sh601595,AI应用,人工智能
20260209,sz300364,AI应用,人工智能
20260209,sz001330,AI应用,人工智能
20260209,sz300182,AI应用,人工智能
20260209,sh603598,AI应用,人工智能
20260209,sz002455,化工,大周期
20260209,sz002440,化工,大周期
20260209,sz002054,化工,大周期
20260209,sz002099,化工,大周期
20260209,sh603980,化工,大周期
20260209,sh603188,化工,大周期
20260209,sh605566,化工,大周期
20260209,sz000525,化工,大周期
20260209,sz001217,化工,大周期
20260209,sz002438,航天,商业航天
20260209,sz002296,航天,商业航天
20260209,sh605598,航天,商业航天
20260209,sz001266,航天,商业航天
20260209,sh603031,航天,商业航天
20260209,sz002471,航天,商业航天
20260209,sz300749,航天,商业航天
20260209,sz301232,航天,商业航天
20260209,sz002015,算力,人工智能
20260209,sh600589,算力,人工智能
20260209,sh600666,算力,人工智能
20260209,sh603629,算力,人工智能
20260209,sz002830,AI应用,人工智能
20260209,sh603466,AI应用,人工智能
20260209,sh688435,AI应用,人工智能
20260209,sz000016,存储,半导体
20260209,sz300480,半导体,半导体
20260209,sh603829,电网,电网
20260209,sz300982,电网,电网
20260209,sh600590,电网,电网
20260209,sh603191,电网,电网
20260209,sh600330,航天,商业航天
20260209,sh601869,光通信,人工智能
20260209,sz300912,机器人,人工智能
20260209,sz000571,煤炭,大周期
20260209,sz001326,机器人,人工智能
20260209,sz002272,液冷,人工智能
20260209,sh600392,有色,大周期
20260209,sz002716,有色,大周期
20260209,sh600185,免税,大消费
20260302,920088BJ,油气,大周期
20260303,920010BJ,天然气,大周期
20260303,920014BJ,天然气,大周期
20260303,920260BJ,天然气,大周期
20260303,920088BJ,油气,大周期
20260303,920158BJ,油气,大周期
20260305,sh603530,电网,电网
20260305,sh603618,电缆,电网
20260305,sz002885,算力,人工智能
20260305,sz300617,算力,人工智能
20260305,sz300880,电网,电网
20260305,sh601096,特高压,电网
20260305,sh605196,电缆,电网
20260305,sh603045,机器人,人工智能
20260305,sh600759,油气,大周期
20260305,sh603318,油气,大周期
20260305,sz002490,油气,大周期
20260305,sz002207,油气,大周期
20260305,sh600871,油气,大周期
20260305,sh688525,存储,半导体
20260305,sh603175,存储,半导体
20260305,sz001309,存储,半导体
20260305,sh603316,存储,半导体
20260305,sh600236,电力,电网
20260305,sh600821,电力,电网
20260305,sz000862,电力,电网
20260305,sh600149,电力,电网
20260305,sz301129,AI应用,人工智能
20260305,sz002178,AI应用,人工智能
20260305,sz001396,机器人,人工智能
20260305,sz002162,养老,大消费
20260305,sz001282,机器人,人工智能
20260305,sh600108,农业,大消费
20260305,sh600313,农业,大消费
20260305,sz002389,无人机,商业航天
20260305,sz002357,无人机,商业航天
20260305,sz301373,化工,大周期
20260305,sz000525,化工,大周期
20260305,sz000890,光通信,人工智能
20260305,sz002167,有色,大周期
20260305,sh688176,医药,大消费
20260305,sz002272,液冷,人工智能
20260306,sz002470,化工,大周期
20260306,sz002165,化工,大周期
20260306,sz000677,军工,商业航天
20260306,sh600470,化工,大周期
20260306,sh600227,化工,大周期
20260306,sh603285,化工,大周期
20260306,sz000545,化工,大周期
20260306,sh600319,化工,大周期
20260306,sz002648,化工,大周期
20260306,sz002637,化工,大周期
20260306,sz000833,化工,大周期
20260306,sh605399,光伏,电网
20260306,sh600075,化工,大周期
20260306,sz000533,核电,电网
20260306,sz002498,电缆,电网
20260306,sz002227,电网,电网
20260306,sz000720,电缆,电网
20260306,sh601616,电网,电网
20260306,sz301638,电网,电网
20260306,sz002063,电网,电网
20260306,sh601868,电力,电网
20260306,sh603063,算力,人工智能
20260306,sz001216,特高压,电网
20260306,sz002843,算力,人工智能
20260306,sh600590,电网,电网
20260306,sh600821,电力,电网
20260306,sz000601,电力,电网
20260306,sz002015,电力,电网
20260306,sh605286,电力,电网
20260306,sh600396,电力,电网
20260306,sz001896,电力,电网
20260306,sz301218,AI应用,人工智能
20260306,sz000815,算力,人工智能
20260306,sz000818,算力,人工智能
20260306,sz002261,算力,人工智能
20260306,sh603158,液冷,人工智能
20260306,sz001400,液冷,人工智能
20260306,sz301265,有色,大周期
20260306,sh600397,有色,大周期
20260306,sz002667,有色,大周期
20260306,sh600108,农业,大消费
20260306,sh600354,农业,大消费
20260306,sh603716,AI应用,人工智能
20260306,sz002506,光伏,电网
20260306,sh603778,光伏,电网
20260306,sh603316,存储,半导体
20260306,sz001696,无人机,商业航天
20260306,sz301205,光通信,人工智能
20260306,sz002849,算力,人工智能
20260306,sh600761,机器人,人工智能
20260310,sz000815,算力,人工智能
20260310,sz002261,算力,人工智能
20260310,sh688158,算力,人工智能
20260310,sh688229,算力,人工智能
20260310,sh600602,算力,人工智能
20260310,sz002730,算力,人工智能
20260310,sz002229,算力,人工智能
20260310,sh688316,算力,人工智能
20260310,sz001339,算力,人工智能
20260310,sz300113,算力,人工智能
20260310,sz000066,算力,人工智能
20260310,sz301396,算力,人工智能
20260310,sz000533,核电,电网
20260310,sh601567,电网,电网
20260310,sz002300,电缆,电网
20260310,sz301179,机器人,人工智能
20260310,sz002112,电网,电网
20260310,sh600268,电网,电网
20260310,sz003035,电网,电网
20260310,sh600821,电力,电网
20260310,sz002015,电力,电网
20260310,sz000601,电力,电网
20260310,sz000862,电力,电网
20260310,sz001258,电力,电网
20260310,sh603165,电力,电网
20260310,sh603138,AI应用,人工智能
20260310,sz301606,AI应用,人工智能
20260310,sz002082,AI应用,人工智能
20260310,sz002930,油气,大周期
20260310,sh601969,油气,大周期
20260310,sh600227,化工,大周期
20260310,sz002068,化工,大周期
20260310,sh601877,储能,电网
20260311,sz000833,化工,大周期
20260311,sz000545,化工,大周期
20260311,sh600075,化工,大周期
20260311,sz002455,化工,大周期
20260311,sh603938,化工,大周期
20260311,sz001207,化工,大周期
20260311,sh600328,化工,大周期
20260311,sz001369,化工,大周期
20260311,sh600989,化工,大周期
20260311,sz002092,化工,大周期
20260311,sh600299,化工,大周期
20260311,sh600409,化工,大周期
20260311,sh600873,化工,大周期
20260311,sz002445,电力,电网
20260311,sh600726,电力,电网
20260311,sh601330,电力,电网
20260311,sh601016,电力,电网
20260311,sz000899,电力,电网
20260311,sh603421,电网,电网
20260311,sh601868,电力,电网
20260311,sh601700,特高压,电网
20260311,sz002782,储能,电网
20260311,sz002150,储能,电网
20260311,sz301658,储能,电网
20260311,sh601858,AI应用,人工智能
20260311,sz300246,AI应用,人工智能
20260311,sh603778,光伏,电网
20260311,sz002733,算力,人工智能
20260311,sh603936,PCB,半导体
20260311,sh603803,光通信,人工智能
20260311,sz300504,光通信,人工智能
20260311,sh603158,液冷,人工智能
20260311,sh600108,农业,大消费
20260311,sz002667,有色,大周期
20260311,sh603353,油气,大周期
20260311,sh603629,算力,人工智能
20260317,sz300042,存储,半导体
20260317,sz000620,存储,半导体
20260317,sh600667,存储,半导体
20260317,sz300606,芯片,半导体
20260317,sh603986,存储,半导体
20260317,sh603175,PCB,半导体
20260317,sz002427,化工,大周期
20260317,sz002278,油气,大周期
20260317,sz002980,光通信,人工智能
20260317,sh603738,光通信,人工智能
20260317,sh603052,光通信,人工智能
20260317,sh605366,化工,大周期
20260317,sz002636,PCB,半导体
20260317,sz002467,AI应用,人工智能
20260317,sz002990,算力,人工智能
20260317,sh603421,半导体,半导体
20260317,sz002310,电力,电网
20260317,sz002426,有色,大周期
20260317,sz000639,食品,大消费
20260317,sz001278,机器人,人工智能
20260317,sh600313,农业,大消费
20260317,sz002995,AI应用,人工智能
20260317,sz300051,光伏,电网
20251031,sh603686,机器人,人工智能
20251031,sz001203,有色,大周期
20251031,sz002759,有色,大周期
20251031,sh603823,有色,大周期
20251031,sz002812,有色,大周期
20251031,sz000559,机器人,人工智能
20251031,sh605133,机器人,人工智能
20251031,sz300071,AI应用,人工智能
20251031,sz002374,饮料,大消费
20251031,sz002522,化工,大周期
20251103,sh603823,化工,大周期
20251103,sz300848,化工,大周期
20251103,sh600308,化工,大周期
20251103,sz002140,化工,大周期
20251103,sh600579,化工,大周期
20251103,sz002099,化工,大周期
20251103,sh603360,化工,大周期
20251103,sh603188,化工,大周期
20251103,sh603169,核电,电网
20251103,sz002255,核电,电网
20251103,sz002266,核电,电网
20251103,sh600444,核电,电网
20251103,sz000777,核电,电网
20251103,sz002611,核电,电网
20251103,sh600759,油气,大周期
20251103,sz000555,AI应用,人工智能
20251103,sh600556,AI应用,人工智能
20251103,sh688435,AI应用,人工智能
20251103,sh600408,煤炭,大周期
20251103,sz002554,油气,大周期
20251103,sh605598,航天,商业航天
20251103,sz000901,航天,商业航天
20251103,sz300455,航天,商业航天
20251103,sz002634,光伏,电网
20251103,sh603778,光伏,电网
20251103,sh600475,光伏,电网
20251103,sz002418,液冷,人工智能
20251103,sh603516,液冷,人工智能
20251103,sz001266,液冷,人工智能
20251103,sz002885,算力,人工智能
20251103,sh605100,算力,人工智能
20251103,sz000620,存储,半导体
20251103,sh600667,存储,半导体
20251103,sz002134,PCB,半导体
20251103,sh605258,PCB,半导体
20251103,sz002163,免税,大消费
20251103,sh605338,食品,大消费
20251103,sz002796,光通信,人工智能
20251103,sh600089,电网,电网
20251104,sz002578,有色,大周期
20251104,sz000993,电力,电网
20251104,sh600163,电力,电网
20251104,sh603169,核电,电网
20251104,sz002255,核电,电网
20251104,sh603616,核电,电网
20251104,sz002639,核电,电网
20251104,sz001255,化工,大周期
20251104,sz002885,电网,电网
20251104,sh603530,电网,电网
20251104,sz300062,电网,电网
20251104,sh603823,化工,大周期
20251104,sh600308,化工,大周期
20251104,sz000620,存储,半导体
20251104,sh600408,煤炭,大周期
20251104,sh600506,储能,电网
20251104,sh603175,PCB,半导体
20251104,sz300591,军工,商业航天
20251104,sh603759,光伏,电网
20251105,sz002885,算力,人工智能
20251105,sz002451,电网,电网
20251105,sz300062,算力,人工智能
20251105,sh603530,电网,电网
20251105,sh600089,电网,电网
20251105,sz000720,电网,电网
20251105,sz002782,算力,人工智能
20251105,sh600550,电网,电网
20251105,sz301361,算力,人工智能
20251105,920299BJ,算力,人工智能
20251105,sz002922,算力,人工智能
20251105,sz002112,算力,人工智能
20251105,sh600885,电网,电网
20251105,sz000533,算力,人工智能
20251105,sh688517,电网,电网
20251105,sz300444,电网,电网
20251105,sh603312,电网,电网
20251105,sh601567,电网,电网
20251105,sz002638,储能,电网
20251105,sz000809,储能,电网
20251105,sz002434,储能,电网
20251105,sz000629,储能,电网
20251105,sz002150,储能,电网
20251105,sh688472,储能,电网
20251105,sh603105,储能,电网
20251105,sz000993,电力,电网
20251105,sh603696,食品,大消费
20251105,sz002300,核电,电网
20251105,sh600759,油气,大周期
20251105,sz000796,旅游,大消费
20251105,sz001255,化工,大周期
20251105,sz002639,核电,电网
20251105,sz002478,核电,电网
20251105,sh600408,煤炭,大周期
20251105,sh601011,煤炭,大周期
20251105,sz000657,PCB,半导体
20251105,sh605060,液冷,人工智能
20251105,sz002163,免税,大消费
20251106,sh603188,化工,大周期
20251106,sh600370,化工,大周期
20251106,sz002170,化工,大周期
20251106,sh600078,化工,大周期
20251106,sz300437,化工,大周期
20251106,sh600096,化工,大周期
20251106,sh605060,液冷,人工智能
20251106,sz000559,机器人,人工智能
20251106,sz001203,有色,大周期
20251106,sz002451,电网,电网
20251106,sh600550,电网,电网
20251106,sz000533,算力,人工智能
20251106,sz002518,算力,人工智能
20251106,sh605196,电网,电网
20251106,sh601179,电网,电网
20251106,sz002578,有色,大周期
20251106,sh600219,有色,大周期
20251106,sz002160,有色,大周期
20251106,sh601600,有色,大周期
20251106,sh688048,芯片,半导体
20251106,sz001267,光通信,人工智能
20251106,sz002988,光通信,人工智能
20251106,sz002384,PCB,半导体
20251106,sz002478,核电,电网
20251106,sh600506,储能,电网
20251106,sh603516,液冷,人工智能
20251106,sz002975,液冷,人工智能
20251106,sh603061,半导体,半导体
20251106,sz001309,存储,半导体
20251106,sz002196,机器人,人工智能
20251106,sh603040,机器人,人工智能
20251106,sz000993,电力,电网
20251106,sz002300,电网,电网
20251106,sh601877,储能,电网
20251107,sh600078,化工,大周期
20251107,sz300437,化工,大周期
20251107,sh600618,化工,大周期
20251107,sh600691,化工,大周期
20251107,sz000912,化工,大周期
20251107,sz002250,化工,大周期
20251107,sz002083,有色,大周期
20251107,sz002805,有色,大周期
20251107,sz002091,有色,大周期
20251107,sz002759,有色,大周期
20251107,sz000545,化工,大周期
20251107,sz002326,液冷,人工智能
20251107,sz002136,化工,大周期
20251107,sz002407,有色,大周期
20251107,sh603169,核电,电网
20251107,sz002658,核电,电网
20251107,sz002119,半导体,半导体
20251107,sh603759,储能,电网
20251107,sz002897,光通信,人工智能
20251107,sh600537,光伏,电网
20251107,sh603185,光伏,电网
20251107,sz002451,电网,电网
20251107,sz002518,算力,人工智能
20251107,sz002927,算力,人工智能
20251107,sz002706,算力,人工智能
20251107,sh603131,航天,商业航天
20251107,sh605598,航天,商业航天
20251107,sz300102,航天,商业航天
20251107,sh603260,光伏,电网
20251107,sz300821,光伏,电网
20251107,sh601969,黑色,大周期
20251107,sz002196,机器人,人工智能
20251107,sh600678,机器人,人工智能
20251110,sh600113,食品,大消费
20251110,sz300997,食品,大消费
20251110,sh601579,食品,大消费
20251110,sz002374,饮料,大消费
20251110,sh603536,食品,大消费
20251110,sh600429,食品,大消费
20251110,sh605338,食品,大消费
20251110,sz002910,食品,大消费
20251110,sh600702,饮料,大消费
20251110,sz000799,饮料,大消费
20251110,sz002083,有色,大周期
20251110,sz002136,化工,大周期
20251110,sz002759,有色,大周期
20251110,sh688353,有色,大周期
20251110,sz002667,有色,大周期
20251110,sz002256,有色,大周期
20251110,sh688148,有色,大周期
20251110,sz000688,有色,大周期
20251110,sz002426,有色,大周期
20251110,sz000993,电力,电网
20251110,sh600103,光通信,人工智能
20251110,sh600067,有色,大周期
20251110,sh603185,光伏,电网
20251110,sz000695,光伏,电网
20251110,sh603778,光伏,电网
20251110,sh603396,光伏,电网
20251110,sh600819,光伏,电网
20251110,sh603938,光伏,电网
20251110,sz002940,医药,大消费
20251110,sh600829,医药,大消费
20251110,sz000788,医药,大消费
20251110,sh688670,医药,大消费
20251110,sz002432,医药,大消费
20251110,sz000620,存储,半导体
20251110,sz002213,存储,半导体
20251110,sh688233,存储,半导体
20251110,sz002654,存储,半导体
20251110,sh601888,免税,大消费
20251110,sh600754,旅游,大消费
20251110,sh600258,旅游,大消费
20251110,sz000949,化工,大周期
20251110,sz000830,化工,大周期
20251110,sh600423,化工,大周期
20251110,sh600078,化工,大周期
20251110,sz300437,化工,大周期
20251110,sh603533,AI应用,人工智能
20251110,sz300959,AI应用,人工智能
20251110,sz002451,电网,电网
20251110,sz000533,核电,电网
20251110,sz002208,芯片,半导体
20251110,sh600678,航天,商业航天
20251110,sh601121,黑色,大周期
20251111,sh603778,光伏,电网
20251111,sh603938,光伏,电网
20251111,sh603396,光伏,电网
20251111,sh600537,光伏,电网
20251111,sz002218,光伏,电网
20251111,sz002309,光伏,电网
20251111,sz300393,光伏,电网
20251111,sz000619,光伏,电网
20251111,sz002506,光伏,电网
20251111,sh600477,光伏,电网
20251111,sh600475,光伏,电网
20251111,sz002196,机器人,人工智能
20251111,sz002204,机器人,人工智能
20251111,sz002691,机器人,人工智能
20251111,sh603683,机器人,人工智能
20251111,sz002676,机器人,人工智能
20251111,sz000008,机器人,人工智能
20251111,sh600681,机器人,人工智能
20251111,sh688585,机器人,人工智能
20251111,sh600429,食品,大消费
20251111,sh600113,食品,大消费
20251111,sz002374,饮料,大消费
20251111,sz300997,食品,大消费
20251111,sh600737,食品,大消费
20251111,sz002286,食品,大消费
20251111,920726BJ,食品,大消费
20251111,sz002083,有色,大周期
20251111,sz000688,有色,大周期
20251111,sz002326,液冷,人工智能
20251111,sz002733,有色,大周期
20251111,sz300082,有色,大周期
20251111,sh603686,机器人,人工智能
20251111,sz300179,油气,大周期
20251111,sh605580,电力,电网
20251111,sh600094,算力,人工智能
20251111,sz002451,电网,电网
20251111,sh601567,电网,电网
20251111,sz300360,电网,电网
20251111,sz002328,储能,电网
20251111,sz002053,储能,电网
20251111,sh600403,煤炭,大周期
20251111,sh600408,煤炭,大周期
20251111,sh600516,核电,电网
20251111,sh688448,液冷,人工智能
20251111,sh688233,存储,半导体
20251111,sh603122,医药,大消费
20251111,sh600829,医药,大消费
20251111,sh600810,化工,大周期
20251111,sz000985,化工,大周期
20251111,sh601061,黑色,大周期
20251111,sz301518,化工,大周期
20251112,sz002691,机器人,人工智能
20251112,sh600681,机器人,人工智能
20251112,sz002256,机器人,人工智能
20251112,sh603665,机器人,人工智能
20251112,sh600376,机器人,人工智能
20251112,sz002578,有色,大周期
20251112,sh600429,食品,大消费
20251112,sz002374,饮料,大消费
20251112,sh600113,食品,大消费
20251112,sh600737,食品,大消费
20251112,sz002083,有色,大周期
20251112,sz002759,有色,大周期
20251112,sz000833,有色,大周期
20251112,sh603026,有色,大周期
20251112,sh603122,医药,大消费
20251112,sh600829,医药,大消费
20251112,sz300937,医药,大消费
20251112,sz002207,油气,大周期
20251112,sz002490,油气,大周期
20251112,sh600871,油气,大周期
20251112,sz001298,存储,半导体
20251112,sz002453,芯片,半导体
20251112,sz002077,封装,半导体
20251112,sh603778,光伏,电网
20251112,sz002309,光伏,电网
20251112,sz000619,光伏,电网
20251112,sh603131,航天,商业航天
20251112,sh605598,航天,商业航天
20251112,sz300903,光通信,人工智能
20251112,sz002451,电网,电网
20251112,sh600654,算力,人工智能
20251112,sh605303,算力,人工智能
20251112,sh600370,化工,大周期
20251112,sh605100,算力,人工智能
20251112,sh600556,AI应用,人工智能
20251113,sz002083,有色,大周期
20251113,sz000688,有色,大周期
20251113,sz002326,液冷,人工智能
20251113,sh688353,有色,大周期
20251113,sh603026,有色,大周期
20251113,sz002426,有色,大周期
20251113,sz300497,有色,大周期
20251113,sh600152,有色,大周期
20251113,sz002192,有色,大周期
20251113,sz003022,光伏,电网
20251113,sz002108,有色,大周期
20251113,sh605378,有色,大周期
20251113,sz002080,PCB,半导体
20251113,sh600711,有色,大周期
20251113,sz001203,有色,大周期
20251113,sz002709,有色,大周期
20251113,sz000973,有色,大周期
20251113,sz300801,有色,大周期
20251113,sz002240,有色,大周期
20251113,sh688602,有色,大周期
20251113,sz002805,有色,大周期
20251113,sh603978,核电,电网
20251113,sz002812,有色,大周期
20251113,sz002497,有色,大周期
20251113,sz301292,有色,大周期
20251113,sz002407,有色,大周期
20251113,sz002756,有色,大周期
20251113,sz002578,有色,大周期
20251113,sz002682,航天,商业航天
20251113,sz000533,储能,电网
20251113,sz002227,储能,电网
20251113,sz300827,储能,电网
20251113,sz002150,储能,电网
20251113,sh688411,储能,电网
20251113,sh603881,液冷,人工智能
20251113,sz000633,核电,电网
20251113,sz000426,有色,大周期
20251113,sh603132,有色,大周期
20251113,sh603316,存储,半导体
20251113,sz002935,存储,半导体
20251113,sh600246,存储,半导体
20251113,sh600807,有色,大周期
20251113,sh603122,医药,大消费
20251113,sh600829,医药,大消费
20251113,sz002864,医药,大消费
20251113,sz001266,液冷,人工智能
20251113,sz002837,液冷,人工智能
20251113,sh603966,机器人,人工智能
20251113,sh600408,煤炭,大周期
20251113,sz002451,电网,电网
20251113,sz000889,算力,人工智能
20251113,sh600105,芯片,半导体
20251113,sh600063,化工,大周期
20251114,sz002083,有色,大周期
20251114,sz002805,有色,大周期
20251114,sh603026,有色,大周期
20251114,sz001203,有色,大周期
20251114,sz000833,有色,大周期
20251114,sz002963,有色,大周期
20251114,sz300584,有色,大周期
20251114,sz002806,有色,大周期
20251114,sz301150,PCB,半导体
20251114,sz002846,有色,大周期
20251114,sz002682,航天,商业航天
20251114,sz300560,算力,人工智能
20251114,sz000547,航天,商业航天
20251114,sh600829,医药,大消费
20251114,sz301017,医药,大消费
20251114,sh600272,医药,大消费
20251114,sz002788,医药,大消费
20251114,sh600408,煤炭,大周期
20251114,sh600403,煤炭,大周期
20251114,sh600157,煤炭,大周期
20251114,sh600792,煤炭,大周期
20251114,sz300086,医药,大消费
20251114,sh600333,天然气,大周期
20251114,sh600617,天然气,大周期
20251114,sz300483,天然气,大周期
20251114,sh603778,光伏,电网
20251114,sh603628,光伏,电网
20251114,sh603366,光伏,电网
20251114,sz002227,储能,电网
20251114,sz001266,液冷,人工智能
20251114,sz000039,储能,电网
20251114,sz000633,核电,电网
20251114,sz000958,核电,电网
20251114,sz001332,核电,电网
20251114,sz002893,电力,电网
20251114,sh600167,电力,电网
20251114,sz002931,机器人,人工智能
20251114,sz001268,机器人,人工智能
20251114,sh603353,油气,大周期
20251114,sz000620,存储,半导体
20251114,sz001216,光通信,人工智能
20251114,sz002250,化工,大周期
20251117,sz002682,航天,商业航天
20251117,sz300560,算力,人工智能
20251117,sz002512,航天,商业航天
20251117,sz002639,核电,电网
20251117,sh600592,机器人,人工智能
20251117,sh688195,光通信,人工智能
20251117,sz002083,有色,大周期
20251117,sz002805,有色,大周期
20251117,sz000688,有色,大周期
20251117,sz002326,液冷,人工智能
20251117,sz001203,有色,大周期
20251117,sz301150,PCB,半导体
20251117,sz002240,有色,大周期
20251117,sz002192,有色,大周期
20251117,sz000973,有色,大周期
20251117,sz002497,有色,大周期
20251117,sz000695,光伏,电网
20251117,sh688005,有色,大周期
20251117,sz000546,有色,大周期
20251117,sz002738,有色,大周期
20251117,sz300390,有色,大周期
20251117,sh605303,算力,人工智能
20251117,sh600410,算力,人工智能
20251117,sz000665,算力,人工智能
20251117,sh600156,机器人,人工智能
20251117,sz003007,算力,人工智能
20251117,sz002298,算力,人工智能
20251117,sh688229,AI应用,人工智能
20251117,sz002990,算力,人工智能
20251117,sh600756,AI应用,人工智能
20251117,sz001229,AI应用,人工智能
20251117,sz300612,AI应用,人工智能
20251117,sh603232,AI应用,人工智能
20251117,sz002474,AI应用,人工智能
20251117,sh601360,AI应用,人工智能
20251117,sz300659,AI应用,人工智能
20251117,sz000547,军工,商业航天
20251117,sh601606,军工,商业航天
20251117,sz300427,军工,商业航天
20251117,sz300589,军工,商业航天
20251117,sh600376,机器人,人工智能
20251117,sh600506,液冷,人工智能
20251117,sh600577,机器人,人工智能
20251117,sz301261,机器人,人工智能
20251117,sh600408,煤炭,大周期
20251117,sh600403,煤炭,大周期
20251117,sz000723,煤炭,大周期
20251117,sz000620,存储,半导体
20251117,sh605178,存储,半导体
20251117,sz002927,算力,人工智能
20251117,sh603829,电网,电网
20251117,sh600829,医药,大消费
20251117,sh603366,光伏,电网
20251117,sh605399,光伏,电网
20251118,sh600756,AI应用,人工智能
20251118,sh603232,AI应用,人工智能
20251118,sz002474,AI应用,人工智能
20251118,sh600410,算力,人工智能
20251118,sz300612,AI应用,人工智能
20251118,sz002153,AI应用,人工智能
20251118,sh605136,AI应用,人工智能
20251118,sz002878,AI应用,人工智能
20251118,sz002877,AI应用,人工智能
20251118,sz300078,AI应用,人工智能
20251118,sz002301,AI应用,人工智能
20251118,sh688365,AI应用,人工智能
20251118,sz300071,AI应用,人工智能
20251118,sz000681,AI应用,人工智能
20251118,sh603353,芯片,半导体
20251118,sh603929,芯片,半导体
20251118,sz002404,芯片,半导体
20251118,sh605255,芯片,半导体
20251118,sh603163,芯片,半导体
20251118,sh688486,芯片,半导体
20251118,sh600376,机器人,人工智能
20251118,sz002029,机器人,人工智能
20251118,sz002691,机器人,人工智能
20251118,sz002682,航天,商业航天
20251118,sz000547,航天,商业航天
20251118,sz000546,有色,大周期
20251118,sz002213,存储,半导体
20251118,sz000407,天然气,大周期
20251118,sz000633,核电,电网
20251118,sh603829,储能,电网
20251118,sz002715,有色,大周期
20251119,sz000546,有色,大周期
20251119,sz000973,有色,大周期
20251119,sz002192,有色,大周期
20251119,sz002213,存储,半导体
20251119,sz000017,有色,大周期
20251119,sz002513,化工,大周期
20251119,sh600618,化工,大周期
20251119,sz300589,军工,商业航天
20251119,sz300123,芯片,半导体
20251119,sh601890,军工,商业航天
20251119,sh600685,军工,商业航天
20251119,sz000547,航天,商业航天
20251119,sh600756,AI应用,人工智能
20251119,sz002474,AI应用,人工智能
20251119,sz002877,AI应用,人工智能
20251119,sz002301,AI应用,人工智能
20251119,sh605136,AI应用,人工智能
20251119,sz000859,化工,大周期
20251119,sz001216,电网,电网
20251119,sz002927,电网,电网
20251119,sh605399,光伏,电网
20251119,sz002255,核电,电网
20251119,sz002059,旅游,大消费
20251119,sh605028,电力,电网
20251120,sz002213,存储,半导体
20251120,sz000017,有色,大周期
20251120,sz300774,有色,大周期
20251120,sz002753,有色,大周期
20251120,sz301092,有色,大周期
20251120,sz002455,有色,大周期
20251120,sz002141,PCB,半导体
20251120,sh603978,核电,电网
20251120,sz002474,AI应用,人工智能
20251120,sh600734,AI应用,人工智能
20251120,sz000547,航天,商业航天
20251120,sz002246,航天,商业航天
20251120,sh600343,军工,商业航天
20251120,sh601208,PCB,半导体
20251120,sz300814,PCB,半导体
20251120,sz002369,机器人,人工智能
20251120,sh600996,算力,人工智能
20251120,sh603803,光通信,人工智能
20251120,sz002877,AI应用,人工智能
20251120,sz000859,化工,大周期
20251121,sz002474,AI应用,人工智能
20251121,sh600734,AI应用,人工智能
20251121,sz000681,AI应用,人工智能
20251121,sz000892,AI应用,人工智能
20251121,sz002811,AI应用,人工智能
20251121,sz002264,AI应用,人工智能
20251121,sz002279,AI应用,人工智能
20251121,sz301171,AI应用,人工智能
20251121,sh600592,机器人,人工智能
20251121,sz000859,化工,大周期
20251121,sz000017,有色,大周期
20251121,sh603829,电网,电网
20251121,sh600996,算力,人工智能
20251124,sh600734,AI应用,人工智能
20251124,sh605136,AI应用,人工智能
20251124,sz002301,AI应用,人工智能
20251124,sz002264,AI应用,人工智能
20251124,sz002279,AI应用,人工智能
20251124,sz000892,AI应用,人工智能
20251124,sz002153,AI应用,人工智能
20251124,sz002093,AI应用,人工智能
20251124,sh603636,AI应用,人工智能
20251124,sz002400,AI应用,人工智能
20251124,sh601360,AI应用,人工智能
20251124,sz000547,航天,商业航天
20251124,sh600343,航天,商业航天
20251124,sz301136,航天,商业航天
20251124,sz002413,存储,半导体
20251124,sh688523,军工,商业航天
20251124,sh605598,航天,商业航天
20251124,sz002977,军工,商业航天
20251124,sh600855,航天,商业航天
20251124,sz003009,航天,商业航天
20251124,sz002046,机器人,人工智能
20251124,sz300589,军工,商业航天
20251124,sh600685,军工,商业航天
20251124,sz300516,军工,商业航天
20251124,sh600764,军工,商业航天
20251124,sh601606,军工,商业航天
20251124,sh605365,芯片,半导体
20251124,sh603106,AI应用,人工智能
20251124,sh688365,AI应用,人工智能
20251124,sh601238,机器人,人工智能
20251124,sz000859,化工,大周期
20251124,sz000505,食品,大消费
20251124,sz002574,光伏,电网
20251124,sh603097,算力,人工智能
20251124,sz002319,光伏,电网
20251124,sz002667,有色,大周期
20251124,sz002795,光伏,电网
20251124,sh603730,机器人,人工智能
20251124,sh603727,油气,大周期
20251125,sz002474,AI应用,人工智能
20251125,sh600734,AI应用,人工智能
20251125,sz002264,AI应用,人工智能
20251125,sz002659,AI应用,人工智能
20251125,sz300192,AI应用,人工智能
20251125,sz002575,AI应用,人工智能
20251125,sz002970,AI应用,人工智能
20251125,sz301638,AI应用,人工智能
20251125,sh600556,AI应用,人工智能
20251125,sz002729,电力,电网
20251125,sz002398,AI应用,人工智能
20251125,sh603803,光通信,人工智能
20251125,sz002222,光通信,人工智能
20251125,sh601869,光通信,人工智能
20251125,sz001267,光通信,人工智能
20251125,sh688048,芯片,半导体
20251125,sz000788,医药,大消费
20251125,sh600343,航天,商业航天
20251125,sz002413,存储,半导体
20251125,sh603155,航天,商业航天
20251125,sz002512,航天,商业航天
20251125,sz002927,算力,人工智能
20251125,sz301117,航天,商业航天
20251125,sz002463,PCB,半导体
20251125,sz002080,PCB,半导体
20251125,sh603186,PCB,半导体
20251125,sh600110,PCB,半导体
20251125,sz000070,算力,人工智能
20251125,sz002975,算力,人工智能
20251125,sh688205,算力,人工智能
20251125,sz300620,算力,人工智能
20251125,sh603052,光通信,人工智能
20251125,sz002759,有色,大周期
20251125,sh603130,机器人,人工智能
20251125,sz002931,机器人,人工智能
20251125,sz000678,军工,商业航天
20251125,sz002114,有色,大周期
20251125,sz000510,化工,大周期
20251125,sh600301,有色,大周期
20251125,sh603232,AI应用,人工智能
20251125,sz000892,AI应用,人工智能
20251125,sz002558,AI应用,人工智能
20251125,sz000620,存储,半导体
20251125,sh603906,有色,大周期
20251125,sh603823,化工,大周期
20251125,sz001299,天然气,大周期
20251125,sz002638,AI应用,人工智能
20251125,sz300437,化工,大周期
20251125,sz003008,电网,电网
20251126,sz000892,AI应用,人工智能
20251126,sz002153,AI应用,人工智能
20251126,sz301159,AI应用,人工智能
20251126,sz002178,AI应用,人工智能
20251126,sh600337,AI应用,人工智能
20251126,sz301001,AI应用,人工智能
20251126,sz000785,AI应用,人工智能
20251126,sz002291,AI应用,人工智能
20251126,sh600252,医药,大消费
20251126,sh600734,AI应用,人工智能
20251126,sz002264,AI应用,人工智能
20251126,sz002398,AI应用,人工智能
20251126,sz002702,食品,大消费
20251126,sz000788,医药,大消费
20251126,sz301408,AI应用,人工智能
20251126,sh600829,医药,大消费
20251126,sz000411,医药,大消费
20251126,sz002589,医药,大消费
20251126,sz002413,存储,半导体
20251126,sz002512,航天,商业航天
20251126,sh603017,航天,商业航天
20251126,sh600246,航天,商业航天
20251126,sz301040,航天,商业航天
20251126,sz000070,算力,人工智能
20251126,sh688048,芯片,半导体
20251126,sh600105,芯片,半导体
20251126,sh600103,光通信,人工智能
20251126,sz002114,有色,大周期
20251126,sz000510,化工,大周期
20251126,sh600868,有色,大周期
20251126,sh605255,算力,人工智能
20251126,sh688110,存储,半导体
20251126,sz002249,机器人,人工智能
20251126,sh600835,机器人,人工智能
20251126,sz000523,食品,大消费
20251126,sh603906,有色,大周期
20251126,sz002638,半导体,半导体
20251126,sh688699,芯片,半导体
20251126,sh600618,化工,大周期
20251126,sz002800,无人机,商业航天
20251126,sh600955,化工,大周期
20251127,sh603933,存储,半导体
20251127,sh603773,有色,大周期
20251127,sz002825,半导体,半导体
20251127,sh688733,封装,半导体
20251127,sh603353,半导体,半导体
20251127,sh603212,光伏,电网
20251127,sh603010,半导体,半导体
20251127,sh603026,有色,大周期
20251127,sh600152,有色,大周期
20251127,sz301292,有色,大周期
20251127,sz002083,有色,大周期
20251127,sh600246,航天,商业航天
20251127,sz003009,航天,商业航天
20251127,sh600877,航天,商业航天
20251127,sz002792,光通信,人工智能
20251127,sh688033,航天,商业航天
20251127,sh605366,光伏,电网
20251127,sh605399,光伏,电网
20251127,sz300509,机器人,人工智能
20251127,sh601100,机器人,人工智能
20251127,sz002702,食品,大消费
20251127,sz000510,化工,大周期
20251127,sz002811,AI应用,人工智能
20251127,sh603113,化工,大周期
20251128,sz002413,存储,半导体
20251128,sz002792,航天,商业航天
20251128,sz002565,算力,人工智能
20251128,sh600678,航天,商业航天
20251128,sz300102,算力,人工智能
20251128,sz002544,PCB,半导体
20251128,sh600151,航天,商业航天
20251128,sz002519,航天,商业航天
20251128,sz000547,航天,商业航天
20251128,sh603712,航天,商业航天
20251128,sh688523,航天,商业航天
20251128,sz002702,食品,大消费
20251128,sh603636,AI应用,人工智能
20251128,sh603778,有色,大周期
20251128,sz002976,有色,大周期
20251128,sz001203,有色,大周期
20251128,sz002805,有色,大周期
20251128,sz000695,有色,大周期
20251128,sz000678,军工,商业航天
20251128,sh603758,机器人,人工智能
20251128,sz002903,机器人,人工智能
20251128,sh601238,机器人,人工智能
20251128,sh605133,机器人,人工智能
20251128,sz002150,储能,电网
20251128,sz002090,储能,电网
20251128,sz002922,储能,电网
20251128,sh603353,半导体,半导体
20251128,sh603933,机器人,人工智能
20251128,sh600981,芯片,半导体
20251128,sz002983,算力,人工智能
20251128,sz002277,机器人,人工智能
20251128,sz000545,化工,大周期
20251128,sz002136,化工,大周期
20251128,sh600337,AI应用,人工智能
20251128,sh600868,有色,大周期
20251128,sz002795,光伏,电网
20251128,sz000633,核电,电网
20251128,sh603878,黑色,大周期
20251128,sh600730,AI应用,人工智能
20251128,sh605303,算力,人工智能
20251128,sh688244,AI应用,人工智能
20251031,sh603185,有色,大周期
20251031,sz002181,有色,大周期
20251031,sh603629,有色,大周期
20251031,sh603929,有色,大周期
20251031,sh603697,有色,大周期
20251031,sh603903,有色,大周期
20251031,sz000826,有色,大周期
20251031,sh601019,有色,大周期
20251031,sh600067,有色,大周期
20251031,sh603489,有色,大周期
20251031,sh603755,有色,大周期
20251031,sh601360,有色,大周期
20251031,sz002636,有色,大周期
20251031,sh600666,有色,大周期
20251031,sh600654,有色,大周期
20251031,sh688095,有色,大周期
20251031,sh600326,有色,大周期
20251031,sh603876,有色,大周期
20251031,sh600469,有色,大周期
20251031,sh603190,有色,大周期
20251031,sh600439,有色,大周期
20251031,sh600635,有色,大周期
20251031,sh600513,有色,大周期
20251031,sh688336,有色,大周期
20251031,sz002940,有色,大周期
20251031,sz002370,有色,大周期
20251031,sz300204,有色,大周期
20251031,sz002317,有色,大周期
20251031,sz002653,有色,大周期
20251031,sz000592,有色,大周期
20251031,sz002790,有色,大周期
20251031,sz300300,有色,大周期
20251031,sz002679,有色,大周期
20251031,sz301231,有色,大周期
20251031,sz001330,有色,大周期
20251031,sz000892,有色,大周期
20251031,sz000572,有色,大周期
20251031,sz000955,有色,大周期
20251031,sz003036,有色,大周期
20251031,sz002713,有色,大周期
20251031,sz000638,有色,大周期
20251031,sz000609,有色,大周期
20251031,sz002305,有色,大周期
20251031,sz002047,有色,大周期
20251031,sh600735,有色,大周期
20251031,sh603828,有色,大周期
20251031,sz002808,有色,大周期
20251031,sh600624,有色,大周期
20251031,sz002789,有色,大周期
20251031,sh603021,有色,大周期
20251031,sz002231,有色,大周期
20251031,sz000736,有色,大周期
20251031,sz000820,有色,大周期
20251031,sh600599,有色,大周期
20251031,sz002485,有色,大周期
20251031,sz000608,有色,大周期
20251031,sz000691,有色,大周期
20251031,sz000504,有色,大周期
20251031,sh605178,有色,大周期
20251031,sh603122,有色,大周期
20251031,sz002787,有色,大周期
20251031,sh603955,有色,大周期
20251031,sz301122,有色,大周期
20251031,sh603159,有色,大周期
20251031,sz000700,有色,大周期
20251031,sh603001,有色,大周期
20251103,sz300402,有色,大周期
20251103,sz000572,有色,大周期
20251103,sz000955,有色,大周期
20251103,sz000735,有色,大周期
20251103,sz002912,有色,大周期
20251103,sz002181,有色,大周期
20251103,sz000892,有色,大周期
20251103,sh601929,有色,大周期
20251103,sz000838,有色,大周期
20251103,sz000592,有色,大周期
20251103,sz000632,有色,大周期
20251103,sh605365,有色,大周期
20251103,sh603929,有色,大周期
20251103,sh603629,有色,大周期
20251103,sz002370,有色,大周期
20251103,sz002713,有色,大周期
20251103,sz000638,有色,大周期
20251103,sz000609,有色,大周期
20251103,sz002047,有色,大周期
20251103,sh600735,有色,大周期
20251103,sh603021,有色,大周期
20251103,sh600624,有色,大周期
20251103,sz002789,有色,大周期
20251103,sz000691,有色,大周期
20251103,sz000736,有色,大周期
20251103,sz002231,有色,大周期
20251103,sz002485,有色,大周期
20251103,sh600599,有色,大周期
20251103,sh603398,有色,大周期
20251103,sz002076,有色,大周期
20251103,sh600265,有色,大周期
20251103,sz002005,有色,大周期
20251103,sh600608,有色,大周期
20251103,sz002581,有色,大周期
20251103,sh600228,有色,大周期
20251103,sz002602,有色,大周期
20251103,sz300344,有色,大周期
20251103,sh603268,有色,大周期
20251103,sz000004,有色,大周期
20251103,sh603122,有色,大周期
20251103,sh603014,有色,大周期
20251103,sz002555,有色,大周期
20251103,sz002431,有色,大周期
20251103,sh600681,有色,大周期
20251103,sz002492,有色,大周期
20251103,sz002772,有色,大周期
20251103,sh600637,有色,大周期
20251103,sh603030,有色,大周期
20251103,sz000973,有色,大周期
20251103,sh601512,有色,大周期
20251103,sh603163,有色,大周期
20251104,sz000592,有色,大周期
20251104,sh603686,有色,大周期
20251104,sz002679,有色,大周期
20251104,sh600067,有色,大周期
20251104,sh600815,有色,大周期
20251104,sz000753,有色,大周期
20251104,sh600802,有色,大周期
20251104,sz002512,有色,大周期
20251104,sz301136,有色,大周期
20251104,sz000797,有色,大周期
20251104,sh603817,有色,大周期
20251104,sh603668,有色,大周期
20251104,sz002752,有色,大周期
20251104,sz300402,有色,大周期
20251104,sh601929,有色,大周期
20251104,sh600593,有色,大周期
20251104,sz002451,有色,大周期
20251104,sh600622,有色,大周期
20251104,sz002713,有色,大周期
20251104,sz000609,有色,大周期
20251104,sz002047,有色,大周期
20251104,sh603021,有色,大周期
20251104,sz000736,有色,大周期
20251104,sz002485,有色,大周期
20251104,sh600608,有色,大周期
20251104,sh603268,有色,大周期
20251104,sz000608,有色,大周期
20251104,sh600165,有色,大周期
20251104,sz000793,有色,大周期
20251104,sz002289,有色,大周期
20251104,sz002592,有色,大周期
20251104,sh603389,有色,大周期
20251104,sh600289,有色,大周期
20251104,sz002496,有色,大周期
20251104,sh603557,有色,大周期
20251104,sh603122,有色,大周期
20251104,sz002181,有色,大周期
20251104,sz000593,有色,大周期
20251104,sz000572,有色,大周期
20251104,sh603067,有色,大周期
20251104,sh603014,有色,大周期
20251104,sz002248,有色,大周期
20251104,sh605188,有色,大周期
20251104,sh605138,有色,大周期
20251104,sz002333,有色,大周期
20251104,sh603863,有色,大周期
20251104,sh603052,有色,大周期
20251104,sh600302,有色,大周期
20251105,920299.BJ,算力,人工智能
20251105,sh603759,有色,大周期
20251105,sz000592,有色,大周期
20251105,sh600815,有色,大周期
20251105,sz000753,有色,大周期
20251105,sh600734,有色,大周期
20251105,sh600693,有色,大周期
20251105,sz000572,有色,大周期
20251105,sz002320,有色,大周期
20251105,sz002805,有色,大周期
20251105,sz002591,有色,大周期
20251105,sh603906,有色,大周期
20251105,sz002125,有色,大周期
20251105,sz002255,有色,大周期
20251105,sz000620,有色,大周期
20251105,sz002431,有色,大周期
20251105,sz002636,有色,大周期
20251105,sh601929,有色,大周期
20251105,sh600977,有色,大周期
20251105,sz002713,有色,大周期
20251105,sz000609,有色,大周期
20251105,sz002047,有色,大周期
20251105,sh603021,有色,大周期
20251105,sz000736,有色,大周期
20251105,sz002485,有色,大周期
20251105,sz002076,有色,大周期
20251105,sh603557,有色,大周期
20251105,sh603389,有色,大周期
20251105,sz000820,有色,大周期
20251105,sz000430,有色,大周期
20251105,sh605199,有色,大周期
20251105,sh603838,有色,大周期
20251105,sh605081,有色,大周期
20251105,sh603261,有色,大周期
20251105,sz002306,有色,大周期
20251105,sh603122,有色,大周期
20251105,sz002333,有色,大周期
20251105,sh600302,有色,大周期
20251105,sz301024,有色,大周期
20251105,sz000755,有色,大周期
20251105,sh605255,有色,大周期
20251105,sh600756,有色,大周期
20251105,sh603008,有色,大周期
20251105,sz300669,有色,大周期
20251105,sh603079,有色,大周期
20251105,sz001209,有色,大周期
20251106,sz002562,有色,大周期
20251106,sh603225,有色,大周期
20251106,sh600218,有色,大周期
20251106,sz300775,有色,大周期
20251106,sz000534,有色,大周期
20251106,sh603109,有色,大周期
20251106,sh600391,有色,大周期
20251106,sh605123,有色,大周期
20251106,sh603067,有色,大周期
20251106,sz002591,有色,大周期
20251106,sh603052,有色,大周期
20251106,sz002083,有色,大周期
20251106,sh688353,有色,大周期
20251106,sz002255,有色,大周期
20251106,sz000922,有色,大周期
20251106,sh603978,有色,大周期
20251106,sh603931,有色,大周期
20251106,sz000838,有色,大周期
20251106,sh600939,有色,大周期
20251106,sz000514,有色,大周期
20251106,sz000338,有色,大周期
20251106,sz002713,有色,大周期
20251106,sz000609,有色,大周期
20251106,sz002047,有色,大周期
20251106,sz000736,有色,大周期
20251106,sz002485,有色,大周期
20251106,sh603557,有色,大周期
20251106,sz000820,有色,大周期
20251106,sz002122,有色,大周期
20251106,sz002816,有色,大周期
20251106,sz002868,有色,大周期
20251106,sh603122,有色,大周期
20251106,sz001209,有色,大周期
20251106,sh601015,有色,大周期
20251106,sz002851,有色,大周期
20251106,sh603232,有色,大周期
20251106,sz000700,有色,大周期
20251106,sh600966,有色,大周期
20251107,sz002522,有色,大周期
20251107,sh600610,有色,大周期
20251107,sz002255,有色,大周期
20251107,sh603978,有色,大周期
20251107,sz000803,有色,大周期
20251107,sz300072,有色,大周期
20251107,sh688196,有色,大周期
20251107,sz000753,有色,大周期
20251107,sz000632,有色,大周期
20251107,sh603663,有色,大周期
20251107,sz000572,有色,大周期
20251107,sz002915,有色,大周期
20251107,sz002768,有色,大周期
20251107,sh600939,有色,大周期
20251107,sz000514,有色,大周期
20251107,sz002713,有色,大周期
20251107,sz000609,有色,大周期
20251107,sz002485,有色,大周期
20251107,sz000608,有色,大周期
20251107,sz002868,有色,大周期
20251107,sz002306,有色,大周期
20251107,sh603828,有色,大周期
20251107,sz002058,有色,大周期
20251107,sh603398,有色,大周期
20251107,sh603813,有色,大周期
20251107,sh603122,有色,大周期
20251107,sz001209,有色,大周期
20251107,sz002950,有色,大周期
20251107,sh600292,有色,大周期
20251107,sh600179,有色,大周期
20251119,sz000798,有色,大周期
20251119,sh600097,有色,大周期
20251119,sz002086,有色,大周期
20251119,sh600467,有色,大周期
20251119,sz300094,有色,大周期
20251119,sh600257,有色,大周期
20251119,sz002069,有色,大周期
20251119,sz002696,有色,大周期
20251119,sh603668,有色,大周期
20251119,sz301118,有色,大周期
20251119,sz000635,有色,大周期
20251119,sh601566,有色,大周期
20251119,sz000663,有色,大周期
20251119,sz002228,有色,大周期
20251119,sz002321,有色,大周期
20251119,sz001390,有色,大周期
20251119,sz301116,有色,大周期
20251119,sz002612,有色,大周期
20251119,sz301256,有色,大周期
20251119,sh603778,有色,大周期
20251119,sh603212,有色,大周期
20251119,sz000609,有色,大周期
20251119,sz000908,有色,大周期
20251119,sh603398,有色,大周期
20251119,sz002485,有色,大周期
20251119,sz002713,有色,大周期
20251119,sz002122,有色,大周期
20251119,sh603268,有色,大周期
20251119,sz002289,有色,大周期
20251119,sz300379,有色,大周期
20251119,sh600200,有色,大周期
20251119,sz003041,有色,大周期
20251119,sz002208,有色,大周期
20251119,sh600319,有色,大周期
20251119,sh600280,有色,大周期
20251119,sh603877,有色,大周期
20251119,sh601279,有色,大周期
20251119,sh603216,有色,大周期
20251119,sh605339,有色,大周期
20251119,sh603129,有色,大周期
20251120,sh601566,有色,大周期
20251120,sz000663,有色,大周期
20251120,sz002235,有色,大周期
20251120,sh600826,有色,大周期
20251120,sh600191,有色,大周期
20251120,sh600881,有色,大周期
20251120,sh600635,有色,大周期
20251120,sz000536,有色,大周期
20251120,sz000609,有色,大周期
20251120,sh603398,有色,大周期
20251120,sh603813,有色,大周期
20251120,sz300379,有色,大周期
20251120,sh600200,有色,大周期
20251120,sh600107,有色,大周期
20251120,sz300391,有色,大周期
20251120,sh603559,有色,大周期
20251120,sz000798,有色,大周期
20251120,sh601279,有色,大周期
20251120,sz000566,有色,大周期
20251120,sh603216,有色,大周期
20251120,sz001390,有色,大周期
20251120,sz002836,有色,大周期
20251120,sz002205,有色,大周期
20251120,sz002331,有色,大周期
20251120,sh603657,有色,大周期
20251120,sz002175,有色,大周期
20251120,sz000838,有色,大周期
20251120,sh603898,有色,大周期
20251120,sh603122,有色,大周期
20251121,sz000798,有色,大周期
20251121,sz002069,有色,大周期
20251121,sz000838,有色,大周期
20251121,sz002285,有色,大周期
20251121,sh603280,有色,大周期
20251121,sh603398,有色,大周期
20251121,sh600200,有色,大周期
20251121,sz000638,有色,大周期
20251121,sh603559,有色,大周期
20251121,sh600421,有色,大周期
20251121,sz001216,有色,大周期
20251121,sh603216,有色,大周期
20251121,sh603898,有色,大周期
20251121,sh605339,有色,大周期
20251121,sh688227,有色,大周期
20251121,sz002084,有色,大周期
20251121,sz000070,有色,大周期
20251121,sh688622,有色,大周期
20251121,sz002307,有色,大周期
20251121,sz001296,有色,大周期
20251124,sz000663,有色,大周期
20251124,sh603280,有色,大周期
20251124,sz002228,有色,大周期
20251124,sh600686,有色,大周期
20251124,sh601116,有色,大周期
20251124,sh603881,有色,大周期
20251124,sh603778,有色,大周期
20251124,sz002348,有色,大周期
20251124,sz001296,有色,大周期
20251124,sh688291,有色,大周期
20251124,sz000798,有色,大周期
20251124,sh600097,有色,大周期
20251124,sh603163,有色,大周期
20251124,sz002900,有色,大周期
20251124,sz000952,有色,大周期
20251124,sz002285,有色,大周期
20251124,sh600622,有色,大周期
20251124,sz000070,有色,大周期
20251124,sh600200,有色,大周期
20251124,sz000638,有色,大周期
20251124,sh600735,有色,大周期
20251124,sz002822,有色,大周期
20251124,sz002742,有色,大周期
20251124,sz002762,有色,大周期
20251124,sz000736,有色,大周期
20251124,sh600599,有色,大周期
20251124,sh603825,有色,大周期
20251124,sh600265,有色,大周期
20251124,sh603021,有色,大周期
20251124,sz002197,有色,大周期
20251124,sh600568,有色,大周期
20251124,sh603216,有色,大周期
20251124,sh688227,有色,大周期
20251124,sz002307,有色,大周期
20251124,sz003018,有色,大周期
20251124,sh600629,有色,大周期
20251124,sh600645,有色,大周期
20251124,sz002356,有色,大周期
20251124,sh603291,有色,大周期
20251124,sz002919,有色,大周期
20251125,sz002752,有色,大周期
20251125,sh600033,有色,大周期
20251125,sz002098,有色,大周期
20251125,sz000701,有色,大周期
20251125,sh600802,有色,大周期
20251125,sz000797,有色,大周期
20251125,sh600105,有色,大周期
20251125,sz000566,有色,大周期
20251125,sz000952,有色,大周期
20251125,sz002728,有色,大周期
20251125,sh688670,有色,大周期
20251125,sz000756,有色,大周期
20251125,sh603256,有色,大周期
20251125,sh603778,有色,大周期
20251125,sz000973,有色,大周期
20251125,sh600635,有色,大周期
20251125,sh688622,有色,大周期
20251125,sz000609,有色,大周期
20251125,sh603813,有色,大周期
20251125,sh600200,有色,大周期
20251125,sz000638,有色,大周期
20251125,sz002822,有色,大周期
20251125,sh600568,有色,大周期
20251125,sz002762,有色,大周期
20251125,sh600599,有色,大周期
20251125,sz002197,有色,大周期
20251125,sz002868,有色,大周期
20251125,sz002485,有色,大周期
20251125,sz002305,有色,大周期
20251125,sz002199,有色,大周期
20251125,sz000691,有色,大周期
20251125,sz000668,有色,大周期
20251125,sz002789,有色,大周期
20251125,sh603007,有色,大周期
20251125,sz002388,有色,大周期
20251125,sh603216,有色,大周期
20251125,sz001296,有色,大周期
20251125,sh688227,有色,大周期
20251125,sz003018,有色,大周期
20251125,sh603421,有色,大周期
20251125,sh600237,有色,大周期
20251125,sh600828,有色,大周期
20251125,sh605255,有色,大周期
20251125,sh600516,有色,大周期
20251125,sz002596,有色,大周期
20251125,sz002856,有色,大周期
20251127,sh603931,有色,大周期
20251127,sz300545,有色,大周期
20251127,sz300490,有色,大周期
20251127,sh688560,有色,大周期
20251127,sz002769,有色,大周期
20251127,sz002632,有色,大周期
20251127,sh600203,有色,大周期
20251127,sh688260,有色,大周期
20251127,sz002888,有色,大周期
20251127,sh603626,有色,大周期
20251127,sz000952,有色,大周期
20251127,sz000078,有色,大周期
20251127,sz301111,有色,大周期
20251127,sz002728,有色,大周期
20251127,sz002960,有色,大周期
20251127,sh600654,有色,大周期
20251127,sz002235,有色,大周期
20251127,sh600828,有色,大周期
20251127,sz002187,有色,大周期
20251127,sz000638,有色,大周期
20251127,sz000691,有色,大周期
20251127,sh600735,有色,大周期
20251127,sh600193,有色,大周期
20251127,sh600892,有色,大周期
20251127,sz000004,有色,大周期
20251127,sh603789,有色,大周期
20251127,sz000669,有色,大周期
20251127,sh605081,有色,大周期
20251127,sh600243,有色,大周期
20251127,sh603778,有色,大周期
20251127,sz003018,有色,大周期
20251127,sz001387,有色,大周期
20251127,sz002856,有色,大周期
20251127,sz002495,有色,大周期
20251127,sz002636,有色,大周期
20251127,sz002548,有色,大周期
20251127,sz301043,有色,大周期
20251127,sh600191,有色,大周期
20251127,sh600657,有色,大周期
20251128,sh600802,有色,大周期
20251128,sh600815,有色,大周期
20251128,sh603909,有色,大周期
20251128,sh605086,有色,大周期
20251128,sz000753,有色,大周期
20251128,sz000592,有色,大周期
20251128,sz002632,有色,大周期
20251128,sz002952,有色,大周期
20251128,sh600828,有色,大周期
20251128,sh601010,有色,大周期
20251128,sz001318,有色,大周期
20251128,sz002732,有色,大周期
20251128,sz000078,有色,大周期
20251128,sh600721,有色,大周期
20251128,sh603999,有色,大周期
20251128,sz000691,有色,大周期
20251128,sh600568,有色,大周期
20251128,sz000669,有色,大周期
20251128,sh600193,有色,大周期
20251128,sz000004,有色,大周期
20251128,sz002305,有色,大周期
20251128,sz000668,有色,大周期
20251128,sz000697,有色,大周期
20251128,sh603557,有色,大周期
20251128,sh603268,有色,大周期
20251128,sz000972,有色,大周期
20251128,sh603216,有色,大周期
20251128,sz003018,有色,大周期
20251128,sz002596,有色,大周期
20251128,sh600227,有色,大周期
20251128,sz002353,有色,大周期
20251128,sz301183,有色,大周期
20251128,sh603815,有色,大周期
20251128,sh600234,有色,大周期
20251128,sh600319,有色,大周期
20251128,sz002307,有色,大周期
20251128,sh600977,有色,大周期
20251128,sh603657,有色,大周期
20251128,sz002285,有色,大周期
20251128,sh600939,有色,大周期
20251201,sz002983,有色,大周期
20251201,sz002888,有色,大周期
20251201,sh688260,有色,大周期
20251201,sh603068,有色,大周期
20251201,sz002862,有色,大周期
20251201,sz300903,有色,大周期
20251201,sz301567,有色,大周期
20251201,sz002881,有色,大周期
20251201,sh603327,有色,大周期
20251201,sz000049,有色,大周期
20251201,sz000829,有色,大周期
20251201,sz000063,有色,大周期
20251201,sz300638,有色,大周期
20251201,sz002938,有色,大周期
20251201,sz000727,有色,大周期
20251201,sz002981,有色,大周期
20251201,920701.BJ,有色,大周期
20251201,sz300223,有色,大周期
20251201,sh603778,有色,大周期
20251201,sz002632,有色,大周期
20251201,sz002108,有色,大周期
20251201,sz002806,有色,大周期
20251201,sz301256,有色,大周期
20251201,sh603928,有色,大周期
20251201,sz000888,有色,大周期
20251201,sh600734,有色,大周期
20251201,sz000691,有色,大周期
20251201,sh600568,有色,大周期
20251201,sz000004,有色,大周期
20251201,sh603557,有色,大周期
20251201,sh603268,有色,大周期
20251201,sh605081,有色,大周期
20251201,sh600289,有色,大周期
20251201,sh603828,有色,大周期
20251201,sz002848,有色,大周期
20251201,sh603559,有色,大周期
20251201,sz002789,有色,大周期
20251201,sz001270,有色,大周期
20251201,sz003018,有色,大周期
20251201,sz000078,有色,大周期
20251201,sh600977,有色,大周期
20251201,sz001318,有色,大周期
20251201,sz002976,有色,大周期
20251201,sz002353,有色,大周期
20251201,sz301148,有色,大周期
20251201,sz002611,有色,大周期
20251201,sz002778,有色,大周期
20251201,sz001234,有色,大周期
20251201,sz002563,有色,大周期
20251201,sz000036,有色,大周期
20251201,sz003003,有色,大周期
20251201,sz002356,有色,大周期
20251201,sz000007,有色,大周期
20251202,sz000592,有色,大周期
20251202,sh600033,有色,大周期
20251202,sz002285,有色,大周期
20251202,sh600724,有色,大周期
20251202,sh600340,有色,大周期
20251202,sh605108,有色,大周期
20251202,sh603696,有色,大周期
20251202,sh603536,有色,大周期
20251202,sz002632,有色,大周期
20251202,sh603327,有色,大周期
20251202,sz300269,有色,大周期
20251202,sh603163,有色,大周期
20251202,sh603898,有色,大周期
20251202,sz000572,有色,大周期
20251202,sz000735,有色,大周期
20251202,sz000691,有色,大周期
20251202,sh603557,有色,大周期
20251202,sh600289,有色,大周期
20251202,sh600381,有色,大周期
20251202,sh603389,有色,大周期
20251202,sh600365,有色,大周期
20251202,sz000609,有色,大周期
20251202,sz003018,有色,大周期
20251202,sh603216,有色,大周期
20251202,sz000078,有色,大周期
20251202,sh600828,有色,大周期
20251202,sz002976,有色,大周期
20251202,sz301148,有色,大周期
20251202,sz002348,有色,大周期
20251202,sz002686,有色,大周期
20251202,sz003011,有色,大周期
20251202,sh600408,有色,大周期
20251202,sz000593,有色,大周期
20251202,sh601500,有色,大周期
20251202,sz301191,有色,大周期
20251202,sz000703,有色,大周期
20251204,sz300250,有色,大周期
20251204,sh603696,有色,大周期
20251204,sh605299,有色,大周期
20251204,sz002107,有色,大周期
20251204,sz002620,有色,大周期
20251204,sz002348,有色,大周期
20251204,sz000692,有色,大周期
20251204,sz001211,有色,大周期
20251204,sz002830,有色,大周期
20251204,sh603709,有色,大周期
20251204,sh600509,有色,大周期
20251204,sz002585,有色,大周期
20251204,sz002575,有色,大周期
20251204,sh600217,有色,大周期
20251208,sh600734,有色,大周期
20251208,sh603696,有色,大周期
20251208,sh605299,有色,大周期
20251208,sz002961,有色,大周期
20251208,sz002679,有色,大周期
20251208,sz002752,有色,大周期
20251208,sh600693,有色,大周期
20251208,sz000905,有色,大周期
20251208,sz002222,有色,大周期
20251208,sz002029,有色,大周期
20251208,sh600493,有色,大周期
20251208,sh600897,有色,大周期
20251208,sh601933,有色,大周期
20251208,sz000701,有色,大周期
20251208,sz301486,有色,大周期
20251208,sh600973,有色,大周期
20251208,sh605168,有色,大周期
20251208,sh603256,有色,大周期
20251208,sz001270,有色,大周期
20251208,sh600696,有色,大周期
20251208,sz002789,有色,大周期
20251208,sz002713,有色,大周期
20251208,sz002585,有色,大周期
20251208,sz001360,有色,大周期
20251208,sz002235,有色,大周期
20251208,sz000020,有色,大周期
20251208,sz300290,有色,大周期
20251208,sh603023,有色,大周期
20251208,sz002853,有色,大周期
20251208,sh601231,有色,大周期
20251209,sh603696,有色,大周期
20251209,sh605299,有色,大周期
20251209,sz002752,有色,大周期
20251209,sh600693,有色,大周期
20251209,sz000905,有色,大周期
20251209,sz002235,有色,大周期
20251209,sh600897,有色,大周期
20251209,sz003016,有色,大周期
20251209,sh600573,有色,大周期
20251209,sh601933,有色,大周期
20251209,sh600250,有色,大周期
20251209,sh600828,有色,大周期
20251209,sh600280,有色,大周期
20251209,sh601828,有色,大周期
20251209,sh688205,有色,大周期
20251209,sz002445,有色,大周期
20251209,sh603879,有色,大周期
20251209,sh603373,有色,大周期
20251209,sh600696,有色,大周期
20251209,sh603023,有色,大周期
20251209,sz002105,有色,大周期
20251209,sz002301,有色,大周期
20251209,sh601279,有色,大周期
20251209,sz002339,有色,大周期
20251209,sz000953,有色,大周期
20251209,sh600058,有色,大周期
20251211,920576.BJ,核电,电网
20251211,sh600693,有色,大周期
20251211,sh600250,有色,大周期
20251211,sh600865,有色,大周期
20251211,sh605358,有色,大周期
20251211,sh603929,有色,大周期
20251211,sz000950,有色,大周期
20251211,sz001270,有色,大周期
20251211,sh600165,有色,大周期
20251211,sh600421,有色,大周期
20251211,sz000908,有色,大周期
20251211,sz002235,有色,大周期
20251211,sh603709,有色,大周期
20251211,sh600936,有色,大周期
20251211,920407.BJ,有色,大周期
20251211,sz002157,有色,大周期
20251217,sh603123,有色,大周期
20251217,sz300551,有色,大周期
20251217,sh600865,有色,大周期
20251217,sh601366,有色,大周期
20251217,sz001317,有色,大周期
20251217,sz002703,有色,大周期
20251217,sz001270,有色,大周期
20251217,sh600165,有色,大周期
20251217,sz002717,有色,大周期
20251217,sz002581,有色,大周期
20251217,sh603389,有色,大周期
20251217,sh600228,有色,大周期
20251217,sh603021,有色,大周期
20251217,sh600079,有色,大周期
20251217,sz002853,有色,大周期
20251217,sz002969,有色,大周期
20251217,sz002910,有色,大周期
20251217,sh600234,有色,大周期
20251217,sh601231,有色,大周期
20251217,sz002545,有色,大周期
20251217,sz002198,有色,大周期
20251217,sh600725,有色,大周期
20251217,sz003005,有色,大周期
20251218,920885.BJ,航天,商业航天
20251218,sh600865,有色,大周期
20251218,sh600280,有色,大周期
20251218,sh601366,有色,大周期
20251218,sh600838,有色,大周期
20251218,sh600824,有色,大周期
20251218,sh600628,有色,大周期
20251218,sz002103,有色,大周期
20251218,sz300640,有色,大周期
20251218,sz002614,有色,大周期
20251218,sz002329,有色,大周期
20251218,sz002910,有色,大周期
20251218,sz002772,有色,大周期
20251218,sh600191,有色,大周期
20251218,sh601566,有色,大周期
20251218,sz000797,有色,大周期
20251218,sz002703,有色,大周期
20251218,sh603023,有色,大周期
20251218,sz002355,有色,大周期
20251218,sh603221,有色,大周期
20251218,sh605318,有色,大周期
20251218,sz001270,有色,大周期
20251218,sh600165,有色,大周期
20251218,sh603389,有色,大周期
20251218,sz002581,有色,大周期
20251218,sz000609,有色,大周期
20251218,sz000638,有色,大周期
20251218,sh600608,有色,大周期
20251218,sz002808,有色,大周期
20251218,sh600599,有色,大周期
20251218,sz002058,有色,大周期
20251218,sh603517,有色,大周期
20251218,sh600107,有色,大周期
20251218,sz002853,有色,大周期
20251218,sz002969,有色,大周期
20251218,sz300710,有色,大周期
20251218,sh601198,有色,大周期
20251218,sz002338,有色,大周期
20251218,sh600137,有色,大周期
20251218,sh600439,有色,大周期
20251218,920407.BJ,有色,大周期
20251218,sh603022,有色,大周期
20251230,sz002931,有色,大周期
20251230,sh600376,有色,大周期
20251230,920270.BJ,机器人,人工智能
20251230,sh605069,有色,大周期
20251230,sz002757,有色,大周期
20251230,sz300840,有色,大周期
20251230,sz300291,有色,大周期
20251230,sz002905,有色,大周期
20251230,sh603458,有色,大周期
20251230,sz000981,有色,大周期
20251230,sz002177,有色,大周期
20251230,sh600271,有色,大周期
20251230,sh605086,有色,大周期
20251230,sh600552,有色,大周期
20251230,sh603389,有色,大周期
20251230,sh603843,有色,大周期
20251230,sz002592,有色,大周期
20251230,sz002168,有色,大周期
20251230,sz002713,有色,大周期
20251230,sh603007,有色,大周期
20251230,sz000430,有色,大周期
20251230,sz002485,有色,大周期
20251230,sz002822,有色,大周期
20251230,sh600107,有色,大周期
20251230,sz002816,有色,大周期
20251230,sh605081,有色,大周期
20251230,sz002969,有色,大周期
20251230,sh605255,有色,大周期
20251230,sh603192,有色,大周期
20251230,sh600682,有色,大周期
20251230,sh603722,有色,大周期
20251230,sh603608,有色,大周期
20251230,sh605003,有色,大周期
20251230,sz001299,有色,大周期
20260206,sh600884,有色,大周期
20260206,sz002759,有色,大周期
20260206,sz002812,有色,大周期
20260206,sh600722,有色,大周期
20260206,sh600230,有色,大周期
20260206,sh600987,有色,大周期
20260206,sz002728,有色,大周期
20260206,sz002412,有色,大周期
20260206,sz000056,有色,大周期
20260206,sz000711,有色,大周期
20260206,sz000609,有色,大周期
20260206,sz002630,有色,大周期
20260206,sh600381,有色,大周期
20260206,sz000820,有色,大周期
20260206,sh603580,有色,大周期
20260206,sh603616,有色,大周期
20260206,sz003018,有色,大周期
20260206,sz300461,有色,大周期
20260206,sz002634,有色,大周期
20260206,sz002054,有色,大周期
20260206,sh600686,有色,大周期
20260206,sz002772,有色,大周期
20260206,sh603607,有色,大周期
20260206,sh603138,有色,大周期
20260209,sz002534,有色,大周期
20260209,sh603103,有色,大周期
20260209,sz002624,有色,大周期
20260209,sh605287,有色,大周期
20260209,sh600722,有色,大周期
20260209,sh605060,有色,大周期
20260209,sh603308,有色,大周期
20260209,sh600875,有色,大周期
20260209,sh600841,有色,大周期
20260209,sh601360,有色,大周期
20260209,sh603163,有色,大周期
20260209,sh603929,有色,大周期
20260209,sh600172,有色,大周期
20260209,sz000711,有色,大周期
20260209,sz000821,有色,大周期
20260209,sz000609,有色,大周期
20260209,sz002630,有色,大周期
20260209,sh603021,有色,大周期
20260209,sh600381,有色,大周期
20260209,sz000820,有色,大周期
20260209,sz002485,有色,大周期
20260209,sh600243,有色,大周期
20260209,sh600238,有色,大周期
20260209,sz002822,有色,大周期
20260209,sz002689,有色,大周期
20260209,sz002717,有色,大周期
20260209,sh603616,有色,大周期
20260209,sh600683,有色,大周期
20260209,sz003018,有色,大周期
20260209,sh600884,有色,大周期
20260209,sz000014,有色,大周期
20260209,sh603729,有色,大周期
20260209,sh603301,有色,大周期
20260209,sh600751,有色,大周期
20260306,sh600722,有色,大周期
20260306,sz002809,有色,大周期
20260306,sh601567,有色,大周期
20260306,sh603097,有色,大周期
20260306,sz002448,有色,大周期
20260306,sz002478,有色,大周期
20260306,sh600482,有色,大周期
20260306,sz000534,有色,大周期
20260306,sz301032,有色,大周期
20260306,sh605268,有色,大周期
20260306,sh600545,有色,大周期
20260306,sh603269,有色,大周期
20260306,sh688176,有色,大周期
20260306,sh600645,有色,大周期
20260306,sz000516,有色,大周期
20260306,sz002913,有色,大周期
20260306,sz000509,有色,大周期
20260306,sh603838,有色,大周期
20260306,sz000908,有色,大周期
20260306,sz002713,有色,大周期
20260306,sh603813,有色,大周期
20260306,sz002731,有色,大周期
20260306,sz002528,有色,大周期
20260306,sz000638,有色,大周期
20260306,sz000752,有色,大周期
20260306,sz002496,有色,大周期
20260306,sh600193,有色,大周期
20260306,sz000488,有色,大周期
20260306,sz002717,有色,大周期
20260306,sh603021,有色,大周期
20260306,sz000609,有色,大周期
20260306,sz003023,有色,大周期
20260306,sh600676,有色,大周期
20260306,sh600825,有色,大周期
20260306,sz002961,有色,大周期
20260306,sh601789,有色,大周期
20260306,sz001326,有色,大周期
20260306,sh603880,有色,大周期
20260311,sh600722,有色,大周期
20260311,sz000537,有色,大周期
20260311,sh605117,有色,大周期
20260311,sz000839,有色,大周期
20260311,sz002175,有色,大周期
20260311,sz002248,有色,大周期
20260311,sh603757,有色,大周期
20260311,sh603773,有色,大周期
20260311,sz000711,有色,大周期
20260311,sh600753,有色,大周期
20260311,sz002528,有色,大周期
20260311,sz000908,有色,大周期
20260311,sz000004,有色,大周期
20260311,sh600599,有色,大周期
20260311,sz000669,有色,大周期
20260311,sz000609,有色,大周期
20260311,sh603843,有色,大周期
20260311,sz002656,有色,大周期
20260311,sz000608,有色,大周期
20260311,sh600696,有色,大周期
20260311,sh600608,有色,大周期
20260311,sh600355,有色,大周期
20260311,sh601789,有色,大周期
20260311,sh600769,有色,大周期
20260311,sh600172,有色,大周期
20260311,sh600433,有色,大周期
20260311,sz002177,有色,大周期
20260311,sz002432,有色,大周期
20260311,sz002831,有色,大周期
20260311,sz000626,有色,大周期
20260311,sz000062,有色,大周期
20260318,sz002445,电力,电网
20260318,sh600396,电力,电网
20260318,sz000539,有色,大周期
20260318,sz000601,有色,大周期
20260318,sz000037,电力,电网
20260318,sh605286,电力,电网
20260318,sh603316,存储,半导体
20260318,sz001287,存储,半导体
20260318,sz300302,存储,半导体
20260318,sz003018,有色,大周期
20260318,sh603912,液冷,人工智能
20260318,sh603757,液冷,人工智能
20260318,sh603088,机器人,人工智能
20260318,sz002913,PCB,半导体
20260318,sh605058,PCB,半导体
20260318,sz001389,PCB,半导体
20260318,sh603897,电网,电网
20260318,sz002339,电网,电网
20260318,sh600468,电网,电网
20260318,sh600666,算力,人工智能
20260318,sz000815,有色,大周期
20260318,sz002565,算力,人工智能
20260318,sh603601,航天,商业航天
20260318,sz002323,光伏,电网
20260318,sh603098,光伏,电网
20260318,sh600370,有色,大周期
20260318,sz000990,化工,大周期
20260318,sh603687,有色,大周期
20260318,sz000908,有色,大周期
20260318,sh600599,有色,大周期
20260318,sh600381,有色,大周期
20260318,sz002693,有色,大周期
20260318,sz002808,有色,大周期
20260318,sh603789,有色,大周期
20260318,sz002731,有色,大周期
20260318,sz001270,有色,大周期
20260318,sh603803,光通信,人工智能
20260318,sz000020,有色,大周期
20260318,sh600307,黑色,大周期
20260318,sh603387,有色,大周期
20260318,sh603168,有色,大周期
20260318,sh603489,有色,大周期
20260318,sz000048,有色,大周期
20260318,sz002667,有色,大周期
20260318,sz301428,有色,大周期
20260318,sh600513,有色,大周期
20260319,sh600666,算力,人工智能
20260319,sz000815,算力,人工智能
20260319,sh600186,算力,人工智能
20260319,sh603629,算力,人工智能
20260319,sh600996,算力,人工智能
20260319,sz300895,算力,人工智能
20260319,sh600396,电力,电网
20260319,sz000601,有色,大周期
20260319,sz000539,有色,大周期
20260319,sh600979,有色,大周期
20260319,sz001258,电力,电网
20260319,sz002109,有色,大周期
20260319,sh601015,化工,大周期
20260319,sz000908,有色,大周期
20260319,sh600599,有色,大周期
20260319,sh603843,有色,大周期
20260319,sh600381,有色,大周期
20260319,sh603580,有色,大周期
20260319,sh603813,有色,大周期
20260319,sz000020,有色,大周期
20260319,sh603687,有色,大周期
20260319,sh601218,有色,大周期
20260319,sh603366,有色,大周期
20260319,sh605389,有色,大周期
20260320,sh600726,电力,电网
20260320,sh600396,电力,电网
20260320,sz000601,有色,大周期
20260320,sz002310,电力,电网
20260320,sz002256,电力,电网
20260320,sz000862,电力,电网
20260320,sh603165,电力,电网
20260320,sh600310,电力,电网
20260320,sz002150,储能,电网
20260320,sz301658,储能,电网
20260320,sh603381,储能,电网
20260320,sz001283,储能,电网
20260320,sz300827,储能,电网
20260320,sh603778,光伏,电网
20260320,sz002309,光伏,电网
20260320,sh605299,有色,大周期
20260320,sh605099,有色,大周期
20260320,sz002428,有色,大周期
20260320,sz000908,有色,大周期
20260320,sh603843,有色,大周期
20260320,sz000669,有色,大周期
20260320,sh600381,有色,大周期
20260320,sh603580,有色,大周期
20260320,sh603813,有色,大周期
20260320,sh603398,有色,大周期
20260320,sh600608,有色,大周期
20260320,sh600696,有色,大周期
20260320,sz000638,有色,大周期
20260320,sh600355,有色,大周期
20260320,sz000020,有色,大周期
20260320,sh600683,有色,大周期
20260320,sh603687,算力,人工智能
20260320,sh600617,天然气,大周期
20260320,sz000677,有色,大周期
20260320,sz000509,有色,大周期
20260320,sh603026,有色,大周期
20260320,sh600604,有色,大周期
20260320,sh603538,有色,大周期
20260320,sh605050,机器人,人工智能
20260323,sh600396,电缆,电网
20260323,sz002310,电力,电网
20260323,sz001258,电力,电网
20260323,sh600758,煤炭,大周期
20260323,sh600149,电力,电网
20260323,sh600032,电力,电网
20260323,sh603105,电力,电网
20260323,sh600844,化工,大周期
20260323,sh600792,化工,大周期
20260323,sh603616,化工,大周期
20260323,sz000703,化工,大周期
20260323,sh600376,有色,大周期
20260323,sh600143,机器人,人工智能
20260323,sz002896,机器人,人工智能
20260323,sh603272,机器人,人工智能
20260323,sz002309,光伏,电网
20260323,sz002218,光伏,电网
20260323,sz300345,光伏,电网
20260323,sh603529,有色,大周期
20260323,sh603787,有色,大周期
20260323,sz002150,储能,电网
20260323,sh603016,电网,电网
20260323,sz000908,有色,大周期
20260323,sh603843,有色,大周期
20260323,sz000638,有色,大周期
20260323,sh600355,有色,大周期
20260323,sh600696,有色,大周期
20260323,sh600608,有色,大周期
20260323,sh600107,有色,大周期
20260323,sz002620,有色,大周期
20260323,sh600136,有色,大周期
20260323,sh603377,有色,大周期
20260323,sh603803,光通信,人工智能
20260323,sh603687,算力,人工智能
20260323,sz002565,算力,人工智能
20260323,sz300385,有色,大周期
20260323,sh603727,油气,大周期
20260323,sz300868,有色,大周期
20260324,sh600396,电力,电网
20260324,sz000601,有色,大周期
20260324,sz000539,有色,大周期
20260324,sh600758,煤炭,大周期
20260324,sh600032,电力,电网
20260324,sh603165,电力,电网
20260324,sz000722,电力,电网
20260324,sz002445,电力,电网
20260324,sz300335,电力,电网
20260324,sz000065,电力,电网
20260324,sh600744,电力,电网
20260324,sh600821,有色,大周期
20260324,sh600982,电力,电网
20260324,sh601016,电力,电网
20260324,sh600868,电力,电网
20260324,sz300497,有色,大周期
20260324,sz002192,有色,大周期
20260324,sh603937,有色,大周期
20260324,sh603527,有色,大周期
20260324,sz002631,有色,大周期
20260324,sz002083,有色,大周期
20260324,sh600773,有色,大周期
20260324,sz000688,有色,大周期
20260324,sz001203,有色,大周期
20260324,sz000720,电缆,电网
20260324,sz002350,电网,电网
20260324,sh688551,有色,大周期
20260324,sh603421,半导体,半导体
20260324,sz002498,电缆,电网
20260324,sh605196,电网,电网
20260324,sz002316,电网,电网
20260324,sh600192,电网,电网
20260324,sz002309,光伏,电网
20260324,sz002218,光伏,电网
20260324,sh603759,有色,大周期
20260324,sz002323,光伏,电网
20260324,sh600537,光伏,电网
20260324,sh605366,光伏,电网
20260324,sz002428,有色,大周期
20260324,sz002491,光通信,人工智能
20260324,sz002222,光通信,人工智能
20260324,sh601869,光通信,人工智能
20260324,sh600184,光通信,人工智能
20260324,sz000677,军工,商业航天
20260324,sh601606,军工,商业航天
20260324,sh600698,军工,商业航天
20260324,sz002265,军工,商业航天
20260324,sz002519,军工,商业航天
20260324,sh600137,有色,大周期
20260324,sh600527,有色,大周期
20260324,sh603808,有色,大周期
20260324,sh600510,有色,大周期
20260324,sh603929,有色,大周期
20260324,sz301226,储能,电网
20260324,sz002685,算力,人工智能
20260324,sh600076,半导体,半导体
20260324,sh601226,光伏,电网
20260324,sh600475,光伏,电网
20260324,sz000811,液冷,人工智能
20260324,sh600666,算力,人工智能
20260324,sh600186,算力,人工智能
20260324,sz002771,算力,人工智能
20260324,sh601975,有色,大周期
20260324,sh600026,有色,大周期
20260324,sh605299,有色,大周期
20260324,sz002887,有色,大周期
20260324,sz000035,有色,大周期
20260324,sz002663,有色,大周期
20260324,sh603017,航天,商业航天
20260324,sh600234,有色,大周期
20260324,sh601858,AI应用,人工智能
20260324,sz002082,AI应用,人工智能
20260324,sh603538,有色,大周期
20260324,sz002636,PCB,半导体
20260324,sh605056,储能,电网
20260324,sz002645,机器人,人工智能
20260324,sh603843,有色,大周期
20260324,sz000638,有色,大周期
20260324,sh600355,有色,大周期
20260324,sh600608,有色,大周期
20260324,sh603398,有色,大周期
20260324,sz002620,有色,大周期
20260324,sh600107,有色,大周期
20260324,sz002528,有色,大周期
20260324,sz002789,有色,大周期
20260324,sz002211,有色,大周期
20260324,sz002005,有色,大周期
20260324,sz002512,有色,大周期
20260324,sz000608,有色,大周期
20260324,sz002199,有色,大周期
20260324,sz002289,有色,大周期
20260324,sz003004,有色,大周期
20260324,sz000668,有色,大周期
20260324,sz300385,有色,大周期
20260324,sz000509,有色,大周期
20260324,sh600539,有色,大周期
20260324,sz002795,有色,大周期
20260324,sh603115,有色,大周期
20260324,sz000415,算力,人工智能
20260324,sh603922,有色,大周期
20260325,sh603929,有色,大周期
20260325,sz000859,航天,商业航天
20260325,sh603938,有色,大周期
20260325,sh603163,有色,大周期
20260325,sh601133,有色,大周期
20260325,sh600396,电力,电网
20260325,sz000601,有色,大周期
20260325,sz000539,有色,大周期
20260325,sh600758,煤炭,大周期
20260325,sz000722,电力,电网
20260325,sz002479,电力,电网
20260325,sh600163,电力,电网
20260325,sh600666,算力,人工智能
20260325,sz000889,算力,人工智能
20260325,sz002467,算力,人工智能
20260325,sh600589,算力,人工智能
20260325,sz002491,光通信,人工智能
20260325,sz000070,光通信,人工智能
20260325,sh603618,电网,电网
20260325,sh603843,有色,大周期
20260325,sz002789,有色,大周期
20260325,sh600355,有色,大周期
20260325,sz000638,有色,大周期
20260325,sz002620,有色,大周期
20260325,sz002528,有色,大周期
20260325,sz002199,有色,大周期
20260325,sh603429,有色,大周期
20260325,sz000909,有色,大周期
20260325,sz000609,有色,大周期
20260325,sh603828,有色,大周期
20260325,sz002902,有色,大周期
20260325,sz001400,有色,大周期
20260325,sz000720,有色,大周期
20260325,sh603538,有色,大周期
20260325,sz301419,有色,大周期
20260325,sh600539,有色,大周期
20260325,sh603052,有色,大周期
20260325,sh603175,有色,大周期
20260325,sh605366,有色,大周期
20260325,sh603808,有色,大周期
20260325,sh601016,有色,大周期
20260325,sh605299,有色,大周期
20260325,sz002192,有色,大周期
20260325,sh603601,航天,商业航天
20260325,sz000639,有色,大周期
20260326,sh600726,电力,电网
20260326,sz000722,电力,电网
20260326,sh600163,电力,电网
20260326,sz000767,电力,电网
20260326,sz000692,电力,电网
20260326,sh600310,电力,电网
20260326,sz000037,电力,电网
20260326,sz002192,有色,大周期
20260326,sh603937,有色,大周期
20260326,sh601515,有色,大周期
20260326,sz002263,有色,大周期
20260326,sh603026,有色,大周期
20260326,sh603538,有色,大周期
20260326,sz002082,AI应用,人工智能
20260326,sz001367,有色,大周期
20260326,sh600682,有色,大周期
20260326,sh603520,医药,大消费
20260326,sh603601,航天,商业航天
20260326,sz002471,机器人,人工智能
20260326,sz002361,航天,商业航天
20260326,sz002149,航天,商业航天
20260326,sh600800,化工,大周期
20260326,sh600844,化工,大周期
20260326,sh603217,光伏,电网
20260326,sz002109,化工,大周期
20260326,sz000720,光通信,人工智能
20260326,sz002692,电网,电网
20260326,sz002782,储能,电网
20260326,sh603272,机器人,人工智能
20260326,sh605555,机器人,人工智能
20260326,sh600207,光伏,电网
20260326,sh601908,光伏,电网
20260326,sz000908,有色,大周期
20260326,sh603843,有色,大周期
20260326,sz002620,有色,大周期
20260326,sz002199,有色,大周期
20260326,sh600136,有色,大周期
20260326,sh600107,有色,大周期
20260326,sh603429,有色,大周期
20260326,sz002630,有色,大周期
20260326,sz002808,有色,大周期
20260326,sz000669,有色,大周期
20260326,sz002569,有色,大周期
20260326,sz001270,有色,大周期
20260326,sh603687,算力,人工智能
20260326,sz002902,光通信,人工智能
20260326,sz000927,有色,大周期
20260326,sz003018,液冷,人工智能
20260326,sz000965,有色,大周期
20260326,sz000968,有色,大周期
20260326,sz002705,有色,大周期
20260327,sz002192,有色,大周期
20260327,sh603026,有色,大周期
20260327,sz002263,有色,大周期
20260327,sz000695,储能,电网
20260327,sz002176,机器人,人工智能
20260327,sh603978,航天,商业航天
20260327,sz000546,有色,大周期
20260327,sz002240,有色,大周期
20260327,sh600110,PCB,半导体
20260327,sz002756,有色,大周期
20260327,sh600955,化工,大周期
20260327,sz002386,化工,大周期
20260327,sz000155,有色,大周期
20260327,sz301292,有色,大周期
20260327,sh603399,有色,大周期
20260327,sz002460,有色,大周期
20260327,sz002068,有色,大周期
20260327,sh600338,有色,大周期
20260327,sh603538,有色,大周期
20260327,sz002082,AI应用,人工智能
20260327,sz002038,有色,大周期
20260327,sh600513,有色,大周期
20260327,sh603387,有色,大周期
20260327,sh600488,医药,大消费
20260327,sz002773,有色,大周期
20260327,sh603127,有色,大周期
20260327,sz002755,有色,大周期
20260327,sz002294,有色,大周期
20260327,sh688068,AI应用,人工智能
20260327,sz300204,有色,大周期
20260327,sz002432,有色,大周期
20260327,sh600844,化工,大周期
20260327,sh603585,化工,大周期
20260327,sz002470,化工,大周期
20260327,sh600727,化工,大周期
20260327,sz002455,有色,大周期
20260327,sz000822,有色,大周期
20260327,sh600227,化工,大周期
20260327,sz000553,化工,大周期
20260327,sz003042,化工,大周期
20260327,sh600470,化工,大周期
20260327,sz002445,电力,电网
20260327,sh600982,电力,电网
20260327,sh600310,电力,电网
20260327,sz000767,电力,电网
20260327,sz002310,电力,电网
20260327,sz001896,有色,大周期
20260327,sz002428,有色,大周期
20260327,sh603618,电网,电网
20260327,sz000890,光通信,人工智能
20260327,sh603738,光通信,人工智能
20260327,sh605388,有色,大周期
20260327,sh603076,有色,大周期
20260327,sz300858,食品,大消费
20260327,sh600666,算力,人工智能
20260327,sh600996,算力,人工智能
20260327,sz002042,算力,人工智能
20260327,sz002842,有色,大周期
20260327,sh603132,有色,大周期
20260327,sh603324,有色,大周期
20260327,sh603002,PCB,半导体
20260327,sz002265,军工,商业航天
20260327,sz002526,无人机,商业航天
20260327,sz000720,光通信,人工智能
20260327,sh600268,电网,电网
20260327,sh603090,液冷,人工智能
20260327,sz002272,液冷,人工智能
20260327,sz002361,航天,商业航天
20260327,sz000908,有色,大周期
20260327,sz002620,有色,大周期
20260327,sz002199,有色,大周期
20260327,sz000638,有色,大周期
20260327,sh603429,有色,大周期
20260327,sz002569,有色,大周期
20260327,sh605081,有色,大周期
20260327,sz002024,有色,大周期
20260327,sh600599,有色,大周期
20260327,sz002731,有色,大周期
20260327,sz000615,有色,大周期
20260327,sz002305,有色,大周期
20260327,sz000903,有色,大周期
20260327,sz000488,有色,大周期
20260327,sz002122,有色,大周期
20260327,sh605299,有色,大周期
20260327,sh600539,有色,大周期
20260327,sh603115,有色,大周期
20260327,sz002995,AI应用,人工智能
20260327,sh600769,有色,大周期
20260327,sh603248,有色,大周期
20260327,sz001313,有色,大周期
20260327,sz002328,储能,电网
20260327,sz300461,有色,大周期
20260327,sh600748,有色,大周期
20260330,sh603538,有色,大周期
20260330,sz002038,有色,大周期
20260330,sh600488,有色,大周期
20260330,sh600513,有色,大周期
20260330,sz002432,有色,大周期
20260330,sz002675,有色,大周期
20260330,sz002370,有色,大周期
20260330,sh688677,有色,大周期
20260330,sh603716,AI应用,人工智能
20260330,sh603122,医药,大消费
20260330,sz002578,有色,大周期
20260330,sz002160,有色,大周期
20260330,sz002532,有色,大周期
20260330,sh601068,有色,大周期
20260330,sz002501,有色,大周期
20260330,sh601388,有色,大周期
20260330,sh600219,有色,大周期
20260330,sz002361,航天,商业航天
20260330,sh603601,航天,商业航天
20260330,sz001400,有色,大周期
20260330,sh600343,军工,商业航天
20260330,sh603017,航天,商业航天
20260330,sh605222,航天,商业航天
20260330,sz300900,航天,商业航天
20260330,sz002309,光伏,电网
20260330,sh603618,电网,电网
20260330,sh601869,光通信,人工智能
20260330,sz000890,光通信,人工智能
20260330,sh600345,有色,大周期
20260330,sh600487,光通信,人工智能
20260330,sh603272,机器人,人工智能
20260330,sz000008,机器人,人工智能
20260330,sh603897,机器人,人工智能
20260330,sz000048,机器人,人工智能
20260330,sh603239,机器人,人工智能
20260330,sz003042,化工,大周期
20260330,sh603585,化工,大周期
20260330,sz002810,化工,大周期
20260330,sz002850,机器人,人工智能
20260330,sh600135,光伏,电网
20260330,sh603778,光伏,电网
20260330,sh600127,有色,大周期
20260330,sh600359,农业,大消费
20260330,sz002980,光通信,人工智能
20260330,sz002222,光通信,人工智能
20260330,sz000592,有色,大周期
20260330,sz000753,电力,电网
20260330,sh600996,算力,人工智能
20260330,sh600602,有色,大周期
20260330,sz000908,有色,大周期
20260330,sz002620,有色,大周期
20260330,sz002024,有色,大周期
20260330,sz001270,有色,大周期
20260330,sz002808,有色,大周期
20260330,sz002713,有色,大周期
20260330,sh603261,有色,大周期
20260330,sz002424,有色,大周期
20260330,sz000668,有色,大周期
20260330,sz000972,有色,大周期
20260330,sh603838,有色,大周期
20260330,sh603580,有色,大周期
20260330,sh600381,有色,大周期
20260330,sz002168,有色,大周期
20260330,sh600539,有色,大周期
20260330,sh600502,有色,大周期
20260330,sz301008,有色,大周期
20260330,sz002686,有色,大周期
20260330,sh688693,有色,大周期
20260330,sh603016,电网,电网
20260330,sz003036,机器人,人工智能
20260330,sz300385,有色,大周期
20260330,sh603256,有色,大周期
20260330,sh603061,半导体,半导体
20260330,sz002634,光伏,电网
20260330,sh600724,有色,大周期
20260330,sh603358,有色,大周期
20260331,sz000927,无人机,商业航天
20260331,sz000008,机器人,人工智能
20260331,sz301048,有色,大周期
20260331,sh600528,有色,大周期
20260331,sh600495,有色,大周期
20260331,sz002082,AI应用,人工智能
20260331,sh600488,有色,大周期
20260331,sz002821,有色,大周期
20260331,sh605116,有色,大周期
20260331,sz002788,医药,大消费
20260331,sz002361,航天,商业航天
20260331,sz002565,算力,人工智能
20260331,sh600894,有色,大周期
20260331,sz002342,航天,商业航天
20260331,sz301079,机器人,人工智能
20260331,sh605299,有色,大周期
20260331,sz301008,有色,大周期
20260331,sh600158,有色,大周期
20260331,sz000913,有色,大周期
20260331,sz000592,有色,大周期
20260331,sz002578,有色,大周期
20260331,sz000993,电力,电网
20260331,sh603826,化工,大周期
20260331,sz003033,机器人,人工智能
20260331,sz000030,有色,大周期
20260331,sz000678,有色,大周期
20260331,sz002995,有色,大周期
20260331,sh603039,有色,大周期
20260331,sh603660,AI应用,人工智能
20260331,sz002634,光伏,电网
20260331,sh601908,光伏,电网
20260331,sz002218,光伏,电网
20260331,sz002542,有色,大周期
20260331,sz001239,机器人,人工智能
20260331,sz000720,光通信,人工智能
20260331,sz000070,光通信,人工智能
20260331,sz301255,机器人,人工智能
20260331,sh600184,光通信,人工智能
20260331,sh600502,有色,大周期
20260331,sh600066,有色,大周期
20260331,sz000037,电力,电网
20260331,sh605162,电力,电网
20260331,sz002560,电缆,电网
20260331,sh603429,有色,大周期
20260331,sz002168,有色,大周期
20260331,sz002528,有色,大周期
20260331,sh600581,有色,大周期
20260331,sh605199,有色,大周期
20260331,sh603559,有色,大周期
20260331,sz002263,有色,大周期
20260331,sz000631,有色,大周期
20260331,sz002454,储能,电网
20260331,sz300834,有色,大周期
20260331,sz000863,有色,大周期
20260331,sh603657,有色,大周期
20260331,sz300992,有色,大周期
20260331,sz002800,无人机,商业航天
20260331,sh600250,旅游,大消费
20260331,sz002580,储能,电网
20260401,sh600488,有色,大周期
20260401,sz002821,有色,大周期
20260401,sz002923,有色,大周期
20260401,sz000534,医药,大消费
20260401,sz002940,有色,大周期
20260401,sz300149,有色,大周期
20260401,sh600851,有色,大周期
20260401,sz000078,有色,大周期
20260401,sh600594,有色,大周期
20260401,sz000788,有色,大周期
20260401,sz300436,有色,大周期
20260401,sh688488,有色,大周期
20260401,sh600666,算力,人工智能
20260401,sz000815,有色,大周期
20260401,sh605289,AI应用,人工智能
20260401,sh603296,液冷,人工智能
20260401,sh603687,算力,人工智能
20260401,sh603985,算力,人工智能
20260401,sz002902,光通信,人工智能
20260401,sz301312,光通信,人工智能
20260401,sh603803,光通信,人工智能
20260401,sh600105,芯片,半导体
20260401,sz002560,机器人,人工智能
20260401,sz002645,有色,大周期
20260401,sh603121,机器人,人工智能
20260401,sh603949,有色,大周期
20260401,sh605006,有色,大周期
20260401,sh600545,有色,大周期
20260401,sz002579,机器人,人工智能
20260401,sh603912,液冷,人工智能
20260401,sh603158,液冷,人工智能
20260401,sz002639,液冷,人工智能
20260401,sh603937,有色,大周期
20260401,sz002083,有色,大周期
20260401,sh601515,有色,大周期
20260401,sh601083,有色,大周期
20260401,sh601872,有色,大周期
20260401,sh601133,有色,大周期
20260401,sz301392,半导体,半导体
20260401,sz002432,医药,大消费
20260401,sh605287,有色,大周期
20260401,sz002624,有色,大周期
20260401,sz002558,有色,大周期
20260401,sh603193,有色,大周期
20260401,sh603778,光伏,电网
20260401,sh603429,有色,大周期
20260401,sz002528,有色,大周期
20260401,sz002713,有色,大周期
20260401,sh600581,有色,大周期
20260401,sh605199,有色,大周期
20260401,sz002306,有色,大周期
20260401,sh603517,有色,大周期
20260401,sh603822,有色,大周期
20260401,sh600107,有色,大周期
20260401,sz300834,有色,大周期
20260401,sh605162,电力,电网
20260401,sh600724,有色,大周期
20260401,sh603248,有色,大周期
20260401,sh600249,有色,大周期
20260401,sz002269,有色,大周期
20260401,sh600643,有色,大周期
20260401,sh601579,有色,大周期
20260401,sh603727,油气,大周期
20260401,sz002408,化工,大周期
20260401,sz301188,有色,大周期
20260403,sz002792,光通信,人工智能
20260403,sz002980,光通信,人工智能
20260403,sz300812,光通信,人工智能
20260403,sz002222,光通信,人工智能
20260403,sz003031,光通信,人工智能
20260403,sz002796,光通信,人工智能
20260403,sh688226,光通信,人工智能
20260403,sh688205,有色,大周期
20260403,sh605589,有色,大周期
20260403,sh688485,半导体,半导体
20260403,sh605303,存储,半导体
20260403,sh688146,有色,大周期
20260403,sz300608,算力,人工智能
20260403,sz003007,算力,人工智能
20260403,sh600654,算力,人工智能
20260403,sh600602,算力,人工智能
20260403,sh605133,机器人,人工智能
20260403,sh603966,机器人,人工智能
20260403,sz300626,机器人,人工智能
20260403,sh600302,机器人,人工智能
20260403,sh600488,有色,大周期
20260403,sz000950,有色,大周期
20260403,sh600056,医药,大消费
20260403,sz300006,有色,大周期
20260403,sz000720,光通信,人工智能
20260403,sz000586,有色,大周期
20260403,sh600869,有色,大周期
20260403,sh603585,有色,大周期
20260403,sh603067,有色,大周期
20260403,sh603033,化工,大周期
20260403,sh603189,AI应用,人工智能
20260403,sz002678,AI应用,人工智能
20260403,sz002898,有色,大周期
20260403,sz000669,有色,大周期
20260403,sh603123,有色,大周期
20260403,sh600106,有色,大周期
20260403,sz002831,有色,大周期
20260403,sz002952,有色,大周期
20260407,sz002408,化工,大周期
20260407,sz002442,化工,大周期
20260407,sh600527,有色,大周期
20260407,sz000703,化工,大周期
20260407,sz002427,有色,大周期
20260407,sh600370,有色,大周期
20260407,sz000990,化工,大周期
20260407,sh600810,有色,大周期
20260407,sz002109,化工,大周期
20260407,sh600722,有色,大周期
20260407,sh600955,化工,大周期
20260407,sz003042,化工,大周期
20260407,sh600691,化工,大周期
20260407,sh600227,有色,大周期
20260407,sh603968,化工,大周期
20260407,sz002470,化工,大周期
20260407,sh600423,化工,大周期
20260407,sh603255,化工,大周期
20260407,sh600470,化工,大周期
20260407,sz300927,化工,大周期
20260407,sz000912,化工,大周期
20260407,sz002637,化工,大周期
20260407,sh603188,化工,大周期
20260407,sh600623,化工,大周期
20260407,sz002274,化工,大周期
20260407,sz002092,化工,大周期
20260407,sh600075,化工,大周期
20260407,sh600063,有色,大周期
20260407,sz002181,AI应用,人工智能
20260407,sz002431,有色,大周期
20260407,sh600158,有色,大周期
20260407,sh605099,有色,大周期
20260407,sz300651,有色,大周期
20260407,sh605299,有色,大周期
20260407,sh603687,算力,人工智能
20260407,sh603353,半导体,半导体
20260407,sh601133,有色,大周期
20260407,sh603421,半导体,半导体
20260407,sz000062,存储,半导体
20260407,sz002119,半导体,半导体
20260407,sh600488,医药,大消费
20260407,sz002873,有色,大周期
20260407,sz000919,医药,大消费
20260407,sz002788,医药,大消费
20260407,sz000766,有色,大周期
20260407,sh600664,医药,大消费
20260407,sz300821,有色,大周期
20260407,sh600596,有色,大周期
20260407,sh603260,有色,大周期
20260407,sz002132,有色,大周期
20260407,sz000830,化工,大周期
20260407,sh603002,PCB,半导体
20260407,sz301630,PCB,半导体
20260407,sz301373,PCB,半导体
20260407,sh600110,PCB,半导体
20260407,sz000720,光通信,人工智能
20260407,sz000586,有色,大周期
20260407,sh603042,有色,大周期
20260407,sz002491,光通信,人工智能
20260407,sz000695,储能,电网
20260407,sh688345,储能,电网
20260407,sh603988,有色,大周期
20260407,sz002980,光通信,人工智能
20260407,sz002025,光通信,人工智能
20260407,sz002957,光通信,人工智能
20260407,sz002840,有色,大周期
20260407,sh600195,有色,大周期
20260407,sh605589,有色,大周期
20260407,sz002348,有色,大周期
20260407,sh603327,有色,大周期
20260407,sz002631,有色,大周期
20260407,sh605162,有色,大周期
20260407,sz002310,电力,电网
20260407,sh603123,有色,大周期
20260407,sz002528,有色,大周期
20260407,sz002713,有色,大周期
20260407,sh603822,有色,大周期
20260407,sh603813,有色,大周期
20260407,sz000909,有色,大周期
20260407,sh603838,有色,大周期
20260407,sz002789,有色,大周期
20260407,sz002650,有色,大周期
20260407,sh603778,光伏,电网
20260407,sh600654,算力,人工智能
20260407,sz002051,有色,大周期
20260407,sh603637,有色,大周期
20260407,sz000890,有色,大周期
20260407,sz000652,有色,大周期
20260407,sz002193,有色,大周期
20260407,sz000019,农业,大消费
20260407,sh603090,有色,大周期
20260407,sz002663,有色,大周期
20260407,sh601388,有色,大周期
20260407,sz300165,有色,大周期
20260407,sz002037,有色,大周期
20260407,sh600250,旅游,大消费
20260407,sh600743,有色,大周期
20260407,sh600259,有色,大周期
20260407,sh603348,有色,大周期
20260407,sh600791,有色,大周期
20260407,sh605018,机器人,人工智能
20260409,sz000586,有色,大周期
20260409,sh600345,有色,大周期
20260409,sz000070,光通信,人工智能
20260409,sh601869,光通信,人工智能
20260409,sz002975,液冷,人工智能
20260409,sh603757,有色,大周期
20260409,sz002536,液冷,人工智能
20260409,sz002328,液冷,人工智能
20260409,sh603121,机器人,人工智能
20260409,sh603958,机器人,人工智能
20260409,sh605056,储能,电网
20260409,sh603507,机器人,人工智能
20260409,sh601133,有色,大周期
20260409,sh603929,有色,大周期
20260409,sh600707,化工,大周期
20260409,sz002962,化工,大周期
20260409,sh603773,航天,商业航天
20260409,sz002342,航天,商业航天
20260409,sz002025,航天,商业航天
20260409,sz300489,航天,商业航天
20260409,sz002843,算力,人工智能
20260409,sz002281,光通信,人工智能
20260409,sz002947,算力,人工智能
20260409,sh600594,有色,大周期
20260409,sz002107,有色,大周期
20260409,sz000078,有色,大周期
20260409,sz002645,有色,大周期
20260409,sh600330,航天,商业航天
20260409,sz002384,光通信,人工智能
20260409,sh605189,有色,大周期
20260409,sz002150,储能,电网
20260409,sz002580,储能,电网
20260409,sz002636,PCB,半导体
20260409,sz002824,有色,大周期
20260409,sz002635,有色,大周期
20260409,sh603306,光通信,人工智能
20260409,sh600743,有色,大周期
20260409,sz000889,算力,人工智能
20260409,sz002528,有色,大周期
20260409,sh603813,有色,大周期
20260409,sz000909,有色,大周期
20260409,sz002650,有色,大周期
20260409,sz002822,有色,大周期
20260409,sz000793,有色,大周期
20260409,sz002620,有色,大周期
20260409,sh603843,有色,大周期
20260409,sz002039,电力,电网
20260409,sh603777,有色,大周期
20260409,sh603950,有色,大周期
20260409,sh605318,AI应用,人工智能
20260409,sz000990,化工,大周期
20260409,sz002364,有色,大周期
20260409,sh600629,有色,大周期
20260409,sh603863,有色,大周期
20260409,sh600619,有色,大周期
20260409,sz002718,有色,大周期
20260409,sh603808,有色,大周期
20260409,sh603216,有色,大周期
20260409,sh601811,有色,大周期
20260409,sz301181,有色,大周期
20260409,sh600337,有色,大周期
20260410,sz002824,储能,电网
20260410,sz003036,机器人,人工智能
20260410,sh603200,液冷,人工智能
20260410,sz002263,有色,大周期
20260410,sh603026,有色,大周期
20260410,sz002733,储能,电网
20260410,sz002787,储能,电网
20260410,sz000762,有色,大周期
20260410,sz002364,有色,大周期
20260410,sz002328,储能,电网
20260410,sz002580,储能,电网
20260410,sh605117,储能,电网
20260410,sz002074,储能,电网
20260410,sh600480,机器人,人工智能
20260410,sz000670,半导体,半导体
20260410,sh603933,机器人,人工智能
20260410,sh605255,有色,大周期
20260410,sh688478,半导体,半导体
20260410,sz001309,存储,半导体
20260410,sh600707,化工,大周期
20260410,sz002962,化工,大周期
20260410,sh603773,航天,商业航天
20260410,sh600876,化工,大周期
20260410,sz000534,有色,大周期
20260410,sh605060,液冷,人工智能
20260410,sh600482,有色,大周期
20260410,sh600983,有色,大周期
20260410,sh603889,有色,大周期
20260410,sh688690,有色,大周期
20260410,sh600105,芯片,半导体
20260410,sh600103,光通信,人工智能
20260410,sz300131,有色,大周期
20260410,sh603088,机器人,人工智能
20260410,sz002418,液冷,人工智能
20260410,sh600713,医药,大消费
20260410,sz002950,有色,大周期
20260410,sz000889,算力,人工智能
20260410,sh600156,机器人,人工智能
20260410,sz002177,有色,大周期
20260410,sz001269,光伏,电网
20260410,sh605069,有色,大周期
20260410,sz002363,航天,商业航天
20260410,sz002528,有色,大周期
20260410,sz002713,有色,大周期
20260410,sh603813,有色,大周期
20260410,sz002650,有色,大周期
20260410,sz000793,有色,大周期
20260410,sz300561,有色,大周期
20260410,sz002047,有色,大周期
20260410,sh603021,有色,大周期
20260410,sz002199,有色,大周期
20260410,sh600165,有色,大周期
20260410,sh600238,有色,大周期
20260410,sh600243,有色,大周期
20260410,sz002211,有色,大周期
20260410,sh603580,有色,大周期
20260410,sh600421,有色,大周期
20260410,sh600381,有色,大周期
20260410,sh603557,有色,大周期
20260410,sh600193,有色,大周期
20260410,sh600743,有色,大周期
20260410,sh603950,有色,大周期
20260410,sh603777,有色,大周期
20260410,sh600345,有色,大周期
20260410,sh603272,有色,大周期
20260410,sz000626,有色,大周期
20260410,sz000402,有色,大周期
20260410,sh603093,有色,大周期
20260410,sh605006,有色,大周期
20260410,sh601010,有色,大周期
20260410,sh601999,教育,大消费
20260410,sz002988,有色,大周期
20260410,sh600537,光伏,电网
20260410,sz001299,有色,大周期
20260410,sz000659,有色,大周期
20260410,sz001211,有色,大周期
20260410,sh603101,有色,大周期
20260413,sz002957,光通信,人工智能
20260413,sh600337,光通信,人工智能
20260413,sz002902,光通信,人工智能
20260413,sh603803,光通信,人工智能
20260413,sz002980,光通信,人工智能
20260413,sz000026,有色,大周期
20260413,sh603738,光通信,人工智能
20260413,sz002515,芯片,半导体
20260413,sh600152,储能,电网
20260413,sh600773,有色,大周期
20260413,sh688813,有色,大周期
20260413,sh603800,有色,大周期
20260413,sz002240,有色,大周期
20260413,sh600166,有色,大周期
20260413,sz000688,有色,大周期
20260413,sz001203,有色,大周期
20260413,sh605255,有色,大周期
20260413,sz002943,半导体,半导体
20260413,sh688081,算力,人工智能
20260413,sh688135,半导体,半导体
20260413,sh603283,半导体,半导体
20260413,sh603256,有色,大周期
20260413,sh600176,PCB,半导体
20260413,sz002080,PCB,半导体
20260413,sz002436,PCB,半导体
20260413,sz000791,有色,大周期
20260413,sh600396,电力,电网
20260413,sh600982,电力,电网
20260413,sh600032,电力,电网
20260413,sz002364,有色,大周期
20260413,sz002580,储能,电网
20260413,sz301667,储能,电网
20260413,sh688667,储能,电网
20260413,sh600654,算力,人工智能
20260413,sz002929,算力,人工智能
20260413,sz000010,算力,人工智能
20260413,sz002467,AI应用,人工智能
20260413,sz002297,有色,大周期
20260413,sz002439,有色,大周期
20260413,sz000612,有色,大周期
20260413,sz001299,有色,大周期
20260413,sz000968,有色,大周期
20260413,sz002418,液冷,人工智能
20260413,sz003018,液冷,人工智能
20260413,sh600527,化工,大周期
20260413,sh600299,有色,大周期
20260413,sh603897,电网,电网
20260413,sh603350,机器人,人工智能
20260413,sz002678,AI应用,人工智能
20260413,sh603682,AI应用,人工智能
20260413,sh601908,光伏,电网
20260413,sz002528,有色,大周期
20260413,sh603813,有色,大周期
20260413,sz000793,有色,大周期
20260413,sz300561,有色,大周期
20260413,sh603021,有色,大周期
20260413,sz002199,有色,大周期
20260413,sh603580,有色,大周期
20260413,sh600165,有色,大周期
20260413,sh600243,有色,大周期
20260413,sh603557,有色,大周期
20260413,sh600238,有色,大周期
20260413,sh600381,有色,大周期
20260413,sz002047,有色,大周期
20260413,sz002822,有色,大周期
20260413,sz002512,有色,大周期
20260413,sz001270,有色,大周期
20260413,sz000752,有色,大周期
20260413,sh603721,有色,大周期
20260413,sz002005,有色,大周期
20260413,sh603389,有色,大周期
20260413,sz000609,有色,大周期
20260413,sz002529,有色,大周期
20260413,sh603828,有色,大周期
20260413,sz003004,有色,大周期
20260413,sz002789,有色,大周期
20260413,sz000929,有色,大周期
20260413,sh600608,有色,大周期
20260413,sh600743,有色,大周期
20260413,sh603950,有色,大周期
20260413,sz000402,有色,大周期
20260413,sh600815,有色,大周期
20260413,sz002321,有色,大周期
20260413,sz002124,有色,大周期
20260413,sh603177,储能,电网
20260413,sz002876,有色,大周期
20260414,sz000889,算力,人工智能
20260414,sz002229,算力,人工智能
20260414,sz300857,算力,人工智能
20260414,sh603629,算力,人工智能
20260414,sz000967,算力,人工智能
20260414,sz002990,算力,人工智能
20260414,sh688813,PCB,半导体
20260414,sh603527,PCB,半导体
20260414,sh603002,PCB,半导体
20260414,sz002463,PCB,半导体
20260414,sh600152,有色,大周期
20260414,sh603026,有色,大周期
20260414,sz002083,有色,大周期
20260414,sz301292,有色,大周期
20260414,sh600605,有色,大周期
20260414,sz002213,存储,半导体
20260414,sz000620,存储,半导体
20260414,sh603061,半导体,半导体
20260414,sz002364,有色,大周期
20260414,sz002580,储能,电网
20260414,sz301157,储能,电网
20260414,sh603109,储能,电网
20260414,sh603171,有色,大周期
20260414,sh603383,AI应用,人工智能
20260414,sz301189,有色,大周期
20260414,sz002107,有色,大周期
20260414,sh603139,有色,大周期
20260414,sh600664,医药,大消费
20260414,sh600396,电力,电网
20260414,sh600173,电力,电网
20260414,sh601778,有色,大周期
20260414,sz002124,有色,大周期
20260414,sz002157,有色,大周期
20260414,sh600855,航天,商业航天
20260414,sz002149,航天,商业航天
20260414,sh601588,有色,大周期
20260414,sz002314,有色,大周期
20260414,sz002328,储能,电网
20260414,sh603269,液冷,人工智能
20260414,sz002980,光通信,人工智能
20260414,sz002023,有色,大周期
20260414,sz002297,有色,大周期
20260414,sz301219,有色,大周期
20260414,sz002885,有色,大周期
20260414,sh605167,核电,电网
20260414,sz002713,有色,大周期
20260414,sh603813,有色,大周期
20260414,sh600238,有色,大周期
20260414,sh600243,有色,大周期
20260414,sh600381,有色,大周期
20260414,sz001270,有色,大周期
20260414,sz000929,有色,大周期
20260414,sz000752,有色,大周期
20260414,sh603389,有色,大周期
20260414,sz000004,有色,大周期
20260414,sz002630,有色,大周期
20260414,sh688287,有色,大周期
20260414,sz002305,有色,大周期
20260414,sz000711,有色,大周期
20260414,sz000608,有色,大周期
20260414,sz002808,有色,大周期
20260414,sh600743,有色,大周期
20260414,sz001299,有色,大周期
20260414,sz002692,电网,电网
20260414,sh603585,有色,大周期
20260414,sz002647,有色,大周期
20260414,sz002686,有色,大周期
20260414,sh600539,有色,大周期
20260414,sh600469,有色,大周期
20260414,sz002051,有色,大周期
20260414,sh603698,化工,大周期
20260415,sh600664,有色,大周期
20260415,sz002589,有色,大周期
20260415,sz000919,有色,大周期
20260415,sh600267,有色,大周期
20260415,sz002038,有色,大周期
20260415,sh688166,有色,大周期
20260415,sz000788,有色,大周期
20260415,sh600572,有色,大周期
20260415,sh600488,有色,大周期
20260415,sh600594,有色,大周期
20260415,sh603773,航天,商业航天
20260415,sz001208,航天,商业航天
20260415,sz002361,航天,商业航天
20260415,sh605222,航天,商业航天
20260415,sz000889,算力,人工智能
20260415,sh603629,算力,人工智能
20260415,sz002990,算力,人工智能
20260415,sz301189,算力,人工智能
20260415,sz002297,有色,大周期
20260415,sz002468,有色,大周期
20260415,sh605098,有色,大周期
20260415,sh603444,有色,大周期
20260415,sz002824,储能,电网
20260415,sh603327,有色,大周期
20260415,sh600135,有色,大周期
20260415,sz000785,有色,大周期
20260415,sz002798,AI应用,人工智能
20260415,sh605289,AI应用,人工智能
20260415,sz002580,储能,电网
20260415,sz002787,储能,电网
20260415,sz003036,有色,大周期
20260415,sz002788,医药,大消费
20260415,sz301408,医药,大消费
20260415,sz002498,电网,电网
20260415,sh603063,电网,电网
20260415,sz002051,有色,大周期
20260415,sh603815,电网,电网
20260415,sh688805,有色,大周期
20260415,sz000026,有色,大周期
20260415,sh603459,PCB,半导体
20260415,sh600238,有色,大周期
20260415,sz001270,有色,大周期
20260415,sh603021,有色,大周期
20260415,sz000004,有色,大周期
20260415,sz002630,有色,大周期
20260415,sh688287,有色,大周期
20260415,sh605081,有色,大周期
20260415,sz002569,有色,大周期
20260415,sh600599,有色,大周期
20260415,sh603268,有色,大周期
20260415,sh600581,有色,大周期
20260415,sh603950,有色,大周期
20260415,sz002124,有色,大周期
20260415,sh603698,航天,商业航天
20260415,sh600605,有色,大周期
20260415,sh603687,有色,大周期
20260415,sh605365,半导体,半导体
20260415,sh603890,液冷,人工智能
20260415,sh603285,有色,大周期
20260415,sh603216,有色,大周期
20260415,sh603150,有色,大周期
20260415,sz002705,有色,大周期
20260415,sz002033,旅游,大消费
20260415,sh600683,有色,大周期
20260415,sh605366,光伏,电网
20260415,sh605388,食品,大消费
20260415,sz002891,有色,大周期
20260415,sz001896,有色,大周期
20260416,sz002990,算力,人工智能
20260416,sz000967,算力,人工智能
20260416,sz002929,算力,人工智能
20260416,sz002771,AI应用,人工智能
20260416,sz000815,有色,大周期
20260416,sh603322,算力,人工智能
20260416,sh600666,算力,人工智能
20260416,sz002757,算力,人工智能
20260416,sh600156,机器人,人工智能
20260416,sh603985,算力,人工智能
20260416,sz300798,化工,大周期
20260416,sh603315,算力,人工智能
20260416,sh688227,算力,人工智能
20260416,sh603220,算力,人工智能
20260416,sh600284,算力,人工智能
20260416,sz301396,算力,人工智能
20260416,sz002875,算力,人工智能
20260416,sz002580,储能,电网
20260416,sz002213,存储,半导体
20260416,sz001203,有色,大周期
20260416,sh603906,储能,电网
20260416,sz002263,有色,大周期
20260416,sh603052,光通信,人工智能
20260416,sz002850,储能,电网
20260416,sz000546,有色,大周期
20260416,sz000593,有色,大周期
20260416,sz000762,有色,大周期
20260416,sz301148,储能,电网
20260416,sh603032,储能,电网
20260416,sh603897,电网,电网
20260416,sh603920,PCB,半导体
20260416,sz001268,机器人,人工智能
20260416,sz001230,机器人,人工智能
20260416,sh603933,机器人,人工智能
20260416,sz002209,机器人,人工智能
20260416,sz300905,化工,大周期
20260416,sz000782,化工,大周期
20260416,sh603826,化工,大周期
20260416,sz002802,化工,大周期
20260416,sh605166,化工,大周期
20260416,sh600961,有色,大周期
20260416,sz000657,有色,大周期
20260416,sz002237,有色,大周期
20260416,sh600549,有色,大周期
20260416,sz002297,航天,商业航天
20260416,sz002468,有色,大周期
20260416,sh600768,有色,大周期
20260416,sz000570,有色,大周期
20260416,sh601778,光伏,电网
20260416,sz002613,光伏,电网
20260416,sz002062,机器人,人工智能
20260416,sz002333,光伏,电网
20260416,sh605060,液冷,人工智能
20260416,sz002595,有色,大周期
20260416,sh600875,有色,大周期
20260416,sz002421,液冷,人工智能
20260416,sh688668,液冷,人工智能
20260416,sz301603,有色,大周期
20260416,sz002033,旅游,大消费
20260416,sh600749,旅游,大消费
20260416,sz002491,光通信,人工智能
20260416,sz000070,航天,商业航天
20260416,sz002008,PCB,半导体
20260416,sh605287,有色,大周期
20260416,sh603687,算力,人工智能
20260416,sz002528,有色,大周期
20260416,sz000004,有色,大周期
20260416,sh688287,有色,大周期
20260416,sh605081,有色,大周期
20260416,sh603268,有色,大周期
20260416,sz000711,有色,大周期
20260416,sz000609,有色,大周期
20260416,sz002581,有色,大周期
20260416,sz002848,有色,大周期
20260416,sh600683,有色,大周期
20260416,sh605388,有色,大周期
20260416,sz002726,有色,大周期
20260416,sz002940,有色,大周期
20260416,sz003041,有色,大周期
20260416,sz000571,煤炭,大周期
20260416,sz300027,有色,大周期
20260416,sh600507,黑色,大周期
20260416,sz300736,有色,大周期
20260416,sz002859,有色,大周期
20260416,sh603878,黑色,大周期
20260416,sh600719,电力,电网
20260416,sh600847,有色,大周期
20260416,sh605336,家电,大消费
20260420,sh605222,电缆,电网
20260420,sz002361,航天,商业航天
20260420,sh603017,航天,商业航天
20260420,sz002560,电缆,电网
20260420,sh603130,机器人,人工智能
20260420,sz300540,航天,商业航天
20260420,sz001229,AI应用,人工智能
20260420,sz002149,航天,商业航天
20260420,sh688811,航天,商业航天
20260420,sz002324,机器人,人工智能
20260420,sh600118,航天,商业航天
20260420,sh601698,航天,商业航天
20260420,sz002935,航天,商业航天
20260420,sz002297,航天,商业航天
20260420,sh600961,有色,大周期
20260420,sz003006,有色,大周期
20260420,sh603025,有色,大周期
20260420,sz000404,机器人,人工智能
20260420,sh603699,有色,大周期
20260420,sh600872,有色,大周期
20260420,sz002418,液冷,人工智能
20260420,sz003018,液冷,人工智能
20260420,sz001400,液冷,人工智能
20260420,sh603912,液冷,人工智能
20260420,sz002536,液冷,人工智能
20260420,sh600979,电力,电网
20260420,sz002491,光通信,人工智能
20260420,sh600184,有色,大周期
20260420,sz002309,光伏,电网
20260420,sz000586,光通信,人工智能
20260420,sh600522,光通信,人工智能
20260420,sh603052,光通信,人工智能
20260420,sh600330,有色,大周期
20260420,sz002428,有色,大周期
20260420,sh600601,PCB,半导体
20260420,sh600103,光通信,人工智能
20260420,sz002843,航天,商业航天
20260420,sz002692,电缆,电网
20260420,sz002300,电缆,电网
20260420,sz002885,机器人,人工智能
20260420,sz001896,有色,大周期
20260420,sh605162,电力,电网
20260420,sh600149,有色,大周期
20260420,sh600590,有色,大周期
20260420,sz000880,有色,大周期
20260420,sh603318,有色,大周期
20260420,sh600156,机器人,人工智能
20260420,sz002217,算力,人工智能
20260420,sh605168,AI应用,人工智能
20260420,sz002331,有色,大周期
20260420,sh603108,AI应用,人工智能
20260420,sz002242,AI应用,人工智能
20260420,sh603773,光通信,人工智能
20260420,sh600707,化工,大周期
20260420,sh605299,体育,大消费
20260420,sz002803,有色,大周期
20260420,sz002081,有色,大周期
20260420,sh600206,半导体,半导体
20260420,sz002647,算力,人工智能
20260420,sh603178,低空经济,商业航天
20260420,sz001270,有色,大周期
20260420,sz000609,有色,大周期
20260420,sh600696,有色,大周期
20260420,sz002496,有色,大周期
20260420,sz000752,有色,大周期
20260420,sh603843,有色,大周期
20260420,sh603789,有色,大周期
20260420,sz002289,有色,大周期
20260420,sh603595,有色,大周期
20260420,sz002620,有色,大周期
20260420,sh600243,有色,大周期
20260420,sh600381,有色,大周期
20260420,sz002512,有色,大周期
20260420,sh603813,有色,大周期
20260420,sh603261,有色,大周期
20260420,sh603268,有色,大周期
20260420,sh600234,有色,大周期
20260420,sz002686,有色,大周期
20260420,sz003023,有色,大周期
20260420,sh600800,化工,大周期
20260420,sh603057,食品,大消费
20260420,sh603778,光伏,电网
20260420,sh600433,有色,大周期
20260420,sh603332,化工,大周期
20260420,sh603489,有色,大周期
20260420,sz002492,有色,大周期
20260420,sz001366,有色,大周期
20260420,sz000949,化工,大周期
20260420,sz301265,有色,大周期
20260420,sh600072,军工,商业航天
20260421,sz002081,航天,商业航天
20260421,sz002361,航天,商业航天
20260421,sh603017,航天,商业航天
20260421,sh600678,航天,商业航天
20260421,sh600736,航天,商业航天
20260421,sz002565,算力,人工智能
20260421,sz002338,航天,商业航天
20260421,sz002201,航天,商业航天
20260421,sz002342,有色,大周期
20260421,sh600979,电力,电网
20260421,sz000539,有色,大周期
20260421,sh600032,电力,电网
20260421,sh600396,电力,电网
20260421,sz000690,电力,电网
20260421,sh600961,有色,大周期
20260421,sz002752,有色,大周期
20260421,sz300533,有色,大周期
20260421,sh688661,有色,大周期
20260421,sh603178,机器人,人工智能
20260421,sz001268,机器人,人工智能
20260421,sh603030,机器人,人工智能
20260421,sh600699,机器人,人工智能
20260421,sh600103,光通信,人工智能
20260421,sh603738,光通信,人工智能
20260421,sz301486,有色,大周期
20260421,sh600520,封装,半导体
20260421,sh688268,有色,大周期
20260421,sh605365,芯片,半导体
20260421,sh600308,化工,大周期
20260421,sz000819,化工,大周期
20260421,sz000802,传媒,大消费
20260421,sh600715,传媒,大消费
20260421,sz003027,储能,电网
20260421,sh688020,PCB,半导体
20260421,sh603813,有色,大周期
20260421,sh600243,有色,大周期
20260421,sh600381,有色,大周期
20260421,sz000609,有色,大周期
20260421,sh600696,有色,大周期
20260421,sh603843,有色,大周期
20260421,sz002289,有色,大周期
20260421,sz002620,有色,大周期
20260421,sh600421,有色,大周期
20260421,sh600599,有色,大周期
20260421,sh600107,服装,大消费
20260421,sh600636,有色,大周期
20260421,sz003018,液冷,人工智能
20260421,sh605298,有色,大周期
20260421,sz300067,算力,人工智能
20260421,sz301022,有色,大周期
20260421,sh603335,有色,大周期
20260421,sh603016,电网,电网
20260421,sz000980,有色,大周期
20260421,sh603815,电网,电网
20260421,sz002952,有色,大周期
20260421,sz002853,有色,大周期
20260421,sh603115,有色,大周期
20260421,sh600261,氢能,电网
20260421,sz002950,有色,大周期
20260421,sh603898,AI应用,人工智能
20260421,sz000056,半导体,半导体
20260421,sz002846,有色,大周期
20260421,sh603788,有色,大周期
20260421,sz002982,有色,大周期
20260421,sz000715,航天,商业航天
20260423,sh603618,光通信,人工智能
20260423,sz002606,有色,大周期
20260423,sh603390,有色,大周期
20260423,sz300061,有色,大周期
20260423,sz300590,有色,大周期
20260423,sh603198,有色,大周期
20260423,sz002793,有色,大周期
20260423,sh601101,有色,大周期
20260423,sz001314,有色,大周期
20260423,sz300970,有色,大周期
20260423,sz003022,有色,大周期
20260423,sz300067,算力,人工智能
20260423,sh603912,算力,人工智能
20260423,sh600186,算力,人工智能
20260423,sh600986,AI应用,人工智能
20260423,sh601778,算力,人工智能
20260423,sh603220,算力,人工智能
20260423,sh600396,电力,电网
20260423,sh600726,电力,电网
20260423,sh601016,电力,电网
20260423,sz000537,有色,大周期
20260423,sh600310,电力,电网
20260423,sh603318,有色,大周期
20260423,sh603315,算力,人工智能
20260423,sz002448,有色,大周期
20260423,sh603308,有色,大周期
20260423,sz002081,航天,商业航天
20260423,sh600736,航天,商业航天
20260423,sh603017,航天,商业航天
20260423,sh601512,算力,人工智能
20260423,sz000925,算力,人工智能
20260423,sz001267,光通信,人工智能
20260423,sz002429,AI应用,人工智能
20260423,sh603813,有色,大周期
20260423,sh600381,有色,大周期
20260423,sh600696,有色,大周期
20260423,sz000609,有色,大周期
20260423,sh600599,有色,大周期
20260423,sz000488,有色,大周期
20260423,sz002024,有色,大周期
20260423,sh600265,有色,大周期
20260423,sz001234,有色,大周期
20260423,sh600052,化工,大周期
20260423,sz000715,有色,大周期
20260423,sz002242,有色,大周期
20260423,sz002301,有色,大周期
20260423,sh600770,算力,人工智能
20260423,sz300721,半导体,半导体
20260423,sz000593,有色,大周期
20260423,sh603060,有色,大周期
20260423,sz002490,油气,大周期
20260423,sh603709,有色,大周期
20260423,sz002787,半导体,半导体
20260423,sz002008,PCB,半导体
20260423,sz001215,有色,大周期
20260423,sz002971,有色,大周期
20260423,sh603538,有色,大周期
20260423,sz000890,有色,大周期
20260424,sh600152,储能,电网
20260424,sz002176,机器人,人工智能
20260424,sz003036,有色,大周期
20260424,sh600499,有色,大周期
20260424,sh603520,储能,电网
20260424,sz002192,有色,大周期
20260424,sh603937,有色,大周期
20260424,sz000973,有色,大周期
20260424,sz002812,有色,大周期
20260424,sh603876,储能,电网
20260424,sz000546,有色,大周期
20260424,sz002240,有色,大周期
20260424,sz002756,有色,大周期
20260424,sz002407,有色,大周期
20260424,sh600338,有色,大周期
20260424,sh603390,有色,大周期
20260424,sh600726,电力,电网
20260424,sh603066,有色,大周期
20260424,sz300422,有色,大周期
20260424,sh600826,有色,大周期
20260424,sh603365,有色,大周期
20260424,sh603967,有色,大周期
20260424,sz002127,有色,大周期
20260424,sh688633,有色,大周期
20260424,sz300283,PCB,半导体
20260424,sh600770,有色,大周期
20260424,sz002787,半导体,半导体
20260424,sh600208,有色,大周期
20260424,sz300613,半导体,半导体
20260424,sz002290,有色,大周期
20260424,sh600527,化工,大周期
20260424,sz002999,化工,大周期
20260424,sh600370,有色,大周期
20260424,sh603599,化工,大周期
20260424,sz002810,化工,大周期
20260424,sz000062,算力,人工智能
20260424,sz002406,有色,大周期
20260424,sz001339,算力,人工智能
20260424,sz000889,算力,人工智能
20260424,sh600633,AI应用,人工智能
20260424,sz301077,算力,人工智能
20260424,sz002990,算力,人工智能
20260424,sh603318,有色,大周期
20260424,sh688268,有色,大周期
20260424,sz000925,算力,人工智能
20260424,sh600696,有色,大周期
20260424,sz000609,有色,大周期
20260424,sz002620,有色,大周期
20260424,sh605336,有色,大周期
20260424,sh603789,有色,大周期
20260424,sz002528,有色,大周期
20260424,sz000504,有色,大周期
20260424,sh603559,有色,大周期
20260424,sh603389,有色,大周期
20260424,sz001234,有色,大周期
20260424,sh603060,航天,商业航天
20260424,sh603016,电网,电网
20260424,sh603272,有色,大周期
20260424,sz002313,有色,大周期
20260424,sz002795,有色,大周期
20260424,sz000906,有色,大周期
20260424,sh603655,有色,大周期
20260424,sz001211,有色,大周期
20260424,sz002331,有色,大周期
20260424,sh603680,航天,商业航天
20260424,sh603819,有色,大周期
20260424,sh600537,光伏,电网
20260424,sh600545,PCB,半导体
20260427,sz000593,有色,大周期
20260427,sh605138,有色,大周期
20260427,sz002154,有色,大周期
20260427,sz001332,有色,大周期
20260427,sz002210,有色,大周期
20260427,sh603125,有色,大周期
20260427,sh688530,有色,大周期
20260427,sz002115,有色,大周期
20260427,sh603579,有色,大周期
20260427,sh603486,有色,大周期
20260427,sh600433,有色,大周期
20260427,sz301500,有色,大周期
20260427,sz000565,有色,大周期
20260427,sz002560,有色,大周期
20260427,sz300582,有色,大周期
20260427,sh600693,有色,大周期
20260427,sz002120,有色,大周期
20260427,sh688677,有色,大周期
20260427,sh688221,有色,大周期
20260427,sh605118,机器人,人工智能
20260427,sz002029,有色,大周期
20260427,sh600400,机器人,人工智能
20260427,sh603211,机器人,人工智能
20260427,sh603626,机器人,人工智能
20260427,sh605006,有色,大周期
20260427,sh603228,PCB,半导体
20260427,sz002134,PCB,半导体
20260427,sz002741,PCB,半导体
20260427,sh603931,半导体,半导体
20260427,sh600246,算力,人工智能
20260427,sh603726,半导体,半导体
20260427,sh688001,半导体,半导体
20260427,sz000925,算力,人工智能
20260427,sz002902,光通信,人工智能
20260427,sh688381,半导体,半导体
20260427,sh603501,光通信,人工智能
20260427,sz002217,算力,人工智能
20260427,sh605289,AI应用,人工智能
20260427,sz301248,算力,人工智能
20260427,sh603110,算力,人工智能
20260427,sz002181,AI应用,人工智能
20260427,sh603610,AI应用,人工智能
20260427,sh603095,有色,大周期
20260427,sh605287,有色,大周期
20260427,sh600338,有色,大周期
20260427,sh600152,储能,电网
20260427,sz002785,有色,大周期
20260427,sh603773,光通信,人工智能
20260427,sh600707,化工,大周期
20260427,sh600396,电力,电网
20260427,sh600726,电力,电网
20260427,sz000062,算力,人工智能
20260427,sh603813,有色,大周期
20260427,sh600696,有色,大周期
20260427,sz000609,有色,大周期
20260427,sh605336,有色,大周期
20260427,sh600735,有色,大周期
20260427,sz002289,有色,大周期
20260427,sz002227,有色,大周期
20260427,sz002058,有色,大周期
20260427,sh688184,有色,大周期
20260427,sz000838,有色,大周期
20260427,sz000820,有色,大周期
20260427,sz000056,有色,大周期
20260427,sh603557,有色,大周期
20260427,sh600238,有色,大周期
20260427,sz300029,有色,大周期
20260427,sz002569,有色,大周期
20260427,sh603721,有色,大周期
20260427,sz002932,有色,大周期
20260427,sh603580,有色,大周期
20260427,sh603318,有色,大周期
20260427,sz003036,有色,大周期
20260427,sh603272,有色,大周期
20260427,sz001211,有色,大周期
20260427,sh600815,有色,大周期
20260427,sh600637,有色,大周期
20260427,sh603657,家电,大消费
20260427,sz002484,有色,大周期
20260427,sz002706,储能,电网
20260427,sh600418,有色,大周期
20260427,sz000952,有色,大周期
20260427,sh600830,有色,大周期
20260427,sz002175,有色,大周期
20260430,sh600238,有色,大周期
20260430,sh600906,有色,大周期
20260430,sh600816,有色,大周期
20260430,sh600683,有色,大周期
20260501,sz002645,有色,大周期
20260501,sz002842,有色,大周期
20260501,sz000567,有色,大周期
20260501,sz000553,有色,大周期
20260501,sz001218,有色,大周期
20260501,sh603045,有色,大周期
20260501,sz002640,有色,大周期
20260501,sh603030,有色,大周期
20260501,sz001316,有色,大周期
20260501,sh603711,有色,大周期
20260501,sh600540,有色,大周期
20260501,sh601086,有色,大周期
20260501,sz000790,有色,大周期
20260501,sh603190,有色,大周期
20260501,sz002763,有色,大周期
20260501,sz000783,有色,大周期
20260501,sz002591,算力,人工智能
20260501,sh603698,有色,大周期
20260501,sz002989,算力,人工智能
20260501,sh603726,半导体,半导体
20260501,sh600246,算力,人工智能
20260501,sh688699,半导体,半导体
20260501,sz002990,算力,人工智能
20260501,sh600208,半导体,半导体
20260501,sz000066,算力,人工智能
20260501,sz000628,半导体,半导体
20260501,sh688521,算力,人工智能
20260501,sh603360,化工,大周期
20260501,sz002158,半导体,半导体
20260501,sh688256,算力,人工智能
20260501,sz001268,机器人,人工智能
20260501,sh603375,芯片,半导体
20260501,sz002685,算力,人工智能
20260501,sh603687,算力,人工智能
20260501,sh603399,储能,电网
20260501,sz002192,储能,电网
20260501,sh603937,储能,电网
20260501,sz002805,储能,电网
20260501,sz002785,有色,大周期
20260501,sh688155,储能,电网
20260501,sh603717,储能,电网
20260501,sz002240,有色,大周期
20260501,sz002081,航天,商业航天
20260501,sh605123,航天,商业航天
20260501,sh603131,航天,商业航天
20260501,sz300885,航天,商业航天
20260501,sh601106,航天,商业航天
20260501,sz002149,航天,商业航天
20260501,sh605222,电缆,电网
20260501,sh600400,机器人,人工智能
20260501,sh603178,机器人,人工智能
20260501,sh603119,机器人,人工智能
20260501,sz002870,机器人,人工智能
20260501,sh603897,电网,电网
20260501,sz300083,液冷,人工智能
20260501,sh605299,体育,大消费
20260501,sh605099,有色,大周期
20260501,sz002181,体育,大消费
20260501,sh600158,体育,大消费
20260501,sh600052,体育,大消费
20260501,sz000402,有色,大周期
20260501,sh601588,有色,大周期
20260501,sh600322,有色,大周期
20260501,sz000007,有色,大周期
20260501,sz300632,有色,大周期
20260501,sh688531,光通信,人工智能
20260501,sh688400,机器人,人工智能
20260501,sh600433,有色,大周期
20260501,sz002235,有色,大周期
20260501,sz002929,算力,人工智能
20260501,sz000609,有色,大周期
20260501,sh600381,有色,大周期
20260501,sz002289,有色,大周期
20260501,sh603272,有色,大周期
20260501,sh603843,有色,大周期
20260501,sz000838,有色,大周期
20260501,sh600730,有色,大周期
20260501,sz002634,有色,大周期
20260501,sh603580,有色,大周期
20260501,sz002856,有色,大周期
20260501,sh603398,有色,大周期
20260501,sz002207,有色,大周期
20260501,sh600624,有色,大周期
20260501,sh600476,有色,大周期
20260501,sz001270,有色,大周期
20260501,sh603559,有色,大周期
20260501,sz002977,有色,大周期
20260501,sh603389,有色,大周期
20260501,sh603828,有色,大周期
20260501,sh603095,有色,大周期
20260501,sh600379,有色,大周期
20260501,sz000980,有色,大周期
20260501,920125.BJ,有色,大周期
20260501,sh600714,有色,大周期
20260501,sz002453,有色,大周期
20260501,sz000833,有色,大周期
20260501,sh605376,有色,大周期
20260501,sz001215,有色,大周期
20260511,sz002031,机器人,人工智能
20260511,sh603758,机器人,人工智能
20260511,sh603667,机器人,人工智能
20260511,920270.BJ,机器人,人工智能
20260511,sz002979,机器人,人工智能
20260511,sz002009,储能,电网
20260511,sh600480,机器人,人工智能
20260511,sz002536,机器人,人工智能
20260511,sz002965,机器人,人工智能
20260511,sh605566,机器人,人工智能
20260511,sz300488,机器人,人工智能
20260511,sz002520,机器人,人工智能
20260511,sz000678,机器人,人工智能
20260511,sz002997,机器人,人工智能
20260511,sh605055,机器人,人工智能
20260511,sh603400,机器人,人工智能
20260511,sz301028,机器人,人工智能
20260511,sz300258,机器人,人工智能
20260511,sh603028,机器人,人工智能
20260511,sh600130,芯片,半导体
20260511,sh603278,航天,商业航天
20260511,sh600783,航天,商业航天
20260511,sh600855,航天,商业航天
20260511,sh600992,航天,商业航天
20260511,sh600343,航天,商业航天
20260511,sh688818,航天,商业航天
20260511,sz000547,航天,商业航天
20260511,sz000839,有色,大周期
20260511,sh605289,AI应用,人工智能
20260511,sh600536,AI应用,人工智能
20260511,sz002474,AI应用,人工智能
20260511,sz000710,AI应用,人工智能
20260511,sz002798,AI应用,人工智能
20260511,sh603012,AI应用,人工智能
20260511,sh603937,有色,大周期
20260511,sz003036,有色,大周期
20260511,sh605086,储能,电网
20260511,sz002580,液冷,人工智能
20260511,sz000036,有色,大周期
20260511,sz002091,有色,大周期
20260511,sz002256,机器人,人工智能
20260511,sz002902,光通信,人工智能
20260511,sz001267,光通信,人工智能
20260511,sz301183,有色,大周期
20260511,sz002222,光通信,人工智能
20260511,sh603618,PCB,半导体
20260511,sz000720,光通信,人工智能
20260511,sh600498,航天,商业航天
20260511,sh600345,有色,大周期
20260511,sz300283,有色,大周期
20260511,sz002929,算力,人工智能
20260511,sh603636,算力,人工智能
20260511,sh600589,算力,人工智能
20260511,sz002642,有色,大周期
20260511,sz000863,有色,大周期
20260511,sh600724,有色,大周期
20260511,sh605358,半导体,半导体
20260511,sz001333,封装,半导体
20260511,sh600936,有色,大周期
20260511,sz000582,有色,大周期
20260511,sh605169,天然气,大周期
20260511,sz002259,天然气,大周期
20260511,sz002317,有色,大周期
20260511,sh600222,有色,大周期
20260511,sh603843,有色,大周期
20260511,sh600476,有色,大周期
20260511,sz000826,有色,大周期
20260511,sh600892,有色,大周期
20260511,sh600228,有色,大周期
20260511,sz002211,有色,大周期
20260511,sh603869,有色,大周期
20260511,sz000016,有色,大周期
20260511,sz000911,有色,大周期
20260511,sz003032,有色,大周期
20260511,sz000909,有色,大周期
20260511,sz002655,有色,大周期
20260511,sz002930,有色,大周期
20260511,sz002624,传媒,大消费
20260511,sz000782,化工,大周期
20260511,sz002397,有色,大周期
20260511,sz000659,有色,大周期
20260511,sz002866,储能,电网
20260511,sz002629,油气,大周期
20260511,sh600391,有色,大周期
20260511,sz002132,化工,大周期
20260511,sh603373,无人机,商业航天
20260511,sh603878,黑色,大周期
20260511,sh603311,有色,大周期
20260511,sh688260,有色,大周期
20260511,sh600984,有色,大周期
20260513,sh603031,芯片,半导体
20260513,sz002297,航天,商业航天
20260512,sz002081,航天,商业航天
20260512,sh600076,半导体,半导体
20260512,sz000672,半导体,半导体
20260512,sh600172,有色,大周期
20260512,sh603061,半导体,半导体
20260512,sz002787,储能,电网
20260512,sz002208,有色,大周期
20260512,sh600667,存储,半导体
20260512,sh600396,电力,电网
20260512,sh601991,有色,大周期
20260512,sh600719,电力,电网
20260512,sz000601,有色,大周期
20260512,sz000591,电力,电网
20260512,sz000767,电力,电网
20260512,sh603070,电网,电网
20260512,sz002346,电网,电网
20260512,sz002300,电网,电网
20260512,sz002498,电网,电网
20260512,sz002606,电网,电网
20260512,sz002560,电网,电网
20260512,sz002491,光通信,人工智能
20260512,sh600869,光通信,人工智能
20260512,sz002522,有色,大周期
20260512,sz300265,航天,商业航天
20260512,sz301196,有色,大周期
20260512,sz002552,PCB,半导体
20260512,sh603688,有色,大周期
20260512,sh603186,PCB,半导体
20260512,sz001359,PCB,半导体
20260512,sh603895,机器人,人工智能
20260512,sh603037,机器人,人工智能
20260512,sh603331,机器人,人工智能
20260512,sh603211,机器人,人工智能
20260512,sz000029,有色,大周期
20260512,sz000006,有色,大周期
20260512,sh603682,AI应用,人工智能
20260512,sh603269,液冷,人工智能
20260512,sz300004,液冷,人工智能
20260512,sh603203,液冷,人工智能
20260512,sz000925,算力,人工智能
20260512,sz002428,有色,大周期
20260512,sh600488,有色,大周期
20260512,sz000950,有色,大周期
20260512,sz002918,有色,大周期
20260512,sz002254,有色,大周期
20260512,sz300449,算力,人工智能
20260512,sh600381,有色,大周期
20260512,sz002289,有色,大周期
20260512,sz000711,有色,大周期
20260512,sh600730,有色,大周期
20260512,sh603580,有色,大周期
20260512,sh603272,有色,大周期
20260512,sz002207,有色,大周期
20260512,sh603557,有色,大周期
20260512,sh603398,有色,大周期
20260512,sz002199,有色,大周期
20260512,sh603559,有色,大周期
20260512,sz002856,有色,大周期
20260512,sh600082,有色,大周期
20260512,sh600337,有色,大周期
20260512,sh603189,有色,大周期
20260512,sz002693,有色,大周期
20260512,sh600734,有色,大周期
20260512,sh603959,有色,大周期
20260512,sh600537,有色,大周期
20260512,sz000826,有色,大周期
20260512,sz002501,有色,大周期
20260512,sz002514,有色,大周期
20260512,sz002102,有色,大周期
20260512,sz000632,有色,大周期
20260512,sz002789,有色,大周期
20260512,sz000010,有色,大周期
20260512,sz000909,有色,大周期
20260512,sz002175,有色,大周期
20260512,sh603378,有色,大周期
20260512,sh600302,有色,大周期
20260512,sz002431,有色,大周期
20260512,sh603021,有色,大周期
20260512,sh600084,有色,大周期
20260512,sz002528,有色,大周期
20260512,sh600735,有色,大周期
20260512,sz000908,有色,大周期
20260512,sh600187,有色,大周期
20260512,sh600530,食品,大消费
20260512,sh600683,有色,大周期
20260512,sz001259,有色,大周期
20260512,sz001211,有色,大周期
20260512,sz300959,有色,大周期
20260512,sh603052,有色,大周期
20260512,sz301197,有色,大周期
20260512,sh603320,家电,大消费
20260512,sh603007,有色,大周期
20260512,sh605198,有色,大周期
20260512,sz002190,有色,大周期
20260520,sh603938,有色,大周期
20260520,sz000417,有色,大周期
20260520,sh603316,存储,半导体
20260520,sh601133,有色,大周期
20260520,sz002654,存储,半导体
20260520,sh600604,有色,大周期
20260520,sz001269,光伏,电网
20260520,sh600611,有色,大周期
20260520,sh603005,封装,半导体
20260520,sh603687,算力,人工智能
20260520,sh688584,半导体,半导体
20260520,sh603353,封装,半导体
20260520,sh600895,半导体,半导体
20260520,sz000859,半导体,半导体
20260520,sz301013,机器人,人工智能
20260520,sh600962,半导体,半导体
20260520,sh603324,有色,大周期
20260520,sh603061,半导体,半导体
20260520,sz002169,半导体,半导体
20260520,sh688449,存储,半导体
20260520,sh603986,存储,半导体
20260520,sh603375,半导体,半导体
20260520,sz002782,机器人,人工智能
20260520,sh605288,机器人,人工智能
20260520,sh603790,有色,大周期
20260520,sh600615,机器人,人工智能
20260520,sz001313,机器人,人工智能
20260520,sz002645,有色,大周期
20260520,sz003036,机器人,人工智能
20260520,sz002421,液冷,人工智能
20260520,sz002272,液冷,人工智能
20260520,sz002158,半导体,半导体
20260520,sh603090,液冷,人工智能
20260520,sz002126,机器人,人工智能
20260520,sz001266,航天,商业航天
20260520,sz002407,有色,大周期
20260520,sz000716,储能,电网
20260520,sz002442,化工,大周期
20260520,sz002787,储能,电网
20260520,sz000695,储能,电网
20260520,sz301092,有色,大周期
20260520,sh603618,PCB,半导体
20260520,sh603186,PCB,半导体
20260520,sh603919,饮料,大消费
20260520,sh600530,有色,大周期
20260520,sz000880,有色,大周期
20260520,sz301020,有色,大周期
20260520,sz002796,光通信,人工智能
20260520,sh600563,有色,大周期
20260520,sz002514,有色,大周期
20260520,sh603008,有色,大周期
20260520,sh600302,有色,大周期
20260520,sz002055,有色,大周期
20260520,sh600678,有色,大周期
20260520,sz301139,有色,大周期
20260520,sh603517,有色,大周期
20260520,sh600238,有色,大周期
20260520,sz001259,有色,大周期
20260520,sh603779,有色,大周期
20260520,sz003004,有色,大周期
20260520,sz000518,有色,大周期
20260520,sz301322,有色,大周期
20260520,sz300069,航天,商业航天
20260520,sz000809,有色,大周期
20260520,sz000926,有色,大周期
20260520,sz002072,有色,大周期
20260520,sz000890,有色,大周期
20260520,sh688323,航天,商业航天
20260520,sh603663,有色,大周期
20260527,sh600726,电力,电网
20260527,sh600863,电力,电网
20260527,sh600396,电力,电网
20260527,sh600744,电力,电网
20260527,sh600758,煤炭,大周期
20260527,sz000539,电力,电网
20260527,sz000601,有色,大周期
20260527,sh603895,机器人,人工智能
20260527,sz001299,储能,电网
20260527,sz002706,储能,电网
20260527,sh601126,储能,电网
20260527,sh603989,有色,大周期
20260527,sz002012,有色,大周期
20260527,sz002484,有色,大周期
20260527,sz000892,AI应用,人工智能
20260527,sz300291,AI应用,人工智能
20260527,sh603533,AI应用,人工智能
20260527,sz000509,PCB,半导体
20260527,sz002579,PCB,半导体
20260527,sh603011,PCB,半导体
20260527,sh603663,有色,大周期
20260527,sz001257,有色,大周期
20260527,sz001360,有色,大周期
20260527,sz002927,算力,人工智能
20260527,sh605066,算力,人工智能
20260527,sh605300,食品,大消费
20260527,sh600779,饮料,大消费
20260527,sz002251,有色,大周期
20260527,sz000759,有色,大周期
20260527,sz002129,光伏,电网
20260527,sh603578,化工,大周期
20260527,sh603633,机器人,人工智能
20260527,sh600353,光通信,人工智能
20260527,sh600162,有色,大周期
20260527,sz000608,有色,大周期
20260527,sz002771,液冷,人工智能
20260527,sh605289,AI应用,人工智能
20260527,sh605055,机器人,人工智能
20260527,sh603032,机器人,人工智能
20260527,sz002971,有色,大周期
20260527,sh603272,有色,大周期
20260527,sz002856,有色,大周期
20260527,sh600745,有色,大周期
20260527,sz002323,有色,大周期
20260527,sz000056,有色,大周期
20260527,sh600381,有色,大周期
20260527,sh603021,有色,大周期
20260527,sz002199,有色,大周期
20260527,sh600265,有色,大周期
20260527,sz002082,有色,大周期
20260527,sz002024,有色,大周期
20260527,sh600340,有色,大周期
20260527,sz002528,有色,大周期
20260527,sz002726,有色,大周期
20260527,sh603115,有色,大周期
20260527,sz002072,有色,大周期
20260527,sh603538,有色,大周期
20260527,sh603335,有色,大周期
20260527,sh603968,化工,大周期
20260527,sz002881,算力,人工智能
20260527,sh605167,核电,电网
20260519,sh603082,机器人,人工智能
20260519,sh605488,机器人,人工智能
20260519,sz002178,机器人,人工智能
20260519,sz002067,机器人,人工智能
20260519,sh603466,机器人,人工智能
20260519,sz000910,机器人,人工智能
20260519,sh603178,机器人,人工智能
20260519,sh605288,机器人,人工智能
20260519,sz001326,机器人,人工智能
20260519,sh688360,机器人,人工智能
20260519,sh600835,机器人,人工智能
20260519,sz300634,机器人,人工智能
20260519,sz002208,有色,大周期
20260519,sh603938,有色,大周期
20260519,sz000417,有色,大周期
20260519,sh603316,存储,半导体
20260519,sh603163,有色,大周期
20260519,sz301379,存储,半导体
20260519,sh600246,航天,商业航天
20260519,sh688419,半导体,半导体
20260519,sz002845,有色,大周期
20260519,sh605358,半导体,半导体
20260519,sh688126,半导体,半导体
20260519,sh600758,煤炭,大周期
20260519,sh600863,电力,电网
20260519,sh600021,电力,电网
20260519,sh600310,电力,电网
20260519,sz000600,电力,电网
20260519,sh600452,电力,电网
20260519,sh601222,电力,电网
20260519,sz001896,有色,大周期
20260519,sz000899,电力,电网
20260519,sz002893,有色,大周期
20260519,sh603206,算力,人工智能
20260519,sz300657,有色,大周期
20260519,sh600850,算力,人工智能
20260519,sz002375,算力,人工智能
20260519,sh603636,算力,人工智能
20260519,sz300608,航天,商业航天
20260519,sh601929,航天,商业航天
20260519,sh600831,算力,人工智能
20260519,sz002123,算力,人工智能
20260519,sh600186,算力,人工智能
20260519,sz000586,光通信,人工智能
20260519,sh688182,光通信,人工智能
20260519,sh600353,光通信,人工智能
20260519,sz000026,光通信,人工智能
20260519,sz300632,有色,大周期
20260519,sz002281,光通信,人工智能
20260519,sh603083,光通信,人工智能
20260519,sz002421,液冷,人工智能
20260519,sz002272,液冷,人工智能
20260519,sh600481,航天,商业航天
20260519,sh600506,液冷,人工智能
20260519,sz002831,液冷,人工智能
20260519,sz000811,液冷,人工智能
20260519,sz002782,机器人,人工智能
20260519,sh603333,电网,电网
20260519,sz002150,储能,电网
20260519,sz301120,机器人,人工智能
20260519,sz002552,PCB,半导体
20260519,sz301176,PCB,半导体
20260519,sh603380,PCB,半导体
20260519,sh688610,PCB,半导体
20260519,sh603067,有色,大周期
20260519,sz002246,有色,大周期
20260519,sz002226,有色,大周期
20260519,sh603823,化工,大周期
20260519,sz000636,有色,大周期
20260519,sh688260,有色,大周期
20260519,sh605376,有色,大周期
20260519,sh603989,液冷,人工智能
20260519,sh600563,算力,人工智能
20260519,sz002484,有色,大周期
20260519,sh600903,天然气,大周期
20260519,sh603727,油气,大周期
20260519,sz002173,有色,大周期
20260519,sh603108,AI应用,人工智能
20260519,sz002207,有色,大周期
20260519,sh603272,有色,大周期
20260519,sz002856,有色,大周期
20260519,sz002514,有色,大周期
20260519,sz000669,有色,大周期
20260519,sz000909,有色,大周期
20260519,sh603008,有色,大周期
20260519,sh600965,有色,大周期
20260519,sz002713,有色,大周期
20260519,sh600302,有色,大周期
20260519,sz002055,有色,大周期
20260519,sz000609,有色,大周期
20260519,sh600340,有色,大周期
20260519,sh603359,有色,大周期
20260519,sz002592,有色,大周期
20260519,sz002691,有色,大周期
20260519,sh600165,有色,大周期
20260519,sh600734,有色,大周期
20260519,sz000821,有色,大周期
20260519,sz000903,有色,大周期
20260519,sh600491,有色,大周期
20260519,sh603959,有色,大周期
20260519,sh600053,有色,大周期
20260519,sz000639,有色,大周期
20260519,sh600239,有色,大周期
20260519,sz000016,有色,大周期
20260519,sh601718,有色,大周期
20260519,sh600537,有色,大周期
20260519,sz300152,有色,大周期
20260519,sh603822,有色,大周期
20260519,sz002512,有色,大周期
20260519,sz002323,有色,大周期
20260519,sz001259,有色,大周期
20260519,sh603779,有色,大周期
20260519,sh605218,有色,大周期
20260519,sh603115,有色,大周期
20260519,sh603311,有色,大周期
20260519,sh600626,有色,大周期
20260519,sh600936,有色,大周期
20260519,sh603608,有色,大周期
20260519,sz002135,光伏,电网
20260519,sh603999,传媒,大消费
20260519,sz300616,有色,大周期
20260519,sz002988,有色,大周期
20260515,sh603082,机器人,人工智能
20260515,sh600784,机器人,人工智能
20260515,sh603767,机器人,人工智能
20260515,sh603370,机器人,人工智能
20260515,sz002892,机器人,人工智能
20260515,sz002979,机器人,人工智能
20260515,sz002031,机器人,人工智能
20260515,sz300276,机器人,人工智能
20260515,sh603677,机器人,人工智能
20260515,sh603040,机器人,人工智能
20260515,sz301696,机器人,人工智能
20260515,sz002196,机器人,人工智能
20260515,sh688697,机器人,人工智能
20260515,sz002915,有色,大周期
20260515,sh601678,有色,大周期
20260515,sh603505,化工,大周期
20260515,sz002407,有色,大周期
20260515,sh603333,有色,大周期
20260515,sh688549,有色,大周期
20260515,sh603078,有色,大周期
20260515,sh603310,化工,大周期
20260515,sz002971,有色,大周期
20260515,sz300721,半导体,半导体
20260515,sz001333,半导体,半导体
20260515,sh601133,有色,大周期
20260515,sh603598,传媒,大消费
20260515,sh600088,有色,大周期
20260515,sh600386,传媒,大消费
20260515,sh605099,有色,大周期
20260515,sz002395,化工,大周期
20260515,sz002181,AI应用,人工智能
20260515,sh603390,AI应用,人工智能
20260515,sh600081,AI应用,人工智能
20260515,sz002918,有色,大周期
20260515,sh603386,PCB,半导体
20260515,sh603520,储能,电网
20260515,sz300878,有色,大周期
20260515,sh603278,航天,商业航天
20260515,sz300263,航天,商业航天
20260515,sh601991,电力,电网
20260515,sh600578,电力,电网
20260515,sh603248,风电,电网
20260515,sz002421,液冷,人工智能
20260515,sh600381,有色,大周期
20260515,sz002207,有色,大周期
20260515,sz002856,有色,大周期
20260515,sh603559,有色,大周期
20260515,sz002514,有色,大周期
20260515,sh603378,有色,大周期
20260515,sz000826,有色,大周期
20260515,sz002175,有色,大周期
20260515,sh600289,有色,大周期
20260515,sz000669,有色,大周期
20260515,sh600568,有色,大周期
20260515,sz000668,有色,大周期
20260515,sh603008,有色,大周期
20260515,sh603389,有色,大周期
20260515,sz000518,有色,大周期
20260515,sz000595,有色,大周期
20260515,sz002581,有色,大周期
20260515,sz000608,有色,大周期
20260515,sz001259,有色,大周期
20260515,sh603779,有色,大周期
20260515,sz002374,饮料,大消费
20260515,sh600510,电网,电网
20260515,sh603697,食品,大消费
20260515,sh603363,有色,大周期
20260515,sh601996,有色,大周期
20260515,sz002348,有色,大周期
20260515,sz002066,有色,大周期
20260515,sz002729,电力,电网
20260515,sz301081,有色,大周期
20260525,sh603661,有色,大周期
20260525,sh600539,半导体,半导体
20260525,sh603005,封装,半导体
20260525,sh605111,有色,大周期
20260525,sz002185,光通信,人工智能
20260525,sh603823,半导体,半导体
20260525,sz002388,半导体,半导体
20260525,sh688110,存储,半导体
20260525,sh688001,半导体,半导体
20260525,sz002438,半导体,半导体
20260525,sh600520,机器人,人工智能
20260525,sh603010,半导体,半导体
20260525,sh605588,有色,大周期
20260525,sh603360,化工,大周期
20260525,sz300975,芯片,半导体
20260525,sh688347,有色,大周期
20260525,sh688362,半导体,半导体
20260525,sz002156,半导体,半导体
20260525,sz002745,半导体,半导体
20260525,sh600584,半导体,半导体
20260525,sz002409,半导体,半导体
20260525,sh600578,电力,电网
20260525,sz000875,电力,电网
20260525,sh600726,电力,电网
20260525,sh600310,电力,电网
20260525,sz000966,电力,电网
20260525,sh600863,电力,电网
20260525,sh600969,电力,电网
20260525,sh600396,电力,电网
20260525,sz002980,芯片,半导体
20260525,sz002975,液冷,人工智能
20260525,sz002951,光通信,人工智能
20260525,sz002957,光通信,人工智能
20260525,sz300939,有色,大周期
20260525,sh603203,液冷,人工智能
20260525,sh603083,光通信,人工智能
20260525,sz000988,光通信,人工智能
20260525,sz002552,PCB,半导体
20260525,sh600186,算力,人工智能
20260525,sz002938,PCB,半导体
20260525,sh603936,PCB,半导体
20260525,sz002741,PCB,半导体
20260525,sh603256,有色,大周期
20260525,sz300196,PCB,半导体
20260525,sh600503,机器人,人工智能
20260525,sz003036,机器人,人工智能
20260525,sz002674,机器人,人工智能
20260525,sh603730,机器人,人工智能
20260525,sz300626,机器人,人工智能
20260525,sh600592,机器人,人工智能
20260525,sz300275,机器人,人工智能
20260525,sz000409,机器人,人工智能
20260525,sz002526,机器人,人工智能
20260525,sh601608,机器人,人工智能
20260525,sz002645,有色,大周期
20260525,sz300779,有色,大周期
20260525,sz002056,有色,大周期
20260525,sz300835,有色,大周期
20260525,sh600234,算力,人工智能
20260525,sh600831,算力,人工智能
20260525,sh600996,算力,人工智能
20260525,sh605566,算力,人工智能
20260525,sz002421,AI应用,人工智能
20260525,sz002432,有色,大周期
20260525,sh603990,机器人,人工智能
20260525,sh603956,AI应用,人工智能
20260525,sh600172,有色,大周期
20260525,sh605580,电力,电网
20260525,sz300868,有色,大周期
20260525,sz000926,有色,大周期
20260525,sh600162,有色,大周期
20260525,sh600376,有色,大周期
20260525,sh603871,无人机,商业航天
20260525,sh600603,无人机,商业航天
20260525,sz002051,有色,大周期
20260525,sh603919,饮料,大消费
20260525,sh605198,有色,大周期
20260525,sz000995,饮料,大消费
20260525,sz000636,有色,大周期
20260525,sz002585,有色,大周期
20260525,sh600395,煤炭,大周期
20260525,sh601666,煤炭,大周期
20260525,sz002927,有色,大周期
20260525,sz002851,有色,大周期
20260525,sz002897,光通信,人工智能
20260525,sz002947,有色,大周期
20260525,sz002297,航天,商业航天
20260525,sz000509,航天,商业航天
20260525,sz002514,有色,大周期
20260525,sz000711,有色,大周期
20260525,sz002055,有色,大周期
20260525,sh600302,有色,大周期
20260525,sz002199,有色,大周期
20260525,sz002667,有色,大周期
20260525,sh603595,有色,大周期
20260525,sz002634,有色,大周期
20260525,sz002175,有色,大周期
20260525,sh603021,有色,大周期
20260525,sh600745,有色,大周期
20260525,sh603517,有色,大周期
20260525,sz002323,有色,大周期
20260525,sz002691,有色,大周期
20260525,sh603272,有色,大周期
20260525,sz000056,有色,大周期
20260525,sh600735,有色,大周期
20260525,sh600730,有色,大周期
20260525,sh600381,有色,大周期
20260525,sz002207,有色,大周期
20260525,sz002856,有色,大周期
20260525,sz000016,有色,大周期
20260525,sh600370,有色,大周期
20260525,sh600889,有色,大周期
20260525,sh603378,有色,大周期
20260525,sz000518,有色,大周期
20260525,sh603663,有色,大周期
20260525,sh603001,有色,大周期
20260525,sz000510,有色,大周期
20260525,sz002735,有色,大周期
20260525,sz002976,AI应用,人工智能
20260525,sz002012,有色,大周期
20260525,sh600637,有色,大周期
20260525,sz000980,有色,大周期
20260525,sz002718,有色,大周期
20260525,sz002613,化工,大周期
20260525,sh600851,有色,大周期
20260525,sz002693,有色,大周期
20260525,sz000564,有色,大周期
20260525,sh603303,有色,大周期
20260522,sz002552,有色,大周期
20260522,sh603186,PCB,半导体
20260522,sh600186,算力,人工智能
20260522,sz002938,PCB,半导体
20260522,sh688603,PCB,半导体
20260522,sh600545,有色,大周期
20260522,sh603228,PCB,半导体
20260522,sh605006,有色,大周期
20260522,sh603256,有色,大周期
20260522,sz000657,有色,大周期
20260522,sz301628,PCB,半导体
20260522,sh688020,有色,大周期
20260522,sz301377,机器人,人工智能
20260522,sz300243,有色,大周期
20260522,sh600183,PCB,半导体
20260522,sz002080,PCB,半导体
20260522,sh601208,PCB,半导体
20260522,sz002463,PCB,半导体
20260522,sz002916,PCB,半导体
20260522,sh603936,PCB,半导体
20260522,sz002741,PCB,半导体
20260522,sz301362,PCB,半导体
20260522,sh600601,PCB,半导体
20260522,sh603806,PCB,半导体
20260522,sh603459,PCB,半导体
20260522,sz000417,有色,大周期
20260522,sh600611,有色,大周期
20260522,sh603661,有色,大周期
20260522,sh600539,半导体,半导体
20260522,sh603931,半导体,半导体
20260522,sz002453,半导体,半导体
20260522,sh603867,半导体,半导体
20260522,sh603800,半导体,半导体
20260522,sh688512,芯片,半导体
20260522,sz000670,芯片,半导体
20260522,sz301013,光通信,人工智能
20260522,sz000026,光通信,人工智能
20260522,sh600683,芯片,半导体
20260522,sz002725,芯片,半导体
20260522,sz002980,光通信,人工智能
20260522,sz301312,光通信,人工智能
20260522,sz002273,有色,大周期
20260522,sz002897,光通信,人工智能
20260522,sz000636,有色,大周期
20260522,sh605376,有色,大周期
20260522,sh688260,有色,大周期
20260522,sz002585,有色,大周期
20260522,sh603678,有色,大周期
20260522,sz002859,有色,大周期
20260522,sh603267,有色,大周期
20260522,sh600563,有色,大周期
20260522,sh603989,液冷,人工智能
20260522,sz002806,有色,大周期
20260522,sh600888,有色,大周期
20260522,sh605180,有色,大周期
20260522,sz000962,有色,大周期
20260522,sz300174,有色,大周期
20260522,sz001225,机器人,人工智能
20260522,sz002931,有色,大周期
20260522,sh600503,机器人,人工智能
20260522,sz300907,机器人,人工智能
20260522,sh603960,机器人,人工智能
20260522,sz002823,机器人,人工智能
20260522,sh603663,有色,大周期
20260522,sz000510,有色,大周期
20260522,sz000060,有色,大周期
20260522,sz000630,有色,大周期
20260522,sh600497,有色,大周期
20260522,sz002733,算力,人工智能
20260522,sz002121,储能,电网
20260522,sz002885,算力,人工智能
20260522,sz002993,有色,大周期
20260522,sz002245,有色,大周期
20260522,sz002442,有色,大周期
20260522,sh603379,化工,大周期
20260522,sh600596,化工,大周期
20260522,sh605366,光伏,电网
20260522,sh600160,化工,大周期
20260522,sh600172,有色,大周期
20260522,sh605580,有色,大周期
20260522,sz002046,机器人,人工智能
20260522,sz300179,有色,大周期
20260522,sz002272,液冷,人工智能
20260522,sz002975,液冷,人工智能
20260522,sh603890,液冷,人工智能
20260522,sh603269,液冷,人工智能
20260522,sh600234,算力,人工智能
20260522,sz000818,算力,人工智能
20260522,sz000997,有色,大周期
20260522,sz300069,航天,商业航天
20260522,sh601992,航天,商业航天
20260522,sz301588,航天,商业航天
20260522,sh603976,化工,大周期
20260522,sh603439,有色,大周期
20260522,sz002826,有色,大周期
20260522,sz000725,化工,大周期
20260522,sh600714,化工,大周期
20260522,sz002421,AI应用,人工智能
20260522,sz002432,AI应用,人工智能
20260522,sh600719,有色,大周期
20260522,sh605500,有色,大周期
20260522,sh603232,AI应用,人工智能
20260522,sz002055,有色,大周期
20260522,sh603595,有色,大周期
20260522,sz002634,有色,大周期
20260522,sz002175,有色,大周期
20260522,sz002193,有色,大周期
20260522,sz002199,有色,大周期
20260522,sz002667,有色,大周期
20260522,sh603922,有色,大周期
20260522,sz002431,有色,大周期
20260522,sz000711,有色,大周期
20260522,sz002076,有色,大周期
20260522,sz002762,有色,大周期
20260522,sh603721,有色,大周期
20260522,sz002496,有色,大周期
20260522,sz000595,有色,大周期
20260522,sz002253,有色,大周期
20260522,sz002501,有色,大周期
20260522,sh600892,有色,大周期
20260522,sz000826,有色,大周期
20260522,sh603021,有色,大周期
20260522,sh603261,有色,大周期
20260522,sz000518,有色,大周期
20260522,sh603115,有色,大周期
20260522,sh600303,有色,大周期
20260522,sz000012,化工,大周期
20260522,sz002036,AI应用,人工智能
20260522,sh600530,有色,大周期
20260522,sh603001,有色,大周期
20260522,sz002606,特高压,电网
20260522,sz001366,有色,大周期
20260522,sh600191,食品,大消费
20260522,sh600416,军工,商业航天
20260522,sz000532,有色,大周期
20260522,sh603223,有色,大周期
20260526,sz000510,有色,大周期
20260526,sz000506,有色,大周期
20260526,sh601958,有色,大周期
20260526,sz001257,有色,大周期
20260526,sz001376,有色,大周期
20260526,sh601600,有色,大周期
20260526,sh600301,有色,大周期
20260526,sz002552,PCB,半导体
20260526,sz000509,PCB,半导体
20260526,sh605006,有色,大周期
20260526,sh600183,PCB,半导体
20260526,sz002579,PCB,半导体
20260526,sh688183,PCB,半导体
20260526,sh603685,PCB,半导体
20260526,sz002388,封装,半导体
20260526,sh600520,封装,半导体
20260526,sz002185,封装,半导体
20260526,sh600584,封装,半导体
20260526,sh600378,液冷,人工智能
20260526,sh603353,封装,半导体
20260526,sz003036,机器人,人工智能
20260526,sz001331,机器人,人工智能
20260526,sh600635,有色,大周期
20260526,sz002896,机器人,人工智能
20260526,sh600726,电力,电网
20260526,sh600173,电力,电网
20260526,sh600021,电力,电网
20260526,sz300795,有色,大周期
20260526,sz002771,AI应用,人工智能
20260526,sz002181,AI应用,人工智能
20260526,sh600367,化工,大周期
20260526,sh603773,化工,大周期
20260526,sz002886,机器人,人工智能
20260526,sz301591,有色,大周期
20260526,sz002251,有色,大周期
20260526,sz000759,有色,大周期
20260526,sz002733,算力,人工智能
20260526,sz000711,有色,大周期
20260526,sh603272,有色,大周期
20260526,sz002514,有色,大周期
20260526,sz002856,有色,大周期
20260526,sz002055,有色,大周期
20260526,sz002667,有色,大周期
20260526,sh603595,有色,大周期
20260526,sh600745,有色,大周期
20260526,sz002323,有色,大周期
20260526,sh600381,有色,大周期
20260526,sz000056,有色,大周期
20260526,sh600730,有色,大周期
20260526,sh600265,有色,大周期
20260526,sz002547,有色,大周期
20260526,sz002569,有色,大周期
20260526,sz002082,有色,大周期
20260526,sz002848,有色,大周期
20260526,sz000668,有色,大周期
20260526,sz002585,有色,大周期
20260526,sh600172,有色,大周期
20260526,sh600162,有色,大周期
20260526,sz001366,有色,大周期
20260526,sh688335,有色,大周期
20260526,sz002627,旅游,大消费
20260526,sh605196,电缆,电网
20260526,sh603995,有色,大周期
20260526,sz003004,有色,大周期
20260529,sh603353,封装,半导体
20260529,sz002918,有色,大周期
20260529,sz000920,半导体,半导体
20260529,sz000859,芯片,半导体
20260529,sz300721,半导体,半导体
20260529,sh600360,半导体,半导体
20260529,sz002669,半导体,半导体
20260529,sh688006,储能,电网
20260529,sh600246,算力,人工智能
20260529,sh688172,有色,大周期
20260529,sz300489,半导体,半导体
20260529,sh600206,半导体,半导体
20260529,sz000628,半导体,半导体
20260529,sz002552,PCB,半导体
20260529,sz000509,PCB,半导体
20260529,sz002579,PCB,半导体
20260529,sh603256,有色,大周期
20260529,sz002636,PCB,半导体
20260529,sh603527,PCB,半导体
20260529,sz300964,PCB,半导体
20260529,sh600176,有色,大周期
20260529,sz002203,PCB,半导体
20260529,sz002210,有色,大周期
20260529,sz000692,电力,电网
20260529,sh600032,电力,电网
20260529,sh600982,有色,大周期
20260529,sz000600,电力,电网
20260529,sz000791,有色,大周期
20260529,sz000636,有色,大周期
20260529,sh600063,有色,大周期
20260529,sz002243,有色,大周期
20260529,sh603678,有色,大周期
20260529,sh603267,有色,大周期
20260529,sz002859,有色,大周期
20260529,sh605376,有色,大周期
20260529,sz000530,体育,大消费
20260529,sh603757,有色,大周期
20260529,sz002639,核电,电网
20260529,sz003018,液冷,人工智能
20260529,sz301123,PCB,半导体
20260529,sz000063,液冷,人工智能
20260529,sz002871,液冷,人工智能
20260529,sh603989,有色,大周期
20260529,sz002484,有色,大周期
20260529,sz002263,有色,大周期
20260529,sz301565,有色,大周期
20260529,sh600237,有色,大周期
20260529,sz002975,液冷,人工智能
20260529,sh603773,光通信,人工智能
20260529,sz002428,有色,大周期
20260529,sh603031,光通信,人工智能
20260529,sh600330,有色,大周期
20260529,sz301205,光通信,人工智能
20260529,sh600172,有色,大周期
20260529,sh605580,电力,电网
20260529,sz300179,PCB,半导体
20260529,sz002943,有色,大周期
20260529,920725.BJ,有色,大周期
20260529,sh601958,有色,大周期
20260529,sh600367,化工,大周期
20260529,sh603988,风电,电网
20260529,sh603977,有色,大周期
20260529,sh600459,有色,大周期
20260529,sh603050,算力,人工智能
20260529,sz002350,电网,电网
20260529,sh603861,算力,人工智能
20260529,sz002857,电网,电网
20260529,sh601588,有色,大周期
20260529,sh603682,AI应用,人工智能
20260529,sz003036,机器人,人工智能
20260529,sh603032,机器人,人工智能
20260529,sz002957,光通信,人工智能
20260529,sh603006,机器人,人工智能
20260529,sh600589,算力,人工智能
20260529,sz000889,算力,人工智能
20260529,sh603110,PCB,半导体
20260529,sz002951,有色,大周期
20260529,sz000720,光通信,人工智能
20260529,sh603601,航天,商业航天
20260529,sh603458,航天,商业航天
20260529,sz002878,有色,大周期
20260529,sz000056,有色,大周期
20260529,sh600730,有色,大周期
20260529,sh600340,有色,大周期
20260529,sh600239,有色,大周期
20260529,sh600678,有色,大周期
20260529,sh600180,有色,大周期
20260529,sz002789,有色,大周期
20260529,sz000632,有色,大周期
20260529,sz002694,有色,大周期
20260529,sz000677,有色,大周期
20260529,sz002542,有色,大周期
20260529,sh603008,有色,大周期
20260529,sh603580,有色,大周期
20260529,sh600491,有色,大周期
20260529,sh603557,有色,大周期
20260529,sz002977,有色,大周期
20260529,sz002431,有色,大周期
20260529,sz002613,化工,大周期
20260529,sz002056,有色,大周期
20260529,sz000068,电网,电网
20260529,sz002397,有色,大周期
20260529,sh600527,化工,大周期
20260529,sz002640,有色,大周期
20260529,sz002348,有色,大周期
20260529,sh601101,煤炭,大周期
20260529,sh603955,有色,大周期
20260529,sz002688,有色,大周期
20260529,sh601369,有色,大周期
20260529,sh600151,光伏,电网
20260605,sz002787,储能,电网
20260605,sh600667,存储,半导体
20260605,sz002213,半导体,半导体
20260605,sz000670,芯片,半导体
20260605,sh600246,算力,人工智能
20260605,sz002971,有色,大周期
20260605,sh688146,有色,大周期
20260605,sz003043,半导体,半导体
20260605,sh605358,半导体,半导体
20260605,sh603005,封装,半导体
20260605,sz001309,存储,半导体
20260605,sh688378,半导体,半导体
20260605,sz002806,有色,大周期
20260605,sz002484,有色,大周期
20260605,sh603989,有色,大周期
20260605,sz000733,有色,大周期
20260605,sh603435,有色,大周期
20260605,sh600237,有色,大周期
20260605,920161.BJ,有色,大周期
20260605,sz002590,机器人,人工智能
20260605,sz002931,有色,大周期
20260605,sz002520,机器人,人工智能
20260605,sh603286,机器人,人工智能
20260605,sz002645,有色,大周期
20260605,sh603950,机器人,人工智能
20260605,sh605060,有色,大周期
20260605,sz301468,核电,电网
20260605,sh600482,有色,大周期
20260605,sh603067,有色,大周期
20260605,sz002353,有色,大周期
20260605,sh600367,化工,大周期
20260605,sz000536,化工,大周期
20260605,sz000725,化工,大周期
20260605,sz301188,化工,大周期
20260605,sz002951,有色,大周期
20260605,sh603330,光通信,人工智能
20260605,sh600255,有色,大周期
20260605,sh600353,光通信,人工智能
20260605,sh600703,光通信,人工智能
20260605,sh600408,煤炭,大周期
20260605,sz002072,煤炭,大周期
20260605,sh601666,煤炭,大周期
20260605,sh603516,液冷,人工智能
20260605,sh603090,液冷,人工智能
20260605,sh688668,液冷,人工智能
20260605,sz301123,PCB,半导体
20260605,sh605162,电力,电网
20260605,sz001896,电力,电网
20260605,sz001376,电力,电网
20260605,sh600868,电力,电网
20260605,sh605398,AI应用,人工智能
20260605,sh603610,有色,大周期
20260605,sh688031,有色,大周期
20260605,sz002585,有色,大周期
20260605,sz300726,有色,大周期
20260605,sh603920,机器人,人工智能
20260605,sh600226,PCB,半导体
20260605,sh688303,有色,大周期
20260605,sz002733,有色,大周期
20260605,sz002667,有色,大周期
20260605,sh600180,有色,大周期
20260605,sz002501,有色,大周期
20260605,sz002630,有色,大周期
20260605,sh600491,有色,大周期
20260605,sz000639,有色,大周期
20260605,sz000793,有色,大周期
20260605,sz000821,有色,大周期
20260605,sh601010,有色,大周期
20260605,sh600688,有色,大周期
20260605,sh600439,有色,大周期
20260605,sh600696,有色,大周期
20260605,sh600828,有色,大周期
20260605,sz000718,有色,大周期
20260605,sz002051,有色,大周期
20260605,sz002824,有色,大周期
20260605,sz002395,化工,大周期
20260605,sh603903,有色,大周期
20260605,sz300897,有色,大周期
20260605,sh603210,有色,大周期
20260605,sz002491,光通信,人工智能
20260605,sz002981,有色,大周期
20260605,sz002570,有色,大周期
20260605,sz003011,有色,大周期
20260603,sz002137,AI应用,人工智能
20260603,sz000700,机器人,人工智能
20260603,sh600936,机器人,人工智能
20260603,sz001223,机器人,人工智能
20260603,sh603135,机器人,人工智能
20260603,sz002965,机器人,人工智能
20260603,sh603656,机器人,人工智能
20260603,sz001326,机器人,人工智能
20260603,sh605555,机器人,人工智能
20260603,sz001278,机器人,人工智能
20260603,sh603236,机器人,人工智能
20260603,sh605018,机器人,人工智能
20260603,sh603319,机器人,人工智能
20260603,sh603109,机器人,人工智能
20260603,sh603120,半导体,半导体
20260603,sz002787,储能,电网
20260603,sh600198,半导体,半导体
20260603,sh600078,化工,大周期
20260603,sh605303,存储,半导体
20260603,sz002156,光通信,人工智能
20260603,sh688268,有色,大周期
20260603,sz001212,半导体,半导体
20260603,sh600310,电力,电网
20260603,sh605162,电力,电网
20260603,sz001896,电力,电网
20260603,sh600578,电力,电网
20260603,sh600505,电力,电网
20260603,sh600396,电力,电网
20260603,sh603330,光通信,人工智能
20260603,sh600255,有色,大周期
20260603,sh600103,光通信,人工智能
20260603,sh600683,芯片,半导体
20260603,sh601231,光通信,人工智能
20260603,sz002735,核电,电网
20260603,sz000881,核电,电网
20260603,sh600516,核电,电网
20260603,sz002125,有色,大周期
20260603,sz002167,有色,大周期
20260603,sh603663,有色,大周期
20260603,sz301366,PCB,半导体
20260603,sh688655,PCB,半导体
20260603,sh601208,PCB,半导体
20260603,sh605580,电力,电网
20260603,sz002046,机器人,人工智能
20260603,sh600487,光通信,人工智能
20260603,sh603938,有色,大周期
20260603,sh600403,煤炭,大周期
20260603,sh600121,煤炭,大周期
20260603,sh600596,化工,大周期
20260603,sz002132,化工,大周期
20260603,sz002023,半导体,半导体
20260603,sz300516,航天,商业航天
20260603,sh600367,化工,大周期
20260603,sz002875,算力,人工智能
20260603,sz002856,有色,大周期
20260603,sz002323,有色,大周期
20260603,sh600265,有色,大周期
20260603,sz002667,有色,大周期
20260603,sh600381,有色,大周期
20260603,sh600187,有色,大周期
20260603,sh600180,有色,大周期
20260603,sz002528,有色,大周期
20260603,sz002501,有色,大周期
20260603,sz002717,有色,大周期
20260603,sz002630,有色,大周期
20260603,sh603595,有色,大周期
20260603,sz002168,有色,大周期
20260603,sz002024,有色,大周期
20260603,sh600777,有色,大周期
20260603,sz300197,有色,大周期
20260603,sh603311,有色,大周期
20260603,sh600688,有色,大周期
20260603,sh601798,有色,大周期
20260603,sz001259,有色,大周期
20260603,sh600439,有色,大周期
20260603,sh600679,有色,大周期
20260603,sz301115,有色,大周期
20260603,sz000518,有色,大周期
20260603,sh600791,有色,大周期
20260603,sh603065,化工,大周期
20260603,sh603886,食品,大消费
20260202,sh603861,算力,人工智能
20260202,sz000533,核电,电网
20260202,sz002112,算力,人工智能
20260202,sz002339,电网,电网
20260202,sh600550,电网,电网
20260202,sz002498,电网,电网
20260202,sz002358,算力,人工智能
20260202,sh601616,电网,电网
20260202,sz002606,电网,电网
20260202,sz300215,电网,电网
20260202,sz000995,饮料,大消费
20260202,sh603919,饮料,大消费
20260202,sh603697,食品,大消费
20260202,sh603618,PCB,半导体
20260202,sz002491,光通信,人工智能
20260202,sz300265,光通信,人工智能
20260202,sz002830,AI应用,人工智能
20260202,sz002678,AI应用,人工智能
20260202,sz002291,AI应用,人工智能
20260202,sz002471,航天,商业航天
20260202,sz002780,航天,商业航天
20260202,sh603629,算力,人工智能
20260202,sz002575,算力,人工智能
20260202,sz000711,有色,大周期
20260202,sh600421,有色,大周期
20260202,sz002713,有色,大周期
20260202,sh603843,有色,大周期
20260202,sh600228,有色,大周期
20260202,sz000608,有色,大周期
20260202,sz000821,有色,大周期
20260202,sz000668,有色,大周期
20260202,sh603103,有色,大周期
20260202,sh603172,化工,大周期
20260202,sh605151,有色,大周期
20260202,sh600828,有色,大周期
20260202,sh600785,有色,大周期
20260202,sz301362,PCB,半导体
20260202,sz001368,体育,大消费
20260202,sh603117,无人机,商业航天
20260202,sz001326,机器人,人工智能
20260202,sh600232,储能,电网
20260202,sh600172,有色,大周期
20260202,sh605255,有色,大周期
20260202,sh688335,有色,大周期
20260126,sh601212,核电,电网
20260126,sz001337,有色,大周期
20260126,sz002716,有色,大周期
20260126,sz000506,有色,大周期
20260126,sh600531,有色,大周期
20260126,sz000603,有色,大周期
20260126,sz000751,有色,大周期
20260126,sz000630,有色,大周期
20260126,sz000657,有色,大周期
20260126,sh601069,有色,大周期
20260126,sz002155,有色,大周期
20260126,sh603132,有色,大周期
20260126,sz000629,化工,大周期
20260126,sz002842,有色,大周期
20260126,sz002378,有色,大周期
20260126,sz000426,有色,大周期
20260126,sh600489,有色,大周期
20260126,sz002237,有色,大周期
20260126,sh601958,有色,大周期
20260126,sz300139,有色,大周期
20260126,sz002218,光伏,电网
20260126,sh601615,光伏,电网
20260126,sz002506,光伏,电网
20260126,sz002623,光伏,电网
20260126,sh603331,光伏,电网
20260126,sh601226,机器人,人工智能
20260126,sh603578,化工,大周期
20260126,sz001288,机器人,人工智能
20260126,sh600173,机器人,人工智能
20260126,sz002009,储能,电网
20260126,sz301548,机器人,人工智能
20260126,sh603958,机器人,人工智能
20260126,sh603895,机器人,人工智能
20260126,sh605056,机器人,人工智能
20260126,sz301207,有色,大周期
20260126,sh600789,有色,大周期
20260126,sz300871,有色,大周期
20260126,sz300639,医药,大消费
20260126,sz000078,医药,大消费
20260126,sh688670,有色,大周期
20260126,sh600589,算力,人工智能
20260126,sz002575,算力,人工智能
20260126,sz300017,算力,人工智能
20260126,sh688158,航天,商业航天
20260126,sz000815,算力,人工智能
20260126,sh600986,AI应用,人工智能
20260126,sz002995,AI应用,人工智能
20260126,sz002030,AI应用,人工智能
20260126,sz002524,AI应用,人工智能
20260126,sz002165,半导体,半导体
20260126,sz003042,化工,大周期
20260126,sh600078,化工,大周期
20260126,sh603045,有色,大周期
20260126,sh688317,医药,大消费
20260126,sz002728,医药,大消费
20260126,sz002201,航天,商业航天
20260126,sh688323,航天,商业航天
20260126,sh600736,航天,商业航天
20260126,sh600759,油气,大周期
20260126,sh603619,油气,大周期
20260126,sz002022,有色,大周期
20260126,sz300463,有色,大周期
20260126,sh600916,有色,大周期
20260126,sh601869,光通信,人工智能
20260126,sz001270,有色,大周期
20260126,sh600735,有色,大周期
20260126,sz000821,有色,大周期
20260126,sz002816,有色,大周期
20260126,sh605081,有色,大周期
20260126,sz002647,有色,大周期
20260126,sz000711,有色,大周期
20260126,sz002667,有色,大周期
20260126,sz000593,有色,大周期
20260126,sh603271,有色,大周期
20260126,sz001277,煤炭,大周期
20260126,sh603353,半导体,半导体
20260126,sh600791,有色,大周期
20260129,sh600084,有色,大周期
20260129,sz000995,饮料,大消费
20260129,sz000799,饮料,大消费
20260129,sh603919,饮料,大消费
20260129,sh600779,饮料,大消费
20260129,sz000568,饮料,大消费
20260129,sh600199,饮料,大消费
20260129,sh601579,有色,大周期
20260129,sh600702,饮料,大消费
20260129,sz000596,饮料,大消费
20260129,sh600809,饮料,大消费
20260129,sz000858,饮料,大消费
20260129,sh603369,饮料,大消费
20260129,sh600559,饮料,大消费
20260129,sh603589,饮料,大消费
20260129,sh603198,饮料,大消费
20260129,sz002646,饮料,大消费
20260129,sh600197,饮料,大消费
20260129,sh600059,有色,大周期
20260129,sz002304,饮料,大消费
20260129,sh601212,核电,电网
20260129,sz000506,有色,大周期
20260129,sh600531,有色,大周期
20260129,sz002155,有色,大周期
20260129,sz000630,有色,大周期
20260129,sh601069,有色,大周期
20260129,sh601388,有色,大周期
20260129,sz001376,有色,大周期
20260129,sz000737,有色,大周期
20260129,sz000878,有色,大周期
20260129,sh600392,有色,大周期
20260129,sz002995,AI应用,人工智能
20260129,sh600986,AI应用,人工智能
20260129,sh603916,AI应用,人工智能
20260129,sz000607,AI应用,人工智能
20260129,sh600959,AI应用,人工智能
20260129,sh600215,AI应用,人工智能
20260129,sz002181,AI应用,人工智能
20260129,sz002678,AI应用,人工智能
20260129,sz300781,AI应用,人工智能
20260129,sz002970,AI应用,人工智能
20260129,sz000031,有色,大周期
20260129,sz000029,有色,大周期
20260129,sz000863,旅游,大消费
20260129,sh600684,有色,大周期
20260129,sz000560,有色,大周期
20260129,sh601155,有色,大周期
20260129,sh600649,有色,大周期
20260129,sz002455,化工,大周期
20260129,sz002440,化工,大周期
20260129,sh603172,化工,大周期
20260129,sh600273,化工,大周期
20260129,sh603599,化工,大周期
20260129,sh600722,有色,大周期
20260129,sh603980,化工,大周期
20260129,sh600759,油气,大周期
20260129,sh603619,油气,大周期
20260129,sz002207,油气,大周期
20260129,sh600871,油气,大周期
20260129,sz300164,油气,大周期
20260129,sh600339,油气,大周期
20260129,sz001316,航天,商业航天
20260129,sz300780,航天,商业航天
20260129,sz000901,航天,商业航天
20260129,sh600678,航天,商业航天
20260129,sh603876,有色,大周期
20260129,sz300975,有色,大周期
20260129,sz002948,有色,大周期
20260129,sh605080,体育,大消费
20260129,sh605099,体育,大消费
20260129,sz300344,有色,大周期
20260129,sz000711,有色,大周期
20260129,sh600421,有色,大周期
20260129,sh600696,有色,大周期
20260129,sh600916,有色,大周期
20260129,sh603958,机器人,人工智能
20260129,sz000813,医药,大消费
20260129,sh600499,有色,大周期
20260129,sh603001,有色,大周期
20260129,sh603103,传媒,大消费
20260129,sz002259,天然气,大周期
20260129,sz001386,有色,大周期
20260129,sh600785,有色,大周期
20260129,sh603162,有色,大周期
20260129,sh601118,化工,大周期
20260129,sz000554,有色,大周期
20260120,sh600230,有色,大周期
20260120,sz000949,化工,大周期
20260120,sh600955,化工,大周期
20260120,sz002810,化工,大周期
20260120,sz002165,半导体,半导体
20260120,sh605366,化工,大周期
20260120,sz002809,有色,大周期
20260120,sz300927,化工,大周期
20260120,sh600610,有色,大周期
20260120,sz002637,化工,大周期
20260120,sz002584,半导体,半导体
20260120,920471.BJ,化工,大周期
20260120,sh603737,化工,大周期
20260120,sh601117,电网,电网
20260120,sz002498,电网,电网
20260120,sz002358,算力,人工智能
20260120,sh601616,电网,电网
20260120,sz002546,电网,电网
20260120,sz003035,电网,电网
20260120,sh603421,半导体,半导体
20260120,sz002208,有色,大周期
20260120,sz000670,半导体,半导体
20260120,sh688380,存储,半导体
20260120,sz000417,有色,大周期
20260120,sz002291,AI应用,人工智能
20260120,sh603916,AI应用,人工智能
20260120,sh600986,AI应用,人工智能
20260120,sz002181,AI应用,人工智能
20260120,sh600649,有色,大周期
20260120,sz000031,有色,大周期
20260120,sh600675,有色,大周期
20260120,sh605089,有色,大周期
20260120,sz000523,有色,大周期
20260120,sz002716,有色,大周期
20260120,sh601212,有色,大周期
20260120,sz002931,有色,大周期
20260120,sh603926,机器人,人工智能
20260120,sz002201,航天,商业航天
20260120,sh600076,航天,商业航天
20260120,sh605580,电力,电网
20260120,sh601677,机器人,人工智能
20260120,sh600391,军工,商业航天
20260120,sz002689,有色,大周期
20260120,sh603822,有色,大周期
20260120,sz002592,有色,大周期
20260120,sz300344,有色,大周期
20260120,sz300391,有色,大周期
20260120,sz002289,有色,大周期
20260120,sz002305,有色,大周期
20260120,sz000669,有色,大周期
20260120,sz002969,有色,大周期
20260120,sh600774,有色,大周期
20260120,sh603320,有色,大周期
20260120,sh603078,有色,大周期
20260120,sh600187,有色,大周期
20260120,sz003039,有色,大周期
20260120,sh603616,电网,电网
20260120,sz000048,有色,大周期
20260120,sh600403,煤炭,大周期
20260120,sz300242,有色,大周期
20260120,sh600539,有色,大周期
20260120,sh600838,有色,大周期
20260121,sz000670,半导体,半导体
20260121,sh603078,半导体,半导体
20260121,sz002156,半导体,半导体
20260121,sh603058,半导体,半导体
20260121,sz000066,算力,人工智能
20260121,sh688047,算力,人工智能
20260121,sh603991,半导体,半导体
20260121,sz002077,封装,半导体
20260121,920427.BJ,半导体,半导体
20260121,sz002290,有色,大周期
20260121,sh600770,半导体,半导体
20260121,sz002185,半导体,半导体
20260121,sh603773,半导体,半导体
20260121,sh600246,航天,商业航天
20260121,sh603360,化工,大周期
20260121,sz001337,有色,大周期
20260121,sh601212,有色,大周期
20260121,sz000506,有色,大周期
20260121,sh600714,有色,大周期
20260121,sh603257,有色,大周期
20260121,sh600868,有色,大周期
20260121,sz300837,有色,大周期
20260121,sz001360,有色,大周期
20260121,sz000657,有色,大周期
20260121,sh601069,有色,大周期
20260121,sz002931,有色,大周期
20260121,sz000048,机器人,人工智能
20260121,sz002196,机器人,人工智能
20260121,sh600173,机器人,人工智能
20260121,sz002782,机器人,人工智能
20260121,sz000700,机器人,人工智能
20260121,sz002614,机器人,人工智能
20260121,sh603370,机器人,人工智能
20260121,sh603040,机器人,人工智能
20260121,sz001203,有色,大周期
20260121,sz002240,有色,大周期
20260121,sz000036,有色,大周期
20260121,sz000688,有色,大周期
20260121,sz002662,储能,电网
20260121,sz002809,化工,大周期
20260121,sz002165,半导体,半导体
20260121,sz002440,化工,大周期
20260121,sz002838,机器人,人工智能
20260121,sz000510,化工,大周期
20260121,sz002913,PCB,半导体
20260121,sz001389,PCB,半导体
20260121,sz301200,PCB,半导体
20260121,sh603256,有色,大周期
20260121,sz002995,AI应用,人工智能
20260121,sz002279,AI应用,人工智能
20260121,sz002799,AI应用,人工智能
20260121,sh600841,有色,大周期
20260121,sz000880,有色,大周期
20260121,sh603052,光通信,人工智能
20260121,sz301486,有色,大周期
20260121,sh603090,液冷,人工智能
20260121,sh603203,液冷,人工智能
20260121,sz002554,油气,大周期
20260121,sh600759,油气,大周期
20260121,sz301031,有色,大周期
20260121,sz002437,有色,大周期
20260121,sz002876,有色,大周期
20260121,sz000045,有色,大周期
20260121,sh605299,体育,大消费
20260121,sh601616,电网,电网
20260121,sz300391,有色,大周期
20260121,sz300344,有色,大周期
20260121,sz002808,有色,大周期
20260121,sh600735,有色,大周期
20260121,sh600193,有色,大周期
20260121,sh603261,有色,大周期
20260121,sh603021,有色,大周期
20260121,sh600568,有色,大周期
20260121,sh605081,有色,大周期
20260121,sz301023,有色,大周期
20260121,sh603608,有色,大周期
20260121,sz001202,无人机,商业航天
20260121,sh605287,有色,大周期
20260121,sh603313,有色,大周期
20260121,sh600676,有色,大周期
20260121,sh603311,有色,大周期
20260121,sz002851,有色,大周期
20260121,sh603023,AI应用,人工智能
20260121,sz002397,有色,大周期
20260121,sz002342,航天,商业航天
20260121,sz002890,有色,大周期
20260121,sz002431,有色,大周期
20260121,sh603655,有色,大周期
20260122,sz002201,航天,商业航天
20260122,sz002342,航天,商业航天
20260122,sz002985,航天,商业航天
20260122,sz002471,航天,商业航天
20260122,sh601608,机器人,人工智能
20260122,sz001316,航天,商业航天
20260122,sh601106,核电,电网
20260122,sz001379,核电,电网
20260122,sz002297,航天,商业航天
20260122,sh600330,航天,商业航天
20260122,sz002149,航天,商业航天
20260122,sz002865,光伏,电网
20260122,sh600192,电网,电网
20260122,sz002519,航天,商业航天
20260122,sz300775,航天,商业航天
20260122,sh600477,航天,商业航天
20260122,sh603601,航天,商业航天
20260122,sz301286,航天,商业航天
20260122,sh601992,航天,商业航天
20260122,sz002565,航天,商业航天
20260122,sz002931,有色,大周期
20260122,sh603040,机器人,人工智能
20260122,sh605488,机器人,人工智能
20260122,sz002420,机器人,人工智能
20260122,sh605118,机器人,人工智能
20260122,sz001288,机器人,人工智能
20260122,sh603665,机器人,人工智能
20260122,sz300828,机器人,人工智能
20260122,sh603305,机器人,人工智能
20260122,sz000670,半导体,半导体
20260122,sh603078,半导体,半导体
20260122,sh600770,半导体,半导体
20260122,920427.BJ,半导体,半导体
20260122,sz002183,半导体,半导体
20260122,sz002943,半导体,半导体
20260122,sh688699,芯片,半导体
20260122,sz002636,PCB,半导体
20260122,sh603256,有色,大周期
20260122,sz001389,PCB,半导体
20260122,sz002141,PCB,半导体
20260122,sz002815,PCB,半导体
20260122,sz002938,PCB,半导体
20260122,sz002279,有色,大周期
20260122,sz000839,有色,大周期
20260122,sz300592,AI应用,人工智能
20260122,sh603095,AI应用,人工智能
20260122,sz300454,AI应用,人工智能
20260122,sh600759,油气,大周期
20260122,sz000968,天然气,大周期
20260122,sz000407,油气,大周期
20260122,sh600391,有色,大周期
20260122,sz000880,有色,大周期
20260122,sz002283,有色,大周期
20260122,sh601212,有色,大周期
20260122,sh600868,有色,大周期
20260122,sz002716,有色,大周期
20260122,sh605277,机器人,人工智能
20260122,sh688195,有色,大周期
20260122,sz002639,核电,电网
20260122,sz002266,核电,电网
20260122,sh603220,算力,人工智能
20260122,sh688316,算力,人工智能
20260122,sz001373,有色,大周期
20260122,sz300391,有色,大周期
20260122,sz300344,有色,大周期
20260122,sz002592,有色,大周期
20260122,sz002689,有色,大周期
20260122,sh600735,有色,大周期
20260122,sh603261,有色,大周期
20260122,sh600228,有色,大周期
20260122,sh603843,有色,大周期
20260122,sz002306,有色,大周期
20260122,sz000004,有色,大周期
20260122,sz002485,有色,大周期
20260122,sz002569,有色,大周期
20260122,sz000820,有色,大周期
20260122,sh600696,有色,大周期
20260122,sz000793,有色,大周期
20260122,sz002898,有色,大周期
20260122,sh600525,有色,大周期
20260122,sh603559,有色,大周期
20260122,sz001270,有色,大周期
20260122,sz002969,有色,大周期
20260122,sz001202,有色,大周期
20260122,sz000036,有色,大周期
20260122,sh603608,有色,大周期
20260122,sh600403,煤炭,大周期
20260122,sz000927,无人机,商业航天
20260122,sh600058,有色,大周期
20260122,sh603778,光伏,电网
20260122,sz300737,有色,大周期
20260122,sz002629,有色,大周期
20260128,sh601212,核电,电网
20260128,sz001337,有色,大周期
20260128,sz000506,有色,大周期
20260128,sh600531,有色,大周期
20260128,sz002716,有色,大周期
20260128,sz002155,有色,大周期
20260128,sh603132,有色,大周期
20260128,sz000751,有色,大周期
20260128,sz000630,有色,大周期
20260128,sz002667,有色,大周期
20260128,sz000603,有色,大周期
20260128,sh601069,有色,大周期
20260128,sz300139,有色,大周期
20260128,sz002237,有色,大周期
20260128,sh600489,有色,大周期
20260128,sz002842,有色,大周期
20260128,sh601702,有色,大周期
20260128,sz001376,有色,大周期
20260128,sh601388,有色,大周期
20260128,sz002160,有色,大周期
20260128,sh600170,有色,大周期
20260128,sh603988,有色,大周期
20260128,sz301500,有色,大周期
20260128,sz001360,有色,大周期
20260128,sz000962,有色,大周期
20260128,sz002578,有色,大周期
20260128,sz002114,有色,大周期
20260128,sh601600,有色,大周期
20260128,sh601068,有色,大周期
20260128,sz000758,有色,大周期
20260128,sz000807,有色,大周期
20260128,sz000737,有色,大周期
20260128,sh600262,有色,大周期
20260128,sz002532,有色,大周期
20260128,sh600988,有色,大周期
20260128,sh600961,有色,大周期
20260128,sz000878,有色,大周期
20260128,sh600490,有色,大周期
20260128,sh600219,有色,大周期
20260128,sh600459,有色,大周期
20260128,sz003042,化工,大周期
20260128,sh603188,化工,大周期
20260128,sz002440,化工,大周期
20260128,sz002455,化工,大周期
20260128,sh600352,化工,大周期
20260128,sh600230,PCB,半导体
20260128,sz300798,化工,大周期
20260128,sh603077,化工,大周期
20260128,sh600987,有色,大周期
20260128,sh600916,有色,大周期
20260128,sz002721,有色,大周期
20260128,sh600655,有色,大周期
20260128,sh603900,有色,大周期
20260128,sh605599,有色,大周期
20260128,sz301177,有色,大周期
20260128,sh600759,油气,大周期
20260128,sh603619,油气,大周期
20260128,sh600871,油气,大周期
20260128,sz002207,油气,大周期
20260128,sz300164,油气,大周期
20260128,sz002119,半导体,半导体
20260128,sz000620,存储,半导体
20260128,sh688216,半导体,半导体
20260128,sz002169,有色,大周期
20260128,sz002724,有色,大周期
20260128,sz000573,有色,大周期
20260128,sz002342,航天,商业航天
20260128,sh603680,航天,商业航天
20260128,sh603601,航天,商业航天
20260128,sh600740,有色,大周期
20260128,sh601015,有色,大周期
20260128,sh603256,有色,大周期
20260128,sz002080,PCB,半导体
20260128,sh600869,液冷,人工智能
20260128,sz000815,算力,人工智能
20260128,sz001270,有色,大周期
20260128,sz000711,有色,大周期
20260128,sz002848,有色,大周期
20260128,sh603559,有色,大周期
20260128,sh603052,光通信,人工智能
20260128,sh603958,机器人,人工智能
20260128,sz000599,有色,大周期
20260128,sh600313,农业,大消费
20260128,sh601799,有色,大周期
20260127,sh688110,存储,半导体
20260127,sz300689,液冷,人工智能
20260127,sh603929,有色,大周期
20260127,sz002119,半导体,半导体
20260127,sh603163,有色,大周期
20260127,sh603061,半导体,半导体
20260127,sh603120,半导体,半导体
20260127,sz002185,半导体,半导体
20260127,sh688702,芯片,半导体
20260127,sz002943,半导体,半导体
20260127,sh603212,光伏,电网
20260127,sz002150,电网,电网
20260127,sh603396,光伏,电网
20260127,sz002634,光伏,电网
20260127,sh600475,光伏,电网
20260127,sh603381,光伏,电网
20260127,sh601212,核电,电网
20260127,sz001337,有色,大周期
20260127,sz000506,有色,大周期
20260127,sh600531,有色,大周期
20260127,sz002155,有色,大周期
20260127,sh603132,有色,大周期
20260127,sh603663,有色,大周期
20260127,sz002995,AI应用,人工智能
20260127,sz002030,AI应用,人工智能
20260127,sz002524,AI应用,人工智能
20260127,sz002291,AI应用,人工智能
20260127,sh603916,AI应用,人工智能
20260127,sz003031,光通信,人工智能
20260127,sh603052,光通信,人工智能
20260127,sz001267,光通信,人工智能
20260127,sz002796,光通信,人工智能
20260127,sz002218,光伏,电网
20260127,sh600877,航天,商业航天
20260127,sz002115,航天,商业航天
20260127,sz002446,航天,商业航天
20260127,sh600391,军工,商业航天
20260127,sh603488,军工,商业航天
20260127,sh600893,军工,商业航天
20260127,sz000738,军工,商业航天
20260127,sz002009,储能,电网
20260127,sh603121,机器人,人工智能
20260127,sh605288,光伏,电网
20260127,sz001311,机器人,人工智能
20260127,sh600916,有色,大周期
20260127,sh600172,有色,大周期
20260127,sz301396,算力,人工智能
20260127,sh600602,算力,人工智能
20260127,sz300639,AI应用,人工智能
20260127,sz001270,有色,大周期
20260127,sz300344,有色,大周期
20260127,sz002689,有色,大周期
20260127,sh603828,有色,大周期
20260127,sh600608,有色,大周期
20260127,sh603021,有色,大周期
20260127,sz003042,化工,大周期
20260127,sz000592,有色,大周期
20260127,sz300806,有色,大周期
20260127,sz000659,无人机,商业航天
20260130,sz002491,光通信,人工智能
20260130,sh601869,光通信,人工智能
20260130,sz301486,有色,大周期
20260130,sh601231,光通信,人工智能
20260130,sh603618,PCB,半导体
20260130,sh600330,航天,商业航天
20260130,sh600487,光通信,人工智能
20260130,sz002455,化工,大周期
20260130,sh603172,化工,大周期
20260130,sz002562,化工,大周期
20260130,sz002165,半导体,半导体
20260130,sh603010,化工,大周期
20260130,sz002995,AI应用,人工智能
20260130,sh603598,有色,大周期
20260130,sz002137,AI应用,人工智能
20260130,sh605289,AI应用,人工智能
20260130,sz300805,AI应用,人工智能
20260130,sh600313,农业,大消费
20260130,sz002041,农业,大消费
20260130,sh600371,农业,大消费
20260130,sh600354,农业,大消费
20260130,sz000995,饮料,大消费
20260130,sh600084,有色,大周期
20260130,sh603059,有色,大周期
20260130,sz000798,有色,大周期
20260130,sh600395,煤炭,大周期
20260130,sz300731,有色,大周期
20260130,sh688025,有色,大周期
20260130,sh688280,有色,大周期
20260130,sh601133,有色,大周期
20260130,sh601208,PCB,半导体
20260130,sh600667,存储,半导体
20260130,sz002009,储能,电网
20260130,sh603331,光伏,电网
20260130,sh603887,液冷,人工智能
20260130,sh603629,算力,人工智能
20260130,sh688583,航天,商业航天
20260130,sh600345,光通信,人工智能
20260130,sz001270,有色,大周期
20260130,sh600421,有色,大周期
20260130,sh600696,有色,大周期
20260130,sh600608,有色,大周期
20260130,sh600107,有色,大周期
20260130,sh600599,有色,大周期
20260130,sh603813,有色,大周期
20260130,sz002713,有色,大周期
20260130,sz000004,有色,大周期
20260130,sz002155,有色,大周期
20260130,sh603103,有色,大周期
20260130,sh600828,有色,大周期
20260130,sh603861,电力,电网
20260130,sz002830,有色,大周期
20260130,sh605151,有色,大周期
20260130,sh605003,有色,大周期
20260130,sh603863,有色,大周期
20260130,sz002952,有色,大周期
20260130,sh603391,有色,大周期
20260123,sz002943,半导体,半导体
20260123,sz002865,光伏,电网
20260123,sh601615,光伏,电网
20260123,sh600481,光伏,电网
20260123,sz002218,光伏,电网
20260123,sz002506,光伏,电网
20260123,sh603396,光伏,电网
20260123,920414.BJ,光伏,电网
20260123,sh603212,光伏,电网
20260123,sz300751,光伏,电网
20260123,sz300118,光伏,电网
20260123,sz000591,光伏,电网
20260123,sh688726,光伏,电网
20260123,sh603806,光伏,电网
20260123,sh603051,光伏,电网
20260123,sh600552,光伏,电网
20260123,sh688516,光伏,电网
20260123,sz300724,光伏,电网
20260123,sz002623,光伏,电网
20260123,sh600293,光伏,电网
20260123,920368.BJ,光伏,电网
20260123,sh600537,光伏,电网
20260123,sh601012,光伏,电网
20260123,sz003038,光伏,电网
20260123,sz002323,光伏,电网
20260123,sz300102,光伏,电网
20260123,sh600732,光伏,电网
20260123,sz300345,光伏,电网
20260123,sh600586,光伏,电网
20260123,sz300861,光伏,电网
20260123,sh688556,光伏,电网
20260123,sh688223,光伏,电网
20260123,sz300051,光伏,电网
20260123,sz002342,航天,商业航天
20260123,sz002471,有色,大周期
20260123,sz001316,航天,商业航天
20260123,sz002149,航天,商业航天
20260123,sh603773,航天,商业航天
20260123,sh600076,航天,商业航天
20260123,sh605598,航天,商业航天
20260123,sh688323,航天,商业航天
20260123,sz301149,航天,商业航天
20260123,sz300780,航天,商业航天
20260123,sh600498,光通信,人工智能
20260123,sz301232,航天,商业航天
20260123,sz002202,航天,商业航天
20260123,sz002792,光通信,人工智能
20260123,sz000561,航天,商业航天
20260123,sz001400,航天,商业航天
20260123,sh688270,航天,商业航天
20260123,sh600879,航天,商业航天
20260123,sh600118,航天,商业航天
20260123,sz002780,航天,商业航天
20260123,sz000751,有色,大周期
20260123,sz000159,有色,大周期
20260123,sz000603,有色,大周期
20260123,sz000630,有色,大周期
20260123,sh601702,有色,大周期
20260123,sh603612,有色,大周期
20260123,sh603095,AI应用,人工智能
20260123,sh600986,AI应用,人工智能
20260123,sz300986,AI应用,人工智能
20260123,sz000607,AI应用,人工智能
20260123,sh600959,AI应用,人工智能
20260123,sh601212,核电,电网
20260123,sz002721,有色,大周期
20260123,sh600531,有色,大周期
20260123,sh600916,有色,大周期
20260123,sz002931,有色,大周期
20260123,sz001223,机器人,人工智能
20260123,sh603920,机器人,人工智能
20260123,sh603130,机器人,人工智能
20260123,sz002810,化工,大周期
20260123,sz003042,化工,大周期
20260123,sz000565,化工,大周期
20260123,sz000990,化工,大周期
20260123,sz002150,储能,电网
20260123,sz002339,电网,电网
20260123,sz002112,算力,人工智能
20260123,sz002636,PCB,半导体
20260123,sh688002,有色,大周期
20260123,sh605016,有色,大周期
20260123,sz001203,有色,大周期
20260123,sh603200,液冷,人工智能
20260123,sh603878,黑色,大周期
20260123,sh600307,黑色,大周期
20260123,sz002405,AI应用,人工智能
20260123,sz002993,算力,人工智能
20260123,sh603078,半导体,半导体
20260123,sz002658,半导体,半导体
20260123,sz001270,有色,大周期
20260123,sz300391,有色,大周期
20260123,sz002592,有色,大周期
20260123,sh600735,有色,大周期
20260123,sh603261,有色,大周期
20260123,sh603843,有色,大周期
20260123,sz000820,有色,大周期
20260123,sh600525,有色,大周期
20260123,sh600228,有色,大周期
20260123,sz000004,有色,大周期
20260123,sz002569,有色,大周期
20260123,sz002816,有色,大周期
20260123,sz000821,有色,大周期
20260123,sz000608,有色,大周期
20260123,sz003004,有色,大周期
20260123,sz002058,有色,大周期
20260123,sz002005,有色,大周期
20260123,sh603939,有色,大周期
20260123,sh600774,有色,大周期
20260123,sh601118,化工,大周期
20260123,sz002492,有色,大周期
20260123,sz000593,有色,大周期
20260123,sh600340,有色,大周期
20260123,sz300436,有色,大周期
20260123,sz002088,有色,大周期
20260123,sz000592,有色,大周期
20260123,sz003041,有色,大周期
20260123,sz300385,有色,大周期
20260123,sz002679,有色,大周期
20260123,sz002667,有色,大周期
20260123,sh603138,有色,大周期
20260205,sh600828,有色,大周期
20260205,sh600814,有色,大周期
20260205,sz002264,AI应用,人工智能
20260205,sz000056,有色,大周期
20260205,sh601116,有色,大周期
20260205,sh600084,有色,大周期
20260205,sz002702,有色,大周期
20260205,sh603696,有色,大周期
20260205,sz002969,有色,大周期
20260205,sh600382,黑色,大周期
20260205,sh603826,化工,大周期
20260205,sz000592,有色,大周期
20260205,sh601187,有色,大周期
20260205,sz300300,AI应用,人工智能
20260205,sh603103,传媒,大消费
20260205,sh601599,传媒,大消费
20260205,sz002905,传媒,大消费
20260205,sz002291,AI应用,人工智能
20260205,sz002467,AI应用,人工智能
20260205,sz002995,AI应用,人工智能
20260205,sz002575,算力,人工智能
20260205,sh600156,机器人,人工智能
20260205,sz002361,航天,商业航天
20260205,sz002985,航天,商业航天
20260205,sz000822,化工,大周期
20260205,sh600796,化工,大周期
20260205,sz003036,有色,大周期
20260205,sh603429,有色,大周期
20260205,sz000711,有色,大周期
20260205,sz300344,有色,大周期
20260205,sz002713,有色,大周期
20260205,sh603843,有色,大周期
20260205,sh603557,有色,大周期
20260205,sz000609,有色,大周期
20260205,sz002528,有色,大周期
20260205,sz002630,有色,大周期
20260205,sz300152,有色,大周期
20260205,sh600107,有色,大周期
20260205,sz002742,有色,大周期
20260205,sh600136,有色,大周期
20260205,sz301362,PCB,半导体
20260205,sh600683,有色,大周期
20260205,sz300912,机器人,人工智能
20260205,sh601015,有色,大周期
20260205,sh603616,有色,大周期
20260205,sz002355,有色,大周期
20260205,sz002506,光伏,电网
20260205,sh603334,有色,大周期
20260205,sz300461,有色,大周期
20260205,sz003018,有色,大周期
20260205,sh603630,有色,大周期
20260205,sz002357,有色,大周期
20260205,sh603655,有色,大周期
20260205,sz002945,有色,大周期
20260205,sz002627,旅游,大消费
20260205,sz000636,有色,大周期
20260204,sh601015,有色,大周期
20260204,sh600188,煤炭,大周期
20260204,sh601898,煤炭,大周期
20260204,sh600792,有色,大周期
20260204,sh601001,煤炭,大周期
20260204,sh600740,煤炭,大周期
20260204,sh601011,煤炭,大周期
20260204,sh601699,煤炭,大周期
20260204,sz000983,煤炭,大周期
20260204,sh600546,煤炭,大周期
20260204,sh600403,煤炭,大周期
20260204,sh600971,煤炭,大周期
20260204,sh600997,有色,大周期
20260204,sh600481,光伏,电网
20260204,sh603778,光伏,电网
20260204,sz301636,有色,大周期
20260204,sz002623,化工,大周期
20260204,sz300393,有色,大周期
20260204,sz002218,光伏,电网
20260204,sh688223,有色,大周期
20260204,sh688429,光伏,电网
20260204,sh603381,光伏,电网
20260204,sz003038,光伏,电网
20260204,sz002129,有色,大周期
20260204,sh605376,有色,大周期
20260204,sz002506,光伏,电网
20260204,sh600860,氢能,电网
20260204,sz300423,氢能,电网
20260204,sz000723,煤炭,大周期
20260204,sz002278,氢能,电网
20260204,sz300985,氢能,电网
20260204,sh601226,氢能,电网
20260204,sh600683,有色,大周期
20260204,sz000838,有色,大周期
20260204,sz000517,有色,大周期
20260204,sh600325,有色,大周期
20260204,sz000560,有色,大周期
20260204,sz002126,机器人,人工智能
20260204,sz300912,机器人,人工智能
20260204,sz002334,机器人,人工智能
20260204,sz001223,储能,电网
20260204,sz301119,机器人,人工智能
20260204,sz000533,核电,电网
20260204,sh601096,电网,电网
20260204,sz002300,电网,电网
20260204,sz002441,电网,电网
20260204,sz002830,AI应用,人工智能
20260204,sz002853,有色,大周期
20260204,sz002791,有色,大周期
20260204,sh603618,PCB,半导体
20260204,sh600330,航天,商业航天
20260204,sz000070,光通信,人工智能
20260204,sh600115,有色,大周期
20260204,sz002928,有色,大周期
20260204,sz000039,油气,大周期
20260204,sh600759,油气,大周期
20260204,sh600814,有色,大周期
20260204,sh600778,有色,大周期
20260204,sz002342,航天,商业航天
20260204,sz000711,有色,大周期
20260204,sh600421,有色,大周期
20260204,sz000821,有色,大周期
20260204,sh603021,有色,大周期
20260204,sh600228,有色,大周期
20260204,sz002306,有色,大周期
20260204,sz002485,有色,大周期
20260204,sz002289,有色,大周期
20260204,sz300344,有色,大周期
20260204,sz301362,PCB,半导体
20260204,sh603616,有色,大周期
20260204,sz002970,算力,人工智能
20260204,sh600072,有色,大周期
20260204,sh603334,有色,大周期
20260204,sz002810,化工,大周期
20260204,sz002286,有色,大周期
20260204,sz002355,AI应用,人工智能
20260204,sh603826,化工,大周期
20260212,sz002272,液冷,人工智能
20260212,sh603757,液冷,人工智能
20260212,sh603088,机器人,人工智能
20260212,sz002975,液冷,人工智能
20260212,sz301317,液冷,人工智能
20260212,sz002837,液冷,人工智能
20260212,sh603090,液冷,人工智能
20260212,sh600481,光伏,电网
20260212,sh603191,有色,大周期
20260212,sz000533,核电,电网
20260212,sz002364,算力,人工智能
20260212,sh601126,储能,电网
20260212,sz002518,算力,人工智能
20260212,sz002885,算力,人工智能
20260212,sz002922,算力,人工智能
20260212,sz002498,电网,电网
20260212,sz002842,有色,大周期
20260212,sh600397,有色,大周期
20260212,sz002378,有色,大周期
20260212,sz000962,有色,大周期
20260212,sz000767,电力,电网
20260212,sh600490,有色,大周期
20260212,sh688480,有色,大周期
20260212,sh600589,算力,人工智能
20260212,sz001896,算力,人工智能
20260212,sh600821,算力,人工智能
20260212,sh600673,有色,大周期
20260212,sh688158,算力,人工智能
20260212,sz300846,算力,人工智能
20260212,sh603308,有色,大周期
20260212,sh603950,算力,人工智能
20260212,sz002478,有色,大周期
20260212,sz300277,有色,大周期
20260212,sh600960,机器人,人工智能
20260212,sh603533,AI应用,人工智能
20260212,sh605287,有色,大周期
20260212,sh603138,AI应用,人工智能
20260212,sh605318,有色,大周期
20260212,sz002131,AI应用,人工智能
20260212,sh603256,有色,大周期
20260212,sh605006,有色,大周期
20260212,sz002080,PCB,半导体
20260212,sh600545,有色,大周期
20260212,sz000070,光通信,人工智能
20260212,sz002951,光通信,人工智能
20260212,sh601231,光通信,人工智能
20260212,sz002796,光通信,人工智能
20260212,sz000628,半导体,半导体
20260212,sz002208,有色,大周期
20260212,sh601872,有色,大周期
20260212,sh600026,有色,大周期
20260212,sz002520,机器人,人工智能
20260212,sh605018,机器人,人工智能
20260212,sz000711,有色,大周期
20260212,sz000609,有色,大周期
20260212,sz002713,有色,大周期
20260212,sz000669,有色,大周期
20260212,sz000638,有色,大周期
20260212,sz000820,有色,大周期
20260212,sh603268,有色,大周期
20260212,sh603389,有色,大周期
20260212,sz000691,有色,大周期
20260212,sz002323,光伏,电网
20260212,sh605033,化工,大周期
20260212,sz002248,有色,大周期
20260212,sz002824,有色,大周期
20260212,sz000833,有色,大周期
20260212,sh603688,有色,大周期
20260212,sh601619,储能,电网
20260210,sh603103,AI应用,人工智能
20260210,sz000892,传媒,大消费
20260210,sh603729,传媒,大消费
20260210,sz001330,传媒,大消费
20260210,sz300182,传媒,大消费
20260210,sh601595,传媒,大消费
20260210,sh601599,传媒,大消费
20260210,sz002905,传媒,大消费
20260210,sh600715,传媒,大消费
20260210,sh600977,传媒,大消费
20260210,sz300251,传媒,大消费
20260210,sh600088,传媒,大消费
20260210,sz002739,传媒,大消费
20260210,sz300528,传媒,大消费
20260210,sz002429,有色,大周期
20260210,sh605287,有色,大周期
20260210,sh603533,AI应用,人工智能
20260210,sz300364,AI应用,人工智能
20260210,sh603598,AI应用,人工智能
20260210,sz000156,算力,人工智能
20260210,sz002292,有色,大周期
20260210,sz002181,AI应用,人工智能
20260210,sh603466,AI应用,人工智能
20260210,sh603000,AI应用,人工智能
20260210,sz000839,有色,大周期
20260210,sh603058,AI应用,人工智能
20260210,sz002082,AI应用,人工智能
20260210,sh603888,AI应用,人工智能
20260210,sz301231,有色,大周期
20260210,sh603999,有色,大周期
20260210,sz301025,有色,大周期
20260210,sz000681,有色,大周期
20260210,sh600589,算力,人工智能
20260210,sz000818,算力,人工智能
20260210,sz301085,算力,人工智能
20260210,sz000815,算力,人工智能
20260210,sz002455,化工,大周期
20260210,sh603980,化工,大周期
20260210,sh603968,化工,大周期
20260210,sz002597,化工,大周期
20260210,sh605060,有色,大周期
20260210,sh600482,有色,大周期
20260210,sh601869,光通信,人工智能
20260210,sz000070,光通信,人工智能
20260210,sz000056,半导体,半导体
20260210,sz000859,半导体,半导体
20260210,sz300749,航天,商业航天
20260210,sz002302,航天,商业航天
20260210,sz002323,光伏,电网
20260210,sh600207,化工,大周期
20260210,sz000609,有色,大周期
20260210,sh600381,有色,大周期
20260210,sz002485,有色,大周期
20260210,sh600107,有色,大周期
20260210,sz000669,有色,大周期
20260210,sz002848,有色,大周期
20260210,sh600696,有色,大周期
20260210,sz000638,有色,大周期
20260210,sh603268,有色,大周期
20260210,sh603721,有色,大周期
20260210,sz000608,有色,大周期
20260210,sh603301,有色,大周期
20260210,sz002969,有色,大周期
20260210,sz002723,有色,大周期
20260210,sh603115,有色,大周期
20260210,sh603320,家电,大消费
20260210,sz002655,有色,大周期
20260210,sh603960,机器人,人工智能
20260210,sz000559,机器人,人工智能
20260210,sz002806,有色,大周期
20260210,sz002159,旅游,大消费
20260213,sh603533,AI应用,人工智能
20260213,sh603466,AI应用,人工智能
20260213,sz000839,有色,大周期
20260213,sh600410,算力,人工智能
20260213,sz300449,有色,大周期
20260213,sh605289,AI应用,人工智能
20260213,sz002703,AI应用,人工智能
20260213,sz002355,AI应用,人工智能
20260213,sh601777,AI应用,人工智能
20260213,sh601890,军工,商业航天
20260213,sz300719,军工,商业航天
20260213,sh600893,军工,商业航天
20260213,sz000859,半导体,半导体
20260213,sh603163,有色,大周期
20260213,sz000021,存储,半导体
20260213,sh603960,机器人,人工智能
20260213,sh603331,机器人,人工智能
20260213,sz002009,储能,电网
20260213,sz002951,光通信,人工智能
20260213,sz300812,光通信,人工智能
20260213,sz000890,光通信,人工智能
20260213,sz002843,航天,商业航天
20260213,sz002510,航天,商业航天
20260213,sz000711,有色,大周期
20260213,sz000609,有色,大周期
20260213,sz002713,有色,大周期
20260213,sz000669,有色,大周期
20260213,sz000638,有色,大周期
20260213,sh603268,有色,大周期
20260213,sz001270,有色,大周期
20260213,sz002647,有色,大周期
20260213,sz002289,有色,大周期
20260213,sz000821,有色,大周期
20260213,sz002592,有色,大周期
20260213,sh603021,有色,大周期
20260213,sz000488,有色,大周期
20260213,sz000004,有色,大周期
20260213,sz001896,算力,人工智能
20260213,sh605033,化工,大周期
20260213,sz002498,电网,电网
20260213,sh600629,有色,大周期
20260213,sz000798,有色,大周期
20260213,sh600791,有色,大周期
20260213,sh605007,有色,大周期
20260213,sz002169,有色,大周期
20260213,sh600984,有色,大周期
20260211,sz002455,化工,大周期
20260211,sh603980,化工,大周期
20260211,sh600722,有色,大周期
20260211,sh603968,化工,大周期
20260211,sz001217,化工,大周期
20260211,sh605033,化工,大周期
20260211,sz300819,化工,大周期
20260211,sz000510,化工,大周期
20260211,sz002470,化工,大周期
20260211,sh603125,化工,大周期
20260211,sz002254,化工,大周期
20260211,sh605006,有色,大周期
20260211,sz002080,PCB,半导体
20260211,sz301526,有色,大周期
20260211,sh603256,有色,大周期
20260211,sh603601,航天,商业航天
20260211,sh600176,PCB,半导体
20260211,sz001359,有色,大周期
20260211,sh600545,化工,大周期
20260211,sz002842,有色,大周期
20260211,sz002378,有色,大周期
20260211,sz000962,有色,大周期
20260211,sz000657,有色,大周期
20260211,sz001376,有色,大周期
20260211,sz002340,有色,大周期
20260211,sh600589,算力,人工智能
20260211,sh603629,算力,人工智能
20260211,sz001896,算力,人工智能
20260211,sz002757,算力,人工智能
20260211,sh600186,算力,人工智能
20260211,sh600980,有色,大周期
20260211,sh600397,有色,大周期
20260211,sz002323,光伏,电网
20260211,sh688035,光伏,电网
20260211,sz000070,光通信,人工智能
20260211,sz002951,光通信,人工智能
20260211,sh603533,AI应用,人工智能
20260211,sh605287,有色,大周期
20260211,sh603729,传媒,大消费
20260211,sz000892,传媒,大消费
20260211,sh603682,AI应用,人工智能
20260211,sz000609,有色,大周期
20260211,sz002485,有色,大周期
20260211,sz000669,有色,大周期
20260211,sz000638,有色,大周期
20260211,sz000615,有色,大周期
20260211,sz002868,有色,大周期
20260211,sh600355,有色,大周期
20260211,sz002424,有色,大周期
20260211,sz002713,有色,大周期
20260211,sz003018,有色,大周期
20260211,sz002723,有色,大周期
20260211,sh603138,有色,大周期
20260211,sh603608,有色,大周期
20260211,sz002270,电网,电网
20260211,sh601121,黑色,大周期
20260211,sz001267,光通信,人工智能
20260211,sh600583,油气,大周期
20260211,sz000659,有色,大周期
20260211,sh600292,有色,大周期
20260225,sz002470,化工,大周期
20260225,sh600078,化工,大周期
20260225,sh600470,化工,大周期
20260225,sh603077,化工,大周期
20260225,sz000545,化工,大周期
20260225,sh600096,化工,大周期
20260225,sz301100,有色,大周期
20260225,sh600227,化工,大周期
20260225,sz300437,化工,大周期
20260225,sz002538,化工,大周期
20260225,sz300821,化工,大周期
20260225,sh600230,有色,大周期
20260225,sz002998,化工,大周期
20260225,sh603826,有色,大周期
20260225,sz300505,化工,大周期
20260225,sz000962,有色,大周期
20260225,sz002378,有色,大周期
20260225,sz002428,有色,大周期
20260225,sz000751,有色,大周期
20260225,sh600301,有色,大周期
20260225,sz002978,有色,大周期
20260225,sz002114,有色,大周期
20260225,sz000657,有色,大周期
20260225,sz002811,半导体,半导体
20260225,sz301373,化工,大周期
20260225,sz000581,半导体,半导体
20260225,sh688432,半导体,半导体
20260225,sh600206,半导体,半导体
20260225,sz002989,芯片,半导体
20260225,sh688661,半导体,半导体
20260225,sz000816,机器人,人工智能
20260225,sh601068,有色,大周期
20260225,sz002176,机器人,人工智能
20260225,sz001203,有色,大周期
20260225,sz000036,有色,大周期
20260225,sh600884,储能,电网
20260225,sh605289,AI应用,人工智能
20260225,sz000839,有色,大周期
20260225,sh605178,存储,半导体
20260225,sz300788,AI应用,人工智能
20260225,sz002678,AI应用,人工智能
20260225,sh600397,有色,大周期
20260225,sz000758,有色,大周期
20260225,sh600010,有色,大周期
20260225,sh600111,有色,大周期
20260225,sh600545,有色,大周期
20260225,sh600110,有色,大周期
20260225,sz300658,PCB,半导体
20260225,sh601208,PCB,半导体
20260225,sz000056,半导体,半导体
20260225,sh600649,有色,大周期
20260225,sz000560,有色,大周期
20260225,sz000890,光通信,人工智能
20260225,sz002725,芯片,半导体
20260225,sh600337,光通信,人工智能
20260225,sh603601,航天,商业航天
20260225,sz000547,航天,商业航天
20260225,sz000012,光伏,电网
20260225,sh600759,油气,大周期
20260225,sz002498,电网,电网
20260225,sz000711,有色,大周期
20260225,sz000609,有色,大周期
20260225,sz000669,有色,大周期
20260225,sz000638,有色,大周期
20260225,sh603268,有色,大周期
20260225,sh603822,有色,大周期
20260225,sz002528,有色,大周期
20260225,sz002047,有色,大周期
20260225,sh600753,有色,大周期
20260225,sz000668,有色,大周期
20260225,sz000488,有色,大周期
20260225,sz001270,有色,大周期
20260225,sz000518,有色,大周期
20260225,sz000793,有色,大周期
20260225,sh600525,有色,大周期
20260225,sh600136,有色,大周期
20260225,sz002868,有色,大周期
20260225,sz002630,有色,大周期
20260225,sh603580,有色,大周期
20260225,sh600243,有色,大周期
20260225,sh603557,有色,大周期
20260225,sz002731,有色,大周期
20260225,sh600696,有色,大周期
20260225,sh600355,有色,大周期
20260225,sz000903,有色,大周期
20260225,sz002211,有色,大周期
20260225,sz001896,算力,人工智能
20260225,sh601872,有色,大周期
20260225,sz001396,机器人,人工智能
20260225,sz000636,有色,大周期
20260225,sh605007,有色,大周期
20260225,sz002021,有色,大周期
20260225,sz002348,有色,大周期
20260225,sh600569,黑色,大周期
20260225,sz000899,电力,电网
20260225,sz000593,有色,大周期
20260225,sz001209,有色,大周期
20260225,sz000826,有色,大周期
20260225,sh603057,食品,大消费
20260225,sz002949,电网,电网
20260225,sz000661,有色,大周期
20260226,sz001896,算力,人工智能
20260226,sh600410,算力,人工智能
20260226,sz002970,算力,人工智能
20260226,sz001339,算力,人工智能
20260226,sz001389,算力,人工智能
20260226,sz002272,算力,人工智能
20260226,sh688786,算力,人工智能
20260226,sh603315,算力,人工智能
20260226,sz002283,有色,大周期
20260226,sh603950,有色,大周期
20260226,sz000534,有色,大周期
20260226,sz002478,有色,大周期
20260226,sh600399,航天,商业航天
20260226,sh603308,有色,大周期
20260226,sh600875,有色,大周期
20260226,sh600841,有色,大周期
20260226,sz002916,PCB,半导体
20260226,sz002141,有色,大周期
20260226,sz002008,PCB,半导体
20260226,sz002913,PCB,半导体
20260226,sz301630,PCB,半导体
20260226,sz002463,PCB,半导体
20260226,sz000890,光通信,人工智能
20260226,sz002491,光通信,人工智能
20260226,sh688025,有色,大周期
20260226,sh600522,光通信,人工智能
20260226,sh600487,光通信,人工智能
20260226,sh603912,液冷,人工智能
20260226,sh600979,液冷,人工智能
20260226,sz001400,液冷,人工智能
20260226,sz300499,液冷,人工智能
20260226,sh603163,有色,大周期
20260226,sh688530,有色,大周期
20260226,sh603867,半导体,半导体
20260226,sz300943,航天,商业航天
20260226,sh600343,航天,商业航天
20260226,sz301175,航天,商业航天
20260226,sz002350,电网,电网
20260226,sh603530,电网,电网
20260226,sz002546,电网,电网
20260226,sz002470,化工,大周期
20260226,sh600078,化工,大周期
20260226,sz002099,化工,大周期
20260226,sz000826,有色,大周期
20260226,sz000010,有色,大周期
20260226,sz002843,算力,人工智能
20260226,sh600478,有色,大周期
20260226,sz000899,电力,电网
20260226,sh600744,电力,电网
20260226,sz002162,机器人,人工智能
20260226,sh603958,机器人,人工智能
20260226,sz002378,有色,大周期
20260226,sz002428,半导体,半导体
20260226,sz000546,有色,大周期
20260226,sz300303,有色,大周期
20260226,sz000711,有色,大周期
20260226,sz000609,有色,大周期
20260226,sz000669,有色,大周期
20260226,sz000638,有色,大周期
20260226,sh603268,有色,大周期
20260226,sh600753,有色,大周期
20260226,sz002868,有色,大周期
20260226,sh600355,有色,大周期
20260226,sh603557,有色,大周期
20260226,sh603580,有色,大周期
20260226,sh600243,有色,大周期
20260226,sh600696,有色,大周期
20260226,sz002306,有色,大周期
20260226,sz002424,有色,大周期
20260226,sh605081,有色,大周期
20260226,sh603843,有色,大周期
20260226,sz002717,有色,大周期
20260226,sz001209,有色,大周期
20260226,sh600540,有色,大周期
20260226,sh603267,有色,大周期
20260226,sz002095,AI应用,人工智能
20260226,sz002286,有色,大周期
20260226,sh600237,有色,大周期
20260227,sz002378,有色,大周期
20260227,sh600397,有色,大周期
20260227,sz000657,有色,大周期
20260227,sh600301,有色,大周期
20260227,sz002842,有色,大周期
20260227,sz002182,有色,大周期
20260227,sz002167,有色,大周期
20260227,sh600108,有色,大周期
20260227,sh600259,有色,大周期
20260227,sh600549,有色,大周期
20260227,sz000960,有色,大周期
20260227,sh600459,有色,大周期
20260227,sh603257,有色,大周期
20260227,sh601958,有色,大周期
20260227,sz002756,有色,大周期
20260227,sz002155,有色,大周期
20260227,sh600456,有色,大周期
20260227,sz001896,算力,人工智能
20260227,sz002843,有色,大周期
20260227,sz002261,算力,人工智能
20260227,sh600126,算力,人工智能
20260227,sz002015,算力,人工智能
20260227,sh600821,算力,人工智能
20260227,sh603629,算力,人工智能
20260227,sh688343,算力,人工智能
20260227,sz002470,化工,大周期
20260227,sh600230,化工,大周期
20260227,sh600725,化工,大周期
20260227,sz002628,化工,大周期
20260227,sz000510,化工,大周期
20260227,sz000731,化工,大周期
20260227,sh603217,化工,大周期
20260227,sz002734,化工,大周期
20260227,sh605398,有色,大周期
20260227,sh688118,有色,大周期
20260227,sz300830,有色,大周期
20260227,sz002980,AI应用,人工智能
20260227,sz002973,AI应用,人工智能
20260227,sh603381,光伏,电网
20260227,sz002865,光伏,电网
20260227,sz002394,光伏,电网
20260227,sz300317,光伏,电网
20260227,sh603578,化工,大周期
20260227,sz000899,电力,电网
20260227,sh600744,电力,电网
20260227,sz000993,电力,电网
20260227,sh600452,电力,电网
20260227,sz002350,电网,电网
20260227,sh603530,电网,电网
20260227,sz003035,电网,电网
20260227,sz001216,电网,电网
20260227,sh603950,有色,大周期
20260227,sz002633,有色,大周期
20260227,sh603318,有色,大周期
20260227,sh600498,航天,商业航天
20260227,sh603618,光通信,人工智能
20260227,sh688028,有色,大周期
20260227,sz002046,有色,大周期
20260227,sz002655,有色,大周期
20260227,sh603268,有色,大周期
20260227,sh600753,有色,大周期
20260227,sh603580,有色,大周期
20260227,sh600243,有色,大周期
20260227,sz002047,有色,大周期
20260227,sh603021,有色,大周期
20260227,sh600525,有色,大周期
20260227,sh603559,有色,大周期
20260227,sz002485,有色,大周期
20260227,sh600777,有色,大周期
20260227,sh603838,有色,大周期
20260227,sz000697,有色,大周期
20260227,sz000972,有色,大周期
20260227,sz002650,有色,大周期
20260227,sz002581,有色,大周期
20260227,sz002620,有色,大周期
20260227,sz001209,有色,大周期
20260227,sz000593,有色,大周期
20260227,sh603232,有色,大周期
20260227,sz002216,食品,大消费
20260227,sz000035,有色,大周期
20260227,sz002177,有色,大周期
20260227,sh603353,芯片,半导体
20260227,sh603093,有色,大周期
20260227,sz003018,液冷,人工智能
20260227,sz000628,有色,大周期
20260227,sz002356,氢能,电网
20260227,sh603117,无人机,商业航天
20260227,sh603226,有色,大周期
20260227,sh603897,有色,大周期
20260227,sz301226,有色,大周期
20260227,sh603738,半导体,半导体
20260304,sh603530,电网,电网
20260304,sh603618,电缆,电网
20260304,sz000533,核电,电网
20260304,sz002339,电网,电网
20260304,sz300265,光通信,人工智能
20260304,sz002498,电缆,电网
20260304,sz002885,算力,人工智能
20260304,sz300617,算力,人工智能
20260304,sz300880,电网,电网
20260304,sh601096,特高压,电网
20260304,sh605196,电缆,电网
20260304,sh603045,机器人,人工智能
20260304,sh600759,油气,大周期
20260304,sh603318,油气,大周期
20260304,sz002490,油气,大周期
20260304,sz002207,油气,大周期
20260304,sh600871,油气,大周期
20260304,sh688525,存储,半导体
20260304,sh603175,存储,半导体
20260304,sz001309,存储,半导体
20260304,sh603316,存储,半导体
20260304,sh600236,电力,电网
20260304,sh600821,电力,电网
20260304,sz000862,电力,电网
20260304,sh600149,有色,大周期
20260304,sh605268,AI应用,人工智能
20260304,sz002877,AI应用,人工智能
20260304,sz301129,AI应用,人工智能
20260304,sz002178,AI应用,人工智能
20260304,sz001396,机器人,人工智能
20260304,sz002162,养老,大消费
20260304,sz001282,机器人,人工智能
20260304,sh600108,农业,大消费
20260304,sh600313,农业,大消费
20260304,sz002389,无人机,商业航天
20260304,sz002357,无人机,商业航天
20260304,sz301373,化工,大周期
20260304,sz000525,化工,大周期
20260304,sz000890,光通信,人工智能
20260304,sz000697,有色,大周期
20260304,sz000711,有色,大周期
20260304,sz002167,有色,大周期
20260304,sz000010,有色,大周期
20260304,sh600545,化工,大周期
20260304,sh688176,医药,大消费
20260304,sz002272,液冷,人工智能
20260309,sz000815,算力,人工智能
20260309,sz002261,算力,人工智能
20260309,sh688158,算力,人工智能
20260309,sh688229,算力,人工智能
20260309,sh600602,有色,大周期
20260309,sz002730,算力,人工智能
20260309,sz002575,算力,人工智能
20260309,sz002229,算力,人工智能
20260309,sh688316,算力,人工智能
20260309,sz001339,算力,人工智能
20260309,sz300113,算力,人工智能
20260309,sz000066,有色,大周期
20260309,sz301396,算力,人工智能
20260309,sz000533,核电,电网
20260309,sh601567,电网,电网
20260309,sz002300,电缆,电网
20260309,sz301179,机器人,人工智能
20260309,sz002112,有色,大周期
20260309,sh600268,电网,电网
20260309,sz003035,电网,电网
20260309,sh600821,电力,电网
20260309,sz002015,电力,电网
20260309,sz000601,电力,电网
20260309,sz000862,电力,电网
20260309,sz002445,电力,电网
20260309,sz001258,电力,电网
20260309,sh603165,电力,电网
20260309,sh605268,有色,大周期
20260309,sh603138,AI应用,人工智能
20260309,sz301606,有色,大周期
20260309,sz000534,有色,大周期
20260309,sh600851,有色,大周期
20260309,sz002082,AI应用,人工智能
20260309,sz002930,油气,大周期
20260309,sh601969,油气,大周期
20260309,sh600227,有色,大周期
20260309,sz002068,化工,大周期
20260309,sh601877,储能,电网
20260309,sz002903,机器人,人工智能
20260309,sz002528,有色,大周期
20260309,sz000488,有色,大周期
20260309,sz000504,有色,大周期
20260309,sh600289,有色,大周期
20260309,sh600568,有色,大周期
20260309,sh600753,有色,大周期
20260309,sz002047,有色,大周期
20260309,sh600525,有色,大周期
20260309,sh601789,有色,大周期
20260309,sh600135,有色,大周期
20260309,sz000973,有色,大周期
20260302,sh600759,油气,大周期
20260302,sz002207,油气,大周期
20260302,sz002490,油气,大周期
20260302,sz002828,油气,大周期
20260302,sz300164,油气,大周期
20260302,sh600871,油气,大周期
20260302,sh603619,油气,大周期
20260302,sz300191,油气,大周期
20260302,sh600339,油气,大周期
20260302,sh600968,油气,大周期
20260302,sz002554,油气,大周期
20260302,920088.BJ,油气,大周期
20260302,sh603727,油气,大周期
20260302,sz301158,油气,大周期
20260302,sh600583,油气,大周期
20260302,sz002629,油气,大周期
20260302,sz300157,油气,大周期
20260302,sh601808,油气,大周期
20260302,sz300084,油气,大周期
20260302,sh600301,有色,大周期
20260302,sh600108,有色,大周期
20260302,sz002842,有色,大周期
20260302,sh603257,有色,大周期
20260302,sz002155,有色,大周期
20260302,sh600259,有色,大周期
20260302,sz000960,有色,大周期
20260302,sz002667,有色,大周期
20260302,sh601069,有色,大周期
20260302,sz001337,有色,大周期
20260302,sz300139,有色,大周期
20260302,sz000506,有色,大周期
20260302,sh600988,有色,大周期
20260302,sh603353,油气,大周期
20260302,sz000554,有色,大周期
20260302,sh600938,油气,大周期
20260302,sh600688,化工,大周期
20260302,sz000096,有色,大周期
20260302,sh600256,煤炭,大周期
20260302,sh601857,油气,大周期
20260302,sz301302,军工,商业航天
20260302,sh603488,军工,商业航天
20260302,sz002413,军工,商业航天
20260302,sz301213,军工,商业航天
20260302,sz003009,军工,商业航天
20260302,sz002389,无人机,商业航天
20260302,sh600435,军工,商业航天
20260302,sz000035,有色,大周期
20260302,sh600227,有色,大周期
20260302,sh600722,有色,大周期
20260302,sz002109,有色,大周期
20260302,sz000912,有色,大周期
20260302,sh600989,有色,大周期
20260302,sz002980,光通信,人工智能
20260302,sh603738,光通信,人工智能
20260302,sz301338,PCB,半导体
20260302,sz001267,光通信,人工智能
20260302,sh603011,核电,电网
20260302,sh603083,光通信,人工智能
20260302,sz000510,化工,大周期
20260302,sh600714,有色,大周期
20260302,sh600367,有色,大周期
20260302,sz000637,化工,大周期
20260302,sz002545,化工,大周期
20260302,sh601872,有色,大周期
20260302,sz002040,有色,大周期
20260302,sh601975,有色,大周期
20260302,sh600026,有色,大周期
20260302,sh603318,天然气,大周期
20260302,sz000968,天然气,大周期
20260302,sh603393,天然气,大周期
20260302,sz000890,光通信,人工智能
20260302,sh600498,光通信,人工智能
20260302,sz000070,光通信,人工智能
20260302,sh603897,电网,电网
20260302,sz002380,电网,电网
20260302,sh603861,有色,大周期
20260302,sh600452,电力,电网
20260302,sh600236,电力,电网
20260302,sz001400,液冷,人工智能
20260302,sz002536,液冷,人工智能
20260302,sh603268,有色,大周期
20260302,sh600525,有色,大周期
20260302,sz002485,有色,大周期
20260302,sh600777,有色,大周期
20260302,sz000697,有色,大周期
20260302,sh603838,有色,大周期
20260302,sz002843,算力,人工智能
20260302,sh603950,有色,大周期
20260302,sz002356,氢能,电网
20260302,sh603629,算力,人工智能
20260302,sh603115,有色,大周期
20260302,sz002432,有色,大周期
20260302,sh688307,半导体,半导体
20260302,sh605117,有色,大周期
20260312,sh600821,有色,大周期
20260312,sz002445,电力,电网
20260312,sz000537,有色,大周期
20260312,sh600726,电力,电网
20260312,sz002015,有色,大周期
20260312,sh601016,电力,电网
20260312,sh601330,电力,电网
20260312,sh601991,电力,电网
20260312,sh600868,电力,电网
20260312,sh603693,电力,电网
20260312,sz000600,电力,电网
20260312,sh600956,电力,电网
20260312,sh600722,有色,大周期
20260312,sh600691,化工,大周期
20260312,sh600370,化工,大周期
20260312,sz002254,化工,大周期
20260312,sz000553,化工,大周期
20260312,sz000990,化工,大周期
20260312,sh603281,化工,大周期
20260312,sh600935,化工,大周期
20260312,sh603077,化工,大周期
20260312,sh600844,化工,大周期
20260312,sh600714,有色,大周期
20260312,sh603507,风电,电网
20260312,sz002487,风电,电网
20260312,sh605305,风电,电网
20260312,sz300690,风电,电网
20260312,sh603092,风电,电网
20260312,sz002150,储能,电网
20260312,sz301667,储能,电网
20260312,sz000593,储能,电网
20260312,sh603527,储能,电网
20260312,sh600121,煤炭,大周期
20260312,sh601015,煤炭,大周期
20260312,sh600188,煤炭,大周期
20260312,sz000420,有色,大周期
20260312,sh688295,有色,大周期
20260312,sz002951,储能,电网
20260312,sz000890,光通信,人工智能
20260312,sh601868,电力,电网
20260312,sz002498,有色,大周期
20260312,sh600703,有色,大周期
20260312,sh603992,机器人,人工智能
20260312,sz000711,有色,大周期
20260312,sz002528,有色,大周期
20260312,sz000908,有色,大周期
20260312,sz000004,有色,大周期
20260312,sz000669,有色,大周期
20260312,sh600599,有色,大周期
20260312,sz000609,有色,大周期
20260312,sz002656,有色,大周期
20260312,sh603843,有色,大周期
20260312,sz002047,有色,大周期
20260312,sz000697,有色,大周期
20260312,sz002512,有色,大周期
20260312,sz301396,算力,人工智能
20260312,sh601969,黑色,大周期
20260312,sh603978,储能,电网
20260312,sh603626,有色,大周期
20260312,sz001260,有色,大周期
20260312,sh601038,有色,大周期
20260312,sz002869,AI应用,人工智能
20260312,sz002652,有色,大周期
20260312,sz301068,有色,大周期
20260316,sz300042,存储,半导体
20260316,sz000620,存储,半导体
20260316,sh600667,存储,半导体
20260316,sz300606,芯片,半导体
20260316,sh603986,存储,半导体
20260316,sh603175,PCB,半导体
20260316,sz002086,有色,大周期
20260316,sz002427,化工,大周期
20260316,sz002278,油气,大周期
20260316,sz002724,有色,大周期
20260316,sz000890,光通信,人工智能
20260316,sz002980,光通信,人工智能
20260316,sh603738,光通信,人工智能
20260316,sh603052,光通信,人工智能
20260316,sh600227,化工,大周期
20260316,sh600370,化工,大周期
20260316,sh605366,化工,大周期
20260316,sh600751,有色,大周期
20260316,sh601975,有色,大周期
20260316,sh600545,有色,大周期
20260316,sz002636,PCB,半导体
20260316,sz002467,AI应用,人工智能
20260316,sz002990,算力,人工智能
20260316,sh603421,半导体,半导体
20260316,sz000533,核电,电网
20260316,sh600396,电力,电网
20260316,sz002310,电力,电网
20260316,sz002426,有色,大周期
20260316,sz000639,有色,大周期
20260316,sz000908,有色,大周期
20260316,sz000669,有色,大周期
20260316,sh600599,有色,大周期
20260316,sh603843,有色,大周期
20260316,sz002789,有色,大周期
20260316,sz002693,有色,大周期
20260316,sz002512,有色,大周期
20260316,sz000488,有色,大周期
20260316,sh603557,有色,大周期
20260316,sh600892,有色,大周期
20260316,sh600381,有色,大周期
20260316,sz002529,有色,大周期
20260316,sh603789,有色,大周期
20260316,sz000668,有色,大周期
20260316,sz002253,有色,大周期
20260316,sh600289,有色,大周期
20260316,sh600683,有色,大周期
20260316,sh603929,有色,大周期
20260316,sh603248,风电,电网
20260316,sh603778,光伏,电网
20260316,sz002831,有色,大周期
20260316,sh600302,有色,大周期
20260316,sz001278,机器人,人工智能
20260316,sz000020,有色,大周期
20260316,sh605299,体育,大消费
20260316,sh600152,有色,大周期
20260316,sh600313,农业,大消费
20260316,sz000617,有色,大周期
20260316,sz002995,AI应用,人工智能
20260316,sz002235,有色,大周期
20260316,sz300051,光伏,电网
20260313,sh600722,有色,大周期
20260313,sh600691,化工,大周期
20260313,sh600370,化工,大周期
20260313,sz002470,化工,大周期
20260313,sz002165,半导体,半导体
20260313,sz002109,化工,大周期
20260313,sz002637,化工,大周期
20260313,sh600746,化工,大周期
20260313,sz002669,化工,大周期
20260313,sh600227,化工,大周期
20260313,sz002487,风电,电网
20260313,sz002531,风电,电网
20260313,sz300185,风电,电网
20260313,sh603062,风电,电网
20260313,sh605222,核电,电网
20260313,sh601218,风电,电网
20260313,sh603248,风电,电网
20260313,sh603169,核电,电网
20260313,sh603280,核电,电网
20260313,sz002438,航天,商业航天
20260313,sh601611,核电,电网
20260313,sh603366,有色,大周期
20260313,sz002543,有色,大周期
20260313,sz002084,有色,大周期
20260313,sz002382,有色,大周期
20260313,sz002950,有色,大周期
20260313,sz300981,有色,大周期
20260313,sh601669,储能,电网
20260313,sz003027,储能,电网
20260313,sz002323,储能,电网
20260313,sz002445,电力,电网
20260313,sh600726,电力,电网
20260313,sz002056,有色,大周期
20260313,sh600121,煤炭,大周期
20260313,sh600408,煤炭,大周期
20260313,sh603659,有色,大周期
20260313,sh600232,储能,电网
20260313,sh603929,有色,大周期
20260313,sh603558,有色,大周期
20260313,sh603803,光通信,人工智能
20260313,sz002429,光通信,人工智能
20260313,sh600226,化工,大周期
20260313,sh603607,有色,大周期
20260313,sz000908,有色,大周期
20260313,sh600599,有色,大周期
20260313,sz000004,有色,大周期
20260313,sz000669,有色,大周期
20260313,sh603843,有色,大周期
20260313,sz002789,有色,大周期
20260313,sz002693,有色,大周期
20260313,sh603261,有色,大周期
20260313,sz002620,有色,大周期
20260313,sz002903,机器人,人工智能
20260313,sz000890,光通信,人工智能
20260313,sz002969,有色,大周期
20260313,sz000677,有色,大周期
20260313,sz002931,有色,大周期
20260313,sz000010,算力,人工智能
20260313,sz001366,有色,大周期
20260313,sh600683,有色,大周期
20260313,sh603029,有色,大周期
20260313,sh600847,有色,大周期
20260313,sh603538,有色,大周期
20260313,sh600756,AI应用,人工智能
20260313,sh600307,黑色,大周期
20260313,sh600336,家电,大消费
20260313,sh600234,有色,大周期
20260313,sz003041,有色,大周期
20260430,sz002645,有色,大周期
20260430,sz002842,有色,大周期
20260430,sz000567,有色,大周期
20260430,sz000553,有色,大周期
20260430,sz001218,有色,大周期
20260430,sh603045,有色,大周期
20260430,sz002640,有色,大周期
20260430,sh603030,有色,大周期
20260430,sz001316,有色,大周期
20260430,sh603711,有色,大周期
20260430,sh600540,有色,大周期
20260430,sh601086,有色,大周期
20260430,sz000790,有色,大周期
20260430,sh603190,有色,大周期
20260430,sz002763,有色,大周期
20260430,sz000783,有色,大周期
20260430,sz002591,算力,人工智能
20260430,sh603698,有色,大周期
20260430,sz002989,算力,人工智能
20260430,sh603726,半导体,半导体
20260430,sh600246,算力,人工智能
20260430,sh688699,半导体,半导体
20260430,sz002990,算力,人工智能
20260430,sh600208,半导体,半导体
20260430,sz000066,算力,人工智能
20260430,sz000628,半导体,半导体
20260430,sh688521,算力,人工智能
20260430,sh603360,化工,大周期
20260430,sz002158,半导体,半导体
20260430,sh688256,算力,人工智能
20260430,sz001268,机器人,人工智能
20260430,sh603375,芯片,半导体
20260430,sz002685,算力,人工智能
20260430,sh603687,算力,人工智能
20260430,sh603399,储能,电网
20260430,sz002192,储能,电网
20260430,sh603937,储能,电网
20260430,sz002805,储能,电网
20260430,sz002785,有色,大周期
20260430,sh688155,储能,电网
20260430,sh603717,储能,电网
20260430,sz002240,有色,大周期
20260430,sz002081,航天,商业航天
20260430,sh605123,航天,商业航天
20260430,sh603131,航天,商业航天
20260430,sz300885,航天,商业航天
20260430,sh601106,航天,商业航天
20260430,sz002149,航天,商业航天
20260430,sh605222,电缆,电网
20260430,sh600400,机器人,人工智能
20260430,sh603178,机器人,人工智能
20260430,sh603119,机器人,人工智能
20260430,sz002870,机器人,人工智能
20260430,sh603897,电网,电网
20260430,sz300083,液冷,人工智能
20260430,sh605299,体育,大消费
20260430,sh605099,有色,大周期
20260430,sz002181,体育,大消费
20260430,sh600158,体育,大消费
20260430,sh600052,体育,大消费
20260430,sz000402,有色,大周期
20260430,sh601588,有色,大周期
20260430,sh600322,有色,大周期
20260430,sz000007,有色,大周期
20260430,sz300632,有色,大周期
20260430,sh688531,光通信,人工智能
20260430,sh688400,机器人,人工智能
20260430,sh600433,有色,大周期
20260430,sz002235,有色,大周期
20260430,sz002929,算力,人工智能
20260430,sz000609,有色,大周期
20260430,sh600381,有色,大周期
20260430,sz002289,有色,大周期
20260430,sh603272,有色,大周期
20260430,sh603843,有色,大周期
20260430,sz000838,有色,大周期
20260430,sh600730,有色,大周期
20260430,sz002634,有色,大周期
20260430,sh603580,有色,大周期
20260430,sz002856,有色,大周期
20260430,sh603398,有色,大周期
20260430,sz002207,有色,大周期
20260430,sh600624,有色,大周期
20260430,sh600476,有色,大周期
20260430,sz001270,有色,大周期
20260430,sh603559,有色,大周期
20260430,sz002977,有色,大周期
20260430,sh603389,有色,大周期
20260430,sh603828,有色,大周期
20260430,sh603095,有色,大周期
20260430,sh600379,有色,大周期
20260430,sz000980,有色,大周期
20260430,920125.BJ,有色,大周期
20260430,sh600714,有色,大周期
20260430,sz002453,有色,大周期
20260430,sz000833,有色,大周期
20260430,sh605376,有色,大周期
20260430,sz001215,有色,大周期
20260608,sz003036,机器人,人工智能
20260608,sz002896,机器人,人工智能
20260608,sz300626,机器人,人工智能
20260608,sh603992,机器人,人工智能
20260608,sh688017,机器人,人工智能
20260608,sh603166,机器人,人工智能
20260608,sz002960,机器人,人工智能
20260608,sz002892,机器人,人工智能
20260608,sz002708,机器人,人工智能
20260608,sh603270,机器人,人工智能
20260608,sh603725,机器人,人工智能
20260608,sz002786,机器人,人工智能
20260608,sz002903,机器人,人工智能
20260608,sz002194,航天,商业航天
20260608,sh600776,航天,商业航天
20260608,920961.BJ,航天,商业航天
20260608,sz001400,液冷,人工智能
20260608,sh603888,有色,大周期
20260608,sz002877,AI应用,人工智能
20260608,sz301151,AI应用,人工智能
20260608,sz300353,有色,大周期
20260608,sh600293,化工,大周期
20260608,sh600714,化工,大周期
20260608,sh600207,化工,大周期
20260608,sz300162,化工,大周期
20260608,sh600552,化工,大周期
20260608,sz002387,化工,大周期
20260608,sz002183,算力,人工智能
20260608,sh603360,化工,大周期
20260608,sh688056,半导体,半导体
20260608,sh603078,半导体,半导体
20260608,sh600819,化工,大周期
20260608,sh603578,化工,大周期
20260608,sz000668,有色,大周期
20260608,sz000608,有色,大周期
20260608,sh603790,有色,大周期
20260608,sz002251,有色,大周期
20260608,sh600516,有色,大周期
20260608,sz002631,有色,大周期
20260608,sh603938,有色,大周期
20260608,sz300052,算力,人工智能
20260608,sh600996,算力,人工智能
20260608,sz002138,有色,大周期
20260608,sh603070,算力,人工智能
20260608,sh600063,有色,大周期
20260608,sh603124,PCB,半导体
20260608,sz000056,有色,大周期
20260608,sz000078,有色,大周期
20260608,sz000010,有色,大周期
20260608,sz000609,有色,大周期
20260608,sh600228,有色,大周期
20260608,sz002694,有色,大周期
20260608,sh600243,有色,大周期
20260608,sh603272,有色,大周期
20260608,sz000520,有色,大周期
20260608,sz002471,有色,大周期
20260608,sh603159,有色,大周期
20260608,sz002983,有色,大周期
20260608,sh600303,有色,大周期
20260608,sz301193,有色,大周期
20260608,sh603020,有色,大周期
20260608,sz300334,有色,大周期
20260608,sh600973,核电,电网
20260608,sz001256,有色,大周期
20260608,sh600881,体育,大消费
20260608,sh603048,有色,大周期
20260608,sh600382,黑色,大周期
20260402,sh600488,有色,大周期
20260402,sz002038,有色,大周期
20260402,sz000788,有色,大周期
20260402,sh600594,有色,大周期
20260402,sz000950,有色,大周期
20260402,sh603222,有色,大周期
20260402,920230.BJ,医药,大消费
20260402,sz300839,油气,大周期
20260402,sh603353,半导体,半导体
20260402,sz002828,油气,大周期
20260402,sz000968,有色,大周期
20260402,sh603798,有色,大周期
20260402,sh600339,电网,电网
20260402,sz000720,光通信,人工智能
20260402,sz002309,光伏,电网
20260402,sz000586,有色,大周期
20260402,sh603042,光通信,人工智能
20260402,sz002263,有色,大周期
20260402,sz000155,有色,大周期
20260402,sz000762,有色,大周期
20260402,sh605162,电力,电网
20260402,sh600644,电力,电网
20260402,sz002560,航天,商业航天
20260402,sh600381,有色,大周期
20260402,sz002898,有色,大周期
20260402,sh600608,有色,大周期
20260402,sz000711,有色,大周期
20260402,sz300834,有色,大周期
20260402,sh603122,医药,大消费
20260402,sh603863,有色,大周期
20260402,sz002051,电网,电网
20260402,sh603477,有色,大周期
20260317,sh601016,电力,电网
20260317,sh600396,电力,电网
20260317,sh603693,电力,电网
20260317,sz002256,电力,电网
20260317,sh603685,PCB,半导体
20260317,sh600227,化工,大周期
20260317,sh600370,化工,大周期
20260317,sh600691,化工,大周期
20260317,sz002470,化工,大周期
20260317,sz001369,化工,大周期
20260317,sh603778,光伏,电网
20260317,sz002323,光伏,电网
20260317,sz002506,光伏,电网
20260317,sz002629,电力,电网
20260317,sz000042,有色,大周期
20260317,sh600791,有色,大周期
20260317,sz002285,有色,大周期
20260317,sh600408,煤炭,大周期
20260317,sz000572,氢能,电网
20260317,sh605167,核电,电网
20260317,sh600307,黑色,大周期
20260317,sh600569,黑色,大周期
20260317,sh603248,风电,电网
20260317,sz301226,风电,电网
20260317,sz002150,储能,电网
20260317,sz301667,储能,电网
20260317,sz000533,核电,电网
20260317,sz301680,电网,电网
20260317,sz000908,有色,大周期
20260317,sh600599,有色,大周期
20260317,sz000669,有色,大周期
20260317,sh603843,有色,大周期
20260317,sz000488,有色,大周期
20260317,sz002253,有色,大周期
20260317,sh600381,有色,大周期
20260317,sh600289,有色,大周期
20260317,sh603398,有色,大周期
20260317,sz000820,有色,大周期
20260317,sz002808,有色,大周期
20260317,sh603580,有色,大周期
20260317,sh600265,有色,大周期
20260317,sz000890,光通信,人工智能
20260317,sh600683,有色,大周期
20260317,sh603929,有色,大周期
20260317,sz000020,有色,大周期
20260317,sh600545,有色,大周期
20260317,sh603992,机器人,人工智能
20260317,sh688295,有色,大周期
20260317,sh605277,有色,大周期
20260317,sh600643,有色,大周期
20260317,sz002565,算力,人工智能
20260317,sh603387,有色,大周期
20260305,sz300323,有色,大周期
20260305,sz002429,有色,大周期
20260305,sz002449,有色,大周期
20260305,sh600703,有色,大周期
20260305,sz000727,有色,大周期
20260305,sz002983,有色,大周期
20260305,sz300162,有色,大周期
20260305,sh603773,有色,大周期
20260305,sz300269,有色,大周期
20260305,sz002845,有色,大周期
20260305,sz300241,有色,大周期
20260305,sz000509,有色,大周期
20260305,sz300303,有色,大周期
20260305,sz000536,有色,大周期
20260305,sz000045,有色,大周期
20260305,sz002587,有色,大周期
20260305,sz300389,有色,大周期
20260305,sh688079,有色,大周期
20260305,sz300708,有色,大周期
20260305,sh688055,有色,大周期
20260305,sz000533,核电,电网
20260305,sz002498,电网,电网
20260305,sz002339,电网,电网
20260305,sz300265,电缆,电网
20260305,sh601179,电网,电网
20260305,sz002857,电网,电网
20260305,sz003036,机器人,人工智能
20260305,sz002456,机器人,人工智能
20260305,sz002520,机器人,人工智能
20260305,sh603337,机器人,人工智能
20260305,sh605268,AI应用,人工智能
20260305,sz002877,AI应用,人工智能
20260305,sz002195,AI应用,人工智能
20260305,sh688031,航天,商业航天
20260305,sz002986,有色,大周期
20260305,sh600800,有色,大周期
20260305,sz300072,有色,大周期
20260305,sz000703,有色,大周期
20260305,sh600875,有色,大周期
20260305,sh601727,有色,大周期
20260305,sh600590,有色,大周期
20260305,sh603688,半导体,半导体
20260305,sz002559,机器人,人工智能
20260305,sh603058,半导体,半导体
20260305,sh600666,算力,人工智能
20260305,sz300895,算力,人工智能
20260305,sz000815,算力,人工智能
20260305,sz000555,AI应用,人工智能
20260305,sh600468,有色,大周期
20260305,sz002471,核电,电网
20260305,sh600516,核电,电网
20260305,sz001267,光通信,人工智能
20260305,sz002796,光通信,人工智能
20260305,sz002733,氢能,电网
20260305,sz000711,有色,大周期
20260305,sh603268,有色,大周期
20260305,sh603838,有色,大周期
20260305,sh603813,有色,大周期
20260305,sz002592,有色,大周期
20260305,sz002713,有色,大周期
20260305,sz002868,有色,大周期
20260305,sz002569,有色,大周期
20260305,sz000908,有色,大周期
20260305,sz000793,有色,大周期
20260305,sh600545,化工,大周期
20260305,sz002952,有色,大周期
20260305,sz002235,有色,大周期
20260305,sz002355,有色,大周期
20260305,920001.BJ,有色,大周期
20260305,sh605098,教育,大消费
20260305,sz002800,无人机,商业航天
20260305,sz000920,有色,大周期
20260305,sh600744,电力,电网
20260305,sh600828,有色,大周期
20260305,sh600844,化工,大周期
20260305,sz002913,PCB,半导体
20260305,sh605298,有色,大周期
20260305,sh603001,有色,大周期
20260305,sh603067,有色,大周期
20260417,sz002980,光通信,人工智能
20260417,sh603052,储能,电网
20260417,sh600330,有色,大周期
20260417,sh603083,光通信,人工智能
20260417,sh603118,有色,大周期
20260417,sz002957,光通信,人工智能
20260417,sz002428,有色,大周期
20260417,sh603031,芯片,半导体
20260417,sz002281,光通信,人工智能
20260417,sh688807,光通信,人工智能
20260417,sz000936,芯片,半导体
20260417,sz002975,液冷,人工智能
20260417,sh688628,光通信,人工智能
20260417,sz003031,光通信,人工智能
20260417,sh603738,光通信,人工智能
20260417,sh600703,有色,大周期
20260417,sz002796,光通信,人工智能
20260417,sz300905,半导体,半导体
20260417,sh600208,有色,大周期
20260417,sh600962,半导体,半导体
20260417,sh600641,半导体,半导体
20260417,920526.BJ,半导体,半导体
20260417,920012.BJ,半导体,半导体
20260417,sh603178,机器人,人工智能
20260417,sh603278,航天,商业航天
20260417,sh600520,机器人,人工智能
20260417,sz301319,光伏,电网
20260417,sh603926,机器人,人工智能
20260417,sz002547,机器人,人工智能
20260417,sz002990,算力,人工智能
20260417,sh603629,算力,人工智能
20260417,sh600156,机器人,人工智能
20260417,sh688227,算力,人工智能
20260417,sh603315,算力,人工智能
20260417,sz002217,算力,人工智能
20260417,sz002580,储能,电网
20260417,sh600152,储能,电网
20260417,sz002108,有色,大周期
20260417,sh688560,光伏,电网
20260417,sz300806,储能,电网
20260417,sh603773,光通信,人工智能
20260417,sz300776,化工,大周期
20260417,sh600707,化工,大周期
20260417,sh600552,化工,大周期
20260417,sz002418,液冷,人工智能
20260417,sz003018,液冷,人工智能
20260417,sh603203,液冷,人工智能
20260417,sz001400,液冷,人工智能
20260417,sz002203,PCB,半导体
20260417,sz001389,PCB,半导体
20260417,sz002866,储能,电网
20260417,sz002297,航天,商业航天
20260417,sh600961,有色,大周期
20260417,sh600727,化工,大周期
20260417,sz002081,有色,大周期
20260417,sh600234,有色,大周期
20260417,sz002628,有色,大周期
20260417,sh603063,算力,人工智能
20260417,sz002706,储能,电网
20260417,sz002802,化工,大周期
20260417,sz301237,有色,大周期
20260417,sz000037,电力,电网
20260417,sh601619,储能,电网
20260417,sz002528,有色,大周期
20260417,sz000711,有色,大周期
20260417,sz002630,有色,大周期
20260417,sh600696,有色,大周期
20260417,sh603557,有色,大周期
20260417,sh605388,有色,大周期
20260417,sh600683,有色,大周期
20260417,sz002940,有色,大周期
20260417,sz002487,风电,电网
20260417,sz002259,有色,大周期
20260417,sh605298,有色,大周期
20260417,sh603922,有色,大周期
20260417,sz001330,传媒,大消费
20260303,sh603318,有色,大周期
20260303,sz000968,有色,大周期
20260303,sz000407,天然气,大周期
20260303,sh600617,天然气,大周期
20260303,sh605169,天然气,大周期
20260303,sh600681,天然气,大周期
20260303,sz001299,天然气,大周期
20260303,sh600635,天然气,大周期
20260303,sz300332,天然气,大周期
20260303,sz002682,天然气,大周期
20260303,920010.BJ,天然气,大周期
20260303,sz002267,天然气,大周期
20260303,sh601015,天然气,大周期
20260303,sz000421,天然气,大周期
20260303,sh603706,天然气,大周期
20260303,920014.BJ,天然气,大周期
20260303,sh605368,天然气,大周期
20260303,sh603689,天然气,大周期
20260303,sz300483,天然气,大周期
20260303,sh600333,天然气,大周期
20260303,sh600903,天然气,大周期
20260303,sh601139,天然气,大周期
20260303,sh600917,天然气,大周期
20260303,sz002700,天然气,大周期
20260303,sh603053,天然气,大周期
20260303,sh603080,天然气,大周期
20260303,sz002911,天然气,大周期
20260303,920260.BJ,天然气,大周期
20260303,sh600759,有色,大周期
20260303,sz002490,油气,大周期
20260303,sz002207,油气,大周期
20260303,sh600871,油气,大周期
20260303,sh603619,油气,大周期
20260303,sz002828,油气,大周期
20260303,sh600339,油气,大周期
20260303,sh601808,油气,大周期
20260303,sz300164,油气,大周期
20260303,sz300191,油气,大周期
20260303,sz300157,油气,大周期
20260303,sz002554,油气,大周期
20260303,sh603727,油气,大周期
20260303,sh600968,油气,大周期
20260303,920088.BJ,油气,大周期
20260303,sz301158,油气,大周期
20260303,sz002629,油气,大周期
20260303,sh600583,油气,大周期
20260303,920158.BJ,油气,大周期
20260303,sh601872,有色,大周期
20260303,sh600026,有色,大周期
20260303,sh601975,有色,大周期
20260303,sz002040,有色,大周期
20260303,sh600798,有色,大周期
20260303,sh601022,有色,大周期
20260303,sh601866,有色,大周期
20260303,920571.BJ,有色,大周期
20260303,sh601083,有色,大周期
20260303,sh603353,有色,大周期
20260303,sz000554,有色,大周期
20260303,sh601857,油气,大周期
20260303,sh600938,油气,大周期
20260303,sh600688,有色,大周期
20260303,sh600256,油气,大周期
20260303,sz000096,有色,大周期
20260303,sh600028,油气,大周期
20260303,sh600722,有色,大周期
20260303,sh600714,有色,大周期
20260303,sh600367,有色,大周期
20260303,sz000301,化工,大周期
20260303,sz300839,化工,大周期
20260303,sz002980,光通信,人工智能
20260303,sz002491,光通信,人工智能
20260303,sz002957,光通信,人工智能
20260303,sz002350,储能,电网
20260303,sz002506,光伏,电网
20260303,sh600777,有色,大周期
20260303,sh600381,有色,大周期
20260303,sz002808,有色,大周期
20260303,sh600108,农业,大消费
20260303,sz301302,军工,商业航天
20260303,sz001269,有色,大周期
20260303,sh603616,有色,大周期
20260303,sz002952,有色,大周期
20260303,sh603139,有色,大周期
20260303,sh603778,光伏,电网
20260303,sh600403,煤炭,大周期
20260310,sz001267,光通信,人工智能
20260310,sh603803,光通信,人工智能
20260310,sh600330,航天,商业航天
20260310,sh601869,光通信,人工智能
20260310,sz002281,光通信,人工智能
20260310,sh600345,光通信,人工智能
20260310,sh600498,光通信,人工智能
20260310,sh688048,芯片,半导体
20260310,sz002636,有色,大周期
20260310,sh688655,PCB,半导体
20260310,sz001389,PCB,半导体
20260310,sz002384,PCB,半导体
20260310,sz300936,PCB,半导体
20260310,sz001400,液冷,人工智能
20260310,sh603269,有色,大周期
20260310,sz002632,液冷,人工智能
20260310,sz002536,液冷,人工智能
20260310,sz002903,机器人,人工智能
20260310,sh603017,航天,商业航天
20260310,sz002025,航天,商业航天
20260310,sz300629,航天,商业航天
20260310,sz002575,算力,人工智能
20260310,sz002298,算力,人工智能
20260310,sz002467,AI应用,人工智能
20260310,sz002335,算力,人工智能
20260310,sh605268,有色,大周期
20260310,sz000839,有色,大周期
20260310,sh605287,有色,大周期
20260310,sh605318,AI应用,人工智能
20260310,sz002445,电力,电网
20260310,sz000537,有色,大周期
20260310,sh600726,电力,电网
20260310,sh601778,电力,电网
20260310,sh603949,有色,大周期
20260310,sh600376,有色,大周期
20260310,sz003021,机器人,人工智能
20260310,sz002290,算力,人工智能
20260310,sh688300,半导体,半导体
20260310,sz002760,有色,大周期
20260310,sz300257,电力,电网
20260310,sh603421,半导体,半导体
20260310,sz002350,电网,电网
20260310,sh600135,有色,大周期
20260310,sz002294,有色,大周期
20260310,sz000711,有色,大周期
20260310,sz000488,有色,大周期
20260310,sh600568,有色,大周期
20260310,sh600753,有色,大周期
20260310,sz000504,有色,大周期
20260310,sz002592,有色,大周期
20260310,sh600599,有色,大周期
20260310,sz000004,有色,大周期
20260310,sz002485,有色,大周期
20260310,sh603557,有色,大周期
20260310,sz001270,有色,大周期
20260310,sz000669,有色,大周期
20260310,sh600421,有色,大周期
20260310,sz002898,有色,大周期
20260310,sz002789,有色,大周期
20260310,sh600108,农业,大消费
20260310,sh601789,有色,大周期
20260310,sz002969,有色,大周期
20260310,sz000949,化工,大周期
20260310,sh603115,有色,大周期
20260310,sz001332,核电,电网
20260310,sz002729,电力,电网
20260310,sz000014,有色,大周期
20260310,sz002993,有色,大周期
20260310,sh600172,有色,大周期
20260310,920036.BJ,有色,大周期
20260310,sh600769,有色,大周期
20260224,sh605033,化工,大周期
20260224,sh600722,有色,大周期
20260224,sz002470,化工,大周期
20260224,sh600078,化工,大周期
20260224,sh600714,有色,大周期
20260224,sz000545,化工,大周期
20260224,sh603077,化工,大周期
20260224,sz002165,半导体,半导体
20260224,sz002136,化工,大周期
20260224,sz000635,化工,大周期
20260224,sz002809,有色,大周期
20260224,sz002312,化工,大周期
20260224,sz000422,化工,大周期
20260224,sh600470,化工,大周期
20260224,sz002539,化工,大周期
20260224,sh600409,化工,大周期
20260224,sh600096,化工,大周期
20260224,sz002895,储能,电网
20260224,sh600141,化工,大周期
20260224,sz002207,油气,大周期
20260224,sz002490,油气,大周期
20260224,sh600759,油气,大周期
20260224,sh603619,油气,大周期
20260224,sz300164,油气,大周期
20260224,sz002554,油气,大周期
20260224,sz300157,算力,人工智能
20260224,sh603727,油气,大周期
20260224,sh600339,油气,大周期
20260224,sh600871,油气,大周期
20260224,sz002828,油气,大周期
20260224,sh601808,油气,大周期
20260224,sz300191,油气,大周期
20260224,sh600397,有色,大周期
20260224,sz002716,有色,大周期
20260224,sh601212,有色,大周期
20260224,sh601390,有色,大周期
20260224,sz000603,有色,大周期
20260224,sz001337,有色,大周期
20260224,sz002498,电网,电网
20260224,sz003035,电网,电网
20260224,sz002358,有色,大周期
20260224,sh600550,电网,电网
20260224,sh603861,算力,人工智能
20260224,sz002606,电网,电网
20260224,sh605006,有色,大周期
20260224,sh603256,有色,大周期
20260224,sz301526,有色,大周期
20260224,sh600176,有色,大周期
20260224,sh603601,航天,商业航天
20260224,sz000890,光通信,人工智能
20260224,sh600345,光通信,人工智能
20260224,sh603042,光通信,人工智能
20260224,sz002491,光通信,人工智能
20260224,sh601869,光通信,人工智能
20260224,sh601872,有色,大周期
20260224,sh600026,有色,大周期
20260224,sh601975,有色,大周期
20260224,sh603124,PCB,半导体
20260224,sh603685,PCB,半导体
20260224,sz002916,PCB,半导体
20260224,sh603466,AI应用,人工智能
20260224,sh605289,AI应用,人工智能
20260224,sz002811,AI应用,人工智能
20260224,sz000636,有色,大周期
20260224,sh688260,有色,大周期
20260224,sh600172,有色,大周期
20260224,sz300179,有色,大周期
20260224,sh601015,有色,大周期
20260224,sh600792,有色,大周期
20260224,sh600330,航天,商业航天
20260224,sz000988,光通信,人工智能
20260224,sh603959,机器人,人工智能
20260224,sz001396,机器人,人工智能
20260224,sz000803,有色,大周期
20260224,sh605178,存储,半导体
20260224,sz000711,有色,大周期
20260224,sz000669,有色,大周期
20260224,sz000638,有色,大周期
20260224,sh603021,有色,大周期
20260224,sz002647,有色,大周期
20260224,sh603389,有色,大周期
20260224,sh600289,有色,大周期
20260224,sh603559,有色,大周期
20260224,sz002898,有色,大周期
20260224,sz002047,有色,大周期
20260224,sh603822,有色,大周期
20260224,sz002005,有色,大周期
20260224,sz000668,有色,大周期
20260224,sz002528,有色,大周期
20260224,sh600753,有色,大周期
20260224,sz003004,有色,大周期
20260224,sz001896,算力,人工智能
20260224,sh601890,军工,商业航天
20260224,sz000554,有色,大周期
20260224,sz002795,光伏,电网
20260224,sh603616,有色,大周期
20260224,sz000968,有色,大周期
20260224,sz002457,电网,电网
20260224,sz002875,算力,人工智能
20260224,sh600671,有色,大周期
20260224,sh603139,有色,大周期
20260224,sh603115,有色,大周期
20260224,920305.BJ,有色,大周期
20260224,sz300749,航天,商业航天
20260224,sz002694,有色,大周期
20260224,sz002652,有色,大周期
20260224,sz002506,光伏,电网
20260224,sz002283,有色,大周期
20260224,sh603400,有色,大周期
20260408,sh600126,算力,人工智能
20260408,sh600666,算力,人工智能
20260408,sz300209,算力,人工智能
20260408,sz002042,算力,人工智能
20260408,sh600186,算力,人工智能
20260408,sh600589,算力,人工智能
20260408,sz000889,算力,人工智能
20260408,sh603315,算力,人工智能
20260408,sh600986,AI应用,人工智能
20260408,sz300571,光通信,人工智能
20260408,sz002217,算力,人工智能
20260408,sh603629,算力,人工智能
20260408,sh603881,算力,人工智能
20260408,sz002929,算力,人工智能
20260408,sh605289,算力,人工智能
20260408,sz002484,有色,大周期
20260408,sz002181,AI应用,人工智能
20260408,sz002421,AI应用,人工智能
20260408,sz000727,AI应用,人工智能
20260408,sz002131,液冷,人工智能
20260408,sh605287,有色,大周期
20260408,sz002995,AI应用,人工智能
20260408,920171.BJ,AI应用,人工智能
20260408,sz300058,有色,大周期
20260408,sz000892,AI应用,人工智能
20260408,sh603598,AI应用,人工智能
20260408,sh603138,有色,大周期
20260408,sh605318,AI应用,人工智能
20260408,sz002400,AI应用,人工智能
20260408,sh601069,有色,大周期
20260408,sz000426,有色,大周期
20260408,sz000506,有色,大周期
20260408,sz002716,有色,大周期
20260408,sz000962,有色,大周期
20260408,sz001337,有色,大周期
20260408,sh603045,有色,大周期
20260408,sz002155,有色,大周期
20260408,sh600301,有色,大周期
20260408,sh601137,有色,大周期
20260408,sh603920,PCB,半导体
20260408,sh603175,PCB,半导体
20260408,sz001389,PCB,半导体
20260408,sh688655,PCB,半导体
20260408,sh605258,PCB,半导体
20260408,sz002916,PCB,半导体
20260408,sz002463,PCB,半导体
20260408,sz002008,PCB,半导体
20260408,sh603328,PCB,半导体
20260408,sh688630,PCB,半导体
20260408,sz000534,有色,大周期
20260408,sh605060,有色,大周期
20260408,sz002478,有色,大周期
20260408,sh600841,有色,大周期
20260408,sz002380,有色,大周期
20260408,sz002353,有色,大周期
20260408,sh603308,有色,大周期
20260408,sh600875,有色,大周期
20260408,sz301232,有色,大周期
20260408,sz002213,存储,半导体
20260408,sz002449,半导体,半导体
20260408,sz001287,存储,半导体
20260408,sh600641,半导体,半导体
20260408,sz300475,存储,半导体
20260408,sh688693,半导体,半导体
20260408,sh603306,半导体,半导体
20260408,sz002536,液冷,人工智能
20260408,sz002975,液冷,人工智能
20260408,sh603757,液冷,人工智能
20260408,sh603516,液冷,人工智能
20260408,sz000811,液冷,人工智能
20260408,sh603203,液冷,人工智能
20260408,sh603890,液冷,人工智能
20260408,sz002957,光通信,人工智能
20260408,sz002384,光通信,人工智能
20260408,sz002902,光通信,人工智能
20260408,sh603083,光通信,人工智能
20260408,sz001267,光通信,人工智能
20260408,sz300679,有色,大周期
20260408,sz000551,航天,商业航天
20260408,sz002361,航天,商业航天
20260408,sh603211,机器人,人工智能
20260408,sz002046,航天,商业航天
20260408,sz002342,航天,商业航天
20260408,sz000917,有色,大周期
20260408,sz000586,有色,大周期
20260408,sz002491,光通信,人工智能
20260408,sh600869,光通信,人工智能
20260408,sh600105,光通信,人工智能
20260408,sz000919,有色,大周期
20260408,sh600721,有色,大周期
20260408,sh603538,有色,大周期
20260408,sz002921,机器人,人工智能
20260408,sz002708,机器人,人工智能
20260408,sz002928,有色,大周期
20260408,sh600115,有色,大周期
20260408,sh600984,有色,大周期
20260408,sh600815,有色,大周期
20260408,sh688485,半导体,半导体
20260408,sh601002,有色,大周期
20260408,sz002273,有色,大周期
20260408,sh600114,有色,大周期
20260408,sz002797,有色,大周期
20260408,sz002528,有色,大周期
20260408,sz002713,有色,大周期
20260408,sh603822,有色,大周期
20260408,sh603813,有色,大周期
20260408,sz001270,有色,大周期
20260408,sh600599,有色,大周期
20260408,sh605081,有色,大周期
20260408,sh600581,有色,大周期
20260408,sh600228,有色,大周期
20260408,sz002055,有色,大周期
20260408,sh603595,有色,大周期
20260408,sz002512,有色,大周期
20260408,sh605162,电力,电网
20260408,sh600654,有色,大周期
20260408,sz002051,电网,电网
20260408,sz002348,有色,大周期
20260408,sh600743,有色,大周期
20260408,sz002663,有色,大周期
20260408,sh603950,有色,大周期
20260408,sh605016,有色,大周期
20260408,sh603272,有色,大周期
20260408,sh603196,储能,电网
20260408,sh600356,有色,大周期
20260408,sh603311,有色,大周期
20260408,sz000978,旅游,大消费
20260408,sz002634,光伏,电网
20260408,sz002188,有色,大周期
20260408,sz301070,有色,大周期
20260408,sh603777,有色,大周期
20260408,sz003041,有色,大周期
20260408,sz002606,特高压,电网
20260408,sh605305,风电,电网
20260408,sz002899,体育,大消费
20260422,sh600330,有色,大周期
20260422,sz002428,有色,大周期
20260422,sh600703,航天,商业航天
20260422,sz002796,光通信,人工智能
20260422,sh600105,芯片,半导体
20260422,sz002384,光通信,人工智能
20260422,920981.BJ,光通信,人工智能
20260422,sh688048,芯片,半导体
20260422,sh600184,光通信,人工智能
20260422,sh603618,光通信,人工智能
20260422,sh600487,光通信,人工智能
20260422,sh600869,光通信,人工智能
20260422,sh605365,半导体,半导体
20260422,sh600641,半导体,半导体
20260422,sh605588,半导体,半导体
20260422,sh601512,算力,人工智能
20260422,sh601061,有色,大周期
20260422,sh603606,有色,大周期
20260422,sz002588,有色,大周期
20260422,sz000990,有色,大周期
20260422,sz002081,航天,商业航天
20260422,sh600736,航天,商业航天
20260422,sz002201,航天,商业航天
20260422,sz002194,航天,商业航天
20260422,sz003018,液冷,人工智能
20260422,sz002418,液冷,人工智能
20260422,sz000811,液冷,人工智能
20260422,sz301003,机器人,人工智能
20260422,sz002443,机器人,人工智能
20260422,sz002256,机器人,人工智能
20260422,sz002636,PCB,半导体
20260422,sz002938,PCB,半导体
20260422,sz300067,算力,人工智能
20260422,sh600126,算力,人工智能
20260422,sh603496,算力,人工智能
20260422,sz000062,芯片,半导体
20260422,sh600446,AI应用,人工智能
20260422,sz002432,有色,大周期
20260422,sz300890,储能,电网
20260422,sh603906,储能,电网
20260422,sh603773,光通信,人工智能
20260422,sh603813,有色,大周期
20260422,sz001270,有色,大周期
20260422,sh600696,有色,大周期
20260422,sz000711,有色,大周期
20260422,sz002620,有色,大周期
20260422,sz000669,有色,大周期
20260422,sh603822,有色,大周期
20260422,sz002005,有色,大周期
20260422,sh600683,有色,大周期
20260422,sh600234,有色,大周期
20260422,sh603115,有色,大周期
20260422,sh600396,电力,电网
20260422,sh603318,有色,大周期
20260422,sz002360,有色,大周期
20260422,sh605376,有色,大周期
20260422,sz000751,有色,大周期
20260422,sh600052,有色,大周期
20260422,sh603903,有色,大周期
20260422,sz002397,有色,大周期
20260422,sz001234,有色,大周期
20260422,sh600815,有色,大周期
20260422,sh603637,有色,大周期
20260203,sz002471,航天,商业航天
20260203,sz001316,航天,商业航天
20260203,sz002342,有色,大周期
20260203,sz002792,光通信,人工智能
20260203,sz001400,航天,商业航天
20260203,sh603773,航天,商业航天
20260203,sh605123,航天,商业航天
20260203,sz002361,航天,商业航天
20260203,sh603211,机器人,人工智能
20260203,sh603031,航天,商业航天
20260203,sz000547,航天,商业航天
20260203,sh600481,光伏,电网
20260203,sz002943,半导体,半导体
20260203,sh688516,光伏,电网
20260203,sh603051,光伏,电网
20260203,sh603806,封装,半导体
20260203,sh600586,光伏,电网
20260203,sh688680,光伏,电网
20260203,sh603778,光伏,电网
20260203,sz301636,光伏,电网
20260203,sz002865,光伏,电网
20260203,sz300842,光伏,电网
20260203,sh603618,PCB,半导体
20260203,sh600330,航天,商业航天
20260203,sz002957,储能,电网
20260203,sz002951,光通信,人工智能
20260203,sz301182,有色,大周期
20260203,sz300757,光通信,人工智能
20260203,sz000533,核电,电网
20260203,sz002112,算力,人工智能
20260203,sz003035,电网,电网
20260203,sz002364,有色,大周期
20260203,sz002922,算力,人工智能
20260203,sh600149,有色,大周期
20260203,sz000856,有色,大周期
20260203,sh601992,有色,大周期
20260203,sh600266,有色,大周期
20260203,sz000039,有色,大周期
20260203,sh600986,AI应用,人工智能
20260203,sh600410,算力,人工智能
20260203,sz002238,算力,人工智能
20260203,sh600673,有色,大周期
20260203,sh603172,化工,大周期
20260203,sz002455,化工,大周期
20260203,sz002165,半导体,半导体
20260203,sh603285,有色,大周期
20260203,sh600590,有色,大周期
20260203,sz000738,军工,商业航天
20260203,sz000534,有色,大周期
20260203,sz000811,液冷,人工智能
20260203,sh600869,液冷,人工智能
20260203,sz002126,机器人,人工智能
20260203,sz002155,有色,大周期
20260203,sz002785,有色,大周期
20260203,sh603612,有色,大周期
20260203,sz301362,PCB,半导体
20260203,sh603920,机器人,人工智能
20260203,sz002830,AI应用,人工智能
20260203,sh603095,AI应用,人工智能
20260203,sz000962,核电,电网
20260203,sh600053,机器人,人工智能
20260203,sz000711,有色,大周期
20260203,sz002713,有色,大周期
20260203,sz000608,有色,大周期
20260203,sh603843,有色,大周期
20260203,sz000821,有色,大周期
20260203,sz000668,有色,大周期
20260203,sh603557,有色,大周期
20260203,sz000691,有色,大周期
20260203,sz002898,有色,大周期
20260203,sz002581,有色,大周期
20260203,sh603021,有色,大周期
20260203,sz002058,有色,大周期
20260203,sh600735,有色,大周期
20260203,sh603103,有色,大周期
20260203,sz000995,饮料,大消费
20260203,sh600785,有色,大周期
20260203,sh600683,有色,大周期
20260203,sh605599,有色,大周期
20260203,sz002012,有色,大周期
20260203,sh600984,有色,大周期
20260203,920305.BJ,有色,大周期
20260203,sh601799,有色,大周期
20260428,sz000593,有色,大周期
20260428,sz002210,有色,大周期
20260428,sz002313,有色,大周期
20260428,sh601101,有色,大周期
20260428,sz001266,有色,大周期
20260428,sz301261,有色,大周期
20260428,sh601828,有色,大周期
20260428,sh601789,有色,大周期
20260428,sh603399,有色,大周期
20260428,sh603338,有色,大周期
20260428,sh603317,有色,大周期
20260428,sh601177,有色,大周期
20260428,sz300187,有色,大周期
20260428,sz002297,航天,商业航天
20260428,sh600320,有色,大周期
20260428,sh600770,有色,大周期
20260428,sh603931,半导体,半导体
20260428,sz300905,半导体,半导体
20260428,sh603283,半导体,半导体
20260428,sz001298,芯片,半导体
20260428,sz003026,半导体,半导体
20260428,sz002647,算力,人工智能
20260428,sz002652,半导体,半导体
20260428,sh603215,有色,大周期
20260428,sz001358,化工,大周期
20260428,sz002989,算力,人工智能
20260428,sh605289,AI应用,人工智能
20260428,sz000889,算力,人工智能
20260428,sh603629,算力,人工智能
20260428,sh600156,机器人,人工智能
20260428,sz000967,算力,人工智能
20260428,sh605168,AI应用,人工智能
20260428,sz002575,算力,人工智能
20260428,sz002923,医药,大消费
20260428,sh603259,有色,大周期
20260428,sz002412,医药,大消费
20260428,sz002821,有色,大周期
20260428,sh600488,有色,大周期
20260428,sh603318,有色,大周期
20260428,sh600379,有色,大周期
20260428,sz300540,有色,大周期
20260428,sh600248,有色,大周期
20260428,sh600227,化工,大周期
20260428,920471.BJ,化工,大周期
20260428,sh600726,电力,电网
20260428,sh600744,电力,电网
20260428,sh600152,储能,电网
20260428,sz002733,氢能,电网
20260428,sh603813,有色,大周期
20260428,sz000609,有色,大周期
20260428,sh600381,有色,大周期
20260428,sz002289,有色,大周期
20260428,sh600735,有色,大周期
20260428,sh603557,有色,大周期
20260428,sz002569,有色,大周期
20260428,sh600238,有色,大周期
20260428,sz000838,有色,大周期
20260428,sh600265,有色,大周期
20260428,sh600243,有色,大周期
20260428,sz000752,有色,大周期
20260428,sz000908,有色,大周期
20260428,sh600289,有色,大周期
20260428,sz002592,有色,大周期
20260428,sh603843,有色,大周期
20260428,sz000711,有色,大周期
20260428,sz002081,航天,商业航天
20260428,sh603095,有色,大周期
20260428,sz002902,光通信,人工智能
20260428,sz002175,有色,大周期
20260428,sh605287,有色,大周期
20260428,sz002218,光伏,电网
20260428,sh603336,有色,大周期
20260428,sz002715,有色,大周期
20260428,sh600623,有色,大周期
20260428,sh603779,有色,大周期
20260428,sh600496,电网,电网
20260508,sz002031,机器人,人工智能
20260508,sh603758,机器人,人工智能
20260508,sh603667,机器人,人工智能
20260508,920270.BJ,机器人,人工智能
20260508,sz002979,机器人,人工智能
20260508,sz002009,储能,电网
20260508,sh600480,机器人,人工智能
20260508,sz002536,机器人,人工智能
20260508,sz002965,机器人,人工智能
20260508,sh605566,机器人,人工智能
20260508,sz300488,机器人,人工智能
20260508,sz002520,机器人,人工智能
20260508,sz000678,机器人,人工智能
20260508,sz002997,机器人,人工智能
20260508,sh605055,机器人,人工智能
20260508,sh603400,机器人,人工智能
20260508,sz301028,机器人,人工智能
20260508,sz300258,机器人,人工智能
20260508,sh605189,机器人,人工智能
20260508,sh603028,机器人,人工智能
20260508,sh600130,芯片,半导体
20260508,sh603278,航天,商业航天
20260508,sh600076,半导体,半导体
20260508,sh600783,航天,商业航天
20260508,sh600855,航天,商业航天
20260508,sh600992,航天,商业航天
20260508,sh600343,航天,商业航天
20260508,sh688818,航天,商业航天
20260508,sz002865,光伏,电网
20260508,sz000547,航天,商业航天
20260508,sz000839,有色,大周期
20260508,sh605289,AI应用,人工智能
20260508,sz002030,AI应用,人工智能
20260508,sh600536,AI应用,人工智能
20260508,sz002474,AI应用,人工智能
20260508,sz000710,AI应用,人工智能
20260508,sz002798,AI应用,人工智能
20260508,sh603012,AI应用,人工智能
20260508,sh603937,有色,大周期
20260508,sz003036,有色,大周期
20260508,sh605086,储能,电网
20260508,sz002580,液冷,人工智能
20260508,sz000036,有色,大周期
20260508,sz002091,有色,大周期
20260508,sz002256,机器人,人工智能
20260508,sh603738,光通信,人工智能
20260508,sz002902,光通信,人工智能
20260508,sz001267,光通信,人工智能
20260508,sz002281,光通信,人工智能
20260508,sz301183,有色,大周期
20260508,sz002222,光通信,人工智能
20260508,sh603618,PCB,半导体
20260508,sz002491,光通信,人工智能
20260508,sz000720,光通信,人工智能
20260508,sh600498,航天,商业航天
20260508,sh600345,有色,大周期
20260508,sh605006,有色,大周期
20260508,sz002552,有色,大周期
20260508,sh603459,PCB,半导体
20260508,sh600545,有色,大周期
20260508,sz300283,有色,大周期
20260508,sz002929,算力,人工智能
20260508,sh603636,算力,人工智能
20260508,sh600589,算力,人工智能
20260508,sz002642,有色,大周期
20260508,sh600234,算力,人工智能
20260508,sz000863,有色,大周期
20260508,sh600724,有色,大周期
20260508,sh600748,有色,大周期
20260508,sh605358,半导体,半导体
20260508,sh600078,化工,大周期
20260508,sz001333,封装,半导体
20260508,sh600936,有色,大周期
20260508,sz000582,有色,大周期
20260508,sh605169,天然气,大周期
20260508,sz002259,天然气,大周期
20260508,sz002317,有色,大周期
20260508,sh600222,有色,大周期
20260508,sh600381,有色,大周期
20260508,sz002289,有色,大周期
20260508,sh600730,有色,大周期
20260508,sh603843,有色,大周期
20260508,sh603580,有色,大周期
20260508,sz002207,有色,大周期
20260508,sh603828,有色,大周期
20260508,sz003004,有色,大周期
20260508,sz000668,有色,大周期
20260508,sh600476,有色,大周期
20260508,sz002199,有色,大周期
20260508,sz000826,有色,大周期
20260508,sh600892,有色,大周期
20260508,sh600734,有色,大周期
20260508,sh603959,有色,大周期
20260508,sh600337,有色,大周期
20260508,sz002691,有色,大周期
20260508,sh603189,有色,大周期
20260508,sh600228,有色,大周期
20260508,sz002211,有色,大周期
20260508,sz002569,有色,大周期
20260508,sh603869,有色,大周期
20260508,sz002693,有色,大周期
20260508,sz000016,有色,大周期
20260508,sz000911,有色,大周期
20260508,sz003032,有色,大周期
20260508,sz000909,有色,大周期
20260508,sh603045,有色,大周期
20260508,sh601991,有色,大周期
20260508,sz002655,有色,大周期
20260508,sz002930,有色,大周期
20260508,sz002624,传媒,大消费
20260508,sz000782,化工,大周期
20260508,sh600683,有色,大周期
20260508,sz002397,有色,大周期
20260508,sz000659,有色,大周期
20260508,sz002866,储能,电网
20260508,sz002629,油气,大周期
20260508,sh600530,食品,大消费
20260508,sh600391,有色,大周期
20260508,sz002132,化工,大周期
20260508,sh603373,无人机,商业航天
20260508,sz002918,有色,大周期
20260508,sh603878,黑色,大周期
20260508,sh603311,有色,大周期
20260508,sh688260,有色,大周期
20260508,sh600984,有色,大周期
20260507,sz000889,算力,人工智能
20260507,sz000818,算力,人工智能
20260507,sh605168,AI应用,人工智能
20260507,sz002217,算力,人工智能
20260507,sh600673,算力,人工智能
20260507,sz002929,算力,人工智能
20260507,sz002990,算力,人工智能
20260507,sz002591,算力,人工智能
20260507,sh603315,算力,人工智能
20260507,sz002757,算力,人工智能
20260507,sh600284,算力,人工智能
20260507,sz002335,算力,人工智能
20260507,sh603636,AI应用,人工智能
20260507,sz000967,算力,人工智能
20260507,sz300052,算力,人工智能
20260507,sz002647,算力,人工智能
20260507,sz002031,机器人,人工智能
20260507,sz301000,机器人,人工智能
20260507,sz002298,机器人,人工智能
20260507,sh603895,机器人,人工智能
20260507,sh603950,机器人,人工智能
20260507,sz300819,机器人,人工智能
20260507,sz000700,机器人,人工智能
20260507,sz002698,机器人,人工智能
20260507,sz002664,机器人,人工智能
20260507,sh603179,机器人,人工智能
20260507,sz002885,机器人,人工智能
20260507,sh603256,有色,大周期
20260507,sh605006,有色,大周期
20260507,sz002552,有色,大周期
20260507,sz002008,PCB,半导体
20260507,sh605258,PCB,半导体
20260507,sh601208,PCB,半导体
20260507,sh603688,PCB,半导体
20260507,sh603002,PCB,半导体
20260507,sz000823,PCB,半导体
20260507,sz002436,PCB,半导体
20260507,sh603459,PCB,半导体
20260507,sz002081,航天,商业航天
20260507,sz002903,机器人,人工智能
20260507,sh600130,芯片,半导体
20260507,sh603278,航天,商业航天
20260507,sh605598,航天,商业航天
20260507,sz002194,航天,商业航天
20260507,sz000509,航天,商业航天
20260507,sh600736,航天,商业航天
20260507,sz002342,有色,大周期
20260507,sz000066,有色,大周期
20260507,sh603316,存储,半导体
20260507,sz002183,存储,半导体
20260507,sz002350,半导体,半导体
20260507,sh603306,半导体,半导体
20260507,sh603931,半导体,半导体
20260507,sh603738,光通信,人工智能
20260507,sh603803,光通信,人工智能
20260507,sh688167,光通信,人工智能
20260507,sz002384,光通信,人工智能
20260507,sz002980,光通信,人工智能
20260507,sh600522,光通信,人工智能
20260507,sh603618,PCB,半导体
20260507,sz000720,光通信,人工智能
20260507,sz002951,有色,大周期
20260507,sz002491,光通信,人工智能
20260507,sh603938,有色,大周期
20260507,sz000070,光通信,人工智能
20260507,sh600396,电力,电网
20260507,sh601991,有色,大周期
20260507,sh600719,电力,电网
20260507,sh601868,电力,电网
20260507,sh600726,电力,电网
20260507,sh603598,AI应用,人工智能
20260507,sz301171,AI应用,人工智能
20260507,sh600207,光伏,电网
20260507,920152.BJ,光伏,电网
20260507,sh600936,有色,大周期
20260507,sh601996,有色,大周期
20260507,sh603158,液冷,人工智能
20260507,sh600707,化工,大周期
20260507,sz000609,有色,大周期
20260507,sh600381,有色,大周期
20260507,sz002289,有色,大周期
20260507,sh600730,有色,大周期
20260507,sh603580,有色,大周期
20260507,sh603557,有色,大周期
20260507,sh603398,有色,大周期
20260507,sh603828,有色,大周期
20260507,sz002207,有色,大周期
20260507,sh600082,有色,大周期
20260507,sz000711,有色,大周期
20260507,sh600243,有色,大周期
20260507,sh600107,有色,大周期
20260507,sz003004,有色,大周期
20260507,sz000668,有色,大周期
20260507,sh600476,有色,大周期
20260507,sz001270,有色,大周期
20260507,sz000826,有色,大周期
20260507,sz002253,有色,大周期
20260507,sz002047,有色,大周期
20260507,sh600537,有色,大周期
20260507,sz002058,有色,大周期
20260507,sz002816,有色,大周期
20260507,sz002620,有色,大周期
20260507,sz002496,有色,大周期
20260507,sh600265,有色,大周期
20260507,sz000929,有色,大周期
20260507,sh603095,有色,大周期
20260507,sh603045,有色,大周期
20260507,sh688069,有色,大周期
20260507,sz003041,有色,大周期
20260507,sh605158,有色,大周期
20260507,sz002655,有色,大周期
20260507,sz300807,有色,大周期
20260507,sz000697,有色,大周期
20260507,sz002915,有色,大周期
20260507,sz002051,有色,大周期
20260507,sz002729,电力,电网
20260507,sh600815,有色,大周期
20260507,sh605218,有色,大周期
20260507,sz002930,有色,大周期
20260507,sz002824,有色,大周期
20260507,sz300868,有色,大周期
20260507,sh603226,有色,大周期
20260507,sz002317,有色,大周期
20260507,sh603997,有色,大周期
20260507,sh600539,有色,大周期
20260507,sh603067,储能,电网
20260507,sh600610,化工,大周期
20260514,sz002309,光伏,电网
20260514,sh600819,化工,大周期
20260514,sz002506,光伏,电网
20260514,sh605086,光伏,电网
20260514,sh600481,光伏,电网
20260514,sz000159,光伏,电网
20260514,sz003022,光伏,电网
20260514,sh603007,机器人,人工智能
20260514,sz001223,机器人,人工智能
20260514,sz002782,机器人,人工智能
20260514,sz002973,机器人,人工智能
20260514,sh603082,机器人,人工智能
20260514,sh603344,机器人,人工智能
20260514,sh688478,有色,大周期
20260514,sh600509,有色,大周期
20260514,920580.BJ,有色,大周期
20260514,sz002617,有色,大周期
20260514,sz002124,有色,大周期
20260514,sh603717,储能,电网
20260514,sh605296,有色,大周期
20260514,sz002840,有色,大周期
20260514,sh603052,芯片,半导体
20260514,sh603118,有色,大周期
20260514,sz001267,光通信,人工智能
20260514,sz002980,光通信,人工智能
20260514,sh605366,光伏,电网
20260514,sh605399,化工,大周期
20260514,sz002165,半导体,半导体
20260514,sz002809,有色,大周期
20260514,sz001210,液冷,人工智能
20260514,sz003018,液冷,人工智能
20260514,sz002723,液冷,人工智能
20260514,sh600156,机器人,人工智能
20260514,sh600449,算力,人工智能
20260514,sz002990,算力,人工智能
20260514,sh688146,有色,大周期
20260514,sz002971,有色,大周期
20260514,sz002918,有色,大周期
20260514,sz003031,光通信,人工智能
20260514,sz002208,有色,大周期
20260514,sz300715,半导体,半导体
20260514,sh600857,有色,大周期
20260514,sz002277,半导体,半导体
20260514,sz002254,有色,大周期
20260514,sh600381,有色,大周期
20260514,sz002289,有色,大周期
20260514,sh603272,有色,大周期
20260514,sz002207,有色,大周期
20260514,sh600730,有色,大周期
20260514,sz002199,有色,大周期
20260514,sz002856,有色,大周期
20260514,sh603828,有色,大周期
20260514,sz002514,有色,大周期
20260514,sz000632,有色,大周期
20260514,sz002501,有色,大周期
20260514,sh603378,有色,大周期
20260514,sz002789,有色,大周期
20260514,sz002620,有色,大周期
20260514,sh603595,有色,大周期
20260514,sz002713,有色,大周期
20260514,sh600302,有色,大周期
20260514,sz002650,有色,大周期
20260514,sh600818,有色,大周期
20260514,sh600289,有色,大周期
20260514,sz000669,有色,大周期
20260514,sz000609,有色,大周期
20260514,sh600238,有色,大周期
20260514,sh603377,有色,大周期
20260514,sh603813,有色,大周期
20260514,sz001259,有色,大周期
20260514,sh603779,有色,大周期
20260514,sh600578,电力,电网
20260514,sh600903,天然气,大周期
20260514,sz002940,有色,大周期
20260514,sh603093,有色,大周期
20260514,sh688281,有色,大周期
20260514,sh603016,电网,电网
20260514,sh603903,有色,大周期
20260514,sh603610,AI应用,人工智能
20260514,sz002976,储能,电网
20260513,sz002918,有色,大周期
20260513,sh600172,有色,大周期
20260513,sz002208,有色,大周期
20260513,sh688146,有色,大周期
20260513,sz002658,有色,大周期
20260513,sz002375,有色,大周期
20260513,sh603216,有色,大周期
20260513,sz002290,算力,人工智能
20260513,sz002409,半导体,半导体
20260513,sh603156,有色,大周期
20260513,sh603290,半导体,半导体
20260513,sz002654,存储,半导体
20260513,sh688187,半导体,半导体
20260513,sz001309,存储,半导体
20260513,sh688003,半导体,半导体
20260513,sz002183,存储,半导体
20260513,sh600396,电力,电网
20260513,sh601991,有色,大周期
20260513,sz000601,有色,大周期
20260513,sz000767,电力,电网
20260513,sh603126,有色,大周期
20260513,sz002310,电力,电网
20260513,sh600578,电力,电网
20260513,sh600982,电力,电网
20260513,sh600758,煤炭,大周期
20260513,sz002015,有色,大周期
20260513,sh605286,电力,电网
20260513,sz000993,电力,电网
20260513,sh600726,电力,电网
20260513,sh600475,电力,电网
20260513,sh601016,电力,电网
20260513,sh603070,有色,大周期
20260513,sz002782,有色,大周期
20260513,sh603063,算力,人工智能
20260513,sz002885,算力,人工智能
20260513,sz000533,有色,大周期
20260513,sz002843,航天,商业航天
20260513,sz002518,算力,人工智能
20260513,sz002993,有色,大周期
20260513,sz002851,有色,大周期
20260513,sz002364,算力,人工智能
20260513,sz002922,有色,大周期
20260513,sh601126,算力,人工智能
20260513,sz002929,算力,人工智能
20260513,sh600156,机器人,人工智能
20260513,sh603110,PCB,半导体
20260513,sh603887,算力,人工智能
20260513,sh600666,算力,人工智能
20260513,sz000889,算力,人工智能
20260513,sh603629,算力,人工智能
20260513,sh603679,有色,大周期
20260513,sh605168,AI应用,人工智能
20260513,sz003007,算力,人工智能
20260513,sz300210,算力,人工智能
20260513,sz002805,有色,大周期
20260513,sz002825,有色,大周期
20260513,sh603120,储能,电网
20260513,sz001223,有色,大周期
20260513,sz002034,有色,大周期
20260513,sh603285,储能,电网
20260513,sh600500,有色,大周期
20260513,sz002283,有色,大周期
20260513,sz000880,有色,大周期
20260513,sh600482,有色,大周期
20260513,sz002760,有色,大周期
20260513,sh603936,PCB,半导体
20260513,sh605589,PCB,半导体
20260513,sh600183,有色,大周期
20260513,sz002938,PCB,半导体
20260513,sz000925,算力,人工智能
20260513,sh603203,液冷,人工智能
20260513,sh601138,光通信,人工智能
20260513,sz000936,芯片,半导体
20260513,sh603007,机器人,人工智能
20260513,920469.BJ,机器人,人工智能
20260513,sz001313,机器人,人工智能
20260513,sh603790,有色,大周期
20260513,sh600379,电网,电网
20260513,sz002498,电网,电网
20260513,sz002560,机器人,人工智能
20260513,sz000811,液冷,人工智能
20260513,sz001210,液冷,人工智能
20260513,sh603890,液冷,人工智能
20260513,sz002628,电网,电网
20260513,sz002114,有色,大周期
20260513,sz002842,有色,大周期
20260513,sz002008,PCB,半导体
20260513,sh600707,化工,大周期
20260513,sz000720,光通信,人工智能
20260513,sh603938,有色,大周期
20260513,sz300965,航天,商业航天
20260513,sh688323,航天,商业航天
20260513,sz002629,油气,大周期
20260513,sz002940,有色,大周期
20260513,sh600381,有色,大周期
20260513,sz000711,有色,大周期
20260513,sh603272,有色,大周期
20260513,sz002207,有色,大周期
20260513,sz002199,有色,大周期
20260513,sh603559,有色,大周期
20260513,sz002856,有色,大周期
20260513,sh600082,有色,大周期
20260513,sh600337,有色,大周期
20260513,sz002514,有色,大周期
20260513,sz000632,有色,大周期
20260513,sz002501,有色,大周期
20260513,sz002569,有色,大周期
20260513,sz002691,有色,大周期
20260513,sz002175,有色,大周期
20260513,sz002528,有色,大周期
20260513,sh603378,有色,大周期
20260513,sz002529,有色,大周期
20260513,sz002547,有色,大周期
20260513,sz002512,有色,大周期
20260513,sz002211,有色,大周期
20260513,sz000793,有色,大周期
20260513,sz002193,有色,大周期
20260513,sh603922,有色,大周期
20260513,sh600965,有色,大周期
20260513,sh603595,有色,大周期
20260513,sz002713,有色,大周期
20260513,sz000639,有色,大周期
20260513,sz002620,有色,大周期
20260513,sh603261,有色,大周期
20260513,sz000691,有色,大周期
20260513,sz002323,有色,大周期
20260513,sz000929,有色,大周期
20260513,sh603838,有色,大周期
20260513,sh600530,有色,大周期
20260513,sz001259,有色,大周期
20260513,sh603052,有色,大周期
20260513,sz300959,有色,大周期
20260513,sh603779,有色,大周期
20260513,sz002868,有色,大周期
20260513,sz002777,有色,大周期
20260513,sz003001,电网,电网
20260513,sz002454,有色,大周期
20260513,sh603023,有色,大周期
20260513,sh603535,无人机,商业航天
20260513,sh605158,有色,大周期
20260513,sh603069,免税,大消费
20260513,sz002703,AI应用,人工智能
20260513,sh600903,天然气,大周期
20260513,sh688625,有色,大周期
20260513,sh603093,有色,大周期
20260513,sh600737,有色,大周期
20260513,sh600857,有色,大周期
20260518,sz002208,有色,大周期
20260518,sh601133,有色,大周期
20260518,sh601678,有色,大周期
20260518,sz002654,存储,半导体
20260518,sh603156,有色,大周期
20260518,sz000417,有色,大周期
20260518,sh603726,半导体,半导体
20260518,sz000672,有色,大周期
20260518,sz000021,存储,半导体
20260518,sh603360,化工,大周期
20260518,sh605303,有色,大周期
20260518,sz300302,存储,半导体
20260518,sh600909,有色,大周期
20260518,sz000685,有色,大周期
20260518,sh603316,存储,半导体
20260518,sz301666,存储,半导体
20260518,sz002853,有色,大周期
20260518,sh603060,航天,商业航天
20260518,sh600992,航天,商业航天
20260518,sh603859,AI应用,人工智能
20260518,sh603601,航天,商业航天
20260518,sh688811,航天,商业航天
20260518,sz000962,光通信,人工智能
20260518,sz002927,算力,人工智能
20260518,sh600578,电力,电网
20260518,sh600758,煤炭,大周期
20260518,sz001258,风电,电网
20260518,sh603693,电力,电网
20260518,sh600032,电力,电网
20260518,sh605318,AI应用,人工智能
20260518,sh600640,AI应用,人工智能
20260518,sz301313,AI应用,人工智能
20260518,sz002354,机器人,人工智能
20260518,sh600446,AI应用,人工智能
20260518,sh603082,机器人,人工智能
20260518,sh688507,机器人,人工智能
20260518,sh603989,机器人,人工智能
20260518,sh603121,机器人,人工智能
20260518,sh603358,机器人,人工智能
20260518,sz002980,光通信,人工智能
20260518,sz000988,光通信,人工智能
20260518,sh603031,光通信,人工智能
20260518,sz002515,有色,大周期
20260518,sz300657,有色,大周期
20260518,sh600850,有色,大周期
20260518,sh600996,算力,人工智能
20260518,sh603206,算力,人工智能
20260518,sz301599,有色,大周期
20260518,920178.BJ,有色,大周期
20260518,sz301531,有色,大周期
20260518,sh605218,有色,大周期
20260518,sz002888,有色,大周期
20260518,sz002635,有色,大周期
20260518,sz002421,液冷,人工智能
20260518,sz003018,液冷,人工智能
20260518,sz002272,液冷,人工智能
20260518,sh600183,PCB,半导体
20260518,sz002552,有色,大周期
20260518,sh603938,有色,大周期
20260518,sh688143,航天,商业航天
20260518,sh600903,天然气,大周期
20260518,sh600339,油气,大周期
20260518,sh601126,储能,电网
20260518,sz002121,储能,电网
20260518,sh600714,化工,大周期
20260518,sh605123,航天,商业航天
20260518,sz000711,有色,大周期
20260518,sh600730,有色,大周期
20260518,sz002514,有色,大周期
20260518,sh603378,有色,大周期
20260518,sz000669,有色,大周期
20260518,sh600568,有色,大周期
20260518,sh603008,有色,大周期
20260518,sh600818,有色,大周期
20260518,sh600965,有色,大周期
20260518,sz300212,有色,大周期
20260518,sz002055,有色,大周期
20260518,sh603580,有色,大周期
20260518,sh605199,有色,大周期
20260518,sz000909,有色,大周期
20260518,sz003004,有色,大周期
20260518,sh603398,有色,大周期
20260518,sz002431,有色,大周期
20260518,sz000911,有色,大周期
20260518,sz002822,有色,大周期
20260518,sz002360,有色,大周期
20260518,sz001259,有色,大周期
20260518,sh603779,有色,大周期
20260518,sz002374,饮料,大消费
20260518,sh600500,有色,大周期
20260518,sz002030,有色,大周期
20260518,sh600676,有色,大周期
20260518,sh600769,有色,大周期
20260518,sz000006,有色,大周期
20260518,sh603115,有色,大周期
20260518,sh603311,有色,大周期
20260518,sz000571,煤炭,大周期
20260518,sh603303,有色,大周期
20260518,sh603191,有色,大周期
20260518,sz002881,算力,人工智能
20260518,sh603657,家电,大消费
20260518,sh600847,有色,大周期
20260511,sh600076,半导体,半导体
20260511,sh600078,有色,大周期
20260511,sh600172,有色,大周期
20260511,sh605255,算力,人工智能
20260511,sz300302,存储,半导体
20260511,sz000062,芯片,半导体
20260511,sh600584,半导体,半导体
20260511,sz002943,半导体,半导体
20260511,sh688328,半导体,半导体
20260511,sz000672,半导体,半导体
20260511,sz002971,有色,大周期
20260511,sh688551,半导体,半导体
20260511,sh688545,有色,大周期
20260511,sh603499,存储,半导体
20260511,sh688766,存储,半导体
20260511,920125.BJ,半导体,半导体
20260511,sz300604,半导体,半导体
20260511,sh605006,有色,大周期
20260511,sh603459,PCB,半导体
20260511,sz002552,PCB,半导体
20260511,sh600545,有色,大周期
20260511,sz002008,PCB,半导体
20260511,sz001389,PCB,半导体
20260511,sh600601,PCB,半导体
20260511,sh688603,PCB,半导体
20260511,sh603045,机器人,人工智能
20260511,sh605189,机器人,人工智能
20260511,sz001331,机器人,人工智能
20260511,sh605186,机器人,人工智能
20260511,sh603275,机器人,人工智能
20260511,sz001207,机器人,人工智能
20260511,sh603738,光通信,人工智能
20260511,sz002281,光通信,人工智能
20260511,sz002975,液冷,人工智能
20260511,sh600330,航天,商业航天
20260511,sz002396,有色,大周期
20260511,sz002491,光通信,人工智能
20260511,sh600184,有色,大周期
20260511,sh688618,有色,大周期
20260511,sh600869,光通信,人工智能
20260511,sz002030,AI应用,人工智能
20260511,sh688189,有色,大周期
20260511,sh600488,有色,大周期
20260511,sz000739,有色,大周期
20260511,sz001221,有色,大周期
20260511,sh603303,有色,大周期
20260511,sz001211,有色,大周期
20260511,sz300616,有色,大周期
20260511,sh603269,有色,大周期
20260511,sh603757,有色,大周期
20260511,sz000811,液冷,人工智能
20260511,sz002334,机器人,人工智能
20260511,sh600396,电力,电网
20260511,sh601991,有色,大周期
20260511,sh600236,电力,电网
20260511,sz000791,有色,大周期
20260511,sh600379,有色,大周期
20260511,sh688146,有色,大周期
20260511,sh605090,航天,商业航天
20260511,sh603150,有色,大周期
20260511,sh601609,有色,大周期
20260511,sh600259,有色,大周期
20260511,sz002918,有色,大周期
20260511,sh603936,PCB,半导体
20260511,sz003031,有色,大周期
20260511,sz002865,光伏,电网
20260511,sh600198,航天,商业航天
20260511,sz002179,航天,商业航天
20260511,sh600234,算力,人工智能
20260511,sz300449,芯片,半导体
20260511,sz000712,算力,人工智能
20260511,sz000636,有色,大周期
20260511,sz002585,储能,电网
20260511,sz301188,化工,大周期
20260511,sh603773,光通信,人工智能
20260511,sz002108,有色,大周期
20260511,sh688350,有色,大周期
20260511,sh600748,有色,大周期
20260511,sz000029,有色,大周期
20260511,sh600381,有色,大周期
20260511,sz002289,有色,大周期
20260511,sh600730,有色,大周期
20260511,sh603580,有色,大周期
20260511,sh603272,有色,大周期
20260511,sz002207,有色,大周期
20260511,sh603828,有色,大周期
20260511,sh603557,有色,大周期
20260511,sz000668,有色,大周期
20260511,sz003004,有色,大周期
20260511,sh603398,有色,大周期
20260511,sz002199,有色,大周期
20260511,sz000711,有色,大周期
20260511,sz002856,有色,大周期
20260511,sh603559,有色,大周期
20260511,sh600734,有色,大周期
20260511,sh600337,有色,大周期
20260511,sh603959,有色,大周期
20260511,sz002691,有色,大周期
20260511,sh603189,有色,大周期
20260511,sz002569,有色,大周期
20260511,sz002693,有色,大周期
20260511,sh600537,有色,大周期
20260511,sz002168,有色,大周期
20260511,sz002547,有色,大周期
20260511,sz002501,有色,大周期
20260511,sz002977,有色,大周期
20260511,sz000632,有色,大周期
20260511,sh603718,有色,大周期
20260511,sh600053,有色,大周期
20260511,sz002512,有色,大周期
20260511,sz000838,有色,大周期
20260511,sz002650,有色,大周期
20260511,sz002848,有色,大周期
20260511,sz002514,有色,大周期
20260511,sz000010,有色,大周期
20260511,sz002789,有色,大周期
20260511,sz002529,有色,大周期
20260511,sz002102,有色,大周期
20260511,sh600360,有色,大周期
20260511,sh600525,有色,大周期
20260511,sz002640,有色,大周期
20260511,sh600530,食品,大消费
20260511,sh600683,有色,大周期
20260511,sz001259,家电,大消费
20260511,sz300736,有色,大周期
20260511,sh600854,家电,大消费
20260511,sz002066,有色,大周期
20260511,sh600769,有色,大周期
20260511,sz002623,化工,大周期
20260511,sz002124,有色,大周期
20260511,sz000922,核电,电网
20260511,sz002718,有色,大周期
20260511,sz000425,有色,大周期
20260511,sh601858,AI应用,人工智能
20260511,920699.BJ,有色,大周期
20260506,sh600770,有色,大周期
20260506,sz002989,半导体,半导体
20260506,sz000066,有色,大周期
20260506,sh603353,封装,半导体
20260506,sz000620,存储,半导体
20260506,sz002156,有色,大周期
20260506,sz001309,存储,半导体
20260506,sz002290,有色,大周期
20260506,sh603316,存储,半导体
20260506,sh605303,有色,大周期
20260506,sh603156,有色,大周期
20260506,sz002787,储能,电网
20260506,sz300042,存储,半导体
20260506,sz301308,存储,半导体
20260506,920181.BJ,半导体,半导体
20260506,sh603986,存储,半导体
20260506,sz001287,存储,半导体
20260506,sh688584,半导体,半导体
20260506,sh603629,算力,人工智能
20260506,sz000889,算力,人工智能
20260506,sz000818,算力,人工智能
20260506,sh600673,算力,人工智能
20260506,sz002217,算力,人工智能
20260506,sz000815,有色,大周期
20260506,sz003007,算力,人工智能
20260506,sh601778,算力,人工智能
20260506,sh600589,算力,人工智能
20260506,sz002229,算力,人工智能
20260506,sh600666,算力,人工智能
20260506,sz300368,算力,人工智能
20260506,sz002364,有色,大周期
20260506,sh603985,算力,人工智能
20260506,sz300166,算力,人工智能
20260506,sh603256,有色,大周期
20260506,sh603936,PCB,半导体
20260506,sh603618,PCB,半导体
20260506,sh688813,PCB,半导体
20260506,sz301511,PCB,半导体
20260506,sz001389,PCB,半导体
20260506,sz002203,有色,大周期
20260506,sz002080,PCB,半导体
20260506,sz002081,航天,商业航天
20260506,sz001316,航天,商业航天
20260506,sz002149,航天,商业航天
20260506,sz002903,机器人,人工智能
20260506,sh603278,航天,商业航天
20260506,sh600130,航天,商业航天
20260506,sh688323,航天,商业航天
20260506,sz002158,半导体,半导体
20260506,sz002418,液冷,人工智能
20260506,sh603269,有色,大周期
20260506,sz002272,液冷,人工智能
20260506,sh603158,液冷,人工智能
20260506,sz002871,液冷,人工智能
20260506,sz002210,有色,大周期
20260506,sz000402,有色,大周期
20260506,sh603045,有色,大周期
20260506,sz002640,有色,大周期
20260506,sz000783,有色,大周期
20260506,sz000553,有色,大周期
20260506,sh601991,有色,大周期
20260506,sz002015,电力,电网
20260506,sh600719,电力,电网
20260506,sh601016,电力,电网
20260506,sh600821,电力,电网
20260506,sh600396,电力,电网
20260506,sh603399,储能,电网
20260506,sh603937,储能,电网
20260506,sz002805,储能,电网
20260506,sh603978,储能,电网
20260506,sz002245,储能,电网
20260506,sz002792,光通信,人工智能
20260506,sz002428,有色,大周期
20260506,sh688800,航天,商业航天
20260506,sz000338,有色,大周期
20260506,sh605060,有色,大周期
20260506,sz002283,有色,大周期
20260506,sz002181,AI应用,人工智能
20260506,sz002044,AI应用,人工智能
20260506,sh600790,AI应用,人工智能
20260506,sh603063,算力,人工智能
20260506,sz002052,有色,大周期
20260506,sz300652,机器人,人工智能
20260506,sz000609,有色,大周期
20260506,sh600381,有色,大周期
20260506,sz002289,有色,大周期
20260506,sh603272,有色,大周期
20260506,sh603843,有色,大周期
20260506,sh600730,有色,大周期
20260506,sz002634,有色,大周期
20260506,sh603580,有色,大周期
20260506,sh603557,有色,大周期
20260506,sh603389,有色,大周期
20260506,sh603559,有色,大周期
20260506,sz002856,有色,大周期
20260506,sh603398,有色,大周期
20260506,sh603828,有色,大周期
20260506,sz002207,有色,大周期
20260506,sh600082,有色,大周期
20260506,sz002199,有色,大周期
20260506,sz000711,有色,大周期
20260506,sz003004,有色,大周期
20260506,sh600107,有色,大周期
20260506,sh600892,有色,大周期
20260506,sh600753,有色,大周期
20260506,sh603789,有色,大周期
20260506,sz000668,有色,大周期
20260506,sh600379,有色,大周期
20260506,sz002453,有色,大周期
20260506,sh688069,有色,大周期
20260506,sh688258,有色,大周期
20260506,sh600527,化工,大周期
20260506,sh600113,有色,大周期
20260506,sh603248,风电,电网
20260506,sh603162,有色,大周期
20260506,sh603001,有色,大周期
20260506,sh603777,食品,大消费
20260506,sz002355,有色,大周期
20260506,sz000863,有色,大周期
20260506,sz000060,有色,大周期
20260506,sh600301,有色,大周期
20260506,sh603115,有色,大周期
20260506,sz003041,有色,大周期
20260506,sh603418,有色,大周期
20260506,sz000802,传媒,大消费
20260429,sz002210,有色,大周期
20260429,sz001266,有色,大周期
20260429,sh603317,有色,大周期
20260429,sz000402,有色,大周期
20260429,sz002354,有色,大周期
20260429,sz002174,有色,大周期
20260429,sz000551,有色,大周期
20260429,sz000692,有色,大周期
20260429,sh600606,有色,大周期
20260429,sh603933,有色,大周期
20260429,sz002111,有色,大周期
20260429,sz002520,有色,大周期
20260429,sz002867,有色,大周期
20260429,sz002568,有色,大周期
20260429,sz002079,有色,大周期
20260429,sz000567,有色,大周期
20260429,sh603516,有色,大周期
20260429,sh603013,有色,大周期
20260429,sz002786,有色,大周期
20260429,sz002847,有色,大周期
20260429,sz002818,有色,大周期
20260429,sz000901,航天,商业航天
20260429,sz000716,有色,大周期
20260429,sz002498,有色,大周期
20260429,sz002969,有色,大周期
20260429,sz002851,有色,大周期
20260429,sh600881,有色,大周期
20260429,sz002842,有色,大周期
20260429,sh603489,有色,大周期
20260429,sz002956,有色,大周期
20260429,sz002832,有色,大周期
20260429,sh603345,有色,大周期
20260429,sz001336,有色,大周期
20260429,sh601233,有色,大周期
20260429,sh603508,有色,大周期
20260429,sh600338,有色,大周期
20260429,sh603399,储能,电网
20260429,sh603937,有色,大周期
20260429,sz002756,有色,大周期
20260429,sz000973,有色,大周期
20260429,sz002192,有色,大周期
20260429,sz002176,机器人,人工智能
20260429,sz002805,储能,电网
20260429,sh600135,有色,大周期
20260429,sz300769,储能,电网
20260429,sh603906,储能,电网
20260429,sz300438,储能,电网
20260429,sh600367,储能,电网
20260429,sz002497,有色,大周期
20260429,sz002709,有色,大周期
20260429,sh603026,有色,大周期
20260429,sz001203,有色,大周期
20260429,sz002136,化工,大周期
20260429,sz002348,有色,大周期
20260429,sh603629,算力,人工智能
20260429,sh600156,机器人,人工智能
20260429,sh605168,AI应用,人工智能
20260429,sh600654,算力,人工智能
20260429,sh600186,算力,人工智能
20260429,sz000818,算力,人工智能
20260429,sz002875,算力,人工智能
20260429,sh600111,有色,大周期
20260429,sz002645,有色,大周期
20260429,sz000831,有色,大周期
20260429,sh600397,有色,大周期
20260429,sh600392,有色,大周期
20260429,sz002378,有色,大周期
20260429,sh603773,光通信,人工智能
20260429,sz300632,光通信,人工智能
20260429,sh603803,光通信,人工智能
20260429,sh603083,光通信,人工智能
20260429,sz002522,有色,大周期
20260429,sh603738,光通信,人工智能
20260429,sh605006,有色,大周期
20260429,sh600545,化工,大周期
20260429,sh603256,有色,大周期
20260429,sz000657,有色,大周期
20260429,sz301217,PCB,半导体
20260429,sh605099,有色,大周期
20260429,sh605299,体育,大消费
20260429,sz002903,机器人,人工智能
20260429,sz001396,机器人,人工智能
20260429,sz002081,航天,商业航天
20260429,sh603017,航天,商业航天
20260429,sz002652,半导体,半导体
20260429,sh603353,封装,半导体
20260429,sz000609,有色,大周期
20260429,sh600381,有色,大周期
20260429,sz002289,有色,大周期
20260429,sh600735,有色,大周期
20260429,sh603272,有色,大周期
20260429,sh600243,有色,大周期
20260429,sh600289,有色,大周期
20260429,sh603843,有色,大周期
20260429,sz000820,有色,大周期
20260429,sz002227,有色,大周期
20260429,sz002512,有色,大周期
20260429,sz002634,有色,大周期
20260429,sh600730,有色,大周期
20260429,sz002872,有色,大周期
20260429,sz002199,有色,大周期
20260429,sh600082,有色,大周期
20260429,sz000691,有色,大周期
20260429,sh600608,有色,大周期
20260429,sh600423,有色,大周期
20260429,sh603095,有色,大周期
20260429,sh600379,有色,大周期
20260429,sh688531,有色,大周期
20260429,sz000980,有色,大周期
20260429,sh600714,家电,大消费
20260429,sz002548,有色,大周期
20260429,sz002627,旅游,大消费
20260429,sz300982,算力,人工智能
20260429,sh600708,有色,大周期
20260429,920125.BJ,有色,大周期
20260429,sz000039,有色,大周期
20260429,sh603139,有色,大周期
20260429,sh605158,有色,大周期
20260429,sz002655,有色,大周期
20260521,sz002952,AI应用,人工智能
20260521,sz002036,AI应用,人工智能
20260521,sz002766,AI应用,人工智能
20260521,sz002703,AI应用,人工智能
20260521,sz002920,AI应用,人工智能
20260521,sh603590,有色,大周期
20260521,sz000403,有色,大周期
20260521,sh603127,AI应用,人工智能
20260521,sh603767,机器人,人工智能
20260521,sz002931,有色,大周期
20260521,sh603373,机器人,人工智能
20260521,sh603316,存储,半导体
20260521,sh600611,有色,大周期
20260521,sh688055,半导体,半导体
20260521,sz000725,化工,大周期
20260521,sz000536,化工,大周期
20260521,sh600578,电力,电网
20260521,sz001896,电力,电网
20260521,sz000518,有色,大周期
20260521,sh600360,半导体,半导体
20260521,sz003007,算力,人工智能
20260521,sh600156,机器人,人工智能
20260521,sh605199,有色,大周期
20260521,sh600745,有色,大周期
20260521,sh603779,有色,大周期
20260521,sz300069,有色,大周期
20260521,sz002442,有色,大周期
20260521,sh600936,有色,大周期
20260521,sz002888,有色,大周期
20260521,sh600382,有色,大周期
20260521,sz002940,有色,大周期
20260521,sz001225,有色,大周期
20260521,sz000012,化工,大周期
20260521,920001.BJ,有色,大周期
20260521,sh603661,有色,大周期
20260521,sh600303,有色,大周期
20260528,sh603353,封装,半导体
20260528,sz002918,有色,大周期
20260528,sz000920,半导体,半导体
20260528,sz000859,芯片,半导体
20260528,sz300721,半导体,半导体
20260528,sh600360,半导体,半导体
20260528,sh603324,半导体,半导体
20260528,sz002669,半导体,半导体
20260528,sh688006,储能,电网
20260528,sh600246,算力,人工智能
20260528,sh688172,有色,大周期
20260528,sz300489,半导体,半导体
20260528,sh600206,半导体,半导体
20260528,sz000628,半导体,半导体
20260528,sz002552,PCB,半导体
20260528,sz000509,PCB,半导体
20260528,sz002579,PCB,半导体
20260528,sh603256,有色,大周期
20260528,sh603011,PCB,半导体
20260528,sh600110,PCB,半导体
20260528,sz002636,PCB,半导体
20260528,sh603527,PCB,半导体
20260528,sz300964,PCB,半导体
20260528,sh600176,有色,大周期
20260528,sz002203,PCB,半导体
20260528,sh600726,电力,电网
20260528,sz000539,电力,电网
20260528,sz002210,有色,大周期
20260528,sz000692,电力,电网
20260528,sh600032,电力,电网
20260528,sh600982,有色,大周期
20260528,sz000600,电力,电网
20260528,sz000791,有色,大周期
20260528,sz000636,有色,大周期
20260528,sh600063,有色,大周期
20260528,sz002243,有色,大周期
20260528,sh603678,有色,大周期
20260528,sh603267,有色,大周期
20260528,sz002859,有色,大周期
20260528,sh605376,有色,大周期
20260528,sz000530,体育,大消费
20260528,sh603757,有色,大周期
20260528,sz002639,核电,电网
20260528,sz003018,液冷,人工智能
20260528,sz301123,PCB,半导体
20260528,sz000063,液冷,人工智能
20260528,sz002871,液冷,人工智能
20260528,sh603989,有色,大周期
20260528,sz002484,有色,大周期
20260528,sz002806,有色,大周期
20260528,sz002263,有色,大周期
20260528,sz301565,有色,大周期
20260528,sh600237,有色,大周期
20260528,sz002975,液冷,人工智能
20260528,sh603773,光通信,人工智能
20260528,sz002428,有色,大周期
20260528,sh603031,光通信,人工智能
20260528,sh600330,有色,大周期
20260528,sz301205,光通信,人工智能
20260528,sh600172,有色,大周期
20260528,sh605580,电力,电网
20260528,sz300179,PCB,半导体
20260528,sz002943,有色,大周期
20260528,920725.BJ,有色,大周期
20260528,sh601958,有色,大周期
20260528,sh600367,化工,大周期
20260528,sh603988,风电,电网
20260528,sh603977,有色,大周期
20260528,sh600459,有色,大周期
20260528,sh603050,算力,人工智能
20260528,sz002350,电网,电网
20260528,sh603861,算力,人工智能
20260528,sz002857,电网,电网
20260528,sh600162,有色,大周期
20260528,sz000090,有色,大周期
20260528,sh601588,有色,大周期
20260528,sh603682,AI应用,人工智能
20260528,sz003036,机器人,人工智能
20260528,sh603032,机器人,人工智能
20260528,sz002957,光通信,人工智能
20260528,sh603006,机器人,人工智能
20260528,sh600589,算力,人工智能
20260528,sz000889,算力,人工智能
20260528,sh603110,PCB,半导体
20260528,sz002951,有色,大周期
20260528,sz000720,光通信,人工智能
20260528,sh603601,航天,商业航天
20260528,sh603458,航天,商业航天
20260528,sz002995,有色,大周期
20260528,sz002878,有色,大周期
20260528,sz002323,有色,大周期
20260528,sh600745,有色,大周期
20260528,sz000056,有色,大周期
20260528,sh600265,有色,大周期
20260528,sh600730,有色,大周期
20260528,sh600340,有色,大周期
20260528,sh600370,有色,大周期
20260528,sh600239,有色,大周期
20260528,sh600678,有色,大周期
20260528,sh600180,有色,大周期
20260528,sz002789,有色,大周期
20260528,sh600759,有色,大周期
20260528,sz000632,有色,大周期
20260528,sz002694,有色,大周期
20260528,sz000078,有色,大周期
20260528,sz000677,有色,大周期
20260528,sz002289,有色,大周期
20260528,sz002542,有色,大周期
20260528,sh603008,有色,大周期
20260528,sh603580,有色,大周期
20260528,sh600491,有色,大周期
20260528,sh603557,有色,大周期
20260528,sz002977,有色,大周期
20260528,sz002431,有色,大周期
20260528,sz002613,化工,大周期
20260528,sz002056,有色,大周期
20260528,sz000068,电网,电网
20260528,sz002397,有色,大周期
20260528,sh600527,化工,大周期
20260528,sz002640,有色,大周期
20260528,sz002348,有色,大周期
20260528,sh601101,煤炭,大周期
20260528,sh603955,有色,大周期
20260528,sz002688,有色,大周期
20260528,sh601369,有色,大周期
20260528,sh600151,光伏,电网
20260529,sz002251,有色,大周期
20260529,sh600280,有色,大周期
20260529,sh600828,有色,大周期
20260529,sh600693,有色,大周期
20260529,sh600865,有色,大周期
20260529,sh601116,有色,大周期
20260529,sh600857,有色,大周期
20260529,sh601086,有色,大周期
20260529,sh600726,电力,电网
20260529,sz000539,电力,电网
20260529,sh600863,电力,电网
20260529,sz000037,电力,电网
20260529,sz000767,电力,电网
20260529,sh600979,电力,电网
20260529,sz002608,电力,电网
20260529,sh600011,电力,电网
20260529,sh600162,有色,大周期
20260529,sz000090,有色,大周期
20260529,sz000608,有色,大周期
20260529,sh600622,有色,大周期
20260529,sz000025,有色,大周期
20260529,sz000926,有色,大周期
20260529,sh600488,有色,大周期
20260529,sh605177,有色,大周期
20260529,sh688108,有色,大周期
20260529,sz002457,有色,大周期
20260529,sh603616,有色,大周期
20260529,sh603060,有色,大周期
20260529,sz301439,有色,大周期
20260529,sh605277,有色,大周期
20260529,sh600869,光通信,人工智能
20260529,sh603324,半导体,半导体
20260529,sz001269,光伏,电网
20260529,sz002081,航天,商业航天
20260529,sh600530,有色,大周期
20260529,sz000799,饮料,大消费
20260529,sz002806,有色,大周期
20260529,sh603435,有色,大周期
20260529,sh603011,PCB,半导体
20260529,sh600110,PCB,半导体
20260529,sz002995,有色,大周期
20260529,sh603890,液冷,人工智能
20260529,sz002856,有色,大周期
20260529,sz002323,有色,大周期
20260529,sh600745,有色,大周期
20260529,sh600265,有色,大周期
20260529,sh600381,有色,大周期
20260529,sh600370,有色,大周期
20260529,sh600759,有色,大周期
20260529,sz002289,有色,大周期
20260529,sz000078,有色,大周期
20260529,sh600187,有色,大周期
20260529,sz000669,有色,大周期
20260529,sz000010,有色,大周期
20260529,sz000903,有色,大周期
20260529,sz002634,有色,大周期
20260529,sh688622,有色,大周期
20260529,sz002207,有色,大周期
20260529,sz002102,有色,大周期
20260529,sh603398,有色,大周期
20260529,sz301360,有色,大周期
20260529,sh601566,服装,大消费
20260529,sz000151,有色,大周期
20260529,sh601702,有色,大周期
20260529,sz002824,有色,大周期
20260529,sz300486,机器人,人工智能
20260529,sh603303,有色,大周期
20260608,sz002421,有色,大周期
20260608,sz002354,有色,大周期
20260608,sh603859,有色,大周期
20260608,sh603206,AI应用,人工智能
20260608,sz301313,有色,大周期
20260608,sh688207,有色,大周期
20260608,sz301195,有色,大周期
20260608,sz301302,有色,大周期
20260608,sh600539,有色,大周期
20260608,sz002362,有色,大周期
20260608,sh688083,有色,大周期
20260608,sh603823,半导体,半导体
20260608,920510.BJ,机器人,人工智能
20260608,sz002931,有色,大周期
20260608,sz002046,机器人,人工智能
20260608,sz000970,机器人,人工智能
20260608,sh603203,液冷,人工智能
20260608,920578.BJ,机器人,人工智能
20260608,sz002747,机器人,人工智能
20260608,sh603278,航天,商业航天
20260608,sz002164,机器人,人工智能
20260608,sz000759,有色,大周期
20260608,sh600280,有色,大周期
20260608,sz000785,有色,大周期
20260608,sz002613,化工,大周期
20260608,sz002963,电网,电网
20260608,sz000068,电网,电网
20260608,sz002361,航天,商业航天
20260608,sz003009,航天,商业航天
20260608,sz001696,无人机,商业航天
20260608,sh603929,有色,大周期
20260608,sz000620,有色,大周期
20260608,sh688549,半导体,半导体
20260608,sz000517,有色,大周期
20260608,sh601588,有色,大周期
20260608,sh603669,有色,大周期
20260608,sh600721,有色,大周期
20260608,sz002636,PCB,半导体
20260608,sh603186,PCB,半导体
20260608,sz002490,油气,大周期
20260608,sz300376,液冷,人工智能
20260608,sz002856,有色,大周期
20260608,sz002717,有色,大周期
20260608,sh600187,有色,大周期
20260608,sh603843,有色,大周期
20260608,sh600581,有色,大周期
20260608,sh603378,有色,大周期
20260608,sz002598,有色,大周期
20260608,sh600403,煤炭,大周期
20260608,sh603135,有色,大周期
20260608,sz300197,有色,大周期
20260608,sh603500,有色,大周期
20260608,sz002254,有色,大周期
20260608,sh600505,电力,电网
20260608,sh603616,有色,大周期
20260608,sz000833,有色,大周期
20260608,sz300105,有色,大周期
20260608,sz002982,有色,大周期
20260608,sh603778,光伏,电网
20260608,sh600488,有色,大周期
20260608,sz001317,无人机,商业航天
20260608,sh603877,服装,大消费
20260608,sz001238,有色,大周期
20260608,sh600825,有色,大周期
20260602,sz002951,有色,大周期
20260602,sz002975,液冷,人工智能
20260602,sh603330,光通信,人工智能
20260602,sz002957,光通信,人工智能
20260602,sz002980,芯片,半导体
20260602,sh600255,有色,大周期
20260602,sz002384,PCB,半导体
20260602,sz002515,光通信,人工智能
20260602,sh600105,芯片,半导体
20260602,sh603045,机器人,人工智能
20260602,sz300486,机器人,人工智能
20260602,sz002896,机器人,人工智能
20260602,sh603373,机器人,人工智能
20260602,sh601137,机器人,人工智能
20260602,sh605288,机器人,人工智能
20260602,sz000700,机器人,人工智能
20260602,sz002903,机器人,人工智能
20260602,sh600114,机器人,人工智能
20260602,sh600869,光通信,人工智能
20260602,sh600487,光通信,人工智能
20260602,sz000586,光通信,人工智能
20260602,sh601869,光通信,人工智能
20260602,sh600345,有色,大周期
20260602,sh603678,有色,大周期
20260602,sh603267,有色,大周期
20260602,sz301566,有色,大周期
20260602,sz000062,芯片,半导体
20260602,sz002579,PCB,半导体
20260602,sz301563,PCB,半导体
20260602,sh600500,PCB,半导体
20260602,sh605589,PCB,半导体
20260602,sz001210,电力,电网
20260602,sz002421,液冷,人工智能
20260602,sz002897,光通信,人工智能
20260602,sz301419,液冷,人工智能
20260602,sh600360,半导体,半导体
20260602,sh600459,半导体,半导体
20260602,sh603687,算力,人工智能
20260602,sh600667,存储,半导体
20260602,sh600367,化工,大周期
20260602,sh688079,化工,大周期
20260602,sz002962,化工,大周期
20260602,sh600301,有色,大周期
20260602,sz000960,有色,大周期
20260602,sh600362,有色,大周期
20260602,sz000055,AI应用,人工智能
20260602,sz002575,算力,人工智能
20260602,sz002137,AI应用,人工智能
20260602,sh600403,煤炭,大周期
20260602,sh600121,煤炭,大周期
20260602,sz002851,算力,人工智能
20260602,920128.BJ,算力,人工智能
20260602,sh600162,有色,大周期
20260602,sz002314,有色,大周期
20260602,920725.BJ,有色,大周期
20260602,sz002806,有色,大周期
20260602,sh603890,液冷,人工智能
20260602,sz002856,有色,大周期
20260602,sh600745,有色,大周期
20260602,sh600265,有色,大周期
20260602,sz000056,有色,大周期
20260602,sz002634,有色,大周期
20260602,sz002667,有色,大周期
20260602,sh600759,有色,大周期
20260602,sz000078,有色,大周期
20260602,sh600370,有色,大周期
20260602,sz000010,有色,大周期
20260602,sh600187,有色,大周期
20260602,sh603008,有色,大周期
20260602,sh600180,有色,大周期
20260602,sz002528,有色,大周期
20260602,sh603189,有色,大周期
20260602,sz301139,有色,大周期
20260602,sh603378,有色,大周期
20260602,sz000677,有色,大周期
20260602,sh603557,有色,大周期
20260602,sz002717,有色,大周期
20260602,sz002630,有色,大周期
20260602,sh603429,有色,大周期
20260602,sh688496,有色,大周期
20260602,sh603389,有色,大周期
20260602,sz002501,有色,大周期
20260602,sz002306,有色,大周期
20260602,sz000711,有色,大周期
20260602,sh603813,有色,大周期
20260602,sz002214,有色,大周期
20260602,sh600280,有色,大周期
20260602,sz002404,服装,大消费
20260602,sz300197,有色,大周期
20260602,sh600696,有色,大周期
20260602,sh601686,有色,大周期
20260602,sz000601,有色,大周期
20260602,sz002876,有色,大周期
20260602,sh603997,有色,大周期
20260602,sh600936,有色,大周期
20260602,sh603311,有色,大周期
20260601,sz002995,AI应用,人工智能
20260601,sh603533,AI应用,人工智能
20260601,sz002235,AI应用,人工智能
20260601,sz000681,有色,大周期
20260601,sh603171,有色,大周期
20260601,sz002830,AI应用,人工智能
20260601,sz002421,AI应用,人工智能
20260601,sz002474,AI应用,人工智能
20260601,sh600981,AI应用,人工智能
20260601,sz003004,AI应用,人工智能
20260601,sz002657,算力,人工智能
20260601,sh603138,AI应用,人工智能
20260601,sz002279,有色,大周期
20260601,sz002925,AI应用,人工智能
20260601,sh605398,有色,大周期
20260601,sh600588,有色,大周期
20260601,sh603598,AI应用,人工智能
20260601,sh603039,有色,大周期
20260601,sz002955,AI应用,人工智能
20260601,sz002181,AI应用,人工智能
20260601,sz002579,PCB,半导体
20260601,sh603890,液冷,人工智能
20260601,sz300956,有色,大周期
20260601,sz002426,有色,大周期
20260601,sz001314,有色,大周期
20260601,sz301236,AI应用,人工智能
20260601,sh603296,有色,大周期
20260601,sz000727,有色,大周期
20260601,sh603341,有色,大周期
20260601,920190.BJ,有色,大周期
20260601,920876.BJ,有色,大周期
20260601,sz301329,有色,大周期
20260601,sz000048,机器人,人工智能
20260601,sh603725,机器人,人工智能
20260601,sh600503,机器人,人工智能
20260601,sz301107,机器人,人工智能
20260601,sz002527,机器人,人工智能
20260601,sh603121,机器人,人工智能
20260601,sh603045,机器人,人工智能
20260601,sz002933,机器人,人工智能
20260601,sh603344,机器人,人工智能
20260601,sz002062,机器人,人工智能
20260601,sh601101,煤炭,大周期
20260601,sh600758,煤炭,大周期
20260601,sh600121,煤炭,大周期
20260601,sh600403,煤炭,大周期
20260601,sh601001,煤炭,大周期
20260601,sh601699,煤炭,大周期
20260601,sh601918,煤炭,大周期
20260601,sh600188,煤炭,大周期
20260601,sh600546,煤炭,大周期
20260601,sz002637,化工,大周期
20260601,sh600727,化工,大周期
20260601,sh603823,化工,大周期
20260601,sh600160,化工,大周期
20260601,sz002068,化工,大周期
20260601,sh600596,化工,大周期
20260601,sz002099,化工,大周期
20260601,sz000539,电力,电网
20260601,sz002608,电力,电网
20260601,sz000767,电力,电网
20260601,sz000037,电力,电网
20260601,sh600011,电力,电网
20260601,sz001210,电力,电网
20260601,sz000722,电力,电网
20260601,sz002081,航天,商业航天
20260601,sh603991,半导体,半导体
20260601,sz300849,半导体,半导体
20260601,sz002647,算力,人工智能
20260601,sz002404,有色,大周期
20260601,sh600797,算力,人工智能
20260601,sh600156,机器人,人工智能
20260601,sz002229,算力,人工智能
20260601,sh605566,算力,人工智能
20260601,sh603011,光通信,人工智能
20260601,sz002951,有色,大周期
20260601,sz301439,有色,大周期
20260601,sh603330,光通信,人工智能
20260601,sh600301,有色,大周期
20260601,sh603407,有色,大周期
20260601,sz000510,有色,大周期
20260601,sh600617,天然气,大周期
20260601,sz002700,天然气,大周期
20260601,sh603877,服装,大消费
20260601,sh603808,服装,大消费
20260601,sz003030,有色,大周期
20260601,sh600737,有色,大周期
20260601,sz000031,有色,大周期
20260601,sh600463,有色,大周期
20260601,sz002580,液冷,人工智能
20260601,sh600152,储能,电网
20260601,sh600841,有色,大周期
20260601,sh603819,有色,大周期
20260601,sz002871,液冷,人工智能
20260601,sz002328,液冷,人工智能
20260601,sh600367,化工,大周期
20260601,sh603773,化工,大周期
20260601,sz000533,算力,人工智能
20260601,sz002766,AI应用,人工智能
20260601,sh603272,有色,大周期
20260601,sz002856,有色,大周期
20260601,sz002207,有色,大周期
20260601,sz002323,有色,大周期
20260601,sh600745,有色,大周期
20260601,sh600265,有色,大周期
20260601,sz002634,有色,大周期
20260601,sh600759,有色,大周期
20260601,sz000078,有色,大周期
20260601,sz000010,有色,大周期
20260601,sh600187,有色,大周期
20260601,sz000903,有色,大周期
20260601,sz002694,有色,大周期
20260601,sh600678,有色,大周期
20260601,sh600491,有色,大周期
20260601,sh603008,有色,大周期
20260601,sh600180,有色,大周期
20260601,sz002431,有色,大周期
20260601,sz002528,有色,大周期
20260601,sz002620,有色,大周期
20260601,sh603822,有色,大周期
20260601,sh603189,有色,大周期
20260601,sz000911,有色,大周期
20260601,sh600568,有色,大周期
20260601,sz002883,有色,大周期
20260601,sh600581,有色,大周期
20260601,sz002514,有色,大周期
20260601,sh600734,有色,大周期
20260601,sz002198,有色,大周期
20260601,sh600302,有色,大周期
20260601,sh603378,有色,大周期
20260601,sh600337,有色,大周期
20260601,sz002691,有色,大周期
20260601,sh600053,有色,大周期
20260601,sh600238,有色,大周期
20260601,sz000909,有色,大周期
20260601,sz002193,有色,大周期
20260601,sz301139,有色,大周期
20260601,sh603959,有色,大周期
20260601,sh603359,有色,大周期
20260601,sh605336,有色,大周期
20260601,sz002650,有色,大周期
20260601,sh600476,有色,大周期
20260601,sz002055,有色,大周期
20260601,sh600289,有色,大周期
20260601,sz002667,有色,大周期
20260601,sz002613,化工,大周期
20260601,sh600280,有色,大周期
20260601,sh603678,有色,大周期
20260601,sz002356,有色,大周期
20260601,sz300197,有色,大周期
20260601,sh600847,有色,大周期
20260601,sz000055,有色,大周期
20260601,sz300649,有色,大周期
20260601,sz002795,有色,大周期
20260601,sz300103,有色,大周期
20260601,sh603161,有色,大周期
20260601,sz002629,油气,大周期
20260601,sz000626,有色,大周期
20260601,sh600769,有色,大周期
20260601,sz003041,有色,大周期
20260601,sh600798,有色,大周期
20260601,sh605298,有色,大周期
20260601,sh600539,有色,大周期
20260601,sh603193,有色,大周期
20260601,sh600540,有色,大周期
20260601,sh603778,光伏,电网
20260604,sz002787,储能,电网
20260604,sh600667,存储,半导体
20260604,sz002213,半导体,半导体
20260604,sz000670,芯片,半导体
20260604,sh600246,算力,人工智能
20260604,sz002971,有色,大周期
20260604,sh688146,有色,大周期
20260604,sz003043,半导体,半导体
20260604,sh605358,半导体,半导体
20260604,sh603005,封装,半导体
20260604,sz001309,存储,半导体
20260604,sh688378,半导体,半导体
20260604,sz002806,有色,大周期
20260604,sh603500,有色,大周期
20260604,sz002484,有色,大周期
20260604,sh603989,有色,大周期
20260604,sz000733,有色,大周期
20260604,sh603435,有色,大周期
20260604,sh600237,有色,大周期
20260604,920161.BJ,有色,大周期
20260604,sh603135,机器人,人工智能
20260604,sz002590,机器人,人工智能
20260604,sz003036,机器人,人工智能
20260604,sz002931,有色,大周期
20260604,sz002520,机器人,人工智能
20260604,sh603286,机器人,人工智能
20260604,sz002645,有色,大周期
20260604,sh603950,机器人,人工智能
20260604,sh605060,有色,大周期
20260604,sz301468,核电,电网
20260604,sh600482,有色,大周期
20260604,sh603067,有色,大周期
20260604,sz002353,有色,大周期
20260604,sh600367,化工,大周期
20260604,sz000536,化工,大周期
20260604,sh600293,化工,大周期
20260604,sz000725,化工,大周期
20260604,sz301188,化工,大周期
20260604,sz002951,有色,大周期
20260604,sh603330,光通信,人工智能
20260604,sh600255,有色,大周期
20260604,sh600353,光通信,人工智能
20260604,sh600703,光通信,人工智能
20260604,sh600403,煤炭,大周期
20260604,sh600408,煤炭,大周期
20260604,sz002072,煤炭,大周期
20260604,sh601666,煤炭,大周期
20260604,sh603516,液冷,人工智能
20260604,sh603090,液冷,人工智能
20260604,sh688668,液冷,人工智能
20260604,sz301123,PCB,半导体
20260604,sh605162,电力,电网
20260604,sz001896,电力,电网
20260604,sz001376,电力,电网
20260604,sh600868,电力,电网
20260604,sh605398,AI应用,人工智能
20260604,sh603610,有色,大周期
20260604,sh688031,有色,大周期
20260604,sz002585,有色,大周期
20260604,sz300726,有色,大周期
20260604,sh603920,机器人,人工智能
20260604,sh600226,PCB,半导体
20260604,sh688303,有色,大周期
20260604,sz002733,有色,大周期
20260604,sz002667,有色,大周期
20260604,sz000056,有色,大周期
20260604,sh600180,有色,大周期
20260604,sz002501,有色,大周期
20260604,sz002717,有色,大周期
20260604,sz002630,有色,大周期
20260604,sh600491,有色,大周期
20260604,sz000639,有色,大周期
20260604,sz000793,有色,大周期
20260604,sz000821,有色,大周期
20260604,sh601010,有色,大周期
20260604,sh600688,有色,大周期
20260604,sh600439,有色,大周期
20260604,sh600696,有色,大周期
20260604,sh600828,有色,大周期
20260604,sz000718,有色,大周期
20260604,sz002051,有色,大周期
20260604,sz002824,有色,大周期
20260604,sz000520,有色,大周期
20260604,sz002395,化工,大周期
20260604,sh603903,有色,大周期
20260604,sz300897,有色,大周期
20260604,sh603210,有色,大周期
20260604,sz002491,光通信,人工智能
20260604,sz002981,有色,大周期
20260604,sz002570,有色,大周期
20260604,sz003011,有色,大周期
20260605,sh603135,机器人,人工智能
20260605,sz003036,机器人,人工智能
20260605,sz002896,机器人,人工智能
20260605,sz300626,机器人,人工智能
20260605,sh603992,机器人,人工智能
20260605,sh688017,机器人,人工智能
20260605,920510.BJ,机器人,人工智能
20260605,sh603166,机器人,人工智能
20260605,sz002960,机器人,人工智能
20260605,sz002892,机器人,人工智能
20260605,sz002708,机器人,人工智能
20260605,sh603270,机器人,人工智能
20260605,sh603725,机器人,人工智能
20260605,sz002786,机器人,人工智能
20260605,sz002903,机器人,人工智能
20260605,sz002194,航天,商业航天
20260605,sh600776,航天,商业航天
20260605,920961.BJ,航天,商业航天
20260605,sz002361,航天,商业航天
20260605,sz001400,液冷,人工智能
20260605,sz003009,航天,商业航天
20260605,sz002421,有色,大周期
20260605,sh603888,有色,大周期
20260605,sz002354,有色,大周期
20260605,sz002877,AI应用,人工智能
20260605,sz301151,AI应用,人工智能
20260605,sz300353,有色,大周期
20260605,sh603859,有色,大周期
20260605,sh600293,化工,大周期
20260605,sh600714,化工,大周期
20260605,sh600207,化工,大周期
20260605,sz300162,化工,大周期
20260605,sh600552,化工,大周期
20260605,sz002387,化工,大周期
20260605,sz002183,算力,人工智能
20260605,sh603360,化工,大周期
20260605,sh688056,半导体,半导体
20260605,sh603078,半导体,半导体
20260605,sz002613,化工,大周期
20260605,sh600819,化工,大周期
20260605,sh603578,化工,大周期
20260605,sz000517,有色,大周期
20260605,sz000668,有色,大周期
20260605,sz000608,有色,大周期
20260605,sh603790,有色,大周期
20260605,sh603823,半导体,半导体
20260605,sz000759,有色,大周期
20260605,sz002251,有色,大周期
20260605,sh600516,有色,大周期
20260605,sz002631,有色,大周期
20260605,sh603938,有色,大周期
20260605,sz002254,有色,大周期
20260605,sz300052,算力,人工智能
20260605,sh600996,算力,人工智能
20260605,sz002138,有色,大周期
20260605,sh603070,算力,人工智能
20260605,sh600063,有色,大周期
20260605,sh603124,PCB,半导体
20260605,sz002856,有色,大周期
20260605,sz000056,有色,大周期
20260605,sz000078,有色,大周期
20260605,sz002717,有色,大周期
20260605,sz000010,有色,大周期
20260605,sz000609,有色,大周期
20260605,sh600228,有色,大周期
20260605,sz002694,有色,大周期
20260605,sh600243,有色,大周期
20260605,sh603843,有色,大周期
20260605,sh603272,有色,大周期
20260605,sh600403,煤炭,大周期
20260605,sh603500,有色,大周期
20260605,sz000520,有色,大周期
20260605,sz002471,有色,大周期
20260605,sh603159,有色,大周期
20260605,sz002983,有色,大周期
20260605,sh600303,有色,大周期
20260605,sz301193,有色,大周期
20260605,sh603020,有色,大周期
20260605,sz300334,有色,大周期
20260605,sh600973,核电,电网
20260605,sz001256,有色,大周期
20260605,sh600881,体育,大消费
20260605,sh603048,有色,大周期
20260605,sh600382,黑色,大周期
20260609,sz002636,PCB,半导体
20260609,sh603186,PCB,半导体
20260609,sh603124,PCB,半导体
20260609,sh600226,PCB,半导体
20260609,sz002669,PCB,半导体
20260609,sh605589,PCB,半导体
20260609,sh600500,PCB,半导体
20260609,sz000509,有色,大周期
20260609,sh605006,有色,大周期
20260609,sz002141,PCB,半导体
20260609,sh600110,PCB,半导体
20260609,920357.BJ,PCB,半导体
20260609,sh603002,PCB,半导体
20260609,sz301630,PCB,半导体
20260609,sh601208,PCB,半导体
20260609,sh600176,有色,大周期
20260609,sh600183,PCB,半导体
20260609,sz002741,PCB,半导体
20260609,sh603256,有色,大周期
20260609,sz002080,PCB,半导体
20260609,sz300221,PCB,半导体
20260609,sz002134,PCB,半导体
20260609,sh600186,算力,人工智能
20260609,sh603929,有色,大周期
20260609,sz002971,有色,大周期
20260609,sz003043,半导体,半导体
20260609,sh605358,半导体,半导体
20260609,sz000670,半导体,半导体
20260609,sz000920,有色,大周期
20260609,sh603163,有色,大周期
20260609,sh688141,芯片,半导体
20260609,sh600611,有色,大周期
20260609,sz002584,半导体,半导体
20260609,sz002129,光伏,电网
20260609,sh688783,半导体,半导体
20260609,sz003026,半导体,半导体
20260609,sh688368,芯片,半导体
20260609,sz001269,光伏,电网
20260609,sh688126,半导体,半导体
20260609,sh688478,半导体,半导体
20260609,sh688409,半导体,半导体
20260609,sz300260,半导体,半导体
20260609,sh688596,有色,大周期
20260609,sh605111,半导体,半导体
20260609,sz300656,半导体,半导体
20260609,sh600641,半导体,半导体
20260609,sz002354,机器人,人工智能
20260609,sz002362,有色,大周期
20260609,sh688207,有色,大周期
20260609,sh605069,有色,大周期
20260609,sz002137,机器人,人工智能
20260609,sz002995,AI应用,人工智能
20260609,sz000681,有色,大周期
20260609,sz301428,AI应用,人工智能
20260609,sh688500,AI应用,人工智能
20260609,sh603039,有色,大周期
20260609,sz002769,AI应用,人工智能
20260609,sz002970,AI应用,人工智能
20260609,sh605318,AI应用,人工智能
20260609,sz003036,机器人,人工智能
20260609,sz002747,机器人,人工智能
20260609,sh603211,机器人,人工智能
20260609,sh605018,机器人,人工智能
20260609,sz002583,AI应用,人工智能
20260609,sh600579,机器人,人工智能
20260609,sz000048,机器人,人工智能
20260609,sz002048,机器人,人工智能
20260609,sz002057,有色,大周期
20260609,sz002585,有色,大周期
20260609,sz000636,有色,大周期
20260609,sh605376,有色,大周期
20260609,sz301013,光通信,人工智能
20260609,sz001369,有色,大周期
20260609,sz002859,有色,大周期
20260609,sz002254,有色,大周期
20260609,sh600487,光通信,人工智能
20260609,sh601869,光通信,人工智能
20260609,sh600345,有色,大周期
20260609,sh603688,PCB,半导体
20260609,sh603330,光通信,人工智能
20260609,sh603065,有色,大周期
20260609,sz002976,光通信,人工智能
20260609,sh600330,有色,大周期
20260609,sz002515,光通信,人工智能
20260609,sz002993,有色,大周期
20260609,sz300593,航天,商业航天
20260609,sh605100,有色,大周期
20260609,sh688711,半导体,半导体
20260609,sz002871,液冷,人工智能
20260609,sz003018,液冷,人工智能
20260609,sz000811,液冷,人工智能
20260609,sz002837,液冷,人工智能
20260609,sz002771,AI应用,人工智能
20260609,sz000158,算力,人工智能
20260609,sz002575,算力,人工智能
20260609,sh600673,算力,人工智能
20260609,sz001696,无人机,商业航天
20260609,sh600198,无人机,商业航天
20260609,sz002676,低空经济,商业航天
20260609,sz300411,低空经济,商业航天
20260609,sz001896,电力,电网
20260609,sh600719,电力,电网
20260609,sz000037,电力,电网
20260609,sh600396,电力,电网
20260609,sz002484,有色,大周期
20260609,sz002263,有色,大周期
20260609,sh600458,有色,大周期
20260609,sh600596,化工,大周期
20260609,sh603260,化工,大周期
20260609,sh603335,有色,大周期
20260609,sz002240,有色,大周期
20260609,sh600187,有色,大周期
20260609,sz000010,有色,大周期
20260609,sz002630,有色,大周期
20260609,sh600302,有色,大周期
20260609,sz002323,有色,大周期
20260609,sz002122,有色,大周期
20260609,sz002199,有色,大周期
20260609,sh600340,有色,大周期
20260609,sz000903,有色,大周期
20260609,sz000711,有色,大周期
20260609,sh600381,有色,大周期
20260609,sz000838,有色,大周期
20260609,sh603616,有色,大周期
20260609,sh603020,有色,大周期
20260609,sz002138,有色,大周期
20260609,sz000608,有色,大周期
20260609,sz002051,有色,大周期
20260609,sz301222,有色,大周期
20260609,sz000029,有色,大周期
20260609,sh600682,有色,大周期
20260609,sh603663,有色,大周期
20260609,sh605081,有色,大周期
20260609,sh603150,有色,大周期
20260609,sz000571,煤炭,大周期
20260609,sh600903,有色,大周期
20260609,sh605177,医药,大消费
20260609,sz002225,有色,大周期
20260609,sz001215,有色,大周期
20260609,920394.BJ,有色,大周期
20260609,sz002513,化工,大周期
20260609,sh603303,有色,大周期
20260610,sh603823,半导体,半导体
20260610,sz002971,有色,大周期
20260610,sz003043,半导体,半导体
20260610,sh603938,半导体,半导体
20260610,sz003026,半导体,半导体
20260610,sz002165,半导体,半导体
20260610,sz002081,航天,商业航天
20260610,sh603160,芯片,半导体
20260610,sh603155,半导体,半导体
20260610,sh600378,有色,大周期
20260610,sz002208,有色,大周期
20260610,sh601678,有色,大周期
20260610,sz002430,有色,大周期
20260610,sh688216,半导体,半导体
20260610,sz300721,半导体,半导体
20260610,sz002119,半导体,半导体
20260610,sz002409,半导体,半导体
20260610,sh603661,算力,人工智能
20260610,sh600206,有色,大周期
20260610,sh688485,半导体,半导体
20260610,sh603375,半导体,半导体
20260610,sh603687,算力,人工智能
20260610,sz002354,机器人,人工智能
20260610,sh605318,AI应用,人工智能
20260610,sz002757,算力,人工智能
20260610,sz002830,AI应用,人工智能
20260610,sh603636,算力,人工智能
20260610,sh600229,传媒,大消费
20260610,sz002657,算力,人工智能
20260610,sh600981,AI应用,人工智能
20260610,sz300264,AI应用,人工智能
20260610,sz002636,PCB,半导体
20260610,sh600500,PCB,半导体
20260610,sh605589,PCB,半导体
20260610,sz002669,PCB,半导体
20260610,sh605006,有色,大周期
20260610,sh603002,PCB,半导体
20260610,sh603011,PCB,半导体
20260610,sh603886,有色,大周期
20260610,sh600573,有色,大周期
20260610,sz003030,有色,大周期
20260610,sz000029,有色,大周期
20260610,sz000025,有色,大周期
20260610,sh600665,有色,大周期
20260610,sh603220,算力,人工智能
20260610,sz002261,算力,人工智能
20260610,sz000815,算力,人工智能
20260610,sz001332,光伏,电网
20260610,sh600732,光伏,电网
20260610,sz002459,光伏,电网
20260610,sz000970,有色,大周期
20260610,sz002960,机器人,人工智能
20260610,sz002256,电力,电网
20260610,sh603065,有色,大周期
20260610,sh688662,光通信,人工智能
20260610,sh688456,光通信,人工智能
20260610,sz000558,旅游,大消费
20260610,sh600593,旅游,大消费
20260610,sh600843,低空经济,商业航天
20260610,sh600178,低空经济,商业航天
20260610,sh603276,化工,大周期
20260610,sh600302,有色,大周期
20260610,sh600370,有色,大周期
20260610,sh600165,有色,大周期
20260610,sz000488,有色,大周期
20260610,sh603822,有色,大周期
20260610,sz002585,有色,大周期
20260610,sz000048,有色,大周期
20260610,sh600881,有色,大周期
20260610,sh600058,黑色,大周期
20260610,sh600698,有色,大周期
20260610,sh600088,有色,大周期
20260610,sz001210,有色,大周期
20260610,sz002125,有色,大周期
20260610,sz001316,航天,商业航天
20260611,sz002971,有色,大周期
20260611,sz002119,半导体,半导体
20260611,sh600378,有色,大周期
20260611,sh603155,半导体,半导体
20260611,sz002165,半导体,半导体
20260611,sz002409,有色,大周期
20260611,sz000032,有色,大周期
20260611,sh603324,半导体,半导体
20260611,sh688545,半导体,半导体
20260611,sz300666,有色,大周期
20260611,sz002654,存储,半导体
20260611,sh600667,存储,半导体
20260611,sh688419,半导体,半导体
20260611,sz300263,有色,大周期
20260611,sz001268,有色,大周期
20260611,sh688268,有色,大周期
20260611,sz300706,有色,大周期
20260611,sz002549,有色,大周期
20260611,sh688661,半导体,半导体
20260611,sz301580,有色,大周期
20260611,sh601958,有色,大周期
20260611,sh600459,半导体,半导体
20260611,sz002842,有色,大周期
20260611,sz000510,有色,大周期
20260611,sh600108,有色,大周期
20260611,sz001257,有色,大周期
20260611,sz002378,有色,大周期
20260611,sh600141,化工,大周期
20260611,sh600470,化工,大周期
20260611,sz002469,有色,大周期
20260611,sz300481,化工,大周期
20260611,sh600722,有色,大周期
20260611,sz300505,化工,大周期
20260611,sh603065,有色,大周期
20260611,sh688167,有色,大周期
20260611,sh600353,光通信,人工智能
20260611,sz002428,有色,大周期
20260611,sh603657,家电,大消费
20260611,sz300894,家电,大消费
20260611,sh603355,家电,大消费
20260611,sz000921,家电,大消费
20260611,sz002203,PCB,半导体
20260611,sh603936,PCB,半导体
20260611,sz002913,PCB,半导体
20260611,sz002254,有色,大周期
20260611,sh600500,PCB,半导体
20260611,sh603991,光通信,人工智能
20260611,sh603399,有色,大周期
20260611,sz002407,有色,大周期
20260611,sz000688,有色,大周期
20260611,sz000631,有色,大周期
20260611,sh603315,算力,人工智能
20260611,sh603318,有色,大周期
20260611,sh600665,有色,大周期
20260611,sh600067,储能,电网
20260611,sh600322,有色,大周期
20260611,sh601137,液冷,人工智能
20260611,sz002965,液冷,人工智能
20260611,sh600979,电力,电网
20260611,sz001696,无人机,商业航天
20260611,sh600178,无人机,商业航天
20260611,sh605069,有色,大周期
20260611,sz002856,有色,大周期
20260611,sz002717,有色,大周期
20260611,sh603843,有色,大周期
20260611,sh600537,有色,大周期
20260611,sh600730,有色,大周期
20260611,sz000909,有色,大周期
20260611,sz000078,有色,大周期
20260611,sz002214,有色,大周期
20260611,sz002586,有色,大周期
20260611,sz000048,有色,大周期
20260611,sz002490,油气,大周期
20260611,sh603014,有色,大周期
20260611,sz300289,有色,大周期
20260611,sz002824,有色,大周期
20260611,sh603992,机器人,人工智能
20260611,sh603678,有色,大周期
20260612,sh601958,有色,大周期
20260612,sz001257,有色,大周期
20260612,sz000510,有色,大周期
20260612,sz000969,半导体,半导体
20260612,sh600497,有色,大周期
20260612,sz000751,有色,大周期
20260612,sz000758,有色,大周期
20260612,sz000630,有色,大周期
20260612,sh600531,有色,大周期
20260612,sz000506,有色,大周期
20260612,sh600961,有色,大周期
20260612,sz001360,有色,大周期
20260612,sh603993,有色,大周期
20260612,sz000737,有色,大周期
20260612,920634.BJ,有色,大周期
20260612,sz001696,无人机,商业航天
20260612,sz000768,低空经济,商业航天
20260612,sz002733,低空经济,商业航天
20260612,sh600391,低空经济,商业航天
20260612,sh600862,低空经济,商业航天
20260612,sz000099,低空经济,商业航天
20260612,sz002985,无人机,商业航天
20260612,sz002085,有色,大周期
20260612,sh603990,低空经济,商业航天
20260612,sz002190,无人机,商业航天
20260612,sz002882,低空经济,商业航天
20260612,sh603020,有色,大周期
20260612,sh603225,有色,大周期
20260612,sz002215,化工,大周期
20260612,sh601233,有色,大周期
20260612,sz001378,有色,大周期
20260612,sz002637,化工,大周期
20260612,sz002597,储能,电网
20260612,sz002971,有色,大周期
20260612,sz000032,有色,大周期
20260612,sh603335,半导体,半导体
20260612,sz301348,半导体,半导体
20260612,sh600962,有色,大周期
20260612,sh688010,半导体,半导体
20260612,sh603120,化工,大周期
20260612,sz002830,AI应用,人工智能
20260612,sh600229,AI应用,人工智能
20260612,sh600539,AI应用,人工智能
20260612,sh603528,AI应用,人工智能
20260612,sz001330,传媒,大消费
20260612,sz000547,航天,商业航天
20260612,sz002935,存储,半导体
20260612,sz003009,航天,商业航天
20260612,sz300581,航天,商业航天
20260612,sz002203,PCB,半导体
20260612,sh600601,PCB,半导体
20260612,sz001359,有色,大周期
20260612,sz301176,PCB,半导体
20260612,sh603065,有色,大周期
20260612,sz002976,光通信,人工智能
20260612,sh603738,光通信,人工智能
20260612,sh601696,有色,大周期
20260612,sh600906,有色,大周期
20260612,sh601609,有色,大周期
20260612,sz301323,有色,大周期
20260612,sz000759,有色,大周期
20260612,sh600857,有色,大周期
20260612,sz002927,算力,人工智能
20260612,sz002270,电网,电网
20260612,sh600067,机器人,人工智能
20260612,sz002997,机器人,人工智能
20260612,sz300377,AI应用,人工智能
20260612,sz002812,有色,大周期
20260612,sh688163,有色,大周期
20260612,sh600292,有色,大周期
20260612,sh603843,有色,大周期
20260612,sh600537,有色,大周期
20260612,sz002214,有色,大周期
20260612,sz002306,有色,大周期
20260612,sz000820,有色,大周期
20260612,sz002496,有色,大周期
20260612,sh603261,有色,大周期
20260612,sz002193,有色,大周期
20260612,sh601718,有色,大周期
20260612,sz002789,有色,大周期
20260612,sh603959,有色,大周期
20260612,sh603014,有色,大周期
20260612,sz002742,有色,大周期
20260612,sh605198,有色,大周期
20260612,sz002088,有色,大周期
20260612,sh605298,有色,大周期
20260612,sz002969,有色,大周期
20260612,sz002200,有色,大周期
20260612,sz000151,有色,大周期
20260612,sz001299,天然气,大周期
20260612,sz002345,有色,大周期
20260612,sz001206,有色,大周期
20260612,sz002457,有色,大周期
20260612,sh603036,油气,大周期
20260612,sh603815,电网,电网
20260612,sz001233,有色,大周期
20260612,sh600576,旅游,大消费
20260612,sh600567,有色,大周期
20260612,sh603519,有色,大周期
20260612,sh603180,有色,大周期
20260615,sh603002,PCB,半导体
20260615,sh605589,PCB,半导体
20260615,sz301176,PCB,半导体
20260615,sz001359,PCB,半导体
20260615,sz002913,PCB,半导体
20260615,sh603011,PCB,半导体
20260615,sh600110,PCB,半导体
20260615,sz002741,PCB,半导体
20260615,sh603186,PCB,半导体
20260615,sz002552,PCB,半导体
20260615,sz002815,PCB,半导体
20260615,sh600545,化工,大周期
20260615,sh600183,PCB,半导体
20260615,sh600226,PCB,半导体
20260615,sh605058,PCB,半导体
20260615,sh600176,有色,大周期
20260615,sz000823,PCB,半导体
20260615,sh603800,PCB,半导体
20260615,sh603681,PCB,半导体
20260615,sh603806,PCB,半导体
20260615,sz301217,PCB,半导体
20260615,sz002080,PCB,半导体
20260615,sh688603,PCB,半导体
20260615,sh688813,PCB,半导体
20260615,sh603256,有色,大周期
20260615,sz002745,PCB,半导体
20260615,sz301373,PCB,半导体
20260615,sz301362,PCB,半导体
20260615,sh603738,光通信,人工智能
20260615,sh600353,光通信,人工智能
20260615,sh688167,光通信,人工智能
20260615,sz002428,有色,大周期
20260615,sz300570,有色,大周期
20260615,sz002515,光通信,人工智能
20260615,sh600703,光通信,人工智能
20260615,sz002281,光通信,人工智能
20260615,sh603052,芯片,半导体
20260615,sz301387,光通信,人工智能
20260615,sz002975,液冷,人工智能
20260615,sz002384,光通信,人工智能
20260615,sz002897,光通信,人工智能
20260615,sh603083,光通信,人工智能
20260615,sz000510,化工,大周期
20260615,sz001257,有色,大周期
20260615,sh601958,有色,大周期
20260615,sz000506,有色,大周期
20260615,sh600549,有色,大周期
20260615,sz000960,有色,大周期
20260615,sh600362,有色,大周期
20260615,sz000657,有色,大周期
20260615,sh603407,有色,大周期
20260615,sz300489,半导体,半导体
20260615,sh603979,有色,大周期
20260615,sz000032,有色,大周期
20260615,sh603335,半导体,半导体
20260615,sh605303,有色,大周期
20260615,sh600460,半导体,半导体
20260615,sh601133,半导体,半导体
20260615,sh603726,半导体,半导体
20260615,sh688757,半导体,半导体
20260615,sh600520,半导体,半导体
20260615,sh603499,存储,半导体
20260615,sh605111,半导体,半导体
20260615,sh603007,机器人,人工智能
20260615,sz002021,机器人,人工智能
20260615,sh605288,机器人,人工智能
20260615,sz000700,机器人,人工智能
20260615,sh603373,机器人,人工智能
20260615,sz003036,机器人,人工智能
20260615,sz002664,机器人,人工智能
20260615,sz002903,机器人,人工智能
20260615,sh688090,机器人,人工智能
20260615,sh603950,机器人,人工智能
20260615,sz002585,有色,大周期
20260615,sh603678,有色,大周期
20260615,sz300726,有色,大周期
20260615,sh603267,有色,大周期
20260615,sz301566,有色,大周期
20260615,sz000636,有色,大周期
20260615,sz002859,有色,大周期
20260615,sh605376,有色,大周期
20260615,sz002635,有色,大周期
20260615,sz000733,航天,商业航天
20260615,sz002806,有色,大周期
20260615,sh600237,有色,大周期
20260615,sz002263,有色,大周期
20260615,sh603115,有色,大周期
20260615,sh600563,有色,大周期
20260615,sz002174,算力,人工智能
20260615,sz002990,算力,人工智能
20260615,sz002849,有色,大周期
20260615,sh603629,算力,人工智能
20260615,sh605289,AI应用,人工智能
20260615,sz002730,算力,人工智能
20260615,sh601975,有色,大周期
20260615,sh600026,有色,大周期
20260615,sh601872,有色,大周期
20260615,sz000520,有色,大周期
20260615,sh601022,有色,大周期
20260615,sh603070,有色,大周期
20260615,sh603045,机器人,人工智能
20260615,sz002851,算力,人工智能
20260615,sh601179,有色,大周期
20260615,sz002364,算力,人工智能
20260615,sz002432,有色,大周期
20260615,sz002137,机器人,人工智能
20260615,sz300588,AI应用,人工智能
20260615,sz002972,AI应用,人工智能
20260615,sz002301,AI应用,人工智能
20260615,sz300548,有色,大周期
20260615,sz301196,有色,大周期
20260615,sz000070,光通信,人工智能
20260615,sh603618,PCB,半导体
20260615,sh600293,化工,大周期
20260615,sz002106,化工,大周期
20260615,sh601636,化工,大周期
20260615,sh603516,液冷,人工智能
20260615,sz000811,液冷,人工智能
20260615,sz002335,算力,人工智能
20260615,sz000545,化工,大周期
20260615,sz002136,化工,大周期
20260615,sz002440,化工,大周期
20260615,sh601696,有色,大周期
20260615,sh603093,有色,大周期
20260615,sz002961,有色,大周期
20260615,sh603327,有色,大周期
20260615,sz002426,有色,大周期
20260615,sh603458,电网,电网
20260615,sh600537,有色,大周期
20260615,sz002214,有色,大周期
20260615,sz002193,有色,大周期
20260615,sh603959,有色,大周期
20260615,sh600678,有色,大周期
20260615,sz002082,有色,大周期
20260615,sz002634,有色,大周期
20260615,sz002055,有色,大周期
20260615,sz002977,有色,大周期
20260615,sh603922,有色,大周期
20260615,sh603580,有色,大周期
20260615,sh600745,有色,大周期
20260615,sh603595,有色,大周期
20260615,sz000056,有色,大周期
20260615,sz002762,有色,大周期
20260615,sh605198,有色,大周期
20260615,sz002824,有色,大周期
20260615,sh600375,有色,大周期
20260615,sz002040,有色,大周期
20260615,sh603727,油气,大周期
20260615,sh603137,电网,电网
20260615,sz000980,有色,大周期
20260615,sz002051,有色,大周期
20260615,sz000411,医药,大消费
20260615,sz002613,化工,大周期
20260615,sh600636,有色,大周期
20260615,sh603085,低空经济,商业航天
20260615,sz001256,有色,大周期
20260615,sz000777,核电,电网
20260615,sz002992,有色,大周期
20260615,sz000593,有色,大周期
20260615,sh600578,电力,电网
20260618,sz002989,半导体,半导体
20260618,sh603324,半导体,半导体
20260618,sh688478,有色,大周期
20260618,sh600076,半导体,半导体
20260618,sz002392,算力,人工智能
20260618,sh688515,半导体,半导体
20260618,sh688485,半导体,半导体
20260618,sz002971,有色,大周期
20260618,sh603991,光通信,人工智能
20260618,sh600667,存储,半导体
20260618,sh688729,半导体,半导体
20260618,sh600397,有色,大周期
20260618,sh603407,有色,大周期
20260618,sh688598,有色,大周期
20260618,sh603663,有色,大周期
20260618,sh600392,有色,大周期
20260618,sh600362,有色,大周期
20260618,sz000657,有色,大周期
20260618,sz301580,有色,大周期
20260618,sz002167,有色,大周期
20260618,sz002842,有色,大周期
20260618,sz002141,PCB,半导体
20260618,sh600545,化工,大周期
20260618,sz002579,PCB,半导体
20260618,sh603011,PCB,半导体
20260618,sh600226,PCB,半导体
20260618,sz300522,PCB,半导体
20260618,sz002203,PCB,半导体
20260618,sz301687,PCB,半导体
20260618,sh603124,PCB,半导体
20260618,sh603211,机器人,人工智能
20260618,sz002747,机器人,人工智能
20260618,sz002674,机器人,人工智能
20260618,sz001365,机器人,人工智能
20260618,sh603358,机器人,人工智能
20260618,sh600835,机器人,人工智能
20260618,sh603082,机器人,人工智能
20260618,sz301310,机器人,人工智能
20260618,sh600851,有色,大周期
20260618,sz002907,有色,大周期
20260618,sz002317,有色,大周期
20260618,sh603127,AI应用,人工智能
20260618,sz002950,有色,大周期
20260618,sh600671,有色,大周期
20260618,sz001339,算力,人工智能
20260618,sz000889,算力,人工智能
20260618,sz300166,算力,人工智能
20260618,sh688227,AI应用,人工智能
20260618,sh603679,航天,商业航天
20260618,sz002432,有色,大周期
20260618,sz000839,有色,大周期
20260618,sh688671,AI应用,人工智能
20260618,sh603956,AI应用,人工智能
20260618,sz002354,机器人,人工智能
20260618,sh600353,光通信,人工智能
20260618,sz001216,电网,电网
20260618,sh605086,有色,大周期
20260618,sz300861,有色,大周期
20260618,sz002655,有色,大周期
20260618,sz002297,航天,商业航天
20260618,sz002281,光通信,人工智能
20260618,sz300319,有色,大周期
20260618,sz003031,光通信,人工智能
20260618,sz002283,有色,大周期
20260618,sh600399,有色,大周期
20260618,sz000534,有色,大周期
20260618,sz000811,液冷,人工智能
20260618,sz002897,液冷,人工智能
20260618,sz002158,液冷,人工智能
20260618,sh603989,有色,大周期
20260618,sz002805,有色,大周期
20260618,sz002068,有色,大周期
20260618,sh603380,PCB,半导体
20260618,sh603496,有色,大周期
20260618,sh605376,有色,大周期
20260618,sz002859,有色,大周期
20260618,sh600162,有色,大周期
20260618,sz000608,有色,大周期
20260618,sh603580,有色,大周期
20260618,sz002789,有色,大周期
20260618,sh603595,有色,大周期
20260618,sh603557,有色,大周期
20260618,sz002713,有色,大周期
20260618,sz002816,有色,大周期
20260618,sh603843,有色,大周期
20260618,sh600381,有色,大周期
20260618,sz002485,有色,大周期
20260618,sh603389,有色,大周期
20260618,sh600259,有色,大周期
20260618,sh603261,有色,大周期
20260618,sz002491,光通信,人工智能
20260618,sh600769,有色,大周期
20260618,sh603223,有色,大周期
20260618,sh603616,有色,大周期
20260618,sz002442,有色,大周期
20260618,sh603313,有色,大周期
20260618,sh603201,有色,大周期
20260618,sz002159,旅游,大消费
20260618,sh603001,有色,大周期
20260618,sz001296,航天,商业航天
20260618,sh603177,有色,大周期
20260616,sh600500,PCB,半导体
20260616,sh603002,PCB,半导体
20260616,sh603186,PCB,半导体
20260616,sh605198,PCB,半导体
20260616,sz301176,PCB,半导体
20260616,sz002741,PCB,半导体
20260616,sh600110,PCB,半导体
20260616,sh603256,有色,大周期
20260616,sz002080,PCB,半导体
20260616,sz002552,PCB,半导体
20260616,sh600545,有色,大周期
20260616,sh605006,有色,大周期
20260616,sh601208,PCB,半导体
20260616,sz002008,PCB,半导体
20260616,sh603175,PCB,半导体
20260616,sz002141,PCB,半导体
20260616,sh600186,算力,人工智能
20260616,sz002436,PCB,半导体
20260616,sh601179,有色,大周期
20260616,sz002851,算力,人工智能
20260616,sh603045,机器人,人工智能
20260616,sz002927,算力,人工智能
20260616,sh600192,电网,电网
20260616,sz002885,算力,人工智能
20260616,sz002782,算力,人工智能
20260616,sh603191,有色,大周期
20260616,sz002346,电网,电网
20260616,sh603861,算力,人工智能
20260616,sz000032,有色,大周期
20260616,sz000541,半导体,半导体
20260616,sz002989,封装,半导体
20260616,sh603125,半导体,半导体
20260616,sh605588,有色,大周期
20260616,sh603078,半导体,半导体
20260616,sh605255,有色,大周期
20260616,sh688484,芯片,半导体
20260616,sz000048,机器人,人工智能
20260616,sz300780,机器人,人工智能
20260616,sz001283,机器人,人工智能
20260616,sz002931,有色,大周期
20260616,sz301000,机器人,人工智能
20260616,sh603949,机器人,人工智能
20260616,sh600615,机器人,人工智能
20260616,sh603115,有色,大周期
20260616,sz002806,有色,大周期
20260616,sh603989,有色,大周期
20260616,sh600888,有色,大周期
20260616,sh600458,有色,大周期
20260616,sz002484,有色,大周期
20260616,sh600549,有色,大周期
20260616,sh600206,半导体,半导体
20260616,sz002645,机器人,人工智能
20260616,sz000970,有色,大周期
20260616,sh600392,有色,大周期
20260616,sh600397,有色,大周期
20260616,sh600353,光通信,人工智能
20260616,sz002515,光通信,人工智能
20260616,sz002449,有色,大周期
20260616,sz002047,有色,大周期
20260616,sh603803,光通信,人工智能
20260616,sz300843,机器人,人工智能
20260616,sh603618,PCB,半导体
20260616,sh600105,芯片,半导体
20260616,sh603042,有色,大周期
20260616,sh688635,光通信,人工智能
20260616,sh603260,化工,大周期
20260616,sh603516,液冷,人工智能
20260616,sz001266,航天,商业航天
20260616,sz300145,有色,大周期
20260616,sz000034,液冷,人工智能
20260616,sh603271,液冷,人工智能
20260616,sz002824,有色,大周期
20260616,sh603196,储能,电网
20260616,sz002805,有色,大周期
20260616,sz002058,储能,电网
20260616,sz002734,储能,电网
20260616,sz001257,有色,大周期
20260616,sh603407,有色,大周期
20260616,sh601020,有色,大周期
20260616,sh603663,有色,大周期
20260616,sz002672,有色,大周期
20260616,sz000777,核电,电网
20260616,sz002735,核电,电网
20260616,sh603169,核电,电网
20260616,sh603166,核电,电网
20260616,sh603721,AI应用,人工智能
20260616,sz301055,有色,大周期
20260616,sz002774,AI应用,人工智能
20260616,sh600228,有色,大周期
20260616,sz002446,航天,商业航天
20260616,sz002194,航天,商业航天
20260616,sz300964,PCB,半导体
20260616,sz002990,算力,人工智能
20260616,sh605289,AI应用,人工智能
20260616,sz002217,算力,人工智能
20260616,sz002585,有色,大周期
20260616,sz301099,光通信,人工智能
20260616,sh601636,化工,大周期
20260616,sh603773,化工,大周期
20260616,sh600537,有色,大周期
20260616,sz002193,有色,大周期
20260616,sh603959,有色,大周期
20260616,sh600678,有色,大周期
20260616,sz002977,有色,大周期
20260616,sh603922,有色,大周期
20260616,sz002055,有色,大周期
20260616,sz002082,有色,大周期
20260616,sh600753,有色,大周期
20260616,sz002630,有色,大周期
20260616,sh600370,有色,大周期
20260616,sz002514,有色,大周期
20260616,sz002227,有色,大周期
20260616,sh600180,有色,大周期
20260616,sz002581,有色,大周期
20260616,sz002691,有色,大周期
20260616,sz300068,有色,大周期
20260616,sz002726,有色,大周期
20260616,sz000677,有色,大周期
20260616,sh603838,有色,大周期
20260616,sz002207,有色,大周期
20260616,sh603318,有色,大周期
20260616,sz002160,有色,大周期
20260616,sz000791,有色,大周期
20260616,sz000736,有色,大周期
20260616,sz000012,化工,大周期
20260616,920083.BJ,有色,大周期
20260616,sz002700,有色,大周期
20260616,sh605166,化工,大周期
20260616,sz000029,有色,大周期
20260616,sz001387,家电,大消费
20260616,sz002910,有色,大周期
20260616,sz000679,有色,大周期
20260616,sz002729,电力,电网
20260616,sz300931,有色,大周期
20260616,sz002993,算力,人工智能
20260616,sh600052,有色,大周期
20260616,sz000564,有色,大周期
20260616,sz002303,食品,大消费
20260617,sh603002,PCB,半导体
20260617,sh603186,PCB,半导体
20260617,sh600110,有色,大周期
20260617,sz002741,PCB,半导体
20260617,sz002080,PCB,半导体
20260617,sh603618,PCB,半导体
20260617,sz002141,PCB,半导体
20260617,sh600186,算力,人工智能
20260617,sz000823,PCB,半导体
20260617,sh600176,有色,大周期
20260617,sz002916,PCB,半导体
20260617,sz002579,PCB,半导体
20260617,sz301366,光通信,人工智能
20260617,sz300903,PCB,半导体
20260617,sz001223,PCB,半导体
20260617,sz002938,PCB,半导体
20260617,sh688323,PCB,半导体
20260617,sz300283,有色,大周期
20260617,sz002989,半导体,半导体
20260617,sz002918,有色,大周期
20260617,sh603324,半导体,半导体
20260617,sh603283,半导体,半导体
20260617,sh688082,半导体,半导体
20260617,sz300475,存储,半导体
20260617,sh688598,机器人,人工智能
20260617,sh603929,有色,大周期
20260617,sz002161,半导体,半导体
20260617,sh600378,油气,大周期
20260617,sh603986,存储,半导体
20260617,sz000672,半导体,半导体
20260617,sh688766,存储,半导体
20260617,sh601636,化工,大周期
20260617,sh603773,化工,大周期
20260617,sz002106,化工,大周期
20260617,sh600876,化工,大周期
20260617,sz000050,化工,大周期
20260617,sh688079,化工,大周期
20260617,sz000725,化工,大周期
20260617,sz300088,化工,大周期
20260617,sh600552,化工,大周期
20260617,sh600707,化工,大周期
20260617,sz000100,化工,大周期
20260617,sh600192,电网,电网
20260617,sh603458,电网,电网
20260617,sz002201,航天,商业航天
20260617,sh688333,航天,商业航天
20260617,sh603601,航天,商业航天
20260617,sz000777,核电,电网
20260617,sh600026,有色,大周期
20260617,sh601117,化工,大周期
20260617,sh600579,化工,大周期
20260617,920122.BJ,有色,大周期
20260617,sh603976,化工,大周期
20260617,sz301111,有色,大周期
20260617,sh603880,有色,大周期
20260617,sh603139,有色,大周期
20260617,sz300584,有色,大周期
20260617,sh603115,有色,大周期
20260617,sh603989,有色,大周期
20260617,sh600237,有色,大周期
20260617,sh600673,算力,人工智能
20260617,sz000811,液冷,人工智能
20260617,sz300735,液冷,人工智能
20260617,sz300351,机器人,人工智能
20260617,sh600615,机器人,人工智能
20260617,sz001326,机器人,人工智能
20260617,sz001282,机器人,人工智能
20260617,sz002254,有色,大周期
20260617,sz002491,光通信,人工智能
20260617,sz002828,油气,大周期
20260617,sz300386,有色,大周期
20260617,sh603285,有色,大周期
20260617,sh603637,有色,大周期
20260617,sh688260,有色,大周期
20260617,sh600353,光通信,人工智能
20260617,sz001339,算力,人工智能
20260617,sh600537,有色,大周期
20260617,sh603959,有色,大周期
20260617,sh603922,有色,大周期
20260617,sz002082,有色,大周期
20260617,sh600370,有色,大周期
20260617,sh600753,有色,大周期
20260617,sz002581,有色,大周期
20260617,sh603580,有色,大周期
20260617,sz002789,有色,大周期
20260617,sh603429,有色,大周期
20260617,sz000679,有色,大周期
20260617,sh600397,有色,大周期
20260617,sh603261,有色,大周期
20260617,sh603020,有色,大周期
20260617,sh600676,有色,大周期
20260617,sz002404,有色,大周期
20260617,sz002906,AI应用,人工智能
20260617,sz300737,有色,大周期
20260617,sh603488,军工,商业航天
20260617,sz000695,储能,电网
20260629,sz000566,有色,大周期
20260629,sz002821,有色,大周期
20260629,sz301520,有色,大周期
20260629,sh600222,有色,大周期
20260629,sh603222,有色,大周期
20260629,sz002728,医药,大消费
20260629,sz002653,有色,大周期
20260629,sz000756,有色,大周期
20260629,sz002038,有色,大周期
20260629,sz300436,有色,大周期
20260629,sz002693,有色,大周期
20260629,sz002370,有色,大周期
20260629,sh600557,有色,大周期
20260629,sh600488,有色,大周期
20260629,sh688336,有色,大周期
20260629,sh688198,有色,大周期
20260629,sz300204,有色,大周期
20260629,sz002422,有色,大周期
20260629,sh600129,医药,大消费
20260629,sz002437,医药,大消费
20260629,sz300434,有色,大周期
20260629,sh688796,有色,大周期
20260629,sh600867,有色,大周期
20260629,sz301033,有色,大周期
20260629,sz002317,有色,大周期
20260629,sh603880,有色,大周期
20260629,920367.BJ,医药,大消费
20260629,sh688765,医药,大消费
20260629,sh601133,有色,大周期
20260629,sh603650,PCB,半导体
20260629,sh603928,化工,大周期
20260629,sz002180,半导体,半导体
20260629,sh603163,有色,大周期
20260629,sh688432,半导体,半导体
20260629,sh603155,半导体,半导体
20260629,sh603459,PCB,半导体
20260629,sz003043,半导体,半导体
20260629,sh603061,半导体,半导体
20260629,sz000021,半导体,半导体
20260629,sz002407,半导体,半导体
20260629,sh688689,半导体,半导体
20260629,sz000920,有色,大周期
20260629,sh605178,存储,半导体
20260629,sh603726,半导体,半导体
20260629,sz002208,有色,大周期
20260629,sh603283,半导体,半导体
20260629,sh688120,半导体,半导体
20260629,sh688233,半导体,半导体
20260629,sh600468,电网,电网
20260629,sh600363,核电,电网
20260629,sz002639,核电,电网
20260629,sz000777,核电,电网
20260629,sz002255,核电,电网
20260629,sh601611,核电,电网
20260629,sz002366,核电,电网
20260629,sz301528,核电,电网
20260629,sz002409,有色,大周期
20260629,sz002549,有色,大周期
20260629,sz000551,有色,大周期
20260629,sh600378,油气,大周期
20260629,sh603318,有色,大周期
20260629,sh688548,有色,大周期
20260629,sz002568,有色,大周期
20260629,sh605300,饮料,大消费
20260629,sh605499,饮料,大消费
20260629,sh603336,有色,大周期
20260629,sh600857,有色,大周期
20260629,sz000759,有色,大周期
20260629,sz002277,半导体,半导体
20260629,sz002628,化工,大周期
20260629,sz002237,有色,大周期
20260629,sz000751,有色,大周期
20260629,sh603950,机器人,人工智能
20260629,sz000959,机器人,人工智能
20260629,sh605060,有色,大周期
20260629,sh603956,液冷,人工智能
20260629,sh603516,液冷,人工智能
20260629,sz301307,机器人,人工智能
20260629,sz003006,有色,大周期
20260629,sh603983,化妆品,大消费
20260629,sh605377,有色,大周期
20260629,sz002521,有色,大周期
20260629,sz000521,有色,大周期
20260629,sz001237,有色,大周期
20260629,sh601636,化工,大周期
20260629,sz003019,化工,大周期
20260629,sz002342,航天,商业航天
20260629,sz001229,AI应用,人工智能
20260629,sz003004,有色,大周期
20260629,sz000988,光通信,人工智能
20260629,sz002624,传媒,大消费
20260629,sh603032,机器人,人工智能
20260629,sz000056,有色,大周期
20260629,sz002822,有色,大周期
20260629,sz000609,有色,大周期
20260629,sh600180,有色,大周期
20260629,sh600568,有色,大周期
20260629,sh600745,有色,大周期
20260629,sz002485,有色,大周期
20260629,sz000826,有色,大周期
20260629,sh600965,有色,大周期
20260629,sz301030,有色,大周期
20260629,sh600818,有色,大周期
20260629,sh600735,有色,大周期
20260629,sh603389,有色,大周期
20260629,sh603580,有色,大周期
20260629,sh600370,有色,大周期
20260629,sz002323,有色,大周期
20260629,sz002856,有色,大周期
20260629,sz002687,服装,大消费
20260629,sh603435,有色,大周期
20260629,sz002828,油气,大周期
20260629,sh600113,有色,大周期
20260629,sh603477,有色,大周期
20260629,sz002638,有色,大周期
20260629,sh603606,有色,大周期
20260629,sz000017,储能,电网
20260629,sh603033,化工,大周期
20260629,sh605098,教育,大消费
20260629,sh600576,旅游,大消费
20260629,sz000004,有色,大周期
20260629,sz002859,有色,大周期
20260629,sz002915,化工,大周期
20260629,sz001301,有色,大周期
20260625,sh600584,封装,半导体
20260625,sh600667,存储,半导体
20260625,sh603929,有色,大周期
20260625,sh603335,半导体,半导体
20260625,sh688380,芯片,半导体
20260625,sh600962,有色,大周期
20260625,sz300650,半导体,半导体
20260625,sz002787,储能,电网
20260625,sz002654,存储,半导体
20260625,sh603010,半导体,半导体
20260625,sz300223,存储,半导体
20260625,sh603690,半导体,半导体
20260625,sz001309,存储,半导体
20260625,sh688376,半导体,半导体
20260625,920249.BJ,半导体,半导体
20260625,sz002080,PCB,半导体
20260625,sz002141,PCB,半导体
20260625,sz000823,PCB,半导体
20260625,sh600141,液冷,人工智能
20260625,sh603459,PCB,半导体
20260625,sh600186,算力,人工智能
20260625,sh603800,PCB,半导体
20260625,sh603527,有色,大周期
20260625,sz300819,PCB,半导体
20260625,sz002579,PCB,半导体
20260625,sh600500,PCB,半导体
20260625,sh605589,PCB,半导体
20260625,sh688093,PCB,半导体
20260625,sh603989,有色,大周期
20260625,sz002068,储能,电网
20260625,sh603678,有色,大周期
20260625,sz002484,有色,大周期
20260625,sh600888,有色,大周期
20260625,sh603115,有色,大周期
20260625,sh603500,有色,大周期
20260625,sh603733,有色,大周期
20260625,sh600237,有色,大周期
20260625,sh600458,有色,大周期
20260625,sz002674,有色,大周期
20260625,sz002025,光通信,人工智能
20260625,sh603065,有色,大周期
20260625,sz002980,光通信,人工智能
20260625,sh600330,有色,大周期
20260625,sh688381,光通信,人工智能
20260625,sz000811,液冷,人工智能
20260625,sh603956,液冷,人工智能
20260625,sz002965,机器人,人工智能
20260625,sz002518,算力,人工智能
20260625,sz000818,算力,人工智能
20260625,sz002990,算力,人工智能
20260625,sz000034,算力,人工智能
20260625,sh603019,算力,人工智能
20260625,sh603313,有色,大周期
20260625,sh605318,有色,大周期
20260625,sz001330,传媒,大消费
20260625,sz002558,传媒,大消费
20260625,sh605376,有色,大周期
20260625,sh603267,有色,大周期
20260625,sz000636,有色,大周期
20260625,sz002254,有色,大周期
20260625,sh605366,有色,大周期
20260625,sh600184,光通信,人工智能
20260625,sz002842,有色,大周期
20260625,sh603067,有色,大周期
20260625,sz000962,有色,大周期
20260625,sz002387,化工,大周期
20260625,sz000100,化工,大周期
20260625,sh688669,有色,大周期
20260625,sh600516,有色,大周期
20260625,sz000766,有色,大周期
20260625,sh600668,有色,大周期
20260625,sh603661,算力,人工智能
20260625,sh603595,有色,大周期
20260625,sz000056,有色,大周期
20260625,sz002822,有色,大周期
20260625,sh600678,有色,大周期
20260625,sz000609,有色,大周期
20260625,sh603378,有色,大周期
20260625,sz000048,机器人,人工智能
20260625,sz000783,有色,大周期
20260625,sz002303,有色,大周期
20260625,sh600058,黑色,大周期
20260625,sh600228,有色,大周期
20260625,sh605300,有色,大周期
20260625,sh600579,化工,大周期
20260625,sh600152,储能,电网
20260625,sz002928,有色,大周期
20260625,sh601798,有色,大周期
20260625,sz002056,有色,大周期
20260625,sh600903,有色,大周期
20260625,sh603063,算力,人工智能
20260625,sh600857,有色,大周期
20260623,sh600851,有色,大周期
20260623,sz000566,有色,大周期
20260623,sz000756,有色,大周期
20260623,sz301211,有色,大周期
20260623,sz002728,医药,大消费
20260623,sz002038,有色,大周期
20260623,sz002370,有色,大周期
20260623,sh603122,医药,大消费
20260623,sz000813,有色,大周期
20260623,sh605369,有色,大周期
20260623,sz300149,AI应用,人工智能
20260623,sh603669,有色,大周期
20260623,sh600488,有色,大周期
20260623,sh600400,机器人,人工智能
20260623,sz002921,机器人,人工智能
20260623,sz002196,机器人,人工智能
20260623,sh605118,机器人,人工智能
20260623,sh600843,低空经济,商业航天
20260623,sh603466,机器人,人工智能
20260623,sz002021,机器人,人工智能
20260623,sz002031,机器人,人工智能
20260623,sz001225,机器人,人工智能
20260623,sh603007,机器人,人工智能
20260623,sh603015,机器人,人工智能
20260623,sh603725,机器人,人工智能
20260623,sz002453,半导体,半导体
20260623,sz000551,有色,大周期
20260623,sh600171,芯片,半导体
20260623,sh603335,半导体,半导体
20260623,sz300665,半导体,半导体
20260623,sh600360,半导体,半导体
20260623,sz300721,半导体,半导体
20260623,sh688291,半导体,半导体
20260623,sh603757,有色,大周期
20260623,sh600506,液冷,人工智能
20260623,sz002580,液冷,人工智能
20260623,920662.BJ,液冷,人工智能
20260623,sz002420,机器人,人工智能
20260623,sz002871,液冷,人工智能
20260623,920035.BJ,液冷,人工智能
20260623,sh603938,有色,大周期
20260623,sz002549,有色,大周期
20260623,sh600379,有色,大周期
20260623,sh603318,有色,大周期
20260623,sh600470,化工,大周期
20260623,sz002648,化工,大周期
20260623,sh605366,光伏,电网
20260623,sz000691,医药,大消费
20260623,sh600397,有色,大周期
20260623,sh603407,有色,大周期
20260623,sz002167,有色,大周期
20260623,sz002672,有色,大周期
20260623,sz000042,有色,大周期
20260623,sh600743,有色,大周期
20260623,sh600708,有色,大周期
20260623,sh605377,有色,大周期
20260623,sh603863,有色,大周期
20260623,sh600793,有色,大周期
20260623,sz000070,光通信,人工智能
20260623,sh601869,光通信,人工智能
20260623,sz002522,光通信,人工智能
20260623,sz002674,有色,大周期
20260623,sz002047,有色,大周期
20260623,sz002976,光通信,人工智能
20260623,sz300085,有色,大周期
20260623,sh603106,AI应用,人工智能
20260623,sh605069,有色,大周期
20260623,sz002830,AI应用,人工智能
20260623,sh601011,煤炭,大周期
20260623,sz002631,有色,大周期
20260623,sh605580,电力,电网
20260623,sh600172,有色,大周期
20260623,sh600707,化工,大周期
20260623,sz002962,化工,大周期
20260623,sz002141,PCB,半导体
20260623,sz002584,半导体,半导体
20260623,sz300835,有色,大周期
20260623,sh603595,有色,大周期
20260623,sz000056,有色,大周期
20260623,sh603021,有色,大周期
20260623,sz002424,有色,大周期
20260623,sh600965,有色,大周期
20260623,sh603718,有色,大周期
20260623,sh600818,有色,大周期
20260623,sz002822,有色,大周期
20260623,sz002592,有色,大周期
20260623,sh600365,有色,大周期
20260623,sh605336,有色,大周期
20260623,sz002289,有色,大周期
20260623,sz300167,有色,大周期
20260623,sh600337,有色,大周期
20260623,sh603789,有色,大周期
20260623,sz000632,有色,大周期
20260623,sz002726,有色,大周期
20260623,sh600423,有色,大周期
20260623,sh600080,有色,大周期
20260623,sh600187,有色,大周期
20260623,sz002211,有色,大周期
20260623,sh600238,有色,大周期
20260623,sz002323,有色,大周期
20260623,sh600119,有色,大周期
20260623,sh600892,有色,大周期
20260623,sh600243,有色,大周期
20260623,sz002198,有色,大周期
20260623,sz002717,有色,大周期
20260623,sz002068,储能,电网
20260623,sz000783,有色,大周期
20260623,sz000571,煤炭,大周期
20260623,sz000882,有色,大周期
20260623,sh605167,核电,电网
20260623,sh603210,有色,大周期
20260623,sh600881,有色,大周期
20260623,sz001206,有色,大周期
20260623,sh600777,有色,大周期
20260623,sh603630,有色,大周期
20260623,sz002687,服装,大消费
20260623,sh600405,有色,大周期
20260623,sh603116,航天,商业航天
20260623,sh603717,储能,电网
20260623,sh600719,电力,电网
20260623,sz002374,饮料,大消费
20260623,sz300961,有色,大周期
20260623,sz001279,有色,大周期
20260623,sz002014,有色,大周期
20260701,sz002407,有色,大周期
20260701,sh600076,半导体,半导体
20260701,sh603120,化工,大周期
20260701,sh603379,有色,大周期
20260701,sh688728,半导体,半导体
20260701,sh600641,半导体,半导体
20260701,sh603991,光通信,人工智能
20260701,sh600509,有色,大周期
20260701,sz002326,半导体,半导体
20260701,sh603948,半导体,半导体
20260701,sh600208,有色,大周期
20260701,sz001269,有色,大周期
20260701,sh603353,封装,半导体
20260701,sz002455,化工,大周期
20260701,sh603360,化工,大周期
20260701,sh600658,半导体,半导体
20260701,sz002943,半导体,半导体
20260701,sz301092,半导体,半导体
20260701,sz300481,半导体,半导体
20260701,sz300345,半导体,半导体
20260701,sh688571,PCB,半导体
20260701,sz001331,机器人,人工智能
20260701,sz002313,机器人,人工智能
20260701,sz001365,机器人,人工智能
20260701,sh605189,有色,大周期
20260701,sz000795,机器人,人工智能
20260701,sh603725,机器人,人工智能
20260701,sh605488,机器人,人工智能
20260701,sh603166,机器人,人工智能
20260701,sz300539,机器人,人工智能
20260701,sz301279,机器人,人工智能
20260701,sh600784,机器人,人工智能
20260701,sh603666,机器人,人工智能
20260701,sz002403,机器人,人工智能
20260701,sz002981,机器人,人工智能
20260701,sh603131,航天,商业航天
20260701,sh603040,机器人,人工智能
20260701,sh603758,机器人,人工智能
20260701,sz002698,机器人,人工智能
20260701,sz001313,机器人,人工智能
20260701,sz000566,有色,大周期
20260701,sh603014,有色,大周期
20260701,sh603538,有色,大周期
20260701,sh688247,有色,大周期
20260701,sh603567,有色,大周期
20260701,sz002923,有色,大周期
20260701,sz002940,有色,大周期
20260701,sz002826,有色,大周期
20260701,sh688553,有色,大周期
20260701,sh603351,有色,大周期
20260701,sz002548,有色,大周期
20260701,sz002124,有色,大周期
20260701,sh603363,有色,大周期
20260701,sz000876,有色,大周期
20260701,sz002840,有色,大周期
20260701,sz002982,有色,大周期
20260701,sh600975,有色,大周期
20260701,sz002747,机器人,人工智能
20260701,sh603859,有色,大周期
20260701,sz002184,有色,大周期
20260701,sz002232,有色,大周期
20260701,sh600845,机器人,人工智能
20260701,sz002268,有色,大周期
20260701,sz300607,机器人,人工智能
20260701,sz002738,有色,大周期
20260701,sz300518,有色,大周期
20260701,sz300487,有色,大周期
20260701,sh603505,化工,大周期
20260701,sz300343,有色,大周期
20260701,sz000545,化工,大周期
20260701,sz002759,化工,大周期
20260701,sz002929,算力,人工智能
20260701,sh605289,AI应用,人工智能
20260701,sz300287,算力,人工智能
20260701,sz300175,算力,人工智能
20260701,sz003007,算力,人工智能
20260701,sz002123,算力,人工智能
20260701,sh600673,算力,人工智能
20260701,sh605178,存储,半导体
20260701,sz002559,存储,半导体
20260701,sz002930,存储,半导体
20260701,sh603137,存储,半导体
20260701,sh603499,存储,半导体
20260701,sz002881,存储,半导体
20260701,sh600667,存储,半导体
20260701,sh600783,航天,商业航天
20260701,sh600909,有色,大周期
20260701,sh601162,有色,大周期
20260701,sz002670,有色,大周期
20260701,sz002423,有色,大周期
20260701,sh600725,化工,大周期
20260701,sh600793,化工,大周期
20260701,sz002442,化工,大周期
20260701,sh600470,化工,大周期
20260701,sz002440,化工,大周期
20260701,sz002273,光通信,人工智能
20260701,sz002396,光通信,人工智能
20260701,sz002635,光通信,人工智能
20260701,sh603330,光通信,人工智能
20260701,sz000925,算力,人工智能
20260701,sz000863,旅游,大消费
20260701,sh600724,有色,大周期
20260701,sh600665,有色,大周期
20260701,sh603682,AI应用,人工智能
20260701,sh603173,有色,大周期
20260701,sh688106,有色,大周期
20260701,sz002971,有色,大周期
20260701,sh600857,有色,大周期
20260701,sz002277,半导体,半导体
20260701,sh601933,有色,大周期
20260701,sz002161,AI应用,人工智能
20260701,sz002524,AI应用,人工智能
20260701,sh600826,AI应用,人工智能
20260701,sz002167,有色,大周期
20260701,sz000603,有色,大周期
20260701,sh600397,有色,大周期
20260701,sz300561,AI应用,人工智能
20260701,sh600446,AI应用,人工智能
20260701,sh600233,有色,大周期
20260701,sz002468,有色,大周期
20260701,sh600199,饮料,大消费
20260701,sz002329,有色,大周期
20260701,sz002607,教育,大消费
20260701,sh600661,教育,大消费
20260701,sz002053,电力,电网
20260701,sh601991,电力,电网
20260701,sz000601,有色,大周期
20260701,sz002458,有色,大周期
20260701,sh603212,有色,大周期
20260701,sz000733,有色,大周期
20260701,sz000536,化工,大周期
20260701,sz300852,PCB,半导体
20260701,sh603595,有色,大周期
20260701,sz002822,有色,大周期
20260701,sh600180,有色,大周期
20260701,sz000609,有色,大周期
20260701,sh600965,有色,大周期
20260701,sz002856,有色,大周期
20260701,sz000711,有色,大周期
20260701,sz002175,有色,大周期
20260701,sh603272,有色,大周期
20260701,sz000820,有色,大周期
20260701,sz002360,有色,大周期
20260701,sz000909,有色,大周期
20260701,sz002193,有色,大周期
20260701,sz002717,有色,大周期
20260701,sz002569,有色,大周期
20260701,sz002977,有色,大周期
20260701,sz000016,有色,大周期
20260701,sz002514,有色,大周期
20260701,sh603789,有色,大周期
20260701,sh600759,有色,大周期
20260701,sz002547,有色,大周期
20260701,sz000639,有色,大周期
20260701,sz000632,有色,大周期
20260701,sh600491,有色,大周期
20260701,sh600082,有色,大周期
20260701,sh603359,有色,大周期
20260701,sz002542,有色,大周期
20260701,sz002005,有色,大周期
20260701,sz002305,有色,大周期
20260701,sz002719,有色,大周期
20260701,sh603828,有色,大周期
20260701,sz000078,有色,大周期
20260701,sz002667,有色,大周期
20260701,sz002620,有色,大周期
20260701,sz300385,有色,大周期
20260701,sh600734,有色,大周期
20260701,sh601718,有色,大周期
20260701,sz002109,有色,大周期
20260701,sh603718,有色,大周期
20260701,sh603429,有色,大周期
20260701,sz002102,有色,大周期
20260701,sh605199,有色,大周期
20260701,sh600581,有色,大周期
20260701,sz002592,有色,大周期
20260701,sz002656,有色,大周期
20260701,sh601010,有色,大周期
20260701,sz000010,有色,大周期
20260701,sh603557,有色,大周期
20260701,sh600119,有色,大周期
20260701,sh603378,有色,大周期
20260701,sh603021,有色,大周期
20260701,sh600053,有色,大周期
20260701,sz002691,有色,大周期
20260701,sh600543,有色,大周期
20260701,sh603729,有色,大周期
20260701,sz002207,有色,大周期
20260701,sh600423,有色,大周期
20260701,sz002694,有色,大周期
20260701,sz000677,有色,大周期
20260701,sz000669,有色,大周期
20260701,sz000698,有色,大周期
20260701,sh603189,有色,大周期
20260701,sz002198,有色,大周期
20260701,sz002883,有色,大周期
20260701,sz000911,有色,大周期
20260701,sh600080,有色,大周期
20260701,sz000610,有色,大周期
20260701,sz002199,有色,大周期
20260701,sh600113,有色,大周期
20260701,sz000004,有色,大周期
20260701,sz002808,有色,大周期
20260701,sz000521,有色,大周期
20260701,sh603738,有色,大周期
20260701,sz001256,有色,大周期
20260701,sz000068,电网,电网
20260701,920090.BJ,有色,大周期
20260701,sz002868,有色,大周期
20260701,sh600825,传媒,大消费
20260701,sz002052,有色,大周期
20260701,sz002200,电网,电网
20260701,sz000757,有色,大周期
20260701,sh600179,有色,大周期
20260701,sh605155,有色,大周期
20260701,sh603615,有色,大周期
20260701,sh600885,电网,电网
20260701,sh603325,有色,大周期
20260701,sh600182,有色,大周期
20260701,sz000520,有色,大周期
20260701,920699.BJ,有色,大周期
20260622,sh600397,有色,大周期
20260622,sh603407,有色,大周期
20260622,sh603663,有色,大周期
20260622,sz000657,有色,大周期
20260622,sh600549,有色,大周期
20260622,sz002167,有色,大周期
20260622,sz002297,有色,大周期
20260622,sz301580,有色,大周期
20260622,sz002842,有色,大周期
20260622,sh600552,有色,大周期
20260622,sz002672,有色,大周期
20260622,sh601020,有色,大周期
20260622,sz000751,有色,大周期
20260622,sh600961,有色,大周期
20260622,sz002114,有色,大周期
20260622,sz000510,有色,大周期
20260622,sh600367,化工,大周期
20260622,sh600497,有色,大周期
20260622,sz000962,有色,大周期
20260622,sh600531,有色,大周期
20260622,sz000960,有色,大周期
20260622,sz000060,有色,大周期
20260622,sh601958,有色,大周期
20260622,sh603588,有色,大周期
20260622,sz000612,有色,大周期
20260622,sh603067,有色,大周期
20260622,sz002312,化工,大周期
20260622,sz000545,化工,大周期
20260622,sh603823,化工,大周期
20260622,sz002440,化工,大周期
20260622,sz002386,化工,大周期
20260622,sh600352,化工,大周期
20260622,sh600078,化工,大周期
20260622,sh600470,化工,大周期
20260622,sh601233,有色,大周期
20260622,sh600160,有色,大周期
20260622,sz002601,化工,大周期
20260622,sh600096,化工,大周期
20260622,sz002539,化工,大周期
20260622,sz002258,化工,大周期
20260622,sh605020,化工,大周期
20260622,sz000833,有色,大周期
20260622,sh600353,光通信,人工智能
20260622,sz002674,有色,大周期
20260622,sz003031,光通信,人工智能
20260622,sz002428,有色,大周期
20260622,sh603065,有色,大周期
20260622,sh603083,光通信,人工智能
20260622,sh600703,有色,大周期
20260622,sz002975,液冷,人工智能
20260622,sh688662,光通信,人工智能
20260622,sz002655,有色,大周期
20260622,sh600172,有色,大周期
20260622,sh605580,电力,电网
20260622,sh603661,算力,人工智能
20260622,sz301071,有色,大周期
20260622,sz300179,PCB,半导体
20260622,920725.BJ,有色,大周期
20260622,sz000519,军工,商业航天
20260622,sz002354,AI应用,人工智能
20260622,sh605069,有色,大周期
20260622,sh603012,AI应用,人工智能
20260622,sz002657,算力,人工智能
20260622,sz002421,AI应用,人工智能
20260622,sz002830,AI应用,人工智能
20260622,sh603533,AI应用,人工智能
20260622,sh605168,AI应用,人工智能
20260622,sz000776,有色,大周期
20260622,sz000783,有色,大周期
20260622,sh601066,有色,大周期
20260622,sz000987,有色,大周期
20260622,sh601108,有色,大周期
20260622,sh601336,有色,大周期
20260622,sz000070,光通信,人工智能
20260622,sh601869,光通信,人工智能
20260622,sh603938,半导体,半导体
20260622,sh600141,PCB,半导体
20260622,sh600345,有色,大周期
20260622,sh600869,液冷,人工智能
20260622,sh601179,电网,电网
20260622,sz002346,算力,人工智能
20260622,sz002885,算力,人工智能
20260622,sz002546,电网,电网
20260622,sz300882,电网,电网
20260622,sz000682,电网,电网
20260622,sh600206,有色,大周期
20260622,sz002963,有色,大周期
20260622,sh603607,有色,大周期
20260622,sh600584,有色,大周期
20260622,sz002409,半导体,半导体
20260622,sh603002,PCB,半导体
20260622,sz000823,PCB,半导体
20260622,sz300522,PCB,半导体
20260622,sz001359,PCB,半导体
20260622,sz300243,PCB,半导体
20260622,sh603989,有色,大周期
20260622,sz002805,储能,电网
20260622,sz002068,储能,电网
20260622,sz002418,液冷,人工智能
20260622,sh603082,有色,大周期
20260622,sz301548,机器人,人工智能
20260622,sz002367,机器人,人工智能
20260622,sh603950,机器人,人工智能
20260622,sh603906,储能,电网
20260622,sz002407,有色,大周期
20260622,sh603399,有色,大周期
20260622,sz300561,AI应用,人工智能
20260622,920790.BJ,AI应用,人工智能
20260622,sh601519,有色,大周期
20260622,sh603976,化工,大周期
20260622,sz000012,化工,大周期
20260622,sz300401,有色,大周期
20260622,sh603668,有色,大周期
20260622,sh600234,算力,人工智能
20260622,sh603629,算力,人工智能
20260622,sh600162,有色,大周期
20260622,sh600791,有色,大周期
20260622,sz002057,有色,大周期
20260622,sh603959,有色,大周期
20260622,sh603595,有色,大周期
20260622,sh603557,有色,大周期
20260622,sh600381,有色,大周期
20260622,sz002485,有色,大周期
20260622,sh603429,有色,大周期
20260622,sz002175,有色,大周期
20260622,sh688496,有色,大周期
20260622,sh600965,有色,大周期
20260622,sz002538,有色,大周期
20260622,sh603021,有色,大周期
20260622,sz000793,有色,大周期
20260622,sz301139,有色,大周期
20260622,sz000056,有色,大周期
20260622,sh603718,有色,大周期
20260622,sh600818,有色,大周期
20260622,sz002424,有色,大周期
20260622,sz000811,液冷,人工智能
20260622,sz000048,机器人,人工智能
20260622,sh600851,有色,大周期
20260622,sh600769,有色,大周期
20260622,sz001296,航天,商业航天
20260622,sz002910,有色,大周期
20260622,sh688367,有色,大周期
20260622,sh600058,黑色,大周期
20260622,sz000571,煤炭,大周期
20260622,sh605377,有色,大周期
20260622,sz300085,有色,大周期
20260622,sz301356,有色,大周期
20260622,sh603727,油气,大周期
20260622,sh605305,风电,电网
20260622,sh600400,有色,大周期
20260622,sh600178,无人机,商业航天
20260630,sh603928,化工,大周期
20260630,sz003043,半导体,半导体
20260630,sh603061,半导体,半导体
20260630,sh603335,存储,半导体
20260630,sz002407,半导体,半导体
20260630,sz002208,有色,大周期
20260630,sh600378,油气,大周期
20260630,sz000620,存储,半导体
20260630,sz002119,半导体,半导体
20260630,sz002654,存储,半导体
20260630,sz000859,半导体,半导体
20260630,sz300545,半导体,半导体
20260630,sh603125,半导体,半导体
20260630,sh688728,半导体,半导体
20260630,sh603120,化工,大周期
20260630,sh688328,机器人,人工智能
20260630,sz301379,存储,半导体
20260630,sh603078,半导体,半导体
20260630,sh688286,机器人,人工智能
20260630,sh600076,半导体,半导体
20260630,sh603991,光通信,人工智能
20260630,sh688220,算力,人工智能
20260630,sz001358,半导体,半导体
20260630,sh688589,芯片,半导体
20260630,sz002290,算力,人工智能
20260630,sh603212,半导体,半导体
20260630,sh603379,半导体,半导体
20260630,sh600641,半导体,半导体
20260630,sh605111,半导体,半导体
20260630,sh603823,化工,大周期
20260630,sh688502,有色,大周期
20260630,sh603290,半导体,半导体
20260630,sh688352,有色,大周期
20260630,sh603607,有色,大周期
20260630,sz300671,芯片,半导体
20260630,sh603950,机器人,人工智能
20260630,sz002833,机器人,人工智能
20260630,sz300980,机器人,人工智能
20260630,sz002779,机器人,人工智能
20260630,sz002931,有色,大周期
20260630,sz002747,机器人,人工智能
20260630,sz002903,机器人,人工智能
20260630,sz002600,机器人,人工智能
20260630,sz000970,有色,大周期
20260630,sz002182,机器人,人工智能
20260630,sh603728,机器人,人工智能
20260630,sh605018,机器人,人工智能
20260630,sz002402,机器人,人工智能
20260630,sz301045,机器人,人工智能
20260630,sh603211,机器人,人工智能
20260630,sh603662,机器人,人工智能
20260630,sh603130,机器人,人工智能
20260630,sz300873,机器人,人工智能
20260630,sz002472,机器人,人工智能
20260630,sh605208,机器人,人工智能
20260630,sz300503,机器人,人工智能
20260630,sz002009,储能,电网
20260630,sz002921,机器人,人工智能
20260630,sh605133,机器人,人工智能
20260630,sh688355,机器人,人工智能
20260630,sz001331,机器人,人工智能
20260630,sh600184,光通信,人工智能
20260630,sz002396,有色,大周期
20260630,sz002036,光通信,人工智能
20260630,sz301165,有色,大周期
20260630,sz000938,光通信,人工智能
20260630,sz002902,光通信,人工智能
20260630,sh603118,有色,大周期
20260630,sz300563,航天,商业航天
20260630,sh688048,芯片,半导体
20260630,sz000026,光通信,人工智能
20260630,sz001229,AI应用,人工智能
20260630,sh600363,航天,商业航天
20260630,sz300540,航天,商业航天
20260630,sh600783,航天,商业航天
20260630,sz000801,航天,商业航天
20260630,sz003009,航天,商业航天
20260630,sz002202,航天,商业航天
20260630,sz002446,航天,商业航天
20260630,sh603236,航天,商业航天
20260630,sz000818,算力,人工智能
20260630,sh603019,算力,人工智能
20260630,sz300270,算力,人工智能
20260630,sz002929,算力,人工智能
20260630,sh603985,算力,人工智能
20260630,sz002849,有色,大周期
20260630,sz000967,算力,人工智能
20260630,sh603322,算力,人工智能
20260630,sz002106,化工,大周期
20260630,sz000100,化工,大周期
20260630,sz002273,化工,大周期
20260630,sz300269,航天,商业航天
20260630,sh600707,化工,大周期
20260630,sh603005,化工,大周期
20260630,sz000017,储能,电网
20260630,sz002805,储能,电网
20260630,sz002738,有色,大周期
20260630,sz301513,有色,大周期
20260630,sz300518,传媒,大消费
20260630,sz002628,化工,大周期
20260630,sh603067,有色,大周期
20260630,sz000603,有色,大周期
20260630,sz002167,有色,大周期
20260630,sz000811,液冷,人工智能
20260630,sz002518,算力,人工智能
20260630,sz002897,液冷,人工智能
20260630,sz002638,教育,大消费
20260630,sz002587,机器人,人工智能
20260630,sz002955,教育,大消费
20260630,sh603459,PCB,半导体
20260630,sh600601,PCB,半导体
20260630,sh600405,算力,人工智能
20260630,sz301607,有色,大周期
20260630,sh603577,电网,电网
20260630,sh600379,电网,电网
20260630,sz002310,电力,电网
20260630,sz002053,电力,电网
20260630,sz000566,有色,大周期
20260630,sh603222,有色,大周期
20260630,sz002830,AI应用,人工智能
20260630,sz000056,有色,大周期
20260630,sz002822,有色,大周期
20260630,sh600180,有色,大周期
20260630,sh600568,有色,大周期
20260630,sz002485,有色,大周期
20260630,sz000826,有色,大周期
20260630,sh600735,有色,大周期
20260630,sz002856,有色,大周期
20260630,sh600370,有色,大周期
20260630,sz002816,有色,大周期
20260630,sz002175,有色,大周期
20260630,sh603272,有色,大周期
20260630,sz002193,有色,大周期
20260630,sz002977,有色,大周期
20260630,sz002569,有色,大周期
20260630,sh600537,有色,大周期
20260630,sz000909,有色,大周期
20260630,sz000820,有色,大周期
20260630,sz000711,有色,大周期
20260630,sz002360,有色,大周期
20260630,sz000016,有色,大周期
20260630,sz002055,有色,大周期
20260630,sz002650,有色,大周期
20260630,sz002717,有色,大周期
20260630,sz002586,有色,大周期
20260630,sz300020,有色,大周期
20260630,sz000821,有色,大周期
20260630,sh603559,有色,大周期
20260630,sz300044,有色,大周期
20260630,sz002514,有色,大周期
20260630,sz000004,有色,大周期
20260630,sh603033,化工,大周期
20260630,sh600113,有色,大周期
20260630,sz001237,有色,大周期
20260630,sh603983,化妆品,大消费
20260630,sh603366,有色,大周期
20260630,sh603226,有色,大周期
20260630,sz000012,化工,大周期
20260630,sh600737,有色,大周期
20260630,sz000829,有色,大周期
20260630,sh603657,家电,大消费
20260630,sz002631,有色,大周期
20260630,sz300321,有色,大周期
20260630,sz001314,有色,大周期
20260630,sh600819,化工,大周期
20260630,sh601882,有色,大周期
20260630,sh600391,低空经济,商业航天
20260630,sh600846,有色,大周期
20260630,sz002615,有色,大周期
20260630,sz002808,有色,大周期
20260626,sh600962,有色,大周期
20260626,sh601133,有色,大周期
20260626,sh603163,有色,大周期
20260626,sh600481,液冷,人工智能
20260626,sh603928,化工,大周期
20260626,sh600539,半导体,半导体
20260626,sh603687,算力,人工智能
20260626,sz002129,光伏,电网
20260626,sz002559,机器人,人工智能
20260626,sz002119,半导体,半导体
20260626,sh688432,半导体,半导体
20260626,sz000620,存储,半导体
20260626,sz002930,存储,半导体
20260626,sh688409,半导体,半导体
20260626,sz002962,化工,大周期
20260626,sz002106,化工,大周期
20260626,sz300162,化工,大周期
20260626,sh600552,有色,大周期
20260626,sh600367,化工,大周期
20260626,sh603977,航天,商业航天
20260626,sz001400,液冷,人工智能
20260626,sz001270,半导体,半导体
20260626,sh600343,航天,商业航天
20260626,sh600118,航天,商业航天
20260626,sz002141,PCB,半导体
20260626,sz000823,PCB,半导体
20260626,sh603650,PCB,半导体
20260626,sh600545,化工,大周期
20260626,sz001389,PCB,半导体
20260626,sz002354,AI应用,人工智能
20260626,sh603270,机器人,人工智能
20260626,sz002180,机器人,人工智能
20260626,sz003033,机器人,人工智能
20260626,sh603194,机器人,人工智能
20260626,sh605366,化工,大周期
20260626,sh605399,化工,大周期
20260626,sh603155,化工,大周期
20260626,sh601369,有色,大周期
20260626,sz300540,氢能,电网
20260626,sh688596,有色,大周期
20260626,sh603698,氢能,电网
20260626,sh603903,氢能,电网
20260626,sh603722,氢能,电网
20260626,sz002568,食品,大消费
20260626,sz002910,有色,大周期
20260626,sz001215,有色,大周期
20260626,sh603956,液冷,人工智能
20260626,sz002965,机器人,人工智能
20260626,sz001210,有色,大周期
20260626,sz001289,电力,电网
20260626,sh601016,电力,电网
20260626,sz300264,AI应用,人工智能
20260626,sh603595,有色,大周期
20260626,sz000056,有色,大周期
20260626,sz002822,有色,大周期
20260626,sz002713,有色,大周期
20260626,sz000609,有色,大周期
20260626,sz000838,有色,大周期
20260626,sh600180,有色,大周期
20260626,sh603377,有色,大周期
20260626,sh600730,有色,大周期
20260626,sh600745,有色,大周期
20260626,sh600568,有色,大周期
20260626,sz002538,有色,大周期
20260626,sz002816,有色,大周期
20260626,sz002674,有色,大周期
20260626,sh600228,有色,大周期
20260626,sh603861,算力,人工智能
20260626,sz002253,有色,大周期
20260626,sh603261,无人机,商业航天
20260626,sz301051,有色,大周期
20260626,sz301349,光通信,人工智能
20260626,sh605296,有色,大周期
20260624,sh603324,半导体,半导体
20260624,sh600584,封装,半导体
20260624,sz002409,半导体,半导体
20260624,sh600667,存储,半导体
20260624,sh688403,封装,半导体
20260624,sh603929,有色,大周期
20260624,sz002943,有色,大周期
20260624,sz000032,有色,大周期
20260624,sz003043,半导体,半导体
20260624,sh600246,芯片,半导体
20260624,sh603061,半导体,半导体
20260624,sz000021,半导体,半导体
20260624,sh600877,芯片,半导体
20260624,sh688123,存储,半导体
20260624,sz002643,半导体,半导体
20260624,sz300506,半导体,半导体
20260624,sh601133,有色,大周期
20260624,sh603986,存储,半导体
20260624,sz000823,PCB,半导体
20260624,sz001359,PCB,半导体
20260624,sh600141,PCB,半导体
20260624,sh600226,PCB,半导体
20260624,sz301132,PCB,半导体
20260624,sh603386,PCB,半导体
20260624,sh600176,PCB,半导体
20260624,sh603650,PCB,半导体
20260624,sz002080,PCB,半导体
20260624,sh603297,PCB,半导体
20260624,sz301366,PCB,半导体
20260624,sz002552,PCB,半导体
20260624,sz002674,有色,大周期
20260624,sh600703,有色,大周期
20260624,sz002428,有色,大周期
20260624,sh603083,光通信,人工智能
20260624,sz002025,光通信,人工智能
20260624,sh605277,有色,大周期
20260624,sh600105,芯片,半导体
20260624,sh688593,有色,大周期
20260624,sz002580,液冷,人工智能
20260624,sh605020,有色,大周期
20260624,sz002897,液冷,人工智能
20260624,sz003018,液冷,人工智能
20260624,sz002536,机器人,人工智能
20260624,sh603203,液冷,人工智能
20260624,sz002600,机器人,人工智能
20260624,sz001339,算力,人工智能
20260624,sz002990,算力,人工智能
20260624,sz000967,算力,人工智能
20260624,sz000925,算力,人工智能
20260624,sz301396,算力,人工智能
20260624,sz000818,算力,人工智能
20260624,sh603407,有色,大周期
20260624,sz002167,有色,大周期
20260624,sz002584,PCB,半导体
20260624,sh603399,有色,大周期
20260624,sh600497,有色,大周期
20260624,sz002491,光通信,人工智能
20260624,sh605366,有色,大周期
20260624,sz002254,有色,大周期
20260624,sh600596,有色,大周期
20260624,sh603948,有色,大周期
20260624,sz002192,有色,大周期
20260624,sz002240,有色,大周期
20260624,sz002497,有色,大周期
20260624,sz000566,有色,大周期
20260624,sz000908,有色,大周期
20260624,sz002821,有色,大周期
20260624,sz002550,有色,大周期
20260624,sh603989,有色,大周期
20260624,sh603678,有色,大周期
20260624,sh600563,有色,大周期
20260624,sz002364,有色,大周期
20260624,sz002452,有色,大周期
20260624,sh603045,机器人,人工智能
20260624,sh605069,有色,大周期
20260624,sz002354,AI应用,人工智能
20260624,sz002803,AI应用,人工智能
20260624,sh601872,有色,大周期
20260624,sh600026,有色,大周期
20260624,sz301310,机器人,人工智能
20260624,sz002520,机器人,人工智能
20260624,sh603938,有色,大周期
20260624,sh600379,电网,电网
20260624,sz002687,服装,大消费
20260624,sh603001,有色,大周期
20260624,sh605598,航天,商业航天
20260624,sh603595,有色,大周期
20260624,sh603021,有色,大周期
20260624,sz002822,有色,大周期
20260624,sh605336,有色,大周期
20260624,sz002289,有色,大周期
20260624,sz002713,有色,大周期
20260624,sz000838,有色,大周期
20260624,sh600289,有色,大周期
20260624,sz002631,有色,大周期
20260624,sh603317,有色,大周期
20260624,sz002303,有色,大周期
20260624,sz002427,化工,大周期
20260624,sh605151,有色,大周期
20260624,sz002051,有色,大周期
20260624,sh603698,航天,商业航天
20260624,sz301669,储能,电网
20260624,sz002046,有色,大周期
20260624,sh600909,有色,大周期
20260624,sz002876,有色,大周期
20260624,sh603713,无人机,商业航天
20260702,sz001313,机器人,人工智能
20260702,sh605488,机器人,人工智能
20260702,sh605189,有色,大周期
20260702,sz002931,有色,大周期
20260702,sz002354,机器人,人工智能
20260702,sh603286,机器人,人工智能
20260702,sh603897,机器人,人工智能
20260702,sh603273,机器人,人工智能
20260702,sh603926,机器人,人工智能
20260702,sh603790,化工,大周期
20260702,sh605055,机器人,人工智能
20260702,sh600156,机器人,人工智能
20260702,sh603416,机器人,人工智能
20260702,sh603337,机器人,人工智能
20260702,sz000700,机器人,人工智能
20260702,sh603638,机器人,人工智能
20260702,sz001319,机器人,人工智能
20260702,sh603135,机器人,人工智能
20260702,sz002029,机器人,人工智能
20260702,sh600480,机器人,人工智能
20260702,sz301008,机器人,人工智能
20260702,sz002674,机器人,人工智能
20260702,sz300695,机器人,人工智能
20260702,920221.BJ,机器人,人工智能
20260702,sh603928,化工,大周期
20260702,sh600641,半导体,半导体
20260702,sz002559,存储,半导体
20260702,sz301092,半导体,半导体
20260702,sz002971,有色,大周期
20260702,sh601678,化工,大周期
20260702,sz002652,有色,大周期
20260702,sz000576,军工,商业航天
20260702,sz002392,算力,人工智能
20260702,sh600172,有色,大周期
20260702,sh605020,化工,大周期
20260702,sh600793,化工,大周期
20260702,sh603505,化工,大周期
20260702,sz002427,化工,大周期
20260702,sz002250,化工,大周期
20260702,sz001378,有色,大周期
20260702,sz002258,化工,大周期
20260702,sz000566,有色,大周期
20260702,sh603538,有色,大周期
20260702,sz002826,有色,大周期
20260702,sz002693,有色,大周期
20260702,sz002020,有色,大周期
20260702,sz000908,有色,大周期
20260702,sh603559,有色,大周期
20260702,sh603580,有色,大周期
20260702,sz000656,有色,大周期
20260702,sz000595,有色,大周期
20260702,sz000972,有色,大周期
20260702,sh603261,无人机,商业航天
20260702,sh600988,有色,大周期
20260702,sz000506,有色,大周期
20260702,sz002584,半导体,半导体
20260702,sz002842,有色,大周期
20260702,sh600490,有色,大周期
20260702,sz002995,AI应用,人工智能
20260702,sz000892,AI应用,人工智能
20260702,sz002798,AI应用,人工智能
20260702,sz300071,AI应用,人工智能
20260702,sz000601,电力,电网
20260702,sz002458,有色,大周期
20260702,sz002979,有色,大周期
20260702,sz002998,有色,大周期
20260702,sz000572,有色,大周期
20260702,sz000955,有色,大周期
20260702,sz002596,化工,大周期
20260702,sz003030,有色,大周期
20260702,sz002696,有色,大周期
20260702,sh600180,有色,大周期
20260702,sz002856,有色,大周期
20260702,sz002175,有色,大周期
20260702,sz002569,有色,大周期
20260702,sz002977,有色,大周期
20260702,sz000711,有色,大周期
20260702,sh603272,有色,大周期
20260702,sz002360,有色,大周期
20260702,sz000016,有色,大周期
20260702,sz000820,有色,大周期
20260702,sz000909,有色,大周期
20260702,sz002667,有色,大周期
20260702,sh600759,有色,大周期
20260702,sh603789,有色,大周期
20260702,sh600491,有色,大周期
20260702,sz002542,有色,大周期
20260702,sh603557,有色,大周期
20260702,sh600082,有色,大周期
20260702,sz002656,有色,大周期
20260702,sz000078,有色,大周期
20260702,sz000639,有色,大周期
20260702,sz002005,有色,大周期
20260702,sh603828,有色,大周期
20260702,sz002305,有色,大周期
20260702,sz002109,有色,大周期
20260702,sz002198,有色,大周期
20260702,sh601718,有色,大周期
20260702,sh603429,有色,大周期
20260702,sh601010,有色,大周期
20260702,sh600423,有色,大周期
20260702,sz002620,有色,大周期
20260702,sz002102,有色,大周期
20260702,sh605199,有色,大周期
20260702,sz002592,有色,大周期
20260702,sz000677,有色,大周期
20260702,sh600581,有色,大周期
20260702,sh603359,有色,大周期
20260702,sh603021,有色,大周期
20260702,sz000698,有色,大周期
20260702,sz000632,有色,大周期
20260702,sz000010,有色,大周期
20260702,sz002547,有色,大周期
20260702,sh600119,有色,大周期
20260702,sz002586,有色,大周期
20260702,sz000821,有色,大周期
20260702,sh600537,有色,大周期
20260702,sh603822,有色,大周期
20260702,sh600165,有色,大周期
20260702,sz002431,有色,大周期
20260702,sz002122,有色,大周期
20260702,sh600084,有色,大周期
20260702,sh600107,有色,大周期
20260702,sh603377,有色,大周期
20260702,sh600243,有色,大周期
20260702,sh600624,有色,大周期
20260702,sz000838,有色,大周期
20260702,sh603517,有色,大周期
20260702,sh600753,有色,大周期
20260702,sz002634,有色,大周期
20260702,sz002689,有色,大周期
20260702,sz002581,有色,大周期
20260702,sz002512,有色,大周期
20260702,sz002726,有色,大周期
20260702,sz002808,有色,大周期
20260702,sh603137,存储,半导体
20260702,sz000520,有色,大周期
20260702,sh600182,有色,大周期
20260702,sz000536,化工,大周期
20260702,sz000890,有色,大周期
20260702,sz000592,有色,大周期
20260702,sh603778,光伏,电网
20260702,sh603717,有色,大周期
20260702,sh600815,有色,大周期
20260702,sh600630,服装,大消费
20260702,sz300163,有色,大周期
20260702,sh605286,电力,电网
20260702,sz301019,有色,大周期
20260702,sh603608,有色,大周期
20260702,sz001317,无人机,商业航天
20260702,sz002580,液冷,人工智能
20260702,sz300740,化妆品,大消费
20260702,sh603338,有色,大周期
20260702,sh600449,算力,人工智能
20260702,sz000951,有色,大周期
20260702,sh603759,有色,大周期
