date,code,sub,mainline
20251031,sh600067,其它,其它
20251031,sh600326,其它,其它
20251031,sh600439,其它,其它
20251031,sh600469,其它,其它
20251031,sh600513,创新药,医药
20251031,sh600599,其它,其它
20251031,sh600624,其它,其它
20251031,sh600635,其它,其它
20251031,sh600654,其它,其它
20251031,sh600666,其它,其它
20251031,sh600735,其它,其它
20251031,sh601019,其它,其它
20251031,sh601360,其它,其它
20251031,sh603001,其它,其它
20251031,sh603021,其它,其它
20251031,sh603122,其它,其它
20251031,sh603159,其它,其它
20251031,sh603185,其它,其它
20251031,sh603190,其它,其它
20251031,sh603489,其它,其它
20251031,sh603629,其它,其它
20251031,sh603686,机器人,机器人
20251031,sh603697,其它,其它
20251031,sh603755,其它,其它
20251031,sh603823,储能,新能源电网
20251031,sh603828,其它,其它
20251031,sh603876,其它,其它
20251031,sh603903,其它,其它
20251031,sh603929,其它,其它
20251031,sh603955,其它,其它
20251031,sh605133,机器人,机器人
20251031,sh605178,其它,其它
20251031,sh688095,其它,其它
20251031,sh688336,创新药,医药
20251031,sz000504,其它,其它
20251031,sz000559,机器人,机器人
20251031,sz000572,其它,其它
20251031,sz000592,其它,其它
20251031,sz000608,其它,其它
20251031,sz000609,其它,其它
20251031,sz000638,其它,其它
20251031,sz000691,其它,其它
20251031,sz000700,其它,其它
20251031,sz000736,其它,其它
20251031,sz000820,其它,其它
20251031,sz000826,其它,其它
20251031,sz000892,传媒,AI应用
20251031,sz000955,医药,医药
20251031,sz001203,储能,新能源电网
20251031,sz001330,传媒,AI应用
20251031,sz002047,其它,其它
20251031,sz002181,其它,其它
20251031,sz002231,其它,其它
20251031,sz002305,其它,其它
20251031,sz002317,创新药,医药
20251031,sz002370,创新药,医药
20251031,sz002374,其它,其它
20251031,sz002485,其它,其它
20251031,sz002522,化工,周期资源
20251031,sz002636,其它,其它
20251031,sz002653,创新药,医药
20251031,sz002679,其它,其它
20251031,sz002713,其它,其它
20251031,sz002759,储能,新能源电网
20251031,sz002787,其它,其它
20251031,sz002789,其它,其它
20251031,sz002790,其它,其它
20251031,sz002808,其它,其它
20251031,sz002812,储能,新能源电网
20251031,sz002940,创新药,医药
20251031,sz003036,储能,新能源电网
20251031,sz300071,AI应用,AI应用
20251031,sz300204,创新药,医药
20251031,sz300300,其它,其它
20251031,sz301122,医药,医药
20251031,sz301231,传媒,AI应用
20251103,sh600089,电网,新能源电网
20251103,sh600228,其它,其它
20251103,sh600265,其它,其它
20251103,sh600308,化工,周期资源
20251103,sh600408,煤炭,周期资源
20251103,sh600444,核电,新能源电网
20251103,sh600475,光伏,新能源电网
20251103,sh600556,传媒,AI应用
20251103,sh600579,化工,周期资源
20251103,sh600599,其它,其它
20251103,sh600608,其它,其它
20251103,sh600624,其它,其它
20251103,sh600637,其它,其它
20251103,sh600667,存储,AI算力
20251103,sh600681,其它,其它
20251103,sh600735,其它,其它
20251103,sh600759,其它,其它
20251103,sh601512,其它,其它
20251103,sh601929,传媒,AI应用
20251103,sh603014,其它,其它
20251103,sh603021,其它,其它
20251103,sh603030,其它,其它
20251103,sh603122,其它,其它
20251103,sh603163,其它,其它
20251103,sh603169,核电,新能源电网
20251103,sh603188,化工,周期资源
20251103,sh603268,其它,其它
20251103,sh603360,化工,周期资源
20251103,sh603398,其它,其它
20251103,sh603516,液冷,AI算力
20251103,sh603629,其它,其它
20251103,sh603778,光伏,新能源电网
20251103,sh603823,化工,周期资源
20251103,sh603929,其它,其它
20251103,sh605100,算力,AI算力
20251103,sh605258,PCB,AI算力
20251103,sh605338,其它,其它
20251103,sh605365,其它,其它
20251103,sh605598,航天,军工航天
20251103,sh688435,AI应用,AI应用
20251103,sz000004,其它,其它
20251103,sz000555,AI应用,AI应用
20251103,sz000572,其它,其它
20251103,sz000592,其它,其它
20251103,sz000609,其它,其它
20251103,sz000620,存储,AI算力
20251103,sz000632,其它,其它
20251103,sz000638,其它,其它
20251103,sz000691,其它,其它
20251103,sz000735,其它,其它
20251103,sz000736,其它,其它
20251103,sz000777,核电,新能源电网
20251103,sz000838,其它,其它
20251103,sz000892,传媒,AI应用
20251103,sz000901,航天,军工航天
20251103,sz000955,医药,医药
20251103,sz000973,储能,新能源电网
20251103,sz001266,液冷,AI算力
20251103,sz002005,其它,其它
20251103,sz002047,其它,其它
20251103,sz002076,其它,其它
20251103,sz002099,化工,周期资源
20251103,sz002134,PCB,AI算力
20251103,sz002140,化工,周期资源
20251103,sz002163,其它,其它
20251103,sz002181,传媒,AI应用
20251103,sz002231,其它,其它
20251103,sz002255,核电,新能源电网
20251103,sz002266,核电,新能源电网
20251103,sz002370,创新药,医药
20251103,sz002418,液冷,AI算力
20251103,sz002431,其它,其它
20251103,sz002485,其它,其它
20251103,sz002492,其它,其它
20251103,sz002554,其它,其它
20251103,sz002555,其它,其它
20251103,sz002581,其它,其它
20251103,sz002602,其它,其它
20251103,sz002611,核电,新能源电网
20251103,sz002634,光伏,新能源电网
20251103,sz002713,其它,其它
20251103,sz002772,其它,其它
20251103,sz002789,其它,其它
20251103,sz002796,光通信,AI算力
20251103,sz002885,储能,新能源电网
20251103,sz002912,AI应用,AI应用
20251103,sz300344,其它,其它
20251103,sz300402,核电,新能源电网
20251103,sz300455,航天,军工航天
20251103,sz300848,化工,周期资源
20251104,sh600067,其它,其它
20251104,sh600163,电力,新能源电网
20251104,sh600165,其它,其它
20251104,sh600289,其它,其它
20251104,sh600302,其它,其它
20251104,sh600308,化工,周期资源
20251104,sh600408,煤炭,周期资源
20251104,sh600506,液冷,AI算力
20251104,sh600593,其它,其它
20251104,sh600608,其它,其它
20251104,sh600622,其它,其它
20251104,sh600802,化工,周期资源
20251104,sh600815,其它,其它
20251104,sh601929,传媒,AI应用
20251104,sh603014,其它,其它
20251104,sh603021,其它,其它
20251104,sh603052,储能,新能源电网
20251104,sh603067,储能,新能源电网
20251104,sh603122,其它,其它
20251104,sh603169,核电,新能源电网
20251104,sh603175,PCB,AI算力
20251104,sh603268,其它,其它
20251104,sh603389,其它,其它
20251104,sh603530,电网,新能源电网
20251104,sh603557,其它,其它
20251104,sh603616,核电,新能源电网
20251104,sh603668,其它,其它
20251104,sh603686,其它,其它
20251104,sh603759,光伏,新能源电网
20251104,sh603817,其它,其它
20251104,sh603823,化工,周期资源
20251104,sh603863,化工,周期资源
20251104,sh605138,其它,其它
20251104,sh605188,其它,其它
20251104,sz000572,其它,其它
20251104,sz000592,其它,其它
20251104,sz000593,其它,其它
20251104,sz000608,其它,其它
20251104,sz000609,其它,其它
20251104,sz000620,存储,AI算力
20251104,sz000736,其它,其它
20251104,sz000753,其它,其它
20251104,sz000793,其它,其它
20251104,sz000797,其它,其它
20251104,sz000993,电力,新能源电网
20251104,sz001255,化工,周期资源
20251104,sz002047,其它,其它
20251104,sz002181,传媒,AI应用
20251104,sz002248,其它,其它
20251104,sz002255,核电,新能源电网
20251104,sz002289,其它,其它
20251104,sz002333,其它,其它
20251104,sz002451,其它,其它
20251104,sz002485,其它,其它
20251104,sz002496,其它,其它
20251104,sz002512,其它,其它
20251104,sz002578,有色,周期资源
20251104,sz002592,其它,其它
20251104,sz002639,核电,新能源电网
20251104,sz002679,其它,其它
20251104,sz002713,其它,其它
20251104,sz002752,其它,其它
20251104,sz002885,电网,新能源电网
20251104,sz300062,电网,新能源电网
20251104,sz300402,核电,新能源电网
20251104,sz300591,军工,军工航天
20251104,sz301136,其它,其它
20251105,920299.BJ,算力,AI算力
20251105,sh600089,电网,新能源电网
20251105,sh600302,其它,其它
20251105,sh600408,煤炭,周期资源
20251105,sh600550,电网,新能源电网
20251105,sh600693,其它,其它
20251105,sh600734,其它,其它
20251105,sh600756,其它,其它
20251105,sh600759,其它,其它
20251105,sh600815,其它,其它
20251105,sh600885,电网,新能源电网
20251105,sh600977,传媒,AI应用
20251105,sh601011,煤炭,周期资源
20251105,sh601567,电网,新能源电网
20251105,sh601929,传媒,AI应用
20251105,sh603008,其它,其它
20251105,sh603021,其它,其它
20251105,sh603079,其它,其它
20251105,sh603105,储能,新能源电网
20251105,sh603122,其它,其它
20251105,sh603261,其它,其它
20251105,sh603312,电网,新能源电网
20251105,sh603389,其它,其它
20251105,sh603530,电网,新能源电网
20251105,sh603557,其它,其它
20251105,sh603696,其它,其它
20251105,sh603759,储能,新能源电网
20251105,sh603838,其它,其它
20251105,sh603906,储能,新能源电网
20251105,sh605060,液冷,AI算力
20251105,sh605081,其它,其它
20251105,sh605199,其它,其它
20251105,sh605255,其它,其它
20251105,sh688472,储能,新能源电网
20251105,sh688517,储能,新能源电网
20251105,sz000430,其它,其它
20251105,sz000533,算力,AI算力
20251105,sz000572,其它,其它
20251105,sz000592,其它,其它
20251105,sz000609,其它,其它
20251105,sz000620,其它,其它
20251105,sz000629,储能,新能源电网
20251105,sz000657,PCB,AI算力
20251105,sz000720,电网,新能源电网
20251105,sz000736,其它,其它
20251105,sz000753,其它,其它
20251105,sz000755,其它,其它
20251105,sz000796,其它,其它
20251105,sz000809,风电,新能源电网
20251105,sz000820,其它,其它
20251105,sz000993,电力,新能源电网
20251105,sz001209,其它,其它
20251105,sz001255,化工,周期资源
20251105,sz002047,其它,其它
20251105,sz002076,其它,其它
20251105,sz002112,算力,AI算力
20251105,sz002125,储能,新能源电网
20251105,sz002150,储能,新能源电网
20251105,sz002163,其它,其它
20251105,sz002255,核电,新能源电网
20251105,sz002300,核电,新能源电网
20251105,sz002306,其它,其它
20251105,sz002320,航运,周期资源
20251105,sz002333,其它,其它
20251105,sz002431,其它,其它
20251105,sz002434,储能,新能源电网
20251105,sz002451,电网,新能源电网
20251105,sz002478,核电,新能源电网
20251105,sz002485,其它,其它
20251105,sz002591,储能,新能源电网
20251105,sz002636,PCB,AI算力
20251105,sz002638,储能,新能源电网
20251105,sz002639,核电,新能源电网
20251105,sz002713,其它,其它
20251105,sz002782,算力,AI算力
20251105,sz002805,储能,新能源电网
20251105,sz002885,算力,AI算力
20251105,sz002922,算力,AI算力
20251105,sz300062,算力,AI算力
20251105,sz300444,电网,新能源电网
20251105,sz300669,其它,其它
20251105,sz301024,其它,其它
20251105,sz301361,算力,AI算力
20251106,sh600078,化工,周期资源
20251106,sh600096,化工,周期资源
20251106,sh600218,电网,新能源电网
20251106,sh600219,有色,周期资源
20251106,sh600370,化工,周期资源
20251106,sh600391,电网,新能源电网
20251106,sh600506,储能,新能源电网
20251106,sh600550,电网,新能源电网
20251106,sh600939,其它,其它
20251106,sh600966,化工,周期资源
20251106,sh601015,其它,其它
20251106,sh601179,电网,新能源电网
20251106,sh601600,有色,周期资源
20251106,sh601877,储能,新能源电网
20251106,sh603040,机器人,机器人
20251106,sh603052,储能,新能源电网
20251106,sh603061,半导体,AI算力
20251106,sh603067,储能,新能源电网
20251106,sh603109,电网,新能源电网
20251106,sh603122,其它,其它
20251106,sh603188,化工,周期资源
20251106,sh603225,化工,周期资源
20251106,sh603232,其它,其它
20251106,sh603516,液冷,AI算力
20251106,sh603557,其它,其它
20251106,sh603931,半导体,AI算力
20251106,sh603978,核电,新能源电网
20251106,sh605060,液冷,AI算力
20251106,sh605123,电网,新能源电网
20251106,sh605196,电网,新能源电网
20251106,sh688048,芯片,AI算力
20251106,sh688353,储能,新能源电网
20251106,sz000338,氢能,新能源电网
20251106,sz000514,其它,其它
20251106,sz000533,算力,AI算力
20251106,sz000534,电网,新能源电网
20251106,sz000559,机器人,机器人
20251106,sz000609,其它,其它
20251106,sz000700,其它,其它
20251106,sz000736,其它,其它
20251106,sz000820,其它,其它
20251106,sz000838,其它,其它
20251106,sz000922,核电,新能源电网
20251106,sz000993,电力,新能源电网
20251106,sz001203,储能,新能源电网
20251106,sz001209,其它,其它
20251106,sz001267,光通信,AI算力
20251106,sz001309,存储,AI算力
20251106,sz002047,其它,其它
20251106,sz002083,储能,新能源电网
20251106,sz002122,其它,其它
20251106,sz002160,有色,周期资源
20251106,sz002170,化工,周期资源
20251106,sz002196,机器人,机器人
20251106,sz002255,核电,新能源电网
20251106,sz002300,电网,新能源电网
20251106,sz002384,PCB,AI算力
20251106,sz002451,电网,新能源电网
20251106,sz002478,核电,新能源电网
20251106,sz002485,其它,其它
20251106,sz002518,算力,AI算力
20251106,sz002562,化工,周期资源
20251106,sz002578,有色,周期资源
20251106,sz002591,储能,新能源电网
20251106,sz002713,其它,其它
20251106,sz002816,其它,其它
20251106,sz002851,算力,AI算力
20251106,sz002868,其它,其它
20251106,sz002975,液冷,AI算力
20251106,sz002988,光通信,AI算力
20251106,sz300437,化工,周期资源
20251106,sz300775,电网,新能源电网
20251107,sh600078,化工,周期资源
20251107,sh600179,航运,周期资源
20251107,sh600292,其它,其它
20251107,sh600537,光伏,新能源电网
20251107,sh600610,化工,周期资源
20251107,sh600618,化工,周期资源
20251107,sh600678,机器人,机器人
20251107,sh600691,化工,周期资源
20251107,sh600939,其它,其它
20251107,sh601969,其它,其它
20251107,sh603122,其它,其它
20251107,sh603131,航天,军工航天
20251107,sh603169,核电,新能源电网
20251107,sh603185,光伏,新能源电网
20251107,sh603260,化工,周期资源
20251107,sh603398,其它,其它
20251107,sh603663,储能,新能源电网
20251107,sh603759,储能,新能源电网
20251107,sh603813,其它,其它
20251107,sh603828,其它,其它
20251107,sh603978,核电,新能源电网
20251107,sh605598,航天,军工航天
20251107,sh688196,其它,其它
20251107,sz000514,其它,其它
20251107,sz000545,化工,周期资源
20251107,sz000572,其它,其它
20251107,sz000608,其它,其它
20251107,sz000609,其它,其它
20251107,sz000632,其它,其它
20251107,sz000753,其它,其它
20251107,sz000803,其它,其它
20251107,sz000912,化工,周期资源
20251107,sz001209,其它,其它
20251107,sz002058,其它,其它
20251107,sz002083,储能,新能源电网
20251107,sz002091,储能,新能源电网
20251107,sz002119,半导体,AI算力
20251107,sz002136,化工,周期资源
20251107,sz002196,机器人,机器人
20251107,sz002250,化工,周期资源
20251107,sz002255,核电,新能源电网
20251107,sz002306,其它,其它
20251107,sz002326,液冷,AI算力
20251107,sz002407,储能,新能源电网
20251107,sz002451,电网,新能源电网
20251107,sz002485,其它,其它
20251107,sz002518,算力,AI算力
20251107,sz002522,化工,周期资源
20251107,sz002658,核电,新能源电网
20251107,sz002706,算力,AI算力
20251107,sz002713,其它,其它
20251107,sz002759,储能,新能源电网
20251107,sz002768,PEEK,机器人
20251107,sz002805,储能,新能源电网
20251107,sz002868,其它,其它
20251107,sz002897,光通信,AI算力
20251107,sz002915,储能,新能源电网
20251107,sz002927,算力,AI算力
20251107,sz002950,其它,其它
20251107,sz300072,其它,其它
20251107,sz300102,航天,军工航天
20251107,sz300437,化工,周期资源
20251107,sz300821,化工,周期资源
20251110,sh600067,储能,新能源电网
20251110,sh600078,化工,周期资源
20251110,sh600082,其它,其它
20251110,sh600103,光通信,AI算力
20251110,sh600113,其它,其它
20251110,sh600228,其它,其它
20251110,sh600258,其它,其它
20251110,sh600423,化工,周期资源
20251110,sh600429,其它,其它
20251110,sh600608,其它,其它
20251110,sh600678,航天,军工航天
20251110,sh600693,其它,其它
20251110,sh600696,其它,其它
20251110,sh600702,其它,其它
20251110,sh600735,其它,其它
20251110,sh600751,航运,周期资源
20251110,sh600754,其它,其它
20251110,sh600815,其它,其它
20251110,sh600819,光伏,新能源电网
20251110,sh600829,医药,医药
20251110,sh600939,其它,其它
20251110,sh601121,黑色,周期资源
20251110,sh601226,风电,新能源电网
20251110,sh601579,其它,其它
20251110,sh601888,其它,其它
20251110,sh603021,其它,其它
20251110,sh603185,光伏,新能源电网
20251110,sh603268,其它,其它
20251110,sh603377,其它,其它
20251110,sh603396,光伏,新能源电网
20251110,sh603429,储能,新能源电网
20251110,sh603533,AI应用,AI应用
20251110,sh603536,其它,其它
20251110,sh603778,光伏,新能源电网
20251110,sh603789,其它,其它
20251110,sh603813,其它,其它
20251110,sh603828,其它,其它
20251110,sh603938,光伏,新能源电网
20251110,sh605188,其它,其它
20251110,sh605338,其它,其它
20251110,sh688148,储能,新能源电网
20251110,sh688233,存储,AI算力
20251110,sh688353,储能,新能源电网
20251110,sh688670,医药,医药
20251110,sz000037,其它,其它
20251110,sz000069,其它,其它
20251110,sz000533,核电,新能源电网
20251110,sz000609,其它,其它
20251110,sz000615,其它,其它
20251110,sz000620,存储,AI算力
20251110,sz000632,其它,其它
20251110,sz000686,其它,其它
20251110,sz000688,储能,新能源电网
20251110,sz000695,光伏,新能源电网
20251110,sz000788,医药,医药
20251110,sz000799,其它,其它
20251110,sz000820,其它,其它
20251110,sz000830,化工,周期资源
20251110,sz000949,化工,周期资源
20251110,sz000993,电力,新能源电网
20251110,sz001206,其它,其它
20251110,sz001209,其它,其它
20251110,sz002047,其它,其它
20251110,sz002076,其它,其它
20251110,sz002083,储能,新能源电网
20251110,sz002122,其它,其它
20251110,sz002136,化工,周期资源
20251110,sz002208,芯片,AI算力
20251110,sz002213,存储,AI算力
20251110,sz002214,其它,其它
20251110,sz002225,其它,其它
20251110,sz002256,储能,新能源电网
20251110,sz002306,其它,其它
20251110,sz002374,其它,其它
20251110,sz002387,其它,其它
20251110,sz002426,储能,新能源电网
20251110,sz002432,医药,医药
20251110,sz002451,电网,新能源电网
20251110,sz002636,PCB,AI算力
20251110,sz002654,存储,AI算力
20251110,sz002667,储能,新能源电网
20251110,sz002713,其它,其它
20251110,sz002717,其它,其它
20251110,sz002759,储能,新能源电网
20251110,sz002868,其它,其它
20251110,sz002910,其它,其它
20251110,sz002940,创新药,医药
20251110,sz002961,其它,其它
20251110,sz300131,其它,其它
20251110,sz300437,化工,周期资源
20251110,sz300959,AI应用,AI应用
20251110,sz300997,其它,其它
20251111,920726.BJ,其它,其它
20251111,sh600094,算力,AI算力
20251111,sh600113,其它,其它
20251111,sh600130,其它,其它
20251111,sh600172,新材料,周期资源
20251111,sh600222,其它,其它
20251111,sh600403,煤炭,周期资源
20251111,sh600408,煤炭,周期资源
20251111,sh600429,其它,其它
20251111,sh600475,光伏,新能源电网
20251111,sh600477,光伏,新能源电网
20251111,sh600516,储能,新能源电网
20251111,sh600537,光伏,新能源电网
20251111,sh600681,机器人,机器人
20251111,sh600693,其它,其它
20251111,sh600714,其它,其它
20251111,sh600737,其它,其它
20251111,sh600810,化工,周期资源
20251111,sh600829,医药,医药
20251111,sh600831,其它,其它
20251111,sh601061,黑色,周期资源
20251111,sh601567,电网,新能源电网
20251111,sh603122,医药,医药
20251111,sh603268,其它,其它
20251111,sh603377,其它,其它
20251111,sh603389,其它,其它
20251111,sh603396,光伏,新能源电网
20251111,sh603398,其它,其它
20251111,sh603663,储能,新能源电网
20251111,sh603683,机器人,机器人
20251111,sh603686,机器人,机器人
20251111,sh603778,光伏,新能源电网
20251111,sh603813,其它,其它
20251111,sh603828,其它,其它
20251111,sh603938,光伏,新能源电网
20251111,sh605580,电力,新能源电网
20251111,sh688233,存储,AI算力
20251111,sh688448,液冷,AI算力
20251111,sh688585,机器人,机器人
20251111,sh688670,医药,医药
20251111,sz000008,机器人,机器人
20251111,sz000061,其它,其它
20251111,sz000069,其它,其它
20251111,sz000407,其它,其它
20251111,sz000430,其它,其它
20251111,sz000608,其它,其它
20251111,sz000609,其它,其它
20251111,sz000619,光伏,新能源电网
20251111,sz000631,风电,新能源电网
20251111,sz000632,其它,其它
20251111,sz000688,储能,新能源电网
20251111,sz000908,其它,其它
20251111,sz000985,化工,周期资源
20251111,sz002053,储能,新能源电网
20251111,sz002076,其它,其它
20251111,sz002083,储能,新能源电网
20251111,sz002196,机器人,机器人
20251111,sz002204,风电,新能源电网
20251111,sz002218,光伏,新能源电网
20251111,sz002286,其它,其它
20251111,sz002309,光伏,新能源电网
20251111,sz002326,液冷,AI算力
20251111,sz002328,储能,新能源电网
20251111,sz002374,其它,其它
20251111,sz002387,其它,其它
20251111,sz002451,电网,新能源电网
20251111,sz002506,光伏,新能源电网
20251111,sz002620,其它,其它
20251111,sz002676,机器人,机器人
20251111,sz002691,机器人,机器人
20251111,sz002713,其它,其它
20251111,sz002718,其它,其它
20251111,sz002728,其它,其它
20251111,sz002733,储能,新能源电网
20251111,sz002868,其它,其它
20251111,sz300082,储能,新能源电网
20251111,sz300179,新材料,周期资源
20251111,sz300360,电网,新能源电网
20251111,sz300393,光伏,新能源电网
20251111,sz300959,其它,其它
20251111,sz300997,其它,其它
20251111,sz301518,化工,周期资源
20251112,sh600107,其它,其它
20251112,sh600113,医药,医药
20251112,sh600370,化工,周期资源
20251112,sh600376,机器人,机器人
20251112,sh600408,其它,其它
20251112,sh600429,其它,其它
20251112,sh600556,AI应用,AI应用
20251112,sh600568,其它,其它
20251112,sh600645,其它,其它
20251112,sh600654,算力,AI算力
20251112,sh600681,机器人,机器人
20251112,sh600682,其它,其它
20251112,sh600693,其它,其它
20251112,sh600737,其它,其它
20251112,sh600829,医药,医药
20251112,sh600871,油气,周期资源
20251112,sh601566,其它,其它
20251112,sh603026,储能,新能源电网
20251112,sh603122,医药,医药
20251112,sh603131,航天,军工航天
20251112,sh603222,医药,医药
20251112,sh603268,其它,其它
20251112,sh603377,其它,其它
20251112,sh603557,其它,其它
20251112,sh603655,其它,其它
20251112,sh603665,机器人,机器人
20251112,sh603778,光伏,新能源电网
20251112,sh603813,其它,其它
20251112,sh603843,其它,其它
20251112,sh605100,算力,AI算力
20251112,sh605303,算力,AI算力
20251112,sh605598,航天,军工航天
20251112,sz000061,其它,其它
20251112,sz000407,其它,其它
20251112,sz000504,其它,其它
20251112,sz000593,其它,其它
20251112,sz000595,其它,其它
20251112,sz000609,其它,其它
20251112,sz000615,其它,其它
20251112,sz000619,光伏,新能源电网
20251112,sz000631,风电,新能源电网
20251112,sz000632,其它,其它
20251112,sz000803,其它,其它
20251112,sz000833,储能,新能源电网
20251112,sz000908,其它,其它
20251112,sz000972,其它,其它
20251112,sz001277,其它,其它
20251112,sz001298,存储,AI算力
20251112,sz002047,其它,其它
20251112,sz002077,PCB,AI算力
20251112,sz002083,储能,新能源电网
20251112,sz002116,其它,其它
20251112,sz002175,其它,其它
20251112,sz002207,油气,周期资源
20251112,sz002231,其它,其它
20251112,sz002256,机器人,机器人
20251112,sz002309,光伏,新能源电网
20251112,sz002317,其它,其它
20251112,sz002374,其它,其它
20251112,sz002451,电网,新能源电网
20251112,sz002453,半导体,AI算力
20251112,sz002490,油气,周期资源
20251112,sz002569,其它,其它
20251112,sz002578,有色,周期资源
20251112,sz002647,其它,其它
20251112,sz002691,机器人,机器人
20251112,sz002713,其它,其它
20251112,sz002759,储能,新能源电网
20251112,sz002864,其它,其它
20251112,sz002868,其它,其它
20251112,sz003018,其它,其它
20251112,sz003027,其它,其它
20251112,sz003041,其它,其它
20251112,sz300272,其它,其它
20251112,sz300318,其它,其它
20251112,sz300903,光通信,AI算力
20251112,sz300937,医药,医药
20251113,sh600063,化工,周期资源
20251113,sh600105,芯片,AI算力
20251113,sh600107,其它,其它
20251113,sh600152,储能,新能源电网
20251113,sh600246,存储,AI算力
20251113,sh600340,其它,其它
20251113,sh600408,煤炭,周期资源
20251113,sh600409,化工,周期资源
20251113,sh600429,其它,其它
20251113,sh600568,其它,其它
20251113,sh600576,其它,其它
20251113,sh600596,化工,周期资源
20251113,sh600686,其它,其它
20251113,sh600693,其它,其它
20251113,sh600711,有色,周期资源
20251113,sh600807,有色,周期资源
20251113,sh600815,其它,其它
20251113,sh600829,医药,医药
20251113,sh601116,其它,其它
20251113,sh601566,其它,其它
20251113,sh603021,其它,其它
20251113,sh603026,储能,新能源电网
20251113,sh603122,医药,医药
20251113,sh603132,有色,周期资源
20251113,sh603316,存储,AI算力
20251113,sh603557,其它,其它
20251113,sh603778,其它,其它
20251113,sh603813,其它,其它
20251113,sh603843,其它,其它
20251113,sh603881,液冷,AI算力
20251113,sh603948,其它,其它
20251113,sh603966,机器人,机器人
20251113,sh603978,核电,新能源电网
20251113,sh605378,储能,新能源电网
20251113,sh688353,化工,周期资源
20251113,sh688411,储能,新能源电网
20251113,sh688602,化工,周期资源
20251113,sz000407,其它,其它
20251113,sz000426,有色,周期资源
20251113,sz000430,其它,其它
20251113,sz000488,其它,其它
20251113,sz000533,储能,新能源电网
20251113,sz000572,其它,其它
20251113,sz000592,其它,其它
20251113,sz000615,其它,其它
20251113,sz000632,其它,其它
20251113,sz000633,核电,新能源电网
20251113,sz000688,储能,新能源电网
20251113,sz000797,其它,其它
20251113,sz000863,其它,其它
20251113,sz000889,算力,AI算力
20251113,sz000908,其它,其它
20251113,sz000972,其它,其它
20251113,sz000973,储能,新能源电网
20251113,sz000980,其它,其它
20251113,sz001203,储能,新能源电网
20251113,sz001266,液冷,AI算力
20251113,sz001277,算力,AI算力
20251113,sz002005,其它,其它
20251113,sz002024,其它,其它
20251113,sz002047,其它,其它
20251113,sz002080,PCB,AI算力
20251113,sz002083,储能,新能源电网
20251113,sz002108,储能,新能源电网
20251113,sz002150,储能,新能源电网
20251113,sz002153,其它,其它
20251113,sz002192,储能,新能源电网
20251113,sz002208,存储,AI算力
20251113,sz002227,储能,新能源电网
20251113,sz002228,其它,其它
20251113,sz002240,储能,新能源电网
20251113,sz002242,其它,其它
20251113,sz002251,其它,其它
20251113,sz002309,其它,其它
20251113,sz002326,液冷,AI算力
20251113,sz002407,储能,新能源电网
20251113,sz002426,储能,新能源电网
20251113,sz002451,电网,新能源电网
20251113,sz002497,储能,新能源电网
20251113,sz002578,有色,周期资源
20251113,sz002586,其它,其它
20251113,sz002620,其它,其它
20251113,sz002682,航天,军工航天
20251113,sz002702,其它,其它
20251113,sz002709,储能,新能源电网
20251113,sz002713,其它,其它
20251113,sz002756,储能,新能源电网
20251113,sz002780,其它,其它
20251113,sz002805,储能,新能源电网
20251113,sz002812,储能,新能源电网
20251113,sz002822,其它,其它
20251113,sz002837,液冷,AI算力
20251113,sz002864,医药,医药
20251113,sz002868,其它,其它
20251113,sz002935,存储,AI算力
20251113,sz003018,其它,其它
20251113,sz003022,光伏,新能源电网
20251113,sz003041,其它,其它
20251113,sz300497,储能,新能源电网
20251113,sz300785,其它,其它
20251113,sz300801,医药,医药
20251113,sz300827,储能,新能源电网
20251113,sz300949,其它,其它
20251113,sz301292,储能,新能源电网
20251114,sh600107,其它,其它
20251114,sh600157,煤炭,周期资源
20251114,sh600167,电力,新能源电网
20251114,sh600265,其它,其它
20251114,sh600272,医药,医药
20251114,sh600327,其它,其它
20251114,sh600333,油气,周期资源
20251114,sh600340,其它,其它
20251114,sh600403,煤炭,周期资源
20251114,sh600408,煤炭,周期资源
20251114,sh600421,其它,其它
20251114,sh600568,其它,其它
20251114,sh600617,油气,周期资源
20251114,sh600624,其它,其它
20251114,sh600693,其它,其它
20251114,sh600792,煤炭,周期资源
20251114,sh600829,医药,医药
20251114,sh601279,其它,其它
20251114,sh601566,其它,其它
20251114,sh603021,其它,其它
20251114,sh603026,储能,新能源电网
20251114,sh603261,其它,其它
20251114,sh603353,其它,其它
20251114,sh603366,光伏,新能源电网
20251114,sh603628,光伏,新能源电网
20251114,sh603778,光伏,新能源电网
20251114,sh603817,其它,其它
20251114,sh603843,其它,其它
20251114,sh603929,其它,其它
20251114,sh603948,其它,其它
20251114,sh605398,其它,其它
20251114,sh688670,医药,医药
20251114,sz000039,储能,新能源电网
20251114,sz000407,其它,其它
20251114,sz000536,其它,其它
20251114,sz000547,航天,军工航天
20251114,sz000566,创新药,医药
20251114,sz000592,其它,其它
20251114,sz000620,存储,AI算力
20251114,sz000632,其它,其它
20251114,sz000633,核电,新能源电网
20251114,sz000656,其它,其它
20251114,sz000798,其它,其它
20251114,sz000820,其它,其它
20251114,sz000833,储能,新能源电网
20251114,sz000908,其它,其它
20251114,sz000955,医药,医药
20251114,sz000958,核电,新能源电网
20251114,sz001203,储能,新能源电网
20251114,sz001216,光通信,AI算力
20251114,sz001225,其它,其它
20251114,sz001266,液冷,AI算力
20251114,sz001268,机器人,机器人
20251114,sz001332,核电,新能源电网
20251114,sz002047,其它,其它
20251114,sz002058,其它,其它
20251114,sz002083,储能,新能源电网
20251114,sz002146,其它,其它
20251114,sz002198,其它,其它
20251114,sz002200,其它,其它
20251114,sz002227,储能,新能源电网
20251114,sz002242,其它,其它
20251114,sz002250,化工,周期资源
20251114,sz002317,其它,其它
20251114,sz002485,其它,其它
20251114,sz002569,其它,其它
20251114,sz002593,其它,其它
20251114,sz002620,其它,其它
20251114,sz002682,航天,军工航天
20251114,sz002728,其它,其它
20251114,sz002780,其它,其它
20251114,sz002788,医药,医药
20251114,sz002805,储能,新能源电网
20251114,sz002806,储能,新能源电网
20251114,sz002822,其它,其它
20251114,sz002846,储能,新能源电网
20251114,sz002855,其它,其它
20251114,sz002868,其它,其它
20251114,sz002893,电力,新能源电网
20251114,sz002931,机器人,机器人
20251114,sz002963,储能,新能源电网
20251114,sz003041,其它,其它
20251114,sz300086,医药,医药
20251114,sz300483,油气,周期资源
20251114,sz300560,算力,AI算力
20251114,sz300584,储能,新能源电网
20251114,sz301017,医药,医药
20251114,sz301150,PCB,AI算力
20251114,sz301201,其它,其它
20251117,sh600097,其它,其它
20251117,sh600156,机器人,机器人
20251117,sh600265,其它,其它
20251117,sh600327,其它,其它
20251117,sh600340,其它,其它
20251117,sh600376,机器人,机器人
20251117,sh600403,煤炭,周期资源
20251117,sh600408,煤炭,周期资源
20251117,sh600410,算力,AI算力
20251117,sh600421,其它,其它
20251117,sh600506,液冷,AI算力
20251117,sh600525,其它,其它
20251117,sh600568,其它,其它
20251117,sh600577,机器人,机器人
20251117,sh600592,机器人,机器人
20251117,sh600753,其它,其它
20251117,sh600756,AI应用,AI应用
20251117,sh600815,其它,其它
20251117,sh600829,医药,医药
20251117,sh601113,其它,其它
20251117,sh601360,AI应用,AI应用
20251117,sh601566,其它,其它
20251117,sh601606,军工,军工航天
20251117,sh603232,AI应用,AI应用
20251117,sh603353,其它,其它
20251117,sh603366,光伏,新能源电网
20251117,sh603398,其它,其它
20251117,sh603829,电网,新能源电网
20251117,sh603843,其它,其它
20251117,sh603909,其它,其它
20251117,sh605178,存储,AI算力
20251117,sh605303,算力,AI算力
20251117,sh605399,化工,周期资源
20251117,sh688005,储能,新能源电网
20251117,sh688195,光通信,AI算力
20251117,sh688229,AI应用,AI应用
20251117,sz000036,其它,其它
20251117,sz000090,其它,其它
20251117,sz000407,其它,其它
20251117,sz000546,储能,新能源电网
20251117,sz000547,军工,军工航天
20251117,sz000566,创新药,医药
20251117,sz000592,其它,其它
20251117,sz000595,其它,其它
20251117,sz000608,其它,其它
20251117,sz000620,存储,AI算力
20251117,sz000632,其它,其它
20251117,sz000638,其它,其它
20251117,sz000663,其它,其它
20251117,sz000665,算力,AI算力
20251117,sz000688,储能,新能源电网
20251117,sz000695,储能,新能源电网
20251117,sz000723,煤炭,周期资源
20251117,sz000797,其它,其它
20251117,sz000798,其它,其它
20251117,sz000820,其它,其它
20251117,sz000905,其它,其它
20251117,sz000973,储能,新能源电网
20251117,sz001203,储能,新能源电网
20251117,sz001216,其它,其它
20251117,sz001229,AI应用,AI应用
20251117,sz002083,储能,新能源电网
20251117,sz002192,储能,新能源电网
20251117,sz002198,其它,其它
20251117,sz002205,其它,其它
20251117,sz002208,存储,AI算力
20251117,sz002218,其它,其它
20251117,sz002240,储能,新能源电网
20251117,sz002298,算力,AI算力
20251117,sz002326,液冷,AI算力
20251117,sz002356,氢能,新能源电网
20251117,sz002388,其它,其它
20251117,sz002474,AI应用,AI应用
20251117,sz002497,储能,新能源电网
20251117,sz002512,航天,军工航天
20251117,sz002593,其它,其它
20251117,sz002620,其它,其它
20251117,sz002639,核电,新能源电网
20251117,sz002679,其它,其它
20251117,sz002682,航天,军工航天
20251117,sz002738,储能,新能源电网
20251117,sz002789,其它,其它
20251117,sz002795,医药,医药
20251117,sz002805,储能,新能源电网
20251117,sz002868,其它,其它
20251117,sz002919,传媒,AI应用
20251117,sz002927,算力,AI算力
20251117,sz002990,算力,AI算力
20251117,sz003007,算力,AI算力
20251117,sz003027,其它,其它
20251117,sz003041,其它,其它
20251117,sz300300,其它,其它
20251117,sz300390,储能,新能源电网
20251117,sz300427,军工,军工航天
20251117,sz300560,算力,AI算力
20251117,sz300589,军工,军工航天
20251117,sz300612,AI应用,AI应用
20251117,sz300659,AI应用,AI应用
20251117,sz301150,PCB,AI算力
20251117,sz301261,机器人,机器人
20251118,sh600280,其它,其它
20251118,sh600319,其它,其它
20251118,sh600340,其它,其它
20251118,sh600376,机器人,机器人
20251118,sh600410,算力,AI算力
20251118,sh600756,AI应用,AI应用
20251118,sh601566,其它,其它
20251118,sh603163,芯片,AI算力
20251118,sh603232,AI应用,AI应用
20251118,sh603353,芯片,AI算力
20251118,sh603377,其它,其它
20251118,sh603398,其它,其它
20251118,sh603813,其它,其它
20251118,sh603829,储能,新能源电网
20251118,sh603843,其它,其它
20251118,sh603877,其它,其它
20251118,sh603929,芯片,AI算力
20251118,sh605136,AI应用,AI应用
20251118,sh605255,芯片,AI算力
20251118,sh605389,其它,其它
20251118,sh688365,AI应用,AI应用
20251118,sh688486,芯片,AI算力
20251118,sz000407,油气,周期资源
20251118,sz000546,储能,新能源电网
20251118,sz000547,航天,军工航天
20251118,sz000608,其它,其它
20251118,sz000609,其它,其它
20251118,sz000633,核电,新能源电网
20251118,sz000638,其它,其它
20251118,sz000668,其它,其它
20251118,sz000681,AI应用,AI应用
20251118,sz000798,其它,其它
20251118,sz000820,其它,其它
20251118,sz000955,医药,医药
20251118,sz001216,其它,其它
20251118,sz001225,其它,其它
20251118,sz002024,其它,其它
20251118,sz002029,机器人,机器人
20251118,sz002047,其它,其它
20251118,sz002153,AI应用,AI应用
20251118,sz002213,存储,AI算力
20251118,sz002301,AI应用,AI应用
20251118,sz002404,芯片,AI算力
20251118,sz002474,AI应用,AI应用
20251118,sz002485,其它,其它
20251118,sz002620,其它,其它
20251118,sz002682,航天,军工航天
20251118,sz002691,机器人,机器人
20251118,sz002693,其它,其它
20251118,sz002715,有色,周期资源
20251118,sz002789,其它,其它
20251118,sz002813,其它,其它
20251118,sz002822,其它,其它
20251118,sz002836,其它,其它
20251118,sz002868,其它,其它
20251118,sz002877,AI应用,AI应用
20251118,sz002878,AI应用,AI应用
20251118,sz003041,其它,其它
20251118,sz300071,AI应用,AI应用
20251118,sz300078,AI应用,AI应用
20251118,sz300612,AI应用,AI应用
20251118,sz301201,其它,其它
20251119,sh600097,其它,其它
20251119,sh600200,其它,其它
20251119,sh600257,其它,其它
20251119,sh600280,其它,其它
20251119,sh600319,其它,其它
20251119,sh600467,其它,其它
20251119,sh600618,化工,周期资源
20251119,sh600685,军工,军工航天
20251119,sh600756,AI应用,AI应用
20251119,sh601279,其它,其它
20251119,sh601566,其它,其它
20251119,sh601890,军工,军工航天
20251119,sh603129,其它,其它
20251119,sh603212,光伏,新能源电网
20251119,sh603216,其它,其它
20251119,sh603268,其它,其它
20251119,sh603398,其它,其它
20251119,sh603668,其它,其它
20251119,sh603778,光伏,新能源电网
20251119,sh603877,其它,其它
20251119,sh605028,电力,新能源电网
20251119,sh605136,AI应用,AI应用
20251119,sh605339,其它,其它
20251119,sh605399,化工,周期资源
20251119,sz000017,有色,周期资源
20251119,sz000546,储能,新能源电网
20251119,sz000547,航天,军工航天
20251119,sz000609,其它,其它
20251119,sz000635,化工,周期资源
20251119,sz000663,其它,其它
20251119,sz000798,其它,其它
20251119,sz000859,半导体,AI算力
20251119,sz000908,其它,其它
20251119,sz000973,储能,新能源电网
20251119,sz001216,电网,新能源电网
20251119,sz001390,其它,其它
20251119,sz002059,机器人,机器人
20251119,sz002069,其它,其它
20251119,sz002086,其它,其它
20251119,sz002122,其它,其它
20251119,sz002192,储能,新能源电网
20251119,sz002208,存储,AI算力
20251119,sz002213,存储,AI算力
20251119,sz002228,其它,其它
20251119,sz002255,核电,新能源电网
20251119,sz002289,其它,其它
20251119,sz002301,AI应用,AI应用
20251119,sz002321,其它,其它
20251119,sz002474,AI应用,AI应用
20251119,sz002485,其它,其它
20251119,sz002513,化工,周期资源
20251119,sz002612,其它,其它
20251119,sz002696,其它,其它
20251119,sz002713,其它,其它
20251119,sz002877,AI应用,AI应用
20251119,sz002927,电网,新能源电网
20251119,sz003041,其它,其它
20251119,sz300094,其它,其它
20251119,sz300123,芯片,AI算力
20251119,sz300379,其它,其它
20251119,sz300589,军工,军工航天
20251119,sz301116,其它,其它
20251119,sz301118,化工,周期资源
20251119,sz301256,半导体,AI算力
20251120,sh600107,其它,其它
20251120,sh600191,其它,其它
20251120,sh600200,其它,其它
20251120,sh600343,军工,军工航天
20251120,sh600635,其它,其它
20251120,sh600734,AI应用,AI应用
20251120,sh600826,其它,其它
20251120,sh600881,其它,其它
20251120,sh600996,算力,AI算力
20251120,sh601208,PCB,AI算力
20251120,sh601279,其它,其它
20251120,sh601566,其它,其它
20251120,sh603122,其它,其它
20251120,sh603216,其它,其它
20251120,sh603398,其它,其它
20251120,sh603559,其它,其它
20251120,sh603657,其它,其它
20251120,sh603803,光通信,AI算力
20251120,sh603813,其它,其它
20251120,sh603898,其它,其它
20251120,sh603978,核电,新能源电网
20251120,sz000017,有色,周期资源
20251120,sz000536,消费电子,AI算力
20251120,sz000547,航天,军工航天
20251120,sz000566,其它,其它
20251120,sz000609,其它,其它
20251120,sz000663,其它,其它
20251120,sz000798,其它,其它
20251120,sz000838,其它,其它
20251120,sz000859,半导体,AI算力
20251120,sz001390,其它,其它
20251120,sz002141,PCB,AI算力
20251120,sz002175,其它,其它
20251120,sz002205,其它,其它
20251120,sz002213,存储,AI算力
20251120,sz002235,AI应用,AI应用
20251120,sz002246,航天,军工航天
20251120,sz002331,其它,其它
20251120,sz002369,消费电子,AI算力
20251120,sz002455,储能,新能源电网
20251120,sz002474,AI应用,AI应用
20251120,sz002753,储能,新能源电网
20251120,sz002836,其它,其它
20251120,sz002877,AI应用,AI应用
20251120,sz300379,其它,其它
20251120,sz300391,其它,其它
20251120,sz300774,储能,新能源电网
20251120,sz300814,PCB,AI算力
20251120,sz301092,储能,新能源电网
20251121,sh600200,其它,其它
20251121,sh600421,其它,其它
20251121,sh600592,机器人,机器人
20251121,sh600734,AI应用,AI应用
20251121,sh600996,算力,AI算力
20251121,sh603216,其它,其它
20251121,sh603280,其它,其它
20251121,sh603398,其它,其它
20251121,sh603559,其它,其它
20251121,sh603829,电网,新能源电网
20251121,sh603898,其它,其它
20251121,sh605339,其它,其它
20251121,sh688227,其它,其它
20251121,sh688622,其它,其它
20251121,sz000017,有色,周期资源
20251121,sz000070,其它,其它
20251121,sz000638,其它,其它
20251121,sz000681,AI应用,AI应用
20251121,sz000798,其它,其它
20251121,sz000838,其它,其它
20251121,sz000859,半导体,AI算力
20251121,sz000892,AI应用,AI应用
20251121,sz001216,其它,其它
20251121,sz001296,其它,其它
20251121,sz002069,其它,其它
20251121,sz002084,其它,其它
20251121,sz002264,AI应用,AI应用
20251121,sz002279,AI应用,AI应用
20251121,sz002285,其它,其它
20251121,sz002307,其它,其它
20251121,sz002474,AI应用,AI应用
20251121,sz002811,AI应用,AI应用
20251121,sz301171,AI应用,AI应用
20251124,sh600097,其它,其它
20251124,sh600200,其它,其它
20251124,sh600265,其它,其它
20251124,sh600343,航天,军工航天
20251124,sh600568,其它,其它
20251124,sh600599,其它,其它
20251124,sh600622,其它,其它
20251124,sh600629,其它,其它
20251124,sh600645,其它,其它
20251124,sh600685,军工,军工航天
20251124,sh600686,其它,其它
20251124,sh600734,AI应用,AI应用
20251124,sh600735,其它,其它
20251124,sh600764,军工,军工航天
20251124,sh600855,航天,军工航天
20251124,sh601116,其它,其它
20251124,sh601238,储能,新能源电网
20251124,sh601360,AI应用,AI应用
20251124,sh601606,军工,军工航天
20251124,sh603021,其它,其它
20251124,sh603097,算力,AI算力
20251124,sh603106,AI应用,AI应用
20251124,sh603163,芯片,AI算力
20251124,sh603216,其它,其它
20251124,sh603280,其它,其它
20251124,sh603291,其它,其它
20251124,sh603636,AI应用,AI应用
20251124,sh603727,其它,其它
20251124,sh603730,机器人,机器人
20251124,sh603778,储能,新能源电网
20251124,sh603825,其它,其它
20251124,sh603881,其它,其它
20251124,sh605136,AI应用,AI应用
20251124,sh605365,芯片,AI算力
20251124,sh605598,航天,军工航天
20251124,sh688227,其它,其它
20251124,sh688291,其它,其它
20251124,sh688365,AI应用,AI应用
20251124,sh688523,军工,军工航天
20251124,sz000070,光通信,AI算力
20251124,sz000505,其它,其它
20251124,sz000547,航天,军工航天
20251124,sz000638,其它,其它
20251124,sz000663,其它,其它
20251124,sz000736,其它,其它
20251124,sz000798,其它,其它
20251124,sz000859,半导体,AI算力
20251124,sz000892,AI应用,AI应用
20251124,sz000952,其它,其它
20251124,sz001296,其它,其它
20251124,sz002046,机器人,机器人
20251124,sz002093,AI应用,AI应用
20251124,sz002153,AI应用,AI应用
20251124,sz002197,其它,其它
20251124,sz002228,其它,其它
20251124,sz002264,AI应用,AI应用
20251124,sz002279,AI应用,AI应用
20251124,sz002285,其它,其它
20251124,sz002301,AI应用,AI应用
20251124,sz002307,其它,其它
20251124,sz002319,光伏,新能源电网
20251124,sz002348,储能,新能源电网
20251124,sz002356,氢能,新能源电网
20251124,sz002400,AI应用,AI应用
20251124,sz002413,存储,AI算力
20251124,sz002574,光伏,新能源电网
20251124,sz002667,其它,其它
20251124,sz002742,其它,其它
20251124,sz002762,其它,其它
20251124,sz002795,光伏,新能源电网
20251124,sz002822,其它,其它
20251124,sz002900,其它,其它
20251124,sz002919,传媒,AI应用
20251124,sz002977,军工,军工航天
20251124,sz003009,航天,军工航天
20251124,sz003018,其它,其它
20251124,sz300516,军工,军工航天
20251124,sz300589,军工,军工航天
20251124,sz301136,航天,军工航天
20251125,sh600033,其它,其它
20251125,sh600105,光通信,AI算力
20251125,sh600110,PCB,AI算力
20251125,sh600200,其它,其它
20251125,sh600237,其它,其它
20251125,sh600301,有色,周期资源
20251125,sh600343,航天,军工航天
20251125,sh600516,其它,其它
20251125,sh600556,AI应用,AI应用
20251125,sh600568,其它,其它
20251125,sh600599,其它,其它
20251125,sh600635,机器人,机器人
20251125,sh600734,AI应用,AI应用
20251125,sh600802,其它,其它
20251125,sh600828,其它,其它
20251125,sh601869,光通信,AI算力
20251125,sh603007,其它,其它
20251125,sh603052,光通信,AI算力
20251125,sh603130,机器人,机器人
20251125,sh603155,航天,军工航天
20251125,sh603186,PCB,AI算力
20251125,sh603216,其它,其它
20251125,sh603232,AI应用,AI应用
20251125,sh603256,PCB,AI算力
20251125,sh603421,其它,其它
20251125,sh603778,储能,新能源电网
20251125,sh603803,光通信,AI算力
20251125,sh603813,其它,其它
20251125,sh603823,化工,周期资源
20251125,sh603906,其它,其它
20251125,sh605255,其它,其它
20251125,sh688048,芯片,AI算力
20251125,sh688205,算力,AI算力
20251125,sh688227,其它,其它
20251125,sh688622,其它,其它
20251125,sh688670,医药,医药
20251125,sz000070,算力,AI算力
20251125,sz000510,化工,周期资源
20251125,sz000566,其它,其它
20251125,sz000609,其它,其它
20251125,sz000620,存储,AI算力
20251125,sz000638,其它,其它
20251125,sz000668,其它,其它
20251125,sz000678,军工,军工航天
20251125,sz000691,其它,其它
20251125,sz000701,其它,其它
20251125,sz000756,其它,其它
20251125,sz000788,医药,医药
20251125,sz000797,其它,其它
20251125,sz000892,AI应用,AI应用
20251125,sz000952,其它,其它
20251125,sz000973,储能,新能源电网
20251125,sz001267,光通信,AI算力
20251125,sz001296,其它,其它
20251125,sz001299,油气,周期资源
20251125,sz002080,PCB,AI算力
20251125,sz002098,其它,其它
20251125,sz002114,有色,周期资源
20251125,sz002197,其它,其它
20251125,sz002199,其它,其它
20251125,sz002222,光通信,AI算力
20251125,sz002264,AI应用,AI应用
20251125,sz002305,其它,其它
20251125,sz002388,其它,其它
20251125,sz002398,其它,其它
20251125,sz002413,存储,AI算力
20251125,sz002463,PCB,AI算力
20251125,sz002474,AI应用,AI应用
20251125,sz002485,其它,其它
20251125,sz002512,航天,军工航天
20251125,sz002558,传媒,AI应用
20251125,sz002575,AI应用,AI应用
20251125,sz002596,化工,周期资源
20251125,sz002638,其它,其它
20251125,sz002659,AI应用,AI应用
20251125,sz002728,其它,其它
20251125,sz002729,电力,新能源电网
20251125,sz002752,其它,其它
20251125,sz002759,储能,新能源电网
20251125,sz002762,其它,其它
20251125,sz002789,其它,其它
20251125,sz002822,其它,其它
20251125,sz002856,其它,其它
20251125,sz002868,其它,其它
20251125,sz002927,算力,AI算力
20251125,sz002931,机器人,机器人
20251125,sz002970,AI应用,AI应用
20251125,sz002975,算力,AI算力
20251125,sz003008,电网,新能源电网
20251125,sz003018,其它,其它
20251125,sz300192,AI应用,AI应用
20251125,sz300437,化工,周期资源
20251125,sz300620,算力,AI算力
20251125,sz301117,航天,军工航天
20251125,sz301638,AI应用,AI应用
20251126,sh600103,光通信,AI算力
20251126,sh600105,芯片,AI算力
20251126,sh600107,其它,其它
20251126,sh600227,其它,其它
20251126,sh600246,航天,军工航天
20251126,sh600252,医药,医药
20251126,sh600337,AI应用,AI应用
20251126,sh600360,其它,其它
20251126,sh600568,其它,其它
20251126,sh600618,化工,周期资源
20251126,sh600693,其它,其它
20251126,sh600734,AI应用,AI应用
20251126,sh600828,其它,其它
20251126,sh600829,医药,医药
20251126,sh600835,机器人,机器人
20251126,sh600868,有色,周期资源
20251126,sh600955,化工,周期资源
20251126,sh601089,创新药,医药
20251126,sh601116,其它,其它
20251126,sh603017,航天,军工航天
20251126,sh603068,消费电子,AI算力
20251126,sh603155,其它,其它
20251126,sh603162,航运,周期资源
20251126,sh603906,其它,其它
20251126,sh605188,其它,其它
20251126,sh605255,算力,AI算力
20251126,sh688048,芯片,AI算力
20251126,sh688110,存储,AI算力
20251126,sh688670,其它,其它
20251126,sh688699,芯片,AI算力
20251126,sz000025,其它,其它
20251126,sz000039,其它,其它
20251126,sz000070,算力,AI算力
20251126,sz000078,创新药,医药
20251126,sz000411,医药,医药
20251126,sz000509,消费电子,AI算力
20251126,sz000510,化工,周期资源
20251126,sz000523,其它,其它
20251126,sz000609,其它,其它
20251126,sz000652,其它,其它
20251126,sz000691,其它,其它
20251126,sz000785,AI应用,AI应用
20251126,sz000788,医药,医药
20251126,sz000892,AI应用,AI应用
20251126,sz000952,其它,其它
20251126,sz001387,其它,其它
20251126,sz002029,其它,其它
20251126,sz002114,有色,周期资源
20251126,sz002153,AI应用,AI应用
20251126,sz002178,AI应用,AI应用
20251126,sz002187,其它,其它
20251126,sz002249,机器人,机器人
20251126,sz002264,AI应用,AI应用
20251126,sz002291,AI应用,AI应用
20251126,sz002397,其它,其它
20251126,sz002398,其它,其它
20251126,sz002413,存储,AI算力
20251126,sz002486,其它,其它
20251126,sz002510,其它,其它
20251126,sz002512,航天,军工航天
20251126,sz002589,医药,医药
20251126,sz002596,化工,周期资源
20251126,sz002630,其它,其它
20251126,sz002638,半导体,AI算力
20251126,sz002681,消费电子,AI算力
20251126,sz002702,其它,其它
20251126,sz002800,其它,其它
20251126,sz002822,其它,其它
20251126,sz002868,其它,其它
20251126,sz003018,其它,其它
20251126,sz301001,AI应用,AI应用
20251126,sz301019,其它,其它
20251126,sz301040,航天,军工航天
20251126,sz301111,其它,其它
20251126,sz301159,AI应用,AI应用
20251126,sz301408,AI应用,AI应用
20251127,sh600152,储能,新能源电网
20251127,sh600191,其它,其它
20251127,sh600193,其它,其它
20251127,sh600203,消费电子,AI算力
20251127,sh600243,其它,其它
20251127,sh600246,航天,军工航天
20251127,sh600654,其它,其它
20251127,sh600657,其它,其它
20251127,sh600735,其它,其它
20251127,sh600828,其它,其它
20251127,sh600877,航天,军工航天
20251127,sh600892,其它,其它
20251127,sh601100,机器人,机器人
20251127,sh603010,半导体,AI算力
20251127,sh603026,储能,新能源电网
20251127,sh603113,化工,周期资源
20251127,sh603212,光伏,新能源电网
20251127,sh603353,半导体,AI算力
20251127,sh603626,储能,新能源电网
20251127,sh603773,PCB,AI算力
20251127,sh603778,其它,其它
20251127,sh603789,其它,其它
20251127,sh603931,半导体,AI算力
20251127,sh603933,存储,AI算力
20251127,sh605081,其它,其它
20251127,sh605366,光伏,新能源电网
20251127,sh605399,光伏,新能源电网
20251127,sh688033,航天,军工航天
20251127,sh688260,消费电子,AI算力
20251127,sh688560,储能,新能源电网
20251127,sh688733,PCB,AI算力
20251127,sz000004,其它,其它
20251127,sz000078,其它,其它
20251127,sz000510,化工,周期资源
20251127,sz000638,其它,其它
20251127,sz000669,其它,其它
20251127,sz000691,其它,其它
20251127,sz000952,其它,其它
20251127,sz001387,其它,其它
20251127,sz002083,储能,新能源电网
20251127,sz002187,其它,其它
20251127,sz002235,AI应用,AI应用
20251127,sz002495,其它,其它
20251127,sz002548,其它,其它
20251127,sz002632,储能,新能源电网
20251127,sz002636,其它,其它
20251127,sz002702,其它,其它
20251127,sz002728,其它,其它
20251127,sz002769,储能,新能源电网
20251127,sz002792,光通信,AI算力
20251127,sz002811,AI应用,AI应用
20251127,sz002825,半导体,AI算力
20251127,sz002856,其它,其它
20251127,sz002888,消费电子,AI算力
20251127,sz002960,其它,其它
20251127,sz003009,航天,军工航天
20251127,sz003018,其它,其它
20251127,sz300490,储能,新能源电网
20251127,sz300509,机器人,机器人
20251127,sz300545,储能,新能源电网
20251127,sz301043,其它,其它
20251127,sz301111,其它,其它
20251127,sz301292,储能,新能源电网
20251128,sh600151,航天,军工航天
20251128,sh600193,其它,其它
20251128,sh600227,其它,其它
20251128,sh600234,其它,其它
20251128,sh600319,其它,其它
20251128,sh600337,AI应用,AI应用
20251128,sh600568,其它,其它
20251128,sh600678,航天,军工航天
20251128,sh600721,其它,其它
20251128,sh600730,其它,其它
20251128,sh600802,化工,周期资源
20251128,sh600815,其它,其它
20251128,sh600828,其它,其它
20251128,sh600868,其它,其它
20251128,sh600939,其它,其它
20251128,sh600977,其它,其它
20251128,sh600981,芯片,AI算力
20251128,sh601010,其它,其它
20251128,sh601238,储能,新能源电网
20251128,sh603216,其它,其它
20251128,sh603268,其它,其它
20251128,sh603353,半导体,AI算力
20251128,sh603557,其它,其它
20251128,sh603636,AI应用,AI应用
20251128,sh603657,其它,其它
20251128,sh603712,航天,军工航天
20251128,sh603758,机器人,机器人
20251128,sh603778,储能,新能源电网
20251128,sh603815,其它,其它
20251128,sh603878,黑色,周期资源
20251128,sh603909,其它,其它
20251128,sh603933,机器人,机器人
20251128,sh603999,传媒,AI应用
20251128,sh605086,其它,其它
20251128,sh605133,机器人,机器人
20251128,sh605303,算力,AI算力
20251128,sh688244,其它,其它
20251128,sh688523,航天,军工航天
20251128,sz000004,其它,其它
20251128,sz000078,创新药,医药
20251128,sz000545,化工,周期资源
20251128,sz000547,航天,军工航天
20251128,sz000592,其它,其它
20251128,sz000633,核电,新能源电网
20251128,sz000668,其它,其它
20251128,sz000669,其它,其它
20251128,sz000678,军工,军工航天
20251128,sz000691,其它,其它
20251128,sz000695,储能,新能源电网
20251128,sz000697,其它,其它
20251128,sz000753,其它,其它
20251128,sz000972,其它,其它
20251128,sz001203,储能,新能源电网
20251128,sz001318,其它,其它
20251128,sz002090,储能,新能源电网
20251128,sz002136,化工,周期资源
20251128,sz002150,储能,新能源电网
20251128,sz002277,机器人,机器人
20251128,sz002285,其它,其它
20251128,sz002305,其它,其它
20251128,sz002307,其它,其它
20251128,sz002353,算力,AI算力
20251128,sz002413,存储,AI算力
20251128,sz002519,航天,军工航天
20251128,sz002544,PCB,AI算力
20251128,sz002565,算力,AI算力
20251128,sz002596,化工,周期资源
20251128,sz002632,消费电子,AI算力
20251128,sz002702,其它,其它
20251128,sz002732,其它,其它
20251128,sz002792,航天,军工航天
20251128,sz002795,光伏,新能源电网
20251128,sz002805,储能,新能源电网
20251128,sz002903,机器人,机器人
20251128,sz002922,储能,新能源电网
20251128,sz002952,消费电子,AI算力
20251128,sz002976,储能,新能源电网
20251128,sz002983,消费电子,AI算力
20251128,sz003018,其它,其它
20251128,sz300102,算力,AI算力
20251128,sz301183,其它,其它
20251201,920701.BJ,消费电子,AI算力
20251201,sh600284,算力,AI算力
20251201,sh600289,其它,其它
20251201,sh600568,其它,其它
20251201,sh600734,消费电子,AI算力
20251201,sh600868,有色,周期资源
20251201,sh600977,其它,其它
20251201,sh600981,芯片,AI算力
20251201,sh603068,消费电子,AI算力
20251201,sh603077,化工,周期资源
20251201,sh603121,机器人,机器人
20251201,sh603268,其它,其它
20251201,sh603327,消费电子,AI算力
20251201,sh603557,其它,其它
20251201,sh603559,其它,其它
20251201,sh603778,储能,新能源电网
20251201,sh603803,光通信,AI算力
20251201,sh603828,其它,其它
20251201,sh603928,储能,新能源电网
20251201,sh603933,机器人,机器人
20251201,sh605081,其它,其它
20251201,sh688260,消费电子,AI算力
20251201,sz000004,其它,其它
20251201,sz000007,其它,其它
20251201,sz000036,其它,其它
20251201,sz000049,消费电子,AI算力
20251201,sz000063,消费电子,AI算力
20251201,sz000078,创新药,医药
20251201,sz000530,液冷,AI算力
20251201,sz000547,航天,军工航天
20251201,sz000691,其它,其它
20251201,sz000727,消费电子,AI算力
20251201,sz000816,机器人,机器人
20251201,sz000829,消费电子,AI算力
20251201,sz000859,半导体,AI算力
20251201,sz000888,其它,其它
20251201,sz001234,其它,其它
20251201,sz001270,其它,其它
20251201,sz001318,其它,其它
20251201,sz002108,储能,新能源电网
20251201,sz002114,有色,周期资源
20251201,sz002353,算力,AI算力
20251201,sz002356,氢能,新能源电网
20251201,sz002413,存储,AI算力
20251201,sz002519,航天,军工航天
20251201,sz002540,有色,周期资源
20251201,sz002563,其它,其它
20251201,sz002565,航天,军工航天
20251201,sz002578,有色,周期资源
20251201,sz002611,其它,其它
20251201,sz002625,航天,军工航天
20251201,sz002632,消费电子,AI算力
20251201,sz002651,航天,军工航天
20251201,sz002702,其它,其它
20251201,sz002778,其它,其它
20251201,sz002787,半导体,AI算力
20251201,sz002789,其它,其它
20251201,sz002792,航天,军工航天
20251201,sz002806,储能,新能源电网
20251201,sz002848,其它,其它
20251201,sz002862,消费电子,AI算力
20251201,sz002863,机器人,机器人
20251201,sz002881,消费电子,AI算力
20251201,sz002888,消费电子,AI算力
20251201,sz002938,消费电子,AI算力
20251201,sz002976,其它,其它
20251201,sz002981,消费电子,AI算力
20251201,sz002983,消费电子,AI算力
20251201,sz003003,其它,其它
20251201,sz003018,其它,其它
20251201,sz300223,消费电子,AI算力
20251201,sz300638,消费电子,AI算力
20251201,sz300903,消费电子,AI算力
20251201,sz301148,其它,其它
20251201,sz301256,半导体,AI算力
20251201,sz301567,消费电子,AI算力
20251202,sh600033,其它,其它
20251202,sh600272,医药,医药
20251202,sh600289,其它,其它
20251202,sh600340,其它,其它
20251202,sh600365,其它,其它
20251202,sh600381,其它,其它
20251202,sh600408,其它,其它
20251202,sh600724,其它,其它
20251202,sh600828,其它,其它
20251202,sh600829,医药,医药
20251202,sh600981,芯片,AI算力
20251202,sh601500,其它,其它
20251202,sh603106,AI应用,AI应用
20251202,sh603113,化工,周期资源
20251202,sh603122,医药,医药
20251202,sh603163,芯片,AI算力
20251202,sh603216,其它,其它
20251202,sh603327,消费电子,AI算力
20251202,sh603389,其它,其它
20251202,sh603536,其它,其它
20251202,sh603557,其它,其它
20251202,sh603696,其它,其它
20251202,sh603898,AI应用,AI应用
20251202,sh603933,机器人,机器人
20251202,sh605108,其它,其它
20251202,sz000078,创新药,医药
20251202,sz000530,液冷,AI算力
20251202,sz000547,航天,军工航天
20251202,sz000572,其它,其它
20251202,sz000592,其它,其它
20251202,sz000593,其它,其它
20251202,sz000609,其它,其它
20251202,sz000691,其它,其它
20251202,sz000703,其它,其它
20251202,sz000735,其它,其它
20251202,sz000812,其它,其它
20251202,sz000859,半导体,AI算力
20251202,sz002285,其它,其它
20251202,sz002300,电网,新能源电网
20251202,sz002348,其它,其它
20251202,sz002413,存储,AI算力
20251202,sz002474,AI应用,AI应用
20251202,sz002565,算力,AI算力
20251202,sz002632,储能,新能源电网
20251202,sz002686,其它,其它
20251202,sz002702,其它,其它
20251202,sz002792,航天,军工航天
20251202,sz002976,其它,其它
20251202,sz003011,其它,其它
20251202,sz003018,其它,其它
20251202,sz300269,消费电子,AI算力
20251202,sz301136,航天,军工航天
20251202,sz301148,其它,其它
20251202,sz301191,光通信,AI算力
20251203,sh600151,航天,军工航天
20251203,sh600172,新材料,周期资源
20251203,sh600228,其它,其它
20251203,sh600255,元件,AI算力
20251203,sh600281,有色,周期资源
20251203,sh600289,其它,其它
20251203,sh600381,其它,其它
20251203,sh600403,煤炭,周期资源
20251203,sh600408,煤炭,周期资源
20251203,sh600421,其它,其它
20251203,sh600467,其它,其它
20251203,sh600707,消费电子,AI算力
20251203,sh601399,核电,新能源电网
20251203,sh603017,航天,军工航天
20251203,sh603092,风电,新能源电网
20251203,sh603268,其它,其它
20251203,sh603286,机器人,机器人
20251203,sh603327,消费电子,AI算力
20251203,sh603353,芯片,AI算力
20251203,sh603386,PCB,AI算力
20251203,sh603590,创新药,医药
20251203,sh603696,其它,其它
20251203,sh603711,其它,其它
20251203,sh603906,其它,其它
20251203,sh605108,其它,其它
20251203,sz000078,创新药,医药
20251203,sz000536,消费电子,AI算力
20251203,sz000571,煤炭,周期资源
20251203,sz000692,电力,新能源电网
20251203,sz000838,其它,其它
20251203,sz000993,电力,新能源电网
20251203,sz001211,其它,其它
20251203,sz001336,储能,新能源电网
20251203,sz002084,其它,其它
20251203,sz002300,电网,新能源电网
20251203,sz002348,其它,其它
20251203,sz002353,算力,AI算力
20251203,sz002487,风电,新能源电网
20251203,sz002515,芯片,AI算力
20251203,sz002519,机器人,机器人
20251203,sz002565,算力,AI算力
20251203,sz002566,其它,其它
20251203,sz002589,医药,医药
20251203,sz002631,新材料,周期资源
20251203,sz002632,储能,新能源电网
20251203,sz002671,其它,其它
20251203,sz002682,航天,军工航天
20251203,sz002686,其它,其它
20251203,sz002702,其它,其它
20251203,sz002769,储能,新能源电网
20251203,sz002836,其它,其它
20251203,sz002913,PCB,AI算力
20251203,sz003016,其它,其它
20251203,sz300391,其它,其它
20251204,sh600118,航天,军工航天
20251204,sh600151,航天,军工航天
20251204,sh600167,机器人,机器人
20251204,sh600217,其它,其它
20251204,sh600509,其它,其它
20251204,sh600592,机器人,机器人
20251204,sh600635,机器人,机器人
20251204,sh600678,航天,军工航天
20251204,sh601399,核电,新能源电网
20251204,sh603359,航天,军工航天
20251204,sh603386,PCB,AI算力
20251204,sh603696,其它,其它
20251204,sh603709,其它,其它
20251204,sh603933,机器人,机器人
20251204,sh605299,其它,其它
20251204,sz000510,化工,周期资源
20251204,sz000692,其它,其它
20251204,sz001211,其它,其它
20251204,sz002031,机器人,机器人
20251204,sz002107,其它,其它
20251204,sz002300,电网,新能源电网
20251204,sz002344,机器人,机器人
20251204,sz002347,机器人,机器人
20251204,sz002348,其它,其它
20251204,sz002402,机器人,机器人
20251204,sz002512,航天,军工航天
20251204,sz002520,机器人,机器人
20251204,sz002575,其它,其它
20251204,sz002585,其它,其它
20251204,sz002589,医药,医药
20251204,sz002620,其它,其它
20251204,sz002682,机器人,机器人
20251204,sz002830,其它,其它
20251204,sz002925,机器人,机器人
20251204,sz300095,机器人,机器人
20251204,sz300250,其它,其它
20251204,sz300885,机器人,机器人
20251204,sz300946,机器人,机器人
20251204,sz301510,机器人,机器人
20251205,sh600105,光通信,AI算力
20251205,sh600151,光伏,新能源电网
20251205,sh600193,其它,其它
20251205,sh600218,电网,新能源电网
20251205,sh600227,化工,周期资源
20251205,sh600302,机器人,机器人
20251205,sh600343,航天,军工航天
20251205,sh600366,有色,周期资源
20251205,sh600650,其它,其它
20251205,sh600693,其它,其它
20251205,sh600721,其它,其它
20251205,sh600734,AI应用,AI应用
20251205,sh600800,化工,周期资源
20251205,sh600868,有色,周期资源
20251205,sh600973,元件,AI算力
20251205,sh600981,其它,其它
20251205,sh600984,其它,其它
20251205,sh601106,核电,新能源电网
20251205,sh601399,核电,新能源电网
20251205,sh601696,其它,其它
20251205,sh603015,机器人,机器人
20251205,sh603052,储能,新能源电网
20251205,sh603067,储能,新能源电网
20251205,sh603122,医药,医药
20251205,sh603177,其它,其它
20251205,sh603386,PCB,AI算力
20251205,sh603398,其它,其它
20251205,sh603696,其它,其它
20251205,sh603709,其它,其它
20251205,sh603813,其它,其它
20251205,sh603886,其它,其它
20251205,sh605081,其它,其它
20251205,sh605299,其它,其它
20251205,sh605303,其它,其它
20251205,sh605598,航天,军工航天
20251205,sh688048,芯片,AI算力
20251205,sz000035,其它,其它
20251205,sz000070,光通信,AI算力
20251205,sz000078,创新药,医药
20251205,sz000547,航天,军工航天
20251205,sz000632,其它,其它
20251205,sz000639,其它,其它
20251205,sz000811,液冷,AI算力
20251205,sz000859,半导体,AI算力
20251205,sz000901,航天,军工航天
20251205,sz000905,其它,其它
20251205,sz001270,其它,其它
20251205,sz001360,其它,其它
20251205,sz002076,其它,其它
20251205,sz002083,储能,新能源电网
20251205,sz002093,医药,医药
20251205,sz002149,有色,周期资源
20251205,sz002218,航天,军工航天
20251205,sz002228,其它,其它
20251205,sz002295,有色,周期资源
20251205,sz002300,核电,新能源电网
20251205,sz002565,算力,AI算力
20251205,sz002578,有色,周期资源
20251205,sz002585,化工,周期资源
20251205,sz002589,医药,医药
20251205,sz002660,其它,其它
20251205,sz002679,其它,其它
20251205,sz002682,机器人,机器人
20251205,sz002702,其它,其它
20251205,sz002752,其它,其它
20251205,sz002779,机器人,机器人
20251205,sz002830,其它,其它
20251205,sz002848,其它,其它
20251205,sz002885,机器人,机器人
20251205,sz002961,其它,其它
20251205,sz002969,其它,其它
20251205,sz002977,军工,军工航天
20251205,sz300377,金融科技,AI应用
20251205,sz300421,机器人,机器人
20251205,sz300427,航天,军工航天
20251205,sz300749,其它,其它
20251205,sz301005,航天,军工航天
20251205,sz301486,光通信,AI算力
20251205,sz301526,其它,其它
20251205,sz301529,机器人,机器人
20251208,sh600250,其它,其它
20251208,sh600337,AI应用,AI应用
20251208,sh600343,航天,军工航天
20251208,sh600493,其它,其它
20251208,sh600693,其它,其它
20251208,sh600696,其它,其它
20251208,sh600734,AI应用,AI应用
20251208,sh600897,其它,其它
20251208,sh600973,元件,AI算力
20251208,sh601106,核电,新能源电网
20251208,sh601231,消费电子,AI算力
20251208,sh601933,其它,其它
20251208,sh603023,智能驾驶,AI应用
20251208,sh603042,有色,周期资源
20251208,sh603122,医药,医药
20251208,sh603228,PCB,AI算力
20251208,sh603256,PCB,AI算力
20251208,sh603278,航天,军工航天
20251208,sh603316,存储,AI算力
20251208,sh603386,PCB,AI算力
20251208,sh603528,航天,军工航天
20251208,sh603601,航天,军工航天
20251208,sh603667,机器人,机器人
20251208,sh603680,航天,军工航天
20251208,sh603686,机器人,机器人
20251208,sh603696,其它,其它
20251208,sh603698,航天,军工航天
20251208,sh603738,航天,军工航天
20251208,sh603898,AI应用,AI应用
20251208,sh605136,AI应用,AI应用
20251208,sh605168,AI应用,AI应用
20251208,sh605299,其它,其它
20251208,sh688719,半导体,AI算力
20251208,sh688800,有色,周期资源
20251208,sz000020,其它,其它
20251208,sz000571,煤炭,周期资源
20251208,sz000701,其它,其它
20251208,sz000811,液冷,AI算力
20251208,sz000901,航天,军工航天
20251208,sz000905,其它,其它
20251208,sz001203,储能,新能源电网
20251208,sz001267,光通信,AI算力
20251208,sz001270,其它,其它
20251208,sz001309,存储,AI算力
20251208,sz001330,AI应用,AI应用
20251208,sz001360,其它,其它
20251208,sz002029,其它,其它
20251208,sz002149,航天,军工航天
20251208,sz002163,其它,其它
20251208,sz002164,机器人,机器人
20251208,sz002222,其它,其它
20251208,sz002235,其它,其它
20251208,sz002295,有色,周期资源
20251208,sz002474,AI应用,AI应用
20251208,sz002492,其它,其它
20251208,sz002506,光伏,新能源电网
20251208,sz002512,航天,军工航天
20251208,sz002565,航天,军工航天
20251208,sz002578,有色,周期资源
20251208,sz002585,其它,其它
20251208,sz002589,医药,医药
20251208,sz002679,其它,其它
20251208,sz002682,机器人,机器人
20251208,sz002713,其它,其它
20251208,sz002752,其它,其它
20251208,sz002789,其它,其它
20251208,sz002792,航天,军工航天
20251208,sz002853,其它,其它
20251208,sz002943,有色,周期资源
20251208,sz002961,其它,其它
20251208,sz002977,航天,军工航天
20251208,sz003029,航天,军工航天
20251208,sz003031,航天,军工航天
20251208,sz300290,其它,其它
20251208,sz300337,航天,军工航天
20251208,sz300427,航天,军工航天
20251208,sz301183,光通信,AI算力
20251208,sz301486,元件,AI算力
20251209,sh600058,其它,其它
20251209,sh600151,光伏,新能源电网
20251209,sh600250,其它,其它
20251209,sh600280,其它,其它
20251209,sh600330,光通信,AI算力
20251209,sh600573,其它,其它
20251209,sh600673,算力,AI算力
20251209,sh600693,其它,其它
20251209,sh600696,其它,其它
20251209,sh600828,其它,其它
20251209,sh600855,航天,军工航天
20251209,sh600897,其它,其它
20251209,sh601279,其它,其它
20251209,sh601828,其它,其它
20251209,sh601908,光伏,新能源电网
20251209,sh601933,其它,其它
20251209,sh603023,其它,其它
20251209,sh603090,液冷,AI算力
20251209,sh603278,航天,军工航天
20251209,sh603373,低空经济,军工航天
20251209,sh603386,PCB,AI算力
20251209,sh603516,液冷,AI算力
20251209,sh603601,航天,军工航天
20251209,sh603696,其它,其它
20251209,sh603829,储能,新能源电网
20251209,sh603879,低空经济,军工航天
20251209,sh605299,其它,其它
20251209,sh688205,光通信,AI算力
20251209,sz000823,PCB,AI算力
20251209,sz000905,其它,其它
20251209,sz000953,其它,其它
20251209,sz001330,AI应用,AI应用
20251209,sz002105,其它,其它
20251209,sz002217,算力,AI算力
20251209,sz002229,算力,AI算力
20251209,sz002235,其它,其它
20251209,sz002301,其它,其它
20251209,sz002329,光伏,新能源电网
20251209,sz002339,其它,其它
20251209,sz002346,算力,AI算力
20251209,sz002413,存储,AI算力
20251209,sz002445,传媒,AI应用
20251209,sz002512,航天,军工航天
20251209,sz002682,机器人,机器人
20251209,sz002725,芯片,AI算力
20251209,sz002752,其它,其它
20251209,sz002927,算力,AI算力
20251209,sz002995,传媒,AI应用
20251209,sz003016,其它,其它
20251209,sz003031,光通信,AI算力
20251209,sz300056,算力,AI算力
20251209,sz300081,算力,AI算力
20251209,sz300959,AI应用,AI应用
20251209,sz301517,航天,军工航天
20251210,sh600184,光通信,AI算力
20251210,sh600200,其它,其它
20251210,sh600280,其它,其它
20251210,sh600330,航天,军工航天
20251210,sh600340,其它,其它
20251210,sh600678,航天,军工航天
20251210,sh600693,其它,其它
20251210,sh600828,其它,其它
20251210,sh601828,其它,其它
20251210,sh601869,光通信,AI算力
20251210,sh601933,其它,其它
20251210,sh603095,其它,其它
20251210,sh603101,其它,其它
20251210,sh603268,其它,其它
20251210,sh603506,机器人,机器人
20251210,sh603601,航天,军工航天
20251210,sh603681,储能,新能源电网
20251210,sh603709,其它,其它
20251210,sh603879,机器人,机器人
20251210,sh605358,其它,其它
20251210,sh688682,算力,AI算力
20251210,sz000002,其它,其它
20251210,sz000070,光通信,AI算力
20251210,sz000505,其它,其它
20251210,sz000532,储能,新能源电网
20251210,sz000567,其它,其它
20251210,sz000572,其它,其它
20251210,sz000678,军工,军工航天
20251210,sz000735,其它,其它
20251210,sz000759,其它,其它
20251210,sz000838,其它,其它
20251210,sz000886,算力,AI算力
20251210,sz000905,其它,其它
20251210,sz000936,光通信,AI算力
20251210,sz000950,其它,其它
20251210,sz000955,医药,医药
20251210,sz001270,其它,其它
20251210,sz001311,机器人,机器人
20251210,sz001330,AI应用,AI应用
20251210,sz001360,有色,周期资源
20251210,sz001386,其它,其它
20251210,sz002083,储能,新能源电网
20251210,sz002105,机器人,机器人
20251210,sz002133,其它,其它
20251210,sz002149,航天,军工航天
20251210,sz002163,其它,其它
20251210,sz002214,其它,其它
20251210,sz002235,其它,其它
20251210,sz002251,其它,其它
20251210,sz002285,其它,其它
20251210,sz002390,其它,其它
20251210,sz002596,化工,周期资源
20251210,sz002607,其它,其它
20251210,sz002633,其它,其它
20251210,sz002682,机器人,机器人
20251210,sz002725,芯片,AI算力
20251210,sz003016,其它,其它
20251210,sz003031,光通信,AI算力
20251210,sz300189,其它,其它
20251210,sz301279,机器人,机器人
20251211,920407.BJ,其它,其它
20251211,920576.BJ,核电,新能源电网
20251211,sh600105,光通信,AI算力
20251211,sh600165,其它,其它
20251211,sh600250,其它,其它
20251211,sh600343,航天,军工航天
20251211,sh600421,其它,其它
20251211,sh600678,航天,军工航天
20251211,sh600693,其它,其它
20251211,sh600865,其它,其它
20251211,sh600936,其它,其它
20251211,sh603506,机器人,机器人
20251211,sh603601,航天,军工航天
20251211,sh603709,其它,其它
20251211,sh603929,芯片,AI算力
20251211,sh605055,机器人,机器人
20251211,sh605358,芯片,AI算力
20251211,sh688119,航天,军工航天
20251211,sh688662,光通信,AI算力
20251211,sz000035,储能,新能源电网
20251211,sz000859,半导体,AI算力
20251211,sz000890,光通信,AI算力
20251211,sz000908,其它,其它
20251211,sz000950,创新药,医药
20251211,sz001208,电网,新能源电网
20251211,sz001270,其它,其它
20251211,sz002123,AI应用,AI应用
20251211,sz002157,其它,其它
20251211,sz002202,航天,军工航天
20251211,sz002235,其它,其它
20251211,sz002309,电网,新能源电网
20251211,sz002471,机器人,机器人
20251211,sz002519,机器人,机器人
20251211,sz002544,PCB,AI算力
20251211,sz002639,核电,新能源电网
20251211,sz002725,芯片,AI算力
20251211,sz300265,电网,新能源电网
20251211,sz300266,储能,新能源电网
20251212,920576.BJ,核电,新能源电网
20251212,sh600151,光伏,新能源电网
20251212,sh600165,其它,其它
20251212,sh600192,航天,军工航天
20251212,sh600237,其它,其它
20251212,sh600343,航天,军工航天
20251212,sh600493,其它,其它
20251212,sh600550,电网,新能源电网
20251212,sh600730,其它,其它
20251212,sh600776,航天,军工航天
20251212,sh600855,航天,军工航天
20251212,sh600865,其它,其它
20251212,sh600868,有色,周期资源
20251212,sh600875,核电,新能源电网
20251212,sh600936,其它,其它
20251212,sh600990,核电,新能源电网
20251212,sh601106,核电,新能源电网
20251212,sh601133,芯片,AI算力
20251212,sh601179,算力,AI算力
20251212,sh601399,核电,新能源电网
20251212,sh601566,其它,其它
20251212,sh601611,核电,新能源电网
20251212,sh601619,储能,新能源电网
20251212,sh601700,其它,其它
20251212,sh603031,算力,AI算力
20251212,sh603127,其它,其它
20251212,sh603163,芯片,AI算力
20251212,sh603408,其它,其它
20251212,sh603601,航天,军工航天
20251212,sh603610,AI应用,AI应用
20251212,sh603698,航天,军工航天
20251212,sh603709,其它,其它
20251212,sh603822,其它,其它
20251212,sh603929,芯片,AI算力
20251212,sh603992,机器人,机器人
20251212,sh605060,电网,新能源电网
20251212,sh605081,其它,其它
20251212,sh605090,航天,军工航天
20251212,sh605123,航天,军工航天
20251212,sh688368,芯片,AI算力
20251212,sz000510,有色,周期资源
20251212,sz000533,核电,新能源电网
20251212,sz000534,电网,新能源电网
20251212,sz000546,储能,新能源电网
20251212,sz000720,电网,新能源电网
20251212,sz000801,航天,军工航天
20251212,sz000862,电力,新能源电网
20251212,sz000890,光通信,AI算力
20251212,sz000969,有色,周期资源
20251212,sz001208,航天,军工航天
20251212,sz001270,其它,其它
20251212,sz001296,航天,军工航天
20251212,sz001330,传媒,AI应用
20251212,sz001331,机器人,机器人
20251212,sz002149,航天,军工航天
20251212,sz002200,其它,其它
20251212,sz002255,核电,新能源电网
20251212,sz002256,机器人,机器人
20251212,sz002300,电网,新能源电网
20251212,sz002309,电网,新能源电网
20251212,sz002347,机器人,机器人
20251212,sz002374,其它,其它
20251212,sz002438,核电,新能源电网
20251212,sz002451,电网,新能源电网
20251212,sz002471,机器人,机器人
20251212,sz002478,黑色,周期资源
20251212,sz002565,算力,AI算力
20251212,sz002584,储能,新能源电网
20251212,sz002639,核电,新能源电网
20251212,sz002682,机器人,机器人
20251212,sz002862,其它,其它
20251212,sz002865,光伏,新能源电网
20251212,sz002927,算力,AI算力
20251212,sz002989,半导体,AI算力
20251212,sz003033,机器人,机器人
20251212,sz300062,电网,新能源电网
20251212,sz300265,航天,军工航天
20251212,sz300285,航天,军工航天
20251212,sz300445,航天,军工航天
20251212,sz300963,核电,新能源电网
20251212,sz301005,航天,军工航天
20251212,sz301079,机器人,机器人
20251212,sz301468,电网,新能源电网
20251215,920665.BJ,航天,军工航天
20251215,920857.BJ,算力,AI算力
20251215,sh600113,医药,医药
20251215,sh600135,储能,新能源电网
20251215,sh600151,光伏,新能源电网
20251215,sh600165,其它,其它
20251215,sh600186,算力,AI算力
20251215,sh600187,其它,其它
20251215,sh600192,核电,新能源电网
20251215,sh600232,其它,其它
20251215,sh600271,AI应用,AI应用
20251215,sh600399,核电,新能源电网
20251215,sh600408,其它,其它
20251215,sh600737,其它,其它
20251215,sh600865,其它,其它
20251215,sh600879,航天,军工航天
20251215,sh600936,其它,其它
20251215,sh601208,PCB,AI算力
20251215,sh601700,其它,其它
20251215,sh601778,储能,新能源电网
20251215,sh601828,其它,其它
20251215,sh601908,光伏,新能源电网
20251215,sh603311,其它,其它
20251215,sh603601,航天,军工航天
20251215,sh603822,其它,其它
20251215,sh603871,其它,其它
20251215,sh605339,其它,其它
20251215,sh605388,其它,其它
20251215,sh688720,存储,AI算力
20251215,sz000007,其它,其它
20251215,sz000061,其它,其它
20251215,sz000536,其它,其它
20251215,sz000609,其它,其它
20251215,sz000620,存储,AI算力
20251215,sz000825,核电,新能源电网
20251215,sz000850,其它,其它
20251215,sz000890,光通信,AI算力
20251215,sz000950,创新药,医药
20251215,sz000995,其它,其它
20251215,sz001208,航天,军工航天
20251215,sz001270,其它,其它
20251215,sz001317,其它,其它
20251215,sz001318,其它,其它
20251215,sz001331,机器人,机器人
20251215,sz002053,储能,新能源电网
20251215,sz002083,储能,新能源电网
20251215,sz002115,航天,军工航天
20251215,sz002187,其它,其它
20251215,sz002200,其它,其它
20251215,sz002300,电网,新能源电网
20251215,sz002307,其它,其它
20251215,sz002329,其它,其它
20251215,sz002374,其它,其它
20251215,sz002382,其它,其它
20251215,sz002413,存储,AI算力
20251215,sz002471,核电,新能源电网
20251215,sz002639,核电,新能源电网
20251215,sz002674,机器人,机器人
20251215,sz002676,机器人,机器人
20251215,sz002697,机器人,机器人
20251215,sz002792,光通信,AI算力
20251215,sz002868,其它,其它
20251215,sz300118,储能,新能源电网
20251215,sz300423,核电,新能源电网
20251215,sz300997,其它,其它
20251216,920092.BJ,智能驾驶,AI应用
20251216,920765.BJ,其它,其它
20251216,sh600165,其它,其它
20251216,sh600198,智能驾驶,AI应用
20251216,sh600271,金融科技,AI应用
20251216,sh600280,其它,其它
20251216,sh600650,智能驾驶,AI应用
20251216,sh600697,其它,其它
20251216,sh600733,智能驾驶,AI应用
20251216,sh600828,其它,其它
20251216,sh600865,其它,其它
20251216,sh600879,航天,军工航天
20251216,sh601366,其它,其它
20251216,sh601566,其它,其它
20251216,sh601933,其它,其它
20251216,sh603023,智能驾驶,AI应用
20251216,sh603123,金融科技,AI应用
20251216,sh603212,光伏,新能源电网
20251216,sh603528,智能驾驶,AI应用
20251216,sh603696,其它,其它
20251216,sh603708,其它,其它
20251216,sh603822,其它,其它
20251216,sh603863,化工,周期资源
20251216,sh605222,电网,新能源电网
20251216,sz000656,其它,其它
20251216,sz000716,其它,其它
20251216,sz000890,光通信,AI算力
20251216,sz001208,航天,军工航天
20251216,sz001255,化工,周期资源
20251216,sz001270,其它,其它
20251216,sz001317,其它,其它
20251216,sz001331,机器人,机器人
20251216,sz002104,金融科技,AI应用
20251216,sz002187,其它,其它
20251216,sz002285,其它,其它
20251216,sz002300,电网,新能源电网
20251216,sz002329,其它,其它
20251216,sz002607,其它,其它
20251216,sz002697,机器人,机器人
20251216,sz002703,智能驾驶,AI应用
20251216,sz002766,智能驾驶,AI应用
20251216,sz002792,光通信,AI算力
20251216,sz002813,智能驾驶,AI应用
20251216,sz002853,其它,其它
20251216,sz300516,航天,军工航天
20251216,sz300552,智能驾驶,AI应用
20251217,sh600079,其它,其它
20251217,sh600165,其它,其它
20251217,sh600228,其它,其它
20251217,sh600234,传媒,AI应用
20251217,sh600250,其它,其它
20251217,sh600501,航天,军工航天
20251217,sh600706,其它,其它
20251217,sh600725,其它,其它
20251217,sh600865,其它,其它
20251217,sh601231,消费电子,AI算力
20251217,sh601366,其它,其它
20251217,sh601399,核电,新能源电网
20251217,sh601869,光通信,AI算力
20251217,sh603021,其它,其它
20251217,sh603090,液冷,AI算力
20251217,sh603123,金融科技,AI应用
20251217,sh603124,PCB,AI算力
20251217,sh603389,其它,其它
20251217,sh603585,化工,周期资源
20251217,sh603703,航天,军工航天
20251217,sh603757,液冷,AI算力
20251217,sh605365,半导体,AI算力
20251217,sh688228,存储,AI算力
20251217,sz000546,储能,新能源电网
20251217,sz001203,储能,新能源电网
20251217,sz001255,化工,周期资源
20251217,sz001270,其它,其它
20251217,sz001317,智能驾驶,AI应用
20251217,sz001331,机器人,机器人
20251217,sz001359,PCB,AI算力
20251217,sz002044,AI应用,AI应用
20251217,sz002188,其它,其它
20251217,sz002198,医药,医药
20251217,sz002240,储能,新能源电网
20251217,sz002281,光通信,AI算力
20251217,sz002491,光通信,AI算力
20251217,sz002536,液冷,AI算力
20251217,sz002545,其它,其它
20251217,sz002581,其它,其它
20251217,sz002703,智能驾驶,AI应用
20251217,sz002717,其它,其它
20251217,sz002735,军工,军工航天
20251217,sz002759,储能,新能源电网
20251217,sz002788,医药,医药
20251217,sz002796,光通信,AI算力
20251217,sz002837,液冷,AI算力
20251217,sz002853,其它,其它
20251217,sz002865,光伏,新能源电网
20251217,sz002910,其它,其它
20251217,sz002916,PCB,AI算力
20251217,sz002931,机器人,机器人
20251217,sz002969,其它,其它
20251217,sz003005,其它,其它
20251217,sz003031,光通信,AI算力
20251217,sz300551,金融科技,AI应用
20251217,sz301123,元件,AI算力
20251217,sz301205,光通信,AI算力
20251218,920407.BJ,其它,其它
20251218,920885.BJ,航天,军工航天
20251218,sh600107,其它,其它
20251218,sh600137,其它,其它
20251218,sh600165,其它,其它
20251218,sh600191,其它,其它
20251218,sh600250,其它,其它
20251218,sh600280,其它,其它
20251218,sh600439,其它,其它
20251218,sh600599,其它,其它
20251218,sh600608,其它,其它
20251218,sh600628,其它,其它
20251218,sh600824,其它,其它
20251218,sh600838,其它,其它
20251218,sh600865,其它,其它
20251218,sh601198,其它,其它
20251218,sh601366,其它,其它
20251218,sh601566,其它,其它
20251218,sh601869,光通信,AI算力
20251218,sh603022,其它,其它
20251218,sh603023,智能驾驶,AI应用
20251218,sh603221,其它,其它
20251218,sh603389,其它,其它
20251218,sh603517,其它,其它
20251218,sh603585,化工,周期资源
20251218,sh603679,航天,军工航天
20251218,sh603703,航天,军工航天
20251218,sh603716,AI应用,AI应用
20251218,sh603777,传媒,AI应用
20251218,sh603803,光通信,AI算力
20251218,sh605318,其它,其它
20251218,sh605365,半导体,AI算力
20251218,sh688246,AI应用,AI应用
20251218,sz000017,有色,周期资源
20251218,sz000411,医药,医药
20251218,sz000609,其它,其它
20251218,sz000638,其它,其它
20251218,sz000797,其它,其它
20251218,sz000863,传媒,AI应用
20251218,sz000950,创新药,医药
20251218,sz001255,化工,周期资源
20251218,sz001270,其它,其它
20251218,sz001330,AI应用,AI应用
20251218,sz001331,机器人,机器人
20251218,sz002044,AI应用,AI应用
20251218,sz002058,其它,其它
20251218,sz002103,传媒,AI应用
20251218,sz002149,航天,军工航天
20251218,sz002188,其它,其它
20251218,sz002319,光伏,新能源电网
20251218,sz002329,其它,其它
20251218,sz002338,其它,其它
20251218,sz002355,智能驾驶,AI应用
20251218,sz002361,航天,军工航天
20251218,sz002522,光通信,AI算力
20251218,sz002565,航天,军工航天
20251218,sz002581,其它,其它
20251218,sz002614,传媒,AI应用
20251218,sz002703,智能驾驶,AI应用
20251218,sz002727,医药,医药
20251218,sz002772,其它,其它
20251218,sz002788,医药,医药
20251218,sz002808,其它,其它
20251218,sz002853,其它,其它
20251218,sz002865,光伏,新能源电网
20251218,sz002910,其它,其它
20251218,sz002969,其它,其它
20251218,sz002977,航天,军工航天
20251218,sz002985,航天,军工航天
20251218,sz300640,传媒,AI应用
20251218,sz300710,其它,其它
20251218,sz301017,医药,医药
20251218,sz301408,AI应用,AI应用
20251219,sh600076,其它,其它
20251219,sh600079,其它,其它
20251219,sh600107,其它,其它
20251219,sh600108,其它,其它
20251219,sh600165,其它,其它
20251219,sh600234,其它,其它
20251219,sh600330,航天,军工航天
20251219,sh600367,其它,其它
20251219,sh600391,其它,其它
20251219,sh600468,核电,新能源电网
20251219,sh600493,其它,其它
20251219,sh600620,光伏,新能源电网
20251219,sh600838,其它,其它
20251219,sh600936,其它,其它
20251219,sh600990,核电,新能源电网
20251219,sh601106,核电,新能源电网
20251219,sh601566,其它,其它
20251219,sh603023,智能驾驶,AI应用
20251219,sh603031,其它,其它
20251219,sh603069,其它,其它
20251219,sh603389,其它,其它
20251219,sh603398,其它,其它
20251219,sh603585,化工,周期资源
20251219,sh603608,其它,其它
20251219,sh603626,消费电子,AI算力
20251219,sh603679,航天,军工航天
20251219,sh603698,化工,周期资源
20251219,sh603757,核电,新能源电网
20251219,sh603813,其它,其它
20251219,sh603817,其它,其它
20251219,sh603977,航天,军工航天
20251219,sh605003,其它,其它
20251219,sh605318,其它,其它
20251219,sz000036,其它,其它
20251219,sz000417,其它,其它
20251219,sz000419,其它,其它
20251219,sz000510,有色,周期资源
20251219,sz000523,其它,其它
20251219,sz000566,医药,医药
20251219,sz000632,其它,其它
20251219,sz000638,其它,其它
20251219,sz000639,其它,其它
20251219,sz000669,其它,其它
20251219,sz000826,智能驾驶,AI应用
20251219,sz000863,传媒,AI应用
20251219,sz000917,传媒,AI应用
20251219,sz000981,智能驾驶,AI应用
20251219,sz001331,机器人,机器人
20251219,sz001336,航天,军工航天
20251219,sz001379,核电,新能源电网
20251219,sz002046,航天,军工航天
20251219,sz002105,机器人,机器人
20251219,sz002133,其它,其它
20251219,sz002149,航天,军工航天
20251219,sz002163,其它,其它
20251219,sz002188,其它,其它
20251219,sz002204,核电,新能源电网
20251219,sz002264,其它,其它
20251219,sz002361,航天,军工航天
20251219,sz002491,光通信,AI算力
20251219,sz002501,光伏,新能源电网
20251219,sz002596,化工,周期资源
20251219,sz002639,核电,新能源电网
20251219,sz002644,医药,医药
20251219,sz002666,核电,新能源电网
20251219,sz002677,智能驾驶,AI应用
20251219,sz002693,其它,其它
20251219,sz002703,智能驾驶,AI应用
20251219,sz002713,其它,其它
20251219,sz002735,军工,军工航天
20251219,sz002748,其它,其它
20251219,sz002762,其它,其它
20251219,sz002766,智能驾驶,AI应用
20251219,sz002788,医药,医药
20251219,sz002808,其它,其它
20251219,sz002813,智能驾驶,AI应用
20251219,sz002910,其它,其它
20251219,sz002969,其它,其它
20251219,sz003010,传媒,AI应用
20251219,sz300557,智能驾驶,AI应用
20251219,sz300703,传媒,AI应用
20251219,sz300947,传媒,AI应用
20251222,920023.BJ,其它,其它
20251222,sh600107,其它,其它
20251222,sh600165,其它,其它
20251222,sh600179,航运,周期资源
20251222,sh600221,其它,其它
20251222,sh600238,其它,其它
20251222,sh600355,其它,其它
20251222,sh600376,机器人,机器人
20251222,sh600487,光通信,AI算力
20251222,sh600515,其它,其它
20251222,sh600580,机器人,机器人
20251222,sh600599,其它,其它
20251222,sh600608,其它,其它
20251222,sh600693,其它,其它
20251222,sh600696,其它,其它
20251222,sh600759,其它,其它
20251222,sh601068,其它,其它
20251222,sh601106,核电,新能源电网
20251222,sh601118,化工,周期资源
20251222,sh601212,核电,新能源电网
20251222,sh601231,光通信,AI算力
20251222,sh601869,光通信,AI算力
20251222,sh601888,其它,其它
20251222,sh601969,黑色,周期资源
20251222,sh603069,其它,其它
20251222,sh603163,芯片,AI算力
20251222,sh603268,其它,其它
20251222,sh603300,算力,AI算力
20251222,sh603344,机器人,机器人
20251222,sh603380,机器人,机器人
20251222,sh603458,智能驾驶,AI应用
20251222,sh603535,其它,其它
20251222,sh603618,PCB,AI算力
20251222,sh603696,其它,其它
20251222,sh603828,其它,其它
20251222,sh603843,其它,其它
20251222,sh603868,其它,其它
20251222,sh603928,储能,新能源电网
20251222,sh603929,芯片,AI算力
20251222,sh603959,机器人,机器人
20251222,sh603977,航天,军工航天
20251222,sh605167,核电,新能源电网
20251222,sh605199,其它,其它
20251222,sh605358,芯片,AI算力
20251222,sh605377,化工,周期资源
20251222,sh688668,光通信,AI算力
20251222,sz000070,光通信,AI算力
20251222,sz000407,其它,其它
20251222,sz000505,其它,其它
20251222,sz000523,其它,其它
20251222,sz000551,半导体,AI算力
20251222,sz000566,医药,医药
20251222,sz000567,其它,其它
20251222,sz000571,煤炭,周期资源
20251222,sz000572,其它,其它
20251222,sz000638,其它,其它
20251222,sz000735,其它,其它
20251222,sz000752,其它,其它
20251222,sz000753,其它,其它
20251222,sz000796,其它,其它
20251222,sz000886,算力,AI算力
20251222,sz000955,医药,医药
20251222,sz000981,智能驾驶,AI应用
20251222,sz001217,其它,其它
20251222,sz001331,机器人,机器人
20251222,sz001336,航天,军工航天
20251222,sz002046,机器人,机器人
20251222,sz002151,航天,军工航天
20251222,sz002163,其它,其它
20251222,sz002168,其它,其它
20251222,sz002169,半导体,AI算力
20251222,sz002175,其它,其它
20251222,sz002199,其它,其它
20251222,sz002228,其它,其它
20251222,sz002284,智能驾驶,AI应用
20251222,sz002289,其它,其它
20251222,sz002306,其它,其它
20251222,sz002320,航运,周期资源
20251222,sz002361,航天,军工航天
20251222,sz002414,航天,军工航天
20251222,sz002518,算力,AI算力
20251222,sz002523,机器人,机器人
20251222,sz002529,其它,其它
20251222,sz002569,其它,其它
20251222,sz002596,化工,周期资源
20251222,sz002666,核电,新能源电网
20251222,sz002678,其它,其它
20251222,sz002693,其它,其它
20251222,sz002713,其它,其它
20251222,sz002769,其它,其它
20251222,sz002788,医药,医药
20251222,sz002789,其它,其它
20251222,sz002792,光通信,AI算力
20251222,sz002800,其它,其它
20251222,sz002810,其它,其它
20251222,sz002910,其它,其它
20251222,sz002951,光通信,AI算力
20251222,sz002969,其它,其它
20251222,sz003021,机器人,机器人
20251222,sz300086,医药,医药
20251222,sz300189,其它,其它
20251222,sz300344,其它,其它
20251222,sz300391,其它,其它
20251222,sz300506,其它,其它
20251222,sz301611,半导体,AI算力
20251223,sh600179,其它,其它
20251223,sh600355,其它,其它
20251223,sh600550,电网,新能源电网
20251223,sh600599,其它,其它
20251223,sh600696,其它,其它
20251223,sh600712,其它,其它
20251223,sh601133,芯片,AI算力
20251223,sh601208,PCB,AI算力
20251223,sh603069,其它,其它
20251223,sh603163,芯片,AI算力
20251223,sh603203,液冷,AI算力
20251223,sh603256,PCB,AI算力
20251223,sh603268,其它,其它
20251223,sh603696,其它,其它
20251223,sh603698,航天,军工航天
20251223,sh603929,芯片,AI算力
20251223,sh603938,半导体,AI算力
20251223,sh603978,核电,新能源电网
20251223,sh605167,核电,新能源电网
20251223,sh688376,芯片,AI算力
20251223,sz000036,其它,其它
20251223,sz000551,半导体,AI算力
20251223,sz000566,医药,医药
20251223,sz000638,其它,其它
20251223,sz000668,其它,其它
20251223,sz000695,储能,新能源电网
20251223,sz000759,其它,其它
20251223,sz000859,半导体,AI算力
20251223,sz001331,机器人,机器人
20251223,sz001336,航天,军工航天
20251223,sz002098,其它,其它
20251223,sz002163,其它,其它
20251223,sz002168,其它,其它
20251223,sz002201,PCB,AI算力
20251223,sz002228,其它,其它
20251223,sz002231,其它,其它
20251223,sz002272,液冷,AI算力
20251223,sz002289,其它,其它
20251223,sz002306,其它,其它
20251223,sz002330,其它,其它
20251223,sz002361,航天,军工航天
20251223,sz002378,有色,周期资源
20251223,sz002394,其它,其它
20251223,sz002407,储能,新能源电网
20251223,sz002569,其它,其它
20251223,sz002571,其它,其它
20251223,sz002586,其它,其它
20251223,sz002596,化工,周期资源
20251223,sz002631,储能,新能源电网
20251223,sz002643,半导体,AI算力
20251223,sz002718,其它,其它
20251223,sz002759,储能,新能源电网
20251223,sz002788,医药,医药
20251223,sz002789,其它,其它
20251223,sz002796,光通信,AI算力
20251223,sz002810,其它,其它
20251223,sz002837,液冷,AI算力
20251223,sz002842,有色,周期资源
20251223,sz002843,算力,AI算力
20251223,sz002848,其它,其它
20251223,sz002888,消费电子,AI算力
20251223,sz002909,液冷,AI算力
20251223,sz002957,储能,新能源电网
20251223,sz002969,其它,其它
20251223,sz300414,航天,军工航天
20251223,sz300726,航天,军工航天
20251223,sz300990,液冷,AI算力
20251223,sz301123,元件,AI算力
20251224,920680.BJ,其它,其它
20251224,sh600103,化工,周期资源
20251224,sh600105,光通信,AI算力
20251224,sh600118,航天,军工航天
20251224,sh600179,航运,周期资源
20251224,sh600183,PCB,AI算力
20251224,sh600193,其它,其它
20251224,sh600330,航天,军工航天
20251224,sh600343,航天,军工航天
20251224,sh600475,光伏,新能源电网
20251224,sh600525,其它,其它
20251224,sh600693,其它,其它
20251224,sh600755,其它,其它
20251224,sh600761,其它,其它
20251224,sh600775,航天,军工航天
20251224,sh600783,航天,军工航天
20251224,sh600962,其它,其它
20251224,sh601231,光通信,AI算力
20251224,sh601279,其它,其它
20251224,sh603090,液冷,AI算力
20251224,sh603097,算力,AI算力
20251224,sh603163,芯片,AI算力
20251224,sh603261,其它,其它
20251224,sh603278,航天,军工航天
20251224,sh603311,其它,其它
20251224,sh603389,其它,其它
20251224,sh603601,航天,军工航天
20251224,sh603678,航天,军工航天
20251224,sh603696,其它,其它
20251224,sh603698,化工,周期资源
20251224,sh603879,无人机,军工航天
20251224,sh605003,其它,其它
20251224,sh605007,化工,周期资源
20251224,sh605069,其它,其它
20251224,sh605090,航天,军工航天
20251224,sh605598,航天,军工航天
20251224,sh688323,航天,军工航天
20251224,sh688456,航天,军工航天
20251224,sz000036,其它,其它
20251224,sz000551,航天,军工航天
20251224,sz000608,其它,其它
20251224,sz000632,其它,其它
20251224,sz000668,其它,其它
20251224,sz000677,低空经济,军工航天
20251224,sz000796,其它,其它
20251224,sz000802,传媒,AI应用
20251224,sz000985,化工,周期资源
20251224,sz001316,航天,军工航天
20251224,sz001331,机器人,机器人
20251224,sz002046,机器人,机器人
20251224,sz002134,PCB,AI算力
20251224,sz002163,其它,其它
20251224,sz002166,其它,其它
20251224,sz002201,航天,军工航天
20251224,sz002228,其它,其它
20251224,sz002289,其它,其它
20251224,sz002297,航天,军工航天
20251224,sz002306,其它,其它
20251224,sz002324,航天,军工航天
20251224,sz002361,航天,军工航天
20251224,sz002363,航天,军工航天
20251224,sz002364,算力,AI算力
20251224,sz002383,智能驾驶,AI应用
20251224,sz002427,化工,周期资源
20251224,sz002429,光通信,AI算力
20251224,sz002471,机器人,机器人
20251224,sz002592,其它,其它
20251224,sz002703,智能驾驶,AI应用
20251224,sz002752,其它,其它
20251224,sz002759,其它,其它
20251224,sz002789,其它,其它
20251224,sz002829,航天,军工航天
20251224,sz002851,算力,AI算力
20251224,sz002865,光伏,新能源电网
20251224,sz002909,液冷,AI算力
20251224,sz002947,算力,AI算力
20251224,sz002951,光通信,AI算力
20251224,sz002961,其它,其它
20251224,sz002969,其它,其它
20251224,sz003007,算力,AI算力
20251224,sz003016,其它,其它
20251224,sz300131,光通信,AI算力
20251224,sz300593,航天,军工航天
20251224,sz300629,航天,军工航天
20251224,sz300887,其它,其它
20251224,sz301005,航天,军工航天
20251225,920680.BJ,其它,其它
20251225,sh600118,航天,军工航天
20251225,sh600179,航运,周期资源
20251225,sh600279,其它,其它
20251225,sh600345,航天,军工航天
20251225,sh600370,其它,其它
20251225,sh600376,机器人,机器人
20251225,sh600391,其它,其它
20251225,sh600577,机器人,机器人
20251225,sh600592,机器人,机器人
20251225,sh600735,其它,其它
20251225,sh600755,其它,其它
20251225,sh600779,其它,其它
20251225,sh600783,航天,军工航天
20251225,sh600793,化工,周期资源
20251225,sh600824,其它,其它
20251225,sh600865,其它,其它
20251225,sh600879,航天,军工航天
20251225,sh600892,其它,其它
20251225,sh600966,化工,周期资源
20251225,sh603028,机器人,机器人
20251225,sh603095,其它,其它
20251225,sh603119,机器人,机器人
20251225,sh603130,机器人,机器人
20251225,sh603163,芯片,AI算力
20251225,sh603278,航天,军工航天
20251225,sh603305,机器人,机器人
20251225,sh603389,其它,其它
20251225,sh603398,其它,其它
20251225,sh603601,航天,军工航天
20251225,sh603698,航天,军工航天
20251225,sh603809,机器人,机器人
20251225,sh603843,其它,其它
20251225,sh605007,化工,周期资源
20251225,sh605123,航天,军工航天
20251225,sh605255,芯片,AI算力
20251225,sh605598,航天,军工航天
20251225,sz000551,航天,军工航天
20251225,sz000559,机器人,机器人
20251225,sz000593,其它,其它
20251225,sz000609,其它,其它
20251225,sz000777,核电,新能源电网
20251225,sz000859,半导体,AI算力
20251225,sz001208,航天,军工航天
20251225,sz001212,半导体,AI算力
20251225,sz001270,其它,其它
20251225,sz001300,其它,其它
20251225,sz001331,机器人,机器人
20251225,sz001360,其它,其它
20251225,sz001400,航天,军工航天
20251225,sz002009,机器人,机器人
20251225,sz002082,创新药,医药
20251225,sz002115,航天,军工航天
20251225,sz002196,机器人,机器人
20251225,sz002197,金融科技,AI应用
20251225,sz002201,PCB,AI算力
20251225,sz002202,航天,军工航天
20251225,sz002228,化工,周期资源
20251225,sz002253,其它,其它
20251225,sz002264,其它,其它
20251225,sz002289,其它,其它
20251225,sz002297,航天,军工航天
20251225,sz002306,其它,其它
20251225,sz002346,算力,AI算力
20251225,sz002347,机器人,机器人
20251225,sz002356,氢能,新能源电网
20251225,sz002361,航天,军工航天
20251225,sz002363,航天,军工航天
20251225,sz002446,航天,军工航天
20251225,sz002560,其它,其它
20251225,sz002569,其它,其它
20251225,sz002583,航天,军工航天
20251225,sz002592,其它,其它
20251225,sz002640,其它,其它
20251225,sz002652,半导体,AI算力
20251225,sz002713,其它,其它
20251225,sz002763,其它,其它
20251225,sz002789,其它,其它
20251225,sz002792,光通信,AI算力
20251225,sz002800,其它,其它
20251225,sz002870,机器人,机器人
20251225,sz002931,机器人,机器人
20251225,sz002935,存储,AI算力
20251225,sz002951,金融科技,AI应用
20251225,sz002969,其它,其它
20251225,sz003007,航天,军工航天
20251225,sz003009,航天,军工航天
20251225,sz300503,机器人,机器人
20251225,sz300668,医药,医药
20251225,sz300900,航天,军工航天
20251225,sz301005,航天,军工航天
20251225,sz301043,其它,其它
20251225,sz301469,化工,周期资源
20251226,920680.BJ,其它,其它
20251226,sh600021,电力,新能源电网
20251226,sh600105,航天,军工航天
20251226,sh600118,航天,军工航天
20251226,sh600136,其它,其它
20251226,sh600165,其它,其它
20251226,sh600179,其它,其它
20251226,sh600228,其它,其它
20251226,sh600330,航天,军工航天
20251226,sh600345,航天,军工航天
20251226,sh600362,有色,周期资源
20251226,sh600537,光伏,新能源电网
20251226,sh600576,其它,其它
20251226,sh600599,其它,其它
20251226,sh600708,其它,其它
20251226,sh600736,航天,军工航天
20251226,sh600755,其它,其它
20251226,sh600759,其它,其它
20251226,sh600783,航天,军工航天
20251226,sh600858,其它,其它
20251226,sh601698,航天,军工航天
20251226,sh601969,其它,其它
20251226,sh603007,其它,其它
20251226,sh603069,其它,其它
20251226,sh603278,航天,军工航天
20251226,sh603601,航天,军工航天
20251226,sh603626,机器人,机器人
20251226,sh603660,其它,其它
20251226,sh603680,航天,军工航天
20251226,sh603686,机器人,机器人
20251226,sh603843,其它,其它
20251226,sh603978,核电,新能源电网
20251226,sh605007,化工,周期资源
20251226,sh605566,光伏,新能源电网
20251226,sh605598,航天,军工航天
20251226,sh688158,航天,军工航天
20251226,sz000036,储能,新能源电网
20251226,sz000505,其它,其它
20251226,sz000510,有色,周期资源
20251226,sz000523,其它,其它
20251226,sz000547,航天,军工航天
20251226,sz000659,其它,其它
20251226,sz000688,储能,新能源电网
20251226,sz000777,核电,新能源电网
20251226,sz000863,传媒,AI应用
20251226,sz000973,储能,新能源电网
20251226,sz001270,其它,其它
20251226,sz001309,存储,AI算力
20251226,sz001326,其它,其它
20251226,sz001331,机器人,机器人
20251226,sz001376,电力,新能源电网
20251226,sz002009,储能,新能源电网
20251226,sz002081,芯片,AI算力
20251226,sz002136,化工,周期资源
20251226,sz002151,航天,军工航天
20251226,sz002163,其它,其它
20251226,sz002168,其它,其它
20251226,sz002201,航天,军工航天
20251226,sz002268,金融科技,AI应用
20251226,sz002289,其它,其它
20251226,sz002326,储能,新能源电网
20251226,sz002347,机器人,机器人
20251226,sz002361,航天,军工航天
20251226,sz002363,航天,军工航天
20251226,sz002471,机器人,机器人
20251226,sz002506,光伏,新能源电网
20251226,sz002571,光伏,新能源电网
20251226,sz002591,储能,新能源电网
20251226,sz002652,半导体,AI算力
20251226,sz002691,机器人,机器人
20251226,sz002703,智能驾驶,AI应用
20251226,sz002752,其它,其它
20251226,sz002756,储能,新能源电网
20251226,sz002759,储能,新能源电网
20251226,sz002763,其它,其它
20251226,sz002769,其它,其它
20251226,sz002789,其它,其它
20251226,sz002792,光通信,AI算力
20251226,sz002805,储能,新能源电网
20251226,sz002853,芯片,AI算力
20251226,sz002856,其它,其它
20251226,sz002865,光伏,新能源电网
20251226,sz002903,机器人,机器人
20251226,sz002919,传媒,AI应用
20251226,sz002931,机器人,机器人
20251226,sz002969,其它,其它
20251226,sz300291,其它,其它
20251226,sz300819,机器人,机器人
20251226,sz301117,航天,军工航天
20251226,sz301181,其它,其它
20251226,sz301246,储能,新能源电网
20251226,sz301292,储能,新能源电网
20251229,sh600058,其它,其它
20251229,sh600118,航天,军工航天
20251229,sh600151,光伏,新能源电网
20251229,sh600178,其它,其它
20251229,sh600355,其它,其它
20251229,sh600477,光伏,新能源电网
20251229,sh600481,光伏,新能源电网
20251229,sh600506,液冷,AI算力
20251229,sh600599,其它,其它
20251229,sh600736,航天,军工航天
20251229,sh600759,其它,其它
20251229,sh600783,航天,军工航天
20251229,sh600828,其它,其它
20251229,sh601113,其它,其它
20251229,sh601700,其它,其它
20251229,sh603007,其它,其它
20251229,sh603017,航天,军工航天
20251229,sh603116,其它,其它
20251229,sh603123,金融科技,AI应用
20251229,sh603192,化工,周期资源
20251229,sh603278,航天,军工航天
20251229,sh603332,其它,其它
20251229,sh603353,芯片,AI算力
20251229,sh603458,智能驾驶,AI应用
20251229,sh603667,机器人,机器人
20251229,sh603778,光伏,新能源电网
20251229,sh603828,其它,其它
20251229,sh603843,其它,其它
20251229,sh603876,储能,新能源电网
20251229,sh603879,低空经济,军工航天
20251229,sh603936,PCB,AI算力
20251229,sh605069,其它,其它
20251229,sh605086,其它,其它
20251229,sh605123,航天,军工航天
20251229,sh605168,其它,其它
20251229,sh605255,芯片,AI算力
20251229,sh688090,机器人,机器人
20251229,sh688160,机器人,机器人
20251229,sh688523,航天,军工航天
20251229,sz000048,其它,其它
20251229,sz000420,新材料,周期资源
20251229,sz000430,其它,其它
20251229,sz000547,航天,军工航天
20251229,sz000615,其它,其它
20251229,sz000659,其它,其它
20251229,sz000700,机器人,机器人
20251229,sz000917,航天,军工航天
20251229,sz000987,航天,军工航天
20251229,sz001217,其它,其它
20251229,sz001229,航天,军工航天
20251229,sz001266,液冷,AI算力
20251229,sz001270,其它,其它
20251229,sz001311,机器人,机器人
20251229,sz001331,机器人,机器人
20251229,sz001335,其它,其它
20251229,sz002009,储能,新能源电网
20251229,sz002072,煤炭,周期资源
20251229,sz002146,其它,其它
20251229,sz002169,半导体,AI算力
20251229,sz002177,金融科技,AI应用
20251229,sz002187,其它,其它
20251229,sz002199,其它,其它
20251229,sz002202,航天,军工航天
20251229,sz002261,其它,其它
20251229,sz002272,液冷,AI算力
20251229,sz002306,其它,其它
20251229,sz002347,机器人,机器人
20251229,sz002361,航天,军工航天
20251229,sz002413,航天,军工航天
20251229,sz002465,航天,军工航天
20251229,sz002471,机器人,机器人
20251229,sz002485,其它,其它
20251229,sz002571,其它,其它
20251229,sz002591,光伏,新能源电网
20251229,sz002592,其它,其它
20251229,sz002647,其它,其它
20251229,sz002652,半导体,AI算力
20251229,sz002691,机器人,机器人
20251229,sz002789,其它,其它
20251229,sz002931,机器人,机器人
20251229,sz002969,其它,其它
20251229,sz003033,机器人,机器人
20251229,sz300125,其它,其它
20251229,sz300582,其它,其它
20251229,sz300751,光伏,新能源电网
20251229,sz301225,PEEK,机器人
20251229,sz301237,新材料,周期资源
20251230,920270.BJ,机器人,机器人
20251230,sh600107,其它,其它
20251230,sh600192,核电,新能源电网
20251230,sh600271,金融科技,AI应用
20251230,sh600376,机器人,机器人
20251230,sh600506,液冷,AI算力
20251230,sh600552,其它,其它
20251230,sh600682,其它,其它
20251230,sh600776,航天,军工航天
20251230,sh603007,其它,其它
20251230,sh603009,机器人,机器人
20251230,sh603119,机器人,机器人
20251230,sh603192,化工,周期资源
20251230,sh603211,机器人,机器人
20251230,sh603278,航天,军工航天
20251230,sh603359,航天,军工航天
20251230,sh603389,其它,其它
20251230,sh603458,智能驾驶,AI应用
20251230,sh603608,其它,其它
20251230,sh603626,机器人,机器人
20251230,sh603667,机器人,机器人
20251230,sh603686,机器人,机器人
20251230,sh603722,其它,其它
20251230,sh603798,液冷,AI算力
20251230,sh603843,其它,其它
20251230,sh605003,其它,其它
20251230,sh605028,电力,新能源电网
20251230,sh605069,其它,其它
20251230,sh605081,其它,其它
20251230,sh605086,其它,其它
20251230,sh605255,其它,其它
20251230,sh688160,机器人,机器人
20251230,sz000411,医药,医药
20251230,sz000430,其它,其它
20251230,sz000530,液冷,AI算力
20251230,sz000559,机器人,机器人
20251230,sz000665,算力,AI算力
20251230,sz000700,机器人,机器人
20251230,sz000703,化工,周期资源
20251230,sz000981,智能驾驶,AI应用
20251230,sz001208,航天,军工航天
20251230,sz001266,液冷,AI算力
20251230,sz001299,其它,其它
20251230,sz002009,储能,新能源电网
20251230,sz002050,机器人,机器人
20251230,sz002168,其它,其它
20251230,sz002177,金融科技,AI应用
20251230,sz002196,机器人,机器人
20251230,sz002342,航天,军工航天
20251230,sz002347,机器人,机器人
20251230,sz002383,航天,军工航天
20251230,sz002413,航天,军工航天
20251230,sz002485,其它,其它
20251230,sz002527,机器人,机器人
20251230,sz002591,光伏,新能源电网
20251230,sz002592,其它,其它
20251230,sz002713,其它,其它
20251230,sz002757,其它,其它
20251230,sz002816,其它,其它
20251230,sz002822,其它,其它
20251230,sz002905,传媒,AI应用
20251230,sz002931,机器人,机器人
20251230,sz002969,其它,其它
20251230,sz300291,传媒,AI应用
20251230,sz300840,其它,其它
20251230,sz300885,机器人,机器人
20251231,920270.BJ,机器人,机器人
20251231,sh600118,航天,军工航天
20251231,sh600135,光伏,新能源电网
20251231,sh600266,航天,军工航天
20251231,sh600345,航天,军工航天
20251231,sh600363,航天,军工航天
20251231,sh600391,其它,其它
20251231,sh600498,航天,军工航天
20251231,sh600501,航天,军工航天
20251231,sh600626,其它,其它
20251231,sh600629,其它,其它
20251231,sh600783,航天,军工航天
20251231,sh600879,航天,军工航天
20251231,sh601698,航天,军工航天
20251231,sh603130,机器人,机器人
20251231,sh603156,存储,AI算力
20251231,sh603272,其它,其它
20251231,sh603278,航天,军工航天
20251231,sh603331,机器人,机器人
20251231,sh603344,机器人,机器人
20251231,sh603533,AI应用,AI应用
20251231,sh603608,其它,其它
20251231,sh603667,机器人,机器人
20251231,sh603967,其它,其它
20251231,sh605003,其它,其它
20251231,sh605338,其它,其它
20251231,sz000026,机器人,机器人
20251231,sz000547,航天,军工航天
20251231,sz000638,其它,其它
20251231,sz000672,芯片,AI算力
20251231,sz000809,风电,新能源电网
20251231,sz001231,化工,周期资源
20251231,sz001266,航天,军工航天
20251231,sz001270,其它,其它
20251231,sz001299,其它,其它
20251231,sz002131,AI应用,AI应用
20251231,sz002151,航天,军工航天
20251231,sz002177,金融科技,AI应用
20251231,sz002208,芯片,AI算力
20251231,sz002347,机器人,机器人
20251231,sz002361,航天,军工航天
20251231,sz002413,航天,军工航天
20251231,sz002496,其它,其它
20251231,sz002548,其它,其它
20251231,sz002565,航天,军工航天
20251231,sz002569,其它,其它
20251231,sz002634,光伏,新能源电网
20251231,sz002659,AI应用,AI应用
20251231,sz002713,其它,其它
20251231,sz002718,其它,其它
20251231,sz002735,军工,军工航天
20251231,sz002757,AI应用,AI应用
20251231,sz002766,智能驾驶,AI应用
20251231,sz002848,其它,其它
20251231,sz002908,AI应用,AI应用
20251231,sz002931,机器人,机器人
20251231,sz003009,航天,军工航天
20251231,sz003039,其它,其它
20251231,sz300058,AI应用,AI应用
20251231,sz300516,航天,军工航天
20251231,sz301066,AI应用,AI应用
20251231,sz301153,金融科技,AI应用
20251231,sz301380,AI应用,AI应用
20260105,920199.BJ,医药,医药
20260105,sh600151,光伏,新能源电网
20260105,sh600266,航天,军工航天
20260105,sh600337,光通信,AI算力
20260105,sh600370,其它,其它
20260105,sh600491,光伏,新能源电网
20260105,sh600498,光通信,AI算力
20260105,sh600525,其它,其它
20260105,sh600556,AI应用,AI应用
20260105,sh600587,医药,医药
20260105,sh600735,其它,其它
20260105,sh600775,医药,医药
20260105,sh600776,航天,军工航天
20260105,sh600826,AI应用,AI应用
20260105,sh600855,航天,军工航天
20260105,sh600880,AI应用,AI应用
20260105,sh601089,创新药,医药
20260105,sh601133,芯片,AI算力
20260105,sh601512,芯片,AI算力
20260105,sh601698,航天,军工航天
20260105,sh603052,光通信,AI算力
20260105,sh603061,半导体,AI算力
20260105,sh603067,储能,新能源电网
20260105,sh603127,其它,其它
20260105,sh603163,芯片,AI算力
20260105,sh603171,AI应用,AI应用
20260105,sh603221,其它,其它
20260105,sh603261,其它,其它
20260105,sh603341,其它,其它
20260105,sh603398,其它,其它
20260105,sh603458,航天,军工航天
20260105,sh603507,机器人,机器人
20260105,sh603579,医药,医药
20260105,sh603598,AI应用,AI应用
20260105,sh603666,机器人,机器人
20260105,sh603716,医药,医药
20260105,sh603778,储能,新能源电网
20260105,sh603929,芯片,AI算力
20260105,sh603986,存储,AI算力
20260105,sh605287,其它,其它
20260105,sh605358,半导体,AI算力
20260105,sh688039,AI应用,AI应用
20260105,sh688108,医药,医药
20260105,sh688258,AI应用,AI应用
20260105,sh688261,半导体,AI算力
20260105,sh688273,医药,医药
20260105,sh688314,医药,医药
20260105,sh688416,存储,AI算力
20260105,sh688433,机器人,机器人
20260105,sh688580,医药,医药
20260105,sh688626,医药,医药
20260105,sh688766,存储,AI算力
20260105,sh688767,医药,医药
20260105,sz000426,有色,周期资源
20260105,sz000516,医药,医药
20260105,sz000608,其它,其它
20260105,sz000638,其它,其它
20260105,sz000668,其它,其它
20260105,sz000691,其它,其它
20260105,sz000792,储能,新能源电网
20260105,sz000859,半导体,AI算力
20260105,sz000952,其它,其它
20260105,sz001210,算力,AI算力
20260105,sz001225,其它,其它
20260105,sz001231,化工,周期资源
20260105,sz001270,其它,其它
20260105,sz001333,PCB,AI算力
20260105,sz002072,煤炭,周期资源
20260105,sz002083,储能,新能源电网
20260105,sz002131,AI应用,AI应用
20260105,sz002151,航天,军工航天
20260105,sz002173,医药,医药
20260105,sz002195,医药,医药
20260105,sz002254,储能,新能源电网
20260105,sz002259,其它,其它
20260105,sz002317,创新药,医药
20260105,sz002324,机器人,机器人
20260105,sz002413,航天,军工航天
20260105,sz002414,航天,军工航天
20260105,sz002462,医药,医药
20260105,sz002465,医药,医药
20260105,sz002488,机器人,机器人
20260105,sz002490,其它,其它
20260105,sz002496,其它,其它
20260105,sz002519,机器人,机器人
20260105,sz002555,其它,其它
20260105,sz002571,其它,其它
20260105,sz002592,其它,其它
20260105,sz002620,其它,其它
20260105,sz002713,其它,其它
20260105,sz002716,有色,周期资源
20260105,sz002718,其它,其它
20260105,sz002735,军工,军工航天
20260105,sz002757,AI应用,AI应用
20260105,sz002759,储能,新能源电网
20260105,sz002766,智能驾驶,AI应用
20260105,sz002773,创新药,医药
20260105,sz002774,AI应用,AI应用
20260105,sz002808,其它,其它
20260105,sz002819,医药,医药
20260105,sz002848,其它,其它
20260105,sz002868,其它,其它
20260105,sz002925,医药,医药
20260105,sz002931,机器人,机器人
20260105,sz002943,有色,周期资源
20260105,sz003004,其它,其它
20260105,sz003017,其它,其它
20260105,sz003039,其它,其它
20260105,sz300003,医药,医药
20260105,sz300029,其它,其它
20260105,sz300058,AI应用,AI应用
20260105,sz300238,医药,医药
20260105,sz300409,医药,医药
20260105,sz300430,医药,医药
20260105,sz300561,其它,其它
20260105,sz300599,其它,其它
20260105,sz300652,机器人,机器人
20260105,sz300753,医药,医药
20260105,sz300884,医药,医药
20260105,sz300887,航天,军工航天
20260105,sz300986,AI应用,AI应用
20260105,sz301033,医药,医药
20260105,sz301293,医药,医药
20260105,sz301306,航天,军工航天
20260105,sz301330,医药,医药
20260105,sz301363,医药,医药
20260105,sz301563,存储,AI算力
20260106,920092.BJ,智能驾驶,AI应用
20260106,920199.BJ,医药,医药
20260106,920576.BJ,核电,新能源电网
20260106,sh600075,化工,周期资源
20260106,sh600078,化工,周期资源
20260106,sh600230,化工,周期资源
20260106,sh600266,航天,军工航天
20260106,sh600273,化工,周期资源
20260106,sh600295,化工,周期资源
20260106,sh600337,其它,其它
20260106,sh600370,化工,周期资源
20260106,sh600435,航天,军工航天
20260106,sh600459,有色,周期资源
20260106,sh600608,其它,其它
20260106,sh600611,其它,其它
20260106,sh600618,化工,周期资源
20260106,sh600620,光伏,新能源电网
20260106,sh600691,化工,周期资源
20260106,sh600707,其它,其它
20260106,sh600735,其它,其它
20260106,sh600759,其它,其它
20260106,sh600775,医药,医药
20260106,sh600783,航天,军工航天
20260106,sh600838,其它,其它
20260106,sh600855,航天,军工航天
20260106,sh600869,其它,其它
20260106,sh600879,航天,军工航天
20260106,sh600909,其它,其它
20260106,sh600936,其它,其它
20260106,sh600955,化工,周期资源
20260106,sh601068,有色,周期资源
20260106,sh601519,金融科技,AI应用
20260106,sh601615,风电,新能源电网
20260106,sh601678,化工,周期资源
20260106,sh601698,航天,军工航天
20260106,sh601886,其它,其它
20260106,sh603012,AI应用,AI应用
20260106,sh603021,其它,其它
20260106,sh603023,智能驾驶,AI应用
20260106,sh603061,半导体,AI算力
20260106,sh603268,其它,其它
20260106,sh603579,医药,医药
20260106,sh603598,AI应用,AI应用
20260106,sh603617,液冷,AI算力
20260106,sh603698,化工,周期资源
20260106,sh603716,医药,医药
20260106,sh603778,储能,新能源电网
20260106,sh603789,其它,其它
20260106,sh603822,其它,其它
20260106,sh603843,其它,其它
20260106,sh603929,芯片,AI算力
20260106,sh605228,智能驾驶,AI应用
20260106,sh605358,半导体,AI算力
20260106,sh688031,航天,军工航天
20260106,sh688273,医药,医药
20260106,sh688580,医药,医药
20260106,sh688626,医药,医药
20260106,sz000008,机器人,机器人
20260106,sz000510,化工,周期资源
20260106,sz000516,医药,医药
20260106,sz000545,化工,周期资源
20260106,sz000608,其它,其它
20260106,sz000609,其它,其它
20260106,sz000620,存储,AI算力
20260106,sz000629,有色,周期资源
20260106,sz000638,其它,其它
20260106,sz000668,其它,其它
20260106,sz000691,其它,其它
20260106,sz000695,储能,新能源电网
20260106,sz000768,军工,军工航天
20260106,sz000929,其它,其它
20260106,sz000949,化工,周期资源
20260106,sz000960,有色,周期资源
20260106,sz000981,智能驾驶,AI应用
20260106,sz001210,其它,其它
20260106,sz001223,储能,新能源电网
20260106,sz001225,其它,其它
20260106,sz001231,化工,周期资源
20260106,sz001255,化工,周期资源
20260106,sz001270,其它,其它
20260106,sz001331,机器人,机器人
20260106,sz001332,核电,新能源电网
20260106,sz001400,有色,周期资源
20260106,sz002025,航天,军工航天
20260106,sz002036,智能驾驶,AI应用
20260106,sz002092,化工,周期资源
20260106,sz002151,智能驾驶,AI应用
20260106,sz002160,有色,周期资源
20260106,sz002173,医药,医药
20260106,sz002177,金融科技,AI应用
20260106,sz002195,医药,医药
20260106,sz002197,金融科技,AI应用
20260106,sz002202,航天,军工航天
20260106,sz002231,其它,其它
20260106,sz002286,其它,其它
20260106,sz002289,其它,其它
20260106,sz002324,机器人,机器人
20260106,sz002355,智能驾驶,AI应用
20260106,sz002383,航天,军工航天
20260106,sz002388,其它,其它
20260106,sz002413,航天,军工航天
20260106,sz002425,传媒,AI应用
20260106,sz002462,医药,医药
20260106,sz002465,医药,医药
20260106,sz002471,机器人,机器人
20260106,sz002501,有色,周期资源
20260106,sz002519,航天,军工航天
20260106,sz002569,其它,其它
20260106,sz002592,其它,其它
20260106,sz002703,智能驾驶,AI应用
20260106,sz002713,其它,其它
20260106,sz002718,其它,其它
20260106,sz002757,AI应用,AI应用
20260106,sz002766,智能驾驶,AI应用
20260106,sz002774,AI应用,AI应用
20260106,sz002788,医药,医药
20260106,sz002795,医药,医药
20260106,sz002813,智能驾驶,AI应用
20260106,sz002836,其它,其它
20260106,sz002848,其它,其它
20260106,sz002865,光伏,新能源电网
20260106,sz002868,其它,其它
20260106,sz002882,储能,新能源电网
20260106,sz002920,智能驾驶,AI应用
20260106,sz002925,医药,医药
20260106,sz002931,其它,其它
20260106,sz002945,其它,其它
20260106,sz002969,其它,其它
20260106,sz002978,化工,周期资源
20260106,sz003004,其它,其它
20260106,sz300269,其它,其它
20260106,sz300331,芯片,AI算力
20260106,sz300399,金融科技,AI应用
20260106,sz300430,医药,医药
20260106,sz300552,智能驾驶,AI应用
20260106,sz300753,医药,医药
20260106,sz300837,有色,周期资源
20260106,sz300887,医药,医药
20260106,sz300986,AI应用,AI应用
20260106,sz301016,智能驾驶,AI应用
20260106,sz301293,医药,医药
20260106,sz301330,医药,医药
20260106,sz301363,医药,医药
20260107,sh600053,机器人,机器人
20260107,sh600135,储能,新能源电网
20260107,sh600198,智能驾驶,AI应用
20260107,sh600266,航天,军工航天
20260107,sh600289,其它,其它
20260107,sh600337,有色,周期资源
20260107,sh600403,煤炭,周期资源
20260107,sh600408,煤炭,周期资源
20260107,sh600435,航天,军工航天
20260107,sh600475,光伏,新能源电网
20260107,sh600525,其它,其它
20260107,sh600637,航天,军工航天
20260107,sh600673,算力,AI算力
20260107,sh600735,其它,其它
20260107,sh600775,医药,医药
20260107,sh600783,航天,军工航天
20260107,sh600869,核电,新能源电网
20260107,sh601015,煤炭,周期资源
20260107,sh601106,核电,新能源电网
20260107,sh601179,核电,新能源电网
20260107,sh601399,核电,新能源电网
20260107,sh601611,核电,新能源电网
20260107,sh603015,核电,新能源电网
20260107,sh603028,机器人,机器人
20260107,sh603037,机器人,机器人
20260107,sh603052,光通信,AI算力
20260107,sh603057,其它,其它
20260107,sh603125,半导体,AI算力
20260107,sh603268,其它,其它
20260107,sh603356,风电,新能源电网
20260107,sh603377,其它,其它
20260107,sh603488,军工,军工航天
20260107,sh603516,液冷,AI算力
20260107,sh603598,AI应用,AI应用
20260107,sh603650,半导体,AI算力
20260107,sh603822,其它,其它
20260107,sh603877,其它,其它
20260107,sh605288,机器人,机器人
20260107,sh605303,存储,AI算力
20260107,sh688037,半导体,AI算力
20260107,sh688125,半导体,AI算力
20260107,sh688548,半导体,AI算力
20260107,sh688651,航天,军工航天
20260107,sh688662,光通信,AI算力
20260107,sh688710,其它,其它
20260107,sh688727,半导体,AI算力
20260107,sh688759,创新药,医药
20260107,sz000608,其它,其它
20260107,sz000620,存储,AI算力
20260107,sz000635,化工,周期资源
20260107,sz000691,其它,其它
20260107,sz000798,其它,其它
20260107,sz000859,半导体,AI算力
20260107,sz000905,其它,其它
20260107,sz000908,其它,其它
20260107,sz001270,其它,其它
20260107,sz001331,机器人,机器人
20260107,sz001400,有色,周期资源
20260107,sz002112,电网,新能源电网
20260107,sz002146,航天,军工航天
20260107,sz002173,医药,医药
20260107,sz002195,医药,医药
20260107,sz002199,其它,其它
20260107,sz002202,航天,军工航天
20260107,sz002277,半导体,AI算力
20260107,sz002289,其它,其它
20260107,sz002324,机器人,机器人
20260107,sz002413,航天,军工航天
20260107,sz002462,医药,医药
20260107,sz002519,航天,军工航天
20260107,sz002541,机器人,机器人
20260107,sz002592,其它,其它
20260107,sz002627,其它,其它
20260107,sz002639,核电,新能源电网
20260107,sz002650,其它,其它
20260107,sz002713,其它,其它
20260107,sz002718,其它,其它
20260107,sz002774,AI应用,AI应用
20260107,sz002788,医药,医药
20260107,sz002792,光通信,AI算力
20260107,sz002796,光通信,AI算力
20260107,sz002842,有色,周期资源
20260107,sz002853,芯片,AI算力
20260107,sz002864,医药,医药
20260107,sz002868,其它,其它
20260107,sz002922,算力,AI算力
20260107,sz002929,算力,AI算力
20260107,sz002931,机器人,机器人
20260107,sz003004,其它,其它
20260107,sz003031,光通信,AI算力
20260107,sz300200,半导体,AI算力
20260107,sz300346,半导体,AI算力
20260107,sz300986,AI应用,AI应用
20260107,sz301079,机器人,机器人
20260107,sz301213,半导体,AI算力
20260107,sz301256,半导体,AI算力
20260107,sz301363,医药,医药
20260108,sh600135,储能,新能源电网
20260108,sh600169,其它,其它
20260108,sh600172,半导体,AI算力
20260108,sh600215,AI应用,AI应用
20260108,sh600271,AI应用,AI应用
20260108,sh600337,其它,其它
20260108,sh600372,军工,军工航天
20260108,sh600477,航天,军工航天
20260108,sh600629,其它,其它
20260108,sh600637,航天,军工航天
20260108,sh600696,其它,其它
20260108,sh600735,其它,其它
20260108,sh600775,医药,医药
20260108,sh600783,航天,军工航天
20260108,sh600838,其它,其它
20260108,sh600845,AI应用,AI应用
20260108,sh600869,算力,AI算力
20260108,sh600879,航天,军工航天
20260108,sh600935,其它,其它
20260108,sh600967,军工,军工航天
20260108,sh601106,核电,新能源电网
20260108,sh601399,核电,新能源电网
20260108,sh601608,航天,军工航天
20260108,sh601611,核电,新能源电网
20260108,sh603015,核电,新能源电网
20260108,sh603017,航天,军工航天
20260108,sh603031,航天,军工航天
20260108,sh603169,核电,新能源电网
20260108,sh603261,其它,其它
20260108,sh603333,核电,新能源电网
20260108,sh603416,机器人,机器人
20260108,sh603488,军工,军工航天
20260108,sh603650,半导体,AI算力
20260108,sh603696,其它,其它
20260108,sh603703,航天,军工航天
20260108,sh603716,医药,医药
20260108,sh603822,其它,其它
20260108,sh603878,核电,新能源电网
20260108,sh603938,芯片,AI算力
20260108,sh603950,机器人,机器人
20260108,sh605028,其它,其它
20260108,sh605081,其它,其它
20260108,sh605086,其它,其它
20260108,sh605116,创新药,医药
20260108,sh605123,航天,军工航天
20260108,sh605298,其它,其它
20260108,sh688066,航天,军工航天
20260108,sh688552,军工,军工航天
20260108,sh688759,创新药,医药
20260108,sz000159,有色,周期资源
20260108,sz000628,半导体,AI算力
20260108,sz000691,其它,其它
20260108,sz000820,其它,其它
20260108,sz000901,航天,军工航天
20260108,sz000908,其它,其它
20260108,sz001208,航天,军工航天
20260108,sz001215,其它,其它
20260108,sz001270,其它,其它
20260108,sz001400,有色,周期资源
20260108,sz002005,其它,其它
20260108,sz002023,半导体,AI算力
20260108,sz002025,航天,军工航天
20260108,sz002173,医药,医药
20260108,sz002195,医药,医药
20260108,sz002199,其它,其它
20260108,sz002201,航天,军工航天
20260108,sz002202,航天,军工航天
20260108,sz002248,其它,其它
20260108,sz002250,化工,周期资源
20260108,sz002279,AI应用,AI应用
20260108,sz002316,AI应用,AI应用
20260108,sz002324,医药,医药
20260108,sz002342,航天,军工航天
20260108,sz002361,航天,军工航天
20260108,sz002366,核电,新能源电网
20260108,sz002485,其它,其它
20260108,sz002496,其它,其它
20260108,sz002510,航天,军工航天
20260108,sz002519,航天,军工航天
20260108,sz002529,其它,其它
20260108,sz002542,芯片,AI算力
20260108,sz002554,其它,其它
20260108,sz002565,航天,军工航天
20260108,sz002630,其它,其它
20260108,sz002639,核电,新能源电网
20260108,sz002647,其它,其它
20260108,sz002677,智能驾驶,AI应用
20260108,sz002693,其它,其它
20260108,sz002713,其它,其它
20260108,sz002757,AI应用,AI应用
20260108,sz002774,AI应用,AI应用
20260108,sz002788,医药,医药
20260108,sz002792,光通信,AI算力
20260108,sz002843,算力,AI算力
20260108,sz002865,光伏,新能源电网
20260108,sz002931,机器人,机器人
20260108,sz002971,芯片,AI算力
20260108,sz002977,航天,军工航天
20260108,sz002989,半导体,AI算力
20260108,sz003007,算力,AI算力
20260108,sz003037,其它,其它
20260108,sz300065,算力,AI算力
20260108,sz300102,航天,军工航天
20260108,sz300129,航天,军工航天
20260108,sz300141,机器人,机器人
20260108,sz300753,医药,医药
20260108,sz300887,医药,医药
20260108,sz300986,AI应用,AI应用
20260108,sz301079,机器人,机器人
20260108,sz301368,机器人,机器人
20260108,sz301515,医药,医药
20260109,920207.BJ,AI应用,AI应用
20260109,920641.BJ,其它,其它
20260109,sh600143,航天,军工航天
20260109,sh600215,AI应用,AI应用
20260109,sh600397,有色,周期资源
20260109,sh600410,算力,AI算力
20260109,sh600477,航天,军工航天
20260109,sh600513,创新药,医药
20260109,sh600549,有色,周期资源
20260109,sh600556,AI应用,AI应用
20260109,sh600589,算力,AI算力
20260109,sh600637,航天,军工航天
20260109,sh600676,其它,其它
20260109,sh600696,其它,其它
20260109,sh600735,其它,其它
20260109,sh600748,其它,其它
20260109,sh600759,其它,其它
20260109,sh600776,航天,军工航天
20260109,sh600783,航天,军工航天
20260109,sh600784,机器人,机器人
20260109,sh600807,其它,其它
20260109,sh600828,其它,其它
20260109,sh600858,其它,其它
20260109,sh600879,航天,军工航天
20260109,sh600880,AI应用,AI应用
20260109,sh600962,其它,其它
20260109,sh600973,电网,新能源电网
20260109,sh600986,AI应用,AI应用
20260109,sh601089,创新药,医药
20260109,sh601106,核电,新能源电网
20260109,sh601698,航天,军工航天
20260109,sh601929,航天,军工航天
20260109,sh601958,有色,周期资源
20260109,sh603015,核电,新能源电网
20260109,sh603017,航天,军工航天
20260109,sh603067,储能,新能源电网
20260109,sh603108,AI应用,AI应用
20260109,sh603171,AI应用,AI应用
20260109,sh603179,机器人,机器人
20260109,sh603305,机器人,机器人
20260109,sh603334,其它,其它
20260109,sh603496,AI应用,AI应用
20260109,sh603598,AI应用,AI应用
20260109,sh603813,其它,其它
20260109,sh603843,其它,其它
20260109,sh603882,AI应用,AI应用
20260109,sh603938,芯片,AI算力
20260109,sh605288,机器人,机器人
20260109,sh688221,创新药,医药
20260109,sh688387,航天,军工航天
20260109,sh688418,航天,军工航天
20260109,sz000503,AI应用,AI应用
20260109,sz000532,其它,其它
20260109,sz000609,其它,其它
20260109,sz000691,其它,其它
20260109,sz000820,其它,其它
20260109,sz000917,航天,军工航天
20260109,sz000969,有色,周期资源
20260109,sz000987,航天,军工航天
20260109,sz001270,其它,其它
20260109,sz001373,其它,其它
20260109,sz001400,有色,周期资源
20260109,sz002005,其它,其它
20260109,sz002017,金融科技,AI应用
20260109,sz002029,机器人,机器人
20260109,sz002044,AI应用,AI应用
20260109,sz002046,机器人,机器人
20260109,sz002115,航天,军工航天
20260109,sz002131,AI应用,AI应用
20260109,sz002162,机器人,机器人
20260109,sz002181,AI应用,AI应用
20260109,sz002187,其它,其它
20260109,sz002202,航天,军工航天
20260109,sz002203,PCB,AI算力
20260109,sz002278,航天,军工航天
20260109,sz002296,航天,军工航天
20260109,sz002316,AI应用,AI应用
20260109,sz002342,航天,军工航天
20260109,sz002400,AI应用,AI应用
20260109,sz002428,光伏,新能源电网
20260109,sz002431,其它,其它
20260109,sz002512,航天,军工航天
20260109,sz002519,机器人,机器人
20260109,sz002569,其它,其它
20260109,sz002620,其它,其它
20260109,sz002625,航天,军工航天
20260109,sz002713,其它,其它
20260109,sz002729,电力,新能源电网
20260109,sz002774,AI应用,AI应用
20260109,sz002777,AI应用,AI应用
20260109,sz002795,医药,医药
20260109,sz002838,机器人,机器人
20260109,sz002848,其它,其它
20260109,sz002849,算力,AI算力
20260109,sz002927,算力,AI算力
20260109,sz002931,机器人,机器人
20260109,sz003004,其它,其它
20260109,sz003007,算力,AI算力
20260109,sz300044,其它,其它
20260109,sz300051,光伏,新能源电网
20260109,sz300063,AI应用,AI应用
20260109,sz300102,光伏,新能源电网
20260109,sz300244,AI应用,AI应用
20260109,sz300418,AI应用,AI应用
20260109,sz300578,AI应用,AI应用
20260109,sz300878,创新药,医药
20260109,sz300986,AI应用,AI应用
20260109,sz301171,AI应用,AI应用
20260109,sz301230,AI应用,AI应用
20260112,920021.BJ,航天,军工航天
20260112,920090.BJ,金融科技,AI应用
20260112,920116.BJ,航天,军工航天
20260112,920207.BJ,AI应用,AI应用
20260112,920564.BJ,航天,军工航天
20260112,sh600094,算力,AI算力
20260112,sh600107,其它,其它
20260112,sh600118,航天,军工航天
20260112,sh600151,光伏,新能源电网
20260112,sh600152,储能,新能源电网
20260112,sh600169,其它,其它
20260112,sh600193,其它,其它
20260112,sh600259,有色,周期资源
20260112,sh600475,光伏,新能源电网
20260112,sh600477,航天,军工航天
20260112,sh600498,光通信,AI算力
20260112,sh600552,光伏,新能源电网
20260112,sh600556,AI应用,AI应用
20260112,sh600579,其它,其它
20260112,sh600586,光伏,新能源电网
20260112,sh600588,AI应用,AI应用
20260112,sh600633,AI应用,AI应用
20260112,sh600637,航天,军工航天
20260112,sh600640,AI应用,AI应用
20260112,sh600651,核电,新能源电网
20260112,sh600676,其它,其它
20260112,sh600694,其它,其它
20260112,sh600696,其它,其它
20260112,sh600729,其它,其它
20260112,sh600776,航天,军工航天
20260112,sh600783,航天,军工航天
20260112,sh600828,其它,其它
20260112,sh600839,算力,AI算力
20260112,sh600868,其它,其它
20260112,sh600877,航天,军工航天
20260112,sh600879,航天,军工航天
20260112,sh600880,AI应用,AI应用
20260112,sh600965,其它,其它
20260112,sh600986,算力,AI算力
20260112,sh601106,核电,新能源电网
20260112,sh601116,其它,其它
20260112,sh601360,AI应用,AI应用
20260112,sh601611,核电,新能源电网
20260112,sh601615,风电,新能源电网
20260112,sh601698,航天,军工航天
20260112,sh601858,AI应用,AI应用
20260112,sh601900,AI应用,AI应用
20260112,sh601949,其它,其它
20260112,sh601992,核电,新能源电网
20260112,sh603000,AI应用,AI应用
20260112,sh603015,核电,新能源电网
20260112,sh603017,航天,军工航天
20260112,sh603059,其它,其它
20260112,sh603078,半导体,AI算力
20260112,sh603090,液冷,AI算力
20260112,sh603171,AI应用,AI应用
20260112,sh603232,其它,其它
20260112,sh603278,航天,军工航天
20260112,sh603303,其它,其它
20260112,sh603305,机器人,机器人
20260112,sh603339,液冷,AI算力
20260112,sh603389,其它,其它
20260112,sh603396,光伏,新能源电网
20260112,sh603488,军工,军工航天
20260112,sh603496,算力,AI算力
20260112,sh603598,AI应用,AI应用
20260112,sh603602,算力,AI算力
20260112,sh603608,其它,其它
20260112,sh603696,其它,其它
20260112,sh603698,化工,周期资源
20260112,sh603703,航天,军工航天
20260112,sh603708,其它,其它
20260112,sh603778,光伏,新能源电网
20260112,sh603813,其它,其它
20260112,sh603825,其它,其它
20260112,sh603828,其它,其它
20260112,sh603859,航天,军工航天
20260112,sh603882,AI应用,AI应用
20260112,sh603888,AI应用,AI应用
20260112,sh603969,其它,其它
20260112,sh605398,AI应用,AI应用
20260112,sh688031,航天,军工航天
20260112,sh688095,AI应用,AI应用
20260112,sh688118,AI应用,AI应用
20260112,sh688119,航天,军工航天
20260112,sh688229,算力,AI算力
20260112,sh688232,AI应用,AI应用
20260112,sh688258,AI应用,AI应用
20260112,sh688282,航天,军工航天
20260112,sh688325,芯片,AI算力
20260112,sh688333,航天,军工航天
20260112,sh688365,AI应用,AI应用
20260112,sh688375,航天,军工航天
20260112,sh688387,航天,军工航天
20260112,sh688568,航天,军工航天
20260112,sh688607,AI应用,AI应用
20260112,sh688679,其它,其它
20260112,sh688787,AI应用,AI应用
20260112,sz000066,航天,军工航天
20260112,sz000503,AI应用,AI应用
20260112,sz000593,其它,其它
20260112,sz000612,有色,周期资源
20260112,sz000638,其它,其它
20260112,sz000681,AI应用,AI应用
20260112,sz000691,其它,其它
20260112,sz000766,创新药,医药
20260112,sz000785,AI应用,AI应用
20260112,sz000803,其它,其它
20260112,sz000889,AI应用,AI应用
20260112,sz000890,其它,其它
20260112,sz000892,AI应用,AI应用
20260112,sz000908,其它,其它
20260112,sz000917,航天,军工航天
20260112,sz000969,核电,新能源电网
20260112,sz000981,智能驾驶,AI应用
20260112,sz001202,其它,其它
20260112,sz001225,其它,其它
20260112,sz001255,核电,新能源电网
20260112,sz001270,其它,其它
20260112,sz001896,电力,新能源电网
20260112,sz002017,金融科技,AI应用
20260112,sz002044,AI应用,AI应用
20260112,sz002046,机器人,机器人
20260112,sz002082,AI应用,AI应用
20260112,sz002088,其它,其它
20260112,sz002103,传媒,AI应用
20260112,sz002115,航天,军工航天
20260112,sz002131,AI应用,AI应用
20260112,sz002151,航天,军工航天
20260112,sz002171,核电,新能源电网
20260112,sz002181,AI应用,AI应用
20260112,sz002195,其它,其它
20260112,sz002202,航天,军工航天
20260112,sz002316,AI应用,AI应用
20260112,sz002342,航天,军工航天
20260112,sz002394,其它,其它
20260112,sz002400,AI应用,AI应用
20260112,sz002413,航天,军工航天
20260112,sz002443,核电,新能源电网
20260112,sz002446,航天,军工航天
20260112,sz002465,医药,医药
20260112,sz002471,核电,新能源电网
20260112,sz002512,航天,军工航天
20260112,sz002519,机器人,机器人
20260112,sz002523,机器人,机器人
20260112,sz002569,其它,其它
20260112,sz002574,光伏,新能源电网
20260112,sz002581,其它,其它
20260112,sz002600,机器人,机器人
20260112,sz002605,传媒,AI应用
20260112,sz002620,其它,其它
20260112,sz002639,核电,新能源电网
20260112,sz002647,其它,其它
20260112,sz002659,AI应用,AI应用
20260112,sz002712,AI应用,AI应用
20260112,sz002713,其它,其它
20260112,sz002718,其它,其它
20260112,sz002769,AI应用,AI应用
20260112,sz002792,光通信,AI算力
20260112,sz002848,其它,其它
20260112,sz002856,其它,其它
20260112,sz002858,AI应用,AI应用
20260112,sz002881,AI应用,AI应用
20260112,sz002931,机器人,机器人
20260112,sz002935,航天,军工航天
20260112,sz002969,其它,其它
20260112,sz003007,算力,AI算力
20260112,sz003041,其它,其它
20260112,sz300045,航天,军工航天
20260112,sz300058,AI应用,AI应用
20260112,sz300063,AI应用,AI应用
20260112,sz300071,AI应用,AI应用
20260112,sz300170,AI应用,AI应用
20260112,sz300229,算力,AI算力
20260112,sz300244,AI应用,AI应用
20260112,sz300253,AI应用,AI应用
20260112,sz300291,AI应用,AI应用
20260112,sz300342,航天,军工航天
20260112,sz300349,AI应用,AI应用
20260112,sz300364,AI应用,AI应用
20260112,sz300409,医药,医药
20260112,sz300418,AI应用,AI应用
20260112,sz300435,航天,军工航天
20260112,sz300520,其它,其它
20260112,sz300624,AI应用,AI应用
20260112,sz300711,航天,军工航天
20260112,sz300766,AI应用,AI应用
20260112,sz300785,AI应用,AI应用
20260112,sz300792,AI应用,AI应用
20260112,sz300816,算力,AI算力
20260112,sz300830,AI应用,AI应用
20260112,sz300986,AI应用,AI应用
20260112,sz300987,AI应用,AI应用
20260112,sz301066,AI应用,AI应用
20260112,sz301079,机器人,机器人
20260112,sz301093,AI应用,AI应用
20260112,sz301159,AI应用,AI应用
20260112,sz301171,AI应用,AI应用
20260112,sz301231,AI应用,AI应用
20260112,sz301248,航天,军工航天
20260112,sz301378,AI应用,AI应用
20260113,920367.BJ,AI应用,AI应用
20260113,sh600089,算力,AI算力
20260113,sh600170,核电,新能源电网
20260113,sh600477,航天,军工航天
20260113,sh600662,AI应用,AI应用
20260113,sh600676,其它,其它
20260113,sh600721,其它,其它
20260113,sh600776,航天,军工航天
20260113,sh600783,航天,军工航天
20260113,sh600800,化工,周期资源
20260113,sh600877,航天,军工航天
20260113,sh601116,其它,其它
20260113,sh601992,核电,新能源电网
20260113,sh603000,AI应用,AI应用
20260113,sh603138,算力,AI算力
20260113,sh603268,其它,其它
20260113,sh603282,其它,其它
20260113,sh603355,机器人,机器人
20260113,sh603488,军工,军工航天
20260113,sh603598,AI应用,AI应用
20260113,sh603682,其它,其它
20260113,sh603739,其它,其它
20260113,sh603828,其它,其它
20260113,sh603888,AI应用,AI应用
20260113,sh605186,AI应用,AI应用
20260113,sh688331,创新药,医药
20260113,sz000004,其它,其它
20260113,sz000078,创新药,医药
20260113,sz000516,医药,医药
20260113,sz000593,其它,其它
20260113,sz000595,其它,其它
20260113,sz000681,AI应用,AI应用
20260113,sz000691,其它,其它
20260113,sz000710,AI应用,AI应用
20260113,sz000785,AI应用,AI应用
20260113,sz001202,其它,其它
20260113,sz001255,化工,周期资源
20260113,sz001260,其它,其它
20260113,sz001330,AI应用,AI应用
20260113,sz002044,AI应用,AI应用
20260113,sz002112,算力,AI算力
20260113,sz002115,航天,军工航天
20260113,sz002131,AI应用,AI应用
20260113,sz002135,光伏,新能源电网
20260113,sz002172,其它,其它
20260113,sz002207,油气,周期资源
20260113,sz002219,AI应用,AI应用
20260113,sz002342,航天,军工航天
20260113,sz002400,AI应用,AI应用
20260113,sz002451,电网,新能源电网
20260113,sz002465,医药,医药
20260113,sz002490,油气,周期资源
20260113,sz002569,其它,其它
20260113,sz002574,光伏,新能源电网
20260113,sz002589,AI应用,AI应用
20260113,sz002607,AI应用,AI应用
20260113,sz002718,其它,其它
20260113,sz002769,AI应用,AI应用
20260113,sz002816,其它,其它
20260113,sz002822,其它,其它
20260113,sz002865,光伏,新能源电网
20260113,sz002931,机器人,机器人
20260113,sz003004,其它,其它
20260113,sz003007,算力,AI算力
20260113,sz003041,其它,其它
20260113,sz300063,AI应用,AI应用
20260113,sz300078,AI应用,AI应用
20260113,sz300246,AI应用,AI应用
20260113,sz300267,AI应用,AI应用
20260113,sz300404,AI应用,AI应用
20260113,sz300842,半导体,AI算力
20260113,sz301060,AI应用,AI应用
20260113,sz301230,AI应用,AI应用
20260113,sz301257,AI应用,AI应用
20260113,sz301333,AI应用,AI应用
20260114,920021.BJ,航天,军工航天
20260114,920169.BJ,航天,军工航天
20260114,920227.BJ,AI应用,AI应用
20260114,sh600076,航天,军工航天
20260114,sh600133,AI应用,AI应用
20260114,sh600198,航天,军工航天
20260114,sh600381,其它,其它
20260114,sh600410,算力,AI算力
20260114,sh600556,AI应用,AI应用
20260114,sh600588,AI应用,AI应用
20260114,sh600589,算力,AI算力
20260114,sh600662,AI应用,AI应用
20260114,sh600724,其它,其它
20260114,sh600734,AI应用,AI应用
20260114,sh600785,其它,其它
20260114,sh600986,AI应用,AI应用
20260114,sh601106,核电,新能源电网
20260114,sh601116,其它,其它
20260114,sh601216,其它,其它
20260114,sh601992,航天,军工航天
20260114,sh603000,AI应用,AI应用
20260114,sh603056,其它,其它
20260114,sh603163,芯片,AI算力
20260114,sh603179,机器人,机器人
20260114,sh603280,核电,新能源电网
20260114,sh603353,半导体,AI算力
20260114,sh603458,航天,军工航天
20260114,sh603687,机器人,机器人
20260114,sh603778,光伏,新能源电网
20260114,sh603828,其它,其它
20260114,sh603829,算力,AI算力
20260114,sh603881,算力,AI算力
20260114,sh603888,AI应用,AI应用
20260114,sh603918,AI应用,AI应用
20260114,sh603929,芯片,AI算力
20260114,sh603988,其它,其它
20260114,sh605118,其它,其它
20260114,sh605136,AI应用,AI应用
20260114,sh605222,航天,军工航天
20260114,sh605255,其它,其它
20260114,sh605287,其它,其它
20260114,sh688080,AI应用,AI应用
20260114,sh688292,AI应用,AI应用
20260114,sh688365,AI应用,AI应用
20260114,sh688479,AI应用,AI应用
20260114,sz000078,创新药,医药
20260114,sz000409,航天,军工航天
20260114,sz000516,医药,医药
20260114,sz000591,光伏,新能源电网
20260114,sz000593,其它,其它
20260114,sz000691,其它,其它
20260114,sz000875,电力,新能源电网
20260114,sz000981,智能驾驶,AI应用
20260114,sz001228,化工,周期资源
20260114,sz001255,化工,周期资源
20260114,sz001360,有色,周期资源
20260114,sz001400,有色,周期资源
20260114,sz002004,创新药,医药
20260114,sz002044,AI应用,AI应用
20260114,sz002054,其它,其它
20260114,sz002055,其它,其它
20260114,sz002112,算力,AI算力
20260114,sz002115,航天,军工航天
20260114,sz002131,AI应用,AI应用
20260114,sz002153,AI应用,AI应用
20260114,sz002181,AI应用,AI应用
20260114,sz002194,航天,军工航天
20260114,sz002201,航天,军工航天
20260114,sz002218,光伏,新能源电网
20260114,sz002219,AI应用,AI应用
20260114,sz002235,其它,其它
20260114,sz002264,其它,其它
20260114,sz002281,光通信,AI算力
20260114,sz002290,算力,AI算力
20260114,sz002310,其它,其它
20260114,sz002353,油气,周期资源
20260114,sz002400,AI应用,AI应用
20260114,sz002427,其它,其它
20260114,sz002429,AI应用,AI应用
20260114,sz002446,航天,军工航天
20260114,sz002465,医药,医药
20260114,sz002478,核电,新能源电网
20260114,sz002519,航天,军工航天
20260114,sz002574,有色,周期资源
20260114,sz002609,AI应用,AI应用
20260114,sz002647,其它,其它
20260114,sz002707,其它,其它
20260114,sz002716,有色,周期资源
20260114,sz002718,其它,其它
20260114,sz002789,其它,其它
20260114,sz002816,其它,其它
20260114,sz002848,其它,其它
20260114,sz002879,其它,其它
20260114,sz002969,其它,其它
20260114,sz003007,算力,AI算力
20260114,sz300427,航天,军工航天
20260114,sz300520,其它,其它
20260114,sz300758,化工,周期资源
20260114,sz300773,金融科技,AI应用
20260114,sz300785,AI应用,AI应用
20260114,sz300792,AI应用,AI应用
20260114,sz301001,AI应用,AI应用
20260114,sz301043,其它,其它
20260114,sz301117,航天,军工航天
20260114,sz301159,AI应用,AI应用
20260114,sz301275,AI应用,AI应用
20260114,sz301321,半导体,AI算力
20260114,sz301378,AI应用,AI应用
20260114,sz301396,算力,AI算力
20260114,sz301408,AI应用,AI应用
20260115,sh600058,其它,其它
20260115,sh600302,机器人,机器人
20260115,sh600381,其它,其它
20260115,sh600389,化工,周期资源
20260115,sh600410,算力,AI算力
20260115,sh600520,半导体,AI算力
20260115,sh600550,电网,新能源电网
20260115,sh600593,其它,其它
20260115,sh600662,AI应用,AI应用
20260115,sh600708,其它,其它
20260115,sh600725,化工,周期资源
20260115,sh600777,其它,其它
20260115,sh600785,其它,其它
20260115,sh601208,PCB,AI算力
20260115,sh601231,光通信,AI算力
20260115,sh601366,其它,其它
20260115,sh603000,AI应用,AI应用
20260115,sh603023,智能驾驶,AI应用
20260115,sh603056,其它,其它
20260115,sh603161,其它,其它
20260115,sh603320,其它,其它
20260115,sh603360,化工,周期资源
20260115,sh603398,其它,其它
20260115,sh603402,其它,其它
20260115,sh603650,半导体,AI算力
20260115,sh603938,芯片,AI算力
20260115,sh605287,其它,其它
20260115,sh605580,电力,新能源电网
20260115,sz000608,其它,其它
20260115,sz000681,AI应用,AI应用
20260115,sz001212,半导体,AI算力
20260115,sz001255,核电,新能源电网
20260115,sz001260,其它,其它
20260115,sz001337,有色,周期资源
20260115,sz001376,电力,新能源电网
20260115,sz002049,其它,其它
20260115,sz002112,算力,AI算力
20260115,sz002114,有色,周期资源
20260115,sz002119,半导体,AI算力
20260115,sz002130,元件,AI算力
20260115,sz002153,AI应用,AI应用
20260115,sz002218,光伏,新能源电网
20260115,sz002264,其它,其它
20260115,sz002424,其它,其它
20260115,sz002446,航天,军工航天
20260115,sz002545,化工,周期资源
20260115,sz002546,电网,新能源电网
20260115,sz002554,其它,其它
20260115,sz002636,其它,其它
20260115,sz002707,其它,其它
20260115,sz002775,其它,其它
20260115,sz002787,半导体,AI算力
20260115,sz002796,光通信,AI算力
20260115,sz002816,其它,其它
20260115,sz002836,其它,其它
20260115,sz002842,有色,周期资源
20260115,sz002848,其它,其它
20260115,sz002868,其它,其它
20260115,sz002919,传媒,AI应用
20260115,sz300452,其它,其它
20260115,sz300758,AI应用,AI应用
20260115,sz301348,芯片,AI算力
20260115,sz301629,半导体,AI算力
20260116,sh600053,机器人,机器人
20260116,sh600058,其它,其它
20260116,sh600198,航天,军工航天
20260116,sh600234,传媒,AI应用
20260116,sh600266,航天,军工航天
20260116,sh600584,半导体,AI算力
20260116,sh600703,光通信,AI算力
20260116,sh600785,其它,其它
20260116,sh600841,算力,AI算力
20260116,sh601096,电网,新能源电网
20260116,sh601133,芯片,AI算力
20260116,sh601163,其它,其它
20260116,sh601616,电网,新能源电网
20260116,sh603038,其它,其它
20260116,sh603052,光通信,AI算力
20260116,sh603056,其它,其它
20260116,sh603058,半导体,AI算力
20260116,sh603061,半导体,AI算力
20260116,sh603163,芯片,AI算力
20260116,sh603179,机器人,机器人
20260116,sh603216,其它,其它
20260116,sh603283,半导体,AI算力
20260116,sh603389,其它,其它
20260116,sh603626,机器人,机器人
20260116,sh603638,机器人,机器人
20260116,sh603665,机器人,机器人
20260116,sh603667,机器人,机器人
20260116,sh603721,其它,其它
20260116,sh603929,芯片,AI算力
20260116,sh603986,存储,AI算力
20260116,sh605167,核电,新能源电网
20260116,sh688234,半导体,AI算力
20260116,sh688362,半导体,AI算力
20260116,sh688376,芯片,AI算力
20260116,sz000608,其它,其它
20260116,sz000620,存储,AI算力
20260116,sz000668,其它,其它
20260116,sz000720,电网,新能源电网
20260116,sz000929,其它,其它
20260116,sz001207,化工,周期资源
20260116,sz001233,其它,其它
20260116,sz001255,电力,新能源电网
20260116,sz001270,其它,其它
20260116,sz002028,电网,新能源电网
20260116,sz002047,其它,其它
20260116,sz002048,机器人,机器人
20260116,sz002119,半导体,AI算力
20260116,sz002156,半导体,AI算力
20260116,sz002196,机器人,机器人
20260116,sz002208,芯片,AI算力
20260116,sz002331,其它,其它
20260116,sz002339,电网,新能源电网
20260116,sz002358,算力,AI算力
20260116,sz002498,电网,新能源电网
20260116,sz002647,其它,其它
20260116,sz002664,机器人,机器人
20260116,sz002796,光通信,AI算力
20260116,sz002816,其它,其它
20260116,sz002830,其它,其它
20260116,sz002943,芯片,AI算力
20260116,sz002953,机器人,机器人
20260116,sz300215,电网,新能源电网
20260116,sz300606,半导体,AI算力
20260116,sz300780,航天,军工航天
20260116,sz300952,机器人,机器人
20260116,sz301235,芯片,AI算力
20260116,sz301529,半导体,AI算力
20260119,920046.BJ,算力,AI算力
20260119,sh600089,电网,新能源电网
20260119,sh600114,机器人,机器人
20260119,sh600163,电力,新能源电网
20260119,sh600189,其它,其它
20260119,sh600230,化工,周期资源
20260119,sh600268,电网,新能源电网
20260119,sh600302,机器人,机器人
20260119,sh600312,电网,新能源电网
20260119,sh600337,其它,其它
20260119,sh600372,军工,军工航天
20260119,sh600378,半导体,AI算力
20260119,sh600382,其它,其它
20260119,sh600391,电网,新能源电网
20260119,sh600537,光伏,新能源电网
20260119,sh600550,电网,新能源电网
20260119,sh600593,其它,其它
20260119,sh600671,医药,医药
20260119,sh600774,创新药,医药
20260119,sh600785,其它,其它
20260119,sh600800,化工,周期资源
20260119,sh600893,军工,军工航天
20260119,sh601096,电网,新能源电网
20260119,sh601126,储能,新能源电网
20260119,sh601179,算力,AI算力
20260119,sh601616,电网,新能源电网
20260119,sh601700,电网,新能源电网
20260119,sh601965,其它,其它
20260119,sh601968,其它,其它
20260119,sh603001,其它,其它
20260119,sh603061,半导体,AI算力
20260119,sh603097,算力,AI算力
20260119,sh603115,有色,周期资源
20260119,sh603186,PCB,AI算力
20260119,sh603199,其它,其它
20260119,sh603239,机器人,机器人
20260119,sh603286,机器人,机器人
20260119,sh603667,机器人,机器人
20260119,sh603822,其它,其它
20260119,sh603861,算力,AI算力
20260119,sh603926,机器人,机器人
20260119,sh605318,其它,其它
20260119,sh605376,元件,AI算力
20260119,sh605488,机器人,机器人
20260119,sh688308,其它,其它
20260119,sz000400,电网,新能源电网
20260119,sz000504,其它,其它
20260119,sz000506,有色,周期资源
20260119,sz000534,军工,军工航天
20260119,sz000668,其它,其它
20260119,sz000720,电网,新能源电网
20260119,sz000738,军工,军工航天
20260119,sz000803,其它,其它
20260119,sz000909,其它,其它
20260119,sz000949,化工,周期资源
20260119,sz000987,航天,军工航天
20260119,sz001278,机器人,机器人
20260119,sz001331,机器人,机器人
20260119,sz001337,有色,周期资源
20260119,sz001376,电力,新能源电网
20260119,sz002005,其它,其它
20260119,sz002021,机器人,机器人
20260119,sz002028,电网,新能源电网
20260119,sz002047,其它,其它
20260119,sz002076,其它,其它
20260119,sz002112,算力,AI算力
20260119,sz002163,其它,其它
20260119,sz002168,其它,其它
20260119,sz002187,航天,军工航天
20260119,sz002201,航天,军工航天
20260119,sz002214,其它,其它
20260119,sz002219,AI应用,AI应用
20260119,sz002258,化工,周期资源
20260119,sz002270,电网,新能源电网
20260119,sz002319,化工,周期资源
20260119,sz002339,电网,新能源电网
20260119,sz002358,算力,AI算力
20260119,sz002426,储能,新能源电网
20260119,sz002498,电网,新能源电网
20260119,sz002539,化工,周期资源
20260119,sz002546,电网,新能源电网
20260119,sz002558,传媒,AI应用
20260119,sz002585,元件,AI算力
20260119,sz002586,其它,其它
20260119,sz002591,储能,新能源电网
20260119,sz002592,其它,其它
20260119,sz002606,电网,新能源电网
20260119,sz002628,其它,其它
20260119,sz002636,其它,其它
20260119,sz002638,半导体,AI算力
20260119,sz002689,其它,其它
20260119,sz002718,其它,其它
20260119,sz002762,其它,其它
20260119,sz002808,其它,其它
20260119,sz002848,其它,其它
20260119,sz002931,机器人,机器人
20260119,sz002969,其它,其它
20260119,sz002985,航天,军工航天
20260119,sz002995,传媒,AI应用
20260119,sz300111,光伏,新能源电网
20260119,sz300279,机器人,机器人
20260119,sz300444,电网,新能源电网
20260119,sz300658,其它,其它
20260120,920471.BJ,化工,周期资源
20260120,sh600076,航天,军工航天
20260120,sh600187,其它,其它
20260120,sh600230,化工,周期资源
20260120,sh600391,军工,军工航天
20260120,sh600403,煤炭,周期资源
20260120,sh600539,其它,其它
20260120,sh600610,化工,周期资源
20260120,sh600649,其它,其它
20260120,sh600675,其它,其它
20260120,sh600774,创新药,医药
20260120,sh600838,其它,其它
20260120,sh600955,化工,周期资源
20260120,sh600986,AI应用,AI应用
20260120,sh601117,化工,周期资源
20260120,sh601212,有色,周期资源
20260120,sh601616,电网,新能源电网
20260120,sh601677,机器人,机器人
20260120,sh603078,其它,其它
20260120,sh603320,其它,其它
20260120,sh603421,半导体,AI算力
20260120,sh603616,其它,其它
20260120,sh603737,化工,周期资源
20260120,sh603822,其它,其它
20260120,sh603916,AI应用,AI应用
20260120,sh603926,机器人,机器人
20260120,sh605089,其它,其它
20260120,sh605366,化工,周期资源
20260120,sh605580,电力,新能源电网
20260120,sh688380,存储,AI算力
20260120,sz000031,其它,其它
20260120,sz000048,其它,其它
20260120,sz000417,存储,AI算力
20260120,sz000523,其它,其它
20260120,sz000669,其它,其它
20260120,sz000670,半导体,AI算力
20260120,sz000949,化工,周期资源
20260120,sz002165,半导体,AI算力
20260120,sz002181,AI应用,AI应用
20260120,sz002201,航天,军工航天
20260120,sz002208,存储,AI算力
20260120,sz002289,其它,其它
20260120,sz002291,AI应用,AI应用
20260120,sz002305,其它,其它
20260120,sz002358,算力,AI算力
20260120,sz002498,电网,新能源电网
20260120,sz002546,电网,新能源电网
20260120,sz002584,半导体,AI算力
20260120,sz002592,其它,其它
20260120,sz002637,化工,周期资源
20260120,sz002689,其它,其它
20260120,sz002716,有色,周期资源
20260120,sz002809,化工,周期资源
20260120,sz002810,化工,周期资源
20260120,sz002931,机器人,机器人
20260120,sz002969,其它,其它
20260120,sz003035,电网,新能源电网
20260120,sz003039,其它,其它
20260120,sz300242,其它,其它
20260120,sz300344,其它,其它
20260120,sz300391,其它,其它
20260120,sz300927,化工,周期资源
20260121,920427.BJ,半导体,AI算力
20260121,sh600173,机器人,机器人
20260121,sh600193,其它,其它
20260121,sh600246,航天,军工航天
20260121,sh600568,其它,其它
20260121,sh600676,其它,其它
20260121,sh600714,有色,周期资源
20260121,sh600735,其它,其它
20260121,sh600759,油气,周期资源
20260121,sh600770,半导体,AI算力
20260121,sh600841,电网,新能源电网
20260121,sh600868,有色,周期资源
20260121,sh601069,有色,周期资源
20260121,sh601212,有色,周期资源
20260121,sh601616,电网,新能源电网
20260121,sh603021,其它,其它
20260121,sh603023,智能驾驶,AI应用
20260121,sh603040,机器人,机器人
20260121,sh603052,光通信,AI算力
20260121,sh603058,半导体,AI算力
20260121,sh603078,半导体,AI算力
20260121,sh603090,液冷,AI算力
20260121,sh603203,液冷,AI算力
20260121,sh603256,PCB,AI算力
20260121,sh603257,有色,周期资源
20260121,sh603261,其它,其它
20260121,sh603311,其它,其它
20260121,sh603313,其它,其它
20260121,sh603360,化工,周期资源
20260121,sh603370,机器人,机器人
20260121,sh603608,其它,其它
20260121,sh603655,其它,其它
20260121,sh603773,半导体,AI算力
20260121,sh603991,半导体,AI算力
20260121,sh605081,其它,其它
20260121,sh605287,其它,其它
20260121,sh605299,其它,其它
20260121,sh688047,算力,AI算力
20260121,sz000036,储能,新能源电网
20260121,sz000045,其它,其它
20260121,sz000048,机器人,机器人
20260121,sz000066,算力,AI算力
20260121,sz000506,有色,周期资源
20260121,sz000510,化工,周期资源
20260121,sz000657,有色,周期资源
20260121,sz000670,半导体,AI算力
20260121,sz000688,储能,新能源电网
20260121,sz000700,机器人,机器人
20260121,sz000880,电网,新能源电网
20260121,sz001202,其它,其它
20260121,sz001203,储能,新能源电网
20260121,sz001337,有色,周期资源
20260121,sz001360,有色,周期资源
20260121,sz001389,PCB,AI算力
20260121,sz002077,PCB,AI算力
20260121,sz002156,半导体,AI算力
20260121,sz002165,半导体,AI算力
20260121,sz002185,半导体,AI算力
20260121,sz002196,机器人,机器人
20260121,sz002240,储能,新能源电网
20260121,sz002279,AI应用,AI应用
20260121,sz002290,芯片,AI算力
20260121,sz002342,航天,军工航天
20260121,sz002397,其它,其它
20260121,sz002431,其它,其它
20260121,sz002437,其它,其它
20260121,sz002440,化工,周期资源
20260121,sz002554,油气,周期资源
20260121,sz002614,机器人,机器人
20260121,sz002662,储能,新能源电网
20260121,sz002782,机器人,机器人
20260121,sz002799,AI应用,AI应用
20260121,sz002808,其它,其它
20260121,sz002809,化工,周期资源
20260121,sz002838,机器人,机器人
20260121,sz002851,算力,AI算力
20260121,sz002876,其它,其它
20260121,sz002890,其它,其它
20260121,sz002913,PCB,AI算力
20260121,sz002931,机器人,机器人
20260121,sz002995,AI应用,AI应用
20260121,sz300344,其它,其它
20260121,sz300391,其它,其它
20260121,sz300837,有色,周期资源
20260121,sz301023,其它,其它
20260121,sz301031,其它,其它
20260121,sz301200,PCB,AI算力
20260121,sz301486,元件,AI算力
20260122,920427.BJ,半导体,AI算力
20260122,sh600058,其它,其它
20260122,sh600192,电网,新能源电网
20260122,sh600228,其它,其它
20260122,sh600330,航天,军工航天
20260122,sh600391,电网,新能源电网
20260122,sh600403,煤炭,周期资源
20260122,sh600477,航天,军工航天
20260122,sh600525,其它,其它
20260122,sh600696,其它,其它
20260122,sh600735,其它,其它
20260122,sh600759,油气,周期资源
20260122,sh600770,半导体,AI算力
20260122,sh600868,有色,周期资源
20260122,sh601106,核电,新能源电网
20260122,sh601212,核电,新能源电网
20260122,sh601608,机器人,机器人
20260122,sh601992,航天,军工航天
20260122,sh603040,机器人,机器人
20260122,sh603078,半导体,AI算力
20260122,sh603095,AI应用,AI应用
20260122,sh603220,算力,AI算力
20260122,sh603256,PCB,AI算力
20260122,sh603261,其它,其它
20260122,sh603305,机器人,机器人
20260122,sh603559,其它,其它
20260122,sh603601,航天,军工航天
20260122,sh603608,其它,其它
20260122,sh603665,机器人,机器人
20260122,sh603778,光伏,新能源电网
20260122,sh603843,其它,其它
20260122,sh605118,机器人,机器人
20260122,sh605277,元件,AI算力
20260122,sh605488,机器人,机器人
20260122,sh688195,光通信,AI算力
20260122,sh688316,算力,AI算力
20260122,sh688699,芯片,AI算力
20260122,sz000004,其它,其它
20260122,sz000036,其它,其它
20260122,sz000407,油气,周期资源
20260122,sz000670,半导体,AI算力
20260122,sz000793,其它,其它
20260122,sz000820,其它,其它
20260122,sz000839,AI应用,AI应用
20260122,sz000880,电网,新能源电网
20260122,sz000927,其它,其它
20260122,sz000968,油气,周期资源
20260122,sz001202,其它,其它
20260122,sz001270,其它,其它
20260122,sz001288,机器人,机器人
20260122,sz001316,航天,军工航天
20260122,sz001373,其它,其它
20260122,sz001379,核电,新能源电网
20260122,sz001389,PCB,AI算力
20260122,sz002141,PCB,AI算力
20260122,sz002149,航天,军工航天
20260122,sz002183,半导体,AI算力
20260122,sz002201,航天,军工航天
20260122,sz002266,核电,新能源电网
20260122,sz002279,AI应用,AI应用
20260122,sz002283,电网,新能源电网
20260122,sz002297,航天,军工航天
20260122,sz002306,其它,其它
20260122,sz002342,航天,军工航天
20260122,sz002420,机器人,机器人
20260122,sz002471,航天,军工航天
20260122,sz002485,其它,其它
20260122,sz002519,航天,军工航天
20260122,sz002565,航天,军工航天
20260122,sz002569,其它,其它
20260122,sz002592,其它,其它
20260122,sz002629,其它,其它
20260122,sz002636,PCB,AI算力
20260122,sz002639,核电,新能源电网
20260122,sz002689,其它,其它
20260122,sz002716,有色,周期资源
20260122,sz002815,PCB,AI算力
20260122,sz002865,光伏,新能源电网
20260122,sz002898,其它,其它
20260122,sz002931,机器人,机器人
20260122,sz002938,PCB,AI算力
20260122,sz002943,半导体,AI算力
20260122,sz002969,其它,其它
20260122,sz002985,航天,军工航天
20260122,sz300344,其它,其它
20260122,sz300391,其它,其它
20260122,sz300454,AI应用,AI应用
20260122,sz300592,AI应用,AI应用
20260122,sz300737,其它,其它
20260122,sz300775,航天,军工航天
20260122,sz300828,机器人,机器人
20260122,sz301286,航天,军工航天
20260123,920368.BJ,光伏,新能源电网
20260123,920414.BJ,光伏,新能源电网
20260123,sh600076,航天,军工航天
20260123,sh600118,航天,军工航天
20260123,sh600228,其它,其它
20260123,sh600293,光伏,新能源电网
20260123,sh600307,黑色,周期资源
20260123,sh600340,其它,其它
20260123,sh600481,光伏,新能源电网
20260123,sh600498,光通信,AI算力
20260123,sh600525,其它,其它
20260123,sh600531,有色,周期资源
20260123,sh600537,光伏,新能源电网
20260123,sh600552,光伏,新能源电网
20260123,sh600586,光伏,新能源电网
20260123,sh600732,光伏,新能源电网
20260123,sh600735,其它,其它
20260123,sh600774,创新药,医药
20260123,sh600879,航天,军工航天
20260123,sh600916,有色,周期资源
20260123,sh600959,AI应用,AI应用
20260123,sh600986,AI应用,AI应用
20260123,sh601012,光伏,新能源电网
20260123,sh601118,化工,周期资源
20260123,sh601212,核电,新能源电网
20260123,sh601615,光伏,新能源电网
20260123,sh601702,有色,周期资源
20260123,sh603051,光伏,新能源电网
20260123,sh603078,半导体,AI算力
20260123,sh603095,AI应用,AI应用
20260123,sh603130,机器人,机器人
20260123,sh603138,算力,AI算力
20260123,sh603200,储能,新能源电网
20260123,sh603212,光伏,新能源电网
20260123,sh603261,其它,其它
20260123,sh603396,光伏,新能源电网
20260123,sh603612,有色,周期资源
20260123,sh603773,PCB,AI算力
20260123,sh603806,光伏,新能源电网
20260123,sh603843,其它,其它
20260123,sh603878,黑色,周期资源
20260123,sh603920,机器人,机器人
20260123,sh603939,医药,医药
20260123,sh605016,其它,其它
20260123,sh605598,航天,军工航天
20260123,sh688002,其它,其它
20260123,sh688223,光伏,新能源电网
20260123,sh688270,航天,军工航天
20260123,sh688323,航天,军工航天
20260123,sh688516,光伏,新能源电网
20260123,sh688556,光伏,新能源电网
20260123,sh688726,光伏,新能源电网
20260123,sz000004,其它,其它
20260123,sz000159,有色,周期资源
20260123,sz000561,航天,军工航天
20260123,sz000565,化工,周期资源
20260123,sz000591,光伏,新能源电网
20260123,sz000592,其它,其它
20260123,sz000593,其它,其它
20260123,sz000603,有色,周期资源
20260123,sz000607,AI应用,AI应用
20260123,sz000608,其它,其它
20260123,sz000630,有色,周期资源
20260123,sz000751,有色,周期资源
20260123,sz000820,其它,其它
20260123,sz000821,其它,其它
20260123,sz000990,化工,周期资源
20260123,sz001203,储能,新能源电网
20260123,sz001223,机器人,机器人
20260123,sz001270,其它,其它
20260123,sz001316,航天,军工航天
20260123,sz001400,航天,军工航天
20260123,sz002005,其它,其它
20260123,sz002058,其它,其它
20260123,sz002088,其它,其它
20260123,sz002112,算力,AI算力
20260123,sz002149,航天,军工航天
20260123,sz002150,储能,新能源电网
20260123,sz002202,航天,军工航天
20260123,sz002218,光伏,新能源电网
20260123,sz002323,光伏,新能源电网
20260123,sz002339,电网,新能源电网
20260123,sz002342,航天,军工航天
20260123,sz002405,智能驾驶,AI应用
20260123,sz002471,航天,军工航天
20260123,sz002492,其它,其它
20260123,sz002506,光伏,新能源电网
20260123,sz002569,其它,其它
20260123,sz002592,其它,其它
20260123,sz002623,光伏,新能源电网
20260123,sz002636,PCB,AI算力
20260123,sz002658,半导体,AI算力
20260123,sz002667,其它,其它
20260123,sz002679,其它,其它
20260123,sz002721,有色,周期资源
20260123,sz002780,航天,军工航天
20260123,sz002792,光通信,AI算力
20260123,sz002810,化工,周期资源
20260123,sz002816,其它,其它
20260123,sz002865,光伏,新能源电网
20260123,sz002931,机器人,机器人
20260123,sz002943,半导体,AI算力
20260123,sz002993,算力,AI算力
20260123,sz003004,其它,其它
20260123,sz003038,光伏,新能源电网
20260123,sz003041,其它,其它
20260123,sz003042,化工,周期资源
20260123,sz300051,光伏,新能源电网
20260123,sz300102,光伏,新能源电网
20260123,sz300118,光伏,新能源电网
20260123,sz300345,光伏,新能源电网
20260123,sz300385,其它,其它
20260123,sz300391,其它,其它
20260123,sz300436,创新药,医药
20260123,sz300724,光伏,新能源电网
20260123,sz300751,光伏,新能源电网
20260123,sz300780,航天,军工航天
20260123,sz300861,光伏,新能源电网
20260123,sz300986,AI应用,AI应用
20260123,sz301149,航天,军工航天
20260123,sz301232,航天,军工航天
20260126,sh600078,化工,周期资源
20260126,sh600173,机器人,机器人
20260126,sh600489,有色,周期资源
20260126,sh600531,有色,周期资源
20260126,sh600589,算力,AI算力
20260126,sh600735,其它,其它
20260126,sh600736,航天,军工航天
20260126,sh600759,油气,周期资源
20260126,sh600789,医药,医药
20260126,sh600791,其它,其它
20260126,sh600916,有色,周期资源
20260126,sh600986,AI应用,AI应用
20260126,sh601069,有色,周期资源
20260126,sh601212,核电,新能源电网
20260126,sh601226,机器人,机器人
20260126,sh601615,光伏,新能源电网
20260126,sh601869,光通信,AI算力
20260126,sh601958,有色,周期资源
20260126,sh603045,其它,其它
20260126,sh603132,有色,周期资源
20260126,sh603271,其它,其它
20260126,sh603331,光伏,新能源电网
20260126,sh603353,半导体,AI算力
20260126,sh603578,光伏,新能源电网
20260126,sh603619,油气,周期资源
20260126,sh603895,储能,新能源电网
20260126,sh603958,机器人,机器人
20260126,sh605056,机器人,机器人
20260126,sh605081,其它,其它
20260126,sh688158,航天,军工航天
20260126,sh688317,医药,医药
20260126,sh688323,航天,军工航天
20260126,sh688670,医药,医药
20260126,sz000078,医药,医药
20260126,sz000426,有色,周期资源
20260126,sz000506,有色,周期资源
20260126,sz000593,其它,其它
20260126,sz000603,有色,周期资源
20260126,sz000629,化工,周期资源
20260126,sz000630,有色,周期资源
20260126,sz000657,有色,周期资源
20260126,sz000711,其它,其它
20260126,sz000751,有色,周期资源
20260126,sz000815,算力,AI算力
20260126,sz000821,其它,其它
20260126,sz001270,其它,其它
20260126,sz001277,煤炭,周期资源
20260126,sz001288,机器人,机器人
20260126,sz001337,有色,周期资源
20260126,sz002009,储能,新能源电网
20260126,sz002022,医药,医药
20260126,sz002030,AI应用,AI应用
20260126,sz002155,有色,周期资源
20260126,sz002165,半导体,AI算力
20260126,sz002201,航天,军工航天
20260126,sz002218,光伏,新能源电网
20260126,sz002237,有色,周期资源
20260126,sz002378,有色,周期资源
20260126,sz002506,光伏,新能源电网
20260126,sz002524,AI应用,AI应用
20260126,sz002575,算力,AI算力
20260126,sz002623,光伏,新能源电网
20260126,sz002647,其它,其它
20260126,sz002667,其它,其它
20260126,sz002716,有色,周期资源
20260126,sz002728,医药,医药
20260126,sz002816,其它,其它
20260126,sz002842,有色,周期资源
20260126,sz002995,AI应用,AI应用
20260126,sz003042,化工,周期资源
20260126,sz300017,算力,AI算力
20260126,sz300139,有色,周期资源
20260126,sz300463,医药,医药
20260126,sz300639,医药,医药
20260126,sz300871,医药,医药
20260126,sz301207,医药,医药
20260126,sz301548,机器人,机器人
20260127,sh600172,新材料,周期资源
20260127,sh600391,军工,军工航天
20260127,sh600475,光伏,新能源电网
20260127,sh600531,有色,周期资源
20260127,sh600602,算力,AI算力
20260127,sh600608,其它,其它
20260127,sh600877,航天,军工航天
20260127,sh600893,军工,军工航天
20260127,sh600916,新材料,周期资源
20260127,sh601212,核电,新能源电网
20260127,sh603021,其它,其它
20260127,sh603052,光通信,AI算力
20260127,sh603061,半导体,AI算力
20260127,sh603120,半导体,AI算力
20260127,sh603121,机器人,机器人
20260127,sh603132,有色,周期资源
20260127,sh603163,芯片,AI算力
20260127,sh603212,光伏,新能源电网
20260127,sh603381,光伏,新能源电网
20260127,sh603396,光伏,新能源电网
20260127,sh603488,军工,军工航天
20260127,sh603663,储能,新能源电网
20260127,sh603828,其它,其它
20260127,sh603916,AI应用,AI应用
20260127,sh603929,芯片,AI算力
20260127,sh605288,光伏,新能源电网
20260127,sh688110,存储,AI算力
20260127,sh688702,芯片,AI算力
20260127,sz000506,有色,周期资源
20260127,sz000592,其它,其它
20260127,sz000659,其它,其它
20260127,sz000738,军工,军工航天
20260127,sz001267,光通信,AI算力
20260127,sz001270,其它,其它
20260127,sz001311,机器人,机器人
20260127,sz001337,有色,周期资源
20260127,sz002009,储能,新能源电网
20260127,sz002030,AI应用,AI应用
20260127,sz002115,航天,军工航天
20260127,sz002119,半导体,AI算力
20260127,sz002150,电网,新能源电网
20260127,sz002155,有色,周期资源
20260127,sz002185,半导体,AI算力
20260127,sz002218,光伏,新能源电网
20260127,sz002291,AI应用,AI应用
20260127,sz002446,航天,军工航天
20260127,sz002524,AI应用,AI应用
20260127,sz002634,光伏,新能源电网
20260127,sz002689,其它,其它
20260127,sz002796,光通信,AI算力
20260127,sz002943,半导体,AI算力
20260127,sz002995,AI应用,AI应用
20260127,sz003031,光通信,AI算力
20260127,sz003042,化工,周期资源
20260127,sz300344,其它,其它
20260127,sz300639,AI应用,AI应用
20260127,sz300689,液冷,AI算力
20260127,sz300806,其它,其它
20260127,sz301396,算力,AI算力
20260128,sh600170,有色,周期资源
20260128,sh600219,有色,周期资源
20260128,sh600230,化工,周期资源
20260128,sh600262,有色,周期资源
20260128,sh600313,其它,其它
20260128,sh600352,化工,周期资源
20260128,sh600459,有色,周期资源
20260128,sh600489,有色,周期资源
20260128,sh600490,有色,周期资源
20260128,sh600531,有色,周期资源
20260128,sh600655,有色,周期资源
20260128,sh600740,煤炭,周期资源
20260128,sh600759,油气,周期资源
20260128,sh600869,算力,AI算力
20260128,sh600871,油气,周期资源
20260128,sh600916,新材料,周期资源
20260128,sh600961,有色,周期资源
20260128,sh600987,化工,周期资源
20260128,sh600988,有色,周期资源
20260128,sh601015,煤炭,周期资源
20260128,sh601068,有色,周期资源
20260128,sh601069,有色,周期资源
20260128,sh601212,核电,新能源电网
20260128,sh601388,有色,周期资源
20260128,sh601600,有色,周期资源
20260128,sh601702,有色,周期资源
20260128,sh601799,其它,其它
20260128,sh603052,光通信,AI算力
20260128,sh603077,化工,周期资源
20260128,sh603132,有色,周期资源
20260128,sh603188,化工,周期资源
20260128,sh603256,PCB,AI算力
20260128,sh603559,其它,其它
20260128,sh603601,航天,军工航天
20260128,sh603619,油气,周期资源
20260128,sh603680,航天,军工航天
20260128,sh603900,有色,周期资源
20260128,sh603958,机器人,机器人
20260128,sh603988,有色,周期资源
20260128,sh605599,有色,周期资源
20260128,sh688216,半导体,AI算力
20260128,sz000506,有色,周期资源
20260128,sz000573,其它,其它
20260128,sz000599,其它,其它
20260128,sz000603,有色,周期资源
20260128,sz000620,存储,AI算力
20260128,sz000630,有色,周期资源
20260128,sz000711,其它,其它
20260128,sz000737,有色,周期资源
20260128,sz000751,有色,周期资源
20260128,sz000758,有色,周期资源
20260128,sz000807,有色,周期资源
20260128,sz000815,算力,AI算力
20260128,sz000878,有色,周期资源
20260128,sz000962,有色,周期资源
20260128,sz001270,其它,其它
20260128,sz001337,有色,周期资源
20260128,sz001360,有色,周期资源
20260128,sz001376,有色,周期资源
20260128,sz002080,PCB,AI算力
20260128,sz002114,有色,周期资源
20260128,sz002119,半导体,AI算力
20260128,sz002155,有色,周期资源
20260128,sz002160,有色,周期资源
20260128,sz002169,其它,其它
20260128,sz002207,油气,周期资源
20260128,sz002237,有色,周期资源
20260128,sz002342,航天,军工航天
20260128,sz002440,化工,周期资源
20260128,sz002455,化工,周期资源
20260128,sz002532,有色,周期资源
20260128,sz002578,有色,周期资源
20260128,sz002667,有色,周期资源
20260128,sz002716,有色,周期资源
20260128,sz002721,有色,周期资源
20260128,sz002724,其它,其它
20260128,sz002842,有色,周期资源
20260128,sz002848,其它,其它
20260128,sz003042,化工,周期资源
20260128,sz300139,有色,周期资源
20260128,sz300164,油气,周期资源
20260128,sz300798,化工,周期资源
20260128,sz301177,有色,周期资源
20260128,sz301500,有色,周期资源
20260129,sh600059,其它,其它
20260129,sh600084,其它,其它
20260129,sh600197,其它,其它
20260129,sh600199,其它,其它
20260129,sh600215,AI应用,AI应用
20260129,sh600273,化工,周期资源
20260129,sh600339,油气,周期资源
20260129,sh600392,有色,周期资源
20260129,sh600421,其它,其它
20260129,sh600499,其它,其它
20260129,sh600531,有色,周期资源
20260129,sh600559,其它,其它
20260129,sh600649,其它,其它
20260129,sh600678,航天,军工航天
20260129,sh600684,其它,其它
20260129,sh600696,其它,其它
20260129,sh600702,其它,其它
20260129,sh600722,化工,周期资源
20260129,sh600759,油气,周期资源
20260129,sh600779,其它,其它
20260129,sh600785,其它,其它
20260129,sh600809,其它,其它
20260129,sh600871,油气,周期资源
20260129,sh600916,新材料,周期资源
20260129,sh600959,AI应用,AI应用
20260129,sh600986,AI应用,AI应用
20260129,sh601069,有色,周期资源
20260129,sh601118,化工,周期资源
20260129,sh601155,其它,其它
20260129,sh601212,核电,新能源电网
20260129,sh601388,有色,周期资源
20260129,sh601579,其它,其它
20260129,sh603001,其它,其它
20260129,sh603103,传媒,AI应用
20260129,sh603162,航运,周期资源
20260129,sh603172,化工,周期资源
20260129,sh603198,其它,其它
20260129,sh603369,其它,其它
20260129,sh603589,其它,其它
20260129,sh603599,化工,周期资源
20260129,sh603619,油气,周期资源
20260129,sh603876,其它,其它
20260129,sh603916,AI应用,AI应用
20260129,sh603919,其它,其它
20260129,sh603958,机器人,机器人
20260129,sh603980,化工,周期资源
20260129,sh605080,其它,其它
20260129,sh605099,其它,其它
20260129,sz000029,其它,其它
20260129,sz000031,其它,其它
20260129,sz000506,有色,周期资源
20260129,sz000554,其它,其它
20260129,sz000560,其它,其它
20260129,sz000568,其它,其它
20260129,sz000596,其它,其它
20260129,sz000607,AI应用,AI应用
20260129,sz000630,有色,周期资源
20260129,sz000711,其它,其它
20260129,sz000737,有色,周期资源
20260129,sz000799,其它,其它
20260129,sz000813,医药,医药
20260129,sz000858,其它,其它
20260129,sz000863,其它,其它
20260129,sz000878,有色,周期资源
20260129,sz000901,航天,军工航天
20260129,sz000995,其它,其它
20260129,sz001316,航天,军工航天
20260129,sz001376,有色,周期资源
20260129,sz001386,其它,其它
20260129,sz002155,有色,周期资源
20260129,sz002181,AI应用,AI应用
20260129,sz002207,油气,周期资源
20260129,sz002259,油气,周期资源
20260129,sz002304,其它,其它
20260129,sz002440,化工,周期资源
20260129,sz002455,化工,周期资源
20260129,sz002646,其它,其它
20260129,sz002678,AI应用,AI应用
20260129,sz002948,其它,其它
20260129,sz002970,AI应用,AI应用
20260129,sz002995,AI应用,AI应用
20260129,sz300164,油气,周期资源
20260129,sz300344,其它,其它
20260129,sz300780,航天,军工航天
20260129,sz300781,AI应用,AI应用
20260129,sz300975,其它,其它
20260130,sh600084,其它,其它
20260130,sh600107,其它,其它
20260130,sh600313,其它,其它
20260130,sh600330,航天,军工航天
20260130,sh600345,光通信,AI算力
20260130,sh600354,其它,其它
20260130,sh600371,其它,其它
20260130,sh600395,煤炭,周期资源
20260130,sh600421,其它,其它
20260130,sh600487,光通信,AI算力
20260130,sh600599,其它,其它
20260130,sh600608,其它,其它
20260130,sh600667,存储,AI算力
20260130,sh600696,其它,其它
20260130,sh600828,其它,其它
20260130,sh601133,芯片,AI算力
20260130,sh601208,PCB,AI算力
20260130,sh601231,光通信,AI算力
20260130,sh601869,光通信,AI算力
20260130,sh603010,化工,周期资源
20260130,sh603059,其它,其它
20260130,sh603103,其它,其它
20260130,sh603172,化工,周期资源
20260130,sh603331,光伏,新能源电网
20260130,sh603391,其它,其它
20260130,sh603598,AI应用,AI应用
20260130,sh603618,PCB,AI算力
20260130,sh603629,算力,AI算力
20260130,sh603813,其它,其它
20260130,sh603861,算力,AI算力
20260130,sh603863,化工,周期资源
20260130,sh603887,液冷,AI算力
20260130,sh605003,其它,其它
20260130,sh605151,其它,其它
20260130,sh605289,AI应用,AI应用
20260130,sh688025,其它,其它
20260130,sh688280,其它,其它
20260130,sh688583,航天,军工航天
20260130,sz000004,其它,其它
20260130,sz000798,其它,其它
20260130,sz000995,其它,其它
20260130,sz001270,其它,其它
20260130,sz002009,储能,新能源电网
20260130,sz002041,其它,其它
20260130,sz002137,AI应用,AI应用
20260130,sz002155,有色,周期资源
20260130,sz002165,半导体,AI算力
20260130,sz002455,化工,周期资源
20260130,sz002491,光通信,AI算力
20260130,sz002562,化工,周期资源
20260130,sz002713,其它,其它
20260130,sz002830,其它,其它
20260130,sz002952,消费电子,AI算力
20260130,sz002995,AI应用,AI应用
20260130,sz300731,其它,其它
20260130,sz300805,AI应用,AI应用
20260130,sz301486,元件,AI算力
20260202,sh600172,新材料,周期资源
20260202,sh600228,其它,其它
20260202,sh600232,储能,新能源电网
20260202,sh600421,其它,其它
20260202,sh600550,电网,新能源电网
20260202,sh600785,其它,其它
20260202,sh600828,其它,其它
20260202,sh601616,电网,新能源电网
20260202,sh603103,其它,其它
20260202,sh603117,其它,其它
20260202,sh603172,化工,周期资源
20260202,sh603618,PCB,AI算力
20260202,sh603629,算力,AI算力
20260202,sh603697,其它,其它
20260202,sh603843,其它,其它
20260202,sh603861,算力,AI算力
20260202,sh603919,其它,其它
20260202,sh605151,其它,其它
20260202,sh605255,其它,其它
20260202,sh688335,其它,其它
20260202,sz000533,核电,新能源电网
20260202,sz000608,其它,其它
20260202,sz000668,其它,其它
20260202,sz000711,其它,其它
20260202,sz000821,其它,其它
20260202,sz000995,其它,其它
20260202,sz001326,机器人,机器人
20260202,sz001368,其它,其它
20260202,sz002112,算力,AI算力
20260202,sz002291,AI应用,AI应用
20260202,sz002339,电网,新能源电网
20260202,sz002358,算力,AI算力
20260202,sz002471,航天,军工航天
20260202,sz002491,光通信,AI算力
20260202,sz002498,电网,新能源电网
20260202,sz002575,算力,AI算力
20260202,sz002606,电网,新能源电网
20260202,sz002678,AI应用,AI应用
20260202,sz002713,其它,其它
20260202,sz002780,航天,军工航天
20260202,sz002830,AI应用,AI应用
20260202,sz300215,电网,新能源电网
20260202,sz300265,光通信,AI算力
20260202,sz301362,PCB,AI算力
20260203,920305.BJ,其它,其它
20260203,sh600053,机器人,机器人
20260203,sh600149,其它,其它
20260203,sh600266,其它,其它
20260203,sh600330,航天,军工航天
20260203,sh600410,算力,AI算力
20260203,sh600481,光伏,新能源电网
20260203,sh600586,光伏,新能源电网
20260203,sh600590,算力,AI算力
20260203,sh600673,算力,AI算力
20260203,sh600683,其它,其它
20260203,sh600735,其它,其它
20260203,sh600785,其它,其它
20260203,sh600869,算力,AI算力
20260203,sh600984,其它,其它
20260203,sh600986,AI应用,AI应用
20260203,sh601799,其它,其它
20260203,sh601992,其它,其它
20260203,sh603021,其它,其它
20260203,sh603031,航天,军工航天
20260203,sh603051,光伏,新能源电网
20260203,sh603095,AI应用,AI应用
20260203,sh603103,其它,其它
20260203,sh603172,化工,周期资源
20260203,sh603211,机器人,机器人
20260203,sh603285,化工,周期资源
20260203,sh603557,其它,其它
20260203,sh603612,有色,周期资源
20260203,sh603618,PCB,AI算力
20260203,sh603773,PCB,AI算力
20260203,sh603778,光伏,新能源电网
20260203,sh603806,PCB,AI算力
20260203,sh603843,其它,其它
20260203,sh603920,机器人,机器人
20260203,sh605123,航天,军工航天
20260203,sh605599,有色,周期资源
20260203,sh688516,光伏,新能源电网
20260203,sh688680,光伏,新能源电网
20260203,sz000039,其它,其它
20260203,sz000533,核电,新能源电网
20260203,sz000534,电网,新能源电网
20260203,sz000547,航天,军工航天
20260203,sz000608,其它,其它
20260203,sz000668,其它,其它
20260203,sz000691,其它,其它
20260203,sz000711,其它,其它
20260203,sz000738,军工,军工航天
20260203,sz000811,液冷,AI算力
20260203,sz000821,其它,其它
20260203,sz000856,其它,其它
20260203,sz000962,核电,新能源电网
20260203,sz000995,其它,其它
20260203,sz001316,航天,军工航天
20260203,sz001400,航天,军工航天
20260203,sz002012,其它,其它
20260203,sz002058,其它,其它
20260203,sz002112,算力,AI算力
20260203,sz002126,机器人,机器人
20260203,sz002155,有色,周期资源
20260203,sz002165,半导体,AI算力
20260203,sz002238,算力,AI算力
20260203,sz002342,航天,军工航天
20260203,sz002361,航天,军工航天
20260203,sz002364,算力,AI算力
20260203,sz002455,化工,周期资源
20260203,sz002471,航天,军工航天
20260203,sz002581,其它,其它
20260203,sz002713,其它,其它
20260203,sz002785,有色,周期资源
20260203,sz002792,光通信,AI算力
20260203,sz002830,AI应用,AI应用
20260203,sz002865,光伏,新能源电网
20260203,sz002898,其它,其它
20260203,sz002922,算力,AI算力
20260203,sz002943,半导体,AI算力
20260203,sz002951,光通信,AI算力
20260203,sz002957,储能,新能源电网
20260203,sz003035,电网,新能源电网
20260203,sz300757,光通信,AI算力
20260203,sz300842,光伏,新能源电网
20260203,sz301182,有色,周期资源
20260203,sz301362,PCB,AI算力
20260203,sz301636,光伏,新能源电网
20260204,sh600072,其它,其它
20260204,sh600115,其它,其它
20260204,sh600188,煤炭,周期资源
20260204,sh600228,其它,其它
20260204,sh600325,其它,其它
20260204,sh600330,航天,军工航天
20260204,sh600403,煤炭,周期资源
20260204,sh600421,其它,其它
20260204,sh600481,光伏,新能源电网
20260204,sh600546,煤炭,周期资源
20260204,sh600683,其它,其它
20260204,sh600740,煤炭,周期资源
20260204,sh600759,油气,周期资源
20260204,sh600778,其它,其它
20260204,sh600792,煤炭,周期资源
20260204,sh600814,其它,其它
20260204,sh600860,氢能,新能源电网
20260204,sh600971,煤炭,周期资源
20260204,sh600997,煤炭,周期资源
20260204,sh601001,煤炭,周期资源
20260204,sh601011,煤炭,周期资源
20260204,sh601015,煤炭,周期资源
20260204,sh601096,电网,新能源电网
20260204,sh601226,氢能,新能源电网
20260204,sh601699,煤炭,周期资源
20260204,sh601898,煤炭,周期资源
20260204,sh603021,其它,其它
20260204,sh603334,其它,其它
20260204,sh603381,光伏,新能源电网
20260204,sh603616,PEEK,机器人
20260204,sh603618,PCB,AI算力
20260204,sh603778,光伏,新能源电网
20260204,sh603826,化工,周期资源
20260204,sh605376,有色,周期资源
20260204,sh688223,光伏,新能源电网
20260204,sh688429,光伏,新能源电网
20260204,sz000039,油气,周期资源
20260204,sz000070,光通信,AI算力
20260204,sz000517,其它,其它
20260204,sz000533,核电,新能源电网
20260204,sz000560,其它,其它
20260204,sz000711,其它,其它
20260204,sz000723,煤炭,周期资源
20260204,sz000821,其它,其它
20260204,sz000838,其它,其它
20260204,sz000983,煤炭,周期资源
20260204,sz001223,储能,新能源电网
20260204,sz002126,机器人,机器人
20260204,sz002129,光伏,新能源电网
20260204,sz002218,光伏,新能源电网
20260204,sz002278,氢能,新能源电网
20260204,sz002286,其它,其它
20260204,sz002289,其它,其它
20260204,sz002300,电网,新能源电网
20260204,sz002306,其它,其它
20260204,sz002334,机器人,机器人
20260204,sz002342,航天,军工航天
20260204,sz002355,智能驾驶,AI应用
20260204,sz002441,电网,新能源电网
20260204,sz002485,其它,其它
20260204,sz002506,光伏,新能源电网
20260204,sz002623,化工,周期资源
20260204,sz002791,其它,其它
20260204,sz002810,化工,周期资源
20260204,sz002830,AI应用,AI应用
20260204,sz002853,其它,其它
20260204,sz002928,其它,其它
20260204,sz002970,算力,AI算力
20260204,sz003038,光伏,新能源电网
20260204,sz300344,其它,其它
20260204,sz300393,光伏,新能源电网
20260204,sz300423,氢能,新能源电网
20260204,sz300912,机器人,机器人
20260204,sz300985,氢能,新能源电网
20260204,sz301119,机器人,机器人
20260204,sz301362,PCB,AI算力
20260204,sz301636,光伏,新能源电网
20260205,sh600084,其它,其它
20260205,sh600107,其它,其它
20260205,sh600136,其它,其它
20260205,sh600156,机器人,机器人
20260205,sh600382,其它,其它
20260205,sh600683,其它,其它
20260205,sh600796,化工,周期资源
20260205,sh600814,其它,其它
20260205,sh600828,其它,其它
20260205,sh601015,其它,其它
20260205,sh601116,其它,其它
20260205,sh601187,其它,其它
20260205,sh601599,传媒,AI应用
20260205,sh603103,传媒,AI应用
20260205,sh603334,其它,其它
20260205,sh603429,储能,新能源电网
20260205,sh603557,其它,其它
20260205,sh603616,PEEK,机器人
20260205,sh603630,其它,其它
20260205,sh603655,其它,其它
20260205,sh603696,其它,其它
20260205,sh603826,化工,周期资源
20260205,sh603843,其它,其它
20260205,sz000056,其它,其它
20260205,sz000592,其它,其它
20260205,sz000609,其它,其它
20260205,sz000636,元件,AI算力
20260205,sz000711,其它,其它
20260205,sz000822,化工,周期资源
20260205,sz002264,其它,其它
20260205,sz002291,AI应用,AI应用
20260205,sz002355,其它,其它
20260205,sz002357,其它,其它
20260205,sz002361,航天,军工航天
20260205,sz002467,AI应用,AI应用
20260205,sz002506,光伏,新能源电网
20260205,sz002528,其它,其它
20260205,sz002575,算力,AI算力
20260205,sz002627,其它,其它
20260205,sz002630,其它,其它
20260205,sz002702,其它,其它
20260205,sz002713,其它,其它
20260205,sz002742,其它,其它
20260205,sz002905,传媒,AI应用
20260205,sz002945,其它,其它
20260205,sz002969,其它,其它
20260205,sz002985,航天,军工航天
20260205,sz002995,AI应用,AI应用
20260205,sz003018,其它,其它
20260205,sz003036,储能,新能源电网
20260205,sz300152,其它,其它
20260205,sz300300,AI应用,AI应用
20260205,sz300344,其它,其它
20260205,sz300461,其它,其它
20260205,sz300912,机器人,机器人
20260205,sz301362,PCB,AI算力
20260206,sh600063,化工,周期资源
20260206,sh600230,化工,周期资源
20260206,sh600345,光通信,AI算力
20260206,sh600381,其它,其它
20260206,sh600686,其它,其它
20260206,sh600722,化工,周期资源
20260206,sh600759,油气,周期资源
20260206,sh600814,航天,军工航天
20260206,sh600884,储能,新能源电网
20260206,sh600987,化工,周期资源
20260206,sh603138,算力,AI算力
20260206,sh603331,机器人,机器人
20260206,sh603580,其它,其它
20260206,sh603607,传媒,AI应用
20260206,sh603616,其它,其它
20260206,sh603618,PCB,AI算力
20260206,sh603626,机器人,机器人
20260206,sh603663,储能,新能源电网
20260206,sh603667,机器人,机器人
20260206,sh603823,化工,周期资源
20260206,sh603876,有色,周期资源
20260206,sh603881,算力,AI算力
20260206,sh603959,机器人,机器人
20260206,sh605488,机器人,机器人
20260206,sz000056,其它,其它
20260206,sz000609,其它,其它
20260206,sz000711,其它,其它
20260206,sz000767,电力,新能源电网
20260206,sz000820,其它,其它
20260206,sz001360,有色,周期资源
20260206,sz002009,储能,新能源电网
20260206,sz002015,算力,AI算力
20260206,sz002054,其它,其它
20260206,sz002072,煤炭,周期资源
20260206,sz002099,化工,周期资源
20260206,sz002112,算力,AI算力
20260206,sz002150,电网,新能源电网
20260206,sz002207,油气,周期资源
20260206,sz002339,电网,新能源电网
20260206,sz002345,有色,周期资源
20260206,sz002361,航天,军工航天
20260206,sz002412,医药,医药
20260206,sz002440,化工,周期资源
20260206,sz002455,化工,周期资源
20260206,sz002506,光伏,新能源电网
20260206,sz002519,航天,军工航天
20260206,sz002624,传媒,AI应用
20260206,sz002630,其它,其它
20260206,sz002634,其它,其它
20260206,sz002728,医药,医药
20260206,sz002759,储能,新能源电网
20260206,sz002772,其它,其它
20260206,sz002812,储能,新能源电网
20260206,sz002830,AI应用,AI应用
20260206,sz002842,有色,周期资源
20260206,sz002921,机器人,机器人
20260206,sz002957,储能,新能源电网
20260206,sz003018,其它,其它
20260206,sz300461,其它,其它
20260206,sz300912,机器人,机器人
20260206,sz301312,半导体,AI算力
20260209,sh600172,新材料,周期资源
20260209,sh600185,其它,其它
20260209,sh600238,其它,其它
20260209,sh600243,其它,其它
20260209,sh600330,航天,军工航天
20260209,sh600381,其它,其它
20260209,sh600392,有色,周期资源
20260209,sh600477,光伏,新能源电网
20260209,sh600586,光伏,新能源电网
20260209,sh600589,算力,AI算力
20260209,sh600590,电网,新能源电网
20260209,sh600666,算力,AI算力
20260209,sh600683,其它,其它
20260209,sh600722,化工,周期资源
20260209,sh600751,航运,周期资源
20260209,sh600841,电网,新能源电网
20260209,sh600875,电网,新能源电网
20260209,sh600884,其它,其它
20260209,sh601360,AI应用,AI应用
20260209,sh601595,传媒,AI应用
20260209,sh601869,光通信,AI算力
20260209,sh603021,其它,其它
20260209,sh603031,航天,军工航天
20260209,sh603103,传媒,AI应用
20260209,sh603163,芯片,AI算力
20260209,sh603188,化工,周期资源
20260209,sh603191,电网,新能源电网
20260209,sh603301,医药,医药
20260209,sh603308,电网,新能源电网
20260209,sh603466,AI应用,AI应用
20260209,sh603533,传媒,AI应用
20260209,sh603598,传媒,AI应用
20260209,sh603616,其它,其它
20260209,sh603626,机器人,机器人
20260209,sh603629,算力,AI算力
20260209,sh603729,传媒,AI应用
20260209,sh603829,电网,新能源电网
20260209,sh603929,芯片,AI算力
20260209,sh603980,化工,周期资源
20260209,sh605060,电网,新能源电网
20260209,sh605287,传媒,AI应用
20260209,sh605566,化工,周期资源
20260209,sh605598,航天,军工航天
20260209,sh688025,光伏,新能源电网
20260209,sh688435,AI应用,AI应用
20260209,sh688503,光伏,新能源电网
20260209,sz000014,其它,其它
20260209,sz000016,存储,AI算力
20260209,sz000525,化工,周期资源
20260209,sz000571,煤炭,周期资源
20260209,sz000609,其它,其它
20260209,sz000711,其它,其它
20260209,sz000820,其它,其它
20260209,sz000821,其它,其它
20260209,sz000892,传媒,AI应用
20260209,sz001217,化工,周期资源
20260209,sz001266,航天,军工航天
20260209,sz001326,机器人,机器人
20260209,sz001330,传媒,AI应用
20260209,sz002015,算力,AI算力
20260209,sz002054,化工,周期资源
20260209,sz002079,光伏,新能源电网
20260209,sz002099,化工,周期资源
20260209,sz002129,光伏,新能源电网
20260209,sz002218,光伏,新能源电网
20260209,sz002272,液冷,AI算力
20260209,sz002296,航天,军工航天
20260209,sz002309,光伏,新能源电网
20260209,sz002323,光伏,新能源电网
20260209,sz002429,传媒,AI应用
20260209,sz002438,航天,军工航天
20260209,sz002440,化工,周期资源
20260209,sz002455,化工,周期资源
20260209,sz002471,航天,军工航天
20260209,sz002485,其它,其它
20260209,sz002501,光伏,新能源电网
20260209,sz002506,光伏,新能源电网
20260209,sz002534,光伏,新能源电网
20260209,sz002623,光伏,新能源电网
20260209,sz002624,传媒,AI应用
20260209,sz002630,其它,其它
20260209,sz002689,其它,其它
20260209,sz002716,有色,周期资源
20260209,sz002717,其它,其它
20260209,sz002822,其它,其它
20260209,sz002830,AI应用,AI应用
20260209,sz003018,其它,其它
20260209,sz300182,传媒,AI应用
20260209,sz300364,传媒,AI应用
20260209,sz300480,半导体,AI算力
20260209,sz300749,航天,军工航天
20260209,sz300912,机器人,机器人
20260209,sz300982,电网,新能源电网
20260209,sz301231,传媒,AI应用
20260209,sz301232,航天,军工航天
20260209,sz301262,传媒,AI应用
20260210,sh600088,传媒,AI应用
20260210,sh600107,其它,其它
20260210,sh600207,光伏,新能源电网
20260210,sh600381,其它,其它
20260210,sh600482,电网,新能源电网
20260210,sh600589,算力,AI算力
20260210,sh600696,其它,其它
20260210,sh600715,传媒,AI应用
20260210,sh600977,传媒,AI应用
20260210,sh601595,传媒,AI应用
20260210,sh601599,传媒,AI应用
20260210,sh601869,光通信,AI算力
20260210,sh603000,AI应用,AI应用
20260210,sh603058,AI应用,AI应用
20260210,sh603103,传媒,AI应用
20260210,sh603115,其它,其它
20260210,sh603268,其它,其它
20260210,sh603301,医药,医药
20260210,sh603320,其它,其它
20260210,sh603466,AI应用,AI应用
20260210,sh603533,传媒,AI应用
20260210,sh603598,传媒,AI应用
20260210,sh603721,其它,其它
20260210,sh603729,传媒,AI应用
20260210,sh603888,AI应用,AI应用
20260210,sh603960,机器人,机器人
20260210,sh603968,化工,周期资源
20260210,sh603980,化工,周期资源
20260210,sh603999,其它,其它
20260210,sh605060,电网,新能源电网
20260210,sh605287,传媒,AI应用
20260210,sz000056,半导体,AI算力
20260210,sz000070,光通信,AI算力
20260210,sz000156,算力,AI算力
20260210,sz000559,机器人,机器人
20260210,sz000608,其它,其它
20260210,sz000609,其它,其它
20260210,sz000638,其它,其它
20260210,sz000669,其它,其它
20260210,sz000681,其它,其它
20260210,sz000815,算力,AI算力
20260210,sz000818,算力,AI算力
20260210,sz000839,AI应用,AI应用
20260210,sz000859,半导体,AI算力
20260210,sz000892,传媒,AI应用
20260210,sz001330,传媒,AI应用
20260210,sz002082,AI应用,AI应用
20260210,sz002159,其它,其它
20260210,sz002181,传媒,AI应用
20260210,sz002292,传媒,AI应用
20260210,sz002302,航天,军工航天
20260210,sz002323,光伏,新能源电网
20260210,sz002429,传媒,AI应用
20260210,sz002455,化工,周期资源
20260210,sz002485,其它,其它
20260210,sz002597,化工,周期资源
20260210,sz002655,其它,其它
20260210,sz002723,其它,其它
20260210,sz002739,传媒,AI应用
20260210,sz002806,其它,其它
20260210,sz002848,其它,其它
20260210,sz002905,传媒,AI应用
20260210,sz002969,其它,其它
20260210,sz300182,传媒,AI应用
20260210,sz300251,传媒,AI应用
20260210,sz300364,传媒,AI应用
20260210,sz300528,传媒,AI应用
20260210,sz300749,航天,军工航天
20260210,sz301025,其它,其它
20260210,sz301085,算力,AI算力
20260210,sz301231,其它,其它
20260211,sh600176,PCB,AI算力
20260211,sh600186,算力,AI算力
20260211,sh600292,其它,其它
20260211,sh600355,其它,其它
20260211,sh600397,有色,周期资源
20260211,sh600545,化工,周期资源
20260211,sh600583,其它,其它
20260211,sh600589,算力,AI算力
20260211,sh600722,化工,周期资源
20260211,sh600980,有色,周期资源
20260211,sh601121,黑色,周期资源
20260211,sh603125,化工,周期资源
20260211,sh603138,算力,AI算力
20260211,sh603256,其它,其它
20260211,sh603533,传媒,AI应用
20260211,sh603601,航天,军工航天
20260211,sh603608,其它,其它
20260211,sh603629,算力,AI算力
20260211,sh603682,AI应用,AI应用
20260211,sh603729,传媒,AI应用
20260211,sh603968,化工,周期资源
20260211,sh603980,化工,周期资源
20260211,sh605006,其它,其它
20260211,sh605033,化工,周期资源
20260211,sh605287,传媒,AI应用
20260211,sh688035,光伏,新能源电网
20260211,sz000070,光通信,AI算力
20260211,sz000510,化工,周期资源
20260211,sz000609,其它,其它
20260211,sz000615,其它,其它
20260211,sz000638,其它,其它
20260211,sz000657,有色,周期资源
20260211,sz000659,其它,其它
20260211,sz000669,其它,其它
20260211,sz000892,传媒,AI应用
20260211,sz000962,有色,周期资源
20260211,sz001217,化工,周期资源
20260211,sz001267,光通信,AI算力
20260211,sz001359,其它,其它
20260211,sz001376,有色,周期资源
20260211,sz001896,算力,AI算力
20260211,sz002080,PCB,AI算力
20260211,sz002254,化工,周期资源
20260211,sz002270,电网,新能源电网
20260211,sz002323,光伏,新能源电网
20260211,sz002340,有色,周期资源
20260211,sz002378,有色,周期资源
20260211,sz002424,其它,其它
20260211,sz002455,化工,周期资源
20260211,sz002470,化工,周期资源
20260211,sz002485,其它,其它
20260211,sz002713,其它,其它
20260211,sz002723,其它,其它
20260211,sz002757,算力,AI算力
20260211,sz002842,有色,周期资源
20260211,sz002868,其它,其它
20260211,sz002951,光通信,AI算力
20260211,sz003018,其它,其它
20260211,sz300819,机器人,机器人
20260211,sz301526,其它,其它
20260212,sh600026,航运,周期资源
20260212,sh600397,有色,周期资源
20260212,sh600481,光伏,新能源电网
20260212,sh600490,有色,周期资源
20260212,sh600545,其它,其它
20260212,sh600589,算力,AI算力
20260212,sh600673,算力,AI算力
20260212,sh600821,算力,AI算力
20260212,sh600960,机器人,机器人
20260212,sh601126,储能,新能源电网
20260212,sh601231,光通信,AI算力
20260212,sh601619,储能,新能源电网
20260212,sh601872,航运,周期资源
20260212,sh603088,机器人,机器人
20260212,sh603090,液冷,AI算力
20260212,sh603138,AI应用,AI应用
20260212,sh603191,电网,新能源电网
20260212,sh603256,其它,其它
20260212,sh603268,其它,其它
20260212,sh603308,电网,新能源电网
20260212,sh603389,其它,其它
20260212,sh603533,传媒,AI应用
20260212,sh603688,其它,其它
20260212,sh603757,液冷,AI算力
20260212,sh603950,电网,新能源电网
20260212,sh605006,其它,其它
20260212,sh605018,机器人,机器人
20260212,sh605033,化工,周期资源
20260212,sh605287,AI应用,AI应用
20260212,sh605318,AI应用,AI应用
20260212,sh688158,算力,AI算力
20260212,sh688480,有色,周期资源
20260212,sz000070,光通信,AI算力
20260212,sz000533,核电,新能源电网
20260212,sz000609,其它,其它
20260212,sz000628,半导体,AI算力
20260212,sz000638,其它,其它
20260212,sz000669,其它,其它
20260212,sz000691,其它,其它
20260212,sz000711,其它,其它
20260212,sz000767,电力,新能源电网
20260212,sz000820,其它,其它
20260212,sz000833,其它,其它
20260212,sz000962,有色,周期资源
20260212,sz001896,算力,AI算力
20260212,sz002080,PCB,AI算力
20260212,sz002131,AI应用,AI应用
20260212,sz002208,存储,AI算力
20260212,sz002248,其它,其它
20260212,sz002272,液冷,AI算力
20260212,sz002323,光伏,新能源电网
20260212,sz002364,算力,AI算力
20260212,sz002378,有色,周期资源
20260212,sz002478,电网,新能源电网
20260212,sz002498,电网,新能源电网
20260212,sz002518,算力,AI算力
20260212,sz002520,机器人,机器人
20260212,sz002713,其它,其它
20260212,sz002796,光通信,AI算力
20260212,sz002824,其它,其它
20260212,sz002837,算力,AI算力
20260212,sz002842,有色,周期资源
20260212,sz002885,算力,AI算力
20260212,sz002922,算力,AI算力
20260212,sz002951,光通信,AI算力
20260212,sz002975,液冷,AI算力
20260212,sz300277,电网,新能源电网
20260212,sz300846,算力,AI算力
20260212,sz301317,液冷,AI算力
20260213,sh600410,算力,AI算力
20260213,sh600629,其它,其它
20260213,sh600791,其它,其它
20260213,sh600893,军工,军工航天
20260213,sh600984,其它,其它
20260213,sh601777,智能驾驶,AI应用
20260213,sh601890,军工,军工航天
20260213,sh603021,其它,其它
20260213,sh603163,芯片,AI算力
20260213,sh603268,其它,其它
20260213,sh603331,机器人,机器人
20260213,sh603466,AI应用,AI应用
20260213,sh603533,传媒,AI应用
20260213,sh603960,机器人,机器人
20260213,sh605007,化工,周期资源
20260213,sh605033,化工,周期资源
20260213,sh605289,AI应用,AI应用
20260213,sz000004,其它,其它
20260213,sz000021,存储,AI算力
20260213,sz000488,其它,其它
20260213,sz000609,其它,其它
20260213,sz000638,其它,其它
20260213,sz000669,其它,其它
20260213,sz000711,其它,其它
20260213,sz000798,其它,其它
20260213,sz000821,其它,其它
20260213,sz000839,AI应用,AI应用
20260213,sz000859,半导体,AI算力
20260213,sz000890,光通信,AI算力
20260213,sz001270,其它,其它
20260213,sz001896,算力,AI算力
20260213,sz002009,储能,新能源电网
20260213,sz002169,其它,其它
20260213,sz002289,其它,其它
20260213,sz002355,智能驾驶,AI应用
20260213,sz002498,电网,新能源电网
20260213,sz002510,航天,军工航天
20260213,sz002592,其它,其它
20260213,sz002647,其它,其它
20260213,sz002703,智能驾驶,AI应用
20260213,sz002713,其它,其它
20260213,sz002843,航天,军工航天
20260213,sz002951,光通信,AI算力
20260213,sz300449,AI应用,AI应用
20260213,sz300719,军工,军工航天
20260213,sz300812,光通信,AI算力
20260224,920305.BJ,其它,其它
20260224,sh600026,航运,周期资源
20260224,sh600078,化工,周期资源
20260224,sh600096,化工,周期资源
20260224,sh600141,化工,周期资源
20260224,sh600172,新材料,周期资源
20260224,sh600176,其它,其它
20260224,sh600289,其它,其它
20260224,sh600330,航天,军工航天
20260224,sh600339,油气,周期资源
20260224,sh600345,光通信,AI算力
20260224,sh600397,有色,周期资源
20260224,sh600409,化工,周期资源
20260224,sh600470,化工,周期资源
20260224,sh600550,电网,新能源电网
20260224,sh600671,医药,医药
20260224,sh600714,化工,周期资源
20260224,sh600722,化工,周期资源
20260224,sh600753,其它,其它
20260224,sh600759,油气,周期资源
20260224,sh600792,煤炭,周期资源
20260224,sh600871,油气,周期资源
20260224,sh601015,煤炭,周期资源
20260224,sh601212,有色,周期资源
20260224,sh601390,有色,周期资源
20260224,sh601808,油气,周期资源
20260224,sh601869,光通信,AI算力
20260224,sh601872,航运,周期资源
20260224,sh601890,军工,军工航天
20260224,sh601975,航运,周期资源
20260224,sh603021,其它,其它
20260224,sh603042,光通信,AI算力
20260224,sh603077,化工,周期资源
20260224,sh603115,其它,其它
20260224,sh603124,PCB,AI算力
20260224,sh603139,医药,医药
20260224,sh603256,其它,其它
20260224,sh603389,其它,其它
20260224,sh603400,其它,其它
20260224,sh603466,AI应用,AI应用
20260224,sh603559,其它,其它
20260224,sh603601,航天,军工航天
20260224,sh603616,其它,其它
20260224,sh603619,油气,周期资源
20260224,sh603685,PCB,AI算力
20260224,sh603727,油气,周期资源
20260224,sh603822,其它,其它
20260224,sh603861,算力,AI算力
20260224,sh603959,机器人,机器人
20260224,sh605006,其它,其它
20260224,sh605033,化工,周期资源
20260224,sh605178,存储,AI算力
20260224,sh605289,AI应用,AI应用
20260224,sh688260,元件,AI算力
20260224,sz000422,化工,周期资源
20260224,sz000545,化工,周期资源
20260224,sz000554,其它,其它
20260224,sz000603,有色,周期资源
20260224,sz000635,化工,周期资源
20260224,sz000636,元件,AI算力
20260224,sz000638,其它,其它
20260224,sz000668,其它,其它
20260224,sz000669,其它,其它
20260224,sz000711,其它,其它
20260224,sz000803,其它,其它
20260224,sz000890,光通信,AI算力
20260224,sz000968,其它,其它
20260224,sz000988,光通信,AI算力
20260224,sz001337,有色,周期资源
20260224,sz001396,机器人,机器人
20260224,sz001896,算力,AI算力
20260224,sz002005,其它,其它
20260224,sz002047,其它,其它
20260224,sz002136,化工,周期资源
20260224,sz002165,半导体,AI算力
20260224,sz002207,油气,周期资源
20260224,sz002283,电网,新能源电网
20260224,sz002312,化工,周期资源
20260224,sz002358,电网,新能源电网
20260224,sz002457,其它,其它
20260224,sz002470,化工,周期资源
20260224,sz002490,油气,周期资源
20260224,sz002491,光通信,AI算力
20260224,sz002498,电网,新能源电网
20260224,sz002506,光伏,新能源电网
20260224,sz002528,其它,其它
20260224,sz002539,化工,周期资源
20260224,sz002554,油气,周期资源
20260224,sz002606,电网,新能源电网
20260224,sz002647,其它,其它
20260224,sz002652,其它,其它
20260224,sz002694,其它,其它
20260224,sz002716,有色,周期资源
20260224,sz002795,医药,医药
20260224,sz002809,化工,周期资源
20260224,sz002811,AI应用,AI应用
20260224,sz002828,油气,周期资源
20260224,sz002875,算力,AI算力
20260224,sz002895,储能,新能源电网
20260224,sz002898,其它,其它
20260224,sz002916,PCB,AI算力
20260224,sz003004,其它,其它
20260224,sz003035,电网,新能源电网
20260224,sz300157,算力,AI算力
20260224,sz300164,油气,周期资源
20260224,sz300179,新材料,周期资源
20260224,sz300191,油气,周期资源
20260224,sz300749,航天,军工航天
20260224,sz301526,其它,其它
20260225,sh600010,有色,周期资源
20260225,sh600078,化工,周期资源
20260225,sh600096,化工,周期资源
20260225,sh600110,PCB,AI算力
20260225,sh600111,有色,周期资源
20260225,sh600136,其它,其它
20260225,sh600206,半导体,AI算力
20260225,sh600227,化工,周期资源
20260225,sh600230,化工,周期资源
20260225,sh600243,其它,其它
20260225,sh600301,有色,周期资源
20260225,sh600337,光通信,AI算力
20260225,sh600355,其它,其它
20260225,sh600397,有色,周期资源
20260225,sh600470,化工,周期资源
20260225,sh600525,其它,其它
20260225,sh600545,PCB,AI算力
20260225,sh600569,黑色,周期资源
20260225,sh600649,其它,其它
20260225,sh600696,其它,其它
20260225,sh600753,其它,其它
20260225,sh600759,油气,周期资源
20260225,sh600884,储能,新能源电网
20260225,sh601068,储能,新能源电网
20260225,sh601208,PCB,AI算力
20260225,sh601872,其它,其它
20260225,sh603057,其它,其它
20260225,sh603077,化工,周期资源
20260225,sh603268,其它,其它
20260225,sh603557,其它,其它
20260225,sh603580,其它,其它
20260225,sh603601,航天,军工航天
20260225,sh603822,其它,其它
20260225,sh603826,化工,周期资源
20260225,sh605007,化工,周期资源
20260225,sh605178,存储,AI算力
20260225,sh605289,AI应用,AI应用
20260225,sh688432,半导体,AI算力
20260225,sh688661,半导体,AI算力
20260225,sz000012,光伏,新能源电网
20260225,sz000036,储能,新能源电网
20260225,sz000056,半导体,AI算力
20260225,sz000488,其它,其它
20260225,sz000518,其它,其它
20260225,sz000545,化工,周期资源
20260225,sz000547,航天,军工航天
20260225,sz000560,其它,其它
20260225,sz000581,半导体,AI算力
20260225,sz000593,其它,其它
20260225,sz000609,其它,其它
20260225,sz000636,元件,AI算力
20260225,sz000638,其它,其它
20260225,sz000657,有色,周期资源
20260225,sz000661,其它,其它
20260225,sz000668,其它,其它
20260225,sz000669,其它,其它
20260225,sz000711,其它,其它
20260225,sz000751,有色,周期资源
20260225,sz000758,有色,周期资源
20260225,sz000793,其它,其它
20260225,sz000816,机器人,机器人
20260225,sz000826,其它,其它
20260225,sz000839,AI应用,AI应用
20260225,sz000890,光通信,AI算力
20260225,sz000899,电力,新能源电网
20260225,sz000903,其它,其它
20260225,sz000962,有色,周期资源
20260225,sz001203,储能,新能源电网
20260225,sz001209,其它,其它
20260225,sz001270,其它,其它
20260225,sz001396,机器人,机器人
20260225,sz001896,算力,AI算力
20260225,sz002021,其它,其它
20260225,sz002047,其它,其它
20260225,sz002114,有色,周期资源
20260225,sz002176,机器人,机器人
20260225,sz002211,其它,其它
20260225,sz002348,其它,其它
20260225,sz002378,有色,周期资源
20260225,sz002428,有色,周期资源
20260225,sz002470,化工,周期资源
20260225,sz002498,电网,新能源电网
20260225,sz002528,其它,其它
20260225,sz002538,化工,周期资源
20260225,sz002630,其它,其它
20260225,sz002678,AI应用,AI应用
20260225,sz002725,芯片,AI算力
20260225,sz002731,其它,其它
20260225,sz002811,半导体,AI算力
20260225,sz002868,其它,其它
20260225,sz002949,其它,其它
20260225,sz002978,有色,周期资源
20260225,sz002989,芯片,AI算力
20260225,sz002998,化工,周期资源
20260225,sz300437,化工,周期资源
20260225,sz300505,化工,周期资源
20260225,sz300658,PCB,AI算力
20260225,sz300788,AI应用,AI应用
20260225,sz300821,化工,周期资源
20260225,sz301100,化工,周期资源
20260225,sz301373,化工,周期资源
20260226,sh600078,化工,周期资源
20260226,sh600237,其它,其它
20260226,sh600243,其它,其它
20260226,sh600343,航天,军工航天
20260226,sh600355,其它,其它
20260226,sh600399,航天,军工航天
20260226,sh600410,算力,AI算力
20260226,sh600478,算力,AI算力
20260226,sh600487,光通信,AI算力
20260226,sh600522,光通信,AI算力
20260226,sh600540,其它,其它
20260226,sh600696,其它,其它
20260226,sh600744,电力,新能源电网
20260226,sh600753,其它,其它
20260226,sh600841,电网,新能源电网
20260226,sh600875,电网,新能源电网
20260226,sh600979,液冷,AI算力
20260226,sh603163,芯片,AI算力
20260226,sh603267,元件,AI算力
20260226,sh603268,其它,其它
20260226,sh603308,电网,新能源电网
20260226,sh603315,算力,AI算力
20260226,sh603530,电网,新能源电网
20260226,sh603557,其它,其它
20260226,sh603580,其它,其它
20260226,sh603843,其它,其它
20260226,sh603867,半导体,AI算力
20260226,sh603912,液冷,AI算力
20260226,sh603950,电网,新能源电网
20260226,sh603958,机器人,机器人
20260226,sh605081,其它,其它
20260226,sh688025,光通信,AI算力
20260226,sh688530,芯片,AI算力
20260226,sh688786,算力,AI算力
20260226,sz000010,其它,其它
20260226,sz000534,电网,新能源电网
20260226,sz000546,其它,其它
20260226,sz000609,其它,其它
20260226,sz000638,其它,其它
20260226,sz000669,其它,其它
20260226,sz000711,其它,其它
20260226,sz000826,其它,其它
20260226,sz000890,光通信,AI算力
20260226,sz000899,电力,新能源电网
20260226,sz001209,其它,其它
20260226,sz001339,算力,AI算力
20260226,sz001389,算力,AI算力
20260226,sz001400,液冷,AI算力
20260226,sz001896,算力,AI算力
20260226,sz002008,PCB,AI算力
20260226,sz002095,AI应用,AI应用
20260226,sz002099,化工,周期资源
20260226,sz002141,PCB,AI算力
20260226,sz002162,机器人,机器人
20260226,sz002272,算力,AI算力
20260226,sz002283,电网,新能源电网
20260226,sz002286,其它,其它
20260226,sz002306,其它,其它
20260226,sz002350,电网,新能源电网
20260226,sz002378,有色,周期资源
20260226,sz002424,其它,其它
20260226,sz002428,半导体,AI算力
20260226,sz002463,PCB,AI算力
20260226,sz002470,化工,周期资源
20260226,sz002478,电网,新能源电网
20260226,sz002491,光通信,AI算力
20260226,sz002546,电网,新能源电网
20260226,sz002717,其它,其它
20260226,sz002843,算力,AI算力
20260226,sz002868,其它,其它
20260226,sz002913,PCB,AI算力
20260226,sz002916,PCB,AI算力
20260226,sz002970,算力,AI算力
20260226,sz300303,光通信,AI算力
20260226,sz300499,液冷,AI算力
20260226,sz300943,航天,军工航天
20260226,sz301175,航天,军工航天
20260226,sz301630,PCB,AI算力
20260227,sh600108,有色,周期资源
20260227,sh600126,算力,AI算力
20260227,sh600230,化工,周期资源
20260227,sh600243,其它,其它
20260227,sh600259,有色,周期资源
20260227,sh600301,有色,周期资源
20260227,sh600397,有色,周期资源
20260227,sh600452,电力,新能源电网
20260227,sh600456,有色,周期资源
20260227,sh600459,有色,周期资源
20260227,sh600498,航天,军工航天
20260227,sh600525,其它,其它
20260227,sh600549,有色,周期资源
20260227,sh600725,化工,周期资源
20260227,sh600744,电力,新能源电网
20260227,sh600753,其它,其它
20260227,sh600777,其它,其它
20260227,sh600821,算力,AI算力
20260227,sh601958,有色,周期资源
20260227,sh603021,其它,其它
20260227,sh603093,其它,其它
20260227,sh603117,其它,其它
20260227,sh603217,化工,周期资源
20260227,sh603226,其它,其它
20260227,sh603232,其它,其它
20260227,sh603257,有色,周期资源
20260227,sh603268,其它,其它
20260227,sh603318,电网,新能源电网
20260227,sh603353,芯片,AI算力
20260227,sh603381,光伏,新能源电网
20260227,sh603530,电网,新能源电网
20260227,sh603559,其它,其它
20260227,sh603578,光伏,新能源电网
20260227,sh603580,其它,其它
20260227,sh603618,光通信,AI算力
20260227,sh603629,算力,AI算力
20260227,sh603738,半导体,AI算力
20260227,sh603838,其它,其它
20260227,sh603897,其它,其它
20260227,sh603950,电网,新能源电网
20260227,sh605398,AI应用,AI应用
20260227,sh688028,新材料,周期资源
20260227,sh688118,AI应用,AI应用
20260227,sh688343,算力,AI算力
20260227,sz000035,其它,其它
20260227,sz000510,化工,周期资源
20260227,sz000593,其它,其它
20260227,sz000628,其它,其它
20260227,sz000657,有色,周期资源
20260227,sz000697,其它,其它
20260227,sz000731,化工,周期资源
20260227,sz000899,电力,新能源电网
20260227,sz000960,有色,周期资源
20260227,sz000972,其它,其它
20260227,sz000993,电力,新能源电网
20260227,sz001209,其它,其它
20260227,sz001216,电网,新能源电网
20260227,sz001896,算力,AI算力
20260227,sz002015,算力,AI算力
20260227,sz002046,新材料,周期资源
20260227,sz002047,其它,其它
20260227,sz002155,有色,周期资源
20260227,sz002167,有色,周期资源
20260227,sz002177,金融科技,AI应用
20260227,sz002182,有色,周期资源
20260227,sz002216,其它,其它
20260227,sz002261,算力,AI算力
20260227,sz002350,电网,新能源电网
20260227,sz002356,氢能,新能源电网
20260227,sz002378,有色,周期资源
20260227,sz002394,光伏,新能源电网
20260227,sz002470,化工,周期资源
20260227,sz002485,其它,其它
20260227,sz002581,其它,其它
20260227,sz002620,其它,其它
20260227,sz002628,化工,周期资源
20260227,sz002633,电网,新能源电网
20260227,sz002650,其它,其它
20260227,sz002655,其它,其它
20260227,sz002734,化工,周期资源
20260227,sz002756,有色,周期资源
20260227,sz002842,有色,周期资源
20260227,sz002843,算力,AI算力
20260227,sz002865,光伏,新能源电网
20260227,sz002973,AI应用,AI应用
20260227,sz002980,AI应用,AI应用
20260227,sz003018,液冷,AI算力
20260227,sz003035,电网,新能源电网
20260227,sz300317,光伏,新能源电网
20260227,sz300830,AI应用,AI应用
20260227,sz301226,算力,AI算力
20260302,920088.BJ,油气,周期资源
20260302,sh600026,航运,周期资源
20260302,sh600108,有色,周期资源
20260302,sh600227,其它,其它
20260302,sh600236,电力,新能源电网
20260302,sh600256,煤炭,周期资源
20260302,sh600259,有色,周期资源
20260302,sh600301,有色,周期资源
20260302,sh600339,油气,周期资源
20260302,sh600367,化工,周期资源
20260302,sh600435,军工,军工航天
20260302,sh600452,电力,新能源电网
20260302,sh600498,光通信,AI算力
20260302,sh600525,其它,其它
20260302,sh600583,油气,周期资源
20260302,sh600688,化工,周期资源
20260302,sh600714,化工,周期资源
20260302,sh600722,其它,其它
20260302,sh600759,油气,周期资源
20260302,sh600777,其它,其它
20260302,sh600871,油气,周期资源
20260302,sh600938,油气,周期资源
20260302,sh600968,油气,周期资源
20260302,sh600988,有色,周期资源
20260302,sh600989,其它,其它
20260302,sh601069,有色,周期资源
20260302,sh601808,油气,周期资源
20260302,sh601857,油气,周期资源
20260302,sh601872,航运,周期资源
20260302,sh601975,航运,周期资源
20260302,sh603011,核电,新能源电网
20260302,sh603083,光通信,AI算力
20260302,sh603115,其它,其它
20260302,sh603257,有色,周期资源
20260302,sh603268,其它,其它
20260302,sh603318,油气,周期资源
20260302,sh603353,油气,周期资源
20260302,sh603393,油气,周期资源
20260302,sh603488,军工,军工航天
20260302,sh603619,油气,周期资源
20260302,sh603629,算力,AI算力
20260302,sh603727,油气,周期资源
20260302,sh603738,光通信,AI算力
20260302,sh603838,其它,其它
20260302,sh603861,算力,AI算力
20260302,sh603897,电网,新能源电网
20260302,sh603950,电网,新能源电网
20260302,sh605117,其它,其它
20260302,sh688307,半导体,AI算力
20260302,sz000035,其它,其它
20260302,sz000070,光通信,AI算力
20260302,sz000096,油气,周期资源
20260302,sz000506,有色,周期资源
20260302,sz000510,化工,周期资源
20260302,sz000554,油气,周期资源
20260302,sz000637,化工,周期资源
20260302,sz000697,其它,其它
20260302,sz000890,光通信,AI算力
20260302,sz000912,其它,其它
20260302,sz000960,有色,周期资源
20260302,sz000968,油气,周期资源
20260302,sz001267,光通信,AI算力
20260302,sz001337,有色,周期资源
20260302,sz001400,液冷,AI算力
20260302,sz002040,航运,周期资源
20260302,sz002109,其它,其它
20260302,sz002155,有色,周期资源
20260302,sz002207,油气,周期资源
20260302,sz002356,氢能,新能源电网
20260302,sz002380,电网,新能源电网
20260302,sz002389,无人机,军工航天
20260302,sz002413,军工,军工航天
20260302,sz002432,医药,医药
20260302,sz002485,其它,其它
20260302,sz002490,油气,周期资源
20260302,sz002536,算力,AI算力
20260302,sz002545,化工,周期资源
20260302,sz002554,油气,周期资源
20260302,sz002629,油气,周期资源
20260302,sz002667,有色,周期资源
20260302,sz002828,油气,周期资源
20260302,sz002842,有色,周期资源
20260302,sz002843,算力,AI算力
20260302,sz002980,光通信,AI算力
20260302,sz003009,军工,军工航天
20260302,sz300084,油气,周期资源
20260302,sz300139,有色,周期资源
20260302,sz300157,油气,周期资源
20260302,sz300164,油气,周期资源
20260302,sz300191,油气,周期资源
20260302,sz301158,油气,周期资源
20260302,sz301213,军工,军工航天
20260302,sz301302,军工,军工航天
20260302,sz301338,PCB,AI算力
20260303,920010.BJ,油气,周期资源
20260303,920014.BJ,油气,周期资源
20260303,920088.BJ,油气,周期资源
20260303,920158.BJ,油气,周期资源
20260303,920260.BJ,油气,周期资源
20260303,920571.BJ,航运,周期资源
20260303,sh600026,航运,周期资源
20260303,sh600028,油气,周期资源
20260303,sh600108,其它,其它
20260303,sh600256,油气,周期资源
20260303,sh600333,油气,周期资源
20260303,sh600339,油气,周期资源
20260303,sh600367,化工,周期资源
20260303,sh600381,其它,其它
20260303,sh600403,煤炭,周期资源
20260303,sh600583,油气,周期资源
20260303,sh600617,油气,周期资源
20260303,sh600635,油气,周期资源
20260303,sh600681,油气,周期资源
20260303,sh600688,油气,周期资源
20260303,sh600714,化工,周期资源
20260303,sh600722,化工,周期资源
20260303,sh600759,油气,周期资源
20260303,sh600777,其它,其它
20260303,sh600798,航运,周期资源
20260303,sh600871,油气,周期资源
20260303,sh600903,油气,周期资源
20260303,sh600917,油气,周期资源
20260303,sh600938,油气,周期资源
20260303,sh600968,油气,周期资源
20260303,sh601015,油气,周期资源
20260303,sh601022,航运,周期资源
20260303,sh601083,航运,周期资源
20260303,sh601139,油气,周期资源
20260303,sh601808,油气,周期资源
20260303,sh601857,油气,周期资源
20260303,sh601866,航运,周期资源
20260303,sh601872,航运,周期资源
20260303,sh601975,航运,周期资源
20260303,sh603053,油气,周期资源
20260303,sh603080,油气,周期资源
20260303,sh603139,医药,医药
20260303,sh603318,油气,周期资源
20260303,sh603353,油气,周期资源
20260303,sh603616,PEEK,机器人
20260303,sh603619,油气,周期资源
20260303,sh603689,油气,周期资源
20260303,sh603706,油气,周期资源
20260303,sh603727,油气,周期资源
20260303,sh603778,光伏,新能源电网
20260303,sh605169,油气,周期资源
20260303,sh605368,油气,周期资源
20260303,sz000096,油气,周期资源
20260303,sz000301,化工,周期资源
20260303,sz000407,油气,周期资源
20260303,sz000421,油气,周期资源
20260303,sz000554,油气,周期资源
20260303,sz000968,油气,周期资源
20260303,sz001269,其它,其它
20260303,sz001299,油气,周期资源
20260303,sz002040,航运,周期资源
20260303,sz002207,油气,周期资源
20260303,sz002267,油气,周期资源
20260303,sz002350,储能,新能源电网
20260303,sz002490,油气,周期资源
20260303,sz002491,光通信,AI算力
20260303,sz002506,光伏,新能源电网
20260303,sz002554,油气,周期资源
20260303,sz002629,油气,周期资源
20260303,sz002682,油气,周期资源
20260303,sz002700,油气,周期资源
20260303,sz002808,其它,其它
20260303,sz002828,油气,周期资源
20260303,sz002911,油气,周期资源
20260303,sz002952,其它,其它
20260303,sz002957,光通信,AI算力
20260303,sz002980,光通信,AI算力
20260303,sz300157,油气,周期资源
20260303,sz300164,油气,周期资源
20260303,sz300191,油气,周期资源
20260303,sz300332,油气,周期资源
20260303,sz300483,油气,周期资源
20260303,sz300839,化工,周期资源
20260303,sz301158,油气,周期资源
20260303,sz301302,军工,军工航天
20260304,sh600108,其它,其它
20260304,sh600149,电力,新能源电网
20260304,sh600236,电力,新能源电网
20260304,sh600313,其它,其它
20260304,sh600545,化工,周期资源
20260304,sh600759,油气,周期资源
20260304,sh600821,电力,新能源电网
20260304,sh600871,油气,周期资源
20260304,sh601096,电网,新能源电网
20260304,sh603045,机器人,机器人
20260304,sh603175,存储,AI算力
20260304,sh603316,存储,AI算力
20260304,sh603318,油气,周期资源
20260304,sh603530,电网,新能源电网
20260304,sh603618,电网,新能源电网
20260304,sh605196,电网,新能源电网
20260304,sh605268,AI应用,AI应用
20260304,sh688176,创新药,医药
20260304,sh688525,存储,AI算力
20260304,sz000010,其它,其它
20260304,sz000525,化工,周期资源
20260304,sz000533,核电,新能源电网
20260304,sz000697,其它,其它
20260304,sz000711,其它,其它
20260304,sz000862,电力,新能源电网
20260304,sz000890,光通信,AI算力
20260304,sz001282,机器人,机器人
20260304,sz001309,存储,AI算力
20260304,sz001396,机器人,机器人
20260304,sz002162,机器人,机器人
20260304,sz002167,有色,周期资源
20260304,sz002178,AI应用,AI应用
20260304,sz002207,油气,周期资源
20260304,sz002272,液冷,AI算力
20260304,sz002339,电网,新能源电网
20260304,sz002357,无人机,军工航天
20260304,sz002389,无人机,军工航天
20260304,sz002490,油气,周期资源
20260304,sz002498,电网,新能源电网
20260304,sz002877,AI应用,AI应用
20260304,sz002885,算力,AI算力
20260304,sz300265,光通信,AI算力
20260304,sz300617,算力,AI算力
20260304,sz300880,电网,新能源电网
20260304,sz301129,AI应用,AI应用
20260304,sz301373,化工,周期资源
20260305,920001.BJ,其它,其它
20260305,sh600468,其它,其它
20260305,sh600516,核电,新能源电网
20260305,sh600545,化工,周期资源
20260305,sh600590,电网,新能源电网
20260305,sh600666,算力,AI算力
20260305,sh600703,其它,其它
20260305,sh600744,电力,新能源电网
20260305,sh600800,化工,周期资源
20260305,sh600828,其它,其它
20260305,sh600844,化工,周期资源
20260305,sh600875,电网,新能源电网
20260305,sh601179,电网,新能源电网
20260305,sh601727,电网,新能源电网
20260305,sh603001,其它,其它
20260305,sh603058,半导体,AI算力
20260305,sh603067,储能,新能源电网
20260305,sh603268,其它,其它
20260305,sh603337,机器人,机器人
20260305,sh603688,半导体,AI算力
20260305,sh603773,其它,其它
20260305,sh603813,其它,其它
20260305,sh603838,其它,其它
20260305,sh605098,其它,其它
20260305,sh605268,AI应用,AI应用
20260305,sh605298,其它,其它
20260305,sh688031,航天,军工航天
20260305,sh688055,其它,其它
20260305,sh688079,其它,其它
20260305,sz000045,其它,其它
20260305,sz000509,其它,其它
20260305,sz000533,核电,新能源电网
20260305,sz000536,其它,其它
20260305,sz000555,其它,其它
20260305,sz000703,化工,周期资源
20260305,sz000711,其它,其它
20260305,sz000727,其它,其它
20260305,sz000793,其它,其它
20260305,sz000815,算力,AI算力
20260305,sz000908,其它,其它
20260305,sz000920,其它,其它
20260305,sz001267,光通信,AI算力
20260305,sz002195,医药,医药
20260305,sz002235,其它,其它
20260305,sz002339,电网,新能源电网
20260305,sz002355,其它,其它
20260305,sz002429,其它,其它
20260305,sz002449,其它,其它
20260305,sz002456,消费电子,AI算力
20260305,sz002471,核电,新能源电网
20260305,sz002498,电网,新能源电网
20260305,sz002520,机器人,机器人
20260305,sz002559,机器人,机器人
20260305,sz002569,其它,其它
20260305,sz002587,其它,其它
20260305,sz002592,其它,其它
20260305,sz002713,其它,其它
20260305,sz002733,氢能,新能源电网
20260305,sz002796,光通信,AI算力
20260305,sz002800,其它,其它
20260305,sz002845,其它,其它
20260305,sz002857,电网,新能源电网
20260305,sz002868,其它,其它
20260305,sz002877,AI应用,AI应用
20260305,sz002913,PCB,AI算力
20260305,sz002952,其它,其它
20260305,sz002983,其它,其它
20260305,sz002986,化工,周期资源
20260305,sz003036,机器人,机器人
20260305,sz300072,化工,周期资源
20260305,sz300162,其它,其它
20260305,sz300241,其它,其它
20260305,sz300265,电网,新能源电网
20260305,sz300269,其它,其它
20260305,sz300303,其它,其它
20260305,sz300323,其它,其它
20260305,sz300389,其它,其它
20260305,sz300708,其它,其它
20260305,sz300895,算力,AI算力
20260306,sh600075,化工,周期资源
20260306,sh600108,其它,其它
20260306,sh600193,其它,其它
20260306,sh600227,化工,周期资源
20260306,sh600319,化工,周期资源
20260306,sh600354,其它,其它
20260306,sh600396,电力,新能源电网
20260306,sh600397,有色,周期资源
20260306,sh600470,化工,周期资源
20260306,sh600482,电网,新能源电网
20260306,sh600545,其它,其它
20260306,sh600590,电网,新能源电网
20260306,sh600645,创新药,医药
20260306,sh600676,其它,其它
20260306,sh600722,化工,周期资源
20260306,sh600761,机器人,机器人
20260306,sh600821,电力,新能源电网
20260306,sh600825,传媒,AI应用
20260306,sh601567,电网,新能源电网
20260306,sh601616,电网,新能源电网
20260306,sh601789,其它,其它
20260306,sh601868,电力,新能源电网
20260306,sh603021,其它,其它
20260306,sh603063,算力,AI算力
20260306,sh603097,电网,新能源电网
20260306,sh603158,液冷,AI算力
20260306,sh603269,算力,AI算力
20260306,sh603285,化工,周期资源
20260306,sh603316,存储,AI算力
20260306,sh603716,医药,医药
20260306,sh603778,光伏,新能源电网
20260306,sh603813,其它,其它
20260306,sh603838,其它,其它
20260306,sh603880,医药,医药
20260306,sh605268,其它,其它
20260306,sh605286,电力,新能源电网
20260306,sh605399,光伏,新能源电网
20260306,sh688176,创新药,医药
20260306,sz000488,其它,其它
20260306,sz000509,其它,其它
20260306,sz000516,医药,医药
20260306,sz000533,核电,新能源电网
20260306,sz000534,电网,新能源电网
20260306,sz000545,化工,周期资源
20260306,sz000601,电力,新能源电网
20260306,sz000609,其它,其它
20260306,sz000638,其它,其它
20260306,sz000677,军工,军工航天
20260306,sz000720,电网,新能源电网
20260306,sz000752,其它,其它
20260306,sz000815,算力,AI算力
20260306,sz000818,算力,AI算力
20260306,sz000833,化工,周期资源
20260306,sz000908,其它,其它
20260306,sz001216,电网,新能源电网
20260306,sz001326,其它,其它
20260306,sz001400,液冷,AI算力
20260306,sz001696,无人机,军工航天
20260306,sz001896,电力,新能源电网
20260306,sz002015,电力,新能源电网
20260306,sz002063,电网,新能源电网
20260306,sz002165,半导体,AI算力
20260306,sz002227,电网,新能源电网
20260306,sz002261,算力,AI算力
20260306,sz002448,电网,新能源电网
20260306,sz002470,化工,周期资源
20260306,sz002478,电网,新能源电网
20260306,sz002496,其它,其它
20260306,sz002498,电网,新能源电网
20260306,sz002506,光伏,新能源电网
20260306,sz002528,其它,其它
20260306,sz002637,化工,周期资源
20260306,sz002648,化工,周期资源
20260306,sz002667,有色,周期资源
20260306,sz002713,其它,其它
20260306,sz002717,其它,其它
20260306,sz002731,其它,其它
20260306,sz002809,化工,周期资源
20260306,sz002843,算力,AI算力
20260306,sz002849,算力,AI算力
20260306,sz002913,其它,其它
20260306,sz002961,其它,其它
20260306,sz003023,其它,其它
20260306,sz301032,电网,新能源电网
20260306,sz301205,光通信,AI算力
20260306,sz301218,AI应用,AI应用
20260306,sz301265,有色,周期资源
20260306,sz301638,电网,新能源电网
20260309,sh600135,其它,其它
20260309,sh600227,化工,周期资源
20260309,sh600268,电网,新能源电网
20260309,sh600289,其它,其它
20260309,sh600525,其它,其它
20260309,sh600568,其它,其它
20260309,sh600602,算力,AI算力
20260309,sh600753,其它,其它
20260309,sh600821,电力,新能源电网
20260309,sh600851,创新药,医药
20260309,sh601567,电网,新能源电网
20260309,sh601789,算力,AI算力
20260309,sh601877,储能,新能源电网
20260309,sh601969,油气,周期资源
20260309,sh603138,AI应用,AI应用
20260309,sh603165,电力,新能源电网
20260309,sh605268,AI应用,AI应用
20260309,sh688158,算力,AI算力
20260309,sh688229,算力,AI算力
20260309,sh688316,算力,AI算力
20260309,sz000066,算力,AI算力
20260309,sz000488,其它,其它
20260309,sz000504,其它,其它
20260309,sz000533,核电,新能源电网
20260309,sz000534,创新药,医药
20260309,sz000601,电力,新能源电网
20260309,sz000815,算力,AI算力
20260309,sz000862,电力,新能源电网
20260309,sz000973,其它,其它
20260309,sz001258,电力,新能源电网
20260309,sz001339,算力,AI算力
20260309,sz002015,电力,新能源电网
20260309,sz002047,其它,其它
20260309,sz002068,化工,周期资源
20260309,sz002082,AI应用,AI应用
20260309,sz002112,电网,新能源电网
20260309,sz002229,算力,AI算力
20260309,sz002261,算力,AI算力
20260309,sz002300,电网,新能源电网
20260309,sz002445,电力,新能源电网
20260309,sz002528,其它,其它
20260309,sz002575,算力,AI算力
20260309,sz002730,算力,AI算力
20260309,sz002903,机器人,机器人
20260309,sz002930,油气,周期资源
20260309,sz003035,电网,新能源电网
20260309,sz300113,算力,AI算力
20260309,sz301179,机器人,机器人
20260309,sz301396,算力,AI算力
20260309,sz301606,AI应用,AI应用
20260310,920036.BJ,其它,其它
20260310,sh600108,其它,其它
20260310,sh600135,消费电子,AI算力
20260310,sh600172,其它,其它
20260310,sh600330,航天,军工航天
20260310,sh600345,光通信,AI算力
20260310,sh600376,机器人,机器人
20260310,sh600421,其它,其它
20260310,sh600498,光通信,AI算力
20260310,sh600568,其它,其它
20260310,sh600599,其它,其它
20260310,sh600726,电力,新能源电网
20260310,sh600753,其它,其它
20260310,sh600769,其它,其它
20260310,sh601778,电力,新能源电网
20260310,sh601789,算力,AI算力
20260310,sh601869,光通信,AI算力
20260310,sh603017,航天,军工航天
20260310,sh603115,其它,其它
20260310,sh603269,算力,AI算力
20260310,sh603421,半导体,AI算力
20260310,sh603557,其它,其它
20260310,sh603803,光通信,AI算力
20260310,sh603949,机器人,机器人
20260310,sh605268,AI应用,AI应用
20260310,sh605287,AI应用,AI应用
20260310,sh605318,AI应用,AI应用
20260310,sh688048,芯片,AI算力
20260310,sh688300,半导体,AI算力
20260310,sh688655,PCB,AI算力
20260310,sz000004,其它,其它
20260310,sz000014,其它,其它
20260310,sz000488,其它,其它
20260310,sz000504,其它,其它
20260310,sz000537,电力,新能源电网
20260310,sz000669,其它,其它
20260310,sz000711,其它,其它
20260310,sz000839,AI应用,AI应用
20260310,sz000949,其它,其它
20260310,sz001267,光通信,AI算力
20260310,sz001270,其它,其它
20260310,sz001332,核电,新能源电网
20260310,sz001389,PCB,AI算力
20260310,sz001400,液冷,AI算力
20260310,sz002025,航天,军工航天
20260310,sz002281,光通信,AI算力
20260310,sz002290,算力,AI算力
20260310,sz002294,创新药,医药
20260310,sz002298,算力,AI算力
20260310,sz002335,算力,AI算力
20260310,sz002350,电网,新能源电网
20260310,sz002384,PCB,AI算力
20260310,sz002445,电力,新能源电网
20260310,sz002467,AI应用,AI应用
20260310,sz002485,其它,其它
20260310,sz002536,算力,AI算力
20260310,sz002575,算力,AI算力
20260310,sz002592,其它,其它
20260310,sz002632,消费电子,AI算力
20260310,sz002636,PCB,AI算力
20260310,sz002729,电力,新能源电网
20260310,sz002760,电网,新能源电网
20260310,sz002789,其它,其它
20260310,sz002898,其它,其它
20260310,sz002903,机器人,机器人
20260310,sz002969,其它,其它
20260310,sz002993,算力,AI算力
20260310,sz003021,机器人,机器人
20260310,sz300257,电网,新能源电网
20260310,sz300629,航天,军工航天
20260310,sz300936,PCB,AI算力
20260311,sh600075,化工,周期资源
20260311,sh600108,其它,其它
20260311,sh600172,其它,其它
20260311,sh600299,化工,周期资源
20260311,sh600328,化工,周期资源
20260311,sh600355,其它,其它
20260311,sh600409,化工,周期资源
20260311,sh600433,化工,周期资源
20260311,sh600599,其它,其它
20260311,sh600608,其它,其它
20260311,sh600696,其它,其它
20260311,sh600722,化工,周期资源
20260311,sh600726,电力,新能源电网
20260311,sh600753,其它,其它
20260311,sh600769,其它,其它
20260311,sh600873,化工,周期资源
20260311,sh600989,化工,周期资源
20260311,sh601016,电力,新能源电网
20260311,sh601330,电力,新能源电网
20260311,sh601700,电网,新能源电网
20260311,sh601789,其它,其它
20260311,sh601858,AI应用,AI应用
20260311,sh601868,电力,新能源电网
20260311,sh603158,算力,AI算力
20260311,sh603353,油气,周期资源
20260311,sh603421,电网,新能源电网
20260311,sh603629,算力,AI算力
20260311,sh603757,算力,AI算力
20260311,sh603773,其它,其它
20260311,sh603778,光伏,新能源电网
20260311,sh603803,光通信,AI算力
20260311,sh603843,其它,其它
20260311,sh603936,PCB,AI算力
20260311,sh603938,化工,周期资源
20260311,sh605117,储能,新能源电网
20260311,sz000004,其它,其它
20260311,sz000062,消费电子,AI算力
20260311,sz000537,电力,新能源电网
20260311,sz000545,化工,周期资源
20260311,sz000608,其它,其它
20260311,sz000609,其它,其它
20260311,sz000626,其它,其它
20260311,sz000669,其它,其它
20260311,sz000711,其它,其它
20260311,sz000833,化工,周期资源
20260311,sz000839,AI应用,AI应用
20260311,sz000899,电力,新能源电网
20260311,sz000908,其它,其它
20260311,sz001207,化工,周期资源
20260311,sz001369,化工,周期资源
20260311,sz002092,化工,周期资源
20260311,sz002150,储能,新能源电网
20260311,sz002175,其它,其它
20260311,sz002177,金融科技,AI应用
20260311,sz002248,其它,其它
20260311,sz002432,医药,医药
20260311,sz002445,电力,新能源电网
20260311,sz002455,化工,周期资源
20260311,sz002528,其它,其它
20260311,sz002656,其它,其它
20260311,sz002667,有色,周期资源
20260311,sz002733,储能,新能源电网
20260311,sz002782,储能,新能源电网
20260311,sz002831,其它,其它
20260311,sz300246,AI应用,AI应用
20260311,sz300504,光通信,AI算力
20260311,sz301658,储能,新能源电网
20260312,sh600121,煤炭,周期资源
20260312,sh600188,煤炭,周期资源
20260312,sh600370,化工,周期资源
20260312,sh600599,其它,其它
20260312,sh600691,化工,周期资源
20260312,sh600703,其它,其它
20260312,sh600714,化工,周期资源
20260312,sh600722,化工,周期资源
20260312,sh600726,电力,新能源电网
20260312,sh600821,电力,新能源电网
20260312,sh600844,化工,周期资源
20260312,sh600868,电力,新能源电网
20260312,sh600935,化工,周期资源
20260312,sh600956,电力,新能源电网
20260312,sh601015,煤炭,周期资源
20260312,sh601016,电力,新能源电网
20260312,sh601038,其它,其它
20260312,sh601330,电力,新能源电网
20260312,sh601868,电力,新能源电网
20260312,sh601969,黑色,周期资源
20260312,sh601991,电力,新能源电网
20260312,sh603077,化工,周期资源
20260312,sh603092,风电,新能源电网
20260312,sh603281,化工,周期资源
20260312,sh603507,风电,新能源电网
20260312,sh603527,储能,新能源电网
20260312,sh603626,消费电子,AI算力
20260312,sh603693,电力,新能源电网
20260312,sh603843,其它,其它
20260312,sh603978,储能,新能源电网
20260312,sh603992,机器人,机器人
20260312,sh605305,风电,新能源电网
20260312,sh688295,新材料,周期资源
20260312,sz000004,其它,其它
20260312,sz000420,新材料,周期资源
20260312,sz000537,电力,新能源电网
20260312,sz000553,化工,周期资源
20260312,sz000593,储能,新能源电网
20260312,sz000600,电力,新能源电网
20260312,sz000609,其它,其它
20260312,sz000669,其它,其它
20260312,sz000697,其它,其它
20260312,sz000711,其它,其它
20260312,sz000890,光通信,AI算力
20260312,sz000908,其它,其它
20260312,sz000990,化工,周期资源
20260312,sz001260,其它,其它
20260312,sz002015,电力,新能源电网
20260312,sz002047,其它,其它
20260312,sz002150,储能,新能源电网
20260312,sz002254,化工,周期资源
20260312,sz002445,电力,新能源电网
20260312,sz002487,风电,新能源电网
20260312,sz002498,电网,新能源电网
20260312,sz002512,其它,其它
20260312,sz002528,其它,其它
20260312,sz002652,其它,其它
20260312,sz002656,其它,其它
20260312,sz002869,智能驾驶,AI应用
20260312,sz002951,储能,新能源电网
20260312,sz300690,风电,新能源电网
20260312,sz301068,其它,其它
20260312,sz301396,算力,AI算力
20260312,sz301667,储能,新能源电网
20260313,sh600121,煤炭,周期资源
20260313,sh600226,化工,周期资源
20260313,sh600227,化工,周期资源
20260313,sh600232,储能,新能源电网
20260313,sh600234,其它,其它
20260313,sh600307,黑色,周期资源
20260313,sh600336,其它,其它
20260313,sh600370,化工,周期资源
20260313,sh600408,煤炭,周期资源
20260313,sh600599,其它,其它
20260313,sh600683,其它,其它
20260313,sh600691,化工,周期资源
20260313,sh600722,化工,周期资源
20260313,sh600726,电力,新能源电网
20260313,sh600746,化工,周期资源
20260313,sh600756,其它,其它
20260313,sh600847,其它,其它
20260313,sh601218,风电,新能源电网
20260313,sh601611,核电,新能源电网
20260313,sh601669,储能,新能源电网
20260313,sh603029,其它,其它
20260313,sh603062,风电,新能源电网
20260313,sh603169,核电,新能源电网
20260313,sh603248,风电,新能源电网
20260313,sh603261,其它,其它
20260313,sh603280,核电,新能源电网
20260313,sh603366,其它,其它
20260313,sh603538,其它,其它
20260313,sh603558,其它,其它
20260313,sh603607,传媒,AI应用
20260313,sh603659,储能,新能源电网
20260313,sh603803,光通信,AI算力
20260313,sh603843,其它,其它
20260313,sh603929,其它,其它
20260313,sh605222,核电,新能源电网
20260313,sz000004,其它,其它
20260313,sz000010,算力,AI算力
20260313,sz000669,其它,其它
20260313,sz000677,其它,其它
20260313,sz000890,光通信,AI算力
20260313,sz000908,其它,其它
20260313,sz001366,其它,其它
20260313,sz002056,电力,新能源电网
20260313,sz002084,其它,其它
20260313,sz002109,化工,周期资源
20260313,sz002165,半导体,AI算力
20260313,sz002323,储能,新能源电网
20260313,sz002382,医药,医药
20260313,sz002429,光通信,AI算力
20260313,sz002438,航天,军工航天
20260313,sz002445,电力,新能源电网
20260313,sz002470,化工,周期资源
20260313,sz002487,风电,新能源电网
20260313,sz002531,风电,新能源电网
20260313,sz002543,其它,其它
20260313,sz002620,其它,其它
20260313,sz002637,化工,周期资源
20260313,sz002669,化工,周期资源
20260313,sz002693,其它,其它
20260313,sz002789,其它,其它
20260313,sz002903,机器人,机器人
20260313,sz002931,其它,其它
20260313,sz002950,医药,医药
20260313,sz002969,其它,其它
20260313,sz003027,储能,新能源电网
20260313,sz003041,其它,其它
20260313,sz300185,风电,新能源电网
20260313,sz300981,医药,医药
20260316,sh600152,其它,其它
20260316,sh600227,化工,周期资源
20260316,sh600289,其它,其它
20260316,sh600302,其它,其它
20260316,sh600313,其它,其它
20260316,sh600370,化工,周期资源
20260316,sh600381,其它,其它
20260316,sh600396,电力,新能源电网
20260316,sh600545,PCB,AI算力
20260316,sh600599,其它,其它
20260316,sh600667,存储,AI算力
20260316,sh600683,其它,其它
20260316,sh600751,航运,周期资源
20260316,sh600892,其它,其它
20260316,sh601975,航运,周期资源
20260316,sh603052,光通信,AI算力
20260316,sh603175,PCB,AI算力
20260316,sh603248,风电,新能源电网
20260316,sh603421,半导体,AI算力
20260316,sh603557,其它,其它
20260316,sh603738,光通信,AI算力
20260316,sh603778,光伏,新能源电网
20260316,sh603789,其它,其它
20260316,sh603843,其它,其它
20260316,sh603929,其它,其它
20260316,sh603986,存储,AI算力
20260316,sh605299,其它,其它
20260316,sh605366,化工,周期资源
20260316,sz000020,其它,其它
20260316,sz000488,其它,其它
20260316,sz000533,核电,新能源电网
20260316,sz000617,金融科技,AI应用
20260316,sz000620,存储,AI算力
20260316,sz000639,其它,其它
20260316,sz000668,其它,其它
20260316,sz000669,其它,其它
20260316,sz000890,光通信,AI算力
20260316,sz000908,其它,其它
20260316,sz001278,机器人,机器人
20260316,sz002086,其它,其它
20260316,sz002235,其它,其它
20260316,sz002253,其它,其它
20260316,sz002278,其它,其它
20260316,sz002310,电力,新能源电网
20260316,sz002426,PCB,AI算力
20260316,sz002427,化工,周期资源
20260316,sz002467,AI应用,AI应用
20260316,sz002512,其它,其它
20260316,sz002529,其它,其它
20260316,sz002636,PCB,AI算力
20260316,sz002693,其它,其它
20260316,sz002724,其它,其它
20260316,sz002789,其它,其它
20260316,sz002831,其它,其它
20260316,sz002980,光通信,AI算力
20260316,sz002990,算力,AI算力
20260316,sz002995,AI应用,AI应用
20260316,sz300042,存储,AI算力
20260316,sz300051,光伏,新能源电网
20260316,sz300606,芯片,AI算力
20260317,sh600227,化工,周期资源
20260317,sh600265,其它,其它
20260317,sh600289,其它,其它
20260317,sh600307,黑色,周期资源
20260317,sh600370,化工,周期资源
20260317,sh600381,其它,其它
20260317,sh600396,电力,新能源电网
20260317,sh600408,煤炭,周期资源
20260317,sh600545,其它,其它
20260317,sh600569,黑色,周期资源
20260317,sh600599,其它,其它
20260317,sh600643,其它,其它
20260317,sh600683,其它,其它
20260317,sh600691,化工,周期资源
20260317,sh600791,其它,其它
20260317,sh601016,电力,新能源电网
20260317,sh603248,风电,新能源电网
20260317,sh603387,医药,医药
20260317,sh603398,其它,其它
20260317,sh603580,其它,其它
20260317,sh603685,PCB,AI算力
20260317,sh603693,电力,新能源电网
20260317,sh603778,光伏,新能源电网
20260317,sh603843,其它,其它
20260317,sh603929,其它,其它
20260317,sh603992,机器人,机器人
20260317,sh605167,核电,新能源电网
20260317,sh605277,有色,周期资源
20260317,sh688295,新材料,周期资源
20260317,sz000020,其它,其它
20260317,sz000042,其它,其它
20260317,sz000488,其它,其它
20260317,sz000533,核电,新能源电网
20260317,sz000572,氢能,新能源电网
20260317,sz000669,其它,其它
20260317,sz000820,其它,其它
20260317,sz000890,光通信,AI算力
20260317,sz000908,其它,其它
20260317,sz001369,化工,周期资源
20260317,sz002150,储能,新能源电网
20260317,sz002253,其它,其它
20260317,sz002256,电力,新能源电网
20260317,sz002285,其它,其它
20260317,sz002323,光伏,新能源电网
20260317,sz002470,化工,周期资源
20260317,sz002506,光伏,新能源电网
20260317,sz002565,算力,AI算力
20260317,sz002629,电力,新能源电网
20260317,sz002808,其它,其它
20260317,sz301226,风电,新能源电网
20260317,sz301667,储能,新能源电网
20260317,sz301680,电网,新能源电网
20260318,sh600307,黑色,周期资源
20260318,sh600370,化工,周期资源
20260318,sh600381,其它,其它
20260318,sh600396,电力,新能源电网
20260318,sh600468,电网,新能源电网
20260318,sh600513,创新药,医药
20260318,sh600590,电网,新能源电网
20260318,sh600599,其它,其它
20260318,sh600602,算力,AI算力
20260318,sh600666,算力,AI算力
20260318,sh603016,电网,新能源电网
20260318,sh603052,光通信,AI算力
20260318,sh603088,机器人,机器人
20260318,sh603098,光伏,新能源电网
20260318,sh603115,其它,其它
20260318,sh603168,其它,其它
20260318,sh603189,其它,其它
20260318,sh603220,算力,AI算力
20260318,sh603268,其它,其它
20260318,sh603311,其它,其它
20260318,sh603316,存储,AI算力
20260318,sh603387,其它,其它
20260318,sh603489,其它,其它
20260318,sh603580,其它,其它
20260318,sh603601,航天,军工航天
20260318,sh603615,其它,其它
20260318,sh603618,电网,新能源电网
20260318,sh603687,芯片,AI算力
20260318,sh603757,液冷,AI算力
20260318,sh603789,其它,其它
20260318,sh603803,光通信,AI算力
20260318,sh603881,算力,AI算力
20260318,sh603897,电网,新能源电网
20260318,sh603912,液冷,AI算力
20260318,sh605058,PCB,AI算力
20260318,sh605286,电力,新能源电网
20260318,sh688328,存储,AI算力
20260318,sz000020,其它,其它
20260318,sz000037,电力,新能源电网
20260318,sz000048,其它,其它
20260318,sz000539,电力,新能源电网
20260318,sz000601,电力,新能源电网
20260318,sz000608,其它,其它
20260318,sz000815,算力,AI算力
20260318,sz000908,其它,其它
20260318,sz000990,化工,周期资源
20260318,sz001270,其它,其它
20260318,sz001287,存储,AI算力
20260318,sz001389,PCB,AI算力
20260318,sz001400,液冷,AI算力
20260318,sz002323,光伏,新能源电网
20260318,sz002339,电网,新能源电网
20260318,sz002432,医药,医药
20260318,sz002445,电力,新能源电网
20260318,sz002565,算力,AI算力
20260318,sz002667,有色,周期资源
20260318,sz002693,其它,其它
20260318,sz002713,其它,其它
20260318,sz002731,其它,其它
20260318,sz002789,其它,其它
20260318,sz002808,其它,其它
20260318,sz002913,PCB,AI算力
20260318,sz003018,存储,AI算力
20260318,sz300042,存储,AI算力
20260318,sz300302,存储,AI算力
20260318,sz300571,算力,AI算力
20260318,sz301128,液冷,AI算力
20260318,sz301191,光通信,AI算力
20260318,sz301306,存储,AI算力
20260318,sz301428,其它,其它
20260319,sh600186,算力,AI算力
20260319,sh600381,其它,其它
20260319,sh600396,电力,新能源电网
20260319,sh600599,其它,其它
20260319,sh600617,油气,周期资源
20260319,sh600666,算力,AI算力
20260319,sh600726,电力,新能源电网
20260319,sh600777,其它,其它
20260319,sh600979,电力,新能源电网
20260319,sh600996,算力,AI算力
20260319,sh601015,化工,周期资源
20260319,sh601218,风电,新能源电网
20260319,sh603130,机器人,机器人
20260319,sh603366,其它,其它
20260319,sh603580,其它,其它
20260319,sh603629,算力,AI算力
20260319,sh603687,其它,其它
20260319,sh603813,其它,其它
20260319,sh603843,其它,其它
20260319,sh605169,油气,周期资源
20260319,sh605389,其它,其它
20260319,sz000004,其它,其它
20260319,sz000020,其它,其它
20260319,sz000539,电力,新能源电网
20260319,sz000601,电力,新能源电网
20260319,sz000617,其它,其它
20260319,sz000815,算力,AI算力
20260319,sz000908,其它,其它
20260319,sz000968,油气,周期资源
20260319,sz001258,电力,新能源电网
20260319,sz002109,化工,周期资源
20260319,sz002310,电力,新能源电网
20260319,sz002432,医药,医药
20260319,sz002902,光通信,AI算力
20260319,sz300332,油气,周期资源
20260319,sz300895,算力,AI算力
20260320,sh600310,电力,新能源电网
20260320,sh600355,其它,其它
20260320,sh600381,其它,其它
20260320,sh600396,电力,新能源电网
20260320,sh600604,其它,其它
20260320,sh600608,其它,其它
20260320,sh600617,油气,周期资源
20260320,sh600683,其它,其它
20260320,sh600696,其它,其它
20260320,sh600726,电力,新能源电网
20260320,sh603026,储能,新能源电网
20260320,sh603165,电力,新能源电网
20260320,sh603381,储能,新能源电网
20260320,sh603398,其它,其它
20260320,sh603538,其它,其它
20260320,sh603580,其它,其它
20260320,sh603687,算力,AI算力
20260320,sh603778,光伏,新能源电网
20260320,sh603813,其它,其它
20260320,sh603843,其它,其它
20260320,sh605050,机器人,机器人
20260320,sh605099,其它,其它
20260320,sh605299,其它,其它
20260320,sz000020,其它,其它
20260320,sz000509,其它,其它
20260320,sz000601,电力,新能源电网
20260320,sz000638,其它,其它
20260320,sz000669,其它,其它
20260320,sz000677,其它,其它
20260320,sz000862,电力,新能源电网
20260320,sz000908,其它,其它
20260320,sz001283,储能,新能源电网
20260320,sz002150,储能,新能源电网
20260320,sz002256,电力,新能源电网
20260320,sz002309,光伏,新能源电网
20260320,sz002310,电力,新能源电网
20260320,sz002428,光通信,AI算力
20260320,sz300827,储能,新能源电网
20260320,sz301658,储能,新能源电网
20260323,sh600032,电力,新能源电网
20260323,sh600107,其它,其它
20260323,sh600136,其它,其它
20260323,sh600143,机器人,机器人
20260323,sh600149,电力,新能源电网
20260323,sh600355,其它,其它
20260323,sh600376,机器人,机器人
20260323,sh600396,电网,新能源电网
20260323,sh600608,其它,其它
20260323,sh600696,其它,其它
20260323,sh600758,煤炭,周期资源
20260323,sh600792,化工,周期资源
20260323,sh600844,化工,周期资源
20260323,sh603016,电网,新能源电网
20260323,sh603105,电力,新能源电网
20260323,sh603272,机器人,机器人
20260323,sh603377,其它,其它
20260323,sh603529,其它,其它
20260323,sh603616,化工,周期资源
20260323,sh603687,算力,AI算力
20260323,sh603727,其它,其它
20260323,sh603787,其它,其它
20260323,sh603803,光通信,AI算力
20260323,sh603843,其它,其它
20260323,sz000638,其它,其它
20260323,sz000703,化工,周期资源
20260323,sz000908,其它,其它
20260323,sz001258,电力,新能源电网
20260323,sz002150,储能,新能源电网
20260323,sz002218,光伏,新能源电网
20260323,sz002309,光伏,新能源电网
20260323,sz002310,电力,新能源电网
20260323,sz002565,算力,AI算力
20260323,sz002620,其它,其它
20260323,sz002896,机器人,机器人
20260323,sz300345,光伏,新能源电网
20260323,sz300385,其它,其它
20260323,sz300868,其它,其它
20260324,sh600026,航运,周期资源
20260324,sh600032,电力,新能源电网
20260324,sh600076,半导体,AI算力
20260324,sh600107,其它,其它
20260324,sh600137,其它,其它
20260324,sh600184,光通信,AI算力
20260324,sh600186,算力,AI算力
20260324,sh600192,电网,新能源电网
20260324,sh600234,其它,其它
20260324,sh600355,其它,其它
20260324,sh600396,电力,新能源电网
20260324,sh600475,光伏,新能源电网
20260324,sh600510,其它,其它
20260324,sh600527,其它,其它
20260324,sh600537,光伏,新能源电网
20260324,sh600539,机器人,机器人
20260324,sh600608,其它,其它
20260324,sh600666,算力,AI算力
20260324,sh600698,军工,军工航天
20260324,sh600744,电力,新能源电网
20260324,sh600758,煤炭,周期资源
20260324,sh600773,储能,新能源电网
20260324,sh600821,电力,新能源电网
20260324,sh600868,电力,新能源电网
20260324,sh600982,电力,新能源电网
20260324,sh601016,电力,新能源电网
20260324,sh601226,氢能,新能源电网
20260324,sh601606,军工,军工航天
20260324,sh601858,AI应用,AI应用
20260324,sh601869,光通信,AI算力
20260324,sh601975,航运,周期资源
20260324,sh603017,航天,军工航天
20260324,sh603115,其它,其它
20260324,sh603165,电力,新能源电网
20260324,sh603398,其它,其它
20260324,sh603421,半导体,AI算力
20260324,sh603527,储能,新能源电网
20260324,sh603538,其它,其它
20260324,sh603759,光伏,新能源电网
20260324,sh603808,其它,其它
20260324,sh603843,其它,其它
20260324,sh603922,其它,其它
20260324,sh603929,芯片,AI算力
20260324,sh603937,储能,新能源电网
20260324,sh605056,储能,新能源电网
20260324,sh605196,电网,新能源电网
20260324,sh605299,其它,其它
20260324,sh605366,光伏,新能源电网
20260324,sh688551,氢能,新能源电网
20260324,sz000035,氢能,新能源电网
20260324,sz000065,电力,新能源电网
20260324,sz000415,其它,其它
20260324,sz000509,其它,其它
20260324,sz000539,电力,新能源电网
20260324,sz000601,电力,新能源电网
20260324,sz000608,其它,其它
20260324,sz000638,其它,其它
20260324,sz000668,其它,其它
20260324,sz000677,军工,军工航天
20260324,sz000688,有色,周期资源
20260324,sz000720,电网,新能源电网
20260324,sz000722,电力,新能源电网
20260324,sz000811,液冷,AI算力
20260324,sz001203,储能,新能源电网
20260324,sz002005,其它,其它
20260324,sz002082,创新药,医药
20260324,sz002083,储能,新能源电网
20260324,sz002192,储能,新能源电网
20260324,sz002199,其它,其它
20260324,sz002211,其它,其它
20260324,sz002218,光伏,新能源电网
20260324,sz002222,光通信,AI算力
20260324,sz002265,军工,军工航天
20260324,sz002289,其它,其它
20260324,sz002309,光伏,新能源电网
20260324,sz002316,电网,新能源电网
20260324,sz002323,光伏,新能源电网
20260324,sz002350,电网,新能源电网
20260324,sz002428,光通信,AI算力
20260324,sz002445,电力,新能源电网
20260324,sz002491,光通信,AI算力
20260324,sz002498,电网,新能源电网
20260324,sz002512,其它,其它
20260324,sz002519,军工,军工航天
20260324,sz002528,其它,其它
20260324,sz002620,其它,其它
20260324,sz002631,储能,新能源电网
20260324,sz002636,PCB,AI算力
20260324,sz002645,有色,周期资源
20260324,sz002663,其它,其它
20260324,sz002685,算力,AI算力
20260324,sz002771,算力,AI算力
20260324,sz002789,其它,其它
20260324,sz002795,医药,医药
20260324,sz002887,其它,其它
20260324,sz003004,其它,其它
20260324,sz300335,电力,新能源电网
20260324,sz300385,其它,其它
20260324,sz300497,储能,新能源电网
20260324,sz301226,储能,新能源电网
20260325,sh600032,电力,新能源电网
20260325,sh600136,其它,其它
20260325,sh600152,其它,其它
20260325,sh600158,其它,其它
20260325,sh600163,电力,新能源电网
20260325,sh600191,其它,其它
20260325,sh600238,其它,其它
20260325,sh600251,其它,其它
20260325,sh600345,光通信,AI算力
20260325,sh600396,电力,新能源电网
20260325,sh600433,化工,周期资源
20260325,sh600527,其它,其它
20260325,sh600539,机器人,机器人
20260325,sh600589,算力,AI算力
20260325,sh600666,算力,AI算力
20260325,sh600698,军工,军工航天
20260325,sh600726,电力,新能源电网
20260325,sh600758,煤炭,周期资源
20260325,sh600780,电力,新能源电网
20260325,sh600800,化工,周期资源
20260325,sh600802,其它,其它
20260325,sh600815,其它,其它
20260325,sh600982,电力,新能源电网
20260325,sh601002,其它,其它
20260325,sh601016,电力,新能源电网
20260325,sh601133,芯片,AI算力
20260325,sh601606,军工,军工航天
20260325,sh601869,光通信,AI算力
20260325,sh601999,AI应用,AI应用
20260325,sh603042,光通信,AI算力
20260325,sh603052,光通信,AI算力
20260325,sh603118,光通信,AI算力
20260325,sh603175,PCB,AI算力
20260325,sh603179,机器人,机器人
20260325,sh603261,其它,其它
20260325,sh603429,其它,其它
20260325,sh603538,其它,其它
20260325,sh603601,航天,军工航天
20260325,sh603618,电网,新能源电网
20260325,sh603629,算力,AI算力
20260325,sh603808,其它,其它
20260325,sh603828,其它,其它
20260325,sh603829,电网,新能源电网
20260325,sh603933,机器人,机器人
20260325,sh603938,芯片,AI算力
20260325,sh603958,机器人,机器人
20260325,sh605168,AI应用,AI应用
20260325,sh605299,其它,其它
20260325,sh605366,光伏,新能源电网
20260325,sz000070,光通信,AI算力
20260325,sz000539,电力,新能源电网
20260325,sz000592,其它,其它
20260325,sz000595,其它,其它
20260325,sz000601,电力,新能源电网
20260325,sz000608,其它,其它
20260325,sz000639,其它,其它
20260325,sz000659,其它,其它
20260325,sz000690,电力,新能源电网
20260325,sz000691,其它,其它
20260325,sz000720,电网,新能源电网
20260325,sz000722,电力,新能源电网
20260325,sz000753,电力,新能源电网
20260325,sz000791,电力,新能源电网
20260325,sz000859,半导体,AI算力
20260325,sz000889,算力,AI算力
20260325,sz000909,其它,其它
20260325,sz000927,其它,其它
20260325,sz000978,其它,其它
20260325,sz000993,电力,新能源电网
20260325,sz001316,航天,军工航天
20260325,sz001376,电力,新能源电网
20260325,sz001400,液冷,AI算力
20260325,sz002038,创新药,医药
20260325,sz002058,其它,其它
20260325,sz002076,其它,其它
20260325,sz002192,其它,其它
20260325,sz002199,其它,其它
20260325,sz002211,其它,其它
20260325,sz002214,其它,其它
20260325,sz002253,其它,其它
20260325,sz002309,光伏,新能源电网
20260325,sz002418,算力,AI算力
20260325,sz002467,算力,AI算力
20260325,sz002475,光通信,AI算力
20260325,sz002479,电力,新能源电网
20260325,sz002485,其它,其它
20260325,sz002491,光通信,AI算力
20260325,sz002528,其它,其它
20260325,sz002580,储能,新能源电网
20260325,sz002620,其它,其它
20260325,sz002630,其它,其它
20260325,sz002713,其它,其它
20260325,sz002718,其它,其它
20260325,sz002730,算力,AI算力
20260325,sz002761,其它,其它
20260325,sz002771,算力,AI算力
20260325,sz002789,其它,其它
20260325,sz002902,光通信,AI算力
20260325,sz002941,算力,AI算力
20260325,sz003043,芯片,AI算力
20260325,sz300069,电网,新能源电网
20260325,sz300245,算力,AI算力
20260325,sz300658,PCB,AI算力
20260325,sz301196,光通信,AI算力
20260325,sz301419,光通信,AI算力
20260326,sh600107,其它,其它
20260326,sh600136,其它,其它
20260326,sh600163,电力,新能源电网
20260326,sh600207,光伏,新能源电网
20260326,sh600310,电力,新能源电网
20260326,sh600682,医药,医药
20260326,sh600726,电力,新能源电网
20260326,sh600800,化工,周期资源
20260326,sh600844,化工,周期资源
20260326,sh601515,PCB,AI算力
20260326,sh601908,光伏,新能源电网
20260326,sh603026,储能,新能源电网
20260326,sh603217,光伏,新能源电网
20260326,sh603272,机器人,机器人
20260326,sh603429,其它,其它
20260326,sh603520,医药,医药
20260326,sh603538,创新药,医药
20260326,sh603601,航天,军工航天
20260326,sh603687,算力,AI算力
20260326,sh603843,其它,其它
20260326,sh603937,有色,周期资源
20260326,sh605555,机器人,机器人
20260326,sz000037,电力,新能源电网
20260326,sz000669,其它,其它
20260326,sz000692,电力,新能源电网
20260326,sz000720,光通信,AI算力
20260326,sz000722,电力,新能源电网
20260326,sz000767,电力,新能源电网
20260326,sz000908,其它,其它
20260326,sz000927,其它,其它
20260326,sz000965,其它,其它
20260326,sz000968,其它,其它
20260326,sz001270,其它,其它
20260326,sz001367,医药,医药
20260326,sz002082,创新药,医药
20260326,sz002109,化工,周期资源
20260326,sz002149,航天,军工航天
20260326,sz002192,储能,新能源电网
20260326,sz002199,其它,其它
20260326,sz002263,储能,新能源电网
20260326,sz002361,航天,军工航天
20260326,sz002471,机器人,机器人
20260326,sz002569,其它,其它
20260326,sz002620,其它,其它
20260326,sz002630,其它,其它
20260326,sz002692,电网,新能源电网
20260326,sz002705,其它,其它
20260326,sz002782,储能,新能源电网
20260326,sz002808,其它,其它
20260326,sz002902,光通信,AI算力
20260326,sz003018,液冷,AI算力
20260327,sh600110,储能,新能源电网
20260327,sh600227,化工,周期资源
20260327,sh600268,电网,新能源电网
20260327,sh600310,电力,新能源电网
20260327,sh600338,储能,新能源电网
20260327,sh600470,化工,周期资源
20260327,sh600488,医药,医药
20260327,sh600513,医药,医药
20260327,sh600539,机器人,机器人
20260327,sh600599,其它,其它
20260327,sh600666,算力,AI算力
20260327,sh600727,化工,周期资源
20260327,sh600748,其它,其它
20260327,sh600769,其它,其它
20260327,sh600844,化工,周期资源
20260327,sh600955,化工,周期资源
20260327,sh600982,电力,新能源电网
20260327,sh600996,算力,AI算力
20260327,sh603002,PCB,AI算力
20260327,sh603026,储能,新能源电网
20260327,sh603076,其它,其它
20260327,sh603090,液冷,AI算力
20260327,sh603115,其它,其它
20260327,sh603127,医药,医药
20260327,sh603132,有色,周期资源
20260327,sh603248,风电,新能源电网
20260327,sh603324,芯片,AI算力
20260327,sh603387,医药,医药
20260327,sh603399,储能,新能源电网
20260327,sh603429,其它,其它
20260327,sh603538,创新药,医药
20260327,sh603585,化工,周期资源
20260327,sh603618,电网,新能源电网
20260327,sh603738,光通信,AI算力
20260327,sh603978,航天,军工航天
20260327,sh605081,其它,其它
20260327,sh605299,其它,其它
20260327,sh605388,其它,其它
20260327,sh688068,创新药,医药
20260327,sz000155,储能,新能源电网
20260327,sz000488,其它,其它
20260327,sz000546,储能,新能源电网
20260327,sz000553,化工,周期资源
20260327,sz000615,其它,其它
20260327,sz000638,其它,其它
20260327,sz000695,储能,新能源电网
20260327,sz000720,光通信,AI算力
20260327,sz000767,电力,新能源电网
20260327,sz000822,化工,周期资源
20260327,sz000890,光通信,AI算力
20260327,sz000903,其它,其它
20260327,sz000908,其它,其它
20260327,sz001313,其它,其它
20260327,sz001896,电力,新能源电网
20260327,sz002024,其它,其它
20260327,sz002038,创新药,医药
20260327,sz002042,算力,AI算力
20260327,sz002068,储能,新能源电网
20260327,sz002082,创新药,医药
20260327,sz002122,其它,其它
20260327,sz002176,机器人,机器人
20260327,sz002192,储能,新能源电网
20260327,sz002199,其它,其它
20260327,sz002240,储能,新能源电网
20260327,sz002263,PCB,AI算力
20260327,sz002265,军工,军工航天
20260327,sz002272,液冷,AI算力
20260327,sz002294,创新药,医药
20260327,sz002305,其它,其它
20260327,sz002310,电力,新能源电网
20260327,sz002328,储能,新能源电网
20260327,sz002361,航天,军工航天
20260327,sz002386,化工,周期资源
20260327,sz002428,光通信,AI算力
20260327,sz002432,医药,医药
20260327,sz002445,电力,新能源电网
20260327,sz002455,储能,新能源电网
20260327,sz002460,储能,新能源电网
20260327,sz002470,化工,周期资源
20260327,sz002526,无人机,军工航天
20260327,sz002569,其它,其它
20260327,sz002620,其它,其它
20260327,sz002731,其它,其它
20260327,sz002755,创新药,医药
20260327,sz002756,储能,新能源电网
20260327,sz002773,创新药,医药
20260327,sz002842,有色,周期资源
20260327,sz002995,AI应用,AI应用
20260327,sz003042,化工,周期资源
20260327,sz300204,创新药,医药
20260327,sz300461,元件,AI算力
20260327,sz300858,其它,其它
20260327,sz301292,储能,新能源电网
20260330,sh600127,其它,其它
20260330,sh600135,光伏,新能源电网
20260330,sh600219,有色,周期资源
20260330,sh600343,军工,军工航天
20260330,sh600345,光通信,AI算力
20260330,sh600359,其它,其它
20260330,sh600381,其它,其它
20260330,sh600487,光通信,AI算力
20260330,sh600488,医药,医药
20260330,sh600502,其它,其它
20260330,sh600513,创新药,医药
20260330,sh600539,其它,其它
20260330,sh600602,算力,AI算力
20260330,sh600724,其它,其它
20260330,sh600996,算力,AI算力
20260330,sh601068,有色,周期资源
20260330,sh601388,有色,周期资源
20260330,sh601869,光通信,AI算力
20260330,sh603016,电网,新能源电网
20260330,sh603017,航天,军工航天
20260330,sh603061,半导体,AI算力
20260330,sh603122,医药,医药
20260330,sh603239,机器人,机器人
20260330,sh603256,其它,其它
20260330,sh603261,其它,其它
20260330,sh603272,机器人,机器人
20260330,sh603358,其它,其它
20260330,sh603538,创新药,医药
20260330,sh603580,其它,其它
20260330,sh603585,化工,周期资源
20260330,sh603601,航天,军工航天
20260330,sh603618,电网,新能源电网
20260330,sh603716,创新药,医药
20260330,sh603778,光伏,新能源电网
20260330,sh603838,其它,其它
20260330,sh603897,机器人,机器人
20260330,sh605222,航天,军工航天
20260330,sh688677,医药,医药
20260330,sh688693,其它,其它
20260330,sz000008,机器人,机器人
20260330,sz000048,机器人,机器人
20260330,sz000592,其它,其它
20260330,sz000668,其它,其它
20260330,sz000753,电力,新能源电网
20260330,sz000890,光通信,AI算力
20260330,sz000908,其它,其它
20260330,sz000972,其它,其它
20260330,sz001270,其它,其它
20260330,sz001400,有色,周期资源
20260330,sz002024,其它,其它
20260330,sz002038,创新药,医药
20260330,sz002160,有色,周期资源
20260330,sz002168,其它,其它
20260330,sz002222,光通信,AI算力
20260330,sz002309,光伏,新能源电网
20260330,sz002361,航天,军工航天
20260330,sz002370,创新药,医药
20260330,sz002424,其它,其它
20260330,sz002432,医药,医药
20260330,sz002501,有色,周期资源
20260330,sz002532,有色,周期资源
20260330,sz002578,有色,周期资源
20260330,sz002620,其它,其它
20260330,sz002634,光伏,新能源电网
20260330,sz002675,创新药,医药
20260330,sz002686,算力,AI算力
20260330,sz002713,其它,其它
20260330,sz002808,其它,其它
20260330,sz002810,化工,周期资源
20260330,sz002850,储能,新能源电网
20260330,sz002980,光通信,AI算力
20260330,sz003036,机器人,机器人
20260330,sz003042,化工,周期资源
20260330,sz300385,其它,其它
20260330,sz300900,航天,军工航天
20260330,sz301008,其它,其它
20260331,sh600066,其它,其它
20260331,sh600158,其它,其它
20260331,sh600184,光通信,AI算力
20260331,sh600250,其它,其它
20260331,sh600488,医药,医药
20260331,sh600495,其它,其它
20260331,sh600502,其它,其它
20260331,sh600528,其它,其它
20260331,sh600581,其它,其它
20260331,sh600894,航天,军工航天
20260331,sh601908,光伏,新能源电网
20260331,sh603039,AI应用,AI应用
20260331,sh603429,其它,其它
20260331,sh603559,其它,其它
20260331,sh603657,其它,其它
20260331,sh603660,AI应用,AI应用
20260331,sh603826,化工,周期资源
20260331,sh605116,创新药,医药
20260331,sh605162,电力,新能源电网
20260331,sh605199,其它,其它
20260331,sh605299,其它,其它
20260331,sz000008,机器人,机器人
20260331,sz000030,其它,其它
20260331,sz000037,电力,新能源电网
20260331,sz000070,光通信,AI算力
20260331,sz000592,其它,其它
20260331,sz000631,其它,其它
20260331,sz000678,其它,其它
20260331,sz000720,光通信,AI算力
20260331,sz000863,其它,其它
20260331,sz000913,其它,其它
20260331,sz000927,其它,其它
20260331,sz000993,电力,新能源电网
20260331,sz001239,机器人,机器人
20260331,sz002082,创新药,医药
20260331,sz002168,其它,其它
20260331,sz002218,光伏,新能源电网
20260331,sz002263,PCB,AI算力
20260331,sz002342,航天,军工航天
20260331,sz002361,航天,军工航天
20260331,sz002454,储能,新能源电网
20260331,sz002528,其它,其它
20260331,sz002542,其它,其它
20260331,sz002560,电网,新能源电网
20260331,sz002565,算力,AI算力
20260331,sz002578,有色,周期资源
20260331,sz002580,储能,新能源电网
20260331,sz002634,光伏,新能源电网
20260331,sz002788,医药,医药
20260331,sz002800,其它,其它
20260331,sz002821,医药,医药
20260331,sz002995,AI应用,AI应用
20260331,sz003033,机器人,机器人
20260331,sz300834,其它,其它
20260331,sz300992,其它,其它
20260331,sz301008,其它,其它
20260331,sz301048,其它,其它
20260331,sz301079,机器人,机器人
20260331,sz301255,机器人,机器人
20260401,sh600105,芯片,AI算力
20260401,sh600107,其它,其它
20260401,sh600249,其它,其它
20260401,sh600488,医药,医药
20260401,sh600545,PCB,AI算力
20260401,sh600581,其它,其它
20260401,sh600594,创新药,医药
20260401,sh600643,其它,其它
20260401,sh600666,算力,AI算力
20260401,sh600724,其它,其它
20260401,sh600851,创新药,医药
20260401,sh601083,航运,周期资源
20260401,sh601133,芯片,AI算力
20260401,sh601515,储能,新能源电网
20260401,sh601579,其它,其它
20260401,sh601872,航运,周期资源
20260401,sh603121,机器人,机器人
20260401,sh603158,算力,AI算力
20260401,sh603193,其它,其它
20260401,sh603248,风电,新能源电网
20260401,sh603296,液冷,AI算力
20260401,sh603429,其它,其它
20260401,sh603517,其它,其它
20260401,sh603687,算力,AI算力
20260401,sh603727,其它,其它
20260401,sh603778,光伏,新能源电网
20260401,sh603803,光通信,AI算力
20260401,sh603822,其它,其它
20260401,sh603912,液冷,AI算力
20260401,sh603937,有色,周期资源
20260401,sh603949,机器人,机器人
20260401,sh603985,算力,AI算力
20260401,sh605006,PCB,AI算力
20260401,sh605162,电力,新能源电网
20260401,sh605199,其它,其它
20260401,sh605287,AI应用,AI应用
20260401,sh605289,AI应用,AI应用
20260401,sh688488,创新药,医药
20260401,sz000078,创新药,医药
20260401,sz000534,医药,医药
20260401,sz000788,创新药,医药
20260401,sz000815,算力,AI算力
20260401,sz002083,储能,新能源电网
20260401,sz002269,其它,其它
20260401,sz002306,其它,其它
20260401,sz002408,化工,周期资源
20260401,sz002432,医药,医药
20260401,sz002528,其它,其它
20260401,sz002558,传媒,AI应用
20260401,sz002560,机器人,机器人
20260401,sz002579,机器人,机器人
20260401,sz002624,传媒,AI应用
20260401,sz002639,氢能,新能源电网
20260401,sz002645,有色,周期资源
20260401,sz002713,其它,其它
20260401,sz002821,医药,医药
20260401,sz002902,光通信,AI算力
20260401,sz002923,创新药,医药
20260401,sz002940,创新药,医药
20260401,sz300149,医药,医药
20260401,sz300436,创新药,医药
20260401,sz300834,其它,其它
20260401,sz301188,化工,周期资源
20260401,sz301312,光通信,AI算力
20260401,sz301392,半导体,AI算力
20260402,920230.BJ,医药,医药
20260402,sh600339,油气,周期资源
20260402,sh600381,其它,其它
20260402,sh600488,创新药,医药
20260402,sh600594,创新药,医药
20260402,sh600608,其它,其它
20260402,sh600644,电力,新能源电网
20260402,sh603042,元件,AI算力
20260402,sh603122,医药,医药
20260402,sh603222,创新药,医药
20260402,sh603353,半导体,AI算力
20260402,sh603477,其它,其它
20260402,sh603798,油气,周期资源
20260402,sh603863,化工,周期资源
20260402,sh605162,电力,新能源电网
20260402,sz000155,储能,新能源电网
20260402,sz000586,光通信,AI算力
20260402,sz000711,其它,其它
20260402,sz000720,光通信,AI算力
20260402,sz000762,储能,新能源电网
20260402,sz000788,创新药,医药
20260402,sz000950,创新药,医药
20260402,sz000968,油气,周期资源
20260402,sz002038,创新药,医药
20260402,sz002051,其它,其它
20260402,sz002263,储能,新能源电网
20260402,sz002309,光伏,新能源电网
20260402,sz002560,航天,军工航天
20260402,sz002828,油气,周期资源
20260402,sz002898,其它,其它
20260402,sz300834,其它,其它
20260402,sz300839,油气,周期资源
20260403,sh600056,医药,医药
20260403,sh600106,其它,其它
20260403,sh600302,机器人,机器人
20260403,sh600488,医药,医药
20260403,sh600602,算力,AI算力
20260403,sh600654,算力,AI算力
20260403,sh600869,光通信,AI算力
20260403,sh603033,化工,周期资源
20260403,sh603067,化工,周期资源
20260403,sh603123,金融科技,AI应用
20260403,sh603189,AI应用,AI应用
20260403,sh603585,化工,周期资源
20260403,sh603966,机器人,机器人
20260403,sh605133,机器人,机器人
20260403,sh605303,存储,AI算力
20260403,sh605589,半导体,AI算力
20260403,sh688146,芯片,AI算力
20260403,sh688205,光通信,AI算力
20260403,sh688226,光通信,AI算力
20260403,sh688485,半导体,AI算力
20260403,sz000586,光通信,AI算力
20260403,sz000669,其它,其它
20260403,sz000720,光通信,AI算力
20260403,sz000950,创新药,医药
20260403,sz002222,光通信,AI算力
20260403,sz002678,AI应用,AI应用
20260403,sz002792,光通信,AI算力
20260403,sz002796,光通信,AI算力
20260403,sz002831,其它,其它
20260403,sz002898,其它,其它
20260403,sz002952,其它,其它
20260403,sz002980,光通信,AI算力
20260403,sz003007,算力,AI算力
20260403,sz003031,光通信,AI算力
20260403,sz300006,创新药,医药
20260403,sz300608,算力,AI算力
20260403,sz300626,机器人,机器人
20260403,sz300812,光通信,AI算力
20260407,sh600063,化工,周期资源
20260407,sh600075,化工,周期资源
20260407,sh600110,PCB,AI算力
20260407,sh600158,其它,其它
20260407,sh600195,医药,医药
20260407,sh600227,化工,周期资源
20260407,sh600250,其它,其它
20260407,sh600259,有色,周期资源
20260407,sh600370,化工,周期资源
20260407,sh600423,化工,周期资源
20260407,sh600470,化工,周期资源
20260407,sh600488,医药,医药
20260407,sh600527,化工,周期资源
20260407,sh600596,化工,周期资源
20260407,sh600623,化工,周期资源
20260407,sh600654,算力,AI算力
20260407,sh600664,医药,医药
20260407,sh600691,化工,周期资源
20260407,sh600722,化工,周期资源
20260407,sh600743,其它,其它
20260407,sh600791,其它,其它
20260407,sh600810,化工,周期资源
20260407,sh600955,化工,周期资源
20260407,sh601133,芯片,AI算力
20260407,sh601388,有色,周期资源
20260407,sh603002,PCB,AI算力
20260407,sh603042,有色,周期资源
20260407,sh603090,储能,新能源电网
20260407,sh603123,金融科技,AI应用
20260407,sh603188,化工,周期资源
20260407,sh603255,化工,周期资源
20260407,sh603260,化工,周期资源
20260407,sh603327,消费电子,AI算力
20260407,sh603348,其它,其它
20260407,sh603353,半导体,AI算力
20260407,sh603421,半导体,AI算力
20260407,sh603637,其它,其它
20260407,sh603687,算力,AI算力
20260407,sh603778,光伏,新能源电网
20260407,sh603813,其它,其它
20260407,sh603822,其它,其它
20260407,sh603838,其它,其它
20260407,sh603968,化工,周期资源
20260407,sh603988,储能,新能源电网
20260407,sh605018,机器人,机器人
20260407,sh605099,其它,其它
20260407,sh605162,电力,新能源电网
20260407,sh605299,其它,其它
20260407,sh605589,储能,新能源电网
20260407,sh688345,储能,新能源电网
20260407,sz000019,其它,其它
20260407,sz000062,存储,AI算力
20260407,sz000586,光通信,AI算力
20260407,sz000652,其它,其它
20260407,sz000695,储能,新能源电网
20260407,sz000703,化工,周期资源
20260407,sz000720,光通信,AI算力
20260407,sz000766,创新药,医药
20260407,sz000830,化工,周期资源
20260407,sz000890,其它,其它
20260407,sz000909,其它,其它
20260407,sz000912,化工,周期资源
20260407,sz000919,医药,医药
20260407,sz000990,化工,周期资源
20260407,sz002025,光通信,AI算力
20260407,sz002037,其它,其它
20260407,sz002051,其它,其它
20260407,sz002092,化工,周期资源
20260407,sz002109,化工,周期资源
20260407,sz002119,半导体,AI算力
20260407,sz002132,化工,周期资源
20260407,sz002181,AI应用,AI应用
20260407,sz002193,其它,其它
20260407,sz002274,化工,周期资源
20260407,sz002310,电力,新能源电网
20260407,sz002348,储能,新能源电网
20260407,sz002408,化工,周期资源
20260407,sz002427,化工,周期资源
20260407,sz002431,其它,其它
20260407,sz002442,化工,周期资源
20260407,sz002470,化工,周期资源
20260407,sz002491,光通信,AI算力
20260407,sz002528,其它,其它
20260407,sz002631,储能,新能源电网
20260407,sz002637,化工,周期资源
20260407,sz002650,其它,其它
20260407,sz002663,其它,其它
20260407,sz002713,其它,其它
20260407,sz002788,医药,医药
20260407,sz002789,其它,其它
20260407,sz002840,其它,其它
20260407,sz002873,创新药,医药
20260407,sz002957,光通信,AI算力
20260407,sz002980,光通信,AI算力
20260407,sz003042,化工,周期资源
20260407,sz300165,其它,其它
20260407,sz300651,其它,其它
20260407,sz300821,化工,周期资源
20260407,sz300927,化工,周期资源
20260407,sz301373,PCB,AI算力
20260407,sz301630,PCB,AI算力
20260408,920171.BJ,AI应用,AI应用
20260408,sh600105,光通信,AI算力
20260408,sh600114,消费电子,AI算力
20260408,sh600115,其它,其它
20260408,sh600126,算力,AI算力
20260408,sh600186,算力,AI算力
20260408,sh600228,其它,其它
20260408,sh600301,有色,周期资源
20260408,sh600356,化工,周期资源
20260408,sh600581,其它,其它
20260408,sh600589,算力,AI算力
20260408,sh600599,其它,其它
20260408,sh600641,半导体,AI算力
20260408,sh600654,其它,其它
20260408,sh600666,算力,AI算力
20260408,sh600721,医药,医药
20260408,sh600743,其它,其它
20260408,sh600815,其它,其它
20260408,sh600841,电网,新能源电网
20260408,sh600869,光通信,AI算力
20260408,sh600875,电网,新能源电网
20260408,sh600984,其它,其它
20260408,sh600986,AI应用,AI应用
20260408,sh601002,其它,其它
20260408,sh601069,有色,周期资源
20260408,sh601137,有色,周期资源
20260408,sh603045,有色,周期资源
20260408,sh603083,光通信,AI算力
20260408,sh603138,AI应用,AI应用
20260408,sh603175,PCB,AI算力
20260408,sh603196,储能,新能源电网
20260408,sh603203,液冷,AI算力
20260408,sh603211,机器人,机器人
20260408,sh603272,其它,其它
20260408,sh603306,半导体,AI算力
20260408,sh603308,电网,新能源电网
20260408,sh603311,其它,其它
20260408,sh603315,算力,AI算力
20260408,sh603328,PCB,AI算力
20260408,sh603516,液冷,AI算力
20260408,sh603538,创新药,医药
20260408,sh603595,其它,其它
20260408,sh603598,传媒,AI应用
20260408,sh603629,算力,AI算力
20260408,sh603757,液冷,AI算力
20260408,sh603777,其它,其它
20260408,sh603813,其它,其它
20260408,sh603822,其它,其它
20260408,sh603881,算力,AI算力
20260408,sh603890,算力,AI算力
20260408,sh603920,PCB,AI算力
20260408,sh603950,其它,其它
20260408,sh605016,其它,其它
20260408,sh605060,电网,新能源电网
20260408,sh605081,其它,其它
20260408,sh605162,电力,新能源电网
20260408,sh605258,PCB,AI算力
20260408,sh605287,AI应用,AI应用
20260408,sh605289,算力,AI算力
20260408,sh605305,风电,新能源电网
20260408,sh605318,AI应用,AI应用
20260408,sh688485,半导体,AI算力
20260408,sh688630,PCB,AI算力
20260408,sh688655,PCB,AI算力
20260408,sh688693,半导体,AI算力
20260408,sz000426,有色,周期资源
20260408,sz000506,有色,周期资源
20260408,sz000534,创新药,医药
20260408,sz000551,航天,军工航天
20260408,sz000586,光通信,AI算力
20260408,sz000727,AI应用,AI应用
20260408,sz000811,液冷,AI算力
20260408,sz000889,算力,AI算力
20260408,sz000892,AI应用,AI应用
20260408,sz000917,航天,军工航天
20260408,sz000919,创新药,医药
20260408,sz000962,有色,周期资源
20260408,sz000978,其它,其它
20260408,sz001267,光通信,AI算力
20260408,sz001270,其它,其它
20260408,sz001287,存储,AI算力
20260408,sz001337,有色,周期资源
20260408,sz001389,PCB,AI算力
20260408,sz002008,PCB,AI算力
20260408,sz002042,算力,AI算力
20260408,sz002046,航天,军工航天
20260408,sz002051,其它,其它
20260408,sz002055,其它,其它
20260408,sz002131,液冷,AI算力
20260408,sz002155,有色,周期资源
20260408,sz002181,AI应用,AI应用
20260408,sz002188,其它,其它
20260408,sz002213,存储,AI算力
20260408,sz002217,算力,AI算力
20260408,sz002273,消费电子,AI算力
20260408,sz002342,航天,军工航天
20260408,sz002348,其它,其它
20260408,sz002353,电网,新能源电网
20260408,sz002361,航天,军工航天
20260408,sz002380,电网,新能源电网
20260408,sz002384,光通信,AI算力
20260408,sz002400,AI应用,AI应用
20260408,sz002421,AI应用,AI应用
20260408,sz002449,半导体,AI算力
20260408,sz002463,PCB,AI算力
20260408,sz002478,电网,新能源电网
20260408,sz002484,算力,AI算力
20260408,sz002491,光通信,AI算力
20260408,sz002512,其它,其它
20260408,sz002528,其它,其它
20260408,sz002536,算力,AI算力
20260408,sz002606,电网,新能源电网
20260408,sz002634,光伏,新能源电网
20260408,sz002663,其它,其它
20260408,sz002708,机器人,机器人
20260408,sz002713,其它,其它
20260408,sz002716,有色,周期资源
20260408,sz002797,其它,其它
20260408,sz002899,其它,其它
20260408,sz002902,光通信,AI算力
20260408,sz002916,PCB,AI算力
20260408,sz002921,机器人,机器人
20260408,sz002928,其它,其它
20260408,sz002929,算力,AI算力
20260408,sz002957,光通信,AI算力
20260408,sz002975,算力,AI算力
20260408,sz002995,AI应用,AI应用
20260408,sz003041,其它,其它
20260408,sz300058,AI应用,AI应用
20260408,sz300209,算力,AI算力
20260408,sz300475,存储,AI算力
20260408,sz300571,光通信,AI算力
20260408,sz300679,光通信,AI算力
20260408,sz301070,其它,其它
20260408,sz301232,电网,新能源电网
20260409,sh600330,航天,军工航天
20260409,sh600337,其它,其它
20260409,sh600345,光通信,AI算力
20260409,sh600594,创新药,医药
20260409,sh600619,其它,其它
20260409,sh600629,其它,其它
20260409,sh600707,化工,周期资源
20260409,sh600743,其它,其它
20260409,sh601133,芯片,AI算力
20260409,sh601811,其它,其它
20260409,sh601869,光通信,AI算力
20260409,sh603121,机器人,机器人
20260409,sh603216,其它,其它
20260409,sh603306,光通信,AI算力
20260409,sh603507,机器人,机器人
20260409,sh603757,算力,AI算力
20260409,sh603773,PCB,AI算力
20260409,sh603777,其它,其它
20260409,sh603808,其它,其它
20260409,sh603813,其它,其它
20260409,sh603843,其它,其它
20260409,sh603863,化工,周期资源
20260409,sh603929,芯片,AI算力
20260409,sh603950,其它,其它
20260409,sh603958,机器人,机器人
20260409,sh605056,储能,新能源电网
20260409,sh605189,其它,其它
20260409,sh605318,AI应用,AI应用
20260409,sz000070,光通信,AI算力
20260409,sz000078,创新药,医药
20260409,sz000586,光通信,AI算力
20260409,sz000793,其它,其它
20260409,sz000889,算力,AI算力
20260409,sz000909,其它,其它
20260409,sz000990,化工,周期资源
20260409,sz002025,航天,军工航天
20260409,sz002039,其它,其它
20260409,sz002107,医药,医药
20260409,sz002150,储能,新能源电网
20260409,sz002281,光通信,AI算力
20260409,sz002328,液冷,AI算力
20260409,sz002342,航天,军工航天
20260409,sz002364,其它,其它
20260409,sz002384,光通信,AI算力
20260409,sz002528,其它,其它
20260409,sz002536,算力,AI算力
20260409,sz002580,储能,新能源电网
20260409,sz002620,其它,其它
20260409,sz002635,消费电子,AI算力
20260409,sz002636,PCB,AI算力
20260409,sz002645,有色,周期资源
20260409,sz002650,其它,其它
20260409,sz002718,其它,其它
20260409,sz002822,其它,其它
20260409,sz002824,消费电子,AI算力
20260409,sz002843,算力,AI算力
20260409,sz002947,算力,AI算力
20260409,sz002962,化工,周期资源
20260409,sz002975,液冷,AI算力
20260409,sz300489,航天,军工航天
20260409,sz301181,其它,其它
20260410,sh600103,光通信,AI算力
20260410,sh600105,芯片,AI算力
20260410,sh600156,机器人,机器人
20260410,sh600165,其它,其它
20260410,sh600193,其它,其它
20260410,sh600238,其它,其它
20260410,sh600243,其它,其它
20260410,sh600345,其它,其它
20260410,sh600381,其它,其它
20260410,sh600421,其它,其它
20260410,sh600480,机器人,机器人
20260410,sh600482,电网,新能源电网
20260410,sh600537,光伏,新能源电网
20260410,sh600707,化工,周期资源
20260410,sh600713,医药,医药
20260410,sh600743,其它,其它
20260410,sh600876,PCB,AI算力
20260410,sh600983,其它,其它
20260410,sh601010,其它,其它
20260410,sh601999,传媒,AI应用
20260410,sh603021,其它,其它
20260410,sh603026,储能,新能源电网
20260410,sh603088,机器人,机器人
20260410,sh603093,其它,其它
20260410,sh603101,其它,其它
20260410,sh603200,储能,新能源电网
20260410,sh603272,其它,其它
20260410,sh603557,其它,其它
20260410,sh603580,其它,其它
20260410,sh603773,PCB,AI算力
20260410,sh603777,其它,其它
20260410,sh603813,其它,其它
20260410,sh603889,其它,其它
20260410,sh603933,机器人,机器人
20260410,sh603950,其它,其它
20260410,sh605006,其它,其它
20260410,sh605060,液冷,AI算力
20260410,sh605069,AI应用,AI应用
20260410,sh605117,储能,新能源电网
20260410,sh605255,芯片,AI算力
20260410,sh688478,半导体,AI算力
20260410,sh688690,其它,其它
20260410,sz000402,其它,其它
20260410,sz000534,创新药,医药
20260410,sz000626,其它,其它
20260410,sz000659,其它,其它
20260410,sz000670,半导体,AI算力
20260410,sz000762,储能,新能源电网
20260410,sz000793,其它,其它
20260410,sz000889,算力,AI算力
20260410,sz001211,其它,其它
20260410,sz001269,光伏,新能源电网
20260410,sz001299,其它,其它
20260410,sz001309,存储,AI算力
20260410,sz002047,其它,其它
20260410,sz002074,储能,新能源电网
20260410,sz002177,金融科技,AI应用
20260410,sz002199,其它,其它
20260410,sz002211,其它,其它
20260410,sz002263,储能,新能源电网
20260410,sz002328,储能,新能源电网
20260410,sz002363,航天,军工航天
20260410,sz002364,储能,新能源电网
20260410,sz002418,液冷,AI算力
20260410,sz002528,其它,其它
20260410,sz002580,储能,新能源电网
20260410,sz002650,其它,其它
20260410,sz002713,其它,其它
20260410,sz002733,储能,新能源电网
20260410,sz002787,储能,新能源电网
20260410,sz002824,储能,新能源电网
20260410,sz002950,医药,医药
20260410,sz002962,PCB,AI算力
20260410,sz002988,有色,周期资源
20260410,sz003036,机器人,机器人
20260410,sz300131,光通信,AI算力
20260410,sz300561,其它,其它
20260413,sh600032,电力,新能源电网
20260413,sh600152,储能,新能源电网
20260413,sh600165,其它,其它
20260413,sh600166,储能,新能源电网
20260413,sh600176,PCB,AI算力
20260413,sh600238,其它,其它
20260413,sh600243,其它,其它
20260413,sh600299,化工,周期资源
20260413,sh600337,光通信,AI算力
20260413,sh600381,其它,其它
20260413,sh600396,电力,新能源电网
20260413,sh600527,化工,周期资源
20260413,sh600608,其它,其它
20260413,sh600654,算力,AI算力
20260413,sh600743,其它,其它
20260413,sh600773,储能,新能源电网
20260413,sh600815,其它,其它
20260413,sh600982,电力,新能源电网
20260413,sh601908,光伏,新能源电网
20260413,sh603021,其它,其它
20260413,sh603177,储能,新能源电网
20260413,sh603256,PCB,AI算力
20260413,sh603283,半导体,AI算力
20260413,sh603350,机器人,机器人
20260413,sh603389,其它,其它
20260413,sh603557,其它,其它
20260413,sh603580,其它,其它
20260413,sh603682,AI应用,AI应用
20260413,sh603721,其它,其它
20260413,sh603738,光通信,AI算力
20260413,sh603800,储能,新能源电网
20260413,sh603803,光通信,AI算力
20260413,sh603813,其它,其它
20260413,sh603828,其它,其它
20260413,sh603897,电网,新能源电网
20260413,sh603950,其它,其它
20260413,sh605255,芯片,AI算力
20260413,sh688081,算力,AI算力
20260413,sh688135,半导体,AI算力
20260413,sh688667,储能,新能源电网
20260413,sh688813,储能,新能源电网
20260413,sz000010,算力,AI算力
20260413,sz000026,光通信,AI算力
20260413,sz000402,其它,其它
20260413,sz000609,其它,其它
20260413,sz000612,其它,其它
20260413,sz000688,储能,新能源电网
20260413,sz000752,其它,其它
20260413,sz000791,电力,新能源电网
20260413,sz000793,其它,其它
20260413,sz000929,其它,其它
20260413,sz000968,油气,周期资源
20260413,sz001203,储能,新能源电网
20260413,sz001270,其它,其它
20260413,sz001299,油气,周期资源
20260413,sz002005,其它,其它
20260413,sz002047,其它,其它
20260413,sz002080,PCB,AI算力
20260413,sz002124,其它,其它
20260413,sz002199,其它,其它
20260413,sz002240,储能,新能源电网
20260413,sz002297,其它,其它
20260413,sz002321,其它,其它
20260413,sz002364,储能,新能源电网
20260413,sz002418,液冷,AI算力
20260413,sz002436,PCB,AI算力
20260413,sz002439,其它,其它
20260413,sz002467,AI应用,AI应用
20260413,sz002512,其它,其它
20260413,sz002515,芯片,AI算力
20260413,sz002528,其它,其它
20260413,sz002529,其它,其它
20260413,sz002580,储能,新能源电网
20260413,sz002678,AI应用,AI应用
20260413,sz002789,其它,其它
20260413,sz002822,其它,其它
20260413,sz002876,其它,其它
20260413,sz002902,光通信,AI算力
20260413,sz002929,算力,AI算力
20260413,sz002943,半导体,AI算力
20260413,sz002957,光通信,AI算力
20260413,sz002980,光通信,AI算力
20260413,sz003004,其它,其它
20260413,sz003018,液冷,AI算力
20260413,sz300561,其它,其它
20260413,sz301667,储能,新能源电网
20260414,sh600152,储能,新能源电网
20260414,sh600173,电力,新能源电网
20260414,sh600238,其它,其它
20260414,sh600243,其它,其它
20260414,sh600381,其它,其它
20260414,sh600396,电力,新能源电网
20260414,sh600469,其它,其它
20260414,sh600539,其它,其它
20260414,sh600605,芯片,AI算力
20260414,sh600664,医药,医药
20260414,sh600743,其它,其它
20260414,sh600855,航天,军工航天
20260414,sh601588,其它,其它
20260414,sh601778,电力,新能源电网
20260414,sh603002,PCB,AI算力
20260414,sh603026,储能,新能源电网
20260414,sh603061,半导体,AI算力
20260414,sh603109,储能,新能源电网
20260414,sh603139,医药,医药
20260414,sh603171,AI应用,AI应用
20260414,sh603269,液冷,AI算力
20260414,sh603383,金融科技,AI应用
20260414,sh603389,其它,其它
20260414,sh603527,PCB,AI算力
20260414,sh603585,其它,其它
20260414,sh603629,算力,AI算力
20260414,sh603698,化工,周期资源
20260414,sh603813,其它,其它
20260414,sh605167,核电,新能源电网
20260414,sh688287,其它,其它
20260414,sh688813,PCB,AI算力
20260414,sz000004,其它,其它
20260414,sz000608,其它,其它
20260414,sz000620,存储,AI算力
20260414,sz000711,其它,其它
20260414,sz000752,其它,其它
20260414,sz000889,算力,AI算力
20260414,sz000929,其它,其它
20260414,sz000967,算力,AI算力
20260414,sz001270,其它,其它
20260414,sz001299,其它,其它
20260414,sz002023,光通信,AI算力
20260414,sz002051,其它,其它
20260414,sz002083,储能,新能源电网
20260414,sz002107,医药,医药
20260414,sz002124,其它,其它
20260414,sz002149,航天,军工航天
20260414,sz002157,其它,其它
20260414,sz002213,存储,AI算力
20260414,sz002229,算力,AI算力
20260414,sz002297,其它,其它
20260414,sz002305,其它,其它
20260414,sz002314,其它,其它
20260414,sz002328,储能,新能源电网
20260414,sz002364,储能,新能源电网
20260414,sz002463,PCB,AI算力
20260414,sz002580,储能,新能源电网
20260414,sz002630,其它,其它
20260414,sz002647,其它,其它
20260414,sz002686,其它,其它
20260414,sz002692,电网,新能源电网
20260414,sz002713,其它,其它
20260414,sz002808,其它,其它
20260414,sz002885,氢能,新能源电网
20260414,sz002980,光通信,AI算力
20260414,sz002990,算力,AI算力
20260414,sz300857,算力,AI算力
20260414,sz301157,储能,新能源电网
20260414,sz301189,AI应用,AI应用
20260414,sz301219,有色,周期资源
20260414,sz301292,储能,新能源电网
20260415,sh600135,消费电子,AI算力
20260415,sh600238,其它,其它
20260415,sh600267,创新药,医药
20260415,sh600488,创新药,医药
20260415,sh600572,创新药,医药
20260415,sh600581,其它,其它
20260415,sh600594,创新药,医药
20260415,sh600599,其它,其它
20260415,sh600605,其它,其它
20260415,sh600664,创新药,医药
20260415,sh600683,其它,其它
20260415,sh603021,其它,其它
20260415,sh603063,电网,新能源电网
20260415,sh603150,有色,周期资源
20260415,sh603216,其它,其它
20260415,sh603268,其它,其它
20260415,sh603285,其它,其它
20260415,sh603327,消费电子,AI算力
20260415,sh603444,其它,其它
20260415,sh603459,PCB,AI算力
20260415,sh603629,算力,AI算力
20260415,sh603687,其它,其它
20260415,sh603698,航天,军工航天
20260415,sh603773,PCB,AI算力
20260415,sh603815,其它,其它
20260415,sh603890,液冷,AI算力
20260415,sh603950,其它,其它
20260415,sh605081,其它,其它
20260415,sh605098,其它,其它
20260415,sh605222,航天,军工航天
20260415,sh605289,AI应用,AI应用
20260415,sh605365,半导体,AI算力
20260415,sh605366,光伏,新能源电网
20260415,sh605388,其它,其它
20260415,sh688166,创新药,医药
20260415,sh688287,其它,其它
20260415,sh688805,其它,其它
20260415,sz000004,其它,其它
20260415,sz000026,光通信,AI算力
20260415,sz000785,AI应用,AI应用
20260415,sz000788,创新药,医药
20260415,sz000889,算力,AI算力
20260415,sz000919,创新药,医药
20260415,sz001208,航天,军工航天
20260415,sz001270,其它,其它
20260415,sz001896,其它,其它
20260415,sz002033,其它,其它
20260415,sz002038,创新药,医药
20260415,sz002051,其它,其它
20260415,sz002124,其它,其它
20260415,sz002297,其它,其它
20260415,sz002361,航天,军工航天
20260415,sz002468,其它,其它
20260415,sz002498,电网,新能源电网
20260415,sz002569,其它,其它
20260415,sz002580,储能,新能源电网
20260415,sz002589,创新药,医药
20260415,sz002630,其它,其它
20260415,sz002705,其它,其它
20260415,sz002787,储能,新能源电网
20260415,sz002788,医药,医药
20260415,sz002798,AI应用,AI应用
20260415,sz002824,储能,新能源电网
20260415,sz002891,其它,其它
20260415,sz002990,算力,AI算力
20260415,sz003036,储能,新能源电网
20260415,sz301189,算力,AI算力
20260415,sz301408,创新药,医药
20260416,sh600156,机器人,机器人
20260416,sh600284,算力,AI算力
20260416,sh600507,黑色,周期资源
20260416,sh600549,有色,周期资源
20260416,sh600666,算力,AI算力
20260416,sh600683,其它,其它
20260416,sh600719,电力,新能源电网
20260416,sh600749,其它,其它
20260416,sh600768,有色,周期资源
20260416,sh600847,其它,其它
20260416,sh600875,电网,新能源电网
20260416,sh600961,有色,周期资源
20260416,sh601778,光伏,新能源电网
20260416,sh603032,储能,新能源电网
20260416,sh603052,光通信,AI算力
20260416,sh603220,算力,AI算力
20260416,sh603268,其它,其它
20260416,sh603315,算力,AI算力
20260416,sh603322,算力,AI算力
20260416,sh603687,算力,AI算力
20260416,sh603826,化工,周期资源
20260416,sh603878,黑色,周期资源
20260416,sh603897,电网,新能源电网
20260416,sh603906,储能,新能源电网
20260416,sh603920,PCB,AI算力
20260416,sh603933,机器人,机器人
20260416,sh603985,算力,AI算力
20260416,sh605060,液冷,AI算力
20260416,sh605081,其它,其它
20260416,sh605166,化工,周期资源
20260416,sh605287,AI应用,AI应用
20260416,sh605336,其它,其它
20260416,sh605388,其它,其它
20260416,sh688227,算力,AI算力
20260416,sh688287,其它,其它
20260416,sh688668,液冷,AI算力
20260416,sz000004,其它,其它
20260416,sz000070,航天,军工航天
20260416,sz000546,储能,新能源电网
20260416,sz000570,其它,其它
20260416,sz000571,煤炭,周期资源
20260416,sz000593,储能,新能源电网
20260416,sz000609,其它,其它
20260416,sz000657,有色,周期资源
20260416,sz000711,其它,其它
20260416,sz000762,储能,新能源电网
20260416,sz000782,化工,周期资源
20260416,sz000815,算力,AI算力
20260416,sz000967,算力,AI算力
20260416,sz001203,储能,新能源电网
20260416,sz001230,机器人,机器人
20260416,sz001268,机器人,机器人
20260416,sz002008,PCB,AI算力
20260416,sz002033,其它,其它
20260416,sz002062,机器人,机器人
20260416,sz002209,机器人,机器人
20260416,sz002213,存储,AI算力
20260416,sz002237,有色,周期资源
20260416,sz002263,储能,新能源电网
20260416,sz002297,航天,军工航天
20260416,sz002333,光伏,新能源电网
20260416,sz002421,液冷,AI算力
20260416,sz002468,其它,其它
20260416,sz002491,光通信,AI算力
20260416,sz002528,其它,其它
20260416,sz002580,储能,新能源电网
20260416,sz002581,其它,其它
20260416,sz002595,电网,新能源电网
20260416,sz002613,光伏,新能源电网
20260416,sz002726,其它,其它
20260416,sz002757,算力,AI算力
20260416,sz002771,AI应用,AI应用
20260416,sz002802,化工,周期资源
20260416,sz002848,其它,其它
20260416,sz002850,储能,新能源电网
20260416,sz002859,元件,AI算力
20260416,sz002875,算力,AI算力
20260416,sz002929,算力,AI算力
20260416,sz002940,其它,其它
20260416,sz002990,算力,AI算力
20260416,sz003041,其它,其它
20260416,sz300027,其它,其它
20260416,sz300736,其它,其它
20260416,sz300798,化工,周期资源
20260416,sz300905,储能,新能源电网
20260416,sz301148,储能,新能源电网
20260416,sz301396,算力,AI算力
20260416,sz301603,液冷,AI算力
20260417,920012.BJ,半导体,AI算力
20260417,920526.BJ,半导体,AI算力
20260417,sh600152,储能,新能源电网
20260417,sh600156,机器人,机器人
20260417,sh600208,芯片,AI算力
20260417,sh600234,其它,其它
20260417,sh600330,光通信,AI算力
20260417,sh600520,机器人,机器人
20260417,sh600552,PCB,AI算力
20260417,sh600641,半导体,AI算力
20260417,sh600683,其它,其它
20260417,sh600696,其它,其它
20260417,sh600703,光通信,AI算力
20260417,sh600707,PCB,AI算力
20260417,sh600727,化工,周期资源
20260417,sh600961,其它,其它
20260417,sh600962,半导体,AI算力
20260417,sh601619,储能,新能源电网
20260417,sh603031,芯片,AI算力
20260417,sh603052,储能,新能源电网
20260417,sh603063,算力,AI算力
20260417,sh603083,光通信,AI算力
20260417,sh603118,光通信,AI算力
20260417,sh603178,机器人,机器人
20260417,sh603203,算力,AI算力
20260417,sh603278,航天,军工航天
20260417,sh603315,算力,AI算力
20260417,sh603557,其它,其它
20260417,sh603629,算力,AI算力
20260417,sh603738,光通信,AI算力
20260417,sh603773,PCB,AI算力
20260417,sh603922,其它,其它
20260417,sh603926,机器人,机器人
20260417,sh605298,其它,其它
20260417,sh605388,其它,其它
20260417,sh688227,算力,AI算力
20260417,sh688560,光伏,新能源电网
20260417,sh688628,光通信,AI算力
20260417,sh688807,光通信,AI算力
20260417,sz000037,电力,新能源电网
20260417,sz000711,其它,其它
20260417,sz000936,芯片,AI算力
20260417,sz001330,传媒,AI应用
20260417,sz001389,PCB,AI算力
20260417,sz001400,液冷,AI算力
20260417,sz002081,其它,其它
20260417,sz002108,储能,新能源电网
20260417,sz002203,PCB,AI算力
20260417,sz002217,算力,AI算力
20260417,sz002259,其它,其它
20260417,sz002281,光通信,AI算力
20260417,sz002297,航天,军工航天
20260417,sz002418,液冷,AI算力
20260417,sz002428,光通信,AI算力
20260417,sz002487,风电,新能源电网
20260417,sz002528,其它,其它
20260417,sz002547,机器人,机器人
20260417,sz002580,储能,新能源电网
20260417,sz002628,其它,其它
20260417,sz002630,其它,其它
20260417,sz002706,储能,新能源电网
20260417,sz002796,光通信,AI算力
20260417,sz002802,化工,周期资源
20260417,sz002866,储能,新能源电网
20260417,sz002940,其它,其它
20260417,sz002957,光通信,AI算力
20260417,sz002975,液冷,AI算力
20260417,sz002980,光通信,AI算力
20260417,sz002990,算力,AI算力
20260417,sz003018,液冷,AI算力
20260417,sz003031,光通信,AI算力
20260417,sz300776,PCB,AI算力
20260417,sz300806,储能,新能源电网
20260417,sz300905,储能,新能源电网
20260417,sz301237,化工,周期资源
20260417,sz301319,光伏,新能源电网
20260420,sh600072,军工,军工航天
20260420,sh600103,光通信,AI算力
20260420,sh600118,航天,军工航天
20260420,sh600149,电力,新能源电网
20260420,sh600156,机器人,机器人
20260420,sh600184,光通信,AI算力
20260420,sh600206,半导体,AI算力
20260420,sh600234,其它,其它
20260420,sh600243,其它,其它
20260420,sh600330,光通信,AI算力
20260420,sh600381,其它,其它
20260420,sh600433,化工,周期资源
20260420,sh600522,光通信,AI算力
20260420,sh600590,电网,新能源电网
20260420,sh600601,PCB,AI算力
20260420,sh600696,其它,其它
20260420,sh600707,PCB,AI算力
20260420,sh600800,化工,周期资源
20260420,sh600872,其它,其它
20260420,sh600961,其它,其它
20260420,sh600979,电力,新能源电网
20260420,sh601698,航天,军工航天
20260420,sh603017,航天,军工航天
20260420,sh603025,其它,其它
20260420,sh603052,光通信,AI算力
20260420,sh603057,其它,其它
20260420,sh603108,AI应用,AI应用
20260420,sh603130,机器人,机器人
20260420,sh603178,低空经济,军工航天
20260420,sh603261,其它,其它
20260420,sh603268,其它,其它
20260420,sh603318,电网,新能源电网
20260420,sh603332,其它,其它
20260420,sh603489,其它,其它
20260420,sh603595,其它,其它
20260420,sh603699,其它,其它
20260420,sh603773,PCB,AI算力
20260420,sh603778,光伏,新能源电网
20260420,sh603789,其它,其它
20260420,sh603813,其它,其它
20260420,sh603843,其它,其它
20260420,sh603912,液冷,AI算力
20260420,sh605162,电力,新能源电网
20260420,sh605168,AI应用,AI应用
20260420,sh605222,电网,新能源电网
20260420,sh605299,其它,其它
20260420,sh688811,航天,军工航天
20260420,sz000404,机器人,机器人
20260420,sz000586,光通信,AI算力
20260420,sz000609,其它,其它
20260420,sz000752,其它,其它
20260420,sz000880,电网,新能源电网
20260420,sz000949,其它,其它
20260420,sz001229,AI应用,AI应用
20260420,sz001270,其它,其它
20260420,sz001366,其它,其它
20260420,sz001400,液冷,AI算力
20260420,sz001896,电力,新能源电网
20260420,sz002081,芯片,AI算力
20260420,sz002149,航天,军工航天
20260420,sz002217,算力,AI算力
20260420,sz002242,AI应用,AI应用
20260420,sz002289,其它,其它
20260420,sz002297,航天,军工航天
20260420,sz002300,电网,新能源电网
20260420,sz002309,光伏,新能源电网
20260420,sz002324,机器人,机器人
20260420,sz002331,AI应用,AI应用
20260420,sz002361,航天,军工航天
20260420,sz002418,液冷,AI算力
20260420,sz002428,光通信,AI算力
20260420,sz002491,光通信,AI算力
20260420,sz002492,其它,其它
20260420,sz002496,其它,其它
20260420,sz002512,其它,其它
20260420,sz002536,算力,AI算力
20260420,sz002560,电网,新能源电网
20260420,sz002620,其它,其它
20260420,sz002647,算力,AI算力
20260420,sz002686,其它,其它
20260420,sz002692,电网,新能源电网
20260420,sz002803,其它,其它
20260420,sz002843,航天,军工航天
20260420,sz002885,机器人,机器人
20260420,sz002935,航天,军工航天
20260420,sz003006,其它,其它
20260420,sz003018,液冷,AI算力
20260420,sz003023,其它,其它
20260420,sz300540,航天,军工航天
20260420,sz301265,有色,周期资源
20260421,sh600032,电力,新能源电网
20260421,sh600103,光通信,AI算力
20260421,sh600107,其它,其它
20260421,sh600243,其它,其它
20260421,sh600261,氢能,新能源电网
20260421,sh600308,化工,周期资源
20260421,sh600381,其它,其它
20260421,sh600396,电力,新能源电网
20260421,sh600421,其它,其它
20260421,sh600520,PCB,AI算力
20260421,sh600599,其它,其它
20260421,sh600636,其它,其它
20260421,sh600678,航天,军工航天
20260421,sh600696,其它,其它
20260421,sh600699,机器人,机器人
20260421,sh600715,传媒,AI应用
20260421,sh600736,航天,军工航天
20260421,sh600961,其它,其它
20260421,sh600979,电力,新能源电网
20260421,sh603016,电网,新能源电网
20260421,sh603017,航天,军工航天
20260421,sh603030,机器人,机器人
20260421,sh603115,其它,其它
20260421,sh603178,机器人,机器人
20260421,sh603335,其它,其它
20260421,sh603738,光通信,AI算力
20260421,sh603788,其它,其它
20260421,sh603813,其它,其它
20260421,sh603815,其它,其它
20260421,sh603843,其它,其它
20260421,sh603898,AI应用,AI应用
20260421,sh605298,其它,其它
20260421,sh605365,芯片,AI算力
20260421,sh688020,PCB,AI算力
20260421,sh688268,芯片,AI算力
20260421,sh688661,其它,其它
20260421,sz000056,储能,新能源电网
20260421,sz000539,电力,新能源电网
20260421,sz000609,其它,其它
20260421,sz000690,电力,新能源电网
20260421,sz000715,其它,其它
20260421,sz000802,传媒,AI应用
20260421,sz000819,化工,周期资源
20260421,sz000980,其它,其它
20260421,sz001268,机器人,机器人
20260421,sz002081,航天,军工航天
20260421,sz002201,航天,军工航天
20260421,sz002289,其它,其它
20260421,sz002338,航天,军工航天
20260421,sz002342,航天,军工航天
20260421,sz002361,航天,军工航天
20260421,sz002565,算力,AI算力
20260421,sz002620,其它,其它
20260421,sz002752,其它,其它
20260421,sz002846,PCB,AI算力
20260421,sz002853,其它,其它
20260421,sz002950,医药,医药
20260421,sz002952,其它,其它
20260421,sz002982,其它,其它
20260421,sz003018,液冷,AI算力
20260421,sz003027,储能,新能源电网
20260421,sz300067,算力,AI算力
20260421,sz300533,其它,其它
20260421,sz301022,其它,其它
20260421,sz301486,元件,AI算力
20260422,920981.BJ,光通信,AI算力
20260422,sh600052,其它,其它
20260422,sh600105,芯片,AI算力
20260422,sh600126,算力,AI算力
20260422,sh600184,光通信,AI算力
20260422,sh600234,其它,其它
20260422,sh600330,光通信,AI算力
20260422,sh600396,电力,新能源电网
20260422,sh600446,金融科技,AI应用
20260422,sh600487,光通信,AI算力
20260422,sh600641,半导体,AI算力
20260422,sh600683,其它,其它
20260422,sh600696,其它,其它
20260422,sh600703,航天,军工航天
20260422,sh600736,航天,军工航天
20260422,sh600815,其它,其它
20260422,sh600869,光通信,AI算力
20260422,sh601061,其它,其它
20260422,sh601512,算力,AI算力
20260422,sh603115,其它,其它
20260422,sh603318,其它,其它
20260422,sh603496,算力,AI算力
20260422,sh603606,其它,其它
20260422,sh603618,光通信,AI算力
20260422,sh603637,其它,其它
20260422,sh603773,PCB,AI算力
20260422,sh603813,其它,其它
20260422,sh603822,其它,其它
20260422,sh603903,其它,其它
20260422,sh603906,储能,新能源电网
20260422,sh605365,半导体,AI算力
20260422,sh605376,元件,AI算力
20260422,sh605588,半导体,AI算力
20260422,sh688048,芯片,AI算力
20260422,sz000062,芯片,AI算力
20260422,sz000669,其它,其它
20260422,sz000711,其它,其它
20260422,sz000751,其它,其它
20260422,sz000811,液冷,AI算力
20260422,sz000990,其它,其它
20260422,sz001234,其它,其它
20260422,sz001270,其它,其它
20260422,sz002005,其它,其它
20260422,sz002081,航天,军工航天
20260422,sz002194,航天,军工航天
20260422,sz002201,航天,军工航天
20260422,sz002256,机器人,机器人
20260422,sz002360,其它,其它
20260422,sz002384,光通信,AI算力
20260422,sz002397,其它,其它
20260422,sz002418,液冷,AI算力
20260422,sz002428,光通信,AI算力
20260422,sz002432,AI应用,AI应用
20260422,sz002443,机器人,机器人
20260422,sz002588,其它,其它
20260422,sz002620,其它,其它
20260422,sz002636,PCB,AI算力
20260422,sz002796,光通信,AI算力
20260422,sz002938,PCB,AI算力
20260422,sz003018,液冷,AI算力
20260422,sz300067,算力,AI算力
20260422,sz300890,储能,新能源电网
20260422,sz301003,机器人,机器人
20260423,sh600052,化工,周期资源
20260423,sh600186,算力,AI算力
20260423,sh600265,其它,其它
20260423,sh600310,电力,新能源电网
20260423,sh600381,其它,其它
20260423,sh600396,电力,新能源电网
20260423,sh600599,其它,其它
20260423,sh600696,其它,其它
20260423,sh600726,电力,新能源电网
20260423,sh600736,航天,军工航天
20260423,sh600770,算力,AI算力
20260423,sh600986,AI应用,AI应用
20260423,sh601016,电力,新能源电网
20260423,sh601101,其它,其它
20260423,sh601512,算力,AI算力
20260423,sh601778,算力,AI算力
20260423,sh603017,航天,军工航天
20260423,sh603060,其它,其它
20260423,sh603198,其它,其它
20260423,sh603220,算力,AI算力
20260423,sh603308,电网,新能源电网
20260423,sh603315,算力,AI算力
20260423,sh603318,电网,新能源电网
20260423,sh603390,其它,其它
20260423,sh603538,其它,其它
20260423,sh603618,其它,其它
20260423,sh603709,其它,其它
20260423,sh603813,其它,其它
20260423,sh603912,算力,AI算力
20260423,sz000488,其它,其它
20260423,sz000537,电力,新能源电网
20260423,sz000593,其它,其它
20260423,sz000609,其它,其它
20260423,sz000715,其它,其它
20260423,sz000890,其它,其它
20260423,sz000925,算力,AI算力
20260423,sz001215,其它,其它
20260423,sz001234,其它,其它
20260423,sz001267,光通信,AI算力
20260423,sz001314,其它,其它
20260423,sz002008,PCB,AI算力
20260423,sz002024,其它,其它
20260423,sz002081,航天,军工航天
20260423,sz002242,其它,其它
20260423,sz002301,其它,其它
20260423,sz002429,AI应用,AI应用
20260423,sz002448,电网,新能源电网
20260423,sz002490,其它,其它
20260423,sz002606,其它,其它
20260423,sz002787,半导体,AI算力
20260423,sz002793,其它,其它
20260423,sz002971,其它,其它
20260423,sz003022,其它,其它
20260423,sz300061,其它,其它
20260423,sz300067,算力,AI算力
20260423,sz300590,其它,其它
20260423,sz300721,半导体,AI算力
20260423,sz300970,其它,其它
20260424,sh600152,储能,新能源电网
20260424,sh600208,芯片,AI算力
20260424,sh600338,储能,新能源电网
20260424,sh600370,化工,周期资源
20260424,sh600499,储能,新能源电网
20260424,sh600527,化工,周期资源
20260424,sh600537,光伏,新能源电网
20260424,sh600545,PCB,AI算力
20260424,sh600633,AI应用,AI应用
20260424,sh600696,其它,其它
20260424,sh600726,电力,新能源电网
20260424,sh600770,芯片,AI算力
20260424,sh600826,其它,其它
20260424,sh603016,电网,新能源电网
20260424,sh603060,航天,军工航天
20260424,sh603066,其它,其它
20260424,sh603272,其它,其它
20260424,sh603318,化工,周期资源
20260424,sh603365,其它,其它
20260424,sh603389,其它,其它
20260424,sh603390,其它,其它
20260424,sh603520,储能,新能源电网
20260424,sh603559,其它,其它
20260424,sh603599,化工,周期资源
20260424,sh603655,其它,其它
20260424,sh603680,航天,军工航天
20260424,sh603789,其它,其它
20260424,sh603819,电网,新能源电网
20260424,sh603876,储能,新能源电网
20260424,sh603937,有色,周期资源
20260424,sh603967,其它,其它
20260424,sh605336,其它,其它
20260424,sh688268,化工,周期资源
20260424,sh688633,其它,其它
20260424,sz000062,芯片,AI算力
20260424,sz000504,其它,其它
20260424,sz000546,储能,新能源电网
20260424,sz000609,其它,其它
20260424,sz000889,算力,AI算力
20260424,sz000906,其它,其它
20260424,sz000925,算力,AI算力
20260424,sz000973,储能,新能源电网
20260424,sz001211,其它,其它
20260424,sz001234,其它,其它
20260424,sz001339,算力,AI算力
20260424,sz002127,其它,其它
20260424,sz002176,机器人,机器人
20260424,sz002192,储能,新能源电网
20260424,sz002240,储能,新能源电网
20260424,sz002290,芯片,AI算力
20260424,sz002313,其它,其它
20260424,sz002331,其它,其它
20260424,sz002406,其它,其它
20260424,sz002407,储能,新能源电网
20260424,sz002528,其它,其它
20260424,sz002620,其它,其它
20260424,sz002756,储能,新能源电网
20260424,sz002787,半导体,AI算力
20260424,sz002795,医药,医药
20260424,sz002810,化工,周期资源
20260424,sz002812,储能,新能源电网
20260424,sz002990,算力,AI算力
20260424,sz002999,化工,周期资源
20260424,sz003036,储能,新能源电网
20260424,sz300283,PCB,AI算力
20260424,sz300422,其它,其它
20260424,sz300613,半导体,AI算力
20260424,sz301077,算力,AI算力
20260427,sh600152,储能,新能源电网
20260427,sh600238,其它,其它
20260427,sh600246,算力,AI算力
20260427,sh600338,储能,新能源电网
20260427,sh600396,电力,新能源电网
20260427,sh600400,机器人,机器人
20260427,sh600418,其它,其它
20260427,sh600433,其它,其它
20260427,sh600637,其它,其它
20260427,sh600693,其它,其它
20260427,sh600696,其它,其它
20260427,sh600707,PCB,AI算力
20260427,sh600726,电力,新能源电网
20260427,sh600735,其它,其它
20260427,sh600815,其它,其它
20260427,sh600830,其它,其它
20260427,sh603095,AI应用,AI应用
20260427,sh603110,算力,AI算力
20260427,sh603125,其它,其它
20260427,sh603211,机器人,机器人
20260427,sh603228,PCB,AI算力
20260427,sh603272,其它,其它
20260427,sh603318,其它,其它
20260427,sh603486,其它,其它
20260427,sh603501,光通信,AI算力
20260427,sh603557,其它,其它
20260427,sh603579,其它,其它
20260427,sh603580,其它,其它
20260427,sh603610,AI应用,AI应用
20260427,sh603626,机器人,机器人
20260427,sh603657,其它,其它
20260427,sh603721,其它,其它
20260427,sh603726,半导体,AI算力
20260427,sh603773,PCB,AI算力
20260427,sh603813,其它,其它
20260427,sh603931,半导体,AI算力
20260427,sh605006,PCB,AI算力
20260427,sh605118,机器人,机器人
20260427,sh605138,其它,其它
20260427,sh605287,AI应用,AI应用
20260427,sh605289,AI应用,AI应用
20260427,sh605336,其它,其它
20260427,sh688001,半导体,AI算力
20260427,sh688184,其它,其它
20260427,sh688221,其它,其它
20260427,sh688381,半导体,AI算力
20260427,sh688530,其它,其它
20260427,sh688677,其它,其它
20260427,sz000056,其它,其它
20260427,sz000062,半导体,AI算力
20260427,sz000565,其它,其它
20260427,sz000593,其它,其它
20260427,sz000609,其它,其它
20260427,sz000820,其它,其它
20260427,sz000838,其它,其它
20260427,sz000925,算力,AI算力
20260427,sz000952,其它,其它
20260427,sz001211,其它,其它
20260427,sz001332,其它,其它
20260427,sz002029,机器人,机器人
20260427,sz002058,其它,其它
20260427,sz002115,其它,其它
20260427,sz002120,其它,其它
20260427,sz002134,PCB,AI算力
20260427,sz002154,其它,其它
20260427,sz002175,其它,其它
20260427,sz002181,AI应用,AI应用
20260427,sz002210,其它,其它
20260427,sz002217,算力,AI算力
20260427,sz002227,其它,其它
20260427,sz002289,其它,其它
20260427,sz002484,其它,其它
20260427,sz002560,其它,其它
20260427,sz002569,其它,其它
20260427,sz002706,储能,新能源电网
20260427,sz002741,PCB,AI算力
20260427,sz002785,储能,新能源电网
20260427,sz002902,光通信,AI算力
20260427,sz002932,其它,其它
20260427,sz003036,储能,新能源电网
20260427,sz300029,其它,其它
20260427,sz300582,其它,其它
20260427,sz301248,算力,AI算力
20260427,sz301500,其它,其它
20260428,920471.BJ,化工,周期资源
20260428,sh600152,储能,新能源电网
20260428,sh600156,机器人,机器人
20260428,sh600227,化工,周期资源
20260428,sh600238,其它,其它
20260428,sh600243,其它,其它
20260428,sh600248,化工,周期资源
20260428,sh600265,其它,其它
20260428,sh600289,其它,其它
20260428,sh600320,其它,其它
20260428,sh600379,化工,周期资源
20260428,sh600381,其它,其它
20260428,sh600488,创新药,医药
20260428,sh600496,其它,其它
20260428,sh600623,其它,其它
20260428,sh600726,电力,新能源电网
20260428,sh600735,其它,其它
20260428,sh600744,电力,新能源电网
20260428,sh600770,芯片,AI算力
20260428,sh601101,其它,其它
20260428,sh601177,其它,其它
20260428,sh601789,其它,其它
20260428,sh601828,其它,其它
20260428,sh603095,其它,其它
20260428,sh603215,芯片,AI算力
20260428,sh603259,医药,医药
20260428,sh603283,半导体,AI算力
20260428,sh603317,其它,其它
20260428,sh603318,化工,周期资源
20260428,sh603336,其它,其它
20260428,sh603338,其它,其它
20260428,sh603399,其它,其它
20260428,sh603557,其它,其它
20260428,sh603629,算力,AI算力
20260428,sh603779,其它,其它
20260428,sh603813,其它,其它
20260428,sh603843,其它,其它
20260428,sh603931,半导体,AI算力
20260428,sh605168,AI应用,AI应用
20260428,sh605287,其它,其它
20260428,sh605289,AI应用,AI应用
20260428,sz000593,其它,其它
20260428,sz000609,其它,其它
20260428,sz000711,其它,其它
20260428,sz000752,其它,其它
20260428,sz000838,其它,其它
20260428,sz000889,算力,AI算力
20260428,sz000908,其它,其它
20260428,sz000967,算力,AI算力
20260428,sz001266,其它,其它
20260428,sz001298,芯片,AI算力
20260428,sz001358,化工,周期资源
20260428,sz002081,航天,军工航天
20260428,sz002175,其它,其它
20260428,sz002210,其它,其它
20260428,sz002218,光伏,新能源电网
20260428,sz002289,其它,其它
20260428,sz002297,航天,军工航天
20260428,sz002313,其它,其它
20260428,sz002412,医药,医药
20260428,sz002569,其它,其它
20260428,sz002575,算力,AI算力
20260428,sz002592,其它,其它
20260428,sz002647,算力,AI算力
20260428,sz002652,半导体,AI算力
20260428,sz002715,有色,周期资源
20260428,sz002733,氢能,新能源电网
20260428,sz002821,医药,医药
20260428,sz002902,光通信,AI算力
20260428,sz002923,医药,医药
20260428,sz002989,算力,AI算力
20260428,sz003026,半导体,AI算力
20260428,sz300187,其它,其它
20260428,sz300540,化工,周期资源
20260428,sz300905,半导体,AI算力
20260428,sz301261,其它,其它
20260429,920125.BJ,其它,其它
20260429,sh600082,其它,其它
20260429,sh600111,有色,周期资源
20260429,sh600135,储能,新能源电网
20260429,sh600156,机器人,机器人
20260429,sh600186,算力,AI算力
20260429,sh600243,其它,其它
20260429,sh600289,其它,其它
20260429,sh600338,储能,新能源电网
20260429,sh600367,PCB,AI算力
20260429,sh600379,其它,其它
20260429,sh600381,其它,其它
20260429,sh600392,有色,周期资源
20260429,sh600397,有色,周期资源
20260429,sh600423,其它,其它
20260429,sh600545,化工,周期资源
20260429,sh600606,其它,其它
20260429,sh600608,其它,其它
20260429,sh600654,算力,AI算力
20260429,sh600708,其它,其它
20260429,sh600714,其它,其它
20260429,sh600730,其它,其它
20260429,sh600735,其它,其它
20260429,sh600881,其它,其它
20260429,sh601233,其它,其它
20260429,sh603013,其它,其它
20260429,sh603017,航天,军工航天
20260429,sh603026,储能,新能源电网
20260429,sh603083,光通信,AI算力
20260429,sh603095,其它,其它
20260429,sh603139,医药,医药
20260429,sh603256,PCB,AI算力
20260429,sh603272,其它,其它
20260429,sh603317,其它,其它
20260429,sh603345,其它,其它
20260429,sh603353,PCB,AI算力
20260429,sh603399,储能,新能源电网
20260429,sh603489,其它,其它
20260429,sh603508,其它,其它
20260429,sh603516,其它,其它
20260429,sh603629,算力,AI算力
20260429,sh603738,光通信,AI算力
20260429,sh603773,PCB,AI算力
20260429,sh603803,光通信,AI算力
20260429,sh603843,其它,其它
20260429,sh603906,储能,新能源电网
20260429,sh603933,其它,其它
20260429,sh603937,储能,新能源电网
20260429,sh605006,PCB,AI算力
20260429,sh605099,其它,其它
20260429,sh605158,其它,其它
20260429,sh605168,AI应用,AI应用
20260429,sh605299,其它,其它
20260429,sh688531,其它,其它
20260429,sz000039,其它,其它
20260429,sz000402,其它,其它
20260429,sz000551,其它,其它
20260429,sz000567,其它,其它
20260429,sz000609,其它,其它
20260429,sz000657,有色,周期资源
20260429,sz000691,其它,其它
20260429,sz000692,其它,其它
20260429,sz000716,其它,其它
20260429,sz000818,算力,AI算力
20260429,sz000820,其它,其它
20260429,sz000831,有色,周期资源
20260429,sz000901,航天,军工航天
20260429,sz000973,储能,新能源电网
20260429,sz000980,其它,其它
20260429,sz001203,储能,新能源电网
20260429,sz001266,其它,其它
20260429,sz001336,其它,其它
20260429,sz001396,机器人,机器人
20260429,sz002079,其它,其它
20260429,sz002081,航天,军工航天
20260429,sz002111,其它,其它
20260429,sz002136,化工,周期资源
20260429,sz002174,其它,其它
20260429,sz002176,机器人,机器人
20260429,sz002192,储能,新能源电网
20260429,sz002199,其它,其它
20260429,sz002210,其它,其它
20260429,sz002227,其它,其它
20260429,sz002289,其它,其它
20260429,sz002348,储能,新能源电网
20260429,sz002354,其它,其它
20260429,sz002378,有色,周期资源
20260429,sz002497,储能,新能源电网
20260429,sz002498,其它,其它
20260429,sz002512,其它,其它
20260429,sz002520,其它,其它
20260429,sz002522,光通信,AI算力
20260429,sz002548,其它,其它
20260429,sz002568,其它,其它
20260429,sz002627,其它,其它
20260429,sz002634,其它,其它
20260429,sz002645,有色,周期资源
20260429,sz002652,半导体,AI算力
20260429,sz002655,其它,其它
20260429,sz002709,储能,新能源电网
20260429,sz002756,储能,新能源电网
20260429,sz002786,其它,其它
20260429,sz002805,储能,新能源电网
20260429,sz002818,其它,其它
20260429,sz002832,其它,其它
20260429,sz002842,其它,其它
20260429,sz002847,其它,其它
20260429,sz002851,其它,其它
20260429,sz002867,其它,其它
20260429,sz002872,其它,其它
20260429,sz002875,算力,AI算力
20260429,sz002903,机器人,机器人
20260429,sz002956,其它,其它
20260429,sz002969,其它,其它
20260429,sz300438,储能,新能源电网
20260429,sz300632,光通信,AI算力
20260429,sz300769,储能,新能源电网
20260429,sz300982,算力,AI算力
20260429,sz301217,PCB,AI算力
20260430,920125.BJ,其它,其它
20260430,sh600052,其它,其它
20260430,sh600158,其它,其它
20260430,sh600208,半导体,AI算力
20260430,sh600246,算力,AI算力
20260430,sh600322,其它,其它
20260430,sh600379,其它,其它
20260430,sh600381,其它,其它
20260430,sh600400,机器人,机器人
20260430,sh600433,其它,其它
20260430,sh600476,其它,其它
20260430,sh600540,其它,其它
20260430,sh600624,其它,其它
20260430,sh600714,其它,其它
20260430,sh600730,其它,其它
20260430,sh601086,其它,其它
20260430,sh601106,航天,军工航天
20260430,sh601588,其它,其它
20260430,sh603030,其它,其它
20260430,sh603045,其它,其它
20260430,sh603095,其它,其它
20260430,sh603119,机器人,机器人
20260430,sh603131,航天,军工航天
20260430,sh603178,机器人,机器人
20260430,sh603190,其它,其它
20260430,sh603272,其它,其它
20260430,sh603360,化工,周期资源
20260430,sh603375,芯片,AI算力
20260430,sh603389,其它,其它
20260430,sh603398,其它,其它
20260430,sh603399,储能,新能源电网
20260430,sh603559,其它,其它
20260430,sh603580,其它,其它
20260430,sh603687,算力,AI算力
20260430,sh603698,其它,其它
20260430,sh603711,其它,其它
20260430,sh603717,储能,新能源电网
20260430,sh603726,半导体,AI算力
20260430,sh603828,其它,其它
20260430,sh603843,其它,其它
20260430,sh603897,电网,新能源电网
20260430,sh603937,储能,新能源电网
20260430,sh605099,其它,其它
20260430,sh605123,航天,军工航天
20260430,sh605222,电网,新能源电网
20260430,sh605299,其它,其它
20260430,sh605376,元件,AI算力
20260430,sh688155,储能,新能源电网
20260430,sh688256,算力,AI算力
20260430,sh688400,机器人,机器人
20260430,sh688521,算力,AI算力
20260430,sh688531,光通信,AI算力
20260430,sh688699,半导体,AI算力
20260430,sz000007,其它,其它
20260430,sz000066,算力,AI算力
20260430,sz000402,其它,其它
20260430,sz000553,其它,其它
20260430,sz000567,其它,其它
20260430,sz000609,其它,其它
20260430,sz000628,半导体,AI算力
20260430,sz000783,其它,其它
20260430,sz000790,其它,其它
20260430,sz000833,其它,其它
20260430,sz000838,其它,其它
20260430,sz000980,其它,其它
20260430,sz001215,其它,其它
20260430,sz001218,其它,其它
20260430,sz001268,机器人,机器人
20260430,sz001270,其它,其它
20260430,sz001316,其它,其它
20260430,sz002081,航天,军工航天
20260430,sz002149,航天,军工航天
20260430,sz002158,半导体,AI算力
20260430,sz002181,其它,其它
20260430,sz002192,储能,新能源电网
20260430,sz002207,其它,其它
20260430,sz002235,其它,其它
20260430,sz002240,储能,新能源电网
20260430,sz002289,其它,其它
20260430,sz002453,其它,其它
20260430,sz002591,算力,AI算力
20260430,sz002634,其它,其它
20260430,sz002640,其它,其它
20260430,sz002645,其它,其它
20260430,sz002685,算力,AI算力
20260430,sz002763,其它,其它
20260430,sz002785,储能,新能源电网
20260430,sz002805,储能,新能源电网
20260430,sz002842,有色,周期资源
20260430,sz002856,其它,其它
20260430,sz002870,机器人,机器人
20260430,sz002929,算力,AI算力
20260430,sz002977,其它,其它
20260430,sz002989,算力,AI算力
20260430,sz002990,算力,AI算力
20260430,sz300083,液冷,AI算力
20260430,sz300632,光通信,AI算力
20260430,sz300885,航天,军工航天
20260506,920181.BJ,半导体,AI算力
20260506,sh600082,其它,其它
20260506,sh600107,其它,其它
20260506,sh600113,其它,其它
20260506,sh600130,航天,军工航天
20260506,sh600301,其它,其它
20260506,sh600379,其它,其它
20260506,sh600381,其它,其它
20260506,sh600396,电力,新能源电网
20260506,sh600527,其它,其它
20260506,sh600589,算力,AI算力
20260506,sh600666,算力,AI算力
20260506,sh600673,算力,AI算力
20260506,sh600719,电力,新能源电网
20260506,sh600730,其它,其它
20260506,sh600753,其它,其它
20260506,sh600770,芯片,AI算力
20260506,sh600790,AI应用,AI应用
20260506,sh600821,电力,新能源电网
20260506,sh600892,其它,其它
20260506,sh601016,电力,新能源电网
20260506,sh601778,算力,AI算力
20260506,sh601991,电力,新能源电网
20260506,sh603001,其它,其它
20260506,sh603045,其它,其它
20260506,sh603063,算力,AI算力
20260506,sh603115,其它,其它
20260506,sh603156,存储,AI算力
20260506,sh603158,算力,AI算力
20260506,sh603162,航运,周期资源
20260506,sh603248,风电,新能源电网
20260506,sh603256,PCB,AI算力
20260506,sh603269,算力,AI算力
20260506,sh603272,其它,其它
20260506,sh603278,航天,军工航天
20260506,sh603316,存储,AI算力
20260506,sh603353,PCB,AI算力
20260506,sh603389,其它,其它
20260506,sh603398,其它,其它
20260506,sh603399,储能,新能源电网
20260506,sh603418,其它,其它
20260506,sh603557,其它,其它
20260506,sh603559,其它,其它
20260506,sh603580,其它,其它
20260506,sh603618,PCB,AI算力
20260506,sh603629,算力,AI算力
20260506,sh603777,其它,其它
20260506,sh603789,其它,其它
20260506,sh603828,其它,其它
20260506,sh603843,其它,其它
20260506,sh603936,PCB,AI算力
20260506,sh603937,储能,新能源电网
20260506,sh603978,储能,新能源电网
20260506,sh603985,算力,AI算力
20260506,sh603986,存储,AI算力
20260506,sh605060,电网,新能源电网
20260506,sh605303,芯片,AI算力
20260506,sh688069,其它,其它
20260506,sh688258,其它,其它
20260506,sh688323,航天,军工航天
20260506,sh688584,半导体,AI算力
20260506,sh688800,航天,军工航天
20260506,sh688813,PCB,AI算力
20260506,sz000060,其它,其它
20260506,sz000066,芯片,AI算力
20260506,sz000338,电网,新能源电网
20260506,sz000402,其它,其它
20260506,sz000553,其它,其它
20260506,sz000609,其它,其它
20260506,sz000620,存储,AI算力
20260506,sz000668,其它,其它
20260506,sz000711,其它,其它
20260506,sz000783,其它,其它
20260506,sz000802,传媒,AI应用
20260506,sz000815,算力,AI算力
20260506,sz000818,算力,AI算力
20260506,sz000863,其它,其它
20260506,sz000889,算力,AI算力
20260506,sz001287,存储,AI算力
20260506,sz001309,存储,AI算力
20260506,sz001316,航天,军工航天
20260506,sz001389,PCB,AI算力
20260506,sz002015,电力,新能源电网
20260506,sz002044,AI应用,AI应用
20260506,sz002052,算力,AI算力
20260506,sz002080,PCB,AI算力
20260506,sz002081,航天,军工航天
20260506,sz002149,航天,军工航天
20260506,sz002156,芯片,AI算力
20260506,sz002158,半导体,AI算力
20260506,sz002181,AI应用,AI应用
20260506,sz002199,其它,其它
20260506,sz002203,PCB,AI算力
20260506,sz002207,其它,其它
20260506,sz002210,其它,其它
20260506,sz002217,算力,AI算力
20260506,sz002229,算力,AI算力
20260506,sz002245,储能,新能源电网
20260506,sz002272,液冷,AI算力
20260506,sz002283,电网,新能源电网
20260506,sz002289,其它,其它
20260506,sz002290,芯片,AI算力
20260506,sz002355,其它,其它
20260506,sz002364,算力,AI算力
20260506,sz002418,液冷,AI算力
20260506,sz002428,光通信,AI算力
20260506,sz002453,其它,其它
20260506,sz002634,其它,其它
20260506,sz002640,其它,其它
20260506,sz002787,储能,新能源电网
20260506,sz002792,光通信,AI算力
20260506,sz002805,储能,新能源电网
20260506,sz002856,其它,其它
20260506,sz002871,液冷,AI算力
20260506,sz002903,机器人,机器人
20260506,sz002989,半导体,AI算力
20260506,sz003004,其它,其它
20260506,sz003007,算力,AI算力
20260506,sz003041,其它,其它
20260506,sz300042,存储,AI算力
20260506,sz300166,算力,AI算力
20260506,sz300368,金融科技,AI应用
20260506,sz300652,机器人,机器人
20260506,sz301308,存储,AI算力
20260506,sz301511,PCB,AI算力
20260507,920152.BJ,光伏,新能源电网
20260507,sh600082,其它,其它
20260507,sh600107,其它,其它
20260507,sh600130,芯片,AI算力
20260507,sh600207,光伏,新能源电网
20260507,sh600243,其它,其它
20260507,sh600265,其它,其它
20260507,sh600284,算力,AI算力
20260507,sh600381,其它,其它
20260507,sh600396,电力,新能源电网
20260507,sh600476,其它,其它
20260507,sh600522,光通信,AI算力
20260507,sh600537,其它,其它
20260507,sh600539,其它,其它
20260507,sh600610,化工,周期资源
20260507,sh600673,算力,AI算力
20260507,sh600707,PCB,AI算力
20260507,sh600719,电力,新能源电网
20260507,sh600726,电力,新能源电网
20260507,sh600730,其它,其它
20260507,sh600736,航天,军工航天
20260507,sh600815,其它,其它
20260507,sh600936,其它,其它
20260507,sh601208,PCB,AI算力
20260507,sh601868,电力,新能源电网
20260507,sh601991,电力,新能源电网
20260507,sh601996,其它,其它
20260507,sh603002,PCB,AI算力
20260507,sh603045,其它,其它
20260507,sh603067,储能,新能源电网
20260507,sh603095,其它,其它
20260507,sh603158,算力,AI算力
20260507,sh603179,机器人,机器人
20260507,sh603226,其它,其它
20260507,sh603256,PCB,AI算力
20260507,sh603278,航天,军工航天
20260507,sh603306,半导体,AI算力
20260507,sh603315,算力,AI算力
20260507,sh603316,存储,AI算力
20260507,sh603398,其它,其它
20260507,sh603459,PCB,AI算力
20260507,sh603557,其它,其它
20260507,sh603580,其它,其它
20260507,sh603598,AI应用,AI应用
20260507,sh603618,PCB,AI算力
20260507,sh603636,算力,AI算力
20260507,sh603688,PCB,AI算力
20260507,sh603738,光通信,AI算力
20260507,sh603803,光通信,AI算力
20260507,sh603828,其它,其它
20260507,sh603895,机器人,机器人
20260507,sh603931,半导体,AI算力
20260507,sh603938,光通信,AI算力
20260507,sh603950,机器人,机器人
20260507,sh603997,其它,其它
20260507,sh605006,PCB,AI算力
20260507,sh605158,其它,其它
20260507,sh605168,AI应用,AI应用
20260507,sh605218,消费电子,AI算力
20260507,sh605258,PCB,AI算力
20260507,sh605598,航天,军工航天
20260507,sh688069,其它,其它
20260507,sh688167,光通信,AI算力
20260507,sz000066,芯片,AI算力
20260507,sz000070,光通信,AI算力
20260507,sz000509,航天,军工航天
20260507,sz000609,其它,其它
20260507,sz000668,其它,其它
20260507,sz000697,其它,其它
20260507,sz000700,机器人,机器人
20260507,sz000711,其它,其它
20260507,sz000720,光通信,AI算力
20260507,sz000818,算力,AI算力
20260507,sz000823,PCB,AI算力
20260507,sz000826,其它,其它
20260507,sz000889,算力,AI算力
20260507,sz000929,其它,其它
20260507,sz000967,算力,AI算力
20260507,sz001270,其它,其它
20260507,sz002008,PCB,AI算力
20260507,sz002031,机器人,机器人
20260507,sz002047,其它,其它
20260507,sz002051,其它,其它
20260507,sz002058,其它,其它
20260507,sz002081,航天,军工航天
20260507,sz002183,存储,AI算力
20260507,sz002194,航天,军工航天
20260507,sz002207,其它,其它
20260507,sz002217,算力,AI算力
20260507,sz002253,其它,其它
20260507,sz002289,其它,其它
20260507,sz002298,机器人,机器人
20260507,sz002317,创新药,医药
20260507,sz002335,算力,AI算力
20260507,sz002342,航天,军工航天
20260507,sz002350,半导体,AI算力
20260507,sz002384,光通信,AI算力
20260507,sz002436,PCB,AI算力
20260507,sz002491,光通信,AI算力
20260507,sz002496,其它,其它
20260507,sz002552,PCB,AI算力
20260507,sz002591,算力,AI算力
20260507,sz002620,其它,其它
20260507,sz002647,算力,AI算力
20260507,sz002655,其它,其它
20260507,sz002664,机器人,机器人
20260507,sz002698,机器人,机器人
20260507,sz002729,电力,新能源电网
20260507,sz002757,算力,AI算力
20260507,sz002816,其它,其它
20260507,sz002824,消费电子,AI算力
20260507,sz002885,机器人,机器人
20260507,sz002903,机器人,机器人
20260507,sz002915,储能,新能源电网
20260507,sz002929,算力,AI算力
20260507,sz002930,其它,其它
20260507,sz002951,光通信,AI算力
20260507,sz002980,光通信,AI算力
20260507,sz002990,算力,AI算力
20260507,sz003004,其它,其它
20260507,sz003041,其它,其它
20260507,sz300052,算力,AI算力
20260507,sz300807,其它,其它
20260507,sz300819,机器人,机器人
20260507,sz300868,其它,其它
20260507,sz301000,PEEK,机器人
20260507,sz301171,AI应用,AI应用
20260508,920270.BJ,机器人,机器人
20260508,sh600076,半导体,AI算力
20260508,sh600078,化工,周期资源
20260508,sh600130,芯片,AI算力
20260508,sh600222,医药,医药
20260508,sh600228,其它,其它
20260508,sh600234,算力,AI算力
20260508,sh600337,其它,其它
20260508,sh600343,航天,军工航天
20260508,sh600345,光通信,AI算力
20260508,sh600381,其它,其它
20260508,sh600391,其它,其它
20260508,sh600476,其它,其它
20260508,sh600480,机器人,机器人
20260508,sh600498,航天,军工航天
20260508,sh600530,其它,其它
20260508,sh600536,AI应用,AI应用
20260508,sh600545,PCB,AI算力
20260508,sh600589,算力,AI算力
20260508,sh600683,其它,其它
20260508,sh600724,其它,其它
20260508,sh600730,其它,其它
20260508,sh600734,其它,其它
20260508,sh600748,其它,其它
20260508,sh600783,航天,军工航天
20260508,sh600855,航天,军工航天
20260508,sh600892,其它,其它
20260508,sh600936,其它,其它
20260508,sh600984,其它,其它
20260508,sh600992,航天,军工航天
20260508,sh601991,其它,其它
20260508,sh603012,AI应用,AI应用
20260508,sh603028,机器人,机器人
20260508,sh603045,其它,其它
20260508,sh603189,其它,其它
20260508,sh603278,航天,军工航天
20260508,sh603311,其它,其它
20260508,sh603373,无人机,军工航天
20260508,sh603400,机器人,机器人
20260508,sh603459,PCB,AI算力
20260508,sh603580,其它,其它
20260508,sh603618,PCB,AI算力
20260508,sh603636,算力,AI算力
20260508,sh603667,机器人,机器人
20260508,sh603738,光通信,AI算力
20260508,sh603758,机器人,机器人
20260508,sh603828,其它,其它
20260508,sh603843,其它,其它
20260508,sh603869,其它,其它
20260508,sh603878,黑色,周期资源
20260508,sh603937,储能,新能源电网
20260508,sh603959,其它,其它
20260508,sh605006,PCB,AI算力
20260508,sh605055,机器人,机器人
20260508,sh605086,储能,新能源电网
20260508,sh605169,油气,周期资源
20260508,sh605189,机器人,机器人
20260508,sh605289,AI应用,AI应用
20260508,sh605358,半导体,AI算力
20260508,sh605566,机器人,机器人
20260508,sh688260,元件,AI算力
20260508,sh688818,航天,军工航天
20260508,sz000016,其它,其它
20260508,sz000036,储能,新能源电网
20260508,sz000547,航天,军工航天
20260508,sz000582,其它,其它
20260508,sz000659,其它,其它
20260508,sz000668,其它,其它
20260508,sz000678,机器人,机器人
20260508,sz000710,AI应用,AI应用
20260508,sz000720,光通信,AI算力
20260508,sz000782,化工,周期资源
20260508,sz000826,其它,其它
20260508,sz000839,AI应用,AI应用
20260508,sz000863,其它,其它
20260508,sz000909,其它,其它
20260508,sz000911,其它,其它
20260508,sz001267,光通信,AI算力
20260508,sz001333,PCB,AI算力
20260508,sz002009,储能,新能源电网
20260508,sz002030,AI应用,AI应用
20260508,sz002031,机器人,机器人
20260508,sz002091,储能,新能源电网
20260508,sz002132,化工,周期资源
20260508,sz002199,其它,其它
20260508,sz002207,其它,其它
20260508,sz002211,其它,其它
20260508,sz002222,光通信,AI算力
20260508,sz002256,机器人,机器人
20260508,sz002259,油气,周期资源
20260508,sz002281,光通信,AI算力
20260508,sz002289,其它,其它
20260508,sz002317,创新药,医药
20260508,sz002397,其它,其它
20260508,sz002474,AI应用,AI应用
20260508,sz002491,光通信,AI算力
20260508,sz002520,机器人,机器人
20260508,sz002536,机器人,机器人
20260508,sz002552,PCB,AI算力
20260508,sz002569,其它,其它
20260508,sz002580,液冷,AI算力
20260508,sz002624,传媒,AI应用
20260508,sz002629,其它,其它
20260508,sz002642,算力,AI算力
20260508,sz002655,其它,其它
20260508,sz002691,其它,其它
20260508,sz002693,其它,其它
20260508,sz002798,AI应用,AI应用
20260508,sz002865,光伏,新能源电网
20260508,sz002866,储能,新能源电网
20260508,sz002902,光通信,AI算力
20260508,sz002918,其它,其它
20260508,sz002929,算力,AI算力
20260508,sz002930,其它,其它
20260508,sz002965,机器人,机器人
20260508,sz002979,机器人,机器人
20260508,sz002997,机器人,机器人
20260508,sz003004,其它,其它
20260508,sz003032,其它,其它
20260508,sz003036,储能,新能源电网
20260508,sz300258,机器人,机器人
20260508,sz300283,PCB,AI算力
20260508,sz300488,机器人,机器人
20260508,sz301028,机器人,机器人
20260508,sz301183,光通信,AI算力
20260511,920125.BJ,半导体,AI算力
20260511,920699.BJ,算力,AI算力
20260511,sh600053,其它,其它
20260511,sh600076,半导体,AI算力
20260511,sh600078,芯片,AI算力
20260511,sh600172,芯片,AI算力
20260511,sh600184,光通信,AI算力
20260511,sh600198,航天,军工航天
20260511,sh600234,算力,AI算力
20260511,sh600236,电力,新能源电网
20260511,sh600259,有色,周期资源
20260511,sh600330,航天,军工航天
20260511,sh600337,其它,其它
20260511,sh600360,其它,其它
20260511,sh600379,化工,周期资源
20260511,sh600381,其它,其它
20260511,sh600396,电力,新能源电网
20260511,sh600488,创新药,医药
20260511,sh600525,其它,其它
20260511,sh600530,其它,其它
20260511,sh600537,其它,其它
20260511,sh600545,PCB,AI算力
20260511,sh600584,半导体,AI算力
20260511,sh600601,PCB,AI算力
20260511,sh600683,其它,其它
20260511,sh600730,其它,其它
20260511,sh600734,其它,其它
20260511,sh600748,其它,其它
20260511,sh600769,其它,其它
20260511,sh600854,其它,其它
20260511,sh600869,光通信,AI算力
20260511,sh601609,有色,周期资源
20260511,sh601858,AI应用,AI应用
20260511,sh601991,电力,新能源电网
20260511,sh603045,机器人,机器人
20260511,sh603150,有色,周期资源
20260511,sh603189,其它,其它
20260511,sh603269,算力,AI算力
20260511,sh603272,其它,其它
20260511,sh603275,机器人,机器人
20260511,sh603303,其它,其它
20260511,sh603398,其它,其它
20260511,sh603459,PCB,AI算力
20260511,sh603499,存储,AI算力
20260511,sh603557,其它,其它
20260511,sh603559,其它,其它
20260511,sh603580,其它,其它
20260511,sh603718,其它,其它
20260511,sh603738,光通信,AI算力
20260511,sh603757,算力,AI算力
20260511,sh603773,光通信,AI算力
20260511,sh603828,其它,其它
20260511,sh603936,PCB,AI算力
20260511,sh603959,其它,其它
20260511,sh605006,PCB,AI算力
20260511,sh605090,航天,军工航天
20260511,sh605186,机器人,机器人
20260511,sh605189,机器人,机器人
20260511,sh605255,算力,AI算力
20260511,sh688146,化工,周期资源
20260511,sh688189,医药,医药
20260511,sh688328,半导体,AI算力
20260511,sh688350,储能,新能源电网
20260511,sh688545,芯片,AI算力
20260511,sh688551,半导体,AI算力
20260511,sh688603,PCB,AI算力
20260511,sh688618,光通信,AI算力
20260511,sh688766,存储,AI算力
20260511,sz000010,其它,其它
20260511,sz000029,其它,其它
20260511,sz000062,消费电子,AI算力
20260511,sz000425,其它,其它
20260511,sz000632,其它,其它
20260511,sz000636,元件,AI算力
20260511,sz000668,其它,其它
20260511,sz000672,半导体,AI算力
20260511,sz000711,其它,其它
20260511,sz000712,算力,AI算力
20260511,sz000739,创新药,医药
20260511,sz000791,电力,新能源电网
20260511,sz000811,液冷,AI算力
20260511,sz000838,其它,其它
20260511,sz000922,核电,新能源电网
20260511,sz001207,机器人,机器人
20260511,sz001211,其它,其它
20260511,sz001221,其它,其它
20260511,sz001259,其它,其它
20260511,sz001331,机器人,机器人
20260511,sz001389,PCB,AI算力
20260511,sz002008,PCB,AI算力
20260511,sz002030,AI应用,AI应用
20260511,sz002066,其它,其它
20260511,sz002102,其它,其它
20260511,sz002108,储能,新能源电网
20260511,sz002124,其它,其它
20260511,sz002168,其它,其它
20260511,sz002179,航天,军工航天
20260511,sz002199,其它,其它
20260511,sz002207,其它,其它
20260511,sz002281,光通信,AI算力
20260511,sz002289,其它,其它
20260511,sz002334,机器人,机器人
20260511,sz002396,光通信,AI算力
20260511,sz002491,光通信,AI算力
20260511,sz002501,其它,其它
20260511,sz002512,其它,其它
20260511,sz002514,其它,其它
20260511,sz002529,其它,其它
20260511,sz002547,其它,其它
20260511,sz002552,PCB,AI算力
20260511,sz002569,其它,其它
20260511,sz002585,储能,新能源电网
20260511,sz002623,光伏,新能源电网
20260511,sz002640,其它,其它
20260511,sz002650,其它,其它
20260511,sz002691,其它,其它
20260511,sz002693,其它,其它
20260511,sz002718,其它,其它
20260511,sz002789,其它,其它
20260511,sz002848,其它,其它
20260511,sz002856,其它,其它
20260511,sz002865,光伏,新能源电网
20260511,sz002918,新材料,周期资源
20260511,sz002943,半导体,AI算力
20260511,sz002971,芯片,AI算力
20260511,sz002975,液冷,AI算力
20260511,sz002977,其它,其它
20260511,sz003004,其它,其它
20260511,sz003031,新材料,周期资源
20260511,sz300302,存储,AI算力
20260511,sz300449,芯片,AI算力
20260511,sz300604,半导体,AI算力
20260511,sz300616,其它,其它
20260511,sz300736,其它,其它
20260511,sz301188,PCB,AI算力
20260512,sh600076,半导体,AI算力
20260512,sh600082,其它,其它
20260512,sh600084,其它,其它
20260512,sh600172,芯片,AI算力
20260512,sh600187,其它,其它
20260512,sh600302,其它,其它
20260512,sh600337,其它,其它
20260512,sh600381,其它,其它
20260512,sh600396,电力,新能源电网
20260512,sh600488,创新药,医药
20260512,sh600530,其它,其它
20260512,sh600537,其它,其它
20260512,sh600667,存储,AI算力
20260512,sh600683,其它,其它
20260512,sh600719,电力,新能源电网
20260512,sh600730,其它,其它
20260512,sh600734,其它,其它
20260512,sh600735,其它,其它
20260512,sh600869,光通信,AI算力
20260512,sh601991,电力,新能源电网
20260512,sh603007,其它,其它
20260512,sh603021,其它,其它
20260512,sh603037,机器人,机器人
20260512,sh603052,其它,其它
20260512,sh603061,半导体,AI算力
20260512,sh603070,电网,新能源电网
20260512,sh603186,PCB,AI算力
20260512,sh603189,其它,其它
20260512,sh603203,液冷,AI算力
20260512,sh603211,机器人,机器人
20260512,sh603269,液冷,AI算力
20260512,sh603272,其它,其它
20260512,sh603320,其它,其它
20260512,sh603331,机器人,机器人
20260512,sh603378,其它,其它
20260512,sh603398,其它,其它
20260512,sh603557,其它,其它
20260512,sh603559,其它,其它
20260512,sh603580,其它,其它
20260512,sh603682,AI应用,AI应用
20260512,sh603688,PCB,AI算力
20260512,sh603895,机器人,机器人
20260512,sh603959,其它,其它
20260512,sh605198,其它,其它
20260512,sz000006,其它,其它
20260512,sz000010,其它,其它
20260512,sz000029,其它,其它
20260512,sz000591,电力,新能源电网
20260512,sz000601,电力,新能源电网
20260512,sz000632,其它,其它
20260512,sz000672,半导体,AI算力
20260512,sz000711,其它,其它
20260512,sz000767,电力,新能源电网
20260512,sz000826,其它,其它
20260512,sz000908,其它,其它
20260512,sz000909,其它,其它
20260512,sz000925,算力,AI算力
20260512,sz000950,创新药,医药
20260512,sz001211,其它,其它
20260512,sz001259,其它,其它
20260512,sz001359,PCB,AI算力
20260512,sz002081,航天,军工航天
20260512,sz002102,其它,其它
20260512,sz002175,其它,其它
20260512,sz002190,其它,其它
20260512,sz002199,其它,其它
20260512,sz002207,其它,其它
20260512,sz002208,存储,AI算力
20260512,sz002254,储能,新能源电网
20260512,sz002289,其它,其它
20260512,sz002300,电网,新能源电网
20260512,sz002346,电网,新能源电网
20260512,sz002428,光通信,AI算力
20260512,sz002431,其它,其它
20260512,sz002491,光通信,AI算力
20260512,sz002498,电网,新能源电网
20260512,sz002501,其它,其它
20260512,sz002514,其它,其它
20260512,sz002522,光通信,AI算力
20260512,sz002528,其它,其它
20260512,sz002552,PCB,AI算力
20260512,sz002560,电网,新能源电网
20260512,sz002606,电网,新能源电网
20260512,sz002693,其它,其它
20260512,sz002787,储能,新能源电网
20260512,sz002789,其它,其它
20260512,sz002856,其它,其它
20260512,sz002918,新材料,周期资源
20260512,sz300004,液冷,AI算力
20260512,sz300265,航天,军工航天
20260512,sz300449,算力,AI算力
20260512,sz300959,其它,其它
20260512,sz301196,光通信,AI算力
20260512,sz301197,其它,其它
20260513,920469.BJ,机器人,机器人
20260513,sh600082,其它,其它
20260513,sh600156,机器人,机器人
20260513,sh600172,芯片,AI算力
20260513,sh600183,PCB,AI算力
20260513,sh600337,其它,其它
20260513,sh600379,电网,新能源电网
20260513,sh600381,其它,其它
20260513,sh600396,电力,新能源电网
20260513,sh600475,电力,新能源电网
20260513,sh600482,电网,新能源电网
20260513,sh600500,储能,新能源电网
20260513,sh600530,其它,其它
20260513,sh600578,电力,新能源电网
20260513,sh600666,算力,AI算力
20260513,sh600707,PCB,AI算力
20260513,sh600726,电力,新能源电网
20260513,sh600737,其它,其它
20260513,sh600758,煤炭,周期资源
20260513,sh600857,其它,其它
20260513,sh600903,油气,周期资源
20260513,sh600965,其它,其它
20260513,sh600982,电力,新能源电网
20260513,sh601016,电力,新能源电网
20260513,sh601126,算力,AI算力
20260513,sh601138,光通信,AI算力
20260513,sh601991,电力,新能源电网
20260513,sh603007,机器人,机器人
20260513,sh603023,其它,其它
20260513,sh603052,其它,其它
20260513,sh603063,算力,AI算力
20260513,sh603069,其它,其它
20260513,sh603070,算力,AI算力
20260513,sh603093,其它,其它
20260513,sh603110,PCB,AI算力
20260513,sh603120,储能,新能源电网
20260513,sh603126,电力,新能源电网
20260513,sh603156,存储,AI算力
20260513,sh603203,液冷,AI算力
20260513,sh603216,芯片,AI算力
20260513,sh603261,其它,其它
20260513,sh603272,其它,其它
20260513,sh603285,储能,新能源电网
20260513,sh603290,半导体,AI算力
20260513,sh603378,其它,其它
20260513,sh603535,其它,其它
20260513,sh603559,其它,其它
20260513,sh603595,其它,其它
20260513,sh603629,算力,AI算力
20260513,sh603679,算力,AI算力
20260513,sh603779,其它,其它
20260513,sh603790,机器人,机器人
20260513,sh603838,其它,其它
20260513,sh603887,算力,AI算力
20260513,sh603890,液冷,AI算力
20260513,sh603922,其它,其它
20260513,sh603936,PCB,AI算力
20260513,sh603938,光通信,AI算力
20260513,sh605158,其它,其它
20260513,sh605168,AI应用,AI应用
20260513,sh605286,电力,新能源电网
20260513,sh605589,PCB,AI算力
20260513,sh688003,半导体,AI算力
20260513,sh688146,芯片,AI算力
20260513,sh688187,半导体,AI算力
20260513,sh688323,航天,军工航天
20260513,sh688625,其它,其它
20260513,sz000533,算力,AI算力
20260513,sz000601,电力,新能源电网
20260513,sz000632,其它,其它
20260513,sz000639,其它,其它
20260513,sz000691,其它,其它
20260513,sz000711,其它,其它
20260513,sz000720,光通信,AI算力
20260513,sz000767,电力,新能源电网
20260513,sz000793,其它,其它
20260513,sz000811,液冷,AI算力
20260513,sz000880,电网,新能源电网
20260513,sz000889,算力,AI算力
20260513,sz000925,算力,AI算力
20260513,sz000929,其它,其它
20260513,sz000936,芯片,AI算力
20260513,sz000993,电力,新能源电网
20260513,sz001210,液冷,AI算力
20260513,sz001223,储能,新能源电网
20260513,sz001259,其它,其它
20260513,sz001309,存储,AI算力
20260513,sz001313,机器人,机器人
20260513,sz002008,PCB,AI算力
20260513,sz002015,电力,新能源电网
20260513,sz002034,储能,新能源电网
20260513,sz002114,有色,周期资源
20260513,sz002175,其它,其它
20260513,sz002183,存储,AI算力
20260513,sz002193,其它,其它
20260513,sz002199,其它,其它
20260513,sz002207,其它,其它
20260513,sz002208,存储,AI算力
20260513,sz002211,其它,其它
20260513,sz002283,电网,新能源电网
20260513,sz002290,算力,AI算力
20260513,sz002310,电力,新能源电网
20260513,sz002323,其它,其它
20260513,sz002364,算力,AI算力
20260513,sz002375,芯片,AI算力
20260513,sz002409,半导体,AI算力
20260513,sz002454,其它,其它
20260513,sz002498,电网,新能源电网
20260513,sz002501,其它,其它
20260513,sz002512,其它,其它
20260513,sz002514,其它,其它
20260513,sz002518,算力,AI算力
20260513,sz002528,其它,其它
20260513,sz002529,其它,其它
20260513,sz002547,其它,其它
20260513,sz002560,机器人,机器人
20260513,sz002569,其它,其它
20260513,sz002620,其它,其它
20260513,sz002628,有色,周期资源
20260513,sz002629,油气,周期资源
20260513,sz002654,存储,AI算力
20260513,sz002658,芯片,AI算力
20260513,sz002691,其它,其它
20260513,sz002703,智能驾驶,AI应用
20260513,sz002713,其它,其它
20260513,sz002760,电网,新能源电网
20260513,sz002777,其它,其它
20260513,sz002782,算力,AI算力
20260513,sz002805,储能,新能源电网
20260513,sz002825,储能,新能源电网
20260513,sz002842,有色,周期资源
20260513,sz002843,航天,军工航天
20260513,sz002851,算力,AI算力
20260513,sz002856,其它,其它
20260513,sz002868,其它,其它
20260513,sz002885,算力,AI算力
20260513,sz002918,芯片,AI算力
20260513,sz002922,算力,AI算力
20260513,sz002929,算力,AI算力
20260513,sz002938,PCB,AI算力
20260513,sz002940,创新药,医药
20260513,sz002993,算力,AI算力
20260513,sz003001,其它,其它
20260513,sz003007,算力,AI算力
20260513,sz300210,算力,AI算力
20260513,sz300959,其它,其它
20260513,sz300965,航天,军工航天
20260514,920580.BJ,其它,其它
20260514,sh600156,机器人,机器人
20260514,sh600238,其它,其它
20260514,sh600289,其它,其它
20260514,sh600302,其它,其它
20260514,sh600381,其它,其它
20260514,sh600449,算力,AI算力
20260514,sh600481,光伏,新能源电网
20260514,sh600509,其它,其它
20260514,sh600578,电力,新能源电网
20260514,sh600730,其它,其它
20260514,sh600818,其它,其它
20260514,sh600819,光伏,新能源电网
20260514,sh600857,其它,其它
20260514,sh600903,油气,周期资源
20260514,sh603007,机器人,机器人
20260514,sh603016,电网,新能源电网
20260514,sh603052,芯片,AI算力
20260514,sh603082,机器人,机器人
20260514,sh603093,其它,其它
20260514,sh603118,光通信,AI算力
20260514,sh603272,其它,其它
20260514,sh603344,机器人,机器人
20260514,sh603377,其它,其它
20260514,sh603378,其它,其它
20260514,sh603595,其它,其它
20260514,sh603610,AI应用,AI应用
20260514,sh603717,储能,新能源电网
20260514,sh603779,其它,其它
20260514,sh603813,其它,其它
20260514,sh603828,其它,其它
20260514,sh603903,其它,其它
20260514,sh605086,光伏,新能源电网
20260514,sh605296,其它,其它
20260514,sh605366,光伏,新能源电网
20260514,sh605399,化工,周期资源
20260514,sh688146,化工,周期资源
20260514,sh688281,其它,其它
20260514,sh688478,其它,其它
20260514,sz000159,光伏,新能源电网
20260514,sz000609,其它,其它
20260514,sz000632,其它,其它
20260514,sz000669,其它,其它
20260514,sz001210,液冷,AI算力
20260514,sz001223,机器人,机器人
20260514,sz001259,其它,其它
20260514,sz001267,光通信,AI算力
20260514,sz002124,其它,其它
20260514,sz002165,半导体,AI算力
20260514,sz002199,其它,其它
20260514,sz002207,其它,其它
20260514,sz002208,存储,AI算力
20260514,sz002254,光通信,AI算力
20260514,sz002277,半导体,AI算力
20260514,sz002289,其它,其它
20260514,sz002309,光伏,新能源电网
20260514,sz002501,其它,其它
20260514,sz002506,光伏,新能源电网
20260514,sz002514,其它,其它
20260514,sz002617,其它,其它
20260514,sz002620,其它,其它
20260514,sz002650,其它,其它
20260514,sz002713,其它,其它
20260514,sz002723,液冷,AI算力
20260514,sz002782,机器人,机器人
20260514,sz002789,其它,其它
20260514,sz002809,化工,周期资源
20260514,sz002840,其它,其它
20260514,sz002856,其它,其它
20260514,sz002918,新材料,周期资源
20260514,sz002940,创新药,医药
20260514,sz002971,化工,周期资源
20260514,sz002973,机器人,机器人
20260514,sz002976,储能,新能源电网
20260514,sz002980,光通信,AI算力
20260514,sz002990,算力,AI算力
20260514,sz003018,液冷,AI算力
20260514,sz003022,光伏,新能源电网
20260514,sz003031,光通信,AI算力
20260514,sz300715,半导体,AI算力
20260515,sh600081,智能驾驶,AI应用
20260515,sh600088,传媒,AI应用
20260515,sh600289,其它,其它
20260515,sh600381,其它,其它
20260515,sh600386,传媒,AI应用
20260515,sh600510,其它,其它
20260515,sh600568,其它,其它
20260515,sh600578,电力,新能源电网
20260515,sh600784,机器人,机器人
20260515,sh601133,芯片,AI算力
20260515,sh601678,化工,周期资源
20260515,sh601991,电力,新能源电网
20260515,sh601996,其它,其它
20260515,sh603008,其它,其它
20260515,sh603040,机器人,机器人
20260515,sh603078,化工,周期资源
20260515,sh603082,机器人,机器人
20260515,sh603248,风电,新能源电网
20260515,sh603278,航天,军工航天
20260515,sh603310,化工,周期资源
20260515,sh603333,化工,周期资源
20260515,sh603363,其它,其它
20260515,sh603370,机器人,机器人
20260515,sh603378,其它,其它
20260515,sh603386,PCB,AI算力
20260515,sh603389,其它,其它
20260515,sh603390,智能驾驶,AI应用
20260515,sh603505,化工,周期资源
20260515,sh603520,储能,新能源电网
20260515,sh603559,其它,其它
20260515,sh603598,传媒,AI应用
20260515,sh603677,机器人,机器人
20260515,sh603697,其它,其它
20260515,sh603767,机器人,机器人
20260515,sh603779,其它,其它
20260515,sh605099,其它,其它
20260515,sh688549,化工,周期资源
20260515,sh688697,机器人,机器人
20260515,sz000518,其它,其它
20260515,sz000595,其它,其它
20260515,sz000608,其它,其它
20260515,sz000668,其它,其它
20260515,sz000669,其它,其它
20260515,sz000826,其它,其它
20260515,sz001259,其它,其它
20260515,sz001333,半导体,AI算力
20260515,sz002031,机器人,机器人
20260515,sz002066,其它,其它
20260515,sz002175,其它,其它
20260515,sz002181,传媒,AI应用
20260515,sz002196,机器人,机器人
20260515,sz002207,其它,其它
20260515,sz002348,其它,其它
20260515,sz002374,其它,其它
20260515,sz002395,化工,周期资源
20260515,sz002407,化工,周期资源
20260515,sz002421,液冷,AI算力
20260515,sz002514,其它,其它
20260515,sz002581,其它,其它
20260515,sz002729,电力,新能源电网
20260515,sz002856,其它,其它
20260515,sz002892,机器人,机器人
20260515,sz002915,化工,周期资源
20260515,sz002918,新材料,周期资源
20260515,sz002971,芯片,AI算力
20260515,sz002979,机器人,机器人
20260515,sz300263,航天,军工航天
20260515,sz300276,机器人,机器人
20260515,sz300721,半导体,AI算力
20260515,sz300878,创新药,医药
20260515,sz301081,其它,其它
20260515,sz301696,机器人,机器人
20260518,920178.BJ,其它,其它
20260518,sh600032,电力,新能源电网
20260518,sh600183,PCB,AI算力
20260518,sh600339,油气,周期资源
20260518,sh600446,金融科技,AI应用
20260518,sh600500,其它,其它
20260518,sh600568,其它,其它
20260518,sh600578,电力,新能源电网
20260518,sh600640,AI应用,AI应用
20260518,sh600676,其它,其它
20260518,sh600714,PCB,AI算力
20260518,sh600730,其它,其它
20260518,sh600758,煤炭,周期资源
20260518,sh600769,其它,其它
20260518,sh600818,其它,其它
20260518,sh600847,其它,其它
20260518,sh600850,算力,AI算力
20260518,sh600903,油气,周期资源
20260518,sh600909,存储,AI算力
20260518,sh600965,其它,其它
20260518,sh600992,航天,军工航天
20260518,sh600996,算力,AI算力
20260518,sh601126,储能,新能源电网
20260518,sh601133,芯片,AI算力
20260518,sh601678,芯片,AI算力
20260518,sh603008,其它,其它
20260518,sh603031,光通信,AI算力
20260518,sh603060,航天,军工航天
20260518,sh603082,机器人,机器人
20260518,sh603115,其它,其它
20260518,sh603121,机器人,机器人
20260518,sh603156,存储,AI算力
20260518,sh603191,其它,其它
20260518,sh603206,算力,AI算力
20260518,sh603303,其它,其它
20260518,sh603311,其它,其它
20260518,sh603316,存储,AI算力
20260518,sh603358,机器人,机器人
20260518,sh603360,化工,周期资源
20260518,sh603378,其它,其它
20260518,sh603398,其它,其它
20260518,sh603580,其它,其它
20260518,sh603601,航天,军工航天
20260518,sh603657,其它,其它
20260518,sh603693,电力,新能源电网
20260518,sh603726,半导体,AI算力
20260518,sh603779,其它,其它
20260518,sh603859,AI应用,AI应用
20260518,sh603938,存储,AI算力
20260518,sh603989,机器人,机器人
20260518,sh605123,航天,军工航天
20260518,sh605199,其它,其它
20260518,sh605218,消费电子,AI算力
20260518,sh605303,芯片,AI算力
20260518,sh605318,AI应用,AI应用
20260518,sh688143,航天,军工航天
20260518,sh688507,机器人,机器人
20260518,sh688811,航天,军工航天
20260518,sz000006,其它,其它
20260518,sz000021,存储,AI算力
20260518,sz000417,存储,AI算力
20260518,sz000571,煤炭,周期资源
20260518,sz000669,其它,其它
20260518,sz000672,存储,AI算力
20260518,sz000685,存储,AI算力
20260518,sz000711,其它,其它
20260518,sz000909,其它,其它
20260518,sz000911,其它,其它
20260518,sz000962,光通信,AI算力
20260518,sz000988,光通信,AI算力
20260518,sz001258,风电,新能源电网
20260518,sz001259,其它,其它
20260518,sz002030,其它,其它
20260518,sz002055,其它,其它
20260518,sz002121,储能,新能源电网
20260518,sz002208,存储,AI算力
20260518,sz002272,算力,AI算力
20260518,sz002354,机器人,机器人
20260518,sz002360,其它,其它
20260518,sz002374,其它,其它
20260518,sz002421,液冷,AI算力
20260518,sz002431,其它,其它
20260518,sz002514,其它,其它
20260518,sz002515,光通信,AI算力
20260518,sz002552,PCB,AI算力
20260518,sz002635,消费电子,AI算力
20260518,sz002654,存储,AI算力
20260518,sz002822,其它,其它
20260518,sz002853,芯片,AI算力
20260518,sz002881,算力,AI算力
20260518,sz002888,消费电子,AI算力
20260518,sz002927,算力,AI算力
20260518,sz002980,光通信,AI算力
20260518,sz003004,其它,其它
20260518,sz003018,液冷,AI算力
20260518,sz300212,其它,其它
20260518,sz300302,存储,AI算力
20260518,sz300657,算力,AI算力
20260518,sz301313,AI应用,AI应用
20260518,sz301531,有色,周期资源
20260518,sz301599,其它,其它
20260518,sz301666,存储,AI算力
20260519,sh600021,电力,新能源电网
20260519,sh600053,其它,其它
20260519,sh600165,其它,其它
20260519,sh600186,算力,AI算力
20260519,sh600239,其它,其它
20260519,sh600246,航天,军工航天
20260519,sh600302,其它,其它
20260519,sh600310,电力,新能源电网
20260519,sh600340,其它,其它
20260519,sh600353,光通信,AI算力
20260519,sh600452,电力,新能源电网
20260519,sh600481,航天,军工航天
20260519,sh600491,其它,其它
20260519,sh600506,液冷,AI算力
20260519,sh600537,其它,其它
20260519,sh600563,算力,AI算力
20260519,sh600626,其它,其它
20260519,sh600734,其它,其它
20260519,sh600758,煤炭,周期资源
20260519,sh600831,算力,AI算力
20260519,sh600835,机器人,机器人
20260519,sh600850,算力,AI算力
20260519,sh600863,电力,新能源电网
20260519,sh600903,油气,周期资源
20260519,sh600936,其它,其它
20260519,sh600965,其它,其它
20260519,sh601222,电力,新能源电网
20260519,sh601718,其它,其它
20260519,sh601929,航天,军工航天
20260519,sh603008,其它,其它
20260519,sh603067,化工,周期资源
20260519,sh603082,机器人,机器人
20260519,sh603083,光通信,AI算力
20260519,sh603108,AI应用,AI应用
20260519,sh603115,其它,其它
20260519,sh603163,芯片,AI算力
20260519,sh603178,机器人,机器人
20260519,sh603206,算力,AI算力
20260519,sh603272,其它,其它
20260519,sh603311,其它,其它
20260519,sh603316,存储,AI算力
20260519,sh603333,电网,新能源电网
20260519,sh603359,其它,其它
20260519,sh603380,PCB,AI算力
20260519,sh603466,机器人,机器人
20260519,sh603608,其它,其它
20260519,sh603636,算力,AI算力
20260519,sh603727,油气,周期资源
20260519,sh603779,其它,其它
20260519,sh603822,其它,其它
20260519,sh603823,化工,周期资源
20260519,sh603938,存储,AI算力
20260519,sh603959,其它,其它
20260519,sh603989,液冷,AI算力
20260519,sh603999,传媒,AI应用
20260519,sh605218,其它,其它
20260519,sh605288,机器人,机器人
20260519,sh605358,半导体,AI算力
20260519,sh605376,元件,AI算力
20260519,sh605488,机器人,机器人
20260519,sh688126,半导体,AI算力
20260519,sh688182,光通信,AI算力
20260519,sh688260,元件,AI算力
20260519,sh688360,机器人,机器人
20260519,sh688419,半导体,AI算力
20260519,sh688610,PCB,AI算力
20260519,sz000016,其它,其它
20260519,sz000026,光通信,AI算力
20260519,sz000417,存储,AI算力
20260519,sz000586,光通信,AI算力
20260519,sz000600,电力,新能源电网
20260519,sz000609,其它,其它
20260519,sz000636,元件,AI算力
20260519,sz000639,其它,其它
20260519,sz000669,其它,其它
20260519,sz000811,液冷,AI算力
20260519,sz000821,其它,其它
20260519,sz000899,电力,新能源电网
20260519,sz000903,其它,其它
20260519,sz000909,其它,其它
20260519,sz000910,机器人,机器人
20260519,sz001259,其它,其它
20260519,sz001326,机器人,机器人
20260519,sz001896,电力,新能源电网
20260519,sz002055,其它,其它
20260519,sz002067,机器人,机器人
20260519,sz002123,算力,AI算力
20260519,sz002135,光伏,新能源电网
20260519,sz002150,储能,新能源电网
20260519,sz002173,医药,医药
20260519,sz002178,机器人,机器人
20260519,sz002207,其它,其它
20260519,sz002208,存储,AI算力
20260519,sz002226,化工,周期资源
20260519,sz002246,化工,周期资源
20260519,sz002272,液冷,AI算力
20260519,sz002281,光通信,AI算力
20260519,sz002323,其它,其它
20260519,sz002375,算力,AI算力
20260519,sz002421,液冷,AI算力
20260519,sz002484,元件,AI算力
20260519,sz002512,其它,其它
20260519,sz002514,其它,其它
20260519,sz002552,PCB,AI算力
20260519,sz002592,其它,其它
20260519,sz002691,其它,其它
20260519,sz002713,其它,其它
20260519,sz002782,机器人,机器人
20260519,sz002831,液冷,AI算力
20260519,sz002845,芯片,AI算力
20260519,sz002856,其它,其它
20260519,sz002893,电力,新能源电网
20260519,sz002988,有色,周期资源
20260519,sz300152,其它,其它
20260519,sz300608,航天,军工航天
20260519,sz300616,其它,其它
20260519,sz300632,光通信,AI算力
20260519,sz300634,机器人,机器人
20260519,sz300657,算力,AI算力
20260519,sz301120,机器人,机器人
20260519,sz301176,PCB,AI算力
20260519,sz301379,存储,AI算力
20260520,sh600238,其它,其它
20260520,sh600302,其它,其它
20260520,sh600530,其它,其它
20260520,sh600563,元件,AI算力
20260520,sh600604,存储,AI算力
20260520,sh600611,存储,AI算力
20260520,sh600615,机器人,机器人
20260520,sh600678,其它,其它
20260520,sh600895,半导体,AI算力
20260520,sh600962,半导体,AI算力
20260520,sh601133,芯片,AI算力
20260520,sh603005,PCB,AI算力
20260520,sh603008,其它,其它
20260520,sh603061,半导体,AI算力
20260520,sh603090,液冷,AI算力
20260520,sh603186,PCB,AI算力
20260520,sh603316,存储,AI算力
20260520,sh603324,芯片,AI算力
20260520,sh603353,PCB,AI算力
20260520,sh603375,半导体,AI算力
20260520,sh603517,其它,其它
20260520,sh603618,PCB,AI算力
20260520,sh603663,有色,周期资源
20260520,sh603687,算力,AI算力
20260520,sh603779,其它,其它
20260520,sh603790,机器人,机器人
20260520,sh603919,其它,其它
20260520,sh603938,存储,AI算力
20260520,sh603986,存储,AI算力
20260520,sh605288,机器人,机器人
20260520,sh688323,航天,军工航天
20260520,sh688449,存储,AI算力
20260520,sh688584,半导体,AI算力
20260520,sz000417,芯片,AI算力
20260520,sz000518,其它,其它
20260520,sz000695,储能,新能源电网
20260520,sz000716,储能,新能源电网
20260520,sz000809,其它,其它
20260520,sz000859,半导体,AI算力
20260520,sz000880,算力,AI算力
20260520,sz000890,其它,其它
20260520,sz000926,其它,其它
20260520,sz001259,其它,其它
20260520,sz001266,航天,军工航天
20260520,sz001269,光伏,新能源电网
20260520,sz001313,机器人,机器人
20260520,sz002055,其它,其它
20260520,sz002072,其它,其它
20260520,sz002126,机器人,机器人
20260520,sz002158,半导体,AI算力
20260520,sz002169,半导体,AI算力
20260520,sz002272,液冷,AI算力
20260520,sz002407,储能,新能源电网
20260520,sz002421,液冷,AI算力
20260520,sz002442,化工,周期资源
20260520,sz002514,其它,其它
20260520,sz002645,有色,周期资源
20260520,sz002654,存储,AI算力
20260520,sz002782,机器人,机器人
20260520,sz002787,储能,新能源电网
20260520,sz002796,光通信,AI算力
20260520,sz003004,其它,其它
20260520,sz003036,机器人,机器人
20260520,sz300069,航天,军工航天
20260520,sz301013,机器人,机器人
20260520,sz301020,电网,新能源电网
20260520,sz301092,储能,新能源电网
20260520,sz301139,其它,其它
20260520,sz301322,其它,其它
20260521,920001.BJ,其它,其它
20260521,sh600156,机器人,机器人
20260521,sh600303,其它,其它
20260521,sh600360,半导体,AI算力
20260521,sh600382,其它,其它
20260521,sh600578,电力,新能源电网
20260521,sh600611,芯片,AI算力
20260521,sh600745,其它,其它
20260521,sh600936,其它,其它
20260521,sh603127,AI应用,AI应用
20260521,sh603316,存储,AI算力
20260521,sh603373,机器人,机器人
20260521,sh603590,创新药,医药
20260521,sh603661,其它,其它
20260521,sh603767,机器人,机器人
20260521,sh603779,其它,其它
20260521,sh605199,其它,其它
20260521,sh688055,半导体,AI算力
20260521,sz000012,化工,周期资源
20260521,sz000403,医药,医药
20260521,sz000518,其它,其它
20260521,sz000536,PCB,AI算力
20260521,sz000725,PCB,AI算力
20260521,sz001225,其它,其它
20260521,sz001896,电力,新能源电网
20260521,sz002036,智能驾驶,AI应用
20260521,sz002442,其它,其它
20260521,sz002703,智能驾驶,AI应用
20260521,sz002766,智能驾驶,AI应用
20260521,sz002888,其它,其它
20260521,sz002920,智能驾驶,AI应用
20260521,sz002931,机器人,机器人
20260521,sz002940,创新药,医药
20260521,sz002952,智能驾驶,AI应用
20260521,sz003007,算力,AI算力
20260521,sz300069,其它,其它
20260522,sh600160,化工,周期资源
20260522,sh600172,新材料,周期资源
20260522,sh600183,PCB,AI算力
20260522,sh600186,算力,AI算力
20260522,sh600191,其它,其它
20260522,sh600234,算力,AI算力
20260522,sh600303,其它,其它
20260522,sh600416,军工,军工航天
20260522,sh600497,有色,周期资源
20260522,sh600503,机器人,机器人
20260522,sh600530,其它,其它
20260522,sh600539,半导体,AI算力
20260522,sh600545,PCB,AI算力
20260522,sh600563,元件,AI算力
20260522,sh600596,化工,周期资源
20260522,sh600601,PCB,AI算力
20260522,sh600611,芯片,AI算力
20260522,sh600683,芯片,AI算力
20260522,sh600714,PCB,AI算力
20260522,sh600719,电力,新能源电网
20260522,sh600888,元件,AI算力
20260522,sh600892,其它,其它
20260522,sh601208,PCB,AI算力
20260522,sh601992,航天,军工航天
20260522,sh603001,其它,其它
20260522,sh603021,其它,其它
20260522,sh603115,其它,其它
20260522,sh603186,PCB,AI算力
20260522,sh603223,其它,其它
20260522,sh603228,PCB,AI算力
20260522,sh603232,智能驾驶,AI应用
20260522,sh603256,PCB,AI算力
20260522,sh603261,其它,其它
20260522,sh603267,元件,AI算力
20260522,sh603269,液冷,AI算力
20260522,sh603379,化工,周期资源
20260522,sh603439,医药,医药
20260522,sh603459,PCB,AI算力
20260522,sh603595,其它,其它
20260522,sh603661,芯片,AI算力
20260522,sh603663,有色,周期资源
20260522,sh603678,元件,AI算力
20260522,sh603721,其它,其它
20260522,sh603800,半导体,AI算力
20260522,sh603806,PCB,AI算力
20260522,sh603867,半导体,AI算力
20260522,sh603890,液冷,AI算力
20260522,sh603922,其它,其它
20260522,sh603931,半导体,AI算力
20260522,sh603936,PCB,AI算力
20260522,sh603960,机器人,机器人
20260522,sh603976,化工,周期资源
20260522,sh603989,液冷,AI算力
20260522,sh605006,PCB,AI算力
20260522,sh605180,元件,AI算力
20260522,sh605366,光伏,新能源电网
20260522,sh605376,元件,AI算力
20260522,sh605500,电力,新能源电网
20260522,sh605580,新材料,周期资源
20260522,sh688020,PCB,AI算力
20260522,sh688260,元件,AI算力
20260522,sh688512,芯片,AI算力
20260522,sh688603,PCB,AI算力
20260522,sz000012,光伏,新能源电网
20260522,sz000026,光通信,AI算力
20260522,sz000060,有色,周期资源
20260522,sz000417,芯片,AI算力
20260522,sz000510,有色,周期资源
20260522,sz000518,其它,其它
20260522,sz000532,其它,其它
20260522,sz000595,其它,其它
20260522,sz000630,有色,周期资源
20260522,sz000636,元件,AI算力
20260522,sz000657,有色,周期资源
20260522,sz000670,芯片,AI算力
20260522,sz000711,其它,其它
20260522,sz000725,PCB,AI算力
20260522,sz000818,算力,AI算力
20260522,sz000826,其它,其它
20260522,sz000962,元件,AI算力
20260522,sz000997,算力,AI算力
20260522,sz001225,机器人,机器人
20260522,sz001366,其它,其它
20260522,sz002036,智能驾驶,AI应用
20260522,sz002046,机器人,机器人
20260522,sz002055,其它,其它
20260522,sz002076,其它,其它
20260522,sz002080,PCB,AI算力
20260522,sz002121,算力,AI算力
20260522,sz002175,其它,其它
20260522,sz002193,其它,其它
20260522,sz002199,其它,其它
20260522,sz002245,算力,AI算力
20260522,sz002253,其它,其它
20260522,sz002272,液冷,AI算力
20260522,sz002273,光通信,AI算力
20260522,sz002421,AI应用,AI应用
20260522,sz002431,其它,其它
20260522,sz002432,AI应用,AI应用
20260522,sz002442,化工,周期资源
20260522,sz002453,半导体,AI算力
20260522,sz002463,PCB,AI算力
20260522,sz002496,其它,其它
20260522,sz002501,其它,其它
20260522,sz002552,PCB,AI算力
20260522,sz002585,元件,AI算力
20260522,sz002606,电网,新能源电网
20260522,sz002634,其它,其它
20260522,sz002667,其它,其它
20260522,sz002725,芯片,AI算力
20260522,sz002733,算力,AI算力
20260522,sz002741,PCB,AI算力
20260522,sz002762,其它,其它
20260522,sz002806,元件,AI算力
20260522,sz002823,机器人,机器人
20260522,sz002826,医药,医药
20260522,sz002859,元件,AI算力
20260522,sz002885,算力,AI算力
20260522,sz002897,光通信,AI算力
20260522,sz002916,PCB,AI算力
20260522,sz002931,机器人,机器人
20260522,sz002938,PCB,AI算力
20260522,sz002975,液冷,AI算力
20260522,sz002980,光通信,AI算力
20260522,sz002993,算力,AI算力
20260522,sz300069,航天,军工航天
20260522,sz300174,元件,AI算力
20260522,sz300179,新材料,周期资源
20260522,sz300243,PCB,AI算力
20260522,sz300907,机器人,机器人
20260522,sz301013,光通信,AI算力
20260522,sz301312,光通信,AI算力
20260522,sz301362,PCB,AI算力
20260522,sz301377,机器人,机器人
20260522,sz301588,航天,军工航天
20260522,sz301628,PCB,AI算力
20260525,sh600162,其它,其它
20260525,sh600172,新材料,周期资源
20260525,sh600186,算力,AI算力
20260525,sh600234,算力,AI算力
20260525,sh600302,其它,其它
20260525,sh600310,电力,新能源电网
20260525,sh600370,其它,其它
20260525,sh600376,其它,其它
20260525,sh600381,其它,其它
20260525,sh600395,煤炭,周期资源
20260525,sh600396,电力,新能源电网
20260525,sh600503,机器人,机器人
20260525,sh600520,机器人,机器人
20260525,sh600539,半导体,AI算力
20260525,sh600578,电力,新能源电网
20260525,sh600584,半导体,AI算力
20260525,sh600592,机器人,机器人
20260525,sh600603,其它,其它
20260525,sh600637,其它,其它
20260525,sh600726,电力,新能源电网
20260525,sh600730,其它,其它
20260525,sh600735,其它,其它
20260525,sh600745,其它,其它
20260525,sh600831,算力,AI算力
20260525,sh600851,创新药,医药
20260525,sh600863,电力,新能源电网
20260525,sh600889,其它,其它
20260525,sh600969,电力,新能源电网
20260525,sh600996,算力,AI算力
20260525,sh601608,机器人,机器人
20260525,sh601666,煤炭,周期资源
20260525,sh603001,其它,其它
20260525,sh603005,PCB,AI算力
20260525,sh603010,半导体,AI算力
20260525,sh603021,其它,其它
20260525,sh603083,光通信,AI算力
20260525,sh603203,液冷,AI算力
20260525,sh603256,PCB,AI算力
20260525,sh603272,其它,其它
20260525,sh603303,其它,其它
20260525,sh603360,化工,周期资源
20260525,sh603378,其它,其它
20260525,sh603517,其它,其它
20260525,sh603595,其它,其它
20260525,sh603661,芯片,AI算力
20260525,sh603663,有色,周期资源
20260525,sh603730,机器人,机器人
20260525,sh603823,半导体,AI算力
20260525,sh603871,其它,其它
20260525,sh603919,其它,其它
20260525,sh603936,PCB,AI算力
20260525,sh603956,AI应用,AI应用
20260525,sh603990,机器人,机器人
20260525,sh605111,芯片,AI算力
20260525,sh605198,其它,其它
20260525,sh605566,算力,AI算力
20260525,sh605580,电力,新能源电网
20260525,sh605588,芯片,AI算力
20260525,sh688001,半导体,AI算力
20260525,sh688110,存储,AI算力
20260525,sh688347,芯片,AI算力
20260525,sh688362,半导体,AI算力
20260525,sz000016,其它,其它
20260525,sz000056,其它,其它
20260525,sz000409,机器人,机器人
20260525,sz000509,航天,军工航天
20260525,sz000510,其它,其它
20260525,sz000518,其它,其它
20260525,sz000564,其它,其它
20260525,sz000636,元件,AI算力
20260525,sz000711,其它,其它
20260525,sz000875,电力,新能源电网
20260525,sz000926,其它,其它
20260525,sz000966,电力,新能源电网
20260525,sz000980,其它,其它
20260525,sz000988,光通信,AI算力
20260525,sz000995,其它,其它
20260525,sz002012,其它,其它
20260525,sz002051,其它,其它
20260525,sz002055,其它,其它
20260525,sz002056,有色,周期资源
20260525,sz002156,半导体,AI算力
20260525,sz002175,其它,其它
20260525,sz002185,光通信,AI算力
20260525,sz002199,其它,其它
20260525,sz002207,其它,其它
20260525,sz002297,航天,军工航天
20260525,sz002323,其它,其它
20260525,sz002388,半导体,AI算力
20260525,sz002409,半导体,AI算力
20260525,sz002421,AI应用,AI应用
20260525,sz002432,AI应用,AI应用
20260525,sz002438,半导体,AI算力
20260525,sz002514,其它,其它
20260525,sz002526,机器人,机器人
20260525,sz002552,PCB,AI算力
20260525,sz002585,元件,AI算力
20260525,sz002613,光伏,新能源电网
20260525,sz002634,其它,其它
20260525,sz002645,有色,周期资源
20260525,sz002667,其它,其它
20260525,sz002674,机器人,机器人
20260525,sz002691,其它,其它
20260525,sz002693,其它,其它
20260525,sz002718,其它,其它
20260525,sz002735,其它,其它
20260525,sz002741,PCB,AI算力
20260525,sz002745,半导体,AI算力
20260525,sz002851,算力,AI算力
20260525,sz002856,其它,其它
20260525,sz002897,光通信,AI算力
20260525,sz002927,算力,AI算力
20260525,sz002938,PCB,AI算力
20260525,sz002947,算力,AI算力
20260525,sz002951,光通信,AI算力
20260525,sz002957,光通信,AI算力
20260525,sz002975,液冷,AI算力
20260525,sz002976,智能驾驶,AI应用
20260525,sz002980,芯片,AI算力
20260525,sz003036,机器人,机器人
20260525,sz300196,PCB,AI算力
20260525,sz300275,机器人,机器人
20260525,sz300626,机器人,机器人
20260525,sz300779,有色,周期资源
20260525,sz300835,有色,周期资源
20260525,sz300868,新材料,周期资源
20260525,sz300939,光通信,AI算力
20260525,sz300975,芯片,AI算力
20260526,sh600021,电力,新能源电网
20260526,sh600162,其它,其它
20260526,sh600172,其它,其它
20260526,sh600173,电力,新能源电网
20260526,sh600183,PCB,AI算力
20260526,sh600265,其它,其它
20260526,sh600301,有色,周期资源
20260526,sh600367,PCB,AI算力
20260526,sh600378,液冷,AI算力
20260526,sh600381,其它,其它
20260526,sh600520,PCB,AI算力
20260526,sh600584,PCB,AI算力
20260526,sh600635,机器人,机器人
20260526,sh600726,电力,新能源电网
20260526,sh600730,其它,其它
20260526,sh600745,其它,其它
20260526,sh601600,有色,周期资源
20260526,sh601958,有色,周期资源
20260526,sh603272,其它,其它
20260526,sh603353,PCB,AI算力
20260526,sh603595,其它,其它
20260526,sh603685,PCB,AI算力
20260526,sh603773,PCB,AI算力
20260526,sh603995,其它,其它
20260526,sh605006,PCB,AI算力
20260526,sh605196,电网,新能源电网
20260526,sh688183,PCB,AI算力
20260526,sh688335,其它,其它
20260526,sz000056,其它,其它
20260526,sz000506,有色,周期资源
20260526,sz000509,PCB,AI算力
20260526,sz000510,有色,周期资源
20260526,sz000668,其它,其它
20260526,sz000711,其它,其它
20260526,sz000759,其它,其它
20260526,sz001257,有色,周期资源
20260526,sz001331,机器人,机器人
20260526,sz001366,其它,其它
20260526,sz001376,有色,周期资源
20260526,sz002055,其它,其它
20260526,sz002082,其它,其它
20260526,sz002181,AI应用,AI应用
20260526,sz002185,PCB,AI算力
20260526,sz002251,其它,其它
20260526,sz002323,其它,其它
20260526,sz002388,PCB,AI算力
20260526,sz002514,其它,其它
20260526,sz002547,其它,其它
20260526,sz002552,PCB,AI算力
20260526,sz002569,其它,其它
20260526,sz002579,PCB,AI算力
20260526,sz002585,元件,AI算力
20260526,sz002627,其它,其它
20260526,sz002667,其它,其它
20260526,sz002733,算力,AI算力
20260526,sz002771,AI应用,AI应用
20260526,sz002848,其它,其它
20260526,sz002856,其它,其它
20260526,sz002886,机器人,机器人
20260526,sz002896,机器人,机器人
20260526,sz003004,其它,其它
20260526,sz003036,机器人,机器人
20260526,sz300795,AI应用,AI应用
20260526,sz301591,PEEK,机器人
20260527,sh600162,其它,其它
20260527,sh600265,其它,其它
20260527,sh600340,其它,其它
20260527,sh600353,光通信,AI算力
20260527,sh600381,其它,其它
20260527,sh600396,电力,新能源电网
20260527,sh600726,电力,新能源电网
20260527,sh600744,电力,新能源电网
20260527,sh600745,其它,其它
20260527,sh600758,煤炭,周期资源
20260527,sh600779,其它,其它
20260527,sh600863,电力,新能源电网
20260527,sh601126,储能,新能源电网
20260527,sh603011,PCB,AI算力
20260527,sh603021,其它,其它
20260527,sh603032,机器人,机器人
20260527,sh603115,其它,其它
20260527,sh603272,其它,其它
20260527,sh603335,其它,其它
20260527,sh603533,传媒,AI应用
20260527,sh603538,其它,其它
20260527,sh603578,光伏,新能源电网
20260527,sh603633,机器人,机器人
20260527,sh603663,有色,周期资源
20260527,sh603895,机器人,机器人
20260527,sh603968,化工,周期资源
20260527,sh603989,元件,AI算力
20260527,sh605055,机器人,机器人
20260527,sh605066,算力,AI算力
20260527,sh605167,核电,新能源电网
20260527,sh605289,AI应用,AI应用
20260527,sh605300,其它,其它
20260527,sz000056,其它,其它
20260527,sz000509,PCB,AI算力
20260527,sz000539,电力,新能源电网
20260527,sz000601,电力,新能源电网
20260527,sz000608,其它,其它
20260527,sz000759,其它,其它
20260527,sz000892,传媒,AI应用
20260527,sz001257,有色,周期资源
20260527,sz001299,储能,新能源电网
20260527,sz001360,有色,周期资源
20260527,sz002012,元件,AI算力
20260527,sz002024,其它,其它
20260527,sz002072,其它,其它
20260527,sz002082,其它,其它
20260527,sz002129,光伏,新能源电网
20260527,sz002199,其它,其它
20260527,sz002251,其它,其它
20260527,sz002323,其它,其它
20260527,sz002484,元件,AI算力
20260527,sz002528,其它,其它
20260527,sz002579,PCB,AI算力
20260527,sz002706,储能,新能源电网
20260527,sz002726,其它,其它
20260527,sz002771,液冷,AI算力
20260527,sz002856,其它,其它
20260527,sz002881,算力,AI算力
20260527,sz002927,算力,AI算力
20260527,sz002971,芯片,AI算力
20260527,sz300291,传媒,AI应用
20260528,920725.BJ,新材料,周期资源
20260528,sh600032,电力,新能源电网
20260528,sh600063,元件,AI算力
20260528,sh600110,PCB,AI算力
20260528,sh600151,光伏,新能源电网
20260528,sh600162,其它,其它
20260528,sh600172,新材料,周期资源
20260528,sh600176,PCB,AI算力
20260528,sh600180,其它,其它
20260528,sh600206,半导体,AI算力
20260528,sh600237,元件,AI算力
20260528,sh600239,其它,其它
20260528,sh600246,算力,AI算力
20260528,sh600265,其它,其它
20260528,sh600330,光通信,AI算力
20260528,sh600340,其它,其它
20260528,sh600360,半导体,AI算力
20260528,sh600367,PCB,AI算力
20260528,sh600370,其它,其它
20260528,sh600459,有色,周期资源
20260528,sh600491,其它,其它
20260528,sh600527,其它,其它
20260528,sh600589,算力,AI算力
20260528,sh600678,其它,其它
20260528,sh600726,电力,新能源电网
20260528,sh600730,其它,其它
20260528,sh600745,其它,其它
20260528,sh600759,其它,其它
20260528,sh600982,电力,新能源电网
20260528,sh601101,煤炭,周期资源
20260528,sh601369,化工,周期资源
20260528,sh601588,其它,其它
20260528,sh601958,有色,周期资源
20260528,sh603006,机器人,机器人
20260528,sh603008,其它,其它
20260528,sh603011,PCB,AI算力
20260528,sh603031,光通信,AI算力
20260528,sh603032,机器人,机器人
20260528,sh603050,算力,AI算力
20260528,sh603110,PCB,AI算力
20260528,sh603256,PCB,AI算力
20260528,sh603267,元件,AI算力
20260528,sh603324,半导体,AI算力
20260528,sh603353,PCB,AI算力
20260528,sh603458,航天,军工航天
20260528,sh603527,PCB,AI算力
20260528,sh603557,其它,其它
20260528,sh603580,其它,其它
20260528,sh603601,航天,军工航天
20260528,sh603678,元件,AI算力
20260528,sh603682,AI应用,AI应用
20260528,sh603757,算力,AI算力
20260528,sh603773,光通信,AI算力
20260528,sh603861,算力,AI算力
20260528,sh603955,其它,其它
20260528,sh603977,有色,周期资源
20260528,sh603988,风电,新能源电网
20260528,sh603989,元件,AI算力
20260528,sh605376,元件,AI算力
20260528,sh605580,电力,新能源电网
20260528,sh688006,储能,新能源电网
20260528,sh688172,芯片,AI算力
20260528,sz000056,其它,其它
20260528,sz000063,算力,AI算力
20260528,sz000068,其它,其它
20260528,sz000078,其它,其它
20260528,sz000090,其它,其它
20260528,sz000509,PCB,AI算力
20260528,sz000530,液冷,AI算力
20260528,sz000539,电力,新能源电网
20260528,sz000600,电力,新能源电网
20260528,sz000628,半导体,AI算力
20260528,sz000632,其它,其它
20260528,sz000636,元件,AI算力
20260528,sz000677,其它,其它
20260528,sz000692,电力,新能源电网
20260528,sz000720,光通信,AI算力
20260528,sz000791,电力,新能源电网
20260528,sz000859,芯片,AI算力
20260528,sz000889,算力,AI算力
20260528,sz000920,半导体,AI算力
20260528,sz002056,其它,其它
20260528,sz002203,PCB,AI算力
20260528,sz002210,电力,新能源电网
20260528,sz002243,元件,AI算力
20260528,sz002263,元件,AI算力
20260528,sz002289,其它,其它
20260528,sz002323,其它,其它
20260528,sz002348,其它,其它
20260528,sz002350,电网,新能源电网
20260528,sz002397,其它,其它
20260528,sz002428,光通信,AI算力
20260528,sz002431,其它,其它
20260528,sz002484,元件,AI算力
20260528,sz002542,其它,其它
20260528,sz002552,PCB,AI算力
20260528,sz002579,PCB,AI算力
20260528,sz002613,光伏,新能源电网
20260528,sz002636,PCB,AI算力
20260528,sz002639,核电,新能源电网
20260528,sz002640,其它,其它
20260528,sz002669,半导体,AI算力
20260528,sz002688,其它,其它
20260528,sz002694,其它,其它
20260528,sz002789,其它,其它
20260528,sz002806,元件,AI算力
20260528,sz002857,电网,新能源电网
20260528,sz002859,元件,AI算力
20260528,sz002871,液冷,AI算力
20260528,sz002878,AI应用,AI应用
20260528,sz002918,芯片,AI算力
20260528,sz002943,新材料,周期资源
20260528,sz002951,光通信,AI算力
20260528,sz002957,光通信,AI算力
20260528,sz002975,液冷,AI算力
20260528,sz002977,其它,其它
20260528,sz002995,AI应用,AI应用
20260528,sz003018,液冷,AI算力
20260528,sz003036,机器人,机器人
20260528,sz300179,PCB,AI算力
20260528,sz300489,半导体,AI算力
20260528,sz300721,半导体,AI算力
20260528,sz300964,PCB,AI算力
20260528,sz301123,PCB,AI算力
20260528,sz301205,光通信,AI算力
20260528,sz301565,元件,AI算力
20260529,sh600011,电力,新能源电网
20260529,sh600110,PCB,AI算力
20260529,sh600162,其它,其它
20260529,sh600187,其它,其它
20260529,sh600265,其它,其它
20260529,sh600280,其它,其它
20260529,sh600370,其它,其它
20260529,sh600381,其它,其它
20260529,sh600488,创新药,医药
20260529,sh600530,其它,其它
20260529,sh600622,其它,其它
20260529,sh600693,其它,其它
20260529,sh600726,电力,新能源电网
20260529,sh600745,其它,其它
20260529,sh600759,其它,其它
20260529,sh600828,其它,其它
20260529,sh600857,其它,其它
20260529,sh600863,电力,新能源电网
20260529,sh600865,其它,其它
20260529,sh600869,有色,周期资源
20260529,sh600979,电力,新能源电网
20260529,sh601086,其它,其它
20260529,sh601116,其它,其它
20260529,sh601566,其它,其它
20260529,sh601702,有色,周期资源
20260529,sh603011,PCB,AI算力
20260529,sh603060,其它,其它
20260529,sh603303,其它,其它
20260529,sh603324,半导体,AI算力
20260529,sh603398,其它,其它
20260529,sh603435,元件,AI算力
20260529,sh603616,PEEK,机器人
20260529,sh603890,算力,AI算力
20260529,sh605177,医药,医药
20260529,sh605277,有色,周期资源
20260529,sh688108,医药,医药
20260529,sh688622,其它,其它
20260529,sz000010,其它,其它
20260529,sz000025,其它,其它
20260529,sz000037,电力,新能源电网
20260529,sz000078,其它,其它
20260529,sz000090,其它,其它
20260529,sz000151,其它,其它
20260529,sz000539,电力,新能源电网
20260529,sz000608,其它,其它
20260529,sz000669,其它,其它
20260529,sz000767,电力,新能源电网
20260529,sz000799,其它,其它
20260529,sz000903,其它,其它
20260529,sz000926,其它,其它
20260529,sz001269,光伏,新能源电网
20260529,sz002081,航天,军工航天
20260529,sz002102,其它,其它
20260529,sz002207,其它,其它
20260529,sz002251,其它,其它
20260529,sz002289,其它,其它
20260529,sz002323,其它,其它
20260529,sz002457,其它,其它
20260529,sz002608,电力,新能源电网
20260529,sz002634,其它,其它
20260529,sz002806,元件,AI算力
20260529,sz002824,有色,周期资源
20260529,sz002856,其它,其它
20260529,sz002995,AI应用,AI应用
20260529,sz300486,机器人,机器人
20260529,sz301360,元件,AI算力
20260529,sz301439,有色,周期资源
20260601,920190.BJ,消费电子,AI算力
20260601,920876.BJ,消费电子,AI算力
20260601,sh600011,电力,新能源电网
20260601,sh600053,其它,其它
20260601,sh600121,煤炭,周期资源
20260601,sh600152,储能,新能源电网
20260601,sh600156,机器人,机器人
20260601,sh600160,化工,周期资源
20260601,sh600180,其它,其它
20260601,sh600187,其它,其它
20260601,sh600188,煤炭,周期资源
20260601,sh600238,其它,其它
20260601,sh600265,其它,其它
20260601,sh600280,其它,其它
20260601,sh600289,其它,其它
20260601,sh600301,有色,周期资源
20260601,sh600302,其它,其它
20260601,sh600337,其它,其它
20260601,sh600367,PCB,AI算力
20260601,sh600403,煤炭,周期资源
20260601,sh600463,其它,其它
20260601,sh600476,其它,其它
20260601,sh600491,其它,其它
20260601,sh600503,机器人,机器人
20260601,sh600539,其它,其它
20260601,sh600540,其它,其它
20260601,sh600546,煤炭,周期资源
20260601,sh600568,其它,其它
20260601,sh600581,其它,其它
20260601,sh600588,AI应用,AI应用
20260601,sh600596,化工,周期资源
20260601,sh600617,油气,周期资源
20260601,sh600678,其它,其它
20260601,sh600727,化工,周期资源
20260601,sh600734,其它,其它
20260601,sh600737,其它,其它
20260601,sh600745,其它,其它
20260601,sh600758,煤炭,周期资源
20260601,sh600759,其它,其它
20260601,sh600769,其它,其它
20260601,sh600797,算力,AI算力
20260601,sh600798,航运,周期资源
20260601,sh600841,电网,新能源电网
20260601,sh600847,其它,其它
20260601,sh600981,AI应用,AI应用
20260601,sh601001,煤炭,周期资源
20260601,sh601101,煤炭,周期资源
20260601,sh601699,煤炭,周期资源
20260601,sh601918,煤炭,周期资源
20260601,sh603008,其它,其它
20260601,sh603011,光通信,AI算力
20260601,sh603039,AI应用,AI应用
20260601,sh603045,机器人,机器人
20260601,sh603121,机器人,机器人
20260601,sh603138,AI应用,AI应用
20260601,sh603161,其它,其它
20260601,sh603171,AI应用,AI应用
20260601,sh603189,其它,其它
20260601,sh603193,其它,其它
20260601,sh603272,其它,其它
20260601,sh603296,消费电子,AI算力
20260601,sh603330,光通信,AI算力
20260601,sh603341,消费电子,AI算力
20260601,sh603344,机器人,机器人
20260601,sh603359,其它,其它
20260601,sh603378,其它,其它
20260601,sh603407,有色,周期资源
20260601,sh603533,传媒,AI应用
20260601,sh603598,传媒,AI应用
20260601,sh603678,元件,AI算力
20260601,sh603725,机器人,机器人
20260601,sh603773,PCB,AI算力
20260601,sh603778,光伏,新能源电网
20260601,sh603808,其它,其它
20260601,sh603819,电网,新能源电网
20260601,sh603822,其它,其它
20260601,sh603823,化工,周期资源
20260601,sh603877,其它,其它
20260601,sh603890,液冷,AI算力
20260601,sh603959,其它,其它
20260601,sh603991,半导体,AI算力
20260601,sh605298,其它,其它
20260601,sh605336,其它,其它
20260601,sh605398,AI应用,AI应用
20260601,sh605566,算力,AI算力
20260601,sz000010,其它,其它
20260601,sz000031,其它,其它
20260601,sz000037,电力,新能源电网
20260601,sz000048,机器人,机器人
20260601,sz000055,其它,其它
20260601,sz000078,其它,其它
20260601,sz000510,有色,周期资源
20260601,sz000533,算力,AI算力
20260601,sz000539,电力,新能源电网
20260601,sz000626,其它,其它
20260601,sz000681,AI应用,AI应用
20260601,sz000722,电力,新能源电网
20260601,sz000727,消费电子,AI算力
20260601,sz000767,电力,新能源电网
20260601,sz000903,其它,其它
20260601,sz000909,其它,其它
20260601,sz000911,其它,其它
20260601,sz001210,电力,新能源电网
20260601,sz001314,消费电子,AI算力
20260601,sz002055,其它,其它
20260601,sz002062,机器人,机器人
20260601,sz002068,化工,周期资源
20260601,sz002081,航天,军工航天
20260601,sz002099,化工,周期资源
20260601,sz002181,AI应用,AI应用
20260601,sz002193,其它,其它
20260601,sz002198,其它,其它
20260601,sz002207,其它,其它
20260601,sz002229,算力,AI算力
20260601,sz002235,AI应用,AI应用
20260601,sz002279,AI应用,AI应用
20260601,sz002323,其它,其它
20260601,sz002328,液冷,AI算力
20260601,sz002356,其它,其它
20260601,sz002404,芯片,AI算力
20260601,sz002421,AI应用,AI应用
20260601,sz002426,消费电子,AI算力
20260601,sz002431,其它,其它
20260601,sz002474,AI应用,AI应用
20260601,sz002514,其它,其它
20260601,sz002527,机器人,机器人
20260601,sz002528,其它,其它
20260601,sz002579,PCB,AI算力
20260601,sz002580,液冷,AI算力
20260601,sz002608,电力,新能源电网
20260601,sz002613,光伏,新能源电网
20260601,sz002620,其它,其它
20260601,sz002629,其它,其它
20260601,sz002634,其它,其它
20260601,sz002637,化工,周期资源
20260601,sz002647,算力,AI算力
20260601,sz002650,其它,其它
20260601,sz002657,算力,AI算力
20260601,sz002667,其它,其它
20260601,sz002691,其它,其它
20260601,sz002694,其它,其它
20260601,sz002700,油气,周期资源
20260601,sz002766,智能驾驶,AI应用
20260601,sz002795,医药,医药
20260601,sz002830,AI应用,AI应用
20260601,sz002856,其它,其它
20260601,sz002871,液冷,AI算力
20260601,sz002883,其它,其它
20260601,sz002925,AI应用,AI应用
20260601,sz002933,机器人,机器人
20260601,sz002951,光通信,AI算力
20260601,sz002955,AI应用,AI应用
20260601,sz002995,AI应用,AI应用
20260601,sz003004,AI应用,AI应用
20260601,sz003030,其它,其它
20260601,sz003041,其它,其它
20260601,sz300103,其它,其它
20260601,sz300197,其它,其它
20260601,sz300649,其它,其它
20260601,sz300849,半导体,AI算力
20260601,sz300956,消费电子,AI算力
20260601,sz301107,机器人,机器人
20260601,sz301139,其它,其它
20260601,sz301236,AI应用,AI应用
20260601,sz301329,消费电子,AI算力
20260601,sz301439,有色,周期资源
20260602,920128.BJ,算力,AI算力
20260602,920725.BJ,新材料,周期资源
20260602,sh600105,芯片,AI算力
20260602,sh600114,机器人,机器人
20260602,sh600121,煤炭,周期资源
20260602,sh600162,其它,其它
20260602,sh600180,其它,其它
20260602,sh600187,其它,其它
20260602,sh600255,有色,周期资源
20260602,sh600265,其它,其它
20260602,sh600280,其它,其它
20260602,sh600301,有色,周期资源
20260602,sh600345,光通信,AI算力
20260602,sh600360,半导体,AI算力
20260602,sh600362,有色,周期资源
20260602,sh600367,PCB,AI算力
20260602,sh600370,其它,其它
20260602,sh600403,煤炭,周期资源
20260602,sh600459,半导体,AI算力
20260602,sh600487,光通信,AI算力
20260602,sh600500,PCB,AI算力
20260602,sh600667,存储,AI算力
20260602,sh600696,其它,其它
20260602,sh600745,其它,其它
20260602,sh600759,其它,其它
20260602,sh600869,光通信,AI算力
20260602,sh600936,其它,其它
20260602,sh601137,机器人,机器人
20260602,sh601686,其它,其它
20260602,sh601869,光通信,AI算力
20260602,sh603008,其它,其它
20260602,sh603045,机器人,机器人
20260602,sh603189,其它,其它
20260602,sh603267,元件,AI算力
20260602,sh603311,其它,其它
20260602,sh603330,光通信,AI算力
20260602,sh603373,机器人,机器人
20260602,sh603378,其它,其它
20260602,sh603389,其它,其它
20260602,sh603429,其它,其它
20260602,sh603557,其它,其它
20260602,sh603678,元件,AI算力
20260602,sh603687,算力,AI算力
20260602,sh603813,其它,其它
20260602,sh603890,消费电子,AI算力
20260602,sh603997,其它,其它
20260602,sh605288,机器人,机器人
20260602,sh605589,PCB,AI算力
20260602,sh688079,PCB,AI算力
20260602,sh688496,其它,其它
20260602,sz000010,其它,其它
20260602,sz000055,AI应用,AI应用
20260602,sz000056,其它,其它
20260602,sz000062,元件,AI算力
20260602,sz000078,其它,其它
20260602,sz000586,光通信,AI算力
20260602,sz000601,其它,其它
20260602,sz000677,其它,其它
20260602,sz000700,机器人,机器人
20260602,sz000711,其它,其它
20260602,sz000960,有色,周期资源
20260602,sz001210,电力,新能源电网
20260602,sz002137,AI应用,AI应用
20260602,sz002214,其它,其它
20260602,sz002306,其它,其它
20260602,sz002314,其它,其它
20260602,sz002384,PCB,AI算力
20260602,sz002404,其它,其它
20260602,sz002421,液冷,AI算力
20260602,sz002501,其它,其它
20260602,sz002515,光通信,AI算力
20260602,sz002528,其它,其它
20260602,sz002575,算力,AI算力
20260602,sz002579,PCB,AI算力
20260602,sz002630,其它,其它
20260602,sz002634,其它,其它
20260602,sz002667,其它,其它
20260602,sz002717,其它,其它
20260602,sz002806,元件,AI算力
20260602,sz002851,算力,AI算力
20260602,sz002856,其它,其它
20260602,sz002876,其它,其它
20260602,sz002896,机器人,机器人
20260602,sz002897,光通信,AI算力
20260602,sz002903,机器人,机器人
20260602,sz002951,光通信,AI算力
20260602,sz002957,光通信,AI算力
20260602,sz002962,PCB,AI算力
20260602,sz002975,液冷,AI算力
20260602,sz002980,芯片,AI算力
20260602,sz300197,其它,其它
20260602,sz300486,机器人,机器人
20260602,sz301139,其它,其它
20260602,sz301419,液冷,AI算力
20260602,sz301563,PCB,AI算力
20260602,sz301566,元件,AI算力
20260603,sh600078,化工,周期资源
20260603,sh600103,光通信,AI算力
20260603,sh600121,煤炭,周期资源
20260603,sh600180,其它,其它
20260603,sh600187,其它,其它
20260603,sh600198,半导体,AI算力
20260603,sh600255,有色,周期资源
20260603,sh600265,其它,其它
20260603,sh600310,电力,新能源电网
20260603,sh600367,PCB,AI算力
20260603,sh600381,其它,其它
20260603,sh600396,电力,新能源电网
20260603,sh600403,煤炭,周期资源
20260603,sh600439,其它,其它
20260603,sh600487,光通信,AI算力
20260603,sh600505,电力,新能源电网
20260603,sh600516,核电,新能源电网
20260603,sh600578,电力,新能源电网
20260603,sh600596,化工,周期资源
20260603,sh600679,其它,其它
20260603,sh600683,芯片,AI算力
20260603,sh600688,新材料,周期资源
20260603,sh600777,其它,其它
20260603,sh600791,其它,其它
20260603,sh600936,机器人,机器人
20260603,sh601208,PCB,AI算力
20260603,sh601231,算力,AI算力
20260603,sh601798,其它,其它
20260603,sh603065,化工,周期资源
20260603,sh603109,机器人,机器人
20260603,sh603120,半导体,AI算力
20260603,sh603135,机器人,机器人
20260603,sh603236,机器人,机器人
20260603,sh603311,其它,其它
20260603,sh603319,机器人,机器人
20260603,sh603330,光通信,AI算力
20260603,sh603595,其它,其它
20260603,sh603656,机器人,机器人
20260603,sh603663,有色,周期资源
20260603,sh603886,其它,其它
20260603,sh603938,光通信,AI算力
20260603,sh605018,机器人,机器人
20260603,sh605162,电力,新能源电网
20260603,sh605303,存储,AI算力
20260603,sh605555,机器人,机器人
20260603,sh605580,电力,新能源电网
20260603,sh688268,芯片,AI算力
20260603,sh688655,PCB,AI算力
20260603,sz000518,其它,其它
20260603,sz000700,机器人,机器人
20260603,sz000881,核电,新能源电网
20260603,sz001212,半导体,AI算力
20260603,sz001223,机器人,机器人
20260603,sz001259,其它,其它
20260603,sz001278,机器人,机器人
20260603,sz001326,机器人,机器人
20260603,sz001896,电力,新能源电网
20260603,sz002023,半导体,AI算力
20260603,sz002024,其它,其它
20260603,sz002046,机器人,机器人
20260603,sz002125,有色,周期资源
20260603,sz002132,化工,周期资源
20260603,sz002137,AI应用,AI应用
20260603,sz002156,光通信,AI算力
20260603,sz002167,有色,周期资源
20260603,sz002168,其它,其它
20260603,sz002323,其它,其它
20260603,sz002501,其它,其它
20260603,sz002528,其它,其它
20260603,sz002630,其它,其它
20260603,sz002667,其它,其它
20260603,sz002717,其它,其它
20260603,sz002735,核电,新能源电网
20260603,sz002787,储能,新能源电网
20260603,sz002856,其它,其它
20260603,sz002875,算力,AI算力
20260603,sz002965,机器人,机器人
20260603,sz300197,其它,其它
20260603,sz300516,航天,军工航天
20260603,sz301115,其它,其它
20260603,sz301366,PCB,AI算力
20260604,920161.BJ,元件,AI算力
20260604,sh600180,其它,其它
20260604,sh600226,PCB,AI算力
20260604,sh600237,元件,AI算力
20260604,sh600246,算力,AI算力
20260604,sh600255,有色,周期资源
20260604,sh600293,PCB,AI算力
20260604,sh600353,光通信,AI算力
20260604,sh600367,PCB,AI算力
20260604,sh600403,煤炭,周期资源
20260604,sh600408,煤炭,周期资源
20260604,sh600439,其它,其它
20260604,sh600482,电网,新能源电网
20260604,sh600491,其它,其它
20260604,sh600667,存储,AI算力
20260604,sh600688,新材料,周期资源
20260604,sh600696,其它,其它
20260604,sh600703,光通信,AI算力
20260604,sh600828,其它,其它
20260604,sh600868,电力,新能源电网
20260604,sh601010,其它,其它
20260604,sh601666,煤炭,周期资源
20260604,sh603005,PCB,AI算力
20260604,sh603067,电网,新能源电网
20260604,sh603090,液冷,AI算力
20260604,sh603135,机器人,机器人
20260604,sh603210,其它,其它
20260604,sh603286,机器人,机器人
20260604,sh603330,光通信,AI算力
20260604,sh603435,元件,AI算力
20260604,sh603500,元件,AI算力
20260604,sh603516,液冷,AI算力
20260604,sh603610,AI应用,AI应用
20260604,sh603903,其它,其它
20260604,sh603920,机器人,机器人
20260604,sh603950,机器人,机器人
20260604,sh603989,元件,AI算力
20260604,sh605060,电网,新能源电网
20260604,sh605162,电力,新能源电网
20260604,sh605358,半导体,AI算力
20260604,sh605398,AI应用,AI应用
20260604,sh688031,AI应用,AI应用
20260604,sh688146,芯片,AI算力
20260604,sh688303,算力,AI算力
20260604,sh688378,半导体,AI算力
20260604,sh688668,元件,AI算力
20260604,sz000056,其它,其它
20260604,sz000520,航运,周期资源
20260604,sz000536,PCB,AI算力
20260604,sz000639,其它,其它
20260604,sz000670,芯片,AI算力
20260604,sz000718,其它,其它
20260604,sz000725,PCB,AI算力
20260604,sz000733,元件,AI算力
20260604,sz000793,其它,其它
20260604,sz000821,其它,其它
20260604,sz001309,存储,AI算力
20260604,sz001376,电力,新能源电网
20260604,sz001896,电力,新能源电网
20260604,sz002051,其它,其它
20260604,sz002072,煤炭,周期资源
20260604,sz002213,半导体,AI算力
20260604,sz002353,电网,新能源电网
20260604,sz002395,化工,周期资源
20260604,sz002484,元件,AI算力
20260604,sz002491,其它,其它
20260604,sz002501,其它,其它
20260604,sz002520,机器人,机器人
20260604,sz002570,其它,其它
20260604,sz002585,元件,AI算力
20260604,sz002590,机器人,机器人
20260604,sz002630,其它,其它
20260604,sz002645,有色,周期资源
20260604,sz002667,其它,其它
20260604,sz002717,其它,其它
20260604,sz002733,算力,AI算力
20260604,sz002787,储能,新能源电网
20260604,sz002806,元件,AI算力
20260604,sz002824,其它,其它
20260604,sz002931,机器人,机器人
20260604,sz002951,光通信,AI算力
20260604,sz002971,芯片,AI算力
20260604,sz002981,消费电子,AI算力
20260604,sz003011,其它,其它
20260604,sz003036,机器人,机器人
20260604,sz003043,半导体,AI算力
20260604,sz300726,元件,AI算力
20260604,sz300897,其它,其它
20260604,sz301123,PCB,AI算力
20260604,sz301188,PCB,AI算力
20260604,sz301468,核电,新能源电网
20260605,920510.BJ,机器人,机器人
20260605,920961.BJ,航天,军工航天
20260605,sh600063,元件,AI算力
20260605,sh600207,PCB,AI算力
20260605,sh600228,其它,其它
20260605,sh600243,其它,其它
20260605,sh600293,PCB,AI算力
20260605,sh600303,其它,其它
20260605,sh600382,其它,其它
20260605,sh600403,煤炭,周期资源
20260605,sh600516,新材料,周期资源
20260605,sh600552,PCB,AI算力
20260605,sh600714,PCB,AI算力
20260605,sh600776,航天,军工航天
20260605,sh600819,化工,周期资源
20260605,sh600881,其它,其它
20260605,sh600973,核电,新能源电网
20260605,sh600996,算力,AI算力
20260605,sh603020,其它,其它
20260605,sh603048,其它,其它
20260605,sh603070,算力,AI算力
20260605,sh603078,半导体,AI算力
20260605,sh603124,PCB,AI算力
20260605,sh603135,机器人,机器人
20260605,sh603159,其它,其它
20260605,sh603166,机器人,机器人
20260605,sh603270,机器人,机器人
20260605,sh603272,其它,其它
20260605,sh603360,化工,周期资源
20260605,sh603500,其它,其它
20260605,sh603578,化工,周期资源
20260605,sh603725,机器人,机器人
20260605,sh603790,PEEK,机器人
20260605,sh603823,PEEK,机器人
20260605,sh603843,其它,其它
20260605,sh603859,AI应用,AI应用
20260605,sh603888,AI应用,AI应用
20260605,sh603938,光通信,AI算力
20260605,sh603992,机器人,机器人
20260605,sh688017,机器人,机器人
20260605,sh688056,半导体,AI算力
20260605,sz000010,其它,其它
20260605,sz000056,其它,其它
20260605,sz000078,其它,其它
20260605,sz000517,其它,其它
20260605,sz000520,航运,周期资源
20260605,sz000608,其它,其它
20260605,sz000609,其它,其它
20260605,sz000668,其它,其它
20260605,sz000759,其它,其它
20260605,sz001256,其它,其它
20260605,sz001400,液冷,AI算力
20260605,sz002138,元件,AI算力
20260605,sz002183,算力,AI算力
20260605,sz002194,航天,军工航天
20260605,sz002251,其它,其它
20260605,sz002254,光通信,AI算力
20260605,sz002354,AI应用,AI应用
20260605,sz002361,航天,军工航天
20260605,sz002387,PCB,AI算力
20260605,sz002421,AI应用,AI应用
20260605,sz002471,其它,其它
20260605,sz002613,化工,周期资源
20260605,sz002631,新材料,周期资源
20260605,sz002694,其它,其它
20260605,sz002708,机器人,机器人
20260605,sz002717,其它,其它
20260605,sz002786,机器人,机器人
20260605,sz002856,其它,其它
20260605,sz002877,AI应用,AI应用
20260605,sz002892,机器人,机器人
20260605,sz002896,机器人,机器人
20260605,sz002903,机器人,机器人
20260605,sz002960,机器人,机器人
20260605,sz002983,其它,其它
20260605,sz003009,航天,军工航天
20260605,sz003036,机器人,机器人
20260605,sz300052,算力,AI算力
20260605,sz300162,PCB,AI算力
20260605,sz300334,其它,其它
20260605,sz300353,AI应用,AI应用
20260605,sz300626,机器人,机器人
20260605,sz301151,AI应用,AI应用
20260605,sz301193,其它,其它
20260608,920510.BJ,机器人,机器人
20260608,920578.BJ,机器人,机器人
20260608,sh600187,其它,其它
20260608,sh600280,其它,其它
20260608,sh600403,煤炭,周期资源
20260608,sh600488,其它,其它
20260608,sh600505,电力,新能源电网
20260608,sh600539,AI应用,AI应用
20260608,sh600581,其它,其它
20260608,sh600721,医药,医药
20260608,sh600825,其它,其它
20260608,sh601588,其它,其它
20260608,sh603135,其它,其它
20260608,sh603186,PCB,AI算力
20260608,sh603203,液冷,AI算力
20260608,sh603206,AI应用,AI应用
20260608,sh603278,航天,军工航天
20260608,sh603378,其它,其它
20260608,sh603500,其它,其它
20260608,sh603616,其它,其它
20260608,sh603669,创新药,医药
20260608,sh603778,光伏,新能源电网
20260608,sh603823,PEEK,机器人
20260608,sh603843,其它,其它
20260608,sh603859,AI应用,AI应用
20260608,sh603877,其它,其它
20260608,sh603929,芯片,AI算力
20260608,sh688083,AI应用,AI应用
20260608,sh688207,AI应用,AI应用
20260608,sh688549,半导体,AI算力
20260608,sz000068,其它,其它
20260608,sz000517,其它,其它
20260608,sz000620,存储,AI算力
20260608,sz000759,其它,其它
20260608,sz000785,其它,其它
20260608,sz000833,其它,其它
20260608,sz000970,有色,周期资源
20260608,sz001238,其它,其它
20260608,sz001317,其它,其它
20260608,sz001696,无人机,军工航天
20260608,sz002046,机器人,机器人
20260608,sz002164,机器人,机器人
20260608,sz002254,其它,其它
20260608,sz002354,AI应用,AI应用
20260608,sz002361,航天,军工航天
20260608,sz002362,AI应用,AI应用
20260608,sz002421,AI应用,AI应用
20260608,sz002490,油气,周期资源
20260608,sz002598,其它,其它
20260608,sz002613,化工,周期资源
20260608,sz002636,PCB,AI算力
20260608,sz002717,其它,其它
20260608,sz002747,机器人,机器人
20260608,sz002856,其它,其它
20260608,sz002931,机器人,机器人
20260608,sz002963,储能,新能源电网
20260608,sz002982,其它,其它
20260608,sz003009,航天,军工航天
20260608,sz300105,其它,其它
20260608,sz300197,其它,其它
20260608,sz300376,液冷,AI算力
20260608,sz301195,AI应用,AI应用
20260608,sz301302,AI应用,AI应用
20260608,sz301313,AI应用,AI应用
20260609,920357.BJ,PCB,AI算力
20260609,920394.BJ,其它,其它
20260609,sh600110,PCB,AI算力
20260609,sh600176,PCB,AI算力
20260609,sh600183,PCB,AI算力
20260609,sh600186,算力,AI算力
20260609,sh600187,其它,其它
20260609,sh600198,无人机,军工航天
20260609,sh600226,PCB,AI算力
20260609,sh600302,其它,其它
20260609,sh600330,光通信,AI算力
20260609,sh600340,其它,其它
20260609,sh600345,光通信,AI算力
20260609,sh600381,其它,其它
20260609,sh600396,电力,新能源电网
20260609,sh600458,元件,AI算力
20260609,sh600487,光通信,AI算力
20260609,sh600500,PCB,AI算力
20260609,sh600579,机器人,机器人
20260609,sh600596,化工,周期资源
20260609,sh600611,芯片,AI算力
20260609,sh600641,半导体,AI算力
20260609,sh600673,算力,AI算力
20260609,sh600682,其它,其它
20260609,sh600719,电力,新能源电网
20260609,sh600903,其它,其它
20260609,sh601208,PCB,AI算力
20260609,sh601869,光通信,AI算力
20260609,sh603002,PCB,AI算力
20260609,sh603020,其它,其它
20260609,sh603039,AI应用,AI应用
20260609,sh603065,光通信,AI算力
20260609,sh603124,PCB,AI算力
20260609,sh603150,有色,周期资源
20260609,sh603163,芯片,AI算力
20260609,sh603186,PCB,AI算力
20260609,sh603211,机器人,机器人
20260609,sh603256,PCB,AI算力
20260609,sh603260,化工,周期资源
20260609,sh603303,其它,其它
20260609,sh603330,光通信,AI算力
20260609,sh603335,储能,新能源电网
20260609,sh603616,PEEK,机器人
20260609,sh603663,有色,周期资源
20260609,sh603688,PCB,AI算力
20260609,sh603929,芯片,AI算力
20260609,sh605006,PCB,AI算力
20260609,sh605018,机器人,机器人
20260609,sh605069,AI应用,AI应用
20260609,sh605081,其它,其它
20260609,sh605100,电网,新能源电网
20260609,sh605111,半导体,AI算力
20260609,sh605177,医药,医药
20260609,sh605318,AI应用,AI应用
20260609,sh605358,半导体,AI算力
20260609,sh605376,元件,AI算力
20260609,sh605589,PCB,AI算力
20260609,sh688126,半导体,AI算力
20260609,sh688141,芯片,AI算力
20260609,sh688207,AI应用,AI应用
20260609,sh688368,芯片,AI算力
20260609,sh688409,半导体,AI算力
20260609,sh688478,半导体,AI算力
20260609,sh688500,AI应用,AI应用
20260609,sh688596,芯片,AI算力
20260609,sh688711,半导体,AI算力
20260609,sh688783,半导体,AI算力
20260609,sz000010,其它,其它
20260609,sz000029,其它,其它
20260609,sz000037,电力,新能源电网
20260609,sz000048,机器人,机器人
20260609,sz000158,算力,AI算力
20260609,sz000509,PCB,AI算力
20260609,sz000571,煤炭,周期资源
20260609,sz000608,其它,其它
20260609,sz000636,元件,AI算力
20260609,sz000670,半导体,AI算力
20260609,sz000681,AI应用,AI应用
20260609,sz000711,其它,其它
20260609,sz000811,液冷,AI算力
20260609,sz000838,其它,其它
20260609,sz000903,其它,其它
20260609,sz000920,芯片,AI算力
20260609,sz001215,其它,其它
20260609,sz001269,光伏,新能源电网
20260609,sz001369,元件,AI算力
20260609,sz001696,无人机,军工航天
20260609,sz001896,电力,新能源电网
20260609,sz002048,机器人,机器人
20260609,sz002051,其它,其它
20260609,sz002057,有色,周期资源
20260609,sz002080,PCB,AI算力
20260609,sz002122,其它,其它
20260609,sz002129,光伏,新能源电网
20260609,sz002134,PCB,AI算力
20260609,sz002137,机器人,机器人
20260609,sz002138,元件,AI算力
20260609,sz002141,PCB,AI算力
20260609,sz002199,其它,其它
20260609,sz002225,其它,其它
20260609,sz002240,储能,新能源电网
20260609,sz002254,光通信,AI算力
20260609,sz002263,储能,新能源电网
20260609,sz002323,其它,其它
20260609,sz002354,机器人,机器人
20260609,sz002362,AI应用,AI应用
20260609,sz002484,元件,AI算力
20260609,sz002513,化工,周期资源
20260609,sz002515,光通信,AI算力
20260609,sz002575,算力,AI算力
20260609,sz002583,AI应用,AI应用
20260609,sz002584,半导体,AI算力
20260609,sz002585,元件,AI算力
20260609,sz002630,其它,其它
20260609,sz002636,PCB,AI算力
20260609,sz002669,PCB,AI算力
20260609,sz002676,低空经济,军工航天
20260609,sz002741,PCB,AI算力
20260609,sz002747,机器人,机器人
20260609,sz002769,AI应用,AI应用
20260609,sz002771,AI应用,AI应用
20260609,sz002837,算力,AI算力
20260609,sz002859,元件,AI算力
20260609,sz002871,液冷,AI算力
20260609,sz002970,智能驾驶,AI应用
20260609,sz002971,芯片,AI算力
20260609,sz002976,光通信,AI算力
20260609,sz002993,算力,AI算力
20260609,sz002995,AI应用,AI应用
20260609,sz003018,液冷,AI算力
20260609,sz003026,半导体,AI算力
20260609,sz003036,机器人,机器人
20260609,sz003043,半导体,AI算力
20260609,sz300221,PCB,AI算力
20260609,sz300260,半导体,AI算力
20260609,sz300411,低空经济,军工航天
20260609,sz300593,航天,军工航天
20260609,sz300656,半导体,AI算力
20260609,sz301013,光通信,AI算力
20260609,sz301222,有色,周期资源
20260609,sz301428,AI应用,AI应用
20260609,sz301630,PCB,AI算力
20260610,sh600058,黑色,周期资源
20260610,sh600088,其它,其它
20260610,sh600165,其它,其它
20260610,sh600178,低空经济,军工航天
20260610,sh600206,有色,周期资源
20260610,sh600229,传媒,AI应用
20260610,sh600302,其它,其它
20260610,sh600370,其它,其它
20260610,sh600378,有色,周期资源
20260610,sh600500,PCB,AI算力
20260610,sh600573,其它,其它
20260610,sh600593,其它,其它
20260610,sh600665,其它,其它
20260610,sh600698,其它,其它
20260610,sh600732,光伏,新能源电网
20260610,sh600843,低空经济,军工航天
20260610,sh600881,其它,其它
20260610,sh600981,AI应用,AI应用
20260610,sh601678,芯片,AI算力
20260610,sh603002,PCB,AI算力
20260610,sh603011,PCB,AI算力
20260610,sh603065,光通信,AI算力
20260610,sh603155,半导体,AI算力
20260610,sh603160,芯片,AI算力
20260610,sh603220,算力,AI算力
20260610,sh603276,化工,周期资源
20260610,sh603375,半导体,AI算力
20260610,sh603636,算力,AI算力
20260610,sh603661,算力,AI算力
20260610,sh603687,算力,AI算力
20260610,sh603822,其它,其它
20260610,sh603823,PEEK,机器人
20260610,sh603886,其它,其它
20260610,sh603938,半导体,AI算力
20260610,sh605006,PCB,AI算力
20260610,sh605318,AI应用,AI应用
20260610,sh605589,PCB,AI算力
20260610,sh688216,半导体,AI算力
20260610,sh688456,光通信,AI算力
20260610,sh688485,半导体,AI算力
20260610,sh688662,光通信,AI算力
20260610,sz000025,其它,其它
20260610,sz000029,其它,其它
20260610,sz000048,其它,其它
20260610,sz000488,其它,其它
20260610,sz000558,其它,其它
20260610,sz000815,算力,AI算力
20260610,sz000970,有色,周期资源
20260610,sz001210,算力,AI算力
20260610,sz001316,航天,军工航天
20260610,sz001332,光伏,新能源电网
20260610,sz002081,航天,军工航天
20260610,sz002119,半导体,AI算力
20260610,sz002125,其它,其它
20260610,sz002165,半导体,AI算力
20260610,sz002208,存储,AI算力
20260610,sz002256,电力,新能源电网
20260610,sz002261,算力,AI算力
20260610,sz002354,机器人,机器人
20260610,sz002409,半导体,AI算力
20260610,sz002430,芯片,AI算力
20260610,sz002459,光伏,新能源电网
20260610,sz002585,元件,AI算力
20260610,sz002636,PCB,AI算力
20260610,sz002657,算力,AI算力
20260610,sz002669,PCB,AI算力
20260610,sz002757,算力,AI算力
20260610,sz002830,AI应用,AI应用
20260610,sz002960,机器人,机器人
20260610,sz002971,有色,周期资源
20260610,sz003026,半导体,AI算力
20260610,sz003030,其它,其它
20260610,sz003043,半导体,AI算力
20260610,sz300264,AI应用,AI应用
20260610,sz300721,半导体,AI算力
20260611,sh600067,储能,新能源电网
20260611,sh600108,有色,周期资源
20260611,sh600141,化工,周期资源
20260611,sh600178,无人机,军工航天
20260611,sh600322,其它,其它
20260611,sh600353,光通信,AI算力
20260611,sh600378,有色,周期资源
20260611,sh600459,半导体,AI算力
20260611,sh600470,化工,周期资源
20260611,sh600500,PCB,AI算力
20260611,sh600537,其它,其它
20260611,sh600665,其它,其它
20260611,sh600667,存储,AI算力
20260611,sh600722,化工,周期资源
20260611,sh600730,其它,其它
20260611,sh600979,电力,新能源电网
20260611,sh601137,液冷,AI算力
20260611,sh601958,有色,周期资源
20260611,sh603014,医药,医药
20260611,sh603065,光通信,AI算力
20260611,sh603155,半导体,AI算力
20260611,sh603315,算力,AI算力
20260611,sh603318,电网,新能源电网
20260611,sh603324,半导体,AI算力
20260611,sh603355,其它,其它
20260611,sh603399,储能,新能源电网
20260611,sh603657,其它,其它
20260611,sh603678,元件,AI算力
20260611,sh603843,其它,其它
20260611,sh603936,PCB,AI算力
20260611,sh603991,半导体,AI算力
20260611,sh603992,机器人,机器人
20260611,sh605069,AI应用,AI应用
20260611,sh688167,光通信,AI算力
20260611,sh688268,芯片,AI算力
20260611,sh688419,半导体,AI算力
20260611,sh688545,半导体,AI算力
20260611,sh688661,半导体,AI算力
20260611,sz000032,芯片,AI算力
20260611,sz000048,其它,其它
20260611,sz000078,其它,其它
20260611,sz000510,有色,周期资源
20260611,sz000631,电网,新能源电网
20260611,sz000688,储能,新能源电网
20260611,sz000909,其它,其它
20260611,sz000921,其它,其它
20260611,sz001257,有色,周期资源
20260611,sz001268,芯片,AI算力
20260611,sz001696,无人机,军工航天
20260611,sz002119,半导体,AI算力
20260611,sz002165,半导体,AI算力
20260611,sz002203,PCB,AI算力
20260611,sz002214,其它,其它
20260611,sz002254,光通信,AI算力
20260611,sz002378,有色,周期资源
20260611,sz002407,储能,新能源电网
20260611,sz002409,芯片,AI算力
20260611,sz002428,光通信,AI算力
20260611,sz002469,化工,周期资源
20260611,sz002490,其它,其它
20260611,sz002549,芯片,AI算力
20260611,sz002586,其它,其它
20260611,sz002654,存储,AI算力
20260611,sz002717,其它,其它
20260611,sz002824,其它,其它
20260611,sz002842,有色,周期资源
20260611,sz002856,其它,其它
20260611,sz002913,PCB,AI算力
20260611,sz002965,低空经济,军工航天
20260611,sz002971,有色,周期资源
20260611,sz300263,芯片,AI算力
20260611,sz300289,其它,其它
20260611,sz300481,化工,周期资源
20260611,sz300505,化工,周期资源
20260611,sz300666,芯片,AI算力
20260611,sz300706,芯片,AI算力
20260611,sz300894,机器人,机器人
20260611,sz301580,有色,周期资源
20260612,920634.BJ,有色,周期资源
20260612,sh600067,机器人,机器人
20260612,sh600229,AI应用,AI应用
20260612,sh600292,电力,新能源电网
20260612,sh600391,低空经济,军工航天
20260612,sh600497,有色,周期资源
20260612,sh600531,有色,周期资源
20260612,sh600537,其它,其它
20260612,sh600539,AI应用,AI应用
20260612,sh600567,其它,其它
20260612,sh600576,其它,其它
20260612,sh600601,PCB,AI算力
20260612,sh600857,其它,其它
20260612,sh600862,低空经济,军工航天
20260612,sh600906,其它,其它
20260612,sh600961,有色,周期资源
20260612,sh600962,芯片,AI算力
20260612,sh601233,化工,周期资源
20260612,sh601609,有色,周期资源
20260612,sh601696,其它,其它
20260612,sh601718,其它,其它
20260612,sh601958,有色,周期资源
20260612,sh603014,医药,医药
20260612,sh603020,化工,周期资源
20260612,sh603036,其它,其它
20260612,sh603065,光通信,AI算力
20260612,sh603120,化工,周期资源
20260612,sh603180,其它,其它
20260612,sh603225,化工,周期资源
20260612,sh603261,其它,其它
20260612,sh603335,半导体,AI算力
20260612,sh603519,其它,其它
20260612,sh603528,AI应用,AI应用
20260612,sh603738,光通信,AI算力
20260612,sh603815,其它,其它
20260612,sh603843,其它,其它
20260612,sh603959,其它,其它
20260612,sh603990,低空经济,军工航天
20260612,sh603993,有色,周期资源
20260612,sh605198,其它,其它
20260612,sh605298,其它,其它
20260612,sh688010,半导体,AI算力
20260612,sh688163,创新药,医药
20260612,sz000032,芯片,AI算力
20260612,sz000099,低空经济,军工航天
20260612,sz000151,其它,其它
20260612,sz000506,有色,周期资源
20260612,sz000510,有色,周期资源
20260612,sz000547,航天,军工航天
20260612,sz000630,有色,周期资源
20260612,sz000737,有色,周期资源
20260612,sz000751,有色,周期资源
20260612,sz000758,有色,周期资源
20260612,sz000759,其它,其它
20260612,sz000768,低空经济,军工航天
20260612,sz000820,其它,其它
20260612,sz000969,半导体,AI算力
20260612,sz001206,其它,其它
20260612,sz001233,其它,其它
20260612,sz001257,有色,周期资源
20260612,sz001299,油气,周期资源
20260612,sz001330,传媒,AI应用
20260612,sz001359,PCB,AI算力
20260612,sz001360,有色,周期资源
20260612,sz001378,化工,周期资源
20260612,sz001696,无人机,军工航天
20260612,sz002085,低空经济,军工航天
20260612,sz002088,其它,其它
20260612,sz002190,无人机,军工航天
20260612,sz002193,其它,其它
20260612,sz002200,其它,其它
20260612,sz002203,PCB,AI算力
20260612,sz002214,其它,其它
20260612,sz002215,化工,周期资源
20260612,sz002270,电网,新能源电网
20260612,sz002306,其它,其它
20260612,sz002345,有色,周期资源
20260612,sz002457,其它,其它
20260612,sz002496,其它,其它
20260612,sz002597,储能,新能源电网
20260612,sz002637,化工,周期资源
20260612,sz002733,低空经济,军工航天
20260612,sz002742,其它,其它
20260612,sz002789,其它,其它
20260612,sz002812,储能,新能源电网
20260612,sz002830,AI应用,AI应用
20260612,sz002882,储能,新能源电网
20260612,sz002927,算力,AI算力
20260612,sz002935,存储,AI算力
20260612,sz002969,其它,其它
20260612,sz002971,有色,周期资源
20260612,sz002976,光通信,AI算力
20260612,sz002985,无人机,军工航天
20260612,sz002997,机器人,机器人
20260612,sz003009,航天,军工航天
20260612,sz300377,金融科技,AI应用
20260612,sz300581,航天,军工航天
20260612,sz301176,PCB,AI算力
20260612,sz301323,有色,周期资源
20260612,sz301348,半导体,AI算力
20260615,sh600026,航运,周期资源
20260615,sh600110,PCB,AI算力
20260615,sh600176,PCB,AI算力
20260615,sh600183,PCB,AI算力
20260615,sh600226,PCB,AI算力
20260615,sh600237,元件,AI算力
20260615,sh600293,PCB,AI算力
20260615,sh600353,光通信,AI算力
20260615,sh600362,有色,周期资源
20260615,sh600375,其它,其它
20260615,sh600460,半导体,AI算力
20260615,sh600520,半导体,AI算力
20260615,sh600537,其它,其它
20260615,sh600545,化工,周期资源
20260615,sh600549,有色,周期资源
20260615,sh600563,元件,AI算力
20260615,sh600578,电力,新能源电网
20260615,sh600636,其它,其它
20260615,sh600678,其它,其它
20260615,sh600703,光通信,AI算力
20260615,sh600745,其它,其它
20260615,sh601022,航运,周期资源
20260615,sh601133,半导体,AI算力
20260615,sh601179,电网,新能源电网
20260615,sh601636,PCB,AI算力
20260615,sh601696,其它,其它
20260615,sh601872,航运,周期资源
20260615,sh601958,有色,周期资源
20260615,sh601975,航运,周期资源
20260615,sh603002,PCB,AI算力
20260615,sh603007,机器人,机器人
20260615,sh603011,PCB,AI算力
20260615,sh603045,机器人,机器人
20260615,sh603052,芯片,AI算力
20260615,sh603070,电网,新能源电网
20260615,sh603083,光通信,AI算力
20260615,sh603085,低空经济,军工航天
20260615,sh603093,其它,其它
20260615,sh603115,元件,AI算力
20260615,sh603137,其它,其它
20260615,sh603186,PCB,AI算力
20260615,sh603256,PCB,AI算力
20260615,sh603267,元件,AI算力
20260615,sh603327,消费电子,AI算力
20260615,sh603335,半导体,AI算力
20260615,sh603373,机器人,机器人
20260615,sh603407,有色,周期资源
20260615,sh603458,航天,军工航天
20260615,sh603499,存储,AI算力
20260615,sh603516,液冷,AI算力
20260615,sh603580,其它,其它
20260615,sh603595,其它,其它
20260615,sh603618,PCB,AI算力
20260615,sh603629,算力,AI算力
20260615,sh603678,元件,AI算力
20260615,sh603681,PCB,AI算力
20260615,sh603726,半导体,AI算力
20260615,sh603727,其它,其它
20260615,sh603738,光通信,AI算力
20260615,sh603800,PCB,AI算力
20260615,sh603806,PCB,AI算力
20260615,sh603922,其它,其它
20260615,sh603950,机器人,机器人
20260615,sh603959,其它,其它
20260615,sh603979,有色,周期资源
20260615,sh605058,PCB,AI算力
20260615,sh605111,半导体,AI算力
20260615,sh605198,其它,其它
20260615,sh605288,机器人,机器人
20260615,sh605289,AI应用,AI应用
20260615,sh605303,芯片,AI算力
20260615,sh605376,元件,AI算力
20260615,sh605589,PCB,AI算力
20260615,sh688090,机器人,机器人
20260615,sh688167,光通信,AI算力
20260615,sh688603,PCB,AI算力
20260615,sh688757,半导体,AI算力
20260615,sh688813,PCB,AI算力
20260615,sz000032,芯片,AI算力
20260615,sz000056,其它,其它
20260615,sz000070,光通信,AI算力
20260615,sz000411,医药,医药
20260615,sz000506,有色,周期资源
20260615,sz000510,化工,周期资源
20260615,sz000520,航运,周期资源
20260615,sz000545,化工,周期资源
20260615,sz000593,其它,其它
20260615,sz000636,元件,AI算力
20260615,sz000657,有色,周期资源
20260615,sz000700,机器人,机器人
20260615,sz000733,航天,军工航天
20260615,sz000777,核电,新能源电网
20260615,sz000811,液冷,AI算力
20260615,sz000823,PCB,AI算力
20260615,sz000960,有色,周期资源
20260615,sz000980,其它,其它
20260615,sz001256,其它,其它
20260615,sz001257,有色,周期资源
20260615,sz001359,PCB,AI算力
20260615,sz002021,机器人,机器人
20260615,sz002040,其它,其它
20260615,sz002051,其它,其它
20260615,sz002055,其它,其它
20260615,sz002080,PCB,AI算力
20260615,sz002082,其它,其它
20260615,sz002106,PCB,AI算力
20260615,sz002136,化工,周期资源
20260615,sz002137,机器人,机器人
20260615,sz002174,算力,AI算力
20260615,sz002193,其它,其它
20260615,sz002214,其它,其它
20260615,sz002263,元件,AI算力
20260615,sz002281,光通信,AI算力
20260615,sz002301,AI应用,AI应用
20260615,sz002335,算力,AI算力
20260615,sz002364,算力,AI算力
20260615,sz002384,光通信,AI算力
20260615,sz002426,消费电子,AI算力
20260615,sz002428,光通信,AI算力
20260615,sz002432,AI应用,AI应用
20260615,sz002440,化工,周期资源
20260615,sz002515,光通信,AI算力
20260615,sz002552,PCB,AI算力
20260615,sz002585,元件,AI算力
20260615,sz002613,化工,周期资源
20260615,sz002634,其它,其它
20260615,sz002635,元件,AI算力
20260615,sz002664,机器人,机器人
20260615,sz002730,算力,AI算力
20260615,sz002741,PCB,AI算力
20260615,sz002745,PCB,AI算力
20260615,sz002762,其它,其它
20260615,sz002806,元件,AI算力
20260615,sz002815,PCB,AI算力
20260615,sz002824,其它,其它
20260615,sz002849,算力,AI算力
20260615,sz002851,算力,AI算力
20260615,sz002859,元件,AI算力
20260615,sz002897,光通信,AI算力
20260615,sz002903,机器人,机器人
20260615,sz002913,PCB,AI算力
20260615,sz002961,其它,其它
20260615,sz002972,AI应用,AI应用
20260615,sz002975,液冷,AI算力
20260615,sz002977,其它,其它
20260615,sz002990,算力,AI算力
20260615,sz002992,PCB,AI算力
20260615,sz003036,机器人,机器人
20260615,sz300489,半导体,AI算力
20260615,sz300548,元件,AI算力
20260615,sz300570,光通信,AI算力
20260615,sz300588,AI应用,AI应用
20260615,sz300726,元件,AI算力
20260615,sz301176,PCB,AI算力
20260615,sz301196,PEEK,机器人
20260615,sz301217,PCB,AI算力
20260615,sz301362,PCB,AI算力
20260615,sz301373,PCB,AI算力
20260615,sz301387,光通信,AI算力
20260615,sz301566,元件,AI算力
20260616,920083.BJ,其它,其它
20260616,sh600052,其它,其它
20260616,sh600105,芯片,AI算力
20260616,sh600110,PCB,AI算力
20260616,sh600180,其它,其它
20260616,sh600186,算力,AI算力
20260616,sh600192,电网,新能源电网
20260616,sh600206,半导体,AI算力
20260616,sh600228,AI应用,AI应用
20260616,sh600353,光通信,AI算力
20260616,sh600370,其它,其它
20260616,sh600392,有色,周期资源
20260616,sh600397,有色,周期资源
20260616,sh600458,元件,AI算力
20260616,sh600500,PCB,AI算力
20260616,sh600537,其它,其它
20260616,sh600545,PCB,AI算力
20260616,sh600549,有色,周期资源
20260616,sh600615,机器人,机器人
20260616,sh600678,其它,其它
20260616,sh600753,其它,其它
20260616,sh600888,元件,AI算力
20260616,sh601020,有色,周期资源
20260616,sh601179,电网,新能源电网
20260616,sh601208,PCB,AI算力
20260616,sh601636,PCB,AI算力
20260616,sh603002,PCB,AI算力
20260616,sh603042,有色,周期资源
20260616,sh603045,机器人,机器人
20260616,sh603078,半导体,AI算力
20260616,sh603115,元件,AI算力
20260616,sh603125,半导体,AI算力
20260616,sh603166,核电,新能源电网
20260616,sh603169,核电,新能源电网
20260616,sh603175,PCB,AI算力
20260616,sh603186,PCB,AI算力
20260616,sh603191,电网,新能源电网
20260616,sh603196,储能,新能源电网
20260616,sh603256,PCB,AI算力
20260616,sh603260,化工,周期资源
20260616,sh603271,液冷,AI算力
20260616,sh603318,其它,其它
20260616,sh603407,有色,周期资源
20260616,sh603516,液冷,AI算力
20260616,sh603618,PCB,AI算力
20260616,sh603663,有色,周期资源
20260616,sh603721,AI应用,AI应用
20260616,sh603773,PCB,AI算力
20260616,sh603803,光通信,AI算力
20260616,sh603838,其它,其它
20260616,sh603861,算力,AI算力
20260616,sh603922,其它,其它
20260616,sh603949,机器人,机器人
20260616,sh603959,其它,其它
20260616,sh603989,元件,AI算力
20260616,sh605006,PCB,AI算力
20260616,sh605166,其它,其它
20260616,sh605198,PCB,AI算力
20260616,sh605255,芯片,AI算力
20260616,sh605289,AI应用,AI应用
20260616,sh605588,芯片,AI算力
20260616,sh688484,芯片,AI算力
20260616,sh688635,光通信,AI算力
20260616,sz000012,化工,周期资源
20260616,sz000029,其它,其它
20260616,sz000032,芯片,AI算力
20260616,sz000034,液冷,AI算力
20260616,sz000048,机器人,机器人
20260616,sz000541,半导体,AI算力
20260616,sz000564,其它,其它
20260616,sz000677,其它,其它
20260616,sz000679,其它,其它
20260616,sz000736,其它,其它
20260616,sz000777,核电,新能源电网
20260616,sz000791,其它,其它
20260616,sz000970,有色,周期资源
20260616,sz001257,有色,周期资源
20260616,sz001266,航天,军工航天
20260616,sz001283,机器人,机器人
20260616,sz001387,其它,其它
20260616,sz002008,PCB,AI算力
20260616,sz002047,光通信,AI算力
20260616,sz002055,其它,其它
20260616,sz002058,储能,新能源电网
20260616,sz002080,PCB,AI算力
20260616,sz002082,其它,其它
20260616,sz002141,PCB,AI算力
20260616,sz002160,其它,其它
20260616,sz002193,其它,其它
20260616,sz002194,航天,军工航天
20260616,sz002207,其它,其它
20260616,sz002217,算力,AI算力
20260616,sz002227,其它,其它
20260616,sz002303,其它,其它
20260616,sz002346,电网,新能源电网
20260616,sz002436,PCB,AI算力
20260616,sz002446,航天,军工航天
20260616,sz002449,光通信,AI算力
20260616,sz002484,元件,AI算力
20260616,sz002514,其它,其它
20260616,sz002515,光通信,AI算力
20260616,sz002552,PCB,AI算力
20260616,sz002581,其它,其它
20260616,sz002585,元件,AI算力
20260616,sz002630,其它,其它
20260616,sz002645,有色,周期资源
20260616,sz002672,有色,周期资源
20260616,sz002691,其它,其它
20260616,sz002700,其它,其它
20260616,sz002726,其它,其它
20260616,sz002729,电力,新能源电网
20260616,sz002734,储能,新能源电网
20260616,sz002735,核电,新能源电网
20260616,sz002741,PCB,AI算力
20260616,sz002774,AI应用,AI应用
20260616,sz002782,元件,AI算力
20260616,sz002805,储能,新能源电网
20260616,sz002806,元件,AI算力
20260616,sz002824,储能,新能源电网
20260616,sz002851,算力,AI算力
20260616,sz002885,元件,AI算力
20260616,sz002910,其它,其它
20260616,sz002927,算力,AI算力
20260616,sz002931,机器人,机器人
20260616,sz002977,其它,其它
20260616,sz002989,PCB,AI算力
20260616,sz002990,算力,AI算力
20260616,sz002993,算力,AI算力
20260616,sz300068,其它,其它
20260616,sz300145,算力,AI算力
20260616,sz300780,机器人,机器人
20260616,sz300843,机器人,机器人
20260616,sz300931,其它,其它
20260616,sz300964,PCB,AI算力
20260616,sz301000,机器人,机器人
20260616,sz301055,AI应用,AI应用
20260616,sz301099,光通信,AI算力
20260616,sz301176,PCB,AI算力
20260617,920122.BJ,其它,其它
20260617,sh600026,航运,周期资源
20260617,sh600110,PCB,AI算力
20260617,sh600176,PCB,AI算力
20260617,sh600186,算力,AI算力
20260617,sh600192,电网,新能源电网
20260617,sh600237,元件,AI算力
20260617,sh600353,光通信,AI算力
20260617,sh600370,其它,其它
20260617,sh600378,芯片,AI算力
20260617,sh600397,有色,周期资源
20260617,sh600537,其它,其它
20260617,sh600552,PCB,AI算力
20260617,sh600579,化工,周期资源
20260617,sh600615,机器人,机器人
20260617,sh600673,算力,AI算力
20260617,sh600676,其它,其它
20260617,sh600707,PCB,AI算力
20260617,sh600753,其它,其它
20260617,sh600876,PCB,AI算力
20260617,sh601117,化工,周期资源
20260617,sh601636,PCB,AI算力
20260617,sh603002,PCB,AI算力
20260617,sh603020,其它,其它
20260617,sh603115,元件,AI算力
20260617,sh603139,医药,医药
20260617,sh603186,PCB,AI算力
20260617,sh603261,其它,其它
20260617,sh603283,半导体,AI算力
20260617,sh603285,化工,周期资源
20260617,sh603324,半导体,AI算力
20260617,sh603429,其它,其它
20260617,sh603458,航天,军工航天
20260617,sh603488,军工,军工航天
20260617,sh603580,其它,其它
20260617,sh603601,航天,军工航天
20260617,sh603618,PCB,AI算力
20260617,sh603637,化工,周期资源
20260617,sh603773,PCB,AI算力
20260617,sh603880,医药,医药
20260617,sh603922,其它,其它
20260617,sh603929,芯片,AI算力
20260617,sh603959,其它,其它
20260617,sh603976,化工,周期资源
20260617,sh603986,存储,AI算力
20260617,sh603989,元件,AI算力
20260617,sh688079,PCB,AI算力
20260617,sh688082,半导体,AI算力
20260617,sh688260,元件,AI算力
20260617,sh688323,PCB,AI算力
20260617,sh688333,航天,军工航天
20260617,sh688598,机器人,机器人
20260617,sh688766,存储,AI算力
20260617,sz000050,PCB,AI算力
20260617,sz000100,PCB,AI算力
20260617,sz000672,半导体,AI算力
20260617,sz000679,其它,其它
20260617,sz000695,储能,新能源电网
20260617,sz000725,PCB,AI算力
20260617,sz000777,核电,新能源电网
20260617,sz000811,液冷,AI算力
20260617,sz000823,PCB,AI算力
20260617,sz001223,PCB,AI算力
20260617,sz001282,机器人,机器人
20260617,sz001326,机器人,机器人
20260617,sz001339,算力,AI算力
20260617,sz002080,PCB,AI算力
20260617,sz002082,其它,其它
20260617,sz002106,PCB,AI算力
20260617,sz002141,PCB,AI算力
20260617,sz002161,半导体,AI算力
20260617,sz002201,航天,军工航天
20260617,sz002254,光通信,AI算力
20260617,sz002404,其它,其它
20260617,sz002491,光通信,AI算力
20260617,sz002579,PCB,AI算力
20260617,sz002581,其它,其它
20260617,sz002741,PCB,AI算力
20260617,sz002789,其它,其它
20260617,sz002828,金融科技,AI应用
20260617,sz002906,智能驾驶,AI应用
20260617,sz002916,PCB,AI算力
20260617,sz002918,芯片,AI算力
20260617,sz002938,PCB,AI算力
20260617,sz002989,半导体,AI算力
20260617,sz300088,PCB,AI算力
20260617,sz300283,PCB,AI算力
20260617,sz300351,机器人,机器人
20260617,sz300386,金融科技,AI应用
20260617,sz300475,存储,AI算力
20260617,sz300584,创新药,医药
20260617,sz300735,算力,AI算力
20260617,sz300737,其它,其它
20260617,sz300903,PCB,AI算力
20260617,sz301111,医药,医药
20260617,sz301366,PCB,AI算力
20260618,sh600076,半导体,AI算力
20260618,sh600162,其它,其它
20260618,sh600226,PCB,AI算力
20260618,sh600259,有色,周期资源
20260618,sh600353,光通信,AI算力
20260618,sh600362,有色,周期资源
20260618,sh600381,其它,其它
20260618,sh600392,有色,周期资源
20260618,sh600397,有色,周期资源
20260618,sh600399,电网,新能源电网
20260618,sh600545,化工,周期资源
20260618,sh600667,存储,AI算力
20260618,sh600671,医药,医药
20260618,sh600769,其它,其它
20260618,sh600835,机器人,机器人
20260618,sh600851,创新药,医药
20260618,sh603001,其它,其它
20260618,sh603011,PCB,AI算力
20260618,sh603082,机器人,机器人
20260618,sh603124,PCB,AI算力
20260618,sh603127,AI应用,AI应用
20260618,sh603177,其它,其它
20260618,sh603201,其它,其它
20260618,sh603211,机器人,机器人
20260618,sh603223,其它,其它
20260618,sh603261,其它,其它
20260618,sh603313,其它,其它
20260618,sh603324,半导体,AI算力
20260618,sh603358,机器人,机器人
20260618,sh603380,PCB,AI算力
20260618,sh603389,其它,其它
20260618,sh603407,有色,周期资源
20260618,sh603496,算力,AI算力
20260618,sh603557,其它,其它
20260618,sh603580,其它,其它
20260618,sh603595,其它,其它
20260618,sh603616,PEEK,机器人
20260618,sh603663,有色,周期资源
20260618,sh603679,航天,军工航天
20260618,sh603843,其它,其它
20260618,sh603956,AI应用,AI应用
20260618,sh603989,有色,周期资源
20260618,sh603991,半导体,AI算力
20260618,sh605086,新材料,周期资源
20260618,sh605376,元件,AI算力
20260618,sh688227,AI应用,AI应用
20260618,sh688478,芯片,AI算力
20260618,sh688485,半导体,AI算力
20260618,sh688515,半导体,AI算力
20260618,sh688598,有色,周期资源
20260618,sh688671,AI应用,AI应用
20260618,sh688729,半导体,AI算力
20260618,sz000534,创新药,医药
20260618,sz000608,其它,其它
20260618,sz000657,有色,周期资源
20260618,sz000811,液冷,AI算力
20260618,sz000839,AI应用,AI应用
20260618,sz000889,算力,AI算力
20260618,sz001216,电网,新能源电网
20260618,sz001296,航天,军工航天
20260618,sz001339,算力,AI算力
20260618,sz001365,机器人,机器人
20260618,sz002068,元件,AI算力
20260618,sz002141,PCB,AI算力
20260618,sz002158,液冷,AI算力
20260618,sz002159,其它,其它
20260618,sz002167,有色,周期资源
20260618,sz002203,PCB,AI算力
20260618,sz002281,光通信,AI算力
20260618,sz002283,电网,新能源电网
20260618,sz002297,航天,军工航天
20260618,sz002317,创新药,医药
20260618,sz002354,机器人,机器人
20260618,sz002392,算力,AI算力
20260618,sz002432,AI应用,AI应用
20260618,sz002442,其它,其它
20260618,sz002485,其它,其它
20260618,sz002491,其它,其它
20260618,sz002579,PCB,AI算力
20260618,sz002655,新材料,周期资源
20260618,sz002674,机器人,机器人
20260618,sz002713,其它,其它
20260618,sz002747,机器人,机器人
20260618,sz002789,其它,其它
20260618,sz002805,元件,AI算力
20260618,sz002816,其它,其它
20260618,sz002842,有色,周期资源
20260618,sz002859,元件,AI算力
20260618,sz002897,元件,AI算力
20260618,sz002907,创新药,医药
20260618,sz002950,医药,医药
20260618,sz002971,芯片,AI算力
20260618,sz002989,半导体,AI算力
20260618,sz003031,光通信,AI算力
20260618,sz300166,算力,AI算力
20260618,sz300319,有色,周期资源
20260618,sz300522,PCB,AI算力
20260618,sz300861,有色,周期资源
20260618,sz301310,机器人,机器人
20260618,sz301580,有色,周期资源
20260618,sz301687,PCB,AI算力
20260622,920725.BJ,新材料,周期资源
20260622,920790.BJ,金融科技,AI应用
20260622,sh600058,黑色,周期资源
20260622,sh600078,化工,周期资源
20260622,sh600096,化工,周期资源
20260622,sh600141,PCB,AI算力
20260622,sh600160,化工,周期资源
20260622,sh600162,其它,其它
20260622,sh600172,新材料,周期资源
20260622,sh600178,无人机,军工航天
20260622,sh600206,有色,周期资源
20260622,sh600234,算力,AI算力
20260622,sh600345,光通信,AI算力
20260622,sh600352,化工,周期资源
20260622,sh600353,光通信,AI算力
20260622,sh600367,PCB,AI算力
20260622,sh600381,其它,其它
20260622,sh600397,有色,周期资源
20260622,sh600400,其它,其它
20260622,sh600470,化工,周期资源
20260622,sh600497,有色,周期资源
20260622,sh600531,有色,周期资源
20260622,sh600549,有色,周期资源
20260622,sh600552,有色,周期资源
20260622,sh600584,芯片,AI算力
20260622,sh600703,光通信,AI算力
20260622,sh600769,其它,其它
20260622,sh600791,其它,其它
20260622,sh600818,其它,其它
20260622,sh600851,创新药,医药
20260622,sh600869,液冷,AI算力
20260622,sh600961,有色,周期资源
20260622,sh600965,其它,其它
20260622,sh601020,有色,周期资源
20260622,sh601066,其它,其它
20260622,sh601108,其它,其它
20260622,sh601179,电网,新能源电网
20260622,sh601233,化工,周期资源
20260622,sh601336,其它,其它
20260622,sh601519,金融科技,AI应用
20260622,sh601869,光通信,AI算力
20260622,sh601958,有色,周期资源
20260622,sh603002,PCB,AI算力
20260622,sh603012,AI应用,AI应用
20260622,sh603021,其它,其它
20260622,sh603065,光通信,AI算力
20260622,sh603067,有色,周期资源
20260622,sh603082,机器人,机器人
20260622,sh603083,光通信,AI算力
20260622,sh603399,储能,新能源电网
20260622,sh603407,有色,周期资源
20260622,sh603429,其它,其它
20260622,sh603533,AI应用,AI应用
20260622,sh603557,其它,其它
20260622,sh603588,有色,周期资源
20260622,sh603595,其它,其它
20260622,sh603607,芯片,AI算力
20260622,sh603629,算力,AI算力
20260622,sh603661,算力,AI算力
20260622,sh603663,有色,周期资源
20260622,sh603668,其它,其它
20260622,sh603718,其它,其它
20260622,sh603727,其它,其它
20260622,sh603823,化工,周期资源
20260622,sh603906,储能,新能源电网
20260622,sh603938,半导体,AI算力
20260622,sh603950,机器人,机器人
20260622,sh603959,其它,其它
20260622,sh603976,化工,周期资源
20260622,sh603989,有色,周期资源
20260622,sh605020,化工,周期资源
20260622,sh605069,AI应用,AI应用
20260622,sh605168,AI应用,AI应用
20260622,sh605305,风电,新能源电网
20260622,sh605377,化工,周期资源
20260622,sh605580,电力,新能源电网
20260622,sh688367,其它,其它
20260622,sh688496,其它,其它
20260622,sh688662,光通信,AI算力
20260622,sz000012,化工,周期资源
20260622,sz000048,机器人,机器人
20260622,sz000056,其它,其它
20260622,sz000060,有色,周期资源
20260622,sz000070,光通信,AI算力
20260622,sz000510,有色,周期资源
20260622,sz000519,军工,军工航天
20260622,sz000545,化工,周期资源
20260622,sz000571,煤炭,周期资源
20260622,sz000612,有色,周期资源
20260622,sz000657,有色,周期资源
20260622,sz000682,电网,新能源电网
20260622,sz000751,有色,周期资源
20260622,sz000776,其它,其它
20260622,sz000783,其它,其它
20260622,sz000793,其它,其它
20260622,sz000811,液冷,AI算力
20260622,sz000823,PCB,AI算力
20260622,sz000833,化工,周期资源
20260622,sz000960,有色,周期资源
20260622,sz000962,有色,周期资源
20260622,sz000987,其它,其它
20260622,sz001296,航天,军工航天
20260622,sz001359,PCB,AI算力
20260622,sz002057,有色,周期资源
20260622,sz002068,储能,新能源电网
20260622,sz002114,有色,周期资源
20260622,sz002167,有色,周期资源
20260622,sz002175,其它,其它
20260622,sz002258,化工,周期资源
20260622,sz002297,有色,周期资源
20260622,sz002312,化工,周期资源
20260622,sz002346,算力,AI算力
20260622,sz002354,AI应用,AI应用
20260622,sz002367,机器人,机器人
20260622,sz002386,化工,周期资源
20260622,sz002407,储能,新能源电网
20260622,sz002409,半导体,AI算力
20260622,sz002418,元件,AI算力
20260622,sz002421,AI应用,AI应用
20260622,sz002424,其它,其它
20260622,sz002428,光通信,AI算力
20260622,sz002440,化工,周期资源
20260622,sz002485,其它,其它
20260622,sz002538,其它,其它
20260622,sz002539,化工,周期资源
20260622,sz002546,电网,新能源电网
20260622,sz002601,化工,周期资源
20260622,sz002655,新材料,周期资源
20260622,sz002657,算力,AI算力
20260622,sz002672,有色,周期资源
20260622,sz002674,光通信,AI算力
20260622,sz002805,元件,AI算力
20260622,sz002830,AI应用,AI应用
20260622,sz002842,有色,周期资源
20260622,sz002885,算力,AI算力
20260622,sz002910,其它,其它
20260622,sz002963,芯片,AI算力
20260622,sz002975,液冷,AI算力
20260622,sz003031,光通信,AI算力
20260622,sz300085,其它,其它
20260622,sz300179,PCB,AI算力
20260622,sz300243,PCB,AI算力
20260622,sz300401,其它,其它
20260622,sz300522,PCB,AI算力
20260622,sz300561,金融科技,AI应用
20260622,sz300882,电网,新能源电网
20260622,sz301071,新材料,周期资源
20260622,sz301139,其它,其它
20260622,sz301356,其它,其它
20260622,sz301548,机器人,机器人
20260622,sz301580,有色,周期资源
20260623,920035.BJ,液冷,AI算力
20260623,920662.BJ,液冷,AI算力
20260623,sh600080,其它,其它
20260623,sh600119,其它,其它
20260623,sh600171,芯片,AI算力
20260623,sh600172,新材料,周期资源
20260623,sh600187,其它,其它
20260623,sh600238,其它,其它
20260623,sh600243,其它,其它
20260623,sh600337,其它,其它
20260623,sh600360,半导体,AI算力
20260623,sh600365,其它,其它
20260623,sh600379,化工,周期资源
20260623,sh600397,有色,周期资源
20260623,sh600400,机器人,机器人
20260623,sh600405,算力,AI算力
20260623,sh600423,其它,其它
20260623,sh600470,化工,周期资源
20260623,sh600488,创新药,医药
20260623,sh600506,液冷,AI算力
20260623,sh600707,PCB,AI算力
20260623,sh600708,其它,其它
20260623,sh600719,电力,新能源电网
20260623,sh600743,其它,其它
20260623,sh600777,其它,其它
20260623,sh600793,化工,周期资源
20260623,sh600818,其它,其它
20260623,sh600843,低空经济,军工航天
20260623,sh600851,创新药,医药
20260623,sh600881,其它,其它
20260623,sh600892,其它,其它
20260623,sh600965,其它,其它
20260623,sh601011,新材料,周期资源
20260623,sh601869,光通信,AI算力
20260623,sh603007,机器人,机器人
20260623,sh603015,机器人,机器人
20260623,sh603021,其它,其它
20260623,sh603106,金融科技,AI应用
20260623,sh603116,航天,军工航天
20260623,sh603122,医药,医药
20260623,sh603210,其它,其它
20260623,sh603318,化工,周期资源
20260623,sh603335,半导体,AI算力
20260623,sh603407,有色,周期资源
20260623,sh603466,机器人,机器人
20260623,sh603595,其它,其它
20260623,sh603630,其它,其它
20260623,sh603669,创新药,医药
20260623,sh603717,储能,新能源电网
20260623,sh603718,其它,其它
20260623,sh603725,机器人,机器人
20260623,sh603757,算力,AI算力
20260623,sh603789,其它,其它
20260623,sh603863,化工,周期资源
20260623,sh603938,化工,周期资源
20260623,sh605069,AI应用,AI应用
20260623,sh605118,机器人,机器人
20260623,sh605167,核电,新能源电网
20260623,sh605336,其它,其它
20260623,sh605366,光伏,新能源电网
20260623,sh605369,医药,医药
20260623,sh605377,化工,周期资源
20260623,sh605580,电力,新能源电网
20260623,sh688291,半导体,AI算力
20260623,sz000042,其它,其它
20260623,sz000056,其它,其它
20260623,sz000070,光通信,AI算力
20260623,sz000551,芯片,AI算力
20260623,sz000566,创新药,医药
20260623,sz000571,煤炭,周期资源
20260623,sz000632,其它,其它
20260623,sz000691,医药,医药
20260623,sz000756,创新药,医药
20260623,sz000783,其它,其它
20260623,sz000813,创新药,医药
20260623,sz000882,其它,其它
20260623,sz001206,其它,其它
20260623,sz001225,机器人,机器人
20260623,sz001279,其它,其它
20260623,sz002014,其它,其它
20260623,sz002021,机器人,机器人
20260623,sz002031,机器人,机器人
20260623,sz002038,创新药,医药
20260623,sz002047,光通信,AI算力
20260623,sz002068,储能,新能源电网
20260623,sz002141,PCB,AI算力
20260623,sz002167,有色,周期资源
20260623,sz002196,机器人,机器人
20260623,sz002198,其它,其它
20260623,sz002211,其它,其它
20260623,sz002289,其它,其它
20260623,sz002323,其它,其它
20260623,sz002370,创新药,医药
20260623,sz002374,其它,其它
20260623,sz002420,机器人,机器人
20260623,sz002424,其它,其它
20260623,sz002453,半导体,AI算力
20260623,sz002522,光通信,AI算力
20260623,sz002549,化工,周期资源
20260623,sz002580,液冷,AI算力
20260623,sz002584,半导体,AI算力
20260623,sz002592,其它,其它
20260623,sz002631,新材料,周期资源
20260623,sz002648,化工,周期资源
20260623,sz002672,有色,周期资源
20260623,sz002674,光通信,AI算力
20260623,sz002687,其它,其它
20260623,sz002717,其它,其它
20260623,sz002726,其它,其它
20260623,sz002728,医药,医药
20260623,sz002822,其它,其它
20260623,sz002830,AI应用,AI应用
20260623,sz002871,液冷,AI算力
20260623,sz002921,机器人,机器人
20260623,sz002962,PCB,AI算力
20260623,sz002976,光通信,AI算力
20260623,sz300085,金融科技,AI应用
20260623,sz300149,创新药,医药
20260623,sz300167,其它,其它
20260623,sz300665,半导体,AI算力
20260623,sz300721,半导体,AI算力
20260623,sz300835,有色,周期资源
20260623,sz300961,其它,其它
20260623,sz301211,医药,医药
20260624,sh600026,航运,周期资源
20260624,sh600105,芯片,AI算力
20260624,sh600141,PCB,AI算力
20260624,sh600176,PCB,AI算力
20260624,sh600226,PCB,AI算力
20260624,sh600246,芯片,AI算力
20260624,sh600289,其它,其它
20260624,sh600379,电网,新能源电网
20260624,sh600497,有色,周期资源
20260624,sh600563,元件,AI算力
20260624,sh600584,PCB,AI算力
20260624,sh600596,光通信,AI算力
20260624,sh600667,存储,AI算力
20260624,sh600703,光通信,AI算力
20260624,sh600877,芯片,AI算力
20260624,sh600909,其它,其它
20260624,sh601133,芯片,AI算力
20260624,sh601872,航运,周期资源
20260624,sh603001,其它,其它
20260624,sh603021,其它,其它
20260624,sh603045,机器人,机器人
20260624,sh603061,半导体,AI算力
20260624,sh603083,光通信,AI算力
20260624,sh603203,液冷,AI算力
20260624,sh603297,PCB,AI算力
20260624,sh603317,其它,其它
20260624,sh603324,半导体,AI算力
20260624,sh603386,PCB,AI算力
20260624,sh603399,有色,周期资源
20260624,sh603407,有色,周期资源
20260624,sh603595,其它,其它
20260624,sh603650,PCB,AI算力
20260624,sh603678,元件,AI算力
20260624,sh603698,航天,军工航天
20260624,sh603713,其它,其它
20260624,sh603929,芯片,AI算力
20260624,sh603938,化工,周期资源
20260624,sh603948,储能,新能源电网
20260624,sh603986,存储,AI算力
20260624,sh603989,有色,周期资源
20260624,sh605020,液冷,AI算力
20260624,sh605069,AI应用,AI应用
20260624,sh605151,其它,其它
20260624,sh605277,有色,周期资源
20260624,sh605336,其它,其它
20260624,sh605366,光通信,AI算力
20260624,sh605598,航天,军工航天
20260624,sh688123,存储,AI算力
20260624,sh688403,PCB,AI算力
20260624,sh688593,光通信,AI算力
20260624,sz000021,半导体,AI算力
20260624,sz000032,芯片,AI算力
20260624,sz000566,创新药,医药
20260624,sz000818,算力,AI算力
20260624,sz000823,PCB,AI算力
20260624,sz000838,其它,其它
20260624,sz000908,创新药,医药
20260624,sz000925,算力,AI算力
20260624,sz000967,算力,AI算力
20260624,sz001339,算力,AI算力
20260624,sz001359,PCB,AI算力
20260624,sz002025,光通信,AI算力
20260624,sz002046,其它,其它
20260624,sz002051,其它,其它
20260624,sz002080,PCB,AI算力
20260624,sz002167,有色,周期资源
20260624,sz002192,储能,新能源电网
20260624,sz002240,储能,新能源电网
20260624,sz002254,光通信,AI算力
20260624,sz002289,其它,其它
20260624,sz002303,其它,其它
20260624,sz002354,AI应用,AI应用
20260624,sz002364,算力,AI算力
20260624,sz002409,半导体,AI算力
20260624,sz002427,其它,其它
20260624,sz002428,光通信,AI算力
20260624,sz002452,算力,AI算力
20260624,sz002491,光通信,AI算力
20260624,sz002497,储能,新能源电网
20260624,sz002520,机器人,机器人
20260624,sz002536,机器人,机器人
20260624,sz002550,创新药,医药
20260624,sz002552,PCB,AI算力
20260624,sz002580,液冷,AI算力
20260624,sz002584,PCB,AI算力
20260624,sz002600,机器人,机器人
20260624,sz002631,新材料,周期资源
20260624,sz002643,半导体,AI算力
20260624,sz002674,光通信,AI算力
20260624,sz002687,其它,其它
20260624,sz002713,其它,其它
20260624,sz002803,AI应用,AI应用
20260624,sz002821,医药,医药
20260624,sz002822,其它,其它
20260624,sz002876,其它,其它
20260624,sz002897,元件,AI算力
20260624,sz002943,芯片,AI算力
20260624,sz002990,算力,AI算力
20260624,sz003018,算力,AI算力
20260624,sz003043,半导体,AI算力
20260624,sz300506,半导体,AI算力
20260624,sz301132,PCB,AI算力
20260624,sz301310,机器人,机器人
20260624,sz301366,PCB,AI算力
20260624,sz301396,算力,AI算力
20260624,sz301669,储能,新能源电网
20260625,920249.BJ,半导体,AI算力
20260625,sh600058,黑色,周期资源
20260625,sh600141,液冷,AI算力
20260625,sh600152,储能,新能源电网
20260625,sh600184,光通信,AI算力
20260625,sh600186,算力,AI算力
20260625,sh600228,其它,其它
20260625,sh600237,元件,AI算力
20260625,sh600330,光通信,AI算力
20260625,sh600458,元件,AI算力
20260625,sh600500,PCB,AI算力
20260625,sh600516,新材料,周期资源
20260625,sh600579,化工,周期资源
20260625,sh600584,PCB,AI算力
20260625,sh600667,存储,AI算力
20260625,sh600668,创新药,医药
20260625,sh600678,其它,其它
20260625,sh600857,其它,其它
20260625,sh600888,元件,AI算力
20260625,sh600903,其它,其它
20260625,sh600962,芯片,AI算力
20260625,sh601798,其它,其它
20260625,sh603010,半导体,AI算力
20260625,sh603019,算力,AI算力
20260625,sh603063,算力,AI算力
20260625,sh603065,光通信,AI算力
20260625,sh603067,有色,周期资源
20260625,sh603115,元件,AI算力
20260625,sh603267,元件,AI算力
20260625,sh603313,AI应用,AI应用
20260625,sh603335,半导体,AI算力
20260625,sh603378,其它,其它
20260625,sh603459,PCB,AI算力
20260625,sh603500,元件,AI算力
20260625,sh603527,PCB,AI算力
20260625,sh603595,其它,其它
20260625,sh603661,算力,AI算力
20260625,sh603678,元件,AI算力
20260625,sh603690,半导体,AI算力
20260625,sh603733,元件,AI算力
20260625,sh603800,PCB,AI算力
20260625,sh603929,芯片,AI算力
20260625,sh603956,液冷,AI算力
20260625,sh603989,元件,AI算力
20260625,sh605300,其它,其它
20260625,sh605318,AI应用,AI应用
20260625,sh605366,光通信,AI算力
20260625,sh605376,元件,AI算力
20260625,sh605589,PCB,AI算力
20260625,sh688093,PCB,AI算力
20260625,sh688376,半导体,AI算力
20260625,sh688380,芯片,AI算力
20260625,sh688381,光通信,AI算力
20260625,sh688669,新材料,周期资源
20260625,sz000034,算力,AI算力
20260625,sz000048,机器人,机器人
20260625,sz000056,其它,其它
20260625,sz000100,PCB,AI算力
20260625,sz000609,其它,其它
20260625,sz000636,元件,AI算力
20260625,sz000766,创新药,医药
20260625,sz000783,其它,其它
20260625,sz000811,液冷,AI算力
20260625,sz000818,算力,AI算力
20260625,sz000823,PCB,AI算力
20260625,sz000962,有色,周期资源
20260625,sz001309,存储,AI算力
20260625,sz001330,传媒,AI应用
20260625,sz002025,光通信,AI算力
20260625,sz002056,有色,周期资源
20260625,sz002068,储能,新能源电网
20260625,sz002080,PCB,AI算力
20260625,sz002141,PCB,AI算力
20260625,sz002254,光通信,AI算力
20260625,sz002303,其它,其它
20260625,sz002387,PCB,AI算力
20260625,sz002484,元件,AI算力
20260625,sz002518,算力,AI算力
20260625,sz002558,传媒,AI应用
20260625,sz002579,PCB,AI算力
20260625,sz002654,存储,AI算力
20260625,sz002674,光通信,AI算力
20260625,sz002787,储能,新能源电网
20260625,sz002822,其它,其它
20260625,sz002842,有色,周期资源
20260625,sz002928,其它,其它
20260625,sz002965,机器人,机器人
20260625,sz002980,光通信,AI算力
20260625,sz002990,算力,AI算力
20260625,sz300223,存储,AI算力
20260625,sz300650,半导体,AI算力
20260625,sz300819,PCB,AI算力
20260626,sh600118,航天,军工航天
20260626,sh600180,其它,其它
20260626,sh600228,其它,其它
20260626,sh600343,航天,军工航天
20260626,sh600367,元件,AI算力
20260626,sh600481,液冷,AI算力
20260626,sh600539,半导体,AI算力
20260626,sh600545,化工,周期资源
20260626,sh600552,有色,周期资源
20260626,sh600568,其它,其它
20260626,sh600730,其它,其它
20260626,sh600745,其它,其它
20260626,sh600962,芯片,AI算力
20260626,sh601016,电力,新能源电网
20260626,sh601133,芯片,AI算力
20260626,sh601369,化工,周期资源
20260626,sh603155,化工,周期资源
20260626,sh603163,芯片,AI算力
20260626,sh603194,机器人,机器人
20260626,sh603261,无人机,军工航天
20260626,sh603270,机器人,机器人
20260626,sh603377,其它,其它
20260626,sh603595,其它,其它
20260626,sh603650,PCB,AI算力
20260626,sh603687,算力,AI算力
20260626,sh603698,氢能,新能源电网
20260626,sh603722,氢能,新能源电网
20260626,sh603861,算力,AI算力
20260626,sh603903,氢能,新能源电网
20260626,sh603928,化工,周期资源
20260626,sh603956,液冷,AI算力
20260626,sh603977,航天,军工航天
20260626,sh605296,其它,其它
20260626,sh605366,化工,周期资源
20260626,sh605399,化工,周期资源
20260626,sh688409,半导体,AI算力
20260626,sh688432,半导体,AI算力
20260626,sh688596,化工,周期资源
20260626,sz000056,其它,其它
20260626,sz000609,其它,其它
20260626,sz000620,存储,AI算力
20260626,sz000823,PCB,AI算力
20260626,sz000838,其它,其它
20260626,sz001210,算力,AI算力
20260626,sz001215,其它,其它
20260626,sz001270,半导体,AI算力
20260626,sz001289,电力,新能源电网
20260626,sz001389,PCB,AI算力
20260626,sz001400,液冷,AI算力
20260626,sz002106,PCB,AI算力
20260626,sz002119,半导体,AI算力
20260626,sz002129,光伏,新能源电网
20260626,sz002141,PCB,AI算力
20260626,sz002180,机器人,机器人
20260626,sz002253,其它,其它
20260626,sz002354,AI应用,AI应用
20260626,sz002538,其它,其它
20260626,sz002559,机器人,机器人
20260626,sz002568,其它,其它
20260626,sz002674,其它,其它
20260626,sz002713,其它,其它
20260626,sz002816,其它,其它
20260626,sz002822,其它,其它
20260626,sz002910,其它,其它
20260626,sz002930,存储,AI算力
20260626,sz002962,PCB,AI算力
20260626,sz002965,机器人,机器人
20260626,sz003033,机器人,机器人
20260626,sz300162,PCB,AI算力
20260626,sz300264,AI应用,AI应用
20260626,sz300540,氢能,新能源电网
20260626,sz301051,消费电子,AI算力
20260626,sz301349,其它,其它
20260629,920367.BJ,医药,医药
20260629,sh600113,其它,其它
20260629,sh600129,医药,医药
20260629,sh600180,其它,其它
20260629,sh600222,医药,医药
20260629,sh600363,核电,新能源电网
20260629,sh600370,其它,其它
20260629,sh600378,化工,周期资源
20260629,sh600468,电网,新能源电网
20260629,sh600488,创新药,医药
20260629,sh600557,医药,医药
20260629,sh600568,其它,其它
20260629,sh600576,其它,其它
20260629,sh600735,其它,其它
20260629,sh600745,其它,其它
20260629,sh600818,其它,其它
20260629,sh600857,其它,其它
20260629,sh600867,创新药,医药
20260629,sh600965,其它,其它
20260629,sh601133,芯片,AI算力
20260629,sh601611,核电,新能源电网
20260629,sh601636,PCB,AI算力
20260629,sh603032,机器人,机器人
20260629,sh603033,化工,周期资源
20260629,sh603061,半导体,AI算力
20260629,sh603155,半导体,AI算力
20260629,sh603163,芯片,AI算力
20260629,sh603222,创新药,医药
20260629,sh603283,半导体,AI算力
20260629,sh603318,化工,周期资源
20260629,sh603336,创新药,医药
20260629,sh603389,其它,其它
20260629,sh603435,其它,其它
20260629,sh603459,PCB,AI算力
20260629,sh603477,其它,其它
20260629,sh603516,液冷,AI算力
20260629,sh603580,其它,其它
20260629,sh603606,其它,其它
20260629,sh603650,PCB,AI算力
20260629,sh603726,半导体,AI算力
20260629,sh603880,医药,医药
20260629,sh603928,化工,周期资源
20260629,sh603950,机器人,机器人
20260629,sh603956,液冷,AI算力
20260629,sh603983,其它,其它
20260629,sh605060,电网,新能源电网
20260629,sh605098,其它,其它
20260629,sh605178,存储,AI算力
20260629,sh605300,其它,其它
20260629,sh605377,化工,周期资源
20260629,sh605499,其它,其它
20260629,sh688120,半导体,AI算力
20260629,sh688198,医药,医药
20260629,sh688233,半导体,AI算力
20260629,sh688336,创新药,医药
20260629,sh688432,半导体,AI算力
20260629,sh688548,化工,周期资源
20260629,sh688689,半导体,AI算力
20260629,sh688765,医药,医药
20260629,sh688796,医药,医药
20260629,sz000004,其它,其它
20260629,sz000017,储能,新能源电网
20260629,sz000021,半导体,AI算力
20260629,sz000056,其它,其它
20260629,sz000521,其它,其它
20260629,sz000551,化工,周期资源
20260629,sz000566,创新药,医药
20260629,sz000609,其它,其它
20260629,sz000751,有色,周期资源
20260629,sz000756,创新药,医药
20260629,sz000759,其它,其它
20260629,sz000777,核电,新能源电网
20260629,sz000826,其它,其它
20260629,sz000920,芯片,AI算力
20260629,sz000959,机器人,机器人
20260629,sz000988,光通信,AI算力
20260629,sz001229,AI应用,AI应用
20260629,sz001237,其它,其它
20260629,sz001301,其它,其它
20260629,sz002038,创新药,医药
20260629,sz002180,半导体,AI算力
20260629,sz002208,存储,AI算力
20260629,sz002237,有色,周期资源
20260629,sz002255,核电,新能源电网
20260629,sz002277,半导体,AI算力
20260629,sz002317,创新药,医药
20260629,sz002323,其它,其它
20260629,sz002342,航天,军工航天
20260629,sz002366,核电,新能源电网
20260629,sz002370,创新药,医药
20260629,sz002407,半导体,AI算力
20260629,sz002409,化工,周期资源
20260629,sz002422,创新药,医药
20260629,sz002437,医药,医药
20260629,sz002485,其它,其它
20260629,sz002521,化工,周期资源
20260629,sz002549,化工,周期资源
20260629,sz002568,其它,其它
20260629,sz002624,传媒,AI应用
20260629,sz002628,化工,周期资源
20260629,sz002638,其它,其它
20260629,sz002639,核电,新能源电网
20260629,sz002653,创新药,医药
20260629,sz002687,其它,其它
20260629,sz002693,医药,医药
20260629,sz002728,医药,医药
20260629,sz002821,医药,医药
20260629,sz002822,其它,其它
20260629,sz002828,金融科技,AI应用
20260629,sz002856,其它,其它
20260629,sz002859,元件,AI算力
20260629,sz002915,化工,周期资源
20260629,sz003004,光通信,AI算力
20260629,sz003006,其它,其它
20260629,sz003019,PCB,AI算力
20260629,sz003043,半导体,AI算力
20260629,sz300204,创新药,医药
20260629,sz300434,创新药,医药
20260629,sz300436,创新药,医药
20260629,sz301030,其它,其它
20260629,sz301033,医药,医药
20260629,sz301307,机器人,机器人
20260629,sz301520,医药,医药
20260629,sz301528,元件,AI算力
20260630,sh600076,半导体,AI算力
20260630,sh600113,其它,其它
20260630,sh600180,其它,其它
20260630,sh600184,光通信,AI算力
20260630,sh600363,航天,军工航天
20260630,sh600370,其它,其它
20260630,sh600378,芯片,AI算力
20260630,sh600379,电网,新能源电网
20260630,sh600391,低空经济,军工航天
20260630,sh600405,算力,AI算力
20260630,sh600537,其它,其它
20260630,sh600568,其它,其它
20260630,sh600601,PCB,AI算力
20260630,sh600641,半导体,AI算力
20260630,sh600707,PCB,AI算力
20260630,sh600735,其它,其它
20260630,sh600737,其它,其它
20260630,sh600783,航天,军工航天
20260630,sh600819,化工,周期资源
20260630,sh600846,其它,其它
20260630,sh601882,其它,其它
20260630,sh603005,PCB,AI算力
20260630,sh603019,算力,AI算力
20260630,sh603033,化工,周期资源
20260630,sh603061,半导体,AI算力
20260630,sh603067,有色,周期资源
20260630,sh603078,半导体,AI算力
20260630,sh603118,光通信,AI算力
20260630,sh603120,化工,周期资源
20260630,sh603125,半导体,AI算力
20260630,sh603130,机器人,机器人
20260630,sh603211,机器人,机器人
20260630,sh603212,半导体,AI算力
20260630,sh603222,创新药,医药
20260630,sh603226,其它,其它
20260630,sh603236,航天,军工航天
20260630,sh603272,其它,其它
20260630,sh603290,半导体,AI算力
20260630,sh603322,算力,AI算力
20260630,sh603335,存储,AI算力
20260630,sh603366,其它,其它
20260630,sh603379,半导体,AI算力
20260630,sh603459,PCB,AI算力
20260630,sh603559,其它,其它
20260630,sh603577,电网,新能源电网
20260630,sh603607,芯片,AI算力
20260630,sh603657,其它,其它
20260630,sh603662,机器人,机器人
20260630,sh603728,机器人,机器人
20260630,sh603823,化工,周期资源
20260630,sh603928,化工,周期资源
20260630,sh603950,机器人,机器人
20260630,sh603983,其它,其它
20260630,sh603985,算力,AI算力
20260630,sh603991,半导体,AI算力
20260630,sh605018,机器人,机器人
20260630,sh605111,半导体,AI算力
20260630,sh605133,机器人,机器人
20260630,sh605208,机器人,机器人
20260630,sh688048,芯片,AI算力
20260630,sh688220,算力,AI算力
20260630,sh688286,机器人,机器人
20260630,sh688328,机器人,机器人
20260630,sh688352,芯片,AI算力
20260630,sh688355,机器人,机器人
20260630,sh688502,芯片,AI算力
20260630,sh688589,芯片,AI算力
20260630,sh688728,半导体,AI算力
20260630,sz000004,其它,其它
20260630,sz000012,化工,周期资源
20260630,sz000016,其它,其它
20260630,sz000017,储能,新能源电网
20260630,sz000026,光通信,AI算力
20260630,sz000056,其它,其它
20260630,sz000100,PCB,AI算力
20260630,sz000566,创新药,医药
20260630,sz000603,有色,周期资源
20260630,sz000620,存储,AI算力
20260630,sz000711,其它,其它
20260630,sz000801,航天,军工航天
20260630,sz000811,液冷,AI算力
20260630,sz000818,算力,AI算力
20260630,sz000820,其它,其它
20260630,sz000821,其它,其它
20260630,sz000826,其它,其它
20260630,sz000829,消费电子,AI算力
20260630,sz000859,半导体,AI算力
20260630,sz000909,其它,其它
20260630,sz000938,光通信,AI算力
20260630,sz000967,算力,AI算力
20260630,sz000970,有色,周期资源
20260630,sz001229,AI应用,AI应用
20260630,sz001237,其它,其它
20260630,sz001314,消费电子,AI算力
20260630,sz001331,机器人,机器人
20260630,sz001358,半导体,AI算力
20260630,sz002009,储能,新能源电网
20260630,sz002036,光通信,AI算力
20260630,sz002053,电力,新能源电网
20260630,sz002055,其它,其它
20260630,sz002106,PCB,AI算力
20260630,sz002119,半导体,AI算力
20260630,sz002167,有色,周期资源
20260630,sz002175,其它,其它
20260630,sz002182,机器人,机器人
20260630,sz002193,其它,其它
20260630,sz002202,航天,军工航天
20260630,sz002208,芯片,AI算力
20260630,sz002273,PCB,AI算力
20260630,sz002290,算力,AI算力
20260630,sz002310,电力,新能源电网
20260630,sz002360,其它,其它
20260630,sz002396,光通信,AI算力
20260630,sz002402,机器人,机器人
20260630,sz002407,半导体,AI算力
20260630,sz002446,航天,军工航天
20260630,sz002472,机器人,机器人
20260630,sz002485,其它,其它
20260630,sz002514,其它,其它
20260630,sz002518,算力,AI算力
20260630,sz002569,其它,其它
20260630,sz002586,其它,其它
20260630,sz002587,机器人,机器人
20260630,sz002600,机器人,机器人
20260630,sz002615,其它,其它
20260630,sz002628,化工,周期资源
20260630,sz002631,新材料,周期资源
20260630,sz002638,其它,其它
20260630,sz002650,其它,其它
20260630,sz002654,存储,AI算力
20260630,sz002717,其它,其它
20260630,sz002738,储能,新能源电网
20260630,sz002747,机器人,机器人
20260630,sz002779,机器人,机器人
20260630,sz002805,元件,AI算力
20260630,sz002808,其它,其它
20260630,sz002816,其它,其它
20260630,sz002822,其它,其它
20260630,sz002830,AI应用,AI应用
20260630,sz002833,机器人,机器人
20260630,sz002849,算力,AI算力
20260630,sz002856,其它,其它
20260630,sz002897,元件,AI算力
20260630,sz002902,光通信,AI算力
20260630,sz002903,机器人,机器人
20260630,sz002921,机器人,机器人
20260630,sz002929,算力,AI算力
20260630,sz002931,机器人,机器人
20260630,sz002955,其它,其它
20260630,sz002977,其它,其它
20260630,sz003009,航天,军工航天
20260630,sz003043,半导体,AI算力
20260630,sz300020,其它,其它
20260630,sz300044,其它,其它
20260630,sz300269,PCB,AI算力
20260630,sz300270,算力,AI算力
20260630,sz300321,其它,其它
20260630,sz300503,机器人,机器人
20260630,sz300518,传媒,AI应用
20260630,sz300540,化工,周期资源
20260630,sz300545,半导体,AI算力
20260630,sz300563,元件,AI算力
20260630,sz300671,芯片,AI算力
20260630,sz300873,机器人,机器人
20260630,sz300980,机器人,机器人
20260630,sz301045,机器人,机器人
20260630,sz301165,光通信,AI算力
20260630,sz301379,存储,AI算力
20260630,sz301513,储能,新能源电网
20260630,sz301607,算力,AI算力
20260701,920090.BJ,其它,其它
20260701,920699.BJ,算力,AI算力
20260701,sh600053,其它,其它
20260701,sh600076,半导体,AI算力
20260701,sh600080,其它,其它
20260701,sh600082,其它,其它
20260701,sh600113,其它,其它
20260701,sh600119,其它,其它
20260701,sh600179,航运,周期资源
20260701,sh600180,其它,其它
20260701,sh600182,其它,其它
20260701,sh600199,其它,其它
20260701,sh600208,芯片,AI算力
20260701,sh600233,其它,其它
20260701,sh600397,有色,周期资源
20260701,sh600423,其它,其它
20260701,sh600446,金融科技,AI应用
20260701,sh600470,化工,周期资源
20260701,sh600491,其它,其它
20260701,sh600509,芯片,AI算力
20260701,sh600543,其它,其它
20260701,sh600581,其它,其它
20260701,sh600641,半导体,AI算力
20260701,sh600658,半导体,AI算力
20260701,sh600661,其它,其它
20260701,sh600665,其它,其它
20260701,sh600667,存储,AI算力
20260701,sh600673,算力,AI算力
20260701,sh600724,其它,其它
20260701,sh600725,化工,周期资源
20260701,sh600734,其它,其它
20260701,sh600759,其它,其它
20260701,sh600783,航天,军工航天
20260701,sh600784,机器人,机器人
20260701,sh600793,化工,周期资源
20260701,sh600825,传媒,AI应用
20260701,sh600826,AI应用,AI应用
20260701,sh600845,AI应用,AI应用
20260701,sh600857,其它,其它
20260701,sh600885,电网,新能源电网
20260701,sh600909,其它,其它
20260701,sh600965,其它,其它
20260701,sh600975,其它,其它
20260701,sh601010,其它,其它
20260701,sh601162,其它,其它
20260701,sh601718,其它,其它
20260701,sh601933,其它,其它
20260701,sh601991,电力,新能源电网
20260701,sh603014,医药,医药
20260701,sh603021,其它,其它
20260701,sh603040,机器人,机器人
20260701,sh603120,化工,周期资源
20260701,sh603131,航天,军工航天
20260701,sh603137,存储,AI算力
20260701,sh603166,机器人,机器人
20260701,sh603173,化工,周期资源
20260701,sh603189,其它,其它
20260701,sh603212,元件,AI算力
20260701,sh603272,其它,其它
20260701,sh603325,其它,其它
20260701,sh603330,光通信,AI算力
20260701,sh603351,医药,医药
20260701,sh603353,PCB,AI算力
20260701,sh603359,其它,其它
20260701,sh603360,化工,周期资源
20260701,sh603363,其它,其它
20260701,sh603378,其它,其它
20260701,sh603379,芯片,AI算力
20260701,sh603429,其它,其它
20260701,sh603499,存储,AI算力
20260701,sh603505,化工,周期资源
20260701,sh603538,医药,医药
20260701,sh603557,其它,其它
20260701,sh603567,医药,医药
20260701,sh603595,其它,其它
20260701,sh603615,其它,其它
20260701,sh603666,机器人,机器人
20260701,sh603682,AI应用,AI应用
20260701,sh603718,其它,其它
20260701,sh603725,机器人,机器人
20260701,sh603729,其它,其它
20260701,sh603738,其它,其它
20260701,sh603758,机器人,机器人
20260701,sh603789,其它,其它
20260701,sh603828,其它,其它
20260701,sh603859,AI应用,AI应用
20260701,sh603948,半导体,AI算力
20260701,sh603991,半导体,AI算力
20260701,sh605155,其它,其它
20260701,sh605178,存储,AI算力
20260701,sh605189,PEEK,机器人
20260701,sh605199,其它,其它
20260701,sh605289,AI应用,AI应用
20260701,sh605488,机器人,机器人
20260701,sh688106,化工,周期资源
20260701,sh688247,医药,医药
20260701,sh688553,创新药,医药
20260701,sh688571,PCB,AI算力
20260701,sh688728,半导体,AI算力
20260701,sz000004,其它,其它
20260701,sz000010,其它,其它
20260701,sz000016,其它,其它
20260701,sz000068,其它,其它
20260701,sz000078,其它,其它
20260701,sz000520,航运,周期资源
20260701,sz000521,其它,其它
20260701,sz000536,PCB,AI算力
20260701,sz000545,化工,周期资源
20260701,sz000566,创新药,医药
20260701,sz000601,其它,其它
20260701,sz000603,有色,周期资源
20260701,sz000609,其它,其它
20260701,sz000610,其它,其它
20260701,sz000632,其它,其它
20260701,sz000639,其它,其它
20260701,sz000669,其它,其它
20260701,sz000677,其它,其它
20260701,sz000698,其它,其它
20260701,sz000711,其它,其它
20260701,sz000733,元件,AI算力
20260701,sz000757,其它,其它
20260701,sz000795,机器人,机器人
20260701,sz000820,其它,其它
20260701,sz000863,其它,其它
20260701,sz000876,其它,其它
20260701,sz000909,其它,其它
20260701,sz000911,其它,其它
20260701,sz000925,算力,AI算力
20260701,sz001256,其它,其它
20260701,sz001269,芯片,AI算力
20260701,sz001313,机器人,机器人
20260701,sz001331,机器人,机器人
20260701,sz001365,机器人,机器人
20260701,sz002005,其它,其它
20260701,sz002052,算力,AI算力
20260701,sz002053,电力,新能源电网
20260701,sz002102,其它,其它
20260701,sz002109,其它,其它
20260701,sz002123,算力,AI算力
20260701,sz002124,其它,其它
20260701,sz002161,AI应用,AI应用
20260701,sz002167,有色,周期资源
20260701,sz002175,其它,其它
20260701,sz002184,AI应用,AI应用
20260701,sz002193,其它,其它
20260701,sz002198,其它,其它
20260701,sz002199,其它,其它
20260701,sz002200,其它,其它
20260701,sz002207,其它,其它
20260701,sz002232,AI应用,AI应用
20260701,sz002268,AI应用,AI应用
20260701,sz002273,光通信,AI算力
20260701,sz002277,半导体,AI算力
20260701,sz002305,其它,其它
20260701,sz002313,机器人,机器人
20260701,sz002326,半导体,AI算力
20260701,sz002329,其它,其它
20260701,sz002360,其它,其它
20260701,sz002396,光通信,AI算力
20260701,sz002403,机器人,机器人
20260701,sz002407,芯片,AI算力
20260701,sz002423,其它,其它
20260701,sz002440,化工,周期资源
20260701,sz002442,化工,周期资源
20260701,sz002455,化工,周期资源
20260701,sz002458,其它,其它
20260701,sz002468,其它,其它
20260701,sz002514,其它,其它
20260701,sz002524,AI应用,AI应用
20260701,sz002542,其它,其它
20260701,sz002547,其它,其它
20260701,sz002548,其它,其它
20260701,sz002559,存储,AI算力
20260701,sz002569,其它,其它
20260701,sz002592,其它,其它
20260701,sz002607,其它,其它
20260701,sz002620,其它,其它
20260701,sz002635,光通信,AI算力
20260701,sz002656,其它,其它
20260701,sz002667,其它,其它
20260701,sz002670,其它,其它
20260701,sz002691,其它,其它
20260701,sz002694,其它,其它
20260701,sz002698,机器人,机器人
20260701,sz002717,其它,其它
20260701,sz002719,其它,其它
20260701,sz002738,储能,新能源电网
20260701,sz002747,AI应用,AI应用
20260701,sz002759,化工,周期资源
20260701,sz002808,其它,其它
20260701,sz002822,其它,其它
20260701,sz002826,医药,医药
20260701,sz002840,其它,其它
20260701,sz002856,其它,其它
20260701,sz002868,其它,其它
20260701,sz002881,存储,AI算力
20260701,sz002883,其它,其它
20260701,sz002923,创新药,医药
20260701,sz002929,算力,AI算力
20260701,sz002930,存储,AI算力
20260701,sz002940,创新药,医药
20260701,sz002943,半导体,AI算力
20260701,sz002971,化工,周期资源
20260701,sz002977,其它,其它
20260701,sz002981,机器人,机器人
20260701,sz002982,其它,其它
20260701,sz003007,算力,AI算力
20260701,sz300175,算力,AI算力
20260701,sz300287,算力,AI算力
20260701,sz300343,储能,新能源电网
20260701,sz300345,半导体,AI算力
20260701,sz300385,其它,其它
20260701,sz300481,半导体,AI算力
20260701,sz300487,储能,新能源电网
20260701,sz300518,储能,新能源电网
20260701,sz300539,机器人,机器人
20260701,sz300561,金融科技,AI应用
20260701,sz300607,AI应用,AI应用
20260701,sz300852,PCB,AI算力
20260701,sz301092,半导体,AI算力
20260701,sz301279,机器人,机器人
20260702,920221.BJ,机器人,机器人
20260702,sh600082,其它,其它
20260702,sh600084,其它,其它
20260702,sh600107,其它,其它
20260702,sh600119,其它,其它
20260702,sh600156,机器人,机器人
20260702,sh600165,其它,其它
20260702,sh600172,芯片,AI算力
20260702,sh600180,其它,其它
20260702,sh600182,其它,其它
20260702,sh600243,其它,其它
20260702,sh600423,其它,其它
20260702,sh600449,算力,AI算力
20260702,sh600480,机器人,机器人
20260702,sh600490,有色,周期资源
20260702,sh600491,其它,其它
20260702,sh600537,其它,其它
20260702,sh600581,其它,其它
20260702,sh600624,其它,其它
20260702,sh600630,其它,其它
20260702,sh600641,半导体,AI算力
20260702,sh600753,其它,其它
20260702,sh600759,其它,其它
20260702,sh600793,化工,周期资源
20260702,sh600815,其它,其它
20260702,sh600988,有色,周期资源
20260702,sh601010,其它,其它
20260702,sh601678,化工,周期资源
20260702,sh601718,其它,其它
20260702,sh603021,其它,其它
20260702,sh603135,机器人,机器人
20260702,sh603137,存储,AI算力
20260702,sh603261,无人机,军工航天
20260702,sh603272,其它,其它
20260702,sh603273,机器人,机器人
20260702,sh603286,机器人,机器人
20260702,sh603337,机器人,机器人
20260702,sh603338,其它,其它
20260702,sh603359,其它,其它
20260702,sh603377,其它,其它
20260702,sh603416,机器人,机器人
20260702,sh603429,其它,其它
20260702,sh603505,化工,周期资源
20260702,sh603517,其它,其它
20260702,sh603538,医药,医药
20260702,sh603557,其它,其它
20260702,sh603559,其它,其它
20260702,sh603580,其它,其它
20260702,sh603608,其它,其它
20260702,sh603638,机器人,机器人
20260702,sh603717,其它,其它
20260702,sh603759,其它,其它
20260702,sh603778,光伏,新能源电网
20260702,sh603789,其它,其它
20260702,sh603790,化工,周期资源
20260702,sh603822,其它,其它
20260702,sh603828,其它,其它
20260702,sh603897,机器人,机器人
20260702,sh603926,机器人,机器人
20260702,sh603928,化工,周期资源
20260702,sh605020,化工,周期资源
20260702,sh605055,机器人,机器人
20260702,sh605189,PEEK,机器人
20260702,sh605199,其它,其它
20260702,sh605286,电力,新能源电网
20260702,sh605488,机器人,机器人
20260702,sz000010,其它,其它
20260702,sz000016,其它,其它
20260702,sz000078,其它,其它
20260702,sz000506,有色,周期资源
20260702,sz000520,航运,周期资源
20260702,sz000536,PCB,AI算力
20260702,sz000566,创新药,医药
20260702,sz000572,其它,其它
20260702,sz000576,军工,军工航天
20260702,sz000592,其它,其它
20260702,sz000595,其它,其它
20260702,sz000601,电力,新能源电网
20260702,sz000632,其它,其它
20260702,sz000639,其它,其它
20260702,sz000656,其它,其它
20260702,sz000677,其它,其它
20260702,sz000698,其它,其它
20260702,sz000700,机器人,机器人
20260702,sz000711,其它,其它
20260702,sz000820,其它,其它
20260702,sz000821,其它,其它
20260702,sz000838,其它,其它
20260702,sz000890,其它,其它
20260702,sz000892,传媒,AI应用
20260702,sz000908,创新药,医药
20260702,sz000909,其它,其它
20260702,sz000951,其它,其它
20260702,sz000955,医药,医药
20260702,sz000972,其它,其它
20260702,sz001313,机器人,机器人
20260702,sz001317,其它,其它
20260702,sz001319,机器人,机器人
20260702,sz001378,新材料,周期资源
20260702,sz002005,其它,其它
20260702,sz002020,医药,医药
20260702,sz002029,机器人,机器人
20260702,sz002102,其它,其它
20260702,sz002109,其它,其它
20260702,sz002122,其它,其它
20260702,sz002175,其它,其它
20260702,sz002198,其它,其它
20260702,sz002250,化工,周期资源
20260702,sz002258,化工,周期资源
20260702,sz002305,其它,其它
20260702,sz002354,机器人,机器人
20260702,sz002360,其它,其它
20260702,sz002392,算力,AI算力
20260702,sz002427,化工,周期资源
20260702,sz002431,其它,其它
20260702,sz002458,其它,其它
20260702,sz002512,其它,其它
20260702,sz002542,其它,其它
20260702,sz002547,其它,其它
20260702,sz002559,存储,AI算力
20260702,sz002569,其它,其它
20260702,sz002580,液冷,AI算力
20260702,sz002581,其它,其它
20260702,sz002584,半导体,AI算力
20260702,sz002586,其它,其它
20260702,sz002592,其它,其它
20260702,sz002596,化工,周期资源
20260702,sz002620,其它,其它
20260702,sz002634,其它,其它
20260702,sz002652,芯片,AI算力
20260702,sz002656,其它,其它
20260702,sz002667,其它,其它
20260702,sz002674,机器人,机器人
20260702,sz002689,其它,其它
20260702,sz002693,医药,医药
20260702,sz002696,其它,其它
20260702,sz002726,其它,其它
20260702,sz002798,AI应用,AI应用
20260702,sz002808,其它,其它
20260702,sz002826,医药,医药
20260702,sz002842,有色,周期资源
20260702,sz002856,其它,其它
20260702,sz002931,机器人,机器人
20260702,sz002971,芯片,AI算力
20260702,sz002977,其它,其它
20260702,sz002979,其它,其它
20260702,sz002995,AI应用,AI应用
20260702,sz002998,其它,其它
20260702,sz003030,其它,其它
20260702,sz300071,AI应用,AI应用
20260702,sz300163,其它,其它
20260702,sz300695,机器人,机器人
20260702,sz300740,其它,其它
20260702,sz301008,机器人,机器人
20260702,sz301019,其它,其它
20260702,sz301092,半导体,AI算力
20260703,920193.BJ,其它,其它
20260703,920211.BJ,机器人,机器人
20260703,920510.BJ,机器人,机器人
20260703,sh600082,其它,其它
20260703,sh600084,其它,其它
20260703,sh600143,机器人,机器人
20260703,sh600165,其它,其它
20260703,sh600187,其它,其它
20260703,sh600238,其它,其它
20260703,sh600243,其它,其它
20260703,sh600265,其它,其它
20260703,sh600376,机器人,机器人
20260703,sh600391,电网,新能源电网
20260703,sh600530,其它,其它
20260703,sh600580,机器人,机器人
20260703,sh600592,机器人,机器人
20260703,sh600624,其它,其它
20260703,sh600730,其它,其它
20260703,sh600734,其它,其它
20260703,sh600759,其它,其它
20260703,sh600769,其它,其它
20260703,sh600793,化工,周期资源
20260703,sh600801,化工,周期资源
20260703,sh600841,电网,新能源电网
20260703,sh600988,有色,周期资源
20260703,sh600990,PCB,AI算力
20260703,sh601010,其它,其它
20260703,sh601069,有色,周期资源
20260703,sh601100,机器人,机器人
20260703,sh601177,机器人,机器人
20260703,sh601689,机器人,机器人
20260703,sh601718,其它,其它
20260703,sh603012,机器人,机器人
20260703,sh603013,机器人,机器人
20260703,sh603051,光伏,新能源电网
20260703,sh603137,存储,AI算力
20260703,sh603165,机器人,机器人
20260703,sh603178,机器人,机器人
20260703,sh603211,机器人,机器人
20260703,sh603278,航天,军工航天
20260703,sh603286,机器人,机器人
20260703,sh603303,其它,其它
20260703,sh603327,消费电子,AI算力
20260703,sh603338,机器人,机器人
20260703,sh603377,其它,其它
20260703,sh603378,其它,其它
20260703,sh603466,机器人,机器人
20260703,sh603557,其它,其它
20260703,sh603559,其它,其它
20260703,sh603580,其它,其它
20260703,sh603596,机器人,机器人
20260703,sh603713,其它,其它
20260703,sh603717,其它,其它
20260703,sh603726,半导体,AI算力
20260703,sh603730,机器人,机器人
20260703,sh603789,其它,其它
20260703,sh603798,液冷,AI算力
20260703,sh603822,其它,其它
20260703,sh603828,其它,其它
20260703,sh603915,机器人,机器人
20260703,sh603922,其它,其它
20260703,sh605028,电力,新能源电网
20260703,sh605068,机器人,机器人
20260703,sh605189,PEEK,机器人
20260703,sh605199,其它,其它
20260703,sh605255,芯片,AI算力
20260703,sh605305,风电,新能源电网
20260703,sh688311,航天,军工航天
20260703,sz000004,其它,其它
20260703,sz000016,其它,其它
20260703,sz000078,其它,其它
20260703,sz000506,有色,周期资源
20260703,sz000576,军工,军工航天
20260703,sz000595,其它,其它
20260703,sz000639,其它,其它
20260703,sz000656,其它,其它
20260703,sz000711,其它,其它
20260703,sz000821,其它,其它
20260703,sz000838,其它,其它
20260703,sz000908,创新药,医药
20260703,sz000909,其它,其它
20260703,sz000975,有色,周期资源
20260703,sz001268,机器人,机器人
20260703,sz001270,航天,军工航天
20260703,sz001306,机器人,机器人
20260703,sz001317,其它,其它
20260703,sz001337,有色,周期资源
20260703,sz001400,液冷,AI算力
20260703,sz002005,其它,其它
20260703,sz002067,机器人,机器人
20260703,sz002072,煤炭,周期资源
20260703,sz002082,其它,其它
20260703,sz002090,电网,新能源电网
20260703,sz002109,其它,其它
20260703,sz002122,其它,其它
20260703,sz002141,PCB,AI算力
20260703,sz002148,机器人,机器人
20260703,sz002168,其它,其它
20260703,sz002175,其它,其它
20260703,sz002193,其它,其它
20260703,sz002198,其它,其它
20260703,sz002199,其它,其它
20260703,sz002217,其它,其它
20260703,sz002249,机器人,机器人
20260703,sz002270,电网,新能源电网
20260703,sz002283,电网,新能源电网
20260703,sz002292,其它,其它
20260703,sz002294,创新药,医药
20260703,sz002305,其它,其它
20260703,sz002353,电网,新能源电网
20260703,sz002360,其它,其它
20260703,sz002377,其它,其它
20260703,sz002396,其它,其它
20260703,sz002434,机器人,机器人
20260703,sz002471,机器人,机器人
20260703,sz002472,机器人,机器人
20260703,sz002485,其它,其它
20260703,sz002496,化工,周期资源
20260703,sz002501,其它,其它
20260703,sz002520,机器人,机器人
20260703,sz002528,其它,其它
20260703,sz002536,机器人,机器人
20260703,sz002542,其它,其它
20260703,sz002598,其它,其它
20260703,sz002623,光伏,新能源电网
20260703,sz002635,消费电子,AI算力
20260703,sz002650,其它,其它
20260703,sz002664,机器人,机器人
20260703,sz002667,其它,其它
20260703,sz002677,其它,其它
20260703,sz002700,其它,其它
20260703,sz002715,有色,周期资源
20260703,sz002717,其它,其它
20260703,sz002726,其它,其它
20260703,sz002747,机器人,机器人
20260703,sz002765,机器人,机器人
20260703,sz002767,机器人,机器人
20260703,sz002771,液冷,AI算力
20260703,sz002822,其它,其它
20260703,sz002850,机器人,机器人
20260703,sz002868,其它,其它
20260703,sz002872,其它,其它
20260703,sz002896,机器人,机器人
20260703,sz002977,其它,其它
20260703,sz002979,其它,其它
20260703,sz002981,机器人,机器人
20260703,sz002988,其它,其它
20260703,sz003011,其它,其它
20260703,sz003021,机器人,机器人
20260703,sz003028,机器人,机器人
20260703,sz300129,航天,军工航天
20260703,sz300580,PCB,AI算力
20260703,sz300718,机器人,机器人
20260703,sz300779,有色,周期资源
20260703,sz300912,机器人,机器人
20260703,sz300985,其它,其它
20260703,sz301199,机器人,机器人
20260703,sz301379,存储,AI算力
20260703,sz301499,半导体,AI算力
20260703,sz301596,机器人,机器人
20260706,sh600172,新材料,周期资源
20260706,sh600180,其它,其它
20260706,sh600215,机器人,机器人
20260706,sh600241,储能,新能源电网
20260706,sh600246,算力,AI算力
20260706,sh600288,机器人,机器人
20260706,sh600470,化工,周期资源
20260706,sh600759,其它,其它
20260706,sh600791,其它,其它
20260706,sh600793,化工,周期资源
20260706,sh601101,煤炭,周期资源
20260706,sh601368,其它,其它
20260706,sh603020,其它,其它
20260706,sh603067,电网,新能源电网
20260706,sh603090,液冷,AI算力
20260706,sh603118,光通信,AI算力
20260706,sh603137,存储,AI算力
20260706,sh603155,半导体,AI算力
20260706,sh603201,其它,其它
20260706,sh603211,机器人,机器人
20260706,sh603221,其它,其它
20260706,sh603268,其它,其它
20260706,sh603269,液冷,AI算力
20260706,sh603375,芯片,AI算力
20260706,sh603477,其它,其它
20260706,sh603722,其它,其它
20260706,sh603757,液冷,AI算力
20260706,sh603789,其它,其它
20260706,sh603815,其它,其它
20260706,sh603819,电网,新能源电网
20260706,sh603861,算力,AI算力
20260706,sh603903,其它,其它
20260706,sh603931,半导体,AI算力
20260706,sh605060,液冷,AI算力
20260706,sh605196,电网,新能源电网
20260706,sh605377,化工,周期资源
20260706,sh688039,AI应用,AI应用
20260706,sh688206,芯片,AI算力
20260706,sh688496,其它,其它
20260706,sz000066,算力,AI算力
20260706,sz000078,其它,其它
20260706,sz000301,其它,其它
20260706,sz000545,化工,周期资源
20260706,sz000593,其它,其它
20260706,sz000656,其它,其它
20260706,sz000892,传媒,AI应用
20260706,sz000938,光通信,AI算力
20260706,sz001287,存储,AI算力
20260706,sz002025,光通信,AI算力
20260706,sz002042,其它,其它
20260706,sz002141,PCB,AI算力
20260706,sz002175,其它,其它
20260706,sz002245,储能,新能源电网
20260706,sz002329,其它,其它
20260706,sz002396,光通信,AI算力
20260706,sz002403,机器人,机器人
20260706,sz002457,其它,其它
20260706,sz002607,AI应用,AI应用
20260706,sz002726,其它,其它
20260706,sz002767,机器人,机器人
20260706,sz002774,AI应用,AI应用
20260706,sz002793,创新药,医药
20260706,sz002815,PCB,AI算力
20260706,sz002828,金融科技,AI应用
20260706,sz002860,其它,其它
20260706,sz002910,其它,其它
20260706,sz002919,传媒,AI应用
20260706,sz002989,半导体,AI算力
20260706,sz300684,液冷,AI算力
20260706,sz301191,光通信,AI算力
20260706,sz301317,液冷,AI算力
20260707,sh600094,算力,AI算力
20260707,sh600120,其它,其它
20260707,sh600206,半导体,AI算力
20260707,sh600246,芯片,AI算力
20260707,sh600288,机器人,机器人
20260707,sh600360,半导体,AI算力
20260707,sh600793,化工,周期资源
20260707,sh601121,其它,其它
20260707,sh603065,其它,其它
20260707,sh603137,存储,AI算力
20260707,sh603178,机器人,机器人
20260707,sh603356,其它,其它
20260707,sh603823,PEEK,机器人
20260707,sh603861,算力,AI算力
20260707,sh605118,机器人,机器人
20260707,sh605399,化工,周期资源
20260707,sh688432,半导体,AI算力
20260707,sz000078,其它,其它
20260707,sz000973,其它,其它
20260707,sz001206,其它,其它
20260707,sz001229,AI应用,AI应用
20260707,sz001230,机器人,机器人
20260707,sz001311,机器人,机器人
20260707,sz001365,PCB,AI算力
20260707,sz002129,半导体,AI算力
20260707,sz002137,机器人,机器人
20260707,sz002185,消费电子,AI算力
20260707,sz002497,其它,其它
20260707,sz002585,元件,AI算力
20260707,sz002841,其它,其它
20260707,sz002951,其它,其它
20260707,sz003004,AI应用,AI应用
20260707,sz301251,PCB,AI算力
20260707,sz301516,算力,AI算力
20260708,920857.BJ,算力,AI算力
20260708,sh600094,算力,AI算力
20260708,sh600129,医药,医药
20260708,sh600187,其它,其它
20260708,sh600288,机器人,机器人
20260708,sh600350,其它,其它
20260708,sh600602,算力,AI算力
20260708,sh600749,其它,其它
20260708,sh600756,AI应用,AI应用
20260708,sh600759,其它,其它
20260708,sh601010,其它,其它
20260708,sh603137,存储,AI算力
20260708,sh603183,有色,周期资源
20260708,sh603285,其它,其它
20260708,sh603296,算力,AI算力
20260708,sh603313,AI应用,AI应用
20260708,sh603339,液冷,AI算力
20260708,sh603380,PCB,AI算力
20260708,sh603496,算力,AI算力
20260708,sh603661,新材料,周期资源
20260708,sh603789,其它,其它
20260708,sh603881,算力,AI算力
20260708,sh603928,化工,周期资源
20260708,sz000078,其它,其它
20260708,sz000506,有色,周期资源
20260708,sz000524,其它,其它
20260708,sz000639,其它,其它
20260708,sz000759,其它,其它
20260708,sz000838,其它,其它
20260708,sz000948,AI应用,AI应用
20260708,sz000977,算力,AI算力
20260708,sz001207,其它,其它
20260708,sz001208,液冷,AI算力
20260708,sz001229,AI应用,AI应用
20260708,sz001365,PCB,AI算力
20260708,sz002152,算力,AI算力
20260708,sz002350,半导体,AI算力
20260708,sz002396,光通信,AI算力
20260708,sz002467,AI应用,AI应用
20260708,sz002490,油气,周期资源
20260708,sz002512,其它,其它
20260708,sz002542,其它,其它
20260708,sz002546,其它,其它
20260708,sz002642,算力,AI算力
20260708,sz002674,机器人,机器人
20260708,sz002677,AI应用,AI应用
20260708,sz002757,算力,AI算力
20260708,sz002841,其它,其它
20260708,sz002910,其它,其它
20260708,sz002951,光通信,AI算力
20260708,sz300017,算力,AI算力
20260708,sz300369,AI应用,AI应用
20260708,sz300454,算力,AI算力
20260708,sz301202,液冷,AI算力
20260708,sz301251,PCB,AI算力
20260708,sz301321,半导体,AI算力
20260709,sh600094,算力,AI算力
20260709,sz300017,算力,AI算力
20260709,sz002467,AI应用,AI应用
20260709,sz002757,算力,AI算力
20260709,sh603881,算力,AI算力
20260709,sh600602,算力,AI算力
20260709,sz300454,算力,AI算力
20260709,sz002152,算力,AI算力
20260709,sz000977,算力,AI算力
20260709,sh603380,PCB,AI算力
20260709,sh603496,算力,AI算力
20260709,sz002642,算力,AI算力
20260709,920857.BJ,算力,AI算力
20260709,sh603296,算力,AI算力
20260709,sz301321,半导体,AI算力
20260709,sz001229,AI应用,AI应用
20260709,sz002677,AI应用,AI应用
20260709,sh600756,AI应用,AI应用
20260709,sz000948,AI应用,AI应用
20260709,sz300369,AI应用,AI应用
20260709,sh603313,AI应用,AI应用
20260709,sh600288,机器人,机器人
20260709,sh603928,化工,周期资源
20260709,sz002350,半导体,AI算力
20260709,sh603661,新材料,周期资源
20260709,sz001208,液冷,AI算力
20260709,sz301202,液冷,AI算力
20260709,sh603339,液冷,AI算力
20260709,sz002396,光通信,AI算力
20260709,sz301251,PCB,AI算力
20260709,sz002951,光通信,AI算力
20260709,sz002674,机器人,机器人
20260709,sz002841,其它,其它
20260709,sz002546,其它,其它
20260709,sh600129,医药,医药
20260709,sz002490,油气,周期资源
20260709,sz000078,其它,其它
20260709,sh600759,其它,其它
20260709,sh603789,其它,其它
20260709,sh601010,其它,其它
20260709,sz000639,其它,其它
20260709,sz002542,其它,其它
20260709,sz000838,其它,其它
20260709,sh600187,其它,其它
20260709,sz002512,其它,其它
20260709,sh603137,存储,AI算力
20260709,sz000506,有色,周期资源
20260709,sz001365,PCB,AI算力
20260709,sz002910,其它,其它
20260709,sz000524,其它,其它
20260709,sh600749,其它,其它
20260709,sz000759,其它,其它
20260709,sz001207,其它,其它
20260709,sh603183,有色,周期资源
20260709,sh603285,其它,其它
20260709,sh600350,其它,其它
20260710,sh603928,化工,周期资源
20260710,sz002185,消费电子,AI算力
20260710,sh600206,半导体,AI算力
20260710,sh688432,半导体,AI算力
20260710,sz002208,存储,AI算力
20260710,sz002845,PCB,AI算力
20260710,sz000417,存储,AI算力
20260710,sh603726,半导体,AI算力
20260710,sh603991,半导体,AI算力
20260710,sh688584,半导体,AI算力
20260710,sz000021,半导体,AI算力
20260710,sh600584,PCB,AI算力
20260710,sh688328,光通信,AI算力
20260710,sz301379,存储,AI算力
20260710,sh688610,PCB,AI算力
20260710,sh600909,芯片,AI算力
20260710,sh688720,半导体,AI算力
20260710,sz002409,半导体,AI算力
20260710,sh600667,存储,AI算力
20260710,sz002156,光通信,AI算力
20260710,sh603986,存储,AI算力
20260710,sz000672,半导体,AI算力
20260710,sh603933,机器人,机器人
20260710,sh603005,PCB,AI算力
20260710,sh605358,半导体,AI算力
20260710,sh603061,半导体,AI算力
20260710,sh688371,半导体,AI算力
20260710,sh600770,算力,AI算力
20260710,sh603156,存储,AI算力
20260710,sz002841,AI应用,AI应用
20260710,sz000977,算力,AI算力
20260710,sz001395,其它,其它
20260710,sz002414,其它,其它
20260710,sh603329,其它,其它
20260710,sz002829,其它,其它
20260710,sz002067,其它,其它
20260710,sz002274,其它,其它
20260710,sz002552,PCB,AI算力
20260710,sz002815,PCB,AI算力
20260710,sz002745,PCB,AI算力
20260710,sz002579,PCB,AI算力
20260710,sh603688,PCB,AI算力
20260710,sz002916,PCB,AI算力
20260710,sz002436,PCB,AI算力
20260710,sz002677,AI应用,AI应用
20260710,sz000892,传媒,AI应用
20260710,sh600228,AI应用,AI应用
20260710,sh603898,AI应用,AI应用
20260710,sz300469,AI应用,AI应用
20260710,sh600353,光通信,AI算力
20260710,sz002281,光通信,AI算力
20260710,sz002975,液冷,AI算力
20260710,sz002384,PCB,AI算力
20260710,sz002346,算力,AI算力
20260710,sz002364,算力,AI算力
20260710,sz002851,算力,AI算力
20260710,sz301607,算力,AI算力
20260710,sh603666,机器人,机器人
20260710,sz300626,机器人,机器人
20260710,sz000887,机器人,机器人
20260710,sh688333,机器人,机器人
20260710,sh603757,液冷,AI算力
20260710,sz000811,液冷,AI算力
20260710,sz003018,液冷,AI算力
20260710,sz002907,创新药,医药
20260710,sz003020,创新药,医药
20260710,sh603222,创新药,医药
20260710,sh600992,航天,军工航天
20260710,sz002490,油气,周期资源
20260710,sh603137,存储,AI算力
20260710,sz002632,其它,其它
20260710,sh603813,其它,其它
20260710,sz000004,其它,其它
20260710,sh605319,其它,其它
20260710,sh600418,其它,其它
20260713,sz003020,医药,医药
20260713,sh600881,医药,医药
20260713,sz300534,医药,医药
20260713,sh600671,医药,医药
20260713,sz000989,医药,医药
20260713,sz001395,其它,其它
20260713,sh600664,医药,医药
20260713,sh601002,其它,其它
20260713,sz002379,其它,其它
20260713,sz000920,半导体,AI算力
20260713,sh603933,机器人,机器人
20260713,sh603120,化工,周期资源
20260713,sh600513,创新药,医药
20260713,sh603669,创新药,医药
20260713,sh605090,航天,军工航天
20260713,sh603318,化工,周期资源
20260713,sh603313,AI应用,AI应用
20260713,sh600536,AI应用,AI应用
20260713,sh600992,航天,军工航天
20260713,sh601608,航天,军工航天
20260713,sh603677,机器人,机器人
20260713,sz000078,其它,其它
20260713,sh600491,其它,其它
20260713,sz002581,其它,其它
20260713,sh603137,其它,其它
20260713,sz000004,其它,其它
20260713,sh600629,其它,其它
20260713,sz300214,其它,其它
20260713,920305.BJ,其它,其它
20260713,sh603065,其它,其它
20260713,sz001388,其它,其它
20260713,sz003030,其它,其它
20260714,sz001283,机器人,机器人
20260714,sh605189,机器人,机器人
20260714,sh603466,机器人,机器人
20260714,sz002162,机器人,机器人
20260714,sz300912,机器人,机器人
20260714,sh603012,机器人,机器人
20260714,sz002523,机器人,机器人
20260714,sz002838,机器人,机器人
20260714,sh603730,机器人,机器人
20260714,sh605133,机器人,机器人
20260714,sh603806,PCB,AI算力
20260714,sz002141,PCB,AI算力
20260714,sz001389,PCB,AI算力
20260714,sh600183,PCB,AI算力
20260714,sz002636,PCB,AI算力
20260714,920821.BJ,PCB,AI算力
20260714,sz002463,PCB,AI算力
20260714,sh603186,PCB,AI算力
20260714,sh600746,其它,其它
20260714,sh603042,其它,其它
20260714,sh603489,其它,其它
20260714,sh600354,其它,其它
20260714,sh603197,其它,其它
20260714,sz002250,其它,其它
20260714,sh600595,其它,其它
20260714,sz002357,其它,其它
20260714,sh600664,医药,医药
20260714,sh603222,创新药,医药
20260714,sh600829,医药,医药
20260714,sz300937,医药,医药
20260714,sh688192,创新药,医药
20260714,sz002432,医药,医药
20260714,sh603367,创新药,医药
20260714,sh600844,化工,周期资源
20260714,sz000703,化工,周期资源
20260714,sz002628,化工,周期资源
20260714,sh600227,化工,周期资源
20260714,sz301100,化工,周期资源
20260714,sh603077,化工,周期资源
20260714,sz001226,油气,周期资源
20260714,sh603619,油气,周期资源
20260714,sh601969,油气,周期资源
20260714,sz300164,油气,周期资源
20260714,sh605196,电网,新能源电网
20260714,sh600403,煤炭,周期资源
20260714,sh601101,煤炭,周期资源
20260714,sz002128,煤炭,周期资源
20260714,sz002379,有色,周期资源
20260714,sz002532,有色,周期资源
20260714,sh600497,有色,周期资源
20260714,sh603065,光通信,AI算力
20260714,sz002384,PCB,AI算力
20260714,sz002975,液冷,AI算力
20260714,sz002243,芯片,AI算力
20260714,sh605255,芯片,AI算力
20260714,sh688216,PCB,AI算力
20260714,sz002484,元件,AI算力
20260714,sh603989,有色,周期资源
20260714,sh603516,液冷,AI算力
20260714,sz002536,机器人,机器人
20260714,sz300209,算力,AI算力
20260714,sz301259,算力,AI算力
20260714,sz000968,油气,周期资源
20260714,sz000078,其它,其它
20260714,sh600491,其它,其它
20260714,sz000639,其它,其它
20260714,sh600180,其它,其它
20260714,sh600759,其它,其它
20260714,sz000677,其它,其它
20260714,sh603137,其它,其它
20260714,sz001388,其它,其它
20260714,920305.BJ,其它,其它
20260714,sh600293,PCB,AI算力
20260714,sz003001,其它,其它
20260714,sz000008,其它,其它
20260714,sh603580,其它,其它
20260714,sh605028,其它,其它
20260714,sz000554,其它,其它
20260714,sz002245,其它,其它
20260714,sh600255,元件,AI算力
20260714,sz000759,其它,其它
20260714,sz002718,其它,其它
20260714,sh603577,电网,新能源电网
20260714,sz300566,其它,其它
20260714,sz000036,其它,其它
20260714,sh603201,其它,其它
20260714,sz000636,元件,AI算力
20260715,sz002432,其它,其它
20260715,sh600844,其它,其它
20260715,sh600227,其它,其它
20260715,sh600746,其它,其它
20260715,sh605189,其它,其它
20260715,sz002980,其它,其它
20260715,sz002309,其它,其它
20260715,sz000889,其它,其它
20260715,sh600257,其它,其它
20260715,sz000676,其它,其它
20260715,sz002365,其它,其它
20260715,sz002310,其它,其它
20260715,sz001317,其它,其它
20260715,sz000722,其它,其它
20260715,sz002786,其它,其它
20260715,sh603196,其它,其它
20260715,sh600664,医药,医药
20260715,sh688192,创新药,医药
20260715,sh600829,医药,医药
20260715,sz002382,医药,医药
20260715,sz000566,创新药,医药
20260715,sz000504,医药,医药
20260715,sh688166,创新药,医药
20260715,sz002940,创新药,医药
20260715,sz002900,创新药,医药
20260715,sh603387,医药,医药
20260715,sh603127,其它,其它
20260715,sh603538,其它,其它
20260715,sh600721,其它,其它
20260715,sz300149,AI应用,AI应用
20260715,sz000908,其它,其它
20260715,sz000935,其它,其它
20260715,sz002821,其它,其它
20260715,sz301520,其它,其它
20260715,sh600199,其它,其它
20260715,sh603336,创新药,医药
20260715,sz000596,其它,其它
20260715,sh605089,其它,其它
20260715,sz002303,其它,其它
20260715,sh600539,AI应用,AI应用
20260715,sz003010,其它,其它
20260715,sh603839,其它,其它
20260715,sz002640,其它,其它
20260715,sh603725,机器人,机器人
20260715,sh603130,机器人,机器人
20260715,sz002062,机器人,机器人
20260715,sz002739,传媒,AI应用
20260715,sz300528,传媒,AI应用
20260715,sh600857,其它,其它
20260715,sh600785,其它,其它
20260715,sh600403,煤炭,周期资源
20260715,sz000571,煤炭,周期资源
20260715,sz002517,传媒,AI应用
20260715,sz002558,传媒,AI应用
20260715,sz300231,金融科技,AI应用
20260715,sz000016,其它,其它
20260715,sh603429,其它,其它
20260715,sh603137,其它,其它
20260715,920305.BJ,其它,其它
20260715,sz001388,机器人,机器人
20260715,sh603580,其它,其它
20260715,sh605255,其它,其它
20260715,sh605028,其它,其它
20260715,sz002141,PCB,AI算力
20260715,sz000593,其它,其它
20260715,sh600162,其它,其它
20260715,sh603657,其它,其它
20260715,sh600732,光伏,新能源电网
20260715,sz002891,其它,其它
20260715,sz000959,机器人,机器人
20260715,sz002800,其它,其它
20260715,sh603192,化工,周期资源
20260715,sh603969,其它,其它
20260715,sz001896,其它,其它
20260716,sz002432,其它,其它
20260716,sh600844,其它,其它
20260716,sh600227,其它,其它
20260716,sh600746,其它,其它
20260716,sh605189,其它,其它
20260716,sz002980,其它,其它
20260716,sz002309,其它,其它
20260716,sz000889,其它,其它
20260716,sh600257,其它,其它
20260716,sz000676,其它,其它
20260716,sz002365,其它,其它
20260716,sz002310,其它,其它
20260716,sz001317,其它,其它
20260716,sz000722,其它,其它
20260716,sz002786,其它,其它
20260716,sh603196,其它,其它
20260716,sh600664,医药,医药
20260716,sh688192,创新药,医药
20260716,sh600829,医药,医药
20260716,sz002382,医药,医药
20260716,sz000566,创新药,医药
20260716,sz000504,医药,医药
20260716,sh688166,创新药,医药
20260716,sz002940,创新药,医药
20260716,sz002900,创新药,医药
20260716,sh603387,医药,医药
20260716,sh603127,其它,其它
20260716,sh603538,其它,其它
20260716,sh600721,其它,其它
20260716,sz300149,AI应用,AI应用
20260716,sz000908,其它,其它
20260716,sz000935,其它,其它
20260716,sz002821,其它,其它
20260716,sz301520,其它,其它
20260716,sh600199,其它,其它
20260716,sh603336,创新药,医药
20260716,sz000596,其它,其它
20260716,sh605089,其它,其它
20260716,sz002303,其它,其它
20260716,sh600539,AI应用,AI应用
20260716,sz003010,其它,其它
20260716,sh603839,其它,其它
20260716,sz002640,其它,其它
20260716,sh603725,机器人,机器人
20260716,sh603130,机器人,机器人
20260716,sz002062,机器人,机器人
20260716,sz002739,传媒,AI应用
20260716,sz300528,传媒,AI应用
20260716,sh600857,其它,其它
20260716,sh600785,其它,其它
20260716,sh600403,煤炭,周期资源
20260716,sz000571,煤炭,周期资源
20260716,sz002517,传媒,AI应用
20260716,sz002558,传媒,AI应用
20260716,sz300231,金融科技,AI应用
20260716,sz000016,其它,其它
20260716,sh603429,其它,其它
20260716,sh603137,其它,其它
20260716,920305.BJ,其它,其它
20260716,sz001388,机器人,机器人
20260716,sh603580,其它,其它
20260716,sh605255,其它,其它
20260716,sh605028,其它,其它
20260716,sz002141,PCB,AI算力
20260716,sz000593,其它,其它
20260716,sh600162,其它,其它
20260716,sh603657,其它,其它
20260716,sh600732,光伏,新能源电网
20260716,sz002891,其它,其它
20260716,sz000959,机器人,机器人
20260716,sz002800,其它,其它
20260716,sh603192,化工,周期资源
20260716,sh603969,其它,其它
20260716,sz001896,其它,其它
20260717,sz001258,电力,新能源电网
20260717,sz000722,电力,新能源电网
20260717,sh600744,电力,新能源电网
20260717,sh600644,电力,新能源电网
20260717,sz000037,电力,新能源电网
20260717,sh605011,电力,新能源电网
20260717,sh600236,电力,新能源电网
20260717,sz000899,电力,新能源电网
20260717,sh600982,电力,新能源电网
20260717,sz002432,AI应用,AI应用
20260717,sz300795,AI应用,AI应用
20260717,sz300577,AI应用,AI应用
20260717,sz002829,其它,其它
20260717,sz000676,其它,其它
20260717,sh600227,其它,其它
20260717,sh603567,医药,医药
20260717,sh600881,医药,医药
20260717,sz002731,其它,其它
20260717,sh600730,其它,其它
20260717,920305.BJ,其它,其它
20260717,sh603580,其它,其它
20260717,sz001388,机器人,机器人
20260717,sh600162,算力,AI算力
20260717,sz003001,PCB,AI算力
20260717,sz002632,其它,其它
20260717,sz002677,其它,其它
20260717,sz002766,智能驾驶,AI应用
20260717,sh600722,风电,新能源电网
20260717,sh603161,其它,其它
20260717,sh601369,化工,周期资源
20260717,sh603118,光通信,AI算力
20260717,sh600992,航天,军工航天
20260717,sz001369,元件,AI算力
20260717,sh600095,其它,其它
20260717,sz000779,算力,AI算力
20260720,sz001258,电力,新能源电网
20260720,sz000722,电力,新能源电网
20260720,sh600744,电力,新能源电网
20260720,sh600644,电力,新能源电网
20260720,sh600236,电力,新能源电网
20260720,sz000037,电力,新能源电网
20260720,sh600726,电力,新能源电网
20260720,sh600821,电力,新能源电网
20260720,sz000539,电力,新能源电网
20260720,sh600452,电力,新能源电网
20260720,sz000767,电力,新能源电网
20260720,sh600396,电力,新能源电网
20260720,sh601991,电力,新能源电网
20260720,sh600578,电力,新能源电网
20260720,sz000600,电力,新能源电网
20260720,sh600032,电力,新能源电网
20260720,sh600863,电力,新能源电网
20260720,sh600403,煤炭,周期资源
20260720,sh600121,煤炭,周期资源
20260720,sh600985,煤炭,周期资源
20260720,sh600188,煤炭,周期资源
20260720,sh601898,煤炭,周期资源
20260720,sh601001,煤炭,周期资源
20260720,sh600722,化工,周期资源
20260720,sz301190,化工,周期资源
20260720,sz002440,化工,周期资源
20260720,sh601026,风电,新能源电网
20260720,sh603823,PEEK,机器人
20260720,sz000889,算力,AI算力
20260720,sz000815,算力,AI算力
20260720,sz300368,金融科技,AI应用
20260720,sh600797,算力,AI算力
20260720,sh600126,算力,AI算力
20260720,sh603619,油气,周期资源
20260720,sh603727,油气,周期资源
20260720,sz002490,油气,周期资源
20260720,sh600938,油气,周期资源
20260720,sz000596,其它,其它
20260720,sh603779,其它,其它
20260720,sz001211,其它,其它
20260720,sh603610,医药,医药
20260720,sh600756,AI应用,AI应用
20260720,sh603533,传媒,AI应用
20260720,sz300534,医药,医药
20260720,sh600267,创新药,医药
20260720,sh600746,其它,其它
20260720,sz300515,其它,其它
20260720,sz002857,电网,新能源电网
20260720,sh688057,机器人,机器人
20260720,sz001288,机器人,机器人
20260720,sz002542,其它,其它
20260720,sz002866,储能,新能源电网
20260720,sz002992,PCB,AI算力
20260720,sz002036,智能驾驶,AI应用
20260721,sz001258,电力,新能源电网
20260721,sz000722,电力,新能源电网
20260721,sh600744,电力,新能源电网
20260721,sh600644,电力,新能源电网
20260721,sh600236,电力,新能源电网
20260721,sz000037,电力,新能源电网
20260721,sh600726,电力,新能源电网
20260721,sh600821,电力,新能源电网
20260721,sz000539,电力,新能源电网
20260721,sh600452,电力,新能源电网
20260721,sz000767,电力,新能源电网
20260721,sh600396,电力,新能源电网
20260721,sh601991,电力,新能源电网
20260721,sh600578,电力,新能源电网
20260721,sz000600,电力,新能源电网
20260721,sh600032,电力,新能源电网
20260721,sh600863,电力,新能源电网
20260721,sh600403,煤炭,周期资源
20260721,sh600121,煤炭,周期资源
20260721,sh600985,煤炭,周期资源
20260721,sh600188,煤炭,周期资源
20260721,sh601898,煤炭,周期资源
20260721,sh601001,煤炭,周期资源
20260721,sh600722,化工,周期资源
20260721,sz301190,化工,周期资源
20260721,sz002440,化工,周期资源
20260721,sh601026,风电,新能源电网
20260721,sh603823,PEEK,机器人
20260721,sz000889,算力,AI算力
20260721,sz000815,算力,AI算力
20260721,sz300368,金融科技,AI应用
20260721,sh600797,算力,AI算力
20260721,sh600126,算力,AI算力
20260721,sh603619,油气,周期资源
20260721,sh603727,油气,周期资源
20260721,sz002490,油气,周期资源
20260721,sh600938,油气,周期资源
20260721,sz000596,其它,其它
20260721,sh603779,其它,其它
20260721,sz001211,其它,其它
20260721,sh603610,医药,医药
20260721,sh600756,AI应用,AI应用
20260721,sh603533,传媒,AI应用
20260721,sz300534,医药,医药
20260721,sh600267,创新药,医药
20260721,sh600746,其它,其它
20260721,sz300515,其它,其它
20260721,sz002857,电网,新能源电网
20260721,sh688057,机器人,机器人
20260721,sz001288,机器人,机器人
20260721,sz002542,其它,其它
20260721,sz002866,储能,新能源电网
20260721,sz002992,PCB,AI算力
20260721,sz002036,智能驾驶,AI应用
20260722,sz001258,电力,新能源电网
20260722,sh600744,电力,新能源电网
20260722,sh600644,电力,新能源电网
20260722,sh600396,电力,新能源电网
20260722,sh600726,电力,新能源电网
20260722,sz000595,电力,新能源电网
20260722,sh605028,电力,新能源电网
20260722,sh605162,电力,新能源电网
20260722,sh603407,有色,周期资源
20260722,sz000603,有色,周期资源
20260722,sz000506,有色,周期资源
20260722,sh603988,有色,周期资源
20260722,sz000975,有色,周期资源
20260722,sz000815,算力,AI算力
20260722,sz002197,金融科技,AI应用
20260722,sh603629,算力,AI算力
20260722,sz002575,算力,AI算力
20260722,sz300688,AI应用,AI应用
20260722,sz002900,创新药,医药
20260722,sz002793,创新药,医药
20260722,sh600594,创新药,医药
20260722,sz000566,创新药,医药
20260722,sz002412,医药,医药
20260722,sh603221,半导体,AI算力
20260722,sz002213,存储,AI算力
20260722,sz301583,半导体,AI算力
20260722,sh603893,芯片,AI算力
20260722,sh603619,油气,周期资源
20260722,sh605196,电网,新能源电网
20260722,sh603118,光通信,AI算力
20260722,sh603296,算力,AI算力
20260722,sz002515,光通信,AI算力
20260722,sh603803,芯片,AI算力
20260722,sz000839,AI应用,AI应用
20260722,sh603725,机器人,机器人
20260722,sz000838,其它,其它
20260722,920305.BJ,其它,其它
20260722,sh603580,其它,其它
20260722,sh600403,煤炭,周期资源
20260722,sh600722,化工,周期资源
20260722,sz002879,其它,其它
20260722,sz301234,其它,其它
20260722,sh603162,航运,周期资源
20260722,sz002953,电网,新能源电网
20260722,sz002545,化工,周期资源
20260722,sz300834,其它,其它
20260722,sh605155,其它,其它
20260722,sz300779,其它,其它
20260723,sz000533,算力,AI算力
20260723,sh600379,电网,新能源电网
20260723,sz002498,电网,新能源电网
20260723,sz300062,算力,AI算力
20260723,sz001382,电网,新能源电网
20260723,sh601179,电网,新能源电网
20260723,sz002112,算力,AI算力
20260723,sz002300,电网,新能源电网
20260723,sz001208,液冷,AI算力
20260723,sh600550,电网,新能源电网
20260723,sh600468,电网,新能源电网
20260723,sh603191,电网,新能源电网
20260723,sz300444,电网,新能源电网
20260723,sz002451,电网,新能源电网
20260723,920222.BJ,电网,新能源电网
20260723,sz002560,电网,新能源电网
20260723,sz002546,电网,新能源电网
20260723,sz002606,电网,新能源电网
20260723,sz300141,电网,新能源电网
20260723,sz002358,算力,AI算力
20260723,sz002339,电网,新能源电网
20260723,sh603050,算力,AI算力
20260723,sh601700,电网,新能源电网
20260723,sh603861,算力,AI算力
20260723,sz001388,电网,新能源电网
20260723,sh600268,电网,新能源电网
20260723,sz300510,电网,新能源电网
20260723,sz002083,储能,新能源电网
20260723,sh603399,储能,新能源电网
20260723,sz000688,储能,新能源电网
20260723,sz002240,储能,新能源电网
20260723,sz000155,储能,新能源电网
20260723,sz301587,储能,新能源电网
20260723,sh603876,有色,周期资源
20260723,sz301292,储能,新能源电网
20260723,sh603026,储能,新能源电网
20260723,sh600722,化工,周期资源
20260723,sh601678,化工,周期资源
20260723,sz002165,半导体,AI算力
20260723,sh600844,化工,周期资源
20260723,sz002539,化工,周期资源
20260723,sh600409,化工,周期资源
20260723,sh600389,化工,周期资源
20260723,sh600230,化工,周期资源
20260723,sz001258,电力,新能源电网
20260723,sh600396,电力,新能源电网
20260723,sz000595,电力,新能源电网
20260723,sh605162,电力,新能源电网
20260723,sz002218,光伏,新能源电网
20260723,sh600173,电力,新能源电网
20260723,sz000862,电力,新能源电网
20260723,sz000603,有色,周期资源
20260723,sh603988,有色,周期资源
20260723,sz002379,有色,周期资源
20260723,sh600219,有色,周期资源
20260723,sz001337,有色,周期资源
20260723,sh601061,有色,周期资源
20260723,sh601606,军工,军工航天
20260723,sh603488,军工,军工航天
20260723,sh600990,军工,军工航天
20260723,sh600343,军工,军工航天
20260723,sh600698,军工,军工航天
20260723,sz301357,军工,军工航天
20260723,sz002412,医药,医药
20260723,sz002900,创新药,医药
20260723,sh600513,创新药,医药
20260723,sh603567,医药,医药
20260723,sz002173,医药,医药
20260723,sz002566,医药,医药
20260723,sz000815,算力,AI算力
20260723,sz002197,金融科技,AI应用
20260723,sz002229,算力,AI算力
20260723,sz002298,算力,AI算力
20260723,sh600449,算力,AI算力
20260723,sz002199,其它,其它
20260723,sz002762,其它,其它
20260723,sz002713,其它,其它
20260723,sz000668,其它,其它
20260723,sh603221,半导体,AI算力
20260723,sh600962,芯片,AI算力
20260723,sh603212,半导体,AI算力
20260723,sh600611,智能驾驶,AI应用
20260723,sz002353,电网,新能源电网
20260723,sh603318,电网,新能源电网
20260723,sh605100,电网,新能源电网
20260723,sh603619,油气,周期资源
20260723,sh603727,油气,周期资源
20260723,sz301158,油气,周期资源
20260723,sh605288,机器人,机器人
20260723,sh603082,机器人,机器人
20260723,sh603331,机器人,机器人
20260723,sh603956,液冷,AI算力
20260723,sz300214,液冷,AI算力
20260723,sh603400,算力,AI算力
20260723,sz000011,其它,其它
20260723,sz000608,其它,其它
20260723,sh600980,其它,其它
20260723,sh605189,PEEK,机器人
20260723,sz002725,芯片,AI算力
20260723,sz002674,机器人,机器人
20260723,sh688618,光通信,AI算力
20260723,sz003001,PCB,AI算力
20260723,sh603272,其它,其它
20260723,sz002856,其它,其它
20260723,sz002667,其它,其它
20260723,sz002514,其它,其它
20260723,sz002977,其它,其它
20260723,sz002207,其它,其它
20260723,sh603378,其它,其它
20260723,sz000632,其它,其它
20260723,sz002547,其它,其它
20260723,sh600289,其它,其它
20260723,sh600243,其它,其它
20260723,sh603843,其它,其它
20260723,sz002879,其它,其它
20260723,sz301234,其它,其它
20260723,sh605299,其它,其它
20260723,sz002088,其它,其它
20260723,sz002774,其它,其它
20260723,sz000017,有色,周期资源
20260723,sh600984,其它,其它
20260723,sz000035,其它,其它
20260723,sz002775,其它,其它
20260723,sh603680,智能驾驶,AI应用
20260723,sh600354,其它,其它
20260723,sh605117,储能,新能源电网
20260723,sz000803,其它,其它
20260723,sz002596,其它,其它
20260724,sh603221,半导体,AI算力
20260724,sz301583,半导体,AI算力
20260724,sz002208,存储,AI算力
20260724,sz300480,半导体,AI算力
20260724,sz002388,半导体,AI算力
20260724,sh603690,半导体,AI算力
20260724,sh603068,芯片,AI算力
20260724,sh603726,机器人,机器人
20260724,sz000670,半导体,AI算力
20260724,sh600539,半导体,AI算力
20260724,sz000417,存储,AI算力
20260724,sh601606,军工,军工航天
20260724,sh600698,军工,军工航天
20260724,sz300414,军工,军工航天
20260724,sz002303,军工,军工航天
20260724,sz002265,机器人,机器人
20260724,sh688237,军工,军工航天
20260724,sz002189,军工,军工航天
20260724,sz002879,电网,新能源电网
20260724,sz000533,算力,AI算力
20260724,sz002498,电网,新能源电网
20260724,sz002298,算力,AI算力
20260724,sz002300,电网,新能源电网
20260724,sz002199,其它,其它
20260724,sz000668,其它,其它
20260724,sz003001,PCB,AI算力
20260724,sh605198,PCB,AI算力
20260724,sz002083,储能,新能源电网
20260724,sz002211,其它,其它
20260724,sh688622,其它,其它
20260724,sh603580,其它,其它
20260724,sz301234,其它,其它
20260724,sz000595,电力,新能源电网
20260724,sh603956,算力,AI算力
20260724,sz000011,其它,其它
20260724,sh600984,其它,其它
20260724,sz002374,其它,其它
20260724,sz002012,化工,周期资源
20260724,sh600178,其它,其它
20260724,sh600617,油气,周期资源
20260724,sh603976,其它,其它
20260724,sz001229,AI应用,AI应用
20260727,sh603221,半导体,AI算力
20260727,sh603690,半导体,AI算力
20260727,sz002388,半导体,AI算力
20260727,sh600962,芯片,AI算力
20260727,sh600667,存储,AI算力
20260727,sh603330,半导体,AI算力
20260727,sh603931,半导体,AI算力
20260727,sh603389,新材料,周期资源
20260727,sz002918,芯片,AI算力
20260727,sh603607,半导体,AI算力
20260727,sz001358,半导体,AI算力
20260727,sz002647,算力,AI算力
20260727,sz002409,半导体,AI算力
20260727,sz002141,PCB,AI算力
20260727,sh603459,PCB,AI算力
20260727,sz300802,AI应用,AI应用
20260727,sh603110,PCB,AI算力
20260727,sh603256,PCB,AI算力
20260727,sz301526,PCB,AI算力
20260727,sh603228,PCB,AI算力
20260727,sz002636,PCB,AI算力
20260727,sh600176,PCB,AI算力
20260727,sh605006,PCB,AI算力
20260727,sz002080,PCB,AI算力
20260727,sz001223,PCB,AI算力
20260727,sh603082,机器人,机器人
20260727,sz002448,机器人,机器人
20260727,sh605068,机器人,机器人
20260727,sh600376,机器人,机器人
20260727,sh603358,机器人,机器人
20260727,sh603790,化工,周期资源
20260727,sz002925,机器人,机器人
20260727,sh603507,机器人,机器人
20260727,sz002029,机器人,机器人
20260727,sh605128,机器人,机器人
20260727,sz002577,机器人,机器人
20260727,sh603608,机器人,机器人
20260727,sh603567,创新药,医药
20260727,sz002900,创新药,医药
20260727,sz000566,创新药,医药
20260727,sh600594,创新药,医药
20260727,sz002365,医药,医药
20260727,sh600829,医药,医药
20260727,sh600488,创新药,医药
20260727,sz003020,创新药,医药
20260727,sz300534,创新药,医药
20260727,sz002235,AI应用,AI应用
20260727,sz300897,AI应用,AI应用
20260727,sz003032,AI应用,AI应用
20260727,sh603660,AI应用,AI应用
20260727,sz002292,AI应用,AI应用
20260727,sz002242,AI应用,AI应用
20260727,sz000676,AI应用,AI应用
20260727,sz300795,AI应用,AI应用
20260727,sz002879,电网,新能源电网
20260727,sz000533,算力,AI算力
20260727,sh688171,电网,新能源电网
20260727,sh603097,算力,AI算力
20260727,sz002364,算力,AI算力
20260727,sz002270,电网,新能源电网
20260727,sz002173,医药,医药
20260727,sh603716,创新药,医药
20260727,sz300753,医药,医药
20260727,sh600775,医药,医药
20260727,sh603610,AI应用,AI应用
20260727,sz300214,液冷,AI算力
20260727,sz002580,算力,AI算力
20260727,sh603315,算力,AI算力
20260727,sh603906,储能,新能源电网
20260727,sz002407,储能,新能源电网
20260727,sz001258,电力,新能源电网
20260727,sz002775,电力,新能源电网
20260727,sz000862,电力,新能源电网
20260727,sz002310,电力,新能源电网
20260727,sz001248,电力,新能源电网
20260727,sh603435,元件,AI算力
20260727,sh603115,有色,周期资源
20260727,sz002484,元件,AI算力
20260727,sh603989,元件,AI算力
20260727,sz002309,光通信,AI算力
20260727,sz002951,光通信,AI算力
20260727,sz002522,光通信,AI算力
20260727,sh605108,其它,其它
20260727,sz000428,其它,其它
20260727,sh603402,其它,其它
20260727,sz000636,元件,AI算力
20260727,sh605376,元件,AI算力
20260727,sz002612,其它,其它
20260727,sh603630,其它,其它
20260727,sz001267,光通信,AI算力
20260727,sh600683,光通信,AI算力
20260727,sh603988,风电,新能源电网
20260727,sh601218,风电,新能源电网
20260727,sz301085,算力,AI算力
20260727,sz002174,算力,AI算力
20260727,sz002640,其它,其它
20260727,sz002211,其它,其它
20260727,sh603378,其它,其它
20260727,sz002514,其它,其它
20260727,sh688496,其它,其它
20260727,sh600165,其它,其它
20260727,sz002731,其它,其它
20260727,sz000909,其它,其它
20260727,sz002528,其它,其它
20260727,sh600730,其它,其它
20260727,sz002759,其它,其它
20260727,sz301234,其它,其它
20260727,sh601606,军工,军工航天
20260727,sh600617,油气,周期资源
20260727,sz002353,其它,其它
20260727,sz301121,其它,其它
20260727,sz002051,其它,其它
20260727,sz002969,其它,其它
20260727,sh603657,其它,其它
20260727,sz001317,其它,其它
20260727,sh603955,其它,其它
20260727,sh600847,其它,其它
20260727,sh601789,其它,其它
20260727,sz003030,其它,其它
20260727,sz001328,其它,其它
20260727,sz002158,液冷,AI算力
20260728,sh603221,半导体,AI算力
20260728,sh603690,半导体,AI算力
20260728,sz002388,半导体,AI算力
20260728,sh600962,芯片,AI算力
20260728,sh600667,存储,AI算力
20260728,sh603330,半导体,AI算力
20260728,sh603931,半导体,AI算力
20260728,sh603389,新材料,周期资源
20260728,sz002918,芯片,AI算力
20260728,sh603607,半导体,AI算力
20260728,sz001358,半导体,AI算力
20260728,sz002647,算力,AI算力
20260728,sz002409,半导体,AI算力
20260728,sz002141,PCB,AI算力
20260728,sh603459,PCB,AI算力
20260728,sz300802,AI应用,AI应用
20260728,sh603110,PCB,AI算力
20260728,sh603256,PCB,AI算力
20260728,sz301526,PCB,AI算力
20260728,sh603228,PCB,AI算力
20260728,sz002636,PCB,AI算力
20260728,sh600176,PCB,AI算力
20260728,sh605006,PCB,AI算力
20260728,sz002080,PCB,AI算力
20260728,sz001223,PCB,AI算力
20260728,sh603082,机器人,机器人
20260728,sz002448,机器人,机器人
20260728,sh605068,机器人,机器人
20260728,sh600376,机器人,机器人
20260728,sh603358,机器人,机器人
20260728,sh603790,化工,周期资源
20260728,sz002925,机器人,机器人
20260728,sh603507,机器人,机器人
20260728,sz002029,机器人,机器人
20260728,sh605128,机器人,机器人
20260728,sz002577,机器人,机器人
20260728,sh603608,机器人,机器人
20260728,sh603567,创新药,医药
20260728,sz002900,创新药,医药
20260728,sz000566,创新药,医药
20260728,sh600594,创新药,医药
20260728,sz002365,医药,医药
20260728,sh600829,医药,医药
20260728,sh600488,创新药,医药
20260728,sz003020,创新药,医药
20260728,sz300534,创新药,医药
20260728,sz002235,AI应用,AI应用
20260728,sz300897,AI应用,AI应用
20260728,sz003032,AI应用,AI应用
20260728,sh603660,AI应用,AI应用
20260728,sz002292,AI应用,AI应用
20260728,sz002242,AI应用,AI应用
20260728,sz000676,AI应用,AI应用
20260728,sz300795,AI应用,AI应用
20260728,sz002879,电网,新能源电网
20260728,sz000533,算力,AI算力
20260728,sh688171,电网,新能源电网
20260728,sh603097,算力,AI算力
20260728,sz002364,算力,AI算力
20260728,sz002270,电网,新能源电网
20260728,sz002173,医药,医药
20260728,sh603716,创新药,医药
20260728,sz300753,医药,医药
20260728,sh600775,医药,医药
20260728,sh603610,AI应用,AI应用
20260728,sz300214,液冷,AI算力
20260728,sz002580,算力,AI算力
20260728,sh603315,算力,AI算力
20260728,sh603906,储能,新能源电网
20260728,sz002407,储能,新能源电网
20260728,sz001258,电力,新能源电网
20260728,sz002775,电力,新能源电网
20260728,sz000862,电力,新能源电网
20260728,sz002310,电力,新能源电网
20260728,sz001248,电力,新能源电网
20260728,sh603435,元件,AI算力
20260728,sh603115,有色,周期资源
20260728,sz002484,元件,AI算力
20260728,sh603989,元件,AI算力
20260728,sz002309,光通信,AI算力
20260728,sz002951,光通信,AI算力
20260728,sz002522,光通信,AI算力
20260728,sh605108,其它,其它
20260728,sz000428,其它,其它
20260728,sh603402,其它,其它
20260728,sz000636,元件,AI算力
20260728,sh605376,元件,AI算力
20260728,sz002612,其它,其它
20260728,sh603630,其它,其它
20260728,sz001267,光通信,AI算力
20260728,sh600683,光通信,AI算力
20260728,sh603988,风电,新能源电网
20260728,sh601218,风电,新能源电网
20260728,sz301085,算力,AI算力
20260728,sz002174,算力,AI算力
20260728,sz002640,其它,其它
20260728,sz002211,其它,其它
20260728,sh603378,其它,其它
20260728,sz002514,其它,其它
20260728,sh688496,其它,其它
20260728,sh600165,其它,其它
20260728,sz002731,其它,其它
20260728,sz000909,其它,其它
20260728,sz002528,其它,其它
20260728,sh600730,其它,其它
20260728,sz002759,其它,其它
20260728,sz301234,其它,其它
20260728,sh601606,军工,军工航天
20260728,sh600617,油气,周期资源
20260728,sz002353,其它,其它
20260728,sz301121,其它,其它
20260728,sz002051,其它,其它
20260728,sz002969,其它,其它
20260728,sh603657,其它,其它
20260728,sz001317,其它,其它
20260728,sh603955,其它,其它
20260728,sh600847,其它,其它
20260728,sh601789,其它,其它
20260728,sz003030,其它,其它
20260728,sz001328,其它,其它
20260728,sz002158,液冷,AI算力
20260729,sh605179,其它,其它
20260729,sh605388,其它,其它
20260729,sh603719,其它,其它
20260729,sh603696,其它,其它
20260729,sz300997,其它,其它
20260729,sh605337,其它,其它
20260729,sz002286,其它,其它
20260729,sz002568,其它,其它
20260729,sz001318,其它,其它
20260729,sh600419,其它,其它
20260729,sh605339,其它,其它
20260729,sh603057,其它,其它
20260729,sz002956,其它,其它
20260729,sh600429,其它,其它
20260729,sh605016,其它,其它
20260729,sz002597,其它,其它
20260729,sh603580,其它,其它
20260729,sz002199,其它,其它
20260729,sz000668,其它,其它
20260729,sz000736,其它,其它
20260729,sh600228,其它,其它
20260729,sh603559,其它,其它
20260729,sh605068,机器人,机器人
20260729,sh603400,机器人,机器人
20260729,sz002903,机器人,机器人
20260729,sh603178,机器人,机器人
20260729,sz301112,机器人,机器人
20260729,sz002833,机器人,机器人
20260729,sh603221,半导体,AI算力
20260729,sz001358,半导体,AI算力
20260729,sh603068,芯片,AI算力
20260729,sh603163,芯片,AI算力
20260729,sh603499,存储,AI算力
20260729,sz300333,半导体,AI算力
20260729,sz000892,传媒,AI应用
20260729,sz002558,传媒,AI应用
20260729,sz002517,传媒,AI应用
20260729,sh603258,传媒,AI应用
20260729,sz002298,机器人,机器人
20260729,sz002498,电网,新能源电网
20260729,sz002112,算力,AI算力
20260729,sh603556,电网,新能源电网
20260729,sh603801,其它,其它
20260729,sz002791,其它,其它
20260729,sz001323,其它,其它
20260729,sh603833,其它,其它
20260729,sz002083,储能,新能源电网
20260729,sz002580,液冷,AI算力
20260729,sz002882,储能,新能源电网
20260729,sz300530,储能,新能源电网
20260729,sh600722,化工,周期资源
20260729,sh600227,化工,周期资源
20260729,sh600844,化工,周期资源
20260729,sz002440,化工,周期资源
20260729,sh600693,其它,其它
20260729,sh605188,其它,其它
20260729,sh601086,其它,其它
20260729,sz003032,其它,其它
20260729,sz300359,其它,其它
20260729,sz002607,其它,其它
20260729,sz002212,AI应用,AI应用
20260729,sh601858,AI应用,AI应用
20260729,sh605136,AI应用,AI应用
20260729,sz000636,元件,AI算力
20260729,sh688260,元件,AI算力
20260729,sh600499,储能,新能源电网
20260729,sh603399,储能,新能源电网
20260729,sz003001,PCB,AI算力
20260729,sz002141,PCB,AI算力
20260729,sh603407,有色,周期资源
20260729,sz002514,其它,其它
20260729,sz301139,其它,其它
20260729,sz002726,其它,其它
20260729,sz002667,其它,其它
20260729,sz000826,其它,其它
20260729,sz000428,其它,其它
20260729,sz300981,其它,其它
20260729,sz002827,其它,其它
20260729,sz002037,其它,其它
20260729,sz002045,其它,其它
20260729,sh600236,电力,新能源电网
20260729,sh600733,其它,其它
20260729,sh601003,黑色,周期资源
20260729,sz002945,其它,其它
20260729,sh600578,电力,新能源电网
20260729,sz300169,其它,其它
20260730,sh605179,其它,其它
20260730,sh605388,其它,其它
20260730,sz002702,其它,其它
20260730,sh600702,其它,其它
20260730,sz000721,其它,其它
20260730,sh603919,其它,其它
20260730,sh603660,AI应用,AI应用
20260730,sz000526,AI应用,AI应用
20260730,sh603171,AI应用,AI应用
20260730,sh603039,AI应用,AI应用
20260730,sh600418,其它,其它
20260730,sz301667,其它,其它
20260730,sh603348,其它,其它
20260730,sh603352,其它,其它
20260730,sz003032,其它,其它
20260730,sh600228,其它,其它
20260730,sz000820,其它,其它
20260730,sh603813,其它,其它
20260730,sh605068,机器人,机器人
20260730,sz001225,机器人,机器人
20260730,sz300894,机器人,机器人
20260730,sz002882,储能,新能源电网
20260730,sz002846,储能,新能源电网
20260730,sz000009,机器人,机器人
20260730,sh603185,光伏,新能源电网
20260730,sz002534,光伏,新能源电网
20260730,sh600475,光伏,新能源电网
20260730,sz000566,创新药,医药
20260730,sh600513,创新药,医药
20260730,sz002703,智能驾驶,AI应用
20260730,sh603376,智能驾驶,AI应用
20260730,sz301668,电网,新能源电网
20260730,sz301449,其它,其它
20260730,sz002585,元件,AI算力
20260730,sz002667,其它,其它
20260730,sz002731,其它,其它
20260730,sz002547,其它,其它
20260730,sz002512,其它,其它
20260730,sh603221,半导体,AI算力
20260730,sz002827,其它,其它
20260730,sh601003,黑色,周期资源
20260730,sh603556,电网,新能源电网
20260730,sh600629,其它,其它
20260730,sz300996,其它,其它
20260730,sh600162,算力,AI算力
20260730,sz002686,其它,其它
20260730,sh600712,其它,其它
20260730,sh605033,其它,其它
20260730,sz002258,其它,其它
20260730,sh603137,其它,其它
20260730,sz000025,其它,其它
20260730,sh603382,其它,其它
20260730,sz001309,存储,AI算力
20260730,sh601616,其它,其它
20260730,920685.BJ,其它,其它
20260730,sh600663,其它,其它
20260731,sz003032,AI应用,AI应用
20260731,sz300996,AI应用,AI应用
20260731,sh603039,AI应用,AI应用
20260731,sh603171,AI应用,AI应用
20260731,sz000892,传媒,AI应用
20260731,sz002354,AI应用,AI应用
20260731,sh603106,金融科技,AI应用
20260731,sh605287,AI应用,AI应用
20260731,sz000676,AI应用,AI应用
20260731,sh688095,AI应用,AI应用
20260731,sz002131,AI应用,AI应用
20260731,920130.BJ,AI应用,AI应用
20260731,sz301171,AI应用,AI应用
20260731,sh603533,传媒,AI应用
20260731,sh600588,AI应用,AI应用
20260731,sh603598,传媒,AI应用
20260731,sz300058,AI应用,AI应用
20260731,sz300364,传媒,AI应用
20260731,sz002659,AI应用,AI应用
20260731,sh605318,AI应用,AI应用
20260731,sh603721,AI应用,AI应用
20260731,sh603956,AI应用,AI应用
20260731,sh605069,AI应用,AI应用
20260731,sz002235,AI应用,AI应用
20260731,sz300418,AI应用,AI应用
20260731,sz301231,AI应用,AI应用
20260731,sh603466,机器人,机器人
20260731,sz002774,AI应用,AI应用
20260731,sz002432,AI应用,AI应用
20260731,sz000009,机器人,机器人
20260731,sz300508,机器人,机器人
20260731,sz003036,机器人,机器人
20260731,sz002896,机器人,机器人
20260731,sz002931,机器人,机器人
20260731,sz000048,机器人,机器人
20260731,sh603286,机器人,机器人
20260731,sh600580,机器人,机器人
20260731,sh605208,机器人,机器人
20260731,sh603337,机器人,机器人
20260731,sz002979,机器人,机器人
20260731,sh603608,机器人,机器人
20260731,sz300789,机器人,机器人
20260731,sh603009,机器人,机器人
20260731,sz002115,航天,军工航天
20260731,sz000967,算力,AI算力
20260731,sh605289,AI应用,AI应用
20260731,sz301396,算力,AI算力
20260731,sh600449,算力,AI算力
20260731,sh605168,AI应用,AI应用
20260731,sh603139,医药,医药
20260731,sz000815,算力,AI算力
20260731,sh603629,算力,AI算力
20260731,sh600602,算力,AI算力
20260731,sh600986,AI应用,AI应用
20260731,sz003005,AI应用,AI应用
20260731,sz002197,金融科技,AI应用
20260731,sh600673,算力,AI算力
20260731,sz002929,算力,AI算力
20260731,sh603221,半导体,AI算力
20260731,sz300720,芯片,AI算力
20260731,sh603120,半导体,AI算力
20260731,sh605178,存储,AI算力
20260731,sh603316,存储,AI算力
20260731,sz002963,芯片,AI算力
20260731,sz000032,芯片,AI算力
20260731,sh600667,存储,AI算力
20260731,sh603375,半导体,AI算力
20260731,sz003001,PCB,AI算力
20260731,sz002552,PCB,AI算力
20260731,sh605198,PCB,AI算力
20260731,sz001223,PCB,AI算力
20260731,sz001359,PCB,AI算力
20260731,sz002957,光通信,AI算力
20260731,sh603738,光通信,AI算力
20260731,sh603031,光通信,AI算力
20260731,sz001267,光通信,AI算力
20260731,sh605179,其它,其它
20260731,sh603696,其它,其它
20260731,sh603336,创新药,医药
20260731,sh603779,其它,其它
20260731,sh600162,算力,AI算力
20260731,sh600791,其它,其它
20260731,sh603682,其它,其它
20260731,sz000595,电力,新能源电网
20260731,sz002775,电力,新能源电网
20260731,sz002015,电力,新能源电网
20260731,sz003018,液冷,AI算力
20260731,sz001400,液冷,AI算力
20260731,sz002851,算力,AI算力
20260731,sz002346,算力,AI算力
20260731,sz000838,其它,其它
20260731,sh603398,其它,其它
20260731,sz000428,其它,其它
20260731,sz002827,其它,其它
20260731,sz000820,其它,其它
20260731,sz000593,其它,其它
20260731,sh603115,有色,周期资源
20260731,sh603067,其它,其它
20260731,sh603261,低空经济,军工航天
20260731,sh603637,化工,周期资源
20260731,sz000506,有色,周期资源
20260803,sz002896,机器人,机器人
20260803,sz000967,算力,AI算力
20260803,sz001331,机器人,机器人
20260803,sz301596,机器人,机器人
20260803,sz002176,储能,新能源电网
20260803,sh605488,机器人,机器人
20260803,sz002361,机器人,机器人
20260803,sh603192,机器人,机器人
20260803,sz002681,机器人,机器人
20260803,sh603130,机器人,机器人
20260803,sh600936,机器人,机器人
20260803,sh605288,机器人,机器人
20260803,sh603823,PEEK,机器人
20260803,sz003032,AI应用,AI应用
20260803,sh603106,AI应用,AI应用
20260803,sz002354,AI应用,AI应用
20260803,sh603682,AI应用,AI应用
20260803,sz002131,AI应用,AI应用
20260803,sh601858,AI应用,AI应用
20260803,sz002421,AI应用,AI应用
20260803,sz001229,AI应用,AI应用
20260803,sh603610,AI应用,AI应用
20260803,sz002803,AI应用,AI应用
20260803,sh603261,核电,新能源电网
20260803,sh605167,核电,新能源电网
20260803,sh603011,核电,新能源电网
20260803,sz002438,核电,新能源电网
20260803,sz002366,核电,新能源电网
20260803,sh601611,核电,新能源电网
20260803,sz001208,核电,新能源电网
20260803,sh600468,电网,新能源电网
20260803,sh605056,核电,新能源电网
20260803,sh601700,电网,新能源电网
20260803,sh603577,电网,新能源电网
20260803,sz002879,电网,新能源电网
20260803,sz000533,算力,AI算力
20260803,sz301082,核电,新能源电网
20260803,sh600192,电网,新能源电网
20260803,sz000595,电力,新能源电网
20260803,sz000037,电力,新能源电网
20260803,sh600396,电力,新能源电网
20260803,sh600644,电力,新能源电网
20260803,sz002963,液冷,AI算力
20260803,sz301182,液冷,AI算力
20260803,sh603617,液冷,AI算力
20260803,sh603798,算力,AI算力
20260803,sh603778,光伏,新能源电网
20260803,sh601865,光伏,新能源电网
20260803,sh600438,光伏,新能源电网
20260803,sz002012,化工,周期资源
20260803,sh600793,化工,周期资源
20260803,sz000820,其它,其它
20260803,sz002058,其它,其它
20260803,sh605179,其它,其它
20260803,sz002695,其它,其它
20260803,sz002792,光通信,AI算力
20260803,sz002902,光通信,AI算力
20260803,sz003001,PCB,AI算力
20260803,sz001223,PCB,AI算力
20260803,sz002514,其它,其它
20260803,sz301139,其它,其它
20260803,sh600818,其它,其它
20260803,sh600238,其它,其它
20260803,sh688066,其它,其它
20260803,sz002620,其它,其它
20260803,sh603272,其它,其它
20260803,sz002856,其它,其它
20260803,sz002827,其它,其它
20260803,sz000593,其它,其它
20260803,sz000815,其它,其它
20260803,sz300615,其它,其它
20260803,sz300613,其它,其它
20260803,sh603222,创新药,医药
20260803,sh600540,其它,其它
20260803,sh603217,储能,新能源电网
20260803,sh603036,其它,其它
20260803,sz002075,黑色,周期资源
20260803,sz000608,其它,其它
20260803,sz300305,元件,AI算力
20260803,sh600962,其它,其它
20260803,sh600815,其它,其它
20260803,sh603156,存储,AI算力
20260803,sz000571,煤炭,周期资源
20260804,sz002792,光通信,AI算力
20260804,sz001267,光通信,AI算力
20260804,sh603738,光通信,AI算力
20260804,sz002957,光通信,AI算力
20260804,sz002796,光通信,AI算力
20260804,sz002428,光通信,AI算力
20260804,sz002980,芯片,AI算力
20260804,sz002975,液冷,AI算力
20260804,sz002384,PCB,AI算力
20260804,sh600105,芯片,AI算力
20260804,sh600330,光通信,AI算力
20260804,sh603306,光通信,AI算力
20260804,sz002674,机器人,机器人
20260804,sz300620,光通信,AI算力
20260804,sh603203,光通信,AI算力
20260804,sh603083,光通信,AI算力
20260804,sz002281,光通信,AI算力
20260804,sh600353,光通信,AI算力
20260804,sz300489,核电,新能源电网
20260804,sh688808,光通信,AI算力
20260804,sz003031,光通信,AI算力
20260804,sz000815,算力,AI算力
20260804,sh603629,算力,AI算力
20260804,sz002929,算力,AI算力
20260804,sz301396,算力,AI算力
20260804,sh600673,算力,AI算力
20260804,sz002348,算力,AI算力
20260804,sh688316,算力,AI算力
20260804,sz001388,电网,新能源电网
20260804,sh600666,算力,AI算力
20260804,sh600410,算力,AI算力
20260804,sh603912,算力,AI算力
20260804,sz002990,算力,AI算力
20260804,sz300209,算力,AI算力
20260804,sz002289,算力,AI算力
20260804,sz001339,算力,AI算力
20260804,sz300052,算力,AI算力
20260804,920092.BJ,AI应用,AI应用
20260804,sz003032,AI应用,AI应用
20260804,sh603106,金融科技,AI应用
20260804,sz002354,机器人,机器人
20260804,sh601858,AI应用,AI应用
20260804,sh600228,AI应用,AI应用
20260804,sz000892,传媒,AI应用
20260804,sz002421,AI应用,AI应用
20260804,sz001229,AI应用,AI应用
20260804,sz002659,AI应用,AI应用
20260804,sh605287,AI应用,AI应用
20260804,sh603466,机器人,机器人
20260804,sz002425,AI应用,AI应用
20260804,sz301270,AI应用,AI应用
20260804,sh603058,半导体,AI算力
20260804,sz002912,AI应用,AI应用
20260804,sz300592,AI应用,AI应用
20260804,sz002291,AI应用,AI应用
20260804,sz002552,PCB,AI算力
20260804,sz002579,PCB,AI算力
20260804,sh600186,PCB,AI算力
20260804,sh600183,PCB,AI算力
20260804,sh601208,PCB,AI算力
20260804,sh603186,PCB,AI算力
20260804,sh603459,PCB,AI算力
20260804,sz002916,PCB,AI算力
20260804,sz002080,PCB,AI算力
20260804,sz002913,PCB,AI算力
20260804,sh603124,PCB,AI算力
20260804,sh603936,PCB,AI算力
20260804,sz002463,PCB,AI算力
20260804,sh603800,PCB,AI算力
20260804,sz002938,PCB,AI算力
20260804,sh605589,PCB,AI算力
20260804,sh605068,机器人,机器人
20260804,sz001331,机器人,机器人
20260804,sz000048,机器人,机器人
20260804,sz003036,机器人,机器人
20260804,sz002921,机器人,机器人
20260804,sh603358,机器人,机器人
20260804,sz002779,机器人,机器人
20260804,sz001326,机器人,机器人
20260804,sh603373,机器人,机器人
20260804,sh603990,机器人,机器人
20260804,sz300270,机器人,机器人
20260804,sz300720,芯片,AI算力
20260804,sz002989,半导体,AI算力
20260804,sh603061,半导体,AI算力
20260804,sh603938,化工,周期资源
20260804,sh603661,算力,AI算力
20260804,sh603931,半导体,AI算力
20260804,sh600378,芯片,AI算力
20260804,sh605303,存储,AI算力
20260804,sh688661,半导体,AI算力
20260804,sh603163,芯片,AI算力
20260804,sz002963,液冷,AI算力
20260804,sz003018,液冷,AI算力
20260804,sz000811,液冷,AI算力
20260804,sz002536,算力,AI算力
20260804,sz001266,航天,军工航天
20260804,sh603757,液冷,AI算力
20260804,sh603400,机器人,机器人
20260804,sh603269,液冷,AI算力
20260804,sh600721,创新药,医药
20260804,sz002821,创新药,医药
20260804,sz000739,创新药,医药
20260804,sh603259,创新药,医药
20260804,sz002693,创新药,医药
20260804,sz301047,创新药,医药
20260804,sh603222,创新药,医药
20260804,sz002900,创新药,医药
20260804,sz002793,创新药,医药
20260804,sz002173,医药,医药
20260804,sz000710,AI应用,AI应用
20260804,sh603567,创新药,医药
20260804,sz000820,其它,其它
20260804,sh603580,其它,其它
20260804,sh600892,其它,其它
20260804,sh603559,其它,其它
20260804,sz002199,其它,其它
20260804,sz000533,算力,AI算力
20260804,sh601700,电网,新能源电网
20260804,sh601126,储能,新能源电网
20260804,sh600379,电网,新能源电网
20260804,sz002364,算力,AI算力
20260804,sh603115,元件,AI算力
20260804,sz000962,元件,AI算力
20260804,sh603435,元件,AI算力
20260804,sz002484,元件,AI算力
20260804,sz002655,新材料,周期资源
20260804,sh603773,光通信,AI算力
20260804,sz002361,机器人,机器人
20260804,sz000609,其它,其它
20260804,sz002501,其它,其它
20260804,sz000593,其它,其它
20260804,sz000595,电力,新能源电网
20260804,sz300615,其它,其它
20260804,sh605167,核电,新能源电网
20260804,sh600712,其它,其它
20260804,sz000510,化工,周期资源
20260804,sz002303,其它,其它
20260804,sh600397,有色,周期资源
20260804,sz301227,其它,其它
20260805,sh603061,半导体,AI算力
20260805,sh603823,PEEK,机器人
20260805,sz002346,算力,AI算力
20260805,sh600611,存储,AI算力
20260805,sh603078,半导体,AI算力
20260805,sh600130,芯片,AI算力
20260805,sh603928,化工,周期资源
20260805,sh600206,有色,周期资源
20260805,sz002971,芯片,AI算力
20260805,sh688596,芯片,AI算力
20260805,sz002213,存储,AI算力
20260805,sz002119,半导体,AI算力
20260805,sh688549,芯片,AI算力
20260805,sh603068,芯片,AI算力
20260805,sh605178,半导体,AI算力
20260805,sz002766,智能驾驶,AI应用
20260805,sz002703,智能驾驶,AI应用
20260805,sz002355,智能驾驶,AI应用
20260805,sz002036,智能驾驶,AI应用
20260805,sz000981,智能驾驶,AI应用
20260805,sh603201,智能驾驶,AI应用
20260805,sh603297,PCB,AI算力
20260805,sz003032,AI应用,AI应用
20260805,sh603039,AI应用,AI应用
20260805,sz002425,AI应用,AI应用
20260805,sz002649,AI应用,AI应用
20260805,sz300248,AI应用,AI应用
20260805,sz002908,AI应用,AI应用
20260805,sz002181,AI应用,AI应用
20260805,sh600556,AI应用,AI应用
20260805,sz000510,化工,周期资源
20260805,sz000751,有色,周期资源
20260805,sz002182,机器人,机器人
20260805,sz000603,有色,周期资源
20260805,sz001337,有色,周期资源
20260805,sz002842,有色,周期资源
20260805,sz301026,有色,周期资源
20260805,sh603663,有色,周期资源
20260805,sz001267,光通信,AI算力
20260805,sz002957,光通信,AI算力
20260805,sz002975,液冷,AI算力
20260805,sz002428,光通信,AI算力
20260805,sz002674,机器人,机器人
20260805,sh600353,光通信,AI算力
20260805,sz300686,光通信,AI算力
20260805,sh601231,光通信,AI算力
20260805,sz002491,光通信,AI算力
20260805,sz002963,液冷,AI算力
20260805,sz003018,液冷,AI算力
20260805,sz000811,液冷,AI算力
20260805,sz001210,液冷,AI算力
20260805,sh688600,液冷,AI算力
20260805,sh603629,算力,AI算力
20260805,sz002990,算力,AI算力
20260805,sh603206,AI应用,AI应用
20260805,sz000712,算力,AI算力
20260805,sz002552,PCB,AI算力
20260805,sz002579,PCB,AI算力
20260805,sh603186,PCB,AI算力
20260805,sh601208,PCB,AI算力
20260805,sz001359,PCB,AI算力
20260805,sz000657,有色,周期资源
20260805,sh600892,传媒,AI应用
20260805,sz002214,其它,其它
20260805,sh603115,元件,AI算力
20260805,sz000962,元件,AI算力
20260805,sh603773,PCB,AI算力
20260805,sh600367,元件,AI算力
20260805,sh605376,元件,AI算力
20260805,sh603678,元件,AI算力
20260805,920117.BJ,元件,AI算力
20260805,sh600721,创新药,医药
20260805,sz002655,新材料,周期资源
20260805,sh600172,新材料,周期资源
20260805,sh603045,机器人,机器人
20260805,sz002396,光通信,AI算力
20260805,sz000938,光通信,AI算力
20260805,sh603306,其它,其它
20260805,sz000593,其它,其它
20260805,sz300615,其它,其它
20260805,sz001225,机器人,机器人
20260805,sh603826,化工,周期资源
20260805,sh603004,化工,周期资源
20260805,sz301045,其它,其它
20260805,sh603657,其它,其它
20260805,sz002721,有色,周期资源
20260805,sh600629,其它,其它
20260805,sz002734,储能,新能源电网
20260806,sz002963,液冷,AI算力
20260806,sh603823,PEEK,机器人
20260806,sh600206,半导体,AI算力
20260806,sh603078,半导体,AI算力
20260806,sz002971,芯片,AI算力
20260806,sh688693,半导体,AI算力
20260806,sh603221,半导体,AI算力
20260806,sh601678,化工,周期资源
20260806,sh603421,半导体,AI算力
20260806,sh600584,PCB,AI算力
20260806,sz002649,金融科技,AI应用
20260806,sz002376,金融科技,AI应用
20260806,sz300386,金融科技,AI应用
20260806,sz002104,金融科技,AI应用
20260806,sz003040,金融科技,AI应用
20260806,sz002212,金融科技,AI应用
20260806,sh603123,金融科技,AI应用
20260806,sz002552,PCB,AI算力
20260806,sh603186,PCB,AI算力
20260806,sh603124,PCB,AI算力
20260806,sh603228,PCB,AI算力
20260806,sh600601,PCB,AI算力
20260806,sz300903,PCB,AI算力
20260806,sh603629,算力,AI算力
20260806,sz002355,智能驾驶,AI应用
20260806,sh600156,机器人,机器人
20260806,sz000889,金融科技,AI应用
20260806,sz002792,光通信,AI算力
20260806,sz002194,光通信,AI算力
20260806,sz300711,光通信,AI算力
20260806,sh600397,有色,周期资源
20260806,sh603988,风电,新能源电网
20260806,sh600262,有色,周期资源
20260806,sz002425,AI应用,AI应用
20260806,sh603039,AI应用,AI应用
20260806,sz002973,AI应用,AI应用
20260806,sz002721,金融科技,AI应用
20260806,sz000603,有色,周期资源
20260806,sz002428,光通信,AI算力
20260806,sz002975,液冷,AI算力
20260806,sh600892,传媒,AI应用
20260806,sz002214,其它,其它
20260806,sz000720,光通信,AI算力
20260806,sh605366,化工,周期资源
20260806,sh603601,航天,军工航天
20260806,sz002827,其它,其它
20260806,sz300615,其它,其它
20260806,sh601700,电网,新能源电网
20260806,sh603773,PCB,AI算力
20260806,sh600721,其它,其它
20260806,sz002180,其它,其它
20260806,sz000692,其它,其它
20260806,sz002369,其它,其它
20260806,sh600326,其它,其它
20260806,sh603285,其它,其它
20260806,sh601101,煤炭,周期资源
20260806,sz002302,其它,其它
20260806,sz002686,其它,其它
20260806,sh600665,其它,其它
20260806,sz002826,其它,其它
20260807,sz002963,液冷,AI算力
20260807,sh603823,PEEK,机器人
20260807,sh603078,半导体,AI算力
20260807,sh600206,半导体,AI算力
20260807,sh688693,半导体,AI算力
20260807,sh603221,半导体,AI算力
20260807,sh601678,化工,周期资源
20260807,sh603421,半导体,AI算力
20260807,sz002407,芯片,AI算力
20260807,sz002915,芯片,AI算力
20260807,sh600584,PCB,AI算力
20260807,sz002721,金融科技,AI应用
20260807,sz002649,金融科技,AI应用
20260807,sz002376,金融科技,AI应用
20260807,sz300386,金融科技,AI应用
20260807,sz002104,金融科技,AI应用
20260807,sz003040,金融科技,AI应用
20260807,sz002212,金融科技,AI应用
20260807,sh603123,金融科技,AI应用
20260807,sh601101,煤炭,周期资源
20260807,sh600403,煤炭,周期资源
20260807,sh601666,煤炭,周期资源
20260807,sh600985,煤炭,周期资源
20260807,sh600188,煤炭,周期资源
20260807,sh600758,煤炭,周期资源
20260807,sh601699,煤炭,周期资源
20260807,sh600721,医药,医药
20260807,sz002826,医药,医药
20260807,sh600829,医药,医药
20260807,sz000908,医药,医药
20260807,sh603122,医药,医药
20260807,sh600272,医药,医药
20260807,sz002552,PCB,AI算力
20260807,sh603228,PCB,AI算力
20260807,sz300903,PCB,AI算力
20260807,sh600601,PCB,AI算力
20260807,sz301251,PCB,AI算力
20260807,sz001267,光通信,AI算力
20260807,sz002428,光通信,AI算力
20260807,sz002975,液冷,AI算力
20260807,sh603738,光通信,AI算力
20260807,sh600330,光通信,AI算力
20260807,sh603106,AI应用,AI应用
20260807,sz002425,AI应用,AI应用
20260807,sz002973,AI应用,AI应用
20260807,sh603039,AI应用,AI应用
20260807,sz002971,化工,周期资源
20260807,sh688549,化工,周期资源
20260807,sz300540,航天,军工航天
20260807,sz002792,光通信,AI算力
20260807,sz002194,光通信,AI算力
20260807,sz300711,光通信,AI算力
20260807,sz000839,其它,其它
20260807,sz003029,金融科技,AI应用
20260807,sz300311,其它,其它
20260807,sh600397,有色,周期资源
20260807,sh603988,风电,新能源电网
20260807,sh600262,有色,周期资源
20260807,sz000720,光通信,AI算力
20260807,sh605366,化工,周期资源
20260807,sh600892,传媒,AI应用
20260807,sz002214,其它,其它
20260807,sz003036,机器人,机器人
20260807,sh600156,机器人,机器人
20260807,sh600127,其它,其它
20260807,sz002485,其它,其它
20260807,sh605336,其它,其它
20260807,sz002667,其它,其它
20260807,sz002759,其它,其它
20260807,sz002827,其它,其它
20260807,sz300615,其它,其它
20260807,sh601700,电网,新能源电网
20260807,sh603773,PCB,AI算力
20260807,sz002180,其它,其它
20260807,sz000692,其它,其它
20260807,sz002369,其它,其它
20260807,sh600326,其它,其它
20260807,sh603285,其它,其它
20260807,sz002302,其它,其它
20260807,sz002686,其它,其它
20260807,sz001378,新材料,周期资源
20260807,sh600665,其它,其它
20260807,sz002052,算力,AI算力
20260813,sz002437,医药,医药
20260813,sh600881,医药,医药
20260813,sz301520,医药,医药
20260813,sz300404,AI应用,AI应用
20260813,sh600613,医药,医药
20260813,sh688265,创新药,医药
20260813,sz002644,医药,医药
20260813,sz300534,创新药,医药
20260813,sh688137,医药,医药
20260813,sh603998,创新药,医药
20260813,sh603887,算力,AI算力
20260813,sz000887,算力,AI算力
20260813,sz002575,算力,AI算力
20260813,sz002174,算力,AI算力
20260813,sh600821,电力,新能源电网
20260813,sh603912,算力,AI算力
20260813,sz300333,算力,AI算力
20260813,sh603890,算力,AI算力
20260813,sh603118,光通信,AI算力
20260813,sz002396,光通信,AI算力
20260813,sh605286,电力,新能源电网
20260813,sz000692,电力,新能源电网
20260813,sh600726,电力,新能源电网
20260813,sh601991,电力,新能源电网
20260813,sz002329,其它,其它
20260813,sh605179,其它,其它
20260813,sz000972,其它,其它
20260813,sh601579,其它,其它
20260813,sz300862,光通信,AI算力
20260813,sh600683,芯片,AI算力
20260813,sz000936,芯片,AI算力
20260813,sh603330,光伏,新能源电网
20260813,sh601886,其它,其它
20260813,sz002172,其它,其它
20260813,sz002219,医药,医药
20260813,sz002081,航天,军工航天
20260813,sh601026,半导体,AI算力
20260813,sh603903,半导体,AI算力
20260813,sz300937,AI应用,AI应用
20260813,sz301060,AI应用,AI应用
20260813,sh603466,机器人,机器人
20260813,sh603956,AI应用,AI应用
20260813,sh603758,机器人,机器人
20260813,sz002921,机器人,机器人
20260813,sh600491,其它,其它
20260813,sz002581,其它,其它
20260813,sh688496,其它,其它
20260813,sz000802,其它,其它
20260813,sz001260,其它,其它
20260813,sz000593,其它,其它
20260813,sh603191,其它,其它
20260813,sz002322,其它,其它
20260813,sh603236,其它,其它
20260813,sh600800,化工,周期资源
20260813,sz002706,算力,AI算力
20260813,sz002066,其它,其它
20260813,sh603261,其它,其它
20260813,sz000695,储能,新能源电网
20260813,sz002543,其它,其它
20260813,sz000006,其它,其它
20260813,sz002724,其它,其它
20260813,sh601999,其它,其它
20260812,sz002792,光通信,AI算力
20260812,sz300862,光通信,AI算力
20260812,sh600683,光通信,AI算力
20260812,sh600641,光通信,AI算力
20260812,sz002047,光通信,AI算力
20260812,sh688167,光通信,AI算力
20260812,sz000936,芯片,AI算力
20260812,sh603052,芯片,AI算力
20260812,sh600105,芯片,AI算力
20260812,sh605289,AI应用,AI应用
20260812,sh603232,AI应用,AI应用
20260812,sz002421,AI应用,AI应用
20260812,sz002178,AI应用,AI应用
20260812,sz301315,金融科技,AI应用
20260812,sh603466,机器人,机器人
20260812,sz003032,AI应用,AI应用
20260812,sh603095,AI应用,AI应用
20260812,sh600162,算力,AI算力
20260812,sh600266,其它,其它
20260812,sz002146,其它,其它
20260812,sz000736,其它,其它
20260812,sz002244,其它,其它
20260812,sh601155,其它,其它
20260812,sh600376,机器人,机器人
20260812,sz002329,其它,其它
20260812,sh605179,其它,其它
20260812,sh603102,其它,其它
20260812,sh603076,其它,其它
20260812,sh603696,其它,其它
20260812,sz002582,其它,其它
20260812,sh603369,其它,其它
20260812,sh603758,机器人,机器人
20260812,sz002031,机器人,机器人
20260812,sz000887,机器人,机器人
20260812,920856.BJ,机器人,机器人
20260812,sz002870,机器人,机器人
20260812,sz002164,机器人,机器人
20260812,sz001313,机器人,机器人
20260812,sh600721,创新药,医药
20260812,sz002437,医药,医药
20260812,sz002589,创新药,医药
20260812,sz301602,医药,医药
20260812,sh600216,创新药,医药
20260812,sz002172,医药,医药
20260812,sh600572,创新药,医药
20260812,sh603887,算力,AI算力
20260812,sz002229,算力,AI算力
20260812,sh600602,算力,AI算力
20260812,sz000665,算力,AI算力
20260812,sz000048,算力,AI算力
20260812,sh600234,算力,AI算力
20260812,sz002491,光通信,AI算力
20260812,sz000720,光通信,AI算力
20260812,sh688635,光通信,AI算力
20260812,sz002248,其它,其它
20260812,sz000410,机器人,机器人
20260812,sz002520,机器人,机器人
20260812,sz002081,航天,军工航天
20260812,sh600604,芯片,AI算力
20260812,sh603690,半导体,AI算力
20260812,sh601700,电网,新能源电网
20260812,sh603897,电网,新能源电网
20260812,sh600379,电网,新能源电网
20260812,sz002552,PCB,AI算力
20260812,sh603228,PCB,AI算力
20260812,sh603396,光伏,新能源电网
20260812,sh603330,光伏,新能源电网
20260812,sh600857,其它,其它
20260812,sz000715,其它,其它
20260812,sz002379,有色,周期资源
20260812,sh600397,有色,周期资源
20260812,sh605286,电力,新能源电网
20260812,sz000692,电力,新能源电网
20260812,sz000669,其它,其它
20260812,sz000838,其它,其它
20260812,sh600491,其它,其它
20260812,sh603922,其它,其它
20260812,sz000802,其它,其它
20260812,sh600881,医药,医药
20260812,sh601886,其它,其它
20260812,sh603269,其它,其它
20260812,sz002483,其它,其它
20260812,sz002682,其它,其它
20260812,sh603191,其它,其它
20260812,sz002357,其它,其它
20260812,sz000593,其它,其它
20260812,sh603277,其它,其它
20260812,sz001260,其它,其它
20260812,sh603289,其它,其它
20260812,sz002005,其它,其它
20260812,sh603538,其它,其它
20260812,sz002562,PEEK,机器人
20260812,sz001696,无人机,军工航天
20260812,sh603615,其它,其它
20260812,sz002573,化工,周期资源
20260812,sz300197,其它,其它
20260810,sh600721,创新药,医药
20260810,sh600272,医药,医药
20260810,sz002900,创新药,医药
20260810,sz002589,创新药,医药
20260810,sh600664,创新药,医药
20260810,sh688073,创新药,医药
20260810,sz002437,医药,医药
20260810,sz301080,医药,医药
20260810,sz002370,创新药,医药
20260810,sz002399,创新药,医药
20260810,sh600833,医药,医药
20260810,sh605033,化工,周期资源
20260810,sh603382,化工,周期资源
20260810,sh600227,化工,周期资源
20260810,sh600793,化工,周期资源
20260810,sz002783,化工,周期资源
20260810,sh600722,化工,周期资源
20260810,sh603188,化工,周期资源
20260810,sz002626,其它,其它
20260810,sh605179,其它,其它
20260810,sz002696,其它,其它
20260810,sh603711,其它,其它
20260810,sz002329,其它,其它
20260810,sh603020,其它,其它
20260810,sh601700,电网,新能源电网
20260810,sz002885,算力,AI算力
20260810,sz002298,机器人,机器人
20260810,sz002112,算力,AI算力
20260810,sz002300,电网,新能源电网
20260810,sh600192,电网,新能源电网
20260810,sh605162,电力,新能源电网
20260810,sz000537,风电,新能源电网
20260810,sz001258,电力,新能源电网
20260810,sz001376,电力,新能源电网
20260810,sh605286,电力,新能源电网
20260810,sh600356,电力,新能源电网
20260810,sh603758,机器人,机器人
20260810,sh603130,机器人,机器人
20260810,sh603725,机器人,机器人
20260810,sh605128,机器人,机器人
20260810,sz002541,机器人,机器人
20260810,sh600936,机器人,机器人
20260810,sh600641,光通信,AI算力
20260810,sz300862,光通信,AI算力
20260810,sh600683,芯片,AI算力
20260810,sz002951,光通信,AI算力
20260810,sh603065,光通信,AI算力
20260810,sz000026,光通信,AI算力
20260810,sz000506,有色,周期资源
20260810,sh600490,有色,周期资源
20260810,sz002345,有色,周期资源
20260810,sh601020,有色,周期资源
20260810,sh601606,军工,军工航天
20260810,sh600698,军工,军工航天
20260810,sh600316,军工,军工航天
20260810,sz301357,军工,军工航天
20260810,sz002388,半导体,AI算力
20260810,sz002748,储能,新能源电网
20260810,sz002580,液冷,AI算力
20260810,sz000973,储能,新能源电网
20260810,sh603221,半导体,AI算力
20260810,sz002647,算力,AI算力
20260810,sz000859,半导体,AI算力
20260810,sz003043,半导体,AI算力
20260810,sz002289,算力,AI算力
20260810,sz000656,其它,其它
20260810,sh603580,其它,其它
20260810,sz002552,PCB,AI算力
20260810,sz002141,PCB,AI算力
20260810,sh600186,算力,AI算力
20260810,sz002458,其它,其它
20260810,sh603151,其它,其它
20260810,sh601886,其它,其它
20260810,sz002622,其它,其它
20260810,sh603797,其它,其它
20260810,sh601199,其它,其它
20260810,sz000710,AI应用,AI应用
20260810,sz002044,AI应用,AI应用
20260810,sz000802,传媒,AI应用
20260810,sz002739,传媒,AI应用
20260810,sz002474,AI应用,AI应用
20260810,sz002153,AI应用,AI应用
20260810,sz002248,其它,其它
20260810,sh603161,其它,其它
20260810,sh605336,其它,其它
20260810,sz002667,其它,其它
20260810,sh600337,其它,其它
20260810,sz002193,其它,其它
20260810,sz002827,其它,其它
20260810,sh600326,其它,其它
20260810,sz002842,有色,周期资源
20260810,sz001388,电网,新能源电网
20260810,sz002828,其它,其它
20260810,sh603269,其它,其它
20260810,sh603038,其它,其它
20260810,sz000428,其它,其它
20260810,sz001222,其它,其它
20260810,sh600984,其它,其它
20260810,sh600327,其它,其它
20260810,sz001300,其它,其它
20260810,sh603162,航运,周期资源
20260810,sh600815,其它,其它
20260810,sz301051,消费电子,AI算力
20260811,sh603823,PEEK,机器人
20260811,sh603758,机器人,机器人
20260811,sz002256,储能,新能源电网
20260811,sh605288,机器人,机器人
20260811,sh603012,机器人,机器人
20260811,sz002031,机器人,机器人
20260811,sh603009,机器人,机器人
20260811,sz301550,机器人,机器人
20260811,sz301529,机器人,机器人
20260811,sh603179,机器人,机器人
20260811,sh603897,电网,新能源电网
20260811,sh600721,创新药,医药
20260811,sh600664,创新药,医药
20260811,sh603087,创新药,医药
20260811,sz301520,创新药,医药
20260811,sh600126,算力,AI算力
20260811,sz002229,算力,AI算力
20260811,sh603887,算力,AI算力
20260811,sz000779,AI应用,AI应用
20260811,sh603106,AI应用,AI应用
20260811,sz002212,金融科技,AI应用
20260811,sh603488,军工,军工航天
20260811,sz002235,AI应用,AI应用
20260811,sz000859,半导体,AI算力
20260811,sz002585,元件,AI算力
20260811,sz002859,元件,AI算力
20260811,sh600272,医药,医药
20260811,sh600833,医药,医药
20260811,sh603883,医药,医药
20260811,sz000802,传媒,AI应用
20260811,sh600715,传媒,AI应用
20260811,sz300426,传媒,AI应用
20260811,sh605286,电力,新能源电网
20260811,sz001258,电力,新能源电网
20260811,sh600863,电力,新能源电网
20260811,sz300862,光通信,AI算力
20260811,sh600683,光通信,AI算力
20260811,sz002047,光通信,AI算力
20260811,sz002248,其它,其它
20260811,sz002685,算力,AI算力
20260811,sh603137,存储,AI算力
20260811,sh600667,存储,AI算力
20260811,sz002963,液冷,AI算力
20260811,sh600611,芯片,AI算力
20260811,sz002329,其它,其它
20260811,sh605179,其它,其它
20260811,sz002721,金融科技,AI应用
20260811,sz002715,有色,周期资源
20260811,sh600107,其它,其它
20260811,sh600759,其它,其它
20260811,sz002194,光通信,AI算力
20260811,sh603188,化工,周期资源
20260811,sh603797,其它,其它
20260811,sz002762,其它,其它
20260811,sh603655,其它,其它
20260811,sh600162,算力,AI算力
20260811,sz002687,其它,其它
20260811,sz002246,军工,军工航天
20260811,sh600881,医药,医药
20260811,sh603284,化工,周期资源
20260814,sz300862,光通信,AI算力
20260814,sh603330,光通信,AI算力
20260814,sz000936,芯片,AI算力
20260814,sh603725,光通信,AI算力
20260814,sh688662,光通信,AI算力
20260814,sh600353,光通信,AI算力
20260814,sh603083,光通信,AI算力
20260814,920083.BJ,光通信,AI算力
20260814,sz003031,光通信,AI算力
20260814,sz300120,芯片,AI算力
20260814,sh600272,医药,医药
20260814,sz002172,医药,医药
20260814,sh600613,医药,医药
20260814,sz300404,AI应用,AI应用
20260814,sz002907,创新药,医药
20260814,sz000950,创新药,医药
20260814,sh603079,医药,医药
20260814,sh600645,医药,医药
20260814,sz301130,医药,医药
20260814,sh600829,医药,医药
20260814,sz002081,航天,军工航天
20260814,sz002658,半导体,AI算力
20260814,sz000620,存储,AI算力
20260814,sh688286,半导体,AI算力
20260814,sz002989,半导体,AI算力
20260814,sh688485,半导体,AI算力
20260814,sz002951,元件,AI算力
20260814,sh603989,液冷,AI算力
20260814,sh603115,元件,AI算力
20260814,sz002418,元件,AI算力
20260814,sh601609,机器人,机器人
20260814,sz301419,液冷,AI算力
20260814,sh603881,算力,AI算力
20260814,sz300017,算力,AI算力
20260814,sh603629,算力,AI算力
20260814,sz002724,军工,军工航天
20260814,sz002651,军工,军工航天
20260814,sh600198,半导体,AI算力
20260814,sh603095,AI应用,AI应用
20260814,sz002774,AI应用,AI应用
20260814,sz002811,半导体,AI算力
20260814,sh603618,PCB,AI算力
20260814,sh600487,光通信,AI算力
20260814,sh603186,PCB,AI算力
20260814,sh600186,算力,AI算力
20260814,sz002645,有色,周期资源
20260814,sz000831,有色,周期资源
20260814,sh600288,机器人,机器人
20260814,sz002628,机器人,机器人
20260814,sh603118,光通信,AI算力
20260814,sz002726,其它,其它
20260814,sz001260,其它,其它
20260814,sz002322,其它,其它
20260814,sz300684,其它,其它
20260814,sh603025,其它,其它
20260814,sh603382,化工,周期资源
20260814,sh603089,其它,其它
20260814,sh603177,其它,其它
20260814,sz002820,其它,其它
20260814,sz300929,其它,其它
20260814,sz002766,智能驾驶,AI应用
20260814,sh600769,其它,其它
20260814,sh600815,其它,其它
20260814,sz002988,其它,其它
20260817,sh603330,光通信,AI算力
20260817,sh603118,光通信,AI算力
20260817,sz300684,光通信,AI算力
20260817,sh600353,光通信,AI算力
20260817,sz003031,光通信,AI算力
20260817,sz001229,AI应用,AI应用
20260817,sz300570,光通信,AI算力
20260817,sh600330,光通信,AI算力
20260817,sz301626,光通信,AI算力
20260817,sz000026,光通信,AI算力
20260817,sh603703,元件,AI算力
20260817,sh688677,光通信,AI算力
20260817,sz300679,光通信,AI算力
20260817,sz002081,航天,军工航天
20260817,sh603929,芯片,AI算力
20260817,sh600206,半导体,AI算力
20260817,sz000670,半导体,AI算力
20260817,sz001358,半导体,AI算力
20260817,sz000551,半导体,AI算力
20260817,sz300345,半导体,AI算力
20260817,sz002156,光通信,AI算力
20260817,sz002787,储能,新能源电网
20260817,sh688503,半导体,AI算力
20260817,sh688378,半导体,AI算力
20260817,sh688003,半导体,AI算力
20260817,sh603010,半导体,AI算力
20260817,sz002437,医药,医药
20260817,sz002172,医药,医药
20260817,sh600613,医药,医药
20260817,sh603079,医药,医药
20260817,sz002907,创新药,医药
20260817,sz300314,医药,医药
20260817,sz002742,医药,医药
20260817,sh603880,医药,医药
20260817,sh600222,医药,医药
20260817,sh603186,PCB,AI算力
20260817,sh600545,化工,周期资源
20260817,sh603002,PCB,AI算力
20260817,sh603936,PCB,AI算力
20260817,sz301282,PCB,AI算力
20260817,sz002436,PCB,AI算力
20260817,sh603110,PCB,AI算力
20260817,sh603011,PCB,AI算力
20260817,sh603089,机器人,机器人
20260817,sz002682,机器人,机器人
20260817,sh603958,机器人,机器人
20260817,sz002448,机器人,机器人
20260817,sh603082,机器人,机器人
20260817,sz002863,机器人,机器人
20260817,sh603286,机器人,机器人
20260817,sz001207,机器人,机器人
20260817,sz002469,化工,周期资源
20260817,sh603395,化工,周期资源
20260817,sz002165,半导体,AI算力
20260817,sz002476,化工,周期资源
20260817,sh603285,化工,周期资源
20260817,sz001356,化工,周期资源
20260817,sh600281,化工,周期资源
20260817,sh605179,其它,其它
20260817,sz002820,其它,其它
20260817,sh603102,其它,其它
20260817,sz001318,其它,其它
20260817,sz300313,其它,其它
20260817,sz000737,有色,周期资源
20260817,sh600459,半导体,AI算力
20260817,sh603067,有色,周期资源
20260817,sz002578,有色,周期资源
20260817,sz002229,算力,AI算力
20260817,sz000779,AI应用,AI应用
20260817,sz301127,算力,AI算力
20260817,sz002289,算力,AI算力
20260817,sh600127,其它,其它
20260817,sh600313,其它,其它
20260817,sz000505,其它,其它
20260817,sz002838,机器人,机器人
20260817,sh603823,PEEK,机器人
20260817,sh603790,化工,周期资源
20260817,sh605060,电网,新能源电网
20260817,sz002353,电网,新能源电网
20260817,sz002478,电网,新能源电网
20260817,sh601700,电网,新能源电网
20260817,sz002028,电网,新能源电网
20260817,sh603530,电网,新能源电网
20260817,sh601366,其它,其它
20260817,sh600824,其它,其它
20260817,sz000564,其它,其它
20260817,sh603095,AI应用,AI应用
20260817,sh603916,AI应用,AI应用
20260817,sh603721,AI应用,AI应用
20260817,sh603389,其它,其它
20260817,sh603580,其它,其它
20260817,sh600172,新材料,周期资源
20260817,sz000811,液冷,AI算力
20260817,sz002651,军工,军工航天
20260817,sh600860,氢能,新能源电网
20260817,sh600491,其它,其它
20260817,sz002581,其它,其它
20260817,sh600165,其它,其它
20260817,sh600965,其它,其它
20260817,sz000029,其它,其它
20260817,sh603773,PCB,AI算力
20260817,sh603657,其它,其它
20260817,sz000735,其它,其它
20260817,sz000520,航运,周期资源
20260817,sz002668,其它,其它
20260817,sh603458,航天,军工航天
20260817,sz002258,其它,其它
20260817,sz301516,算力,AI算力
20260817,sh605180,其它,其它
20260817,sh605162,电力,新能源电网
20260818,sh600127,其它,其它
20260818,sh600313,其它,其它
20260818,sh600371,其它,其它
20260818,sh600108,其它,其它
20260818,sz300970,其它,其它
20260818,sz002041,其它,其它
20260818,sz300189,其它,其它
20260818,sh600598,其它,其它
20260818,sh600737,其它,其它
20260818,920087.BJ,其它,其它
20260818,sh600354,其它,其它
20260818,sh600359,其它,其它
20260818,sz000998,其它,其它
20260818,sh601952,其它,其它
20260818,sz002385,其它,其它
20260818,sz000713,其它,其它
20260818,sh603823,PEEK,机器人
20260818,sh603089,机器人,机器人
20260818,sh603958,机器人,机器人
20260818,sz002953,机器人,机器人
20260818,sz000678,机器人,机器人
20260818,sh603280,核电,新能源电网
20260818,sz002553,机器人,机器人
20260818,sh603400,机器人,机器人
20260818,sh603112,机器人,机器人
20260818,sh605333,机器人,机器人
20260818,sh600353,有色,周期资源
20260818,sz300684,光通信,AI算力
20260818,sz001229,AI应用,AI应用
20260818,sh688112,光通信,AI算力
20260818,sz002515,光通信,AI算力
20260818,sz002025,光通信,AI算力
20260818,sh603065,光通信,AI算力
20260818,sh605179,其它,其它
20260818,sz002820,其它,其它
20260818,sz000505,其它,其它
20260818,sz000716,其它,其它
20260818,sz000019,其它,其它
20260818,sh600113,其它,其它
20260818,sz000526,其它,其它
20260818,sh603071,其它,其它
20260818,sh603406,其它,其它
20260818,sz002284,其它,其它
20260818,sh601702,其它,其它
20260818,sz000735,其它,其它
20260818,sz002124,其它,其它
20260818,sh603739,其它,其它
20260818,sz001366,其它,其它
20260818,sz000620,存储,AI算力
20260818,sz301129,半导体,AI算力
20260818,sz003043,半导体,AI算力
20260818,sh603221,存储,AI算力
20260818,sz300598,其它,其它
20260818,sh600536,其它,其它
20260818,sh688152,其它,其它
20260818,sz002819,其它,其它
20260818,sh600272,医药,医药
20260818,sh600613,医药,医药
20260818,sz002365,医药,医药
20260818,sz000597,创新药,医药
20260818,sh603395,化工,周期资源
20260818,sh600227,化工,周期资源
20260818,sh600367,元件,AI算力
20260818,sh600707,PCB,AI算力
20260818,sh603708,其它,其它
20260818,sh601116,其它,其它
20260818,sh603936,PCB,AI算力
20260818,sh600165,其它,其它
20260818,sz300313,其它,其它
20260818,sh603580,其它,其它
20260818,sz000153,其它,其它
20260818,sz002743,核电,新能源电网
20260818,sz301106,其它,其它
20260818,sz002638,其它,其它
20260818,sz000852,其它,其它
20260818,sh605577,传媒,AI应用
20260818,sh600722,化工,周期资源
20260818,sz000020,其它,其它
20260818,sh605268,AI应用,AI应用
20260818,sz000007,其它,其它
20260819,sh601011,新材料,周期资源
20260819,sz000723,煤炭,周期资源
20260819,sh600403,煤炭,周期资源
20260819,sh601015,煤炭,周期资源
20260819,sz000020,其它,其它
20260819,sh603506,机器人,机器人
20260819,sz000736,其它,其它
20260819,sz000560,其它,其它
20260819,sh600127,其它,其它
20260819,sz000505,其它,其它
20260819,sh600371,其它,其它
20260819,sz001338,其它,其它
20260819,sz301130,医药,医药
20260819,sz002900,创新药,医药
20260819,sz002412,医药,医药
20260819,sz301211,医药,医药
20260819,sh603801,其它,其它
20260819,sh603848,其它,其它
20260819,sh603366,其它,其它
20260819,sz002543,其它,其它
20260819,sh603395,化工,周期资源
20260819,sh600610,化工,周期资源
20260819,sz000059,化工,周期资源
20260819,sh603113,化工,周期资源
20260819,sh600783,航天,军工航天
20260819,sz300069,航天,军工航天
20260819,sz001400,液冷,AI算力
20260819,sz000526,其它,其它
20260819,sh603290,半导体,AI算力
20260819,sz002667,其它,其它
20260819,sh603102,其它,其它
20260819,sz002953,机器人,机器人
20260819,sz002333,其它,其它
20260819,sz001277,煤炭,周期资源
20260819,sz300911,算力,AI算力
20260819,sz002040,其它,其它
20260819,sz001301,储能,新能源电网
