code,query_date,ann_date,title,type,severity,url,fetched_at
000017,20260825,20260421,关于续聘会计师事务所的公告,,0,https://www.cninfo.com.cn/new/disclosure/detail?annoId=1225133339,2026-08-25 19:57:37
000017,20260825,20260421,独立董事2025年度述职报告（郭秋泉）,,0,https://www.cninfo.com.cn/new/disclosure/detail?annoId=1225132623,2026-08-25 19:57:37
000017,20260825,20260421,独立董事2025年度述职报告（詹奇勇）,,0,https://www.cninfo.com.cn/new/disclosure/detail?annoId=1225132622,2026-08-25 19:57:37
000017,20260825,20260421,独立董事2025年度述职报告（袁庆辉）,,0,https://www.cninfo.com.cn/new/disclosure/detail?annoId=1225132621,2026-08-25 19:57:37
000017,20260825,20260429,第十一届董事会第二十五次（临时）会议决议公告,,0,https://www.cninfo.com.cn/new/disclosure/detail?annoId=1225237653,2026-08-25 19:57:37
000017,20260825,20260429,2026年一季度报告,,0,https://www.cninfo.com.cn/new/disclosure/detail?annoId=1225237649,2026-08-25 19:57:37
000017,20260825,20260512,关于举办2025年度网上业绩说明会的公告,,0,https://www.cninfo.com.cn/new/disclosure/detail?annoId=1225291853,2026-08-25 19:57:37
000017,20260825,20260514,深圳中华自行车（集团）股份有限公司投资者关系活动记录表5.14,,0,https://www.cninfo.com.cn/new/disclosure/detail?annoId=1225306638,2026-08-25 19:57:37
000017,20260825,20260605,董事、高级管理人员薪酬管理制度,,0,https://www.cninfo.com.cn/new/disclosure/detail?annoId=1225352624,2026-08-25 19:57:37
000017,20260825,20260605,关于召开2025年度股东会的通知,,0,https://www.cninfo.com.cn/new/disclosure/detail?annoId=1225352623,2026-08-25 19:57:37
000017,20260825,20260605,关于2026年度董事、高级管理人员薪酬方案的公告,,0,https://www.cninfo.com.cn/new/disclosure/detail?annoId=1225352622,2026-08-25 19:57:37
000017,20260825,20260605,第十一届董事会第二十六次（临时）会议决议公告,,0,https://www.cninfo.com.cn/new/disclosure/detail?annoId=1225352621,2026-08-25 19:57:37
000017,20260825,20260627,2025年度股东会法律意见书,,0,https://www.cninfo.com.cn/new/disclosure/detail?annoId=1225392930,2026-08-25 19:57:37
000017,20260825,20260627,2025年度股东会决议公告,,0,https://www.cninfo.com.cn/new/disclosure/detail?annoId=1225392929,2026-08-25 19:57:37
000017,20260825,20260701,股票交易异常波动公告,,2,https://www.cninfo.com.cn/new/disclosure/detail?annoId=1225400431,2026-08-25 19:57:37
000017,20260825,20260824,股票交易异常波动公告,,2,https://www.cninfo.com.cn/new/disclosure/detail?annoId=1225492285,2026-08-25 19:57:37
000017,20260825,20260825,第十一届董事会第二十七次会议决议公告,,0,https://www.cninfo.com.cn/new/disclosure/detail?annoId=1225496649,2026-08-25 19:57:37
000017,20260825,20260825,2026年半年度非经营性资金占用及其他关联资金往来情况汇总表,,0,https://www.cninfo.com.cn/new/disclosure/detail?annoId=1225496646,2026-08-25 19:57:37
000017,20260825,20260825,2026年半年度报告,,0,https://www.cninfo.com.cn/new/disclosure/detail?annoId=1225496645,2026-08-25 19:57:37
000017,20260825,20260825,2026年半年度报告摘要,,0,https://www.cninfo.com.cn/new/disclosure/detail?annoId=1225496644,2026-08-25 19:57:37
000017,20260826,20260421,关于续聘会计师事务所的公告,,0,https://www.cninfo.com.cn/new/disclosure/detail?annoId=1225133339,2026-08-27 00:11:24
000017,20260826,20260421,独立董事2025年度述职报告（郭秋泉）,,0,https://www.cninfo.com.cn/new/disclosure/detail?annoId=1225132623,2026-08-27 00:11:24
000017,20260826,20260421,独立董事2025年度述职报告（詹奇勇）,,0,https://www.cninfo.com.cn/new/disclosure/detail?annoId=1225132622,2026-08-27 00:11:24
000017,20260826,20260429,第十一届董事会第二十五次（临时）会议决议公告,,0,https://www.cninfo.com.cn/new/disclosure/detail?annoId=1225237653,2026-08-27 00:11:24
000017,20260826,20260429,2026年一季度报告,,0,https://www.cninfo.com.cn/new/disclosure/detail?annoId=1225237649,2026-08-27 00:11:24
000017,20260826,20260512,关于举办2025年度网上业绩说明会的公告,,0,https://www.cninfo.com.cn/new/disclosure/detail?annoId=1225291853,2026-08-27 00:11:24
000017,20260826,20260514,深圳中华自行车（集团）股份有限公司投资者关系活动记录表5.14,,0,https://www.cninfo.com.cn/new/disclosure/detail?annoId=1225306638,2026-08-27 00:11:24
000017,20260826,20260605,董事、高级管理人员薪酬管理制度,,0,https://www.cninfo.com.cn/new/disclosure/detail?annoId=1225352624,2026-08-27 00:11:24
000017,20260826,20260605,关于召开2025年度股东会的通知,,0,https://www.cninfo.com.cn/new/disclosure/detail?annoId=1225352623,2026-08-27 00:11:24
000017,20260826,20260605,关于2026年度董事、高级管理人员薪酬方案的公告,,0,https://www.cninfo.com.cn/new/disclosure/detail?annoId=1225352622,2026-08-27 00:11:24
000017,20260826,20260605,第十一届董事会第二十六次（临时）会议决议公告,,0,https://www.cninfo.com.cn/new/disclosure/detail?annoId=1225352621,2026-08-27 00:11:24
000017,20260826,20260627,2025年度股东会法律意见书,,0,https://www.cninfo.com.cn/new/disclosure/detail?annoId=1225392930,2026-08-27 00:11:24
000017,20260826,20260627,2025年度股东会决议公告,,0,https://www.cninfo.com.cn/new/disclosure/detail?annoId=1225392929,2026-08-27 00:11:24
000017,20260826,20260701,股票交易异常波动公告,,2,https://www.cninfo.com.cn/new/disclosure/detail?annoId=1225400431,2026-08-27 00:11:24
000017,20260826,20260824,股票交易异常波动公告,,2,https://www.cninfo.com.cn/new/disclosure/detail?annoId=1225492285,2026-08-27 00:11:24
000017,20260826,20260825,第十一届董事会第二十七次会议决议公告,,0,https://www.cninfo.com.cn/new/disclosure/detail?annoId=1225496649,2026-08-27 00:11:24
000017,20260826,20260825,2026年半年度非经营性资金占用及其他关联资金往来情况汇总表,,0,https://www.cninfo.com.cn/new/disclosure/detail?annoId=1225496646,2026-08-27 00:11:24
000017,20260826,20260825,2026年半年度报告,,0,https://www.cninfo.com.cn/new/disclosure/detail?annoId=1225496645,2026-08-27 00:11:24
000017,20260826,20260825,2026年半年度报告摘要,,0,https://www.cninfo.com.cn/new/disclosure/detail?annoId=1225496644,2026-08-27 00:11:24
000017,20260826,20260826,股票交易异常波动公告,,2,https://www.cninfo.com.cn/new/disclosure/detail?annoId=1225507411,2026-08-27 00:11:24
000017,20260827,20260421,关于续聘会计师事务所的公告,,0,https://www.cninfo.com.cn/new/disclosure/detail?annoId=1225133339,2026-08-27 21:27:20
000017,20260827,20260421,独立董事2025年度述职报告（郭秋泉）,,0,https://www.cninfo.com.cn/new/disclosure/detail?annoId=1225132623,2026-08-27 21:27:20
000017,20260827,20260429,第十一届董事会第二十五次（临时）会议决议公告,,0,https://www.cninfo.com.cn/new/disclosure/detail?annoId=1225237653,2026-08-27 21:27:20
000017,20260827,20260429,2026年一季度报告,,0,https://www.cninfo.com.cn/new/disclosure/detail?annoId=1225237649,2026-08-27 21:27:20
000017,20260827,20260512,关于举办2025年度网上业绩说明会的公告,,0,https://www.cninfo.com.cn/new/disclosure/detail?annoId=1225291853,2026-08-27 21:27:20
000017,20260827,20260514,深圳中华自行车（集团）股份有限公司投资者关系活动记录表5.14,,0,https://www.cninfo.com.cn/new/disclosure/detail?annoId=1225306638,2026-08-27 21:27:20
000017,20260827,20260605,董事、高级管理人员薪酬管理制度,,0,https://www.cninfo.com.cn/new/disclosure/detail?annoId=1225352624,2026-08-27 21:27:20
000017,20260827,20260605,关于召开2025年度股东会的通知,,0,https://www.cninfo.com.cn/new/disclosure/detail?annoId=1225352623,2026-08-27 21:27:20
000017,20260827,20260605,关于2026年度董事、高级管理人员薪酬方案的公告,,0,https://www.cninfo.com.cn/new/disclosure/detail?annoId=1225352622,2026-08-27 21:27:20
000017,20260827,20260605,第十一届董事会第二十六次（临时）会议决议公告,,0,https://www.cninfo.com.cn/new/disclosure/detail?annoId=1225352621,2026-08-27 21:27:20
000017,20260827,20260627,2025年度股东会法律意见书,,0,https://www.cninfo.com.cn/new/disclosure/detail?annoId=1225392930,2026-08-27 21:27:20
000017,20260827,20260627,2025年度股东会决议公告,,0,https://www.cninfo.com.cn/new/disclosure/detail?annoId=1225392929,2026-08-27 21:27:20
000017,20260827,20260701,股票交易异常波动公告,,2,https://www.cninfo.com.cn/new/disclosure/detail?annoId=1225400431,2026-08-27 21:27:20
000017,20260827,20260824,股票交易异常波动公告,,2,https://www.cninfo.com.cn/new/disclosure/detail?annoId=1225492285,2026-08-27 21:27:20
000017,20260827,20260825,第十一届董事会第二十七次会议决议公告,,0,https://www.cninfo.com.cn/new/disclosure/detail?annoId=1225496649,2026-08-27 21:27:20
000017,20260827,20260825,2026年半年度非经营性资金占用及其他关联资金往来情况汇总表,,0,https://www.cninfo.com.cn/new/disclosure/detail?annoId=1225496646,2026-08-27 21:27:20
000017,20260827,20260825,2026年半年度报告,,0,https://www.cninfo.com.cn/new/disclosure/detail?annoId=1225496645,2026-08-27 21:27:20
000017,20260827,20260825,2026年半年度报告摘要,,0,https://www.cninfo.com.cn/new/disclosure/detail?annoId=1225496644,2026-08-27 21:27:20
000017,20260827,20260826,股票交易异常波动公告,,2,https://www.cninfo.com.cn/new/disclosure/detail?annoId=1225507411,2026-08-27 21:27:20
000017,20260827,20260828,关于媒体报道的澄清暨风险提示的公告,,1,https://www.cninfo.com.cn/new/disclosure/detail?annoId=1225523093,2026-08-27 21:27:20
000017,20260831,20260421,关于续聘会计师事务所的公告,,0,https://www.cninfo.com.cn/new/disclosure/detail?annoId=1225133339,2026-08-31 21:10:22
000017,20260831,20260429,第十一届董事会第二十五次（临时）会议决议公告,,0,https://www.cninfo.com.cn/new/disclosure/detail?annoId=1225237653,2026-08-31 21:10:22
000017,20260831,20260429,2026年一季度报告,,0,https://www.cninfo.com.cn/new/disclosure/detail?annoId=1225237649,2026-08-31 21:10:22
000017,20260831,20260512,关于举办2025年度网上业绩说明会的公告,,0,https://www.cninfo.com.cn/new/disclosure/detail?annoId=1225291853,2026-08-31 21:10:22
000017,20260831,20260514,深圳中华自行车（集团）股份有限公司投资者关系活动记录表5.14,,0,https://www.cninfo.com.cn/new/disclosure/detail?annoId=1225306638,2026-08-31 21:10:22
000017,20260831,20260605,董事、高级管理人员薪酬管理制度,,0,https://www.cninfo.com.cn/new/disclosure/detail?annoId=1225352624,2026-08-31 21:10:22
000017,20260831,20260605,关于召开2025年度股东会的通知,,0,https://www.cninfo.com.cn/new/disclosure/detail?annoId=1225352623,2026-08-31 21:10:22
000017,20260831,20260605,关于2026年度董事、高级管理人员薪酬方案的公告,,0,https://www.cninfo.com.cn/new/disclosure/detail?annoId=1225352622,2026-08-31 21:10:22
000017,20260831,20260605,第十一届董事会第二十六次（临时）会议决议公告,,0,https://www.cninfo.com.cn/new/disclosure/detail?annoId=1225352621,2026-08-31 21:10:22
000017,20260831,20260627,2025年度股东会法律意见书,,0,https://www.cninfo.com.cn/new/disclosure/detail?annoId=1225392930,2026-08-31 21:10:22
000017,20260831,20260627,2025年度股东会决议公告,,0,https://www.cninfo.com.cn/new/disclosure/detail?annoId=1225392929,2026-08-31 21:10:22
000017,20260831,20260701,股票交易异常波动公告,,2,https://www.cninfo.com.cn/new/disclosure/detail?annoId=1225400431,2026-08-31 21:10:22
000017,20260831,20260824,股票交易异常波动公告,,2,https://www.cninfo.com.cn/new/disclosure/detail?annoId=1225492285,2026-08-31 21:10:22
000017,20260831,20260825,第十一届董事会第二十七次会议决议公告,,0,https://www.cninfo.com.cn/new/disclosure/detail?annoId=1225496649,2026-08-31 21:10:22
000017,20260831,20260825,2026年半年度非经营性资金占用及其他关联资金往来情况汇总表,,0,https://www.cninfo.com.cn/new/disclosure/detail?annoId=1225496646,2026-08-31 21:10:22
000017,20260831,20260825,2026年半年度报告,,0,https://www.cninfo.com.cn/new/disclosure/detail?annoId=1225496645,2026-08-31 21:10:22
000017,20260831,20260825,2026年半年度报告摘要,,0,https://www.cninfo.com.cn/new/disclosure/detail?annoId=1225496644,2026-08-31 21:10:22
000017,20260831,20260826,股票交易异常波动公告,,2,https://www.cninfo.com.cn/new/disclosure/detail?annoId=1225507411,2026-08-31 21:10:22
000017,20260831,20260828,关于媒体报道的澄清暨风险提示的公告,,1,https://www.cninfo.com.cn/new/disclosure/detail?annoId=1225523093,2026-08-31 21:10:22
000017,20260831,20260831,股票交易异常波动公告,,2,https://www.cninfo.com.cn/new/disclosure/detail?annoId=1225532235,2026-08-31 21:10:22
000533,20260807,20260508,关于股东股份被司法拍卖的进展公告,,0,https://www.cninfo.com.cn/new/disclosure/detail?annoId=1225282812,2026-08-27 20:11:55
000533,20260807,20260516,2025年度股东会法律意见书,,0,https://www.cninfo.com.cn/new/disclosure/detail?annoId=1225311365,2026-08-27 20:11:55
000533,20260807,20260516,2025年度股东会决议公告,,0,https://www.cninfo.com.cn/new/disclosure/detail?annoId=1225311364,2026-08-27 20:11:55
000533,20260807,20260618,关于股东股份被司法拍卖的进展公告,,0,https://www.cninfo.com.cn/new/disclosure/detail?annoId=1225375249,2026-08-27 20:11:55
000533,20260807,20260622,关于董事长兼总经理、独立董事离任的公告,,0,https://www.cninfo.com.cn/new/disclosure/detail?annoId=1225378009,2026-08-27 20:11:55
000533,20260807,20260623,关于参加独立董事培训并取得独立董事资格证书的承诺函,,0,https://www.cninfo.com.cn/new/disclosure/detail?annoId=1225380891,2026-08-27 20:11:55
000533,20260807,20260623,独立董事候选人声明与承诺（李灼光）,,0,https://www.cninfo.com.cn/new/disclosure/detail?annoId=1225380890,2026-08-27 20:11:55
000533,20260807,20260623,独立董事提名人声明与承诺（李灼光）,,0,https://www.cninfo.com.cn/new/disclosure/detail?annoId=1225380889,2026-08-27 20:11:55
000533,20260807,20260623,关于召开2026年第一次临时股东会的通知,,0,https://www.cninfo.com.cn/new/disclosure/detail?annoId=1225380888,2026-08-27 20:11:55
000533,20260807,20260623,第十一届董事会第十四次临时会议决议公告,,0,https://www.cninfo.com.cn/new/disclosure/detail?annoId=1225380887,2026-08-27 20:11:55
000533,20260807,20260709,2026年第一次临时股东会法律意见书,,0,https://www.cninfo.com.cn/new/disclosure/detail?annoId=1225415318,2026-08-27 20:11:55
000533,20260807,20260709,2026年第一次临时股东会决议公告,,0,https://www.cninfo.com.cn/new/disclosure/detail?annoId=1225415317,2026-08-27 20:11:55
000533,20260807,20260709,第十一届董事会第十五次临时会议决议公告,,0,https://www.cninfo.com.cn/new/disclosure/detail?annoId=1225415316,2026-08-27 20:11:55
000533,20260807,20260727,股票交易异常波动公告,,2,https://www.cninfo.com.cn/new/disclosure/detail?annoId=1225441882,2026-08-27 20:11:55
000533,20260807,20260729,股票交易异常波动公告,,2,https://www.cninfo.com.cn/new/disclosure/detail?annoId=1225445682,2026-08-27 20:11:55
000533,20260807,20260820,关于持股5%以上股东减持计划期限届满暨实施结果的公告,,0,https://www.cninfo.com.cn/new/disclosure/detail?annoId=1225483146,2026-08-27 20:11:55
000533,20260807,20260820,关于会计政策变更的公告,,0,https://www.cninfo.com.cn/new/disclosure/detail?annoId=1225482725,2026-08-27 20:11:55
000533,20260807,20260820,2026年半年度非经营性资金占用及其他关联资金往来情况汇总表,,0,https://www.cninfo.com.cn/new/disclosure/detail?annoId=1225482724,2026-08-27 20:11:55
000533,20260807,20260820,2026年半年度报告,,0,https://www.cninfo.com.cn/new/disclosure/detail?annoId=1225482723,2026-08-27 20:11:55
000533,20260807,20260820,2026年半年度报告摘要,,0,https://www.cninfo.com.cn/new/disclosure/detail?annoId=1225482722,2026-08-27 20:11:55
000533,20260827,20260508,关于股东股份被司法拍卖的进展公告,,0,https://www.cninfo.com.cn/new/disclosure/detail?annoId=1225282812,2026-08-27 21:27:20
000533,20260827,20260516,2025年度股东会法律意见书,,0,https://www.cninfo.com.cn/new/disclosure/detail?annoId=1225311365,2026-08-27 21:27:20
000533,20260827,20260516,2025年度股东会决议公告,,0,https://www.cninfo.com.cn/new/disclosure/detail?annoId=1225311364,2026-08-27 21:27:20
000533,20260827,20260618,关于股东股份被司法拍卖的进展公告,,0,https://www.cninfo.com.cn/new/disclosure/detail?annoId=1225375249,2026-08-27 21:27:20
000533,20260827,20260622,关于董事长兼总经理、独立董事离任的公告,,0,https://www.cninfo.com.cn/new/disclosure/detail?annoId=1225378009,2026-08-27 21:27:20
000533,20260827,20260623,关于参加独立董事培训并取得独立董事资格证书的承诺函,,0,https://www.cninfo.com.cn/new/disclosure/detail?annoId=1225380891,2026-08-27 21:27:20
000533,20260827,20260623,独立董事候选人声明与承诺（李灼光）,,0,https://www.cninfo.com.cn/new/disclosure/detail?annoId=1225380890,2026-08-27 21:27:20
000533,20260827,20260623,独立董事提名人声明与承诺（李灼光）,,0,https://www.cninfo.com.cn/new/disclosure/detail?annoId=1225380889,2026-08-27 21:27:20
000533,20260827,20260623,关于召开2026年第一次临时股东会的通知,,0,https://www.cninfo.com.cn/new/disclosure/detail?annoId=1225380888,2026-08-27 21:27:20
000533,20260827,20260623,第十一届董事会第十四次临时会议决议公告,,0,https://www.cninfo.com.cn/new/disclosure/detail?annoId=1225380887,2026-08-27 21:27:20
000533,20260827,20260709,2026年第一次临时股东会法律意见书,,0,https://www.cninfo.com.cn/new/disclosure/detail?annoId=1225415318,2026-08-27 21:27:20
000533,20260827,20260709,2026年第一次临时股东会决议公告,,0,https://www.cninfo.com.cn/new/disclosure/detail?annoId=1225415317,2026-08-27 21:27:20
000533,20260827,20260709,第十一届董事会第十五次临时会议决议公告,,0,https://www.cninfo.com.cn/new/disclosure/detail?annoId=1225415316,2026-08-27 21:27:20
000533,20260827,20260727,股票交易异常波动公告,,2,https://www.cninfo.com.cn/new/disclosure/detail?annoId=1225441882,2026-08-27 21:27:20
000533,20260827,20260729,股票交易异常波动公告,,2,https://www.cninfo.com.cn/new/disclosure/detail?annoId=1225445682,2026-08-27 21:27:20
000533,20260827,20260820,关于持股5%以上股东减持计划期限届满暨实施结果的公告,,0,https://www.cninfo.com.cn/new/disclosure/detail?annoId=1225483146,2026-08-27 21:27:20
000533,20260827,20260820,关于会计政策变更的公告,,0,https://www.cninfo.com.cn/new/disclosure/detail?annoId=1225482725,2026-08-27 21:27:20
000533,20260827,20260820,2026年半年度非经营性资金占用及其他关联资金往来情况汇总表,,0,https://www.cninfo.com.cn/new/disclosure/detail?annoId=1225482724,2026-08-27 21:27:20
000533,20260827,20260820,2026年半年度报告,,0,https://www.cninfo.com.cn/new/disclosure/detail?annoId=1225482723,2026-08-27 21:27:20
000533,20260827,20260820,2026年半年度报告摘要,,0,https://www.cninfo.com.cn/new/disclosure/detail?annoId=1225482722,2026-08-27 21:27:20
000533,20260831,20260508,关于股东股份被司法拍卖的进展公告,,0,https://www.cninfo.com.cn/new/disclosure/detail?annoId=1225282812,2026-08-31 21:10:22
000533,20260831,20260516,2025年度股东会法律意见书,,0,https://www.cninfo.com.cn/new/disclosure/detail?annoId=1225311365,2026-08-31 21:10:22
000533,20260831,20260516,2025年度股东会决议公告,,0,https://www.cninfo.com.cn/new/disclosure/detail?annoId=1225311364,2026-08-31 21:10:22
000533,20260831,20260618,关于股东股份被司法拍卖的进展公告,,0,https://www.cninfo.com.cn/new/disclosure/detail?annoId=1225375249,2026-08-31 21:10:22
000533,20260831,20260622,关于董事长兼总经理、独立董事离任的公告,,0,https://www.cninfo.com.cn/new/disclosure/detail?annoId=1225378009,2026-08-31 21:10:22
000533,20260831,20260623,关于参加独立董事培训并取得独立董事资格证书的承诺函,,0,https://www.cninfo.com.cn/new/disclosure/detail?annoId=1225380891,2026-08-31 21:10:22
000533,20260831,20260623,独立董事候选人声明与承诺（李灼光）,,0,https://www.cninfo.com.cn/new/disclosure/detail?annoId=1225380890,2026-08-31 21:10:22
000533,20260831,20260623,独立董事提名人声明与承诺（李灼光）,,0,https://www.cninfo.com.cn/new/disclosure/detail?annoId=1225380889,2026-08-31 21:10:22
000533,20260831,20260623,关于召开2026年第一次临时股东会的通知,,0,https://www.cninfo.com.cn/new/disclosure/detail?annoId=1225380888,2026-08-31 21:10:22
000533,20260831,20260623,第十一届董事会第十四次临时会议决议公告,,0,https://www.cninfo.com.cn/new/disclosure/detail?annoId=1225380887,2026-08-31 21:10:22
000533,20260831,20260709,2026年第一次临时股东会法律意见书,,0,https://www.cninfo.com.cn/new/disclosure/detail?annoId=1225415318,2026-08-31 21:10:22
000533,20260831,20260709,2026年第一次临时股东会决议公告,,0,https://www.cninfo.com.cn/new/disclosure/detail?annoId=1225415317,2026-08-31 21:10:22
000533,20260831,20260709,第十一届董事会第十五次临时会议决议公告,,0,https://www.cninfo.com.cn/new/disclosure/detail?annoId=1225415316,2026-08-31 21:10:22
000533,20260831,20260727,股票交易异常波动公告,,2,https://www.cninfo.com.cn/new/disclosure/detail?annoId=1225441882,2026-08-31 21:10:22
000533,20260831,20260729,股票交易异常波动公告,,2,https://www.cninfo.com.cn/new/disclosure/detail?annoId=1225445682,2026-08-31 21:10:22
000533,20260831,20260820,关于持股5%以上股东减持计划期限届满暨实施结果的公告,,0,https://www.cninfo.com.cn/new/disclosure/detail?annoId=1225483146,2026-08-31 21:10:22
000533,20260831,20260820,关于会计政策变更的公告,,0,https://www.cninfo.com.cn/new/disclosure/detail?annoId=1225482725,2026-08-31 21:10:22
000533,20260831,20260820,2026年半年度非经营性资金占用及其他关联资金往来情况汇总表,,0,https://www.cninfo.com.cn/new/disclosure/detail?annoId=1225482724,2026-08-31 21:10:22
000533,20260831,20260820,2026年半年度报告,,0,https://www.cninfo.com.cn/new/disclosure/detail?annoId=1225482723,2026-08-31 21:10:22
000533,20260831,20260820,2026年半年度报告摘要,,0,https://www.cninfo.com.cn/new/disclosure/detail?annoId=1225482722,2026-08-31 21:10:22
000593,20260807,20260701,董事、高级管理人员薪酬及绩效考核管理制度（2026年7月）,,0,https://www.cninfo.com.cn/new/disclosure/detail?annoId=1225400428,2026-08-25 21:41:58
000593,20260807,20260701,第十三届董事会第二十六次会议决议公告,,0,https://www.cninfo.com.cn/new/disclosure/detail?annoId=1225400427,2026-08-25 21:41:58
000593,20260807,20260708,股票交易异常波动公告,,2,https://www.cninfo.com.cn/new/disclosure/detail?annoId=1225413599,2026-08-25 21:41:58
000593,20260807,20260723,担保进展公告,,0,https://www.cninfo.com.cn/new/disclosure/detail?annoId=1225436986,2026-08-25 21:41:58
000593,20260807,20260728,关于子公司诉讼的进展公告,,0,https://www.cninfo.com.cn/new/disclosure/detail?annoId=1225443295,2026-08-25 21:41:58
000593,20260807,20260731,关于股东持股比例达到5%以上暨权益变动的提示性公告,,0,https://www.cninfo.com.cn/new/disclosure/detail?annoId=1225449370,2026-08-25 21:41:58
000593,20260807,20260731,简式权益变动报告书（刘鑫）,,0,https://www.cninfo.com.cn/new/disclosure/detail?annoId=1225449369,2026-08-25 21:41:58
000593,20260807,20260805,股票交易异常波动公告,,2,https://www.cninfo.com.cn/new/disclosure/detail?annoId=1225458313,2026-08-25 21:41:58
000593,20260807,20260811,简式权益变动报告书（刘鑫）（更正后）,,0,https://www.cninfo.com.cn/new/disclosure/detail?annoId=1225467411,2026-08-25 21:41:58
000593,20260807,20260811,关于股东持股比例达到5%以上暨权益变动的提示性公告（更正后）,,0,https://www.cninfo.com.cn/new/disclosure/detail?annoId=1225467410,2026-08-25 21:41:58
000593,20260807,20260811,关于简式权益变动报告书（刘鑫）更正的公告,,0,https://www.cninfo.com.cn/new/disclosure/detail?annoId=1225467409,2026-08-25 21:41:58
000593,20260807,20260814,股票交易异常波动公告,,2,https://www.cninfo.com.cn/new/disclosure/detail?annoId=1225472904,2026-08-25 21:41:58
000593,20260807,20260822,内部审计制度（2026年8月）,,0,https://www.cninfo.com.cn/new/disclosure/detail?annoId=1225491945,2026-08-25 21:41:58
000593,20260807,20260822,董事会秘书工作制度（2026年8月）,,0,https://www.cninfo.com.cn/new/disclosure/detail?annoId=1225491944,2026-08-25 21:41:58
000593,20260807,20260822,关于会计政策变更的公告,,0,https://www.cninfo.com.cn/new/disclosure/detail?annoId=1225491943,2026-08-25 21:41:58
000593,20260807,20260822,关于公司计提2026年度半年度资产减值准备的公告,,0,https://www.cninfo.com.cn/new/disclosure/detail?annoId=1225491942,2026-08-25 21:41:58
000593,20260807,20260822,第十三届董事会第二十七次会议决议公告,,0,https://www.cninfo.com.cn/new/disclosure/detail?annoId=1225491941,2026-08-25 21:41:58
000593,20260807,20260822,2026年半年度非经营资金占用及其他关联资金往来情况汇总表,,0,https://www.cninfo.com.cn/new/disclosure/detail?annoId=1225491940,2026-08-25 21:41:58
000593,20260807,20260822,2026年半年度报告,,0,https://www.cninfo.com.cn/new/disclosure/detail?annoId=1225491939,2026-08-25 21:41:58
000593,20260807,20260822,2026年半年度报告摘要,,0,https://www.cninfo.com.cn/new/disclosure/detail?annoId=1225491938,2026-08-25 21:41:58
000593,20260819,20260701,董事、高级管理人员薪酬及绩效考核管理制度（2026年7月）,,0,https://www.cninfo.com.cn/new/disclosure/detail?annoId=1225400428,2026-08-26 10:40:25
000593,20260819,20260701,第十三届董事会第二十六次会议决议公告,,0,https://www.cninfo.com.cn/new/disclosure/detail?annoId=1225400427,2026-08-26 10:40:25
000593,20260819,20260708,股票交易异常波动公告,,2,https://www.cninfo.com.cn/new/disclosure/detail?annoId=1225413599,2026-08-26 10:40:25
000593,20260819,20260723,担保进展公告,,0,https://www.cninfo.com.cn/new/disclosure/detail?annoId=1225436986,2026-08-26 10:40:25
000593,20260819,20260728,关于子公司诉讼的进展公告,,0,https://www.cninfo.com.cn/new/disclosure/detail?annoId=1225443295,2026-08-26 10:40:25
000593,20260819,20260731,关于股东持股比例达到5%以上暨权益变动的提示性公告,,0,https://www.cninfo.com.cn/new/disclosure/detail?annoId=1225449370,2026-08-26 10:40:25
000593,20260819,20260731,简式权益变动报告书（刘鑫）,,0,https://www.cninfo.com.cn/new/disclosure/detail?annoId=1225449369,2026-08-26 10:40:25
000593,20260819,20260805,股票交易异常波动公告,,2,https://www.cninfo.com.cn/new/disclosure/detail?annoId=1225458313,2026-08-26 10:40:25
000593,20260819,20260811,简式权益变动报告书（刘鑫）（更正后）,,0,https://www.cninfo.com.cn/new/disclosure/detail?annoId=1225467411,2026-08-26 10:40:25
000593,20260819,20260811,关于股东持股比例达到5%以上暨权益变动的提示性公告（更正后）,,0,https://www.cninfo.com.cn/new/disclosure/detail?annoId=1225467410,2026-08-26 10:40:25
000593,20260819,20260811,关于简式权益变动报告书（刘鑫）更正的公告,,0,https://www.cninfo.com.cn/new/disclosure/detail?annoId=1225467409,2026-08-26 10:40:25
000593,20260819,20260814,股票交易异常波动公告,,2,https://www.cninfo.com.cn/new/disclosure/detail?annoId=1225472904,2026-08-26 10:40:25
000593,20260819,20260822,内部审计制度（2026年8月）,,0,https://www.cninfo.com.cn/new/disclosure/detail?annoId=1225491945,2026-08-26 10:40:25
000593,20260819,20260822,董事会秘书工作制度（2026年8月）,,0,https://www.cninfo.com.cn/new/disclosure/detail?annoId=1225491944,2026-08-26 10:40:25
000593,20260819,20260822,关于会计政策变更的公告,,0,https://www.cninfo.com.cn/new/disclosure/detail?annoId=1225491943,2026-08-26 10:40:25
000593,20260819,20260822,关于公司计提2026年度半年度资产减值准备的公告,,0,https://www.cninfo.com.cn/new/disclosure/detail?annoId=1225491942,2026-08-26 10:40:25
000593,20260819,20260822,第十三届董事会第二十七次会议决议公告,,0,https://www.cninfo.com.cn/new/disclosure/detail?annoId=1225491941,2026-08-26 10:40:25
000593,20260819,20260822,2026年半年度非经营资金占用及其他关联资金往来情况汇总表,,0,https://www.cninfo.com.cn/new/disclosure/detail?annoId=1225491940,2026-08-26 10:40:25
000593,20260819,20260822,2026年半年度报告,,0,https://www.cninfo.com.cn/new/disclosure/detail?annoId=1225491939,2026-08-26 10:40:25
000593,20260819,20260822,2026年半年度报告摘要,,0,https://www.cninfo.com.cn/new/disclosure/detail?annoId=1225491938,2026-08-26 10:40:25
000593,20260821,20260701,董事、高级管理人员薪酬及绩效考核管理制度（2026年7月）,,0,https://www.cninfo.com.cn/new/disclosure/detail?annoId=1225400428,2026-08-25 10:07:17
000593,20260821,20260701,第十三届董事会第二十六次会议决议公告,,0,https://www.cninfo.com.cn/new/disclosure/detail?annoId=1225400427,2026-08-25 10:07:17
000593,20260821,20260708,股票交易异常波动公告,,2,https://www.cninfo.com.cn/new/disclosure/detail?annoId=1225413599,2026-08-25 10:07:17
000593,20260821,20260723,担保进展公告,,0,https://www.cninfo.com.cn/new/disclosure/detail?annoId=1225436986,2026-08-25 10:07:17
000593,20260821,20260728,关于子公司诉讼的进展公告,,0,https://www.cninfo.com.cn/new/disclosure/detail?annoId=1225443295,2026-08-25 10:07:17
000593,20260821,20260731,关于股东持股比例达到5%以上暨权益变动的提示性公告,,0,https://www.cninfo.com.cn/new/disclosure/detail?annoId=1225449370,2026-08-25 10:07:17
000593,20260821,20260731,简式权益变动报告书（刘鑫）,,0,https://www.cninfo.com.cn/new/disclosure/detail?annoId=1225449369,2026-08-25 10:07:17
000593,20260821,20260805,股票交易异常波动公告,,2,https://www.cninfo.com.cn/new/disclosure/detail?annoId=1225458313,2026-08-25 10:07:17
000593,20260821,20260811,简式权益变动报告书（刘鑫）（更正后）,,0,https://www.cninfo.com.cn/new/disclosure/detail?annoId=1225467411,2026-08-25 10:07:17
000593,20260821,20260811,关于股东持股比例达到5%以上暨权益变动的提示性公告（更正后）,,0,https://www.cninfo.com.cn/new/disclosure/detail?annoId=1225467410,2026-08-25 10:07:17
000593,20260821,20260811,关于简式权益变动报告书（刘鑫）更正的公告,,0,https://www.cninfo.com.cn/new/disclosure/detail?annoId=1225467409,2026-08-25 10:07:17
000593,20260821,20260814,股票交易异常波动公告,,2,https://www.cninfo.com.cn/new/disclosure/detail?annoId=1225472904,2026-08-25 10:07:17
000593,20260821,20260822,内部审计制度（2026年8月）,,0,https://www.cninfo.com.cn/new/disclosure/detail?annoId=1225491945,2026-08-25 10:07:17
000593,20260821,20260822,董事会秘书工作制度（2026年8月）,,0,https://www.cninfo.com.cn/new/disclosure/detail?annoId=1225491944,2026-08-25 10:07:17
000593,20260821,20260822,关于会计政策变更的公告,,0,https://www.cninfo.com.cn/new/disclosure/detail?annoId=1225491943,2026-08-25 10:07:17
000593,20260821,20260822,关于公司计提2026年度半年度资产减值准备的公告,,0,https://www.cninfo.com.cn/new/disclosure/detail?annoId=1225491942,2026-08-25 10:07:17
000593,20260821,20260822,第十三届董事会第二十七次会议决议公告,,0,https://www.cninfo.com.cn/new/disclosure/detail?annoId=1225491941,2026-08-25 10:07:17
000593,20260821,20260822,2026年半年度非经营资金占用及其他关联资金往来情况汇总表,,0,https://www.cninfo.com.cn/new/disclosure/detail?annoId=1225491940,2026-08-25 10:07:17
000593,20260821,20260822,2026年半年度报告,,0,https://www.cninfo.com.cn/new/disclosure/detail?annoId=1225491939,2026-08-25 10:07:17
000593,20260821,20260822,2026年半年度报告摘要,,0,https://www.cninfo.com.cn/new/disclosure/detail?annoId=1225491938,2026-08-25 10:07:17
000593,20260824,20260701,董事、高级管理人员薪酬及绩效考核管理制度（2026年7月）,,0,https://www.cninfo.com.cn/new/disclosure/detail?annoId=1225400428,2026-08-25 10:15:20
000593,20260824,20260701,第十三届董事会第二十六次会议决议公告,,0,https://www.cninfo.com.cn/new/disclosure/detail?annoId=1225400427,2026-08-25 10:15:20
000593,20260824,20260708,股票交易异常波动公告,,2,https://www.cninfo.com.cn/new/disclosure/detail?annoId=1225413599,2026-08-25 10:15:20
000593,20260824,20260723,担保进展公告,,0,https://www.cninfo.com.cn/new/disclosure/detail?annoId=1225436986,2026-08-25 10:15:20
000593,20260824,20260728,关于子公司诉讼的进展公告,,0,https://www.cninfo.com.cn/new/disclosure/detail?annoId=1225443295,2026-08-25 10:15:20
000593,20260824,20260731,关于股东持股比例达到5%以上暨权益变动的提示性公告,,0,https://www.cninfo.com.cn/new/disclosure/detail?annoId=1225449370,2026-08-25 10:15:20
000593,20260824,20260731,简式权益变动报告书（刘鑫）,,0,https://www.cninfo.com.cn/new/disclosure/detail?annoId=1225449369,2026-08-25 10:15:20
000593,20260824,20260805,股票交易异常波动公告,,2,https://www.cninfo.com.cn/new/disclosure/detail?annoId=1225458313,2026-08-25 10:15:20
000593,20260824,20260811,简式权益变动报告书（刘鑫）（更正后）,,0,https://www.cninfo.com.cn/new/disclosure/detail?annoId=1225467411,2026-08-25 10:15:20
000593,20260824,20260811,关于股东持股比例达到5%以上暨权益变动的提示性公告（更正后）,,0,https://www.cninfo.com.cn/new/disclosure/detail?annoId=1225467410,2026-08-25 10:15:20
000593,20260824,20260811,关于简式权益变动报告书（刘鑫）更正的公告,,0,https://www.cninfo.com.cn/new/disclosure/detail?annoId=1225467409,2026-08-25 10:15:20
000593,20260824,20260814,股票交易异常波动公告,,2,https://www.cninfo.com.cn/new/disclosure/detail?annoId=1225472904,2026-08-25 10:15:20
000593,20260824,20260822,内部审计制度（2026年8月）,,0,https://www.cninfo.com.cn/new/disclosure/detail?annoId=1225491945,2026-08-25 10:15:20
000593,20260824,20260822,董事会秘书工作制度（2026年8月）,,0,https://www.cninfo.com.cn/new/disclosure/detail?annoId=1225491944,2026-08-25 10:15:20
000593,20260824,20260822,关于会计政策变更的公告,,0,https://www.cninfo.com.cn/new/disclosure/detail?annoId=1225491943,2026-08-25 10:15:20
000593,20260824,20260822,关于公司计提2026年度半年度资产减值准备的公告,,0,https://www.cninfo.com.cn/new/disclosure/detail?annoId=1225491942,2026-08-25 10:15:20
000593,20260824,20260822,第十三届董事会第二十七次会议决议公告,,0,https://www.cninfo.com.cn/new/disclosure/detail?annoId=1225491941,2026-08-25 10:15:20
000593,20260824,20260822,2026年半年度非经营资金占用及其他关联资金往来情况汇总表,,0,https://www.cninfo.com.cn/new/disclosure/detail?annoId=1225491940,2026-08-25 10:15:20
000593,20260824,20260822,2026年半年度报告,,0,https://www.cninfo.com.cn/new/disclosure/detail?annoId=1225491939,2026-08-25 10:15:20
000593,20260824,20260822,2026年半年度报告摘要,,0,https://www.cninfo.com.cn/new/disclosure/detail?annoId=1225491938,2026-08-25 10:15:20
000593,20260825,20260701,董事、高级管理人员薪酬及绩效考核管理制度（2026年7月）,,0,https://www.cninfo.com.cn/new/disclosure/detail?annoId=1225400428,2026-08-25 19:57:37
000593,20260825,20260701,第十三届董事会第二十六次会议决议公告,,0,https://www.cninfo.com.cn/new/disclosure/detail?annoId=1225400427,2026-08-25 19:57:37
000593,20260825,20260708,股票交易异常波动公告,,2,https://www.cninfo.com.cn/new/disclosure/detail?annoId=1225413599,2026-08-25 19:57:37
000593,20260825,20260723,担保进展公告,,0,https://www.cninfo.com.cn/new/disclosure/detail?annoId=1225436986,2026-08-25 19:57:37
000593,20260825,20260728,关于子公司诉讼的进展公告,,0,https://www.cninfo.com.cn/new/disclosure/detail?annoId=1225443295,2026-08-25 19:57:37
000593,20260825,20260731,关于股东持股比例达到5%以上暨权益变动的提示性公告,,0,https://www.cninfo.com.cn/new/disclosure/detail?annoId=1225449370,2026-08-25 19:57:37
000593,20260825,20260731,简式权益变动报告书（刘鑫）,,0,https://www.cninfo.com.cn/new/disclosure/detail?annoId=1225449369,2026-08-25 19:57:37
000593,20260825,20260805,股票交易异常波动公告,,2,https://www.cninfo.com.cn/new/disclosure/detail?annoId=1225458313,2026-08-25 19:57:37
000593,20260825,20260811,简式权益变动报告书（刘鑫）（更正后）,,0,https://www.cninfo.com.cn/new/disclosure/detail?annoId=1225467411,2026-08-25 19:57:37
000593,20260825,20260811,关于股东持股比例达到5%以上暨权益变动的提示性公告（更正后）,,0,https://www.cninfo.com.cn/new/disclosure/detail?annoId=1225467410,2026-08-25 19:57:37
000593,20260825,20260811,关于简式权益变动报告书（刘鑫）更正的公告,,0,https://www.cninfo.com.cn/new/disclosure/detail?annoId=1225467409,2026-08-25 19:57:37
000593,20260825,20260814,股票交易异常波动公告,,2,https://www.cninfo.com.cn/new/disclosure/detail?annoId=1225472904,2026-08-25 19:57:37
000593,20260825,20260822,内部审计制度（2026年8月）,,0,https://www.cninfo.com.cn/new/disclosure/detail?annoId=1225491945,2026-08-25 19:57:37
000593,20260825,20260822,董事会秘书工作制度（2026年8月）,,0,https://www.cninfo.com.cn/new/disclosure/detail?annoId=1225491944,2026-08-25 19:57:37
000593,20260825,20260822,关于会计政策变更的公告,,0,https://www.cninfo.com.cn/new/disclosure/detail?annoId=1225491943,2026-08-25 19:57:37
000593,20260825,20260822,关于公司计提2026年度半年度资产减值准备的公告,,0,https://www.cninfo.com.cn/new/disclosure/detail?annoId=1225491942,2026-08-25 19:57:37
000593,20260825,20260822,第十三届董事会第二十七次会议决议公告,,0,https://www.cninfo.com.cn/new/disclosure/detail?annoId=1225491941,2026-08-25 19:57:37
000593,20260825,20260822,2026年半年度非经营资金占用及其他关联资金往来情况汇总表,,0,https://www.cninfo.com.cn/new/disclosure/detail?annoId=1225491940,2026-08-25 19:57:37
000593,20260825,20260822,2026年半年度报告,,0,https://www.cninfo.com.cn/new/disclosure/detail?annoId=1225491939,2026-08-25 19:57:37
000593,20260825,20260822,2026年半年度报告摘要,,0,https://www.cninfo.com.cn/new/disclosure/detail?annoId=1225491938,2026-08-25 19:57:37
000593,20260826,20260701,董事、高级管理人员薪酬及绩效考核管理制度（2026年7月）,,0,https://www.cninfo.com.cn/new/disclosure/detail?annoId=1225400428,2026-08-27 00:11:24
000593,20260826,20260708,股票交易异常波动公告,,2,https://www.cninfo.com.cn/new/disclosure/detail?annoId=1225413599,2026-08-27 00:11:24
000593,20260826,20260723,担保进展公告,,0,https://www.cninfo.com.cn/new/disclosure/detail?annoId=1225436986,2026-08-27 00:11:24
000593,20260826,20260728,关于子公司诉讼的进展公告,,0,https://www.cninfo.com.cn/new/disclosure/detail?annoId=1225443295,2026-08-27 00:11:24
000593,20260826,20260731,关于股东持股比例达到5%以上暨权益变动的提示性公告,,0,https://www.cninfo.com.cn/new/disclosure/detail?annoId=1225449370,2026-08-27 00:11:24
000593,20260826,20260731,简式权益变动报告书（刘鑫）,,0,https://www.cninfo.com.cn/new/disclosure/detail?annoId=1225449369,2026-08-27 00:11:24
000593,20260826,20260805,股票交易异常波动公告,,2,https://www.cninfo.com.cn/new/disclosure/detail?annoId=1225458313,2026-08-27 00:11:24
000593,20260826,20260811,简式权益变动报告书（刘鑫）（更正后）,,0,https://www.cninfo.com.cn/new/disclosure/detail?annoId=1225467411,2026-08-27 00:11:24
000593,20260826,20260811,关于股东持股比例达到5%以上暨权益变动的提示性公告（更正后）,,0,https://www.cninfo.com.cn/new/disclosure/detail?annoId=1225467410,2026-08-27 00:11:24
000593,20260826,20260811,关于简式权益变动报告书（刘鑫）更正的公告,,0,https://www.cninfo.com.cn/new/disclosure/detail?annoId=1225467409,2026-08-27 00:11:24
000593,20260826,20260814,股票交易异常波动公告,,2,https://www.cninfo.com.cn/new/disclosure/detail?annoId=1225472904,2026-08-27 00:11:24
000593,20260826,20260822,内部审计制度（2026年8月）,,0,https://www.cninfo.com.cn/new/disclosure/detail?annoId=1225491945,2026-08-27 00:11:24
000593,20260826,20260822,董事会秘书工作制度（2026年8月）,,0,https://www.cninfo.com.cn/new/disclosure/detail?annoId=1225491944,2026-08-27 00:11:24
000593,20260826,20260822,关于会计政策变更的公告,,0,https://www.cninfo.com.cn/new/disclosure/detail?annoId=1225491943,2026-08-27 00:11:24
000593,20260826,20260822,关于公司计提2026年度半年度资产减值准备的公告,,0,https://www.cninfo.com.cn/new/disclosure/detail?annoId=1225491942,2026-08-27 00:11:24
000593,20260826,20260822,第十三届董事会第二十七次会议决议公告,,0,https://www.cninfo.com.cn/new/disclosure/detail?annoId=1225491941,2026-08-27 00:11:24
000593,20260826,20260822,2026年半年度非经营资金占用及其他关联资金往来情况汇总表,,0,https://www.cninfo.com.cn/new/disclosure/detail?annoId=1225491940,2026-08-27 00:11:24
000593,20260826,20260822,2026年半年度报告,,0,https://www.cninfo.com.cn/new/disclosure/detail?annoId=1225491939,2026-08-27 00:11:24
000593,20260826,20260822,2026年半年度报告摘要,,0,https://www.cninfo.com.cn/new/disclosure/detail?annoId=1225491938,2026-08-27 00:11:24
000593,20260826,20260827,担保进展公告,,0,https://www.cninfo.com.cn/new/disclosure/detail?annoId=1225514865,2026-08-27 00:11:24
000593,20260827,20260701,董事、高级管理人员薪酬及绩效考核管理制度（2026年7月）,,0,https://www.cninfo.com.cn/new/disclosure/detail?annoId=1225400428,2026-08-27 21:27:21
000593,20260827,20260708,股票交易异常波动公告,,2,https://www.cninfo.com.cn/new/disclosure/detail?annoId=1225413599,2026-08-27 21:27:21
000593,20260827,20260723,担保进展公告,,0,https://www.cninfo.com.cn/new/disclosure/detail?annoId=1225436986,2026-08-27 21:27:21
000593,20260827,20260728,关于子公司诉讼的进展公告,,0,https://www.cninfo.com.cn/new/disclosure/detail?annoId=1225443295,2026-08-27 21:27:21
000593,20260827,20260731,关于股东持股比例达到5%以上暨权益变动的提示性公告,,0,https://www.cninfo.com.cn/new/disclosure/detail?annoId=1225449370,2026-08-27 21:27:21
000593,20260827,20260731,简式权益变动报告书（刘鑫）,,0,https://www.cninfo.com.cn/new/disclosure/detail?annoId=1225449369,2026-08-27 21:27:21
000593,20260827,20260805,股票交易异常波动公告,,2,https://www.cninfo.com.cn/new/disclosure/detail?annoId=1225458313,2026-08-27 21:27:21
000593,20260827,20260811,简式权益变动报告书（刘鑫）（更正后）,,0,https://www.cninfo.com.cn/new/disclosure/detail?annoId=1225467411,2026-08-27 21:27:21
000593,20260827,20260811,关于股东持股比例达到5%以上暨权益变动的提示性公告（更正后）,,0,https://www.cninfo.com.cn/new/disclosure/detail?annoId=1225467410,2026-08-27 21:27:21
000593,20260827,20260811,关于简式权益变动报告书（刘鑫）更正的公告,,0,https://www.cninfo.com.cn/new/disclosure/detail?annoId=1225467409,2026-08-27 21:27:21
000593,20260827,20260814,股票交易异常波动公告,,2,https://www.cninfo.com.cn/new/disclosure/detail?annoId=1225472904,2026-08-27 21:27:21
000593,20260827,20260822,内部审计制度（2026年8月）,,0,https://www.cninfo.com.cn/new/disclosure/detail?annoId=1225491945,2026-08-27 21:27:21
000593,20260827,20260822,董事会秘书工作制度（2026年8月）,,0,https://www.cninfo.com.cn/new/disclosure/detail?annoId=1225491944,2026-08-27 21:27:21
000593,20260827,20260822,关于会计政策变更的公告,,0,https://www.cninfo.com.cn/new/disclosure/detail?annoId=1225491943,2026-08-27 21:27:21
000593,20260827,20260822,关于公司计提2026年度半年度资产减值准备的公告,,0,https://www.cninfo.com.cn/new/disclosure/detail?annoId=1225491942,2026-08-27 21:27:21
000593,20260827,20260822,第十三届董事会第二十七次会议决议公告,,0,https://www.cninfo.com.cn/new/disclosure/detail?annoId=1225491941,2026-08-27 21:27:21
000593,20260827,20260822,2026年半年度非经营资金占用及其他关联资金往来情况汇总表,,0,https://www.cninfo.com.cn/new/disclosure/detail?annoId=1225491940,2026-08-27 21:27:21
000593,20260827,20260822,2026年半年度报告,,0,https://www.cninfo.com.cn/new/disclosure/detail?annoId=1225491939,2026-08-27 21:27:21
000593,20260827,20260822,2026年半年度报告摘要,,0,https://www.cninfo.com.cn/new/disclosure/detail?annoId=1225491938,2026-08-27 21:27:21
000593,20260827,20260827,担保进展公告,,0,https://www.cninfo.com.cn/new/disclosure/detail?annoId=1225514865,2026-08-27 21:27:21
000593,20260831,20260701,董事、高级管理人员薪酬及绩效考核管理制度（2026年7月）,,0,https://www.cninfo.com.cn/new/disclosure/detail?annoId=1225400428,2026-08-31 21:10:22
000593,20260831,20260708,股票交易异常波动公告,,2,https://www.cninfo.com.cn/new/disclosure/detail?annoId=1225413599,2026-08-31 21:10:22
000593,20260831,20260723,担保进展公告,,0,https://www.cninfo.com.cn/new/disclosure/detail?annoId=1225436986,2026-08-31 21:10:22
000593,20260831,20260728,关于子公司诉讼的进展公告,,0,https://www.cninfo.com.cn/new/disclosure/detail?annoId=1225443295,2026-08-31 21:10:22
000593,20260831,20260731,关于股东持股比例达到5%以上暨权益变动的提示性公告,,0,https://www.cninfo.com.cn/new/disclosure/detail?annoId=1225449370,2026-08-31 21:10:22
000593,20260831,20260731,简式权益变动报告书（刘鑫）,,0,https://www.cninfo.com.cn/new/disclosure/detail?annoId=1225449369,2026-08-31 21:10:22
000593,20260831,20260805,股票交易异常波动公告,,2,https://www.cninfo.com.cn/new/disclosure/detail?annoId=1225458313,2026-08-31 21:10:22
000593,20260831,20260811,简式权益变动报告书（刘鑫）（更正后）,,0,https://www.cninfo.com.cn/new/disclosure/detail?annoId=1225467411,2026-08-31 21:10:22
000593,20260831,20260811,关于股东持股比例达到5%以上暨权益变动的提示性公告（更正后）,,0,https://www.cninfo.com.cn/new/disclosure/detail?annoId=1225467410,2026-08-31 21:10:22
000593,20260831,20260811,关于简式权益变动报告书（刘鑫）更正的公告,,0,https://www.cninfo.com.cn/new/disclosure/detail?annoId=1225467409,2026-08-31 21:10:22
000593,20260831,20260814,股票交易异常波动公告,,2,https://www.cninfo.com.cn/new/disclosure/detail?annoId=1225472904,2026-08-31 21:10:22
000593,20260831,20260822,内部审计制度（2026年8月）,,0,https://www.cninfo.com.cn/new/disclosure/detail?annoId=1225491945,2026-08-31 21:10:22
000593,20260831,20260822,董事会秘书工作制度（2026年8月）,,0,https://www.cninfo.com.cn/new/disclosure/detail?annoId=1225491944,2026-08-31 21:10:22
000593,20260831,20260822,关于会计政策变更的公告,,0,https://www.cninfo.com.cn/new/disclosure/detail?annoId=1225491943,2026-08-31 21:10:22
000593,20260831,20260822,关于公司计提2026年度半年度资产减值准备的公告,,0,https://www.cninfo.com.cn/new/disclosure/detail?annoId=1225491942,2026-08-31 21:10:22
000593,20260831,20260822,第十三届董事会第二十七次会议决议公告,,0,https://www.cninfo.com.cn/new/disclosure/detail?annoId=1225491941,2026-08-31 21:10:22
000593,20260831,20260822,2026年半年度非经营资金占用及其他关联资金往来情况汇总表,,0,https://www.cninfo.com.cn/new/disclosure/detail?annoId=1225491940,2026-08-31 21:10:22
000593,20260831,20260822,2026年半年度报告,,0,https://www.cninfo.com.cn/new/disclosure/detail?annoId=1225491939,2026-08-31 21:10:22
000593,20260831,20260822,2026年半年度报告摘要,,0,https://www.cninfo.com.cn/new/disclosure/detail?annoId=1225491938,2026-08-31 21:10:22
000593,20260831,20260827,担保进展公告,,0,https://www.cninfo.com.cn/new/disclosure/detail?annoId=1225514865,2026-08-31 21:10:22
000595,20260807,20260701,利安达会计师事务所（特殊普通合伙）关于《深圳证券交易所关于宁夏国运新能源股份有限公司2025年年报问询函》的回复,,3,https://www.cninfo.com.cn/new/disclosure/detail?annoId=1225401868,2026-08-27 20:11:55
000595,20260807,20260701,中国国际金融股份有限公司关于宁夏国运新能源股份有限公司2025年年报问询函回复之专项核查意见,,3,https://www.cninfo.com.cn/new/disclosure/detail?annoId=1225401867,2026-08-27 20:11:55
000595,20260807,20260701,招商证券股份有限公司关于宁夏国运新能源股份有限公司2025年年报问询函回复之专项核查意见,,3,https://www.cninfo.com.cn/new/disclosure/detail?annoId=1225401866,2026-08-27 20:11:55
000595,20260807,20260702,关于控股股东增持公司股份计划的公告,,0,https://www.cninfo.com.cn/new/disclosure/detail?annoId=1225403554,2026-08-27 20:11:55
000595,20260807,20260704,关于股票交易异常波动公告,,2,https://www.cninfo.com.cn/new/disclosure/detail?annoId=1225409298,2026-08-27 20:11:55
000595,20260807,20260711,关于2025年度董事、高级管理人员绩效薪酬考核兑现的公告,,0,https://www.cninfo.com.cn/new/disclosure/detail?annoId=1225418904,2026-08-27 20:11:55
000595,20260807,20260711,关于调整组织架构的公告,,0,https://www.cninfo.com.cn/new/disclosure/detail?annoId=1225418903,2026-08-27 20:11:55
000595,20260807,20260711,董事、高级管理人员薪酬管理制度（2026年7月修订）,,0,https://www.cninfo.com.cn/new/disclosure/detail?annoId=1225418902,2026-08-27 20:11:55
000595,20260807,20260711,关于召开2026年第四次临时股东会的通知,,0,https://www.cninfo.com.cn/new/disclosure/detail?annoId=1225418901,2026-08-27 20:11:55
000595,20260807,20260711,第十届董事会第三十四次会议决议公告,,0,https://www.cninfo.com.cn/new/disclosure/detail?annoId=1225418900,2026-08-27 20:11:55
000595,20260807,20260711,关于变更公司证券简称的公告,,0,https://www.cninfo.com.cn/new/disclosure/detail?annoId=1225418899,2026-08-27 20:11:55
000595,20260807,20260715,2026年半年度业绩预告,,0,https://www.cninfo.com.cn/new/disclosure/detail?annoId=1225424143,2026-08-27 20:11:55
000595,20260807,20260722,关于控股股东增持公司股份计划实施完成的公告,,0,https://www.cninfo.com.cn/new/disclosure/detail?annoId=1225435530,2026-08-27 20:11:55
000595,20260807,20260724,关于股票交易异常波动公告,,2,https://www.cninfo.com.cn/new/disclosure/detail?annoId=1225439454,2026-08-27 20:11:55
000595,20260807,20260728,国浩律师（银川）事务所关于宁夏国运新能源股份有限公司2026年第四次临时股东会的法律意见书,,0,https://www.cninfo.com.cn/new/disclosure/detail?annoId=1225443196,2026-08-27 20:11:55
000595,20260807,20260728,2026年第四次临时股东会决议公告,,0,https://www.cninfo.com.cn/new/disclosure/detail?annoId=1225443195,2026-08-27 20:11:55
000595,20260807,20260805,关于股票交易异常波动公告,,2,https://www.cninfo.com.cn/new/disclosure/detail?annoId=1225457863,2026-08-27 20:11:55
000595,20260807,20260815,2026年上半年非经营性资金占用及其他关联资金往来情况汇总表,,0,https://www.cninfo.com.cn/new/disclosure/detail?annoId=1225474095,2026-08-27 20:11:55
000595,20260807,20260815,2026年半年度报告,,0,https://www.cninfo.com.cn/new/disclosure/detail?annoId=1225474094,2026-08-27 20:11:55
000595,20260807,20260815,2026年半年度报告摘要,,0,https://www.cninfo.com.cn/new/disclosure/detail?annoId=1225474093,2026-08-27 20:11:55
000595,20260827,20260701,利安达会计师事务所（特殊普通合伙）关于《深圳证券交易所关于宁夏国运新能源股份有限公司2025年年报问询函》的回复,,3,https://www.cninfo.com.cn/new/disclosure/detail?annoId=1225401868,2026-08-27 21:27:21
000595,20260827,20260701,中国国际金融股份有限公司关于宁夏国运新能源股份有限公司2025年年报问询函回复之专项核查意见,,3,https://www.cninfo.com.cn/new/disclosure/detail?annoId=1225401867,2026-08-27 21:27:21
000595,20260827,20260701,招商证券股份有限公司关于宁夏国运新能源股份有限公司2025年年报问询函回复之专项核查意见,,3,https://www.cninfo.com.cn/new/disclosure/detail?annoId=1225401866,2026-08-27 21:27:21
000595,20260827,20260702,关于控股股东增持公司股份计划的公告,,0,https://www.cninfo.com.cn/new/disclosure/detail?annoId=1225403554,2026-08-27 21:27:21
000595,20260827,20260704,关于股票交易异常波动公告,,2,https://www.cninfo.com.cn/new/disclosure/detail?annoId=1225409298,2026-08-27 21:27:21
000595,20260827,20260711,关于2025年度董事、高级管理人员绩效薪酬考核兑现的公告,,0,https://www.cninfo.com.cn/new/disclosure/detail?annoId=1225418904,2026-08-27 21:27:21
000595,20260827,20260711,关于调整组织架构的公告,,0,https://www.cninfo.com.cn/new/disclosure/detail?annoId=1225418903,2026-08-27 21:27:21
000595,20260827,20260711,董事、高级管理人员薪酬管理制度（2026年7月修订）,,0,https://www.cninfo.com.cn/new/disclosure/detail?annoId=1225418902,2026-08-27 21:27:21
000595,20260827,20260711,关于召开2026年第四次临时股东会的通知,,0,https://www.cninfo.com.cn/new/disclosure/detail?annoId=1225418901,2026-08-27 21:27:21
000595,20260827,20260711,第十届董事会第三十四次会议决议公告,,0,https://www.cninfo.com.cn/new/disclosure/detail?annoId=1225418900,2026-08-27 21:27:21
000595,20260827,20260711,关于变更公司证券简称的公告,,0,https://www.cninfo.com.cn/new/disclosure/detail?annoId=1225418899,2026-08-27 21:27:21
000595,20260827,20260715,2026年半年度业绩预告,,0,https://www.cninfo.com.cn/new/disclosure/detail?annoId=1225424143,2026-08-27 21:27:21
000595,20260827,20260722,关于控股股东增持公司股份计划实施完成的公告,,0,https://www.cninfo.com.cn/new/disclosure/detail?annoId=1225435530,2026-08-27 21:27:21
000595,20260827,20260724,关于股票交易异常波动公告,,2,https://www.cninfo.com.cn/new/disclosure/detail?annoId=1225439454,2026-08-27 21:27:21
000595,20260827,20260728,国浩律师（银川）事务所关于宁夏国运新能源股份有限公司2026年第四次临时股东会的法律意见书,,0,https://www.cninfo.com.cn/new/disclosure/detail?annoId=1225443196,2026-08-27 21:27:21
000595,20260827,20260728,2026年第四次临时股东会决议公告,,0,https://www.cninfo.com.cn/new/disclosure/detail?annoId=1225443195,2026-08-27 21:27:21
000595,20260827,20260805,关于股票交易异常波动公告,,2,https://www.cninfo.com.cn/new/disclosure/detail?annoId=1225457863,2026-08-27 21:27:21
000595,20260827,20260815,2026年上半年非经营性资金占用及其他关联资金往来情况汇总表,,0,https://www.cninfo.com.cn/new/disclosure/detail?annoId=1225474095,2026-08-27 21:27:21
000595,20260827,20260815,2026年半年度报告,,0,https://www.cninfo.com.cn/new/disclosure/detail?annoId=1225474094,2026-08-27 21:27:21
000595,20260827,20260815,2026年半年度报告摘要,,0,https://www.cninfo.com.cn/new/disclosure/detail?annoId=1225474093,2026-08-27 21:27:21
000595,20260831,20260701,利安达会计师事务所（特殊普通合伙）关于《深圳证券交易所关于宁夏国运新能源股份有限公司2025年年报问询函》的回复,,3,https://www.cninfo.com.cn/new/disclosure/detail?annoId=1225401868,2026-08-31 21:10:22
000595,20260831,20260701,中国国际金融股份有限公司关于宁夏国运新能源股份有限公司2025年年报问询函回复之专项核查意见,,3,https://www.cninfo.com.cn/new/disclosure/detail?annoId=1225401867,2026-08-31 21:10:22
000595,20260831,20260701,招商证券股份有限公司关于宁夏国运新能源股份有限公司2025年年报问询函回复之专项核查意见,,3,https://www.cninfo.com.cn/new/disclosure/detail?annoId=1225401866,2026-08-31 21:10:22
000595,20260831,20260702,关于控股股东增持公司股份计划的公告,,0,https://www.cninfo.com.cn/new/disclosure/detail?annoId=1225403554,2026-08-31 21:10:22
000595,20260831,20260704,关于股票交易异常波动公告,,2,https://www.cninfo.com.cn/new/disclosure/detail?annoId=1225409298,2026-08-31 21:10:22
000595,20260831,20260711,关于2025年度董事、高级管理人员绩效薪酬考核兑现的公告,,0,https://www.cninfo.com.cn/new/disclosure/detail?annoId=1225418904,2026-08-31 21:10:22
000595,20260831,20260711,关于调整组织架构的公告,,0,https://www.cninfo.com.cn/new/disclosure/detail?annoId=1225418903,2026-08-31 21:10:22
000595,20260831,20260711,董事、高级管理人员薪酬管理制度（2026年7月修订）,,0,https://www.cninfo.com.cn/new/disclosure/detail?annoId=1225418902,2026-08-31 21:10:22
000595,20260831,20260711,关于召开2026年第四次临时股东会的通知,,0,https://www.cninfo.com.cn/new/disclosure/detail?annoId=1225418901,2026-08-31 21:10:22
000595,20260831,20260711,第十届董事会第三十四次会议决议公告,,0,https://www.cninfo.com.cn/new/disclosure/detail?annoId=1225418900,2026-08-31 21:10:22
000595,20260831,20260711,关于变更公司证券简称的公告,,0,https://www.cninfo.com.cn/new/disclosure/detail?annoId=1225418899,2026-08-31 21:10:22
000595,20260831,20260715,2026年半年度业绩预告,,0,https://www.cninfo.com.cn/new/disclosure/detail?annoId=1225424143,2026-08-31 21:10:22
000595,20260831,20260722,关于控股股东增持公司股份计划实施完成的公告,,0,https://www.cninfo.com.cn/new/disclosure/detail?annoId=1225435530,2026-08-31 21:10:22
000595,20260831,20260724,关于股票交易异常波动公告,,2,https://www.cninfo.com.cn/new/disclosure/detail?annoId=1225439454,2026-08-31 21:10:22
000595,20260831,20260728,国浩律师（银川）事务所关于宁夏国运新能源股份有限公司2026年第四次临时股东会的法律意见书,,0,https://www.cninfo.com.cn/new/disclosure/detail?annoId=1225443196,2026-08-31 21:10:22
000595,20260831,20260728,2026年第四次临时股东会决议公告,,0,https://www.cninfo.com.cn/new/disclosure/detail?annoId=1225443195,2026-08-31 21:10:22
000595,20260831,20260805,关于股票交易异常波动公告,,2,https://www.cninfo.com.cn/new/disclosure/detail?annoId=1225457863,2026-08-31 21:10:22
000595,20260831,20260815,2026年上半年非经营性资金占用及其他关联资金往来情况汇总表,,0,https://www.cninfo.com.cn/new/disclosure/detail?annoId=1225474095,2026-08-31 21:10:22
000595,20260831,20260815,2026年半年度报告,,0,https://www.cninfo.com.cn/new/disclosure/detail?annoId=1225474094,2026-08-31 21:10:22
000595,20260831,20260815,2026年半年度报告摘要,,0,https://www.cninfo.com.cn/new/disclosure/detail?annoId=1225474093,2026-08-31 21:10:22
000712,20260831,20260630,董事和高级管理人员薪酬管理制度,,0,https://www.cninfo.com.cn/new/disclosure/detail?annoId=1225397579,2026-08-31 21:10:22
000712,20260831,20260630,2025年度股东会之法律意见书,,0,https://www.cninfo.com.cn/new/disclosure/detail?annoId=1225397578,2026-08-31 21:10:22
000712,20260831,20260630,2025年度股东会决议公告,,0,https://www.cninfo.com.cn/new/disclosure/detail?annoId=1225397577,2026-08-31 21:10:22
000712,20260831,20260714,2026年半年度业绩预告,,0,https://www.cninfo.com.cn/new/disclosure/detail?annoId=1225421351,2026-08-31 21:10:22
000712,20260831,20260717,关于股东股份被司法拍卖的提示性公告,,0,https://www.cninfo.com.cn/new/disclosure/detail?annoId=1225428693,2026-08-31 21:10:22
000712,20260831,20260718,中山证券有限责任公司2026年上半年资产负债表及利润表（未经审计）,,0,https://www.cninfo.com.cn/new/disclosure/detail?annoId=1225429746,2026-08-31 21:10:22
000712,20260831,20260718,东莞证券股份有限公司2026年上半年资产负债表及利润表（未经审计）,,0,https://www.cninfo.com.cn/new/disclosure/detail?annoId=1225429745,2026-08-31 21:10:22
000712,20260831,20260718,关于子公司2026年上半年度未经审计财务报表的公告,,0,https://www.cninfo.com.cn/new/disclosure/detail?annoId=1225429744,2026-08-31 21:10:22
000712,20260831,20260730,关于股东股份被司法拍卖的进展公告,,0,https://www.cninfo.com.cn/new/disclosure/detail?annoId=1225446628,2026-08-31 21:10:22
000712,20260831,20260812,关于股东股份被司法拍卖的进展公告,,0,https://www.cninfo.com.cn/new/disclosure/detail?annoId=1225469086,2026-08-31 21:10:22
000712,20260831,20260817,关于会计政策变更的公告,,0,https://www.cninfo.com.cn/new/disclosure/detail?annoId=1225473416,2026-08-31 21:10:22
000712,20260831,20260817,关于2026年半年度计提资产减值准备的公告,,0,https://www.cninfo.com.cn/new/disclosure/detail?annoId=1225473415,2026-08-31 21:10:22
000712,20260831,20260817,2026年半年度非经营性资金占用及其他关联资金往来情况汇总表,,0,https://www.cninfo.com.cn/new/disclosure/detail?annoId=1225473414,2026-08-31 21:10:22
000712,20260831,20260817,2026年半年度报告,,0,https://www.cninfo.com.cn/new/disclosure/detail?annoId=1225473413,2026-08-31 21:10:22
000712,20260831,20260817,2026年半年度报告摘要,,0,https://www.cninfo.com.cn/new/disclosure/detail?annoId=1225473412,2026-08-31 21:10:22
000712,20260831,20260818,关于股东股份被第二次司法拍卖的提示性公告,,0,https://www.cninfo.com.cn/new/disclosure/detail?annoId=1225477031,2026-08-31 21:10:22
000712,20260831,20260821,第十届董事会第三十一次（临时）会议决议公告,,0,https://www.cninfo.com.cn/new/disclosure/detail?annoId=1225485850,2026-08-31 21:10:22
000712,20260831,20260822,关于股东股份被司法变卖的进展公告,,0,https://www.cninfo.com.cn/new/disclosure/detail?annoId=1225492581,2026-08-31 21:10:22
000712,20260831,20260822,关于筹划重大资产重组事项的提示性公告,,0,https://www.cninfo.com.cn/new/disclosure/detail?annoId=1225492580,2026-08-31 21:10:22
000712,20260831,20260831,股票交易异常波动公告,,2,https://www.cninfo.com.cn/new/disclosure/detail?annoId=1225531439,2026-08-31 21:10:22
000802,20260819,20260418,2025年度独立董事述职报告（陆群威）,,0,https://www.cninfo.com.cn/new/disclosure/detail?annoId=1225117827,2026-08-26 10:40:27
000802,20260819,20260418,2025年度独立董事述职报告（刘杰）,,0,https://www.cninfo.com.cn/new/disclosure/detail?annoId=1225117826,2026-08-26 10:40:27
000802,20260819,20260425,第八届董事会第二十六次会议决议公告,,0,https://www.cninfo.com.cn/new/disclosure/detail?annoId=1225175656,2026-08-26 10:40:27
000802,20260819,20260425,2026年一季度报告,,0,https://www.cninfo.com.cn/new/disclosure/detail?annoId=1225175654,2026-08-26 10:40:27
000802,20260819,20260516,关于举办2025年度网上业绩说明会的公告,,0,https://www.cninfo.com.cn/new/disclosure/detail?annoId=1225311165,2026-08-26 10:40:27
000802,20260819,20260516,董事、高级管理人员薪酬制度,,0,https://www.cninfo.com.cn/new/disclosure/detail?annoId=1225311164,2026-08-26 10:40:27
000802,20260819,20260516,北京市君泽君律师事务所关于北京京西文化旅游股份有限公司2025年度股东会的法律意见书,,0,https://www.cninfo.com.cn/new/disclosure/detail?annoId=1225311163,2026-08-26 10:40:27
000802,20260819,20260516,2025年年度股东会决议公告,,0,https://www.cninfo.com.cn/new/disclosure/detail?annoId=1225311162,2026-08-26 10:40:27
000802,20260819,20260516,关于向银行申请综合授信额度的公告,,0,https://www.cninfo.com.cn/new/disclosure/detail?annoId=1225311161,2026-08-26 10:40:27
000802,20260819,20260516,第八届董事会第二十七次会议决议公告,,0,https://www.cninfo.com.cn/new/disclosure/detail?annoId=1225311160,2026-08-26 10:40:27
000802,20260819,20260522,000802北京文化投资者关系管理信息20260522,,0,https://www.cninfo.com.cn/new/disclosure/detail?annoId=1225325196,2026-08-26 10:40:27
000802,20260819,20260613,关于持股5%以上股东减持股份预披露公告,,0,https://www.cninfo.com.cn/new/disclosure/detail?annoId=1225369253,2026-08-26 10:40:27
000802,20260819,20260711,2026年半年度业绩预告,,0,https://www.cninfo.com.cn/new/disclosure/detail?annoId=1225418375,2026-08-26 10:40:27
000802,20260819,20260812,股票交易异常波动公告,,2,https://www.cninfo.com.cn/new/disclosure/detail?annoId=1225468834,2026-08-26 10:40:27
000802,20260819,20260814,股票交易异常波动公告,,2,https://www.cninfo.com.cn/new/disclosure/detail?annoId=1225472546,2026-08-26 10:40:27
000802,20260819,20260815,第八届董事会第二十八次会议决议公告,,0,https://www.cninfo.com.cn/new/disclosure/detail?annoId=1225473761,2026-08-26 10:40:27
000802,20260819,20260815,2026年上半年非经营性资金占用及其他关联方资金往来情况汇总表,,0,https://www.cninfo.com.cn/new/disclosure/detail?annoId=1225473760,2026-08-26 10:40:27
000802,20260819,20260815,2026年半年度报告,,0,https://www.cninfo.com.cn/new/disclosure/detail?annoId=1225473759,2026-08-26 10:40:27
000802,20260819,20260815,2026年半年度报告摘要,,0,https://www.cninfo.com.cn/new/disclosure/detail?annoId=1225473758,2026-08-26 10:40:27
000802,20260819,20260819,股票交易异常波动公告,,2,https://www.cninfo.com.cn/new/disclosure/detail?annoId=1225479351,2026-08-26 10:40:27
000802,20260821,20260418,2025年度独立董事述职报告（陆群威）,,0,https://www.cninfo.com.cn/new/disclosure/detail?annoId=1225117827,2026-08-25 10:07:17
000802,20260821,20260418,2025年度独立董事述职报告（刘杰）,,0,https://www.cninfo.com.cn/new/disclosure/detail?annoId=1225117826,2026-08-25 10:07:17
000802,20260821,20260425,第八届董事会第二十六次会议决议公告,,0,https://www.cninfo.com.cn/new/disclosure/detail?annoId=1225175656,2026-08-25 10:07:17
000802,20260821,20260425,2026年一季度报告,,0,https://www.cninfo.com.cn/new/disclosure/detail?annoId=1225175654,2026-08-25 10:07:17
000802,20260821,20260516,关于举办2025年度网上业绩说明会的公告,,0,https://www.cninfo.com.cn/new/disclosure/detail?annoId=1225311165,2026-08-25 10:07:17
000802,20260821,20260516,董事、高级管理人员薪酬制度,,0,https://www.cninfo.com.cn/new/disclosure/detail?annoId=1225311164,2026-08-25 10:07:17
000802,20260821,20260516,北京市君泽君律师事务所关于北京京西文化旅游股份有限公司2025年度股东会的法律意见书,,0,https://www.cninfo.com.cn/new/disclosure/detail?annoId=1225311163,2026-08-25 10:07:17
000802,20260821,20260516,2025年年度股东会决议公告,,0,https://www.cninfo.com.cn/new/disclosure/detail?annoId=1225311162,2026-08-25 10:07:17
000802,20260821,20260516,关于向银行申请综合授信额度的公告,,0,https://www.cninfo.com.cn/new/disclosure/detail?annoId=1225311161,2026-08-25 10:07:17
000802,20260821,20260516,第八届董事会第二十七次会议决议公告,,0,https://www.cninfo.com.cn/new/disclosure/detail?annoId=1225311160,2026-08-25 10:07:17
000802,20260821,20260522,000802北京文化投资者关系管理信息20260522,,0,https://www.cninfo.com.cn/new/disclosure/detail?annoId=1225325196,2026-08-25 10:07:17
000802,20260821,20260613,关于持股5%以上股东减持股份预披露公告,,0,https://www.cninfo.com.cn/new/disclosure/detail?annoId=1225369253,2026-08-25 10:07:17
000802,20260821,20260711,2026年半年度业绩预告,,0,https://www.cninfo.com.cn/new/disclosure/detail?annoId=1225418375,2026-08-25 10:07:17
000802,20260821,20260812,股票交易异常波动公告,,2,https://www.cninfo.com.cn/new/disclosure/detail?annoId=1225468834,2026-08-25 10:07:17
000802,20260821,20260814,股票交易异常波动公告,,2,https://www.cninfo.com.cn/new/disclosure/detail?annoId=1225472546,2026-08-25 10:07:17
000802,20260821,20260815,第八届董事会第二十八次会议决议公告,,0,https://www.cninfo.com.cn/new/disclosure/detail?annoId=1225473761,2026-08-25 10:07:17
000802,20260821,20260815,2026年上半年非经营性资金占用及其他关联方资金往来情况汇总表,,0,https://www.cninfo.com.cn/new/disclosure/detail?annoId=1225473760,2026-08-25 10:07:17
000802,20260821,20260815,2026年半年度报告,,0,https://www.cninfo.com.cn/new/disclosure/detail?annoId=1225473759,2026-08-25 10:07:17
000802,20260821,20260815,2026年半年度报告摘要,,0,https://www.cninfo.com.cn/new/disclosure/detail?annoId=1225473758,2026-08-25 10:07:17
000802,20260821,20260819,股票交易异常波动公告,,2,https://www.cninfo.com.cn/new/disclosure/detail?annoId=1225479351,2026-08-25 10:07:17
000802,20260824,20260418,2025年度独立董事述职报告（陆群威）,,0,https://www.cninfo.com.cn/new/disclosure/detail?annoId=1225117827,2026-08-25 10:15:20
000802,20260824,20260418,2025年度独立董事述职报告（刘杰）,,0,https://www.cninfo.com.cn/new/disclosure/detail?annoId=1225117826,2026-08-25 10:15:20
000802,20260824,20260425,第八届董事会第二十六次会议决议公告,,0,https://www.cninfo.com.cn/new/disclosure/detail?annoId=1225175656,2026-08-25 10:15:20
000802,20260824,20260425,2026年一季度报告,,0,https://www.cninfo.com.cn/new/disclosure/detail?annoId=1225175654,2026-08-25 10:15:20
000802,20260824,20260516,关于举办2025年度网上业绩说明会的公告,,0,https://www.cninfo.com.cn/new/disclosure/detail?annoId=1225311165,2026-08-25 10:15:20
000802,20260824,20260516,董事、高级管理人员薪酬制度,,0,https://www.cninfo.com.cn/new/disclosure/detail?annoId=1225311164,2026-08-25 10:15:20
000802,20260824,20260516,北京市君泽君律师事务所关于北京京西文化旅游股份有限公司2025年度股东会的法律意见书,,0,https://www.cninfo.com.cn/new/disclosure/detail?annoId=1225311163,2026-08-25 10:15:20
000802,20260824,20260516,2025年年度股东会决议公告,,0,https://www.cninfo.com.cn/new/disclosure/detail?annoId=1225311162,2026-08-25 10:15:20
000802,20260824,20260516,关于向银行申请综合授信额度的公告,,0,https://www.cninfo.com.cn/new/disclosure/detail?annoId=1225311161,2026-08-25 10:15:20
000802,20260824,20260516,第八届董事会第二十七次会议决议公告,,0,https://www.cninfo.com.cn/new/disclosure/detail?annoId=1225311160,2026-08-25 10:15:20
000802,20260824,20260522,000802北京文化投资者关系管理信息20260522,,0,https://www.cninfo.com.cn/new/disclosure/detail?annoId=1225325196,2026-08-25 10:15:20
000802,20260824,20260613,关于持股5%以上股东减持股份预披露公告,,0,https://www.cninfo.com.cn/new/disclosure/detail?annoId=1225369253,2026-08-25 10:15:20
000802,20260824,20260711,2026年半年度业绩预告,,0,https://www.cninfo.com.cn/new/disclosure/detail?annoId=1225418375,2026-08-25 10:15:20
000802,20260824,20260812,股票交易异常波动公告,,2,https://www.cninfo.com.cn/new/disclosure/detail?annoId=1225468834,2026-08-25 10:15:20
000802,20260824,20260814,股票交易异常波动公告,,2,https://www.cninfo.com.cn/new/disclosure/detail?annoId=1225472546,2026-08-25 10:15:20
000802,20260824,20260815,第八届董事会第二十八次会议决议公告,,0,https://www.cninfo.com.cn/new/disclosure/detail?annoId=1225473761,2026-08-25 10:15:20
000802,20260824,20260815,2026年上半年非经营性资金占用及其他关联方资金往来情况汇总表,,0,https://www.cninfo.com.cn/new/disclosure/detail?annoId=1225473760,2026-08-25 10:15:20
000802,20260824,20260815,2026年半年度报告,,0,https://www.cninfo.com.cn/new/disclosure/detail?annoId=1225473759,2026-08-25 10:15:20
000802,20260824,20260815,2026年半年度报告摘要,,0,https://www.cninfo.com.cn/new/disclosure/detail?annoId=1225473758,2026-08-25 10:15:20
000802,20260824,20260819,股票交易异常波动公告,,2,https://www.cninfo.com.cn/new/disclosure/detail?annoId=1225479351,2026-08-25 10:15:20
000802,20260825,20260418,2025年度独立董事述职报告（陆群威）,,0,https://www.cninfo.com.cn/new/disclosure/detail?annoId=1225117827,2026-08-25 19:57:38
000802,20260825,20260418,2025年度独立董事述职报告（刘杰）,,0,https://www.cninfo.com.cn/new/disclosure/detail?annoId=1225117826,2026-08-25 19:57:38
000802,20260825,20260425,第八届董事会第二十六次会议决议公告,,0,https://www.cninfo.com.cn/new/disclosure/detail?annoId=1225175656,2026-08-25 19:57:38
000802,20260825,20260425,2026年一季度报告,,0,https://www.cninfo.com.cn/new/disclosure/detail?annoId=1225175654,2026-08-25 19:57:38
000802,20260825,20260516,关于举办2025年度网上业绩说明会的公告,,0,https://www.cninfo.com.cn/new/disclosure/detail?annoId=1225311165,2026-08-25 19:57:38
000802,20260825,20260516,董事、高级管理人员薪酬制度,,0,https://www.cninfo.com.cn/new/disclosure/detail?annoId=1225311164,2026-08-25 19:57:38
000802,20260825,20260516,北京市君泽君律师事务所关于北京京西文化旅游股份有限公司2025年度股东会的法律意见书,,0,https://www.cninfo.com.cn/new/disclosure/detail?annoId=1225311163,2026-08-25 19:57:38
000802,20260825,20260516,2025年年度股东会决议公告,,0,https://www.cninfo.com.cn/new/disclosure/detail?annoId=1225311162,2026-08-25 19:57:38
000802,20260825,20260516,关于向银行申请综合授信额度的公告,,0,https://www.cninfo.com.cn/new/disclosure/detail?annoId=1225311161,2026-08-25 19:57:38
000802,20260825,20260516,第八届董事会第二十七次会议决议公告,,0,https://www.cninfo.com.cn/new/disclosure/detail?annoId=1225311160,2026-08-25 19:57:38
000802,20260825,20260522,000802北京文化投资者关系管理信息20260522,,0,https://www.cninfo.com.cn/new/disclosure/detail?annoId=1225325196,2026-08-25 19:57:38
000802,20260825,20260613,关于持股5%以上股东减持股份预披露公告,,0,https://www.cninfo.com.cn/new/disclosure/detail?annoId=1225369253,2026-08-25 19:57:38
000802,20260825,20260711,2026年半年度业绩预告,,0,https://www.cninfo.com.cn/new/disclosure/detail?annoId=1225418375,2026-08-25 19:57:38
000802,20260825,20260812,股票交易异常波动公告,,2,https://www.cninfo.com.cn/new/disclosure/detail?annoId=1225468834,2026-08-25 19:57:38
000802,20260825,20260814,股票交易异常波动公告,,2,https://www.cninfo.com.cn/new/disclosure/detail?annoId=1225472546,2026-08-25 19:57:38
000802,20260825,20260815,第八届董事会第二十八次会议决议公告,,0,https://www.cninfo.com.cn/new/disclosure/detail?annoId=1225473761,2026-08-25 19:57:38
000802,20260825,20260815,2026年上半年非经营性资金占用及其他关联方资金往来情况汇总表,,0,https://www.cninfo.com.cn/new/disclosure/detail?annoId=1225473760,2026-08-25 19:57:38
000802,20260825,20260815,2026年半年度报告,,0,https://www.cninfo.com.cn/new/disclosure/detail?annoId=1225473759,2026-08-25 19:57:38
000802,20260825,20260815,2026年半年度报告摘要,,0,https://www.cninfo.com.cn/new/disclosure/detail?annoId=1225473758,2026-08-25 19:57:38
000802,20260825,20260819,股票交易异常波动公告,,2,https://www.cninfo.com.cn/new/disclosure/detail?annoId=1225479351,2026-08-25 19:57:38
000802,20260826,20260418,2025年度独立董事述职报告（陆群威）,,0,https://www.cninfo.com.cn/new/disclosure/detail?annoId=1225117827,2026-08-27 00:11:24
000802,20260826,20260418,2025年度独立董事述职报告（刘杰）,,0,https://www.cninfo.com.cn/new/disclosure/detail?annoId=1225117826,2026-08-27 00:11:24
000802,20260826,20260425,第八届董事会第二十六次会议决议公告,,0,https://www.cninfo.com.cn/new/disclosure/detail?annoId=1225175656,2026-08-27 00:11:24
000802,20260826,20260425,2026年一季度报告,,0,https://www.cninfo.com.cn/new/disclosure/detail?annoId=1225175654,2026-08-27 00:11:24
000802,20260826,20260516,关于举办2025年度网上业绩说明会的公告,,0,https://www.cninfo.com.cn/new/disclosure/detail?annoId=1225311165,2026-08-27 00:11:24
000802,20260826,20260516,董事、高级管理人员薪酬制度,,0,https://www.cninfo.com.cn/new/disclosure/detail?annoId=1225311164,2026-08-27 00:11:24
000802,20260826,20260516,北京市君泽君律师事务所关于北京京西文化旅游股份有限公司2025年度股东会的法律意见书,,0,https://www.cninfo.com.cn/new/disclosure/detail?annoId=1225311163,2026-08-27 00:11:24
000802,20260826,20260516,2025年年度股东会决议公告,,0,https://www.cninfo.com.cn/new/disclosure/detail?annoId=1225311162,2026-08-27 00:11:24
000802,20260826,20260516,关于向银行申请综合授信额度的公告,,0,https://www.cninfo.com.cn/new/disclosure/detail?annoId=1225311161,2026-08-27 00:11:24
000802,20260826,20260516,第八届董事会第二十七次会议决议公告,,0,https://www.cninfo.com.cn/new/disclosure/detail?annoId=1225311160,2026-08-27 00:11:24
000802,20260826,20260522,000802北京文化投资者关系管理信息20260522,,0,https://www.cninfo.com.cn/new/disclosure/detail?annoId=1225325196,2026-08-27 00:11:24
000802,20260826,20260613,关于持股5%以上股东减持股份预披露公告,,0,https://www.cninfo.com.cn/new/disclosure/detail?annoId=1225369253,2026-08-27 00:11:24
000802,20260826,20260711,2026年半年度业绩预告,,0,https://www.cninfo.com.cn/new/disclosure/detail?annoId=1225418375,2026-08-27 00:11:24
000802,20260826,20260812,股票交易异常波动公告,,2,https://www.cninfo.com.cn/new/disclosure/detail?annoId=1225468834,2026-08-27 00:11:24
000802,20260826,20260814,股票交易异常波动公告,,2,https://www.cninfo.com.cn/new/disclosure/detail?annoId=1225472546,2026-08-27 00:11:24
000802,20260826,20260815,第八届董事会第二十八次会议决议公告,,0,https://www.cninfo.com.cn/new/disclosure/detail?annoId=1225473761,2026-08-27 00:11:24
000802,20260826,20260815,2026年上半年非经营性资金占用及其他关联方资金往来情况汇总表,,0,https://www.cninfo.com.cn/new/disclosure/detail?annoId=1225473760,2026-08-27 00:11:24
000802,20260826,20260815,2026年半年度报告,,0,https://www.cninfo.com.cn/new/disclosure/detail?annoId=1225473759,2026-08-27 00:11:24
000802,20260826,20260815,2026年半年度报告摘要,,0,https://www.cninfo.com.cn/new/disclosure/detail?annoId=1225473758,2026-08-27 00:11:24
000802,20260826,20260819,股票交易异常波动公告,,2,https://www.cninfo.com.cn/new/disclosure/detail?annoId=1225479351,2026-08-27 00:11:24
000802,20260827,20260418,2025年度独立董事述职报告（陆群威）,,0,https://www.cninfo.com.cn/new/disclosure/detail?annoId=1225117827,2026-08-27 21:27:21
000802,20260827,20260418,2025年度独立董事述职报告（刘杰）,,0,https://www.cninfo.com.cn/new/disclosure/detail?annoId=1225117826,2026-08-27 21:27:21
000802,20260827,20260425,第八届董事会第二十六次会议决议公告,,0,https://www.cninfo.com.cn/new/disclosure/detail?annoId=1225175656,2026-08-27 21:27:21
000802,20260827,20260425,2026年一季度报告,,0,https://www.cninfo.com.cn/new/disclosure/detail?annoId=1225175654,2026-08-27 21:27:21
000802,20260827,20260516,关于举办2025年度网上业绩说明会的公告,,0,https://www.cninfo.com.cn/new/disclosure/detail?annoId=1225311165,2026-08-27 21:27:21
000802,20260827,20260516,董事、高级管理人员薪酬制度,,0,https://www.cninfo.com.cn/new/disclosure/detail?annoId=1225311164,2026-08-27 21:27:21
000802,20260827,20260516,北京市君泽君律师事务所关于北京京西文化旅游股份有限公司2025年度股东会的法律意见书,,0,https://www.cninfo.com.cn/new/disclosure/detail?annoId=1225311163,2026-08-27 21:27:21
000802,20260827,20260516,2025年年度股东会决议公告,,0,https://www.cninfo.com.cn/new/disclosure/detail?annoId=1225311162,2026-08-27 21:27:21
000802,20260827,20260516,关于向银行申请综合授信额度的公告,,0,https://www.cninfo.com.cn/new/disclosure/detail?annoId=1225311161,2026-08-27 21:27:21
000802,20260827,20260516,第八届董事会第二十七次会议决议公告,,0,https://www.cninfo.com.cn/new/disclosure/detail?annoId=1225311160,2026-08-27 21:27:21
000802,20260827,20260522,000802北京文化投资者关系管理信息20260522,,0,https://www.cninfo.com.cn/new/disclosure/detail?annoId=1225325196,2026-08-27 21:27:21
000802,20260827,20260613,关于持股5%以上股东减持股份预披露公告,,0,https://www.cninfo.com.cn/new/disclosure/detail?annoId=1225369253,2026-08-27 21:27:21
000802,20260827,20260711,2026年半年度业绩预告,,0,https://www.cninfo.com.cn/new/disclosure/detail?annoId=1225418375,2026-08-27 21:27:21
000802,20260827,20260812,股票交易异常波动公告,,2,https://www.cninfo.com.cn/new/disclosure/detail?annoId=1225468834,2026-08-27 21:27:21
000802,20260827,20260814,股票交易异常波动公告,,2,https://www.cninfo.com.cn/new/disclosure/detail?annoId=1225472546,2026-08-27 21:27:21
000802,20260827,20260815,第八届董事会第二十八次会议决议公告,,0,https://www.cninfo.com.cn/new/disclosure/detail?annoId=1225473761,2026-08-27 21:27:21
000802,20260827,20260815,2026年上半年非经营性资金占用及其他关联方资金往来情况汇总表,,0,https://www.cninfo.com.cn/new/disclosure/detail?annoId=1225473760,2026-08-27 21:27:21
000802,20260827,20260815,2026年半年度报告,,0,https://www.cninfo.com.cn/new/disclosure/detail?annoId=1225473759,2026-08-27 21:27:21
000802,20260827,20260815,2026年半年度报告摘要,,0,https://www.cninfo.com.cn/new/disclosure/detail?annoId=1225473758,2026-08-27 21:27:21
000802,20260827,20260819,股票交易异常波动公告,,2,https://www.cninfo.com.cn/new/disclosure/detail?annoId=1225479351,2026-08-27 21:27:21
000802,20260831,20260418,2025年度独立董事述职报告（陆群威）,,0,https://www.cninfo.com.cn/new/disclosure/detail?annoId=1225117827,2026-08-31 21:10:23
000802,20260831,20260425,第八届董事会第二十六次会议决议公告,,0,https://www.cninfo.com.cn/new/disclosure/detail?annoId=1225175656,2026-08-31 21:10:23
000802,20260831,20260425,2026年一季度报告,,0,https://www.cninfo.com.cn/new/disclosure/detail?annoId=1225175654,2026-08-31 21:10:23
000802,20260831,20260516,关于举办2025年度网上业绩说明会的公告,,0,https://www.cninfo.com.cn/new/disclosure/detail?annoId=1225311165,2026-08-31 21:10:23
000802,20260831,20260516,董事、高级管理人员薪酬制度,,0,https://www.cninfo.com.cn/new/disclosure/detail?annoId=1225311164,2026-08-31 21:10:23
000802,20260831,20260516,北京市君泽君律师事务所关于北京京西文化旅游股份有限公司2025年度股东会的法律意见书,,0,https://www.cninfo.com.cn/new/disclosure/detail?annoId=1225311163,2026-08-31 21:10:23
000802,20260831,20260516,2025年年度股东会决议公告,,0,https://www.cninfo.com.cn/new/disclosure/detail?annoId=1225311162,2026-08-31 21:10:23
000802,20260831,20260516,关于向银行申请综合授信额度的公告,,0,https://www.cninfo.com.cn/new/disclosure/detail?annoId=1225311161,2026-08-31 21:10:23
000802,20260831,20260516,第八届董事会第二十七次会议决议公告,,0,https://www.cninfo.com.cn/new/disclosure/detail?annoId=1225311160,2026-08-31 21:10:23
000802,20260831,20260522,000802北京文化投资者关系管理信息20260522,,0,https://www.cninfo.com.cn/new/disclosure/detail?annoId=1225325196,2026-08-31 21:10:23
000802,20260831,20260613,关于持股5%以上股东减持股份预披露公告,,0,https://www.cninfo.com.cn/new/disclosure/detail?annoId=1225369253,2026-08-31 21:10:23
000802,20260831,20260711,2026年半年度业绩预告,,0,https://www.cninfo.com.cn/new/disclosure/detail?annoId=1225418375,2026-08-31 21:10:23
000802,20260831,20260812,股票交易异常波动公告,,2,https://www.cninfo.com.cn/new/disclosure/detail?annoId=1225468834,2026-08-31 21:10:23
000802,20260831,20260814,股票交易异常波动公告,,2,https://www.cninfo.com.cn/new/disclosure/detail?annoId=1225472546,2026-08-31 21:10:23
000802,20260831,20260815,第八届董事会第二十八次会议决议公告,,0,https://www.cninfo.com.cn/new/disclosure/detail?annoId=1225473761,2026-08-31 21:10:23
000802,20260831,20260815,2026年上半年非经营性资金占用及其他关联方资金往来情况汇总表,,0,https://www.cninfo.com.cn/new/disclosure/detail?annoId=1225473760,2026-08-31 21:10:23
000802,20260831,20260815,2026年半年度报告,,0,https://www.cninfo.com.cn/new/disclosure/detail?annoId=1225473759,2026-08-31 21:10:23
000802,20260831,20260815,2026年半年度报告摘要,,0,https://www.cninfo.com.cn/new/disclosure/detail?annoId=1225473758,2026-08-31 21:10:23
000802,20260831,20260819,股票交易异常波动公告,,2,https://www.cninfo.com.cn/new/disclosure/detail?annoId=1225479351,2026-08-31 21:10:23
000802,20260831,20260829,关于累计诉讼、仲裁事项的公告,,0,https://www.cninfo.com.cn/new/disclosure/detail?annoId=1225525019,2026-08-31 21:10:23
000815,20260807,20260529,中冶美利云产业投资股份有限公司关于为控股子公司提供担保的进展公告,,0,https://www.cninfo.com.cn/new/disclosure/detail?annoId=1225335189,2026-08-25 21:41:58
000815,20260807,20260609,中冶美利云产业投资股份有限公司关于召开2026年第二次临时股东会的通知,,0,https://www.cninfo.com.cn/new/disclosure/detail?annoId=1225358129,2026-08-25 21:41:58
000815,20260807,20260609,中冶美利云产业投资股份有限公司第九届董事会第三十六次会议决议公告,,0,https://www.cninfo.com.cn/new/disclosure/detail?annoId=1225358128,2026-08-25 21:41:58
000815,20260807,20260609,中冶美利云产业投资股份有限公司关于使用公积金弥补亏损的公告,,0,https://www.cninfo.com.cn/new/disclosure/detail?annoId=1225358127,2026-08-25 21:41:58
000815,20260807,20260626,北京市君合律师事务所关于中冶美利云产业投资股份有限公司2026年第二次临时股东会的法律意见书,,0,https://www.cninfo.com.cn/new/disclosure/detail?annoId=1225389056,2026-08-25 21:41:58
000815,20260807,20260626,中冶美利云产业投资股份有限公司2026年第二次临时股东会决议公告,,0,https://www.cninfo.com.cn/new/disclosure/detail?annoId=1225389055,2026-08-25 21:41:58
000815,20260807,20260722,中冶美利云产业投资股份有限公司第九届董事会第三十七次会议决议公告,,0,https://www.cninfo.com.cn/new/disclosure/detail?annoId=1225435998,2026-08-25 21:41:58
000815,20260807,20260723,中冶美利云产业投资股份有限公司关于股票交易异常波动的公告,,2,https://www.cninfo.com.cn/new/disclosure/detail?annoId=1225437655,2026-08-25 21:41:58
000815,20260807,20260805,中冶美利云产业投资股份有限公司关于股票交易异常波动的公告,,2,https://www.cninfo.com.cn/new/disclosure/detail?annoId=1225458474,2026-08-25 21:41:58
000815,20260807,20260825,中冶美利云产业投资股份有限公司关于诚通财务有限责任公司发生金融业务风险处置预案,,0,https://www.cninfo.com.cn/new/disclosure/detail?annoId=1225499463,2026-08-25 21:41:58
000815,20260807,20260825,中冶美利云产业投资股份有限公司募集资金2026年半年度存放、管理与使用情况的专项报告,,0,https://www.cninfo.com.cn/new/disclosure/detail?annoId=1225499462,2026-08-25 21:41:58
000815,20260807,20260825,中冶美利云产业投资股份有限公司关于对诚通财务有限责任公司的风险评估报告（2026年半年度）,,0,https://www.cninfo.com.cn/new/disclosure/detail?annoId=1225499461,2026-08-25 21:41:58
000815,20260807,20260825,中冶美利云产业投资股份有限公司关于与诚通财务有限责任公司续签《金融服务协议》暨关联交易公告,,0,https://www.cninfo.com.cn/new/disclosure/detail?annoId=1225499460,2026-08-25 21:41:58
000815,20260807,20260825,中冶美利云产业投资股份有限公司关于召开2026年第三次临时股东会的通知,,0,https://www.cninfo.com.cn/new/disclosure/detail?annoId=1225499459,2026-08-25 21:41:58
000815,20260807,20260825,中冶美利云产业投资股份有限公司第九届董事会第三十八次会议决议公告,,0,https://www.cninfo.com.cn/new/disclosure/detail?annoId=1225499458,2026-08-25 21:41:58
000815,20260807,20260825,中冶美利云产业投资股份有限公司2026年半年度利润分配预案的公告,,0,https://www.cninfo.com.cn/new/disclosure/detail?annoId=1225499457,2026-08-25 21:41:58
000815,20260807,20260825,2026年半年度审计报告,,0,https://www.cninfo.com.cn/new/disclosure/detail?annoId=1225499456,2026-08-25 21:41:58
000815,20260807,20260825,上市公司2026年1-6月非经营性资金占用及其他关联资金往来情况汇总表,,0,https://www.cninfo.com.cn/new/disclosure/detail?annoId=1225499455,2026-08-25 21:41:58
000815,20260807,20260825,2026年半年度报告,,0,https://www.cninfo.com.cn/new/disclosure/detail?annoId=1225499454,2026-08-25 21:41:58
000815,20260807,20260825,2026年半年度报告摘要,,0,https://www.cninfo.com.cn/new/disclosure/detail?annoId=1225499453,2026-08-25 21:41:58
000815,20260819,20260529,中冶美利云产业投资股份有限公司关于为控股子公司提供担保的进展公告,,0,https://www.cninfo.com.cn/new/disclosure/detail?annoId=1225335189,2026-08-26 10:40:27
000815,20260819,20260609,中冶美利云产业投资股份有限公司关于召开2026年第二次临时股东会的通知,,0,https://www.cninfo.com.cn/new/disclosure/detail?annoId=1225358129,2026-08-26 10:40:27
000815,20260819,20260609,中冶美利云产业投资股份有限公司第九届董事会第三十六次会议决议公告,,0,https://www.cninfo.com.cn/new/disclosure/detail?annoId=1225358128,2026-08-26 10:40:27
000815,20260819,20260609,中冶美利云产业投资股份有限公司关于使用公积金弥补亏损的公告,,0,https://www.cninfo.com.cn/new/disclosure/detail?annoId=1225358127,2026-08-26 10:40:27
000815,20260819,20260626,北京市君合律师事务所关于中冶美利云产业投资股份有限公司2026年第二次临时股东会的法律意见书,,0,https://www.cninfo.com.cn/new/disclosure/detail?annoId=1225389056,2026-08-26 10:40:27
000815,20260819,20260626,中冶美利云产业投资股份有限公司2026年第二次临时股东会决议公告,,0,https://www.cninfo.com.cn/new/disclosure/detail?annoId=1225389055,2026-08-26 10:40:27
000815,20260819,20260722,中冶美利云产业投资股份有限公司第九届董事会第三十七次会议决议公告,,0,https://www.cninfo.com.cn/new/disclosure/detail?annoId=1225435998,2026-08-26 10:40:27
000815,20260819,20260723,中冶美利云产业投资股份有限公司关于股票交易异常波动的公告,,2,https://www.cninfo.com.cn/new/disclosure/detail?annoId=1225437655,2026-08-26 10:40:27
000815,20260819,20260805,中冶美利云产业投资股份有限公司关于股票交易异常波动的公告,,2,https://www.cninfo.com.cn/new/disclosure/detail?annoId=1225458474,2026-08-26 10:40:27
000815,20260819,20260825,中冶美利云产业投资股份有限公司关于诚通财务有限责任公司发生金融业务风险处置预案,,0,https://www.cninfo.com.cn/new/disclosure/detail?annoId=1225499463,2026-08-26 10:40:27
000815,20260819,20260825,中冶美利云产业投资股份有限公司募集资金2026年半年度存放、管理与使用情况的专项报告,,0,https://www.cninfo.com.cn/new/disclosure/detail?annoId=1225499462,2026-08-26 10:40:27
000815,20260819,20260825,中冶美利云产业投资股份有限公司关于对诚通财务有限责任公司的风险评估报告（2026年半年度）,,0,https://www.cninfo.com.cn/new/disclosure/detail?annoId=1225499461,2026-08-26 10:40:27
000815,20260819,20260825,中冶美利云产业投资股份有限公司关于与诚通财务有限责任公司续签《金融服务协议》暨关联交易公告,,0,https://www.cninfo.com.cn/new/disclosure/detail?annoId=1225499460,2026-08-26 10:40:27
000815,20260819,20260825,中冶美利云产业投资股份有限公司关于召开2026年第三次临时股东会的通知,,0,https://www.cninfo.com.cn/new/disclosure/detail?annoId=1225499459,2026-08-26 10:40:27
000815,20260819,20260825,中冶美利云产业投资股份有限公司第九届董事会第三十八次会议决议公告,,0,https://www.cninfo.com.cn/new/disclosure/detail?annoId=1225499458,2026-08-26 10:40:27
000815,20260819,20260825,中冶美利云产业投资股份有限公司2026年半年度利润分配预案的公告,,0,https://www.cninfo.com.cn/new/disclosure/detail?annoId=1225499457,2026-08-26 10:40:27
000815,20260819,20260825,2026年半年度审计报告,,0,https://www.cninfo.com.cn/new/disclosure/detail?annoId=1225499456,2026-08-26 10:40:27
000815,20260819,20260825,上市公司2026年1-6月非经营性资金占用及其他关联资金往来情况汇总表,,0,https://www.cninfo.com.cn/new/disclosure/detail?annoId=1225499455,2026-08-26 10:40:27
000815,20260819,20260825,2026年半年度报告,,0,https://www.cninfo.com.cn/new/disclosure/detail?annoId=1225499454,2026-08-26 10:40:27
000815,20260819,20260825,2026年半年度报告摘要,,0,https://www.cninfo.com.cn/new/disclosure/detail?annoId=1225499453,2026-08-26 10:40:27
000815,20260821,20260529,中冶美利云产业投资股份有限公司关于为控股子公司提供担保的进展公告,,0,https://www.cninfo.com.cn/new/disclosure/detail?annoId=1225335189,2026-08-25 10:07:17
000815,20260821,20260609,中冶美利云产业投资股份有限公司关于召开2026年第二次临时股东会的通知,,0,https://www.cninfo.com.cn/new/disclosure/detail?annoId=1225358129,2026-08-25 10:07:17
000815,20260821,20260609,中冶美利云产业投资股份有限公司第九届董事会第三十六次会议决议公告,,0,https://www.cninfo.com.cn/new/disclosure/detail?annoId=1225358128,2026-08-25 10:07:17
000815,20260821,20260609,中冶美利云产业投资股份有限公司关于使用公积金弥补亏损的公告,,0,https://www.cninfo.com.cn/new/disclosure/detail?annoId=1225358127,2026-08-25 10:07:17
000815,20260821,20260626,北京市君合律师事务所关于中冶美利云产业投资股份有限公司2026年第二次临时股东会的法律意见书,,0,https://www.cninfo.com.cn/new/disclosure/detail?annoId=1225389056,2026-08-25 10:07:17
000815,20260821,20260626,中冶美利云产业投资股份有限公司2026年第二次临时股东会决议公告,,0,https://www.cninfo.com.cn/new/disclosure/detail?annoId=1225389055,2026-08-25 10:07:17
000815,20260821,20260722,中冶美利云产业投资股份有限公司第九届董事会第三十七次会议决议公告,,0,https://www.cninfo.com.cn/new/disclosure/detail?annoId=1225435998,2026-08-25 10:07:17
000815,20260821,20260723,中冶美利云产业投资股份有限公司关于股票交易异常波动的公告,,2,https://www.cninfo.com.cn/new/disclosure/detail?annoId=1225437655,2026-08-25 10:07:17
000815,20260821,20260805,中冶美利云产业投资股份有限公司关于股票交易异常波动的公告,,2,https://www.cninfo.com.cn/new/disclosure/detail?annoId=1225458474,2026-08-25 10:07:17
000815,20260821,20260825,中冶美利云产业投资股份有限公司关于诚通财务有限责任公司发生金融业务风险处置预案,,0,https://www.cninfo.com.cn/new/disclosure/detail?annoId=1225499463,2026-08-25 10:07:17
000815,20260821,20260825,中冶美利云产业投资股份有限公司募集资金2026年半年度存放、管理与使用情况的专项报告,,0,https://www.cninfo.com.cn/new/disclosure/detail?annoId=1225499462,2026-08-25 10:07:17
000815,20260821,20260825,中冶美利云产业投资股份有限公司关于对诚通财务有限责任公司的风险评估报告（2026年半年度）,,0,https://www.cninfo.com.cn/new/disclosure/detail?annoId=1225499461,2026-08-25 10:07:17
000815,20260821,20260825,中冶美利云产业投资股份有限公司关于与诚通财务有限责任公司续签《金融服务协议》暨关联交易公告,,0,https://www.cninfo.com.cn/new/disclosure/detail?annoId=1225499460,2026-08-25 10:07:17
000815,20260821,20260825,中冶美利云产业投资股份有限公司关于召开2026年第三次临时股东会的通知,,0,https://www.cninfo.com.cn/new/disclosure/detail?annoId=1225499459,2026-08-25 10:07:17
000815,20260821,20260825,中冶美利云产业投资股份有限公司第九届董事会第三十八次会议决议公告,,0,https://www.cninfo.com.cn/new/disclosure/detail?annoId=1225499458,2026-08-25 10:07:17
000815,20260821,20260825,中冶美利云产业投资股份有限公司2026年半年度利润分配预案的公告,,0,https://www.cninfo.com.cn/new/disclosure/detail?annoId=1225499457,2026-08-25 10:07:17
000815,20260821,20260825,2026年半年度审计报告,,0,https://www.cninfo.com.cn/new/disclosure/detail?annoId=1225499456,2026-08-25 10:07:17
000815,20260821,20260825,上市公司2026年1-6月非经营性资金占用及其他关联资金往来情况汇总表,,0,https://www.cninfo.com.cn/new/disclosure/detail?annoId=1225499455,2026-08-25 10:07:17
000815,20260821,20260825,2026年半年度报告,,0,https://www.cninfo.com.cn/new/disclosure/detail?annoId=1225499454,2026-08-25 10:07:17
000815,20260821,20260825,2026年半年度报告摘要,,0,https://www.cninfo.com.cn/new/disclosure/detail?annoId=1225499453,2026-08-25 10:07:17
000815,20260824,20260529,中冶美利云产业投资股份有限公司关于为控股子公司提供担保的进展公告,,0,https://www.cninfo.com.cn/new/disclosure/detail?annoId=1225335189,2026-08-25 10:15:20
000815,20260824,20260609,中冶美利云产业投资股份有限公司关于召开2026年第二次临时股东会的通知,,0,https://www.cninfo.com.cn/new/disclosure/detail?annoId=1225358129,2026-08-25 10:15:20
000815,20260824,20260609,中冶美利云产业投资股份有限公司第九届董事会第三十六次会议决议公告,,0,https://www.cninfo.com.cn/new/disclosure/detail?annoId=1225358128,2026-08-25 10:15:20
000815,20260824,20260609,中冶美利云产业投资股份有限公司关于使用公积金弥补亏损的公告,,0,https://www.cninfo.com.cn/new/disclosure/detail?annoId=1225358127,2026-08-25 10:15:20
000815,20260824,20260626,北京市君合律师事务所关于中冶美利云产业投资股份有限公司2026年第二次临时股东会的法律意见书,,0,https://www.cninfo.com.cn/new/disclosure/detail?annoId=1225389056,2026-08-25 10:15:20
000815,20260824,20260626,中冶美利云产业投资股份有限公司2026年第二次临时股东会决议公告,,0,https://www.cninfo.com.cn/new/disclosure/detail?annoId=1225389055,2026-08-25 10:15:20
000815,20260824,20260722,中冶美利云产业投资股份有限公司第九届董事会第三十七次会议决议公告,,0,https://www.cninfo.com.cn/new/disclosure/detail?annoId=1225435998,2026-08-25 10:15:20
000815,20260824,20260723,中冶美利云产业投资股份有限公司关于股票交易异常波动的公告,,2,https://www.cninfo.com.cn/new/disclosure/detail?annoId=1225437655,2026-08-25 10:15:20
000815,20260824,20260805,中冶美利云产业投资股份有限公司关于股票交易异常波动的公告,,2,https://www.cninfo.com.cn/new/disclosure/detail?annoId=1225458474,2026-08-25 10:15:20
000815,20260824,20260825,中冶美利云产业投资股份有限公司关于诚通财务有限责任公司发生金融业务风险处置预案,,0,https://www.cninfo.com.cn/new/disclosure/detail?annoId=1225499463,2026-08-25 10:15:20
000815,20260824,20260825,中冶美利云产业投资股份有限公司募集资金2026年半年度存放、管理与使用情况的专项报告,,0,https://www.cninfo.com.cn/new/disclosure/detail?annoId=1225499462,2026-08-25 10:15:20
000815,20260824,20260825,中冶美利云产业投资股份有限公司关于对诚通财务有限责任公司的风险评估报告（2026年半年度）,,0,https://www.cninfo.com.cn/new/disclosure/detail?annoId=1225499461,2026-08-25 10:15:20
000815,20260824,20260825,中冶美利云产业投资股份有限公司关于与诚通财务有限责任公司续签《金融服务协议》暨关联交易公告,,0,https://www.cninfo.com.cn/new/disclosure/detail?annoId=1225499460,2026-08-25 10:15:20
000815,20260824,20260825,中冶美利云产业投资股份有限公司关于召开2026年第三次临时股东会的通知,,0,https://www.cninfo.com.cn/new/disclosure/detail?annoId=1225499459,2026-08-25 10:15:20
000815,20260824,20260825,中冶美利云产业投资股份有限公司第九届董事会第三十八次会议决议公告,,0,https://www.cninfo.com.cn/new/disclosure/detail?annoId=1225499458,2026-08-25 10:15:20
000815,20260824,20260825,中冶美利云产业投资股份有限公司2026年半年度利润分配预案的公告,,0,https://www.cninfo.com.cn/new/disclosure/detail?annoId=1225499457,2026-08-25 10:15:20
000815,20260824,20260825,2026年半年度审计报告,,0,https://www.cninfo.com.cn/new/disclosure/detail?annoId=1225499456,2026-08-25 10:15:20
000815,20260824,20260825,上市公司2026年1-6月非经营性资金占用及其他关联资金往来情况汇总表,,0,https://www.cninfo.com.cn/new/disclosure/detail?annoId=1225499455,2026-08-25 10:15:20
000815,20260824,20260825,2026年半年度报告,,0,https://www.cninfo.com.cn/new/disclosure/detail?annoId=1225499454,2026-08-25 10:15:20
000815,20260824,20260825,2026年半年度报告摘要,,0,https://www.cninfo.com.cn/new/disclosure/detail?annoId=1225499453,2026-08-25 10:15:20
000815,20260825,20260529,中冶美利云产业投资股份有限公司关于为控股子公司提供担保的进展公告,,0,https://www.cninfo.com.cn/new/disclosure/detail?annoId=1225335189,2026-08-25 19:57:38
000815,20260825,20260609,中冶美利云产业投资股份有限公司关于召开2026年第二次临时股东会的通知,,0,https://www.cninfo.com.cn/new/disclosure/detail?annoId=1225358129,2026-08-25 19:57:38
000815,20260825,20260609,中冶美利云产业投资股份有限公司第九届董事会第三十六次会议决议公告,,0,https://www.cninfo.com.cn/new/disclosure/detail?annoId=1225358128,2026-08-25 19:57:38
000815,20260825,20260609,中冶美利云产业投资股份有限公司关于使用公积金弥补亏损的公告,,0,https://www.cninfo.com.cn/new/disclosure/detail?annoId=1225358127,2026-08-25 19:57:38
000815,20260825,20260626,北京市君合律师事务所关于中冶美利云产业投资股份有限公司2026年第二次临时股东会的法律意见书,,0,https://www.cninfo.com.cn/new/disclosure/detail?annoId=1225389056,2026-08-25 19:57:38
000815,20260825,20260626,中冶美利云产业投资股份有限公司2026年第二次临时股东会决议公告,,0,https://www.cninfo.com.cn/new/disclosure/detail?annoId=1225389055,2026-08-25 19:57:38
000815,20260825,20260722,中冶美利云产业投资股份有限公司第九届董事会第三十七次会议决议公告,,0,https://www.cninfo.com.cn/new/disclosure/detail?annoId=1225435998,2026-08-25 19:57:38
000815,20260825,20260723,中冶美利云产业投资股份有限公司关于股票交易异常波动的公告,,2,https://www.cninfo.com.cn/new/disclosure/detail?annoId=1225437655,2026-08-25 19:57:38
000815,20260825,20260805,中冶美利云产业投资股份有限公司关于股票交易异常波动的公告,,2,https://www.cninfo.com.cn/new/disclosure/detail?annoId=1225458474,2026-08-25 19:57:38
000815,20260825,20260825,中冶美利云产业投资股份有限公司关于诚通财务有限责任公司发生金融业务风险处置预案,,0,https://www.cninfo.com.cn/new/disclosure/detail?annoId=1225499463,2026-08-25 19:57:38
000815,20260825,20260825,中冶美利云产业投资股份有限公司募集资金2026年半年度存放、管理与使用情况的专项报告,,0,https://www.cninfo.com.cn/new/disclosure/detail?annoId=1225499462,2026-08-25 19:57:38
000815,20260825,20260825,中冶美利云产业投资股份有限公司关于对诚通财务有限责任公司的风险评估报告（2026年半年度）,,0,https://www.cninfo.com.cn/new/disclosure/detail?annoId=1225499461,2026-08-25 19:57:38
000815,20260825,20260825,中冶美利云产业投资股份有限公司关于与诚通财务有限责任公司续签《金融服务协议》暨关联交易公告,,0,https://www.cninfo.com.cn/new/disclosure/detail?annoId=1225499460,2026-08-25 19:57:38
000815,20260825,20260825,中冶美利云产业投资股份有限公司关于召开2026年第三次临时股东会的通知,,0,https://www.cninfo.com.cn/new/disclosure/detail?annoId=1225499459,2026-08-25 19:57:38
000815,20260825,20260825,中冶美利云产业投资股份有限公司第九届董事会第三十八次会议决议公告,,0,https://www.cninfo.com.cn/new/disclosure/detail?annoId=1225499458,2026-08-25 19:57:38
000815,20260825,20260825,中冶美利云产业投资股份有限公司2026年半年度利润分配预案的公告,,0,https://www.cninfo.com.cn/new/disclosure/detail?annoId=1225499457,2026-08-25 19:57:38
000815,20260825,20260825,2026年半年度审计报告,,0,https://www.cninfo.com.cn/new/disclosure/detail?annoId=1225499456,2026-08-25 19:57:38
000815,20260825,20260825,上市公司2026年1-6月非经营性资金占用及其他关联资金往来情况汇总表,,0,https://www.cninfo.com.cn/new/disclosure/detail?annoId=1225499455,2026-08-25 19:57:38
000815,20260825,20260825,2026年半年度报告,,0,https://www.cninfo.com.cn/new/disclosure/detail?annoId=1225499454,2026-08-25 19:57:38
000815,20260825,20260825,2026年半年度报告摘要,,0,https://www.cninfo.com.cn/new/disclosure/detail?annoId=1225499453,2026-08-25 19:57:38
000815,20260826,20260529,中冶美利云产业投资股份有限公司关于为控股子公司提供担保的进展公告,,0,https://www.cninfo.com.cn/new/disclosure/detail?annoId=1225335189,2026-08-27 00:11:24
000815,20260826,20260609,中冶美利云产业投资股份有限公司关于召开2026年第二次临时股东会的通知,,0,https://www.cninfo.com.cn/new/disclosure/detail?annoId=1225358129,2026-08-27 00:11:24
000815,20260826,20260609,中冶美利云产业投资股份有限公司第九届董事会第三十六次会议决议公告,,0,https://www.cninfo.com.cn/new/disclosure/detail?annoId=1225358128,2026-08-27 00:11:24
000815,20260826,20260609,中冶美利云产业投资股份有限公司关于使用公积金弥补亏损的公告,,0,https://www.cninfo.com.cn/new/disclosure/detail?annoId=1225358127,2026-08-27 00:11:24
000815,20260826,20260626,北京市君合律师事务所关于中冶美利云产业投资股份有限公司2026年第二次临时股东会的法律意见书,,0,https://www.cninfo.com.cn/new/disclosure/detail?annoId=1225389056,2026-08-27 00:11:24
000815,20260826,20260626,中冶美利云产业投资股份有限公司2026年第二次临时股东会决议公告,,0,https://www.cninfo.com.cn/new/disclosure/detail?annoId=1225389055,2026-08-27 00:11:24
000815,20260826,20260722,中冶美利云产业投资股份有限公司第九届董事会第三十七次会议决议公告,,0,https://www.cninfo.com.cn/new/disclosure/detail?annoId=1225435998,2026-08-27 00:11:24
000815,20260826,20260723,中冶美利云产业投资股份有限公司关于股票交易异常波动的公告,,2,https://www.cninfo.com.cn/new/disclosure/detail?annoId=1225437655,2026-08-27 00:11:24
000815,20260826,20260805,中冶美利云产业投资股份有限公司关于股票交易异常波动的公告,,2,https://www.cninfo.com.cn/new/disclosure/detail?annoId=1225458474,2026-08-27 00:11:24
000815,20260826,20260825,中冶美利云产业投资股份有限公司关于诚通财务有限责任公司发生金融业务风险处置预案,,0,https://www.cninfo.com.cn/new/disclosure/detail?annoId=1225499463,2026-08-27 00:11:24
000815,20260826,20260825,中冶美利云产业投资股份有限公司募集资金2026年半年度存放、管理与使用情况的专项报告,,0,https://www.cninfo.com.cn/new/disclosure/detail?annoId=1225499462,2026-08-27 00:11:24
000815,20260826,20260825,中冶美利云产业投资股份有限公司关于对诚通财务有限责任公司的风险评估报告（2026年半年度）,,0,https://www.cninfo.com.cn/new/disclosure/detail?annoId=1225499461,2026-08-27 00:11:24
000815,20260826,20260825,中冶美利云产业投资股份有限公司关于与诚通财务有限责任公司续签《金融服务协议》暨关联交易公告,,0,https://www.cninfo.com.cn/new/disclosure/detail?annoId=1225499460,2026-08-27 00:11:24
000815,20260826,20260825,中冶美利云产业投资股份有限公司关于召开2026年第三次临时股东会的通知,,0,https://www.cninfo.com.cn/new/disclosure/detail?annoId=1225499459,2026-08-27 00:11:24
000815,20260826,20260825,中冶美利云产业投资股份有限公司第九届董事会第三十八次会议决议公告,,0,https://www.cninfo.com.cn/new/disclosure/detail?annoId=1225499458,2026-08-27 00:11:24
000815,20260826,20260825,中冶美利云产业投资股份有限公司2026年半年度利润分配预案的公告,,0,https://www.cninfo.com.cn/new/disclosure/detail?annoId=1225499457,2026-08-27 00:11:24
000815,20260826,20260825,2026年半年度审计报告,,0,https://www.cninfo.com.cn/new/disclosure/detail?annoId=1225499456,2026-08-27 00:11:24
000815,20260826,20260825,上市公司2026年1-6月非经营性资金占用及其他关联资金往来情况汇总表,,0,https://www.cninfo.com.cn/new/disclosure/detail?annoId=1225499455,2026-08-27 00:11:24
000815,20260826,20260825,2026年半年度报告,,0,https://www.cninfo.com.cn/new/disclosure/detail?annoId=1225499454,2026-08-27 00:11:24
000815,20260826,20260825,2026年半年度报告摘要,,0,https://www.cninfo.com.cn/new/disclosure/detail?annoId=1225499453,2026-08-27 00:11:24
000815,20260827,20260529,中冶美利云产业投资股份有限公司关于为控股子公司提供担保的进展公告,,0,https://www.cninfo.com.cn/new/disclosure/detail?annoId=1225335189,2026-08-27 21:27:22
000815,20260827,20260609,中冶美利云产业投资股份有限公司关于召开2026年第二次临时股东会的通知,,0,https://www.cninfo.com.cn/new/disclosure/detail?annoId=1225358129,2026-08-27 21:27:22
000815,20260827,20260609,中冶美利云产业投资股份有限公司第九届董事会第三十六次会议决议公告,,0,https://www.cninfo.com.cn/new/disclosure/detail?annoId=1225358128,2026-08-27 21:27:22
000815,20260827,20260609,中冶美利云产业投资股份有限公司关于使用公积金弥补亏损的公告,,0,https://www.cninfo.com.cn/new/disclosure/detail?annoId=1225358127,2026-08-27 21:27:22
000815,20260827,20260626,北京市君合律师事务所关于中冶美利云产业投资股份有限公司2026年第二次临时股东会的法律意见书,,0,https://www.cninfo.com.cn/new/disclosure/detail?annoId=1225389056,2026-08-27 21:27:22
000815,20260827,20260626,中冶美利云产业投资股份有限公司2026年第二次临时股东会决议公告,,0,https://www.cninfo.com.cn/new/disclosure/detail?annoId=1225389055,2026-08-27 21:27:22
000815,20260827,20260722,中冶美利云产业投资股份有限公司第九届董事会第三十七次会议决议公告,,0,https://www.cninfo.com.cn/new/disclosure/detail?annoId=1225435998,2026-08-27 21:27:22
000815,20260827,20260723,中冶美利云产业投资股份有限公司关于股票交易异常波动的公告,,2,https://www.cninfo.com.cn/new/disclosure/detail?annoId=1225437655,2026-08-27 21:27:22
000815,20260827,20260805,中冶美利云产业投资股份有限公司关于股票交易异常波动的公告,,2,https://www.cninfo.com.cn/new/disclosure/detail?annoId=1225458474,2026-08-27 21:27:22
000815,20260827,20260825,中冶美利云产业投资股份有限公司关于诚通财务有限责任公司发生金融业务风险处置预案,,0,https://www.cninfo.com.cn/new/disclosure/detail?annoId=1225499463,2026-08-27 21:27:22
000815,20260827,20260825,中冶美利云产业投资股份有限公司募集资金2026年半年度存放、管理与使用情况的专项报告,,0,https://www.cninfo.com.cn/new/disclosure/detail?annoId=1225499462,2026-08-27 21:27:22
000815,20260827,20260825,中冶美利云产业投资股份有限公司关于对诚通财务有限责任公司的风险评估报告（2026年半年度）,,0,https://www.cninfo.com.cn/new/disclosure/detail?annoId=1225499461,2026-08-27 21:27:22
000815,20260827,20260825,中冶美利云产业投资股份有限公司关于与诚通财务有限责任公司续签《金融服务协议》暨关联交易公告,,0,https://www.cninfo.com.cn/new/disclosure/detail?annoId=1225499460,2026-08-27 21:27:22
000815,20260827,20260825,中冶美利云产业投资股份有限公司关于召开2026年第三次临时股东会的通知,,0,https://www.cninfo.com.cn/new/disclosure/detail?annoId=1225499459,2026-08-27 21:27:22
000815,20260827,20260825,中冶美利云产业投资股份有限公司第九届董事会第三十八次会议决议公告,,0,https://www.cninfo.com.cn/new/disclosure/detail?annoId=1225499458,2026-08-27 21:27:22
000815,20260827,20260825,中冶美利云产业投资股份有限公司2026年半年度利润分配预案的公告,,0,https://www.cninfo.com.cn/new/disclosure/detail?annoId=1225499457,2026-08-27 21:27:22
000815,20260827,20260825,2026年半年度审计报告,,0,https://www.cninfo.com.cn/new/disclosure/detail?annoId=1225499456,2026-08-27 21:27:22
000815,20260827,20260825,上市公司2026年1-6月非经营性资金占用及其他关联资金往来情况汇总表,,0,https://www.cninfo.com.cn/new/disclosure/detail?annoId=1225499455,2026-08-27 21:27:22
000815,20260827,20260825,2026年半年度报告,,0,https://www.cninfo.com.cn/new/disclosure/detail?annoId=1225499454,2026-08-27 21:27:22
000815,20260827,20260825,2026年半年度报告摘要,,0,https://www.cninfo.com.cn/new/disclosure/detail?annoId=1225499453,2026-08-27 21:27:22
000815,20260831,20260529,中冶美利云产业投资股份有限公司关于为控股子公司提供担保的进展公告,,0,https://www.cninfo.com.cn/new/disclosure/detail?annoId=1225335189,2026-08-31 21:10:23
000815,20260831,20260609,中冶美利云产业投资股份有限公司关于召开2026年第二次临时股东会的通知,,0,https://www.cninfo.com.cn/new/disclosure/detail?annoId=1225358129,2026-08-31 21:10:23
000815,20260831,20260609,中冶美利云产业投资股份有限公司第九届董事会第三十六次会议决议公告,,0,https://www.cninfo.com.cn/new/disclosure/detail?annoId=1225358128,2026-08-31 21:10:23
000815,20260831,20260609,中冶美利云产业投资股份有限公司关于使用公积金弥补亏损的公告,,0,https://www.cninfo.com.cn/new/disclosure/detail?annoId=1225358127,2026-08-31 21:10:23
000815,20260831,20260626,北京市君合律师事务所关于中冶美利云产业投资股份有限公司2026年第二次临时股东会的法律意见书,,0,https://www.cninfo.com.cn/new/disclosure/detail?annoId=1225389056,2026-08-31 21:10:23
000815,20260831,20260626,中冶美利云产业投资股份有限公司2026年第二次临时股东会决议公告,,0,https://www.cninfo.com.cn/new/disclosure/detail?annoId=1225389055,2026-08-31 21:10:23
000815,20260831,20260722,中冶美利云产业投资股份有限公司第九届董事会第三十七次会议决议公告,,0,https://www.cninfo.com.cn/new/disclosure/detail?annoId=1225435998,2026-08-31 21:10:23
000815,20260831,20260723,中冶美利云产业投资股份有限公司关于股票交易异常波动的公告,,2,https://www.cninfo.com.cn/new/disclosure/detail?annoId=1225437655,2026-08-31 21:10:23
000815,20260831,20260805,中冶美利云产业投资股份有限公司关于股票交易异常波动的公告,,2,https://www.cninfo.com.cn/new/disclosure/detail?annoId=1225458474,2026-08-31 21:10:23
000815,20260831,20260825,中冶美利云产业投资股份有限公司关于诚通财务有限责任公司发生金融业务风险处置预案,,0,https://www.cninfo.com.cn/new/disclosure/detail?annoId=1225499463,2026-08-31 21:10:23
000815,20260831,20260825,中冶美利云产业投资股份有限公司募集资金2026年半年度存放、管理与使用情况的专项报告,,0,https://www.cninfo.com.cn/new/disclosure/detail?annoId=1225499462,2026-08-31 21:10:23
000815,20260831,20260825,中冶美利云产业投资股份有限公司关于对诚通财务有限责任公司的风险评估报告（2026年半年度）,,0,https://www.cninfo.com.cn/new/disclosure/detail?annoId=1225499461,2026-08-31 21:10:23
000815,20260831,20260825,中冶美利云产业投资股份有限公司关于与诚通财务有限责任公司续签《金融服务协议》暨关联交易公告,,0,https://www.cninfo.com.cn/new/disclosure/detail?annoId=1225499460,2026-08-31 21:10:23
000815,20260831,20260825,中冶美利云产业投资股份有限公司关于召开2026年第三次临时股东会的通知,,0,https://www.cninfo.com.cn/new/disclosure/detail?annoId=1225499459,2026-08-31 21:10:23
000815,20260831,20260825,中冶美利云产业投资股份有限公司第九届董事会第三十八次会议决议公告,,0,https://www.cninfo.com.cn/new/disclosure/detail?annoId=1225499458,2026-08-31 21:10:23
000815,20260831,20260825,中冶美利云产业投资股份有限公司2026年半年度利润分配预案的公告,,0,https://www.cninfo.com.cn/new/disclosure/detail?annoId=1225499457,2026-08-31 21:10:23
000815,20260831,20260825,2026年半年度审计报告,,0,https://www.cninfo.com.cn/new/disclosure/detail?annoId=1225499456,2026-08-31 21:10:23
000815,20260831,20260825,上市公司2026年1-6月非经营性资金占用及其他关联资金往来情况汇总表,,0,https://www.cninfo.com.cn/new/disclosure/detail?annoId=1225499455,2026-08-31 21:10:23
000815,20260831,20260825,2026年半年度报告,,0,https://www.cninfo.com.cn/new/disclosure/detail?annoId=1225499454,2026-08-31 21:10:23
000815,20260831,20260825,2026年半年度报告摘要,,0,https://www.cninfo.com.cn/new/disclosure/detail?annoId=1225499453,2026-08-31 21:10:23
000820,20260807,20260515,000820*ST节能投资者关系管理信息20260515,,0,https://www.cninfo.com.cn/new/disclosure/detail?annoId=1225310378,2026-08-25 21:41:58
000820,20260807,20260519,关于重大诉讼及累计新增诉讼、仲裁情况的公告,,0,https://www.cninfo.com.cn/new/disclosure/detail?annoId=1225314058,2026-08-25 21:41:58
000820,20260807,20260520,江苏世纪同仁律师事务所关于神雾节能股份有限公司2025年年度股东会的法律意见书,,0,https://www.cninfo.com.cn/new/disclosure/detail?annoId=1225316488,2026-08-25 21:41:58
000820,20260807,20260520,2025年年度股东会决议公告,,0,https://www.cninfo.com.cn/new/disclosure/detail?annoId=1225316487,2026-08-25 21:41:58
000820,20260807,20260525,关于申请撤销退市风险警示的进展公告,,0,https://www.cninfo.com.cn/new/disclosure/detail?annoId=1225326872,2026-08-25 21:41:58
000820,20260807,20260603,关于公司收到中国证监会立案告知书的公告,,0,https://www.cninfo.com.cn/new/disclosure/detail?annoId=1225346382,2026-08-25 21:41:58
000820,20260807,20260605,关于公司5%以上股东部分股份将被司法拍卖的提示性公告,,0,https://www.cninfo.com.cn/new/disclosure/detail?annoId=1225352478,2026-08-25 21:41:58
000820,20260807,20260703,关于股票交易异常波动的公告,,2,https://www.cninfo.com.cn/new/disclosure/detail?annoId=1225407087,2026-08-25 21:41:58
000820,20260807,20260707,神雾节能股份有限公司关于公司5%以上股东部分股份被司法拍卖的进展公告,,0,https://www.cninfo.com.cn/new/disclosure/detail?annoId=1225412070,2026-08-25 21:41:58
000820,20260807,20260710,关于重大诉讼进展及累计新增诉讼、仲裁情况的公告,,0,https://www.cninfo.com.cn/new/disclosure/detail?annoId=1225417347,2026-08-25 21:41:58
000820,20260807,20260715,2026年半年度业绩预告,,0,https://www.cninfo.com.cn/new/disclosure/detail?annoId=1225424296,2026-08-25 21:41:58
000820,20260807,20260729,关于对神雾节能股份有限公司2025年年报的问询函的回复〔2026〕第818号,,3,https://www.cninfo.com.cn/new/disclosure/detail?annoId=1225445680,2026-08-25 21:41:58
000820,20260807,20260729,中审众环-关于神雾节能股份有限公司2025 年年报问询函的回复〔2026〕第98号,,3,https://www.cninfo.com.cn/new/disclosure/detail?annoId=1225445679,2026-08-25 21:41:58
000820,20260807,20260729,中审众环-关于神雾节能股份有限公司2025 年年报问询函的回复〔2026〕第818号,,3,https://www.cninfo.com.cn/new/disclosure/detail?annoId=1225445678,2026-08-25 21:41:58
000820,20260807,20260729,关于对神雾节能股份有限公司2025年年报的问询函的回复〔2026〕第98号,,3,https://www.cninfo.com.cn/new/disclosure/detail?annoId=1225445677,2026-08-25 21:41:58
000820,20260807,20260729,关于公司股票交易撤销退市风险警示暨停复牌的公告,,5,https://www.cninfo.com.cn/new/disclosure/detail?annoId=1225445676,2026-08-25 21:41:58
000820,20260807,20260801,关于控股子公司涉及诉讼的进展公告,,0,https://www.cninfo.com.cn/new/disclosure/detail?annoId=1225451432,2026-08-25 21:41:58
000820,20260807,20260801,关于股票交易异常波动的公告,,2,https://www.cninfo.com.cn/new/disclosure/detail?annoId=1225451413,2026-08-25 21:41:58
000820,20260807,20260806,关于公司5%以上股东所持部分股份再次被司法拍卖的提示性公告,,0,https://www.cninfo.com.cn/new/disclosure/detail?annoId=1225460493,2026-08-25 21:41:58
000820,20260807,20260826,关于公司5%以上股东部分股份被司法拍卖的进展公告,,0,https://www.cninfo.com.cn/new/disclosure/detail?annoId=1225503716,2026-08-25 21:41:58
000820,20260819,20260515,000820*ST节能投资者关系管理信息20260515,,0,https://www.cninfo.com.cn/new/disclosure/detail?annoId=1225310378,2026-08-26 10:40:29
000820,20260819,20260519,关于重大诉讼及累计新增诉讼、仲裁情况的公告,,0,https://www.cninfo.com.cn/new/disclosure/detail?annoId=1225314058,2026-08-26 10:40:29
000820,20260819,20260520,江苏世纪同仁律师事务所关于神雾节能股份有限公司2025年年度股东会的法律意见书,,0,https://www.cninfo.com.cn/new/disclosure/detail?annoId=1225316488,2026-08-26 10:40:29
000820,20260819,20260520,2025年年度股东会决议公告,,0,https://www.cninfo.com.cn/new/disclosure/detail?annoId=1225316487,2026-08-26 10:40:29
000820,20260819,20260525,关于申请撤销退市风险警示的进展公告,,0,https://www.cninfo.com.cn/new/disclosure/detail?annoId=1225326872,2026-08-26 10:40:29
000820,20260819,20260603,关于公司收到中国证监会立案告知书的公告,,0,https://www.cninfo.com.cn/new/disclosure/detail?annoId=1225346382,2026-08-26 10:40:29
000820,20260819,20260605,关于公司5%以上股东部分股份将被司法拍卖的提示性公告,,0,https://www.cninfo.com.cn/new/disclosure/detail?annoId=1225352478,2026-08-26 10:40:29
000820,20260819,20260703,关于股票交易异常波动的公告,,2,https://www.cninfo.com.cn/new/disclosure/detail?annoId=1225407087,2026-08-26 10:40:29
000820,20260819,20260707,神雾节能股份有限公司关于公司5%以上股东部分股份被司法拍卖的进展公告,,0,https://www.cninfo.com.cn/new/disclosure/detail?annoId=1225412070,2026-08-26 10:40:29
000820,20260819,20260710,关于重大诉讼进展及累计新增诉讼、仲裁情况的公告,,0,https://www.cninfo.com.cn/new/disclosure/detail?annoId=1225417347,2026-08-26 10:40:29
000820,20260819,20260715,2026年半年度业绩预告,,0,https://www.cninfo.com.cn/new/disclosure/detail?annoId=1225424296,2026-08-26 10:40:29
000820,20260819,20260729,关于对神雾节能股份有限公司2025年年报的问询函的回复〔2026〕第818号,,3,https://www.cninfo.com.cn/new/disclosure/detail?annoId=1225445680,2026-08-26 10:40:29
000820,20260819,20260729,中审众环-关于神雾节能股份有限公司2025 年年报问询函的回复〔2026〕第98号,,3,https://www.cninfo.com.cn/new/disclosure/detail?annoId=1225445679,2026-08-26 10:40:29
000820,20260819,20260729,中审众环-关于神雾节能股份有限公司2025 年年报问询函的回复〔2026〕第818号,,3,https://www.cninfo.com.cn/new/disclosure/detail?annoId=1225445678,2026-08-26 10:40:29
000820,20260819,20260729,关于对神雾节能股份有限公司2025年年报的问询函的回复〔2026〕第98号,,3,https://www.cninfo.com.cn/new/disclosure/detail?annoId=1225445677,2026-08-26 10:40:29
000820,20260819,20260729,关于公司股票交易撤销退市风险警示暨停复牌的公告,,5,https://www.cninfo.com.cn/new/disclosure/detail?annoId=1225445676,2026-08-26 10:40:29
000820,20260819,20260801,关于控股子公司涉及诉讼的进展公告,,0,https://www.cninfo.com.cn/new/disclosure/detail?annoId=1225451432,2026-08-26 10:40:29
000820,20260819,20260801,关于股票交易异常波动的公告,,2,https://www.cninfo.com.cn/new/disclosure/detail?annoId=1225451413,2026-08-26 10:40:29
000820,20260819,20260806,关于公司5%以上股东所持部分股份再次被司法拍卖的提示性公告,,0,https://www.cninfo.com.cn/new/disclosure/detail?annoId=1225460493,2026-08-26 10:40:29
000820,20260819,20260826,关于公司5%以上股东部分股份被司法拍卖的进展公告,,0,https://www.cninfo.com.cn/new/disclosure/detail?annoId=1225503716,2026-08-26 10:40:29
000820,20260821,20260512,关于参加江西辖区上市公司2026年投资者网上集体接待日活动的公告,,0,https://www.cninfo.com.cn/new/disclosure/detail?annoId=1225291705,2026-08-25 10:07:17
000820,20260821,20260515,000820*ST节能投资者关系管理信息20260515,,0,https://www.cninfo.com.cn/new/disclosure/detail?annoId=1225310378,2026-08-25 10:07:17
000820,20260821,20260519,关于重大诉讼及累计新增诉讼、仲裁情况的公告,,0,https://www.cninfo.com.cn/new/disclosure/detail?annoId=1225314058,2026-08-25 10:07:17
000820,20260821,20260520,江苏世纪同仁律师事务所关于神雾节能股份有限公司2025年年度股东会的法律意见书,,0,https://www.cninfo.com.cn/new/disclosure/detail?annoId=1225316488,2026-08-25 10:07:17
000820,20260821,20260520,2025年年度股东会决议公告,,0,https://www.cninfo.com.cn/new/disclosure/detail?annoId=1225316487,2026-08-25 10:07:17
000820,20260821,20260525,关于申请撤销退市风险警示的进展公告,,0,https://www.cninfo.com.cn/new/disclosure/detail?annoId=1225326872,2026-08-25 10:07:17
000820,20260821,20260603,关于公司收到中国证监会立案告知书的公告,,0,https://www.cninfo.com.cn/new/disclosure/detail?annoId=1225346382,2026-08-25 10:07:17
000820,20260821,20260605,关于公司5%以上股东部分股份将被司法拍卖的提示性公告,,0,https://www.cninfo.com.cn/new/disclosure/detail?annoId=1225352478,2026-08-25 10:07:17
000820,20260821,20260703,关于股票交易异常波动的公告,,2,https://www.cninfo.com.cn/new/disclosure/detail?annoId=1225407087,2026-08-25 10:07:17
000820,20260821,20260707,神雾节能股份有限公司关于公司5%以上股东部分股份被司法拍卖的进展公告,,0,https://www.cninfo.com.cn/new/disclosure/detail?annoId=1225412070,2026-08-25 10:07:17
000820,20260821,20260710,关于重大诉讼进展及累计新增诉讼、仲裁情况的公告,,0,https://www.cninfo.com.cn/new/disclosure/detail?annoId=1225417347,2026-08-25 10:07:17
000820,20260821,20260715,2026年半年度业绩预告,,0,https://www.cninfo.com.cn/new/disclosure/detail?annoId=1225424296,2026-08-25 10:07:17
000820,20260821,20260729,关于对神雾节能股份有限公司2025年年报的问询函的回复〔2026〕第818号,,3,https://www.cninfo.com.cn/new/disclosure/detail?annoId=1225445680,2026-08-25 10:07:17
000820,20260821,20260729,中审众环-关于神雾节能股份有限公司2025 年年报问询函的回复〔2026〕第98号,,3,https://www.cninfo.com.cn/new/disclosure/detail?annoId=1225445679,2026-08-25 10:07:17
000820,20260821,20260729,中审众环-关于神雾节能股份有限公司2025 年年报问询函的回复〔2026〕第818号,,3,https://www.cninfo.com.cn/new/disclosure/detail?annoId=1225445678,2026-08-25 10:07:17
000820,20260821,20260729,关于对神雾节能股份有限公司2025年年报的问询函的回复〔2026〕第98号,,3,https://www.cninfo.com.cn/new/disclosure/detail?annoId=1225445677,2026-08-25 10:07:17
000820,20260821,20260729,关于公司股票交易撤销退市风险警示暨停复牌的公告,,5,https://www.cninfo.com.cn/new/disclosure/detail?annoId=1225445676,2026-08-25 10:07:17
000820,20260821,20260801,关于控股子公司涉及诉讼的进展公告,,0,https://www.cninfo.com.cn/new/disclosure/detail?annoId=1225451432,2026-08-25 10:07:17
000820,20260821,20260801,关于股票交易异常波动的公告,,2,https://www.cninfo.com.cn/new/disclosure/detail?annoId=1225451413,2026-08-25 10:07:17
000820,20260821,20260806,关于公司5%以上股东所持部分股份再次被司法拍卖的提示性公告,,0,https://www.cninfo.com.cn/new/disclosure/detail?annoId=1225460493,2026-08-25 10:07:17
000820,20260824,20260512,关于参加江西辖区上市公司2026年投资者网上集体接待日活动的公告,,0,https://www.cninfo.com.cn/new/disclosure/detail?annoId=1225291705,2026-08-25 10:15:20
000820,20260824,20260515,000820*ST节能投资者关系管理信息20260515,,0,https://www.cninfo.com.cn/new/disclosure/detail?annoId=1225310378,2026-08-25 10:15:20
000820,20260824,20260519,关于重大诉讼及累计新增诉讼、仲裁情况的公告,,0,https://www.cninfo.com.cn/new/disclosure/detail?annoId=1225314058,2026-08-25 10:15:20
000820,20260824,20260520,江苏世纪同仁律师事务所关于神雾节能股份有限公司2025年年度股东会的法律意见书,,0,https://www.cninfo.com.cn/new/disclosure/detail?annoId=1225316488,2026-08-25 10:15:20
000820,20260824,20260520,2025年年度股东会决议公告,,0,https://www.cninfo.com.cn/new/disclosure/detail?annoId=1225316487,2026-08-25 10:15:20
000820,20260824,20260525,关于申请撤销退市风险警示的进展公告,,0,https://www.cninfo.com.cn/new/disclosure/detail?annoId=1225326872,2026-08-25 10:15:20
000820,20260824,20260603,关于公司收到中国证监会立案告知书的公告,,0,https://www.cninfo.com.cn/new/disclosure/detail?annoId=1225346382,2026-08-25 10:15:20
000820,20260824,20260605,关于公司5%以上股东部分股份将被司法拍卖的提示性公告,,0,https://www.cninfo.com.cn/new/disclosure/detail?annoId=1225352478,2026-08-25 10:15:20
000820,20260824,20260703,关于股票交易异常波动的公告,,2,https://www.cninfo.com.cn/new/disclosure/detail?annoId=1225407087,2026-08-25 10:15:20
000820,20260824,20260707,神雾节能股份有限公司关于公司5%以上股东部分股份被司法拍卖的进展公告,,0,https://www.cninfo.com.cn/new/disclosure/detail?annoId=1225412070,2026-08-25 10:15:20
000820,20260824,20260710,关于重大诉讼进展及累计新增诉讼、仲裁情况的公告,,0,https://www.cninfo.com.cn/new/disclosure/detail?annoId=1225417347,2026-08-25 10:15:20
000820,20260824,20260715,2026年半年度业绩预告,,0,https://www.cninfo.com.cn/new/disclosure/detail?annoId=1225424296,2026-08-25 10:15:20
000820,20260824,20260729,关于对神雾节能股份有限公司2025年年报的问询函的回复〔2026〕第818号,,3,https://www.cninfo.com.cn/new/disclosure/detail?annoId=1225445680,2026-08-25 10:15:20
000820,20260824,20260729,中审众环-关于神雾节能股份有限公司2025 年年报问询函的回复〔2026〕第98号,,3,https://www.cninfo.com.cn/new/disclosure/detail?annoId=1225445679,2026-08-25 10:15:20
000820,20260824,20260729,中审众环-关于神雾节能股份有限公司2025 年年报问询函的回复〔2026〕第818号,,3,https://www.cninfo.com.cn/new/disclosure/detail?annoId=1225445678,2026-08-25 10:15:20
000820,20260824,20260729,关于对神雾节能股份有限公司2025年年报的问询函的回复〔2026〕第98号,,3,https://www.cninfo.com.cn/new/disclosure/detail?annoId=1225445677,2026-08-25 10:15:20
000820,20260824,20260729,关于公司股票交易撤销退市风险警示暨停复牌的公告,,5,https://www.cninfo.com.cn/new/disclosure/detail?annoId=1225445676,2026-08-25 10:15:20
000820,20260824,20260801,关于控股子公司涉及诉讼的进展公告,,0,https://www.cninfo.com.cn/new/disclosure/detail?annoId=1225451432,2026-08-25 10:15:20
000820,20260824,20260801,关于股票交易异常波动的公告,,2,https://www.cninfo.com.cn/new/disclosure/detail?annoId=1225451413,2026-08-25 10:15:20
000820,20260824,20260806,关于公司5%以上股东所持部分股份再次被司法拍卖的提示性公告,,0,https://www.cninfo.com.cn/new/disclosure/detail?annoId=1225460493,2026-08-25 10:15:20
000820,20260825,20260515,000820*ST节能投资者关系管理信息20260515,,0,https://www.cninfo.com.cn/new/disclosure/detail?annoId=1225310378,2026-08-25 19:57:38
000820,20260825,20260519,关于重大诉讼及累计新增诉讼、仲裁情况的公告,,0,https://www.cninfo.com.cn/new/disclosure/detail?annoId=1225314058,2026-08-25 19:57:38
000820,20260825,20260520,江苏世纪同仁律师事务所关于神雾节能股份有限公司2025年年度股东会的法律意见书,,0,https://www.cninfo.com.cn/new/disclosure/detail?annoId=1225316488,2026-08-25 19:57:38
000820,20260825,20260520,2025年年度股东会决议公告,,0,https://www.cninfo.com.cn/new/disclosure/detail?annoId=1225316487,2026-08-25 19:57:38
000820,20260825,20260525,关于申请撤销退市风险警示的进展公告,,0,https://www.cninfo.com.cn/new/disclosure/detail?annoId=1225326872,2026-08-25 19:57:38
000820,20260825,20260603,关于公司收到中国证监会立案告知书的公告,,0,https://www.cninfo.com.cn/new/disclosure/detail?annoId=1225346382,2026-08-25 19:57:38
000820,20260825,20260605,关于公司5%以上股东部分股份将被司法拍卖的提示性公告,,0,https://www.cninfo.com.cn/new/disclosure/detail?annoId=1225352478,2026-08-25 19:57:38
000820,20260825,20260703,关于股票交易异常波动的公告,,2,https://www.cninfo.com.cn/new/disclosure/detail?annoId=1225407087,2026-08-25 19:57:38
000820,20260825,20260707,神雾节能股份有限公司关于公司5%以上股东部分股份被司法拍卖的进展公告,,0,https://www.cninfo.com.cn/new/disclosure/detail?annoId=1225412070,2026-08-25 19:57:38
000820,20260825,20260710,关于重大诉讼进展及累计新增诉讼、仲裁情况的公告,,0,https://www.cninfo.com.cn/new/disclosure/detail?annoId=1225417347,2026-08-25 19:57:38
000820,20260825,20260715,2026年半年度业绩预告,,0,https://www.cninfo.com.cn/new/disclosure/detail?annoId=1225424296,2026-08-25 19:57:38
000820,20260825,20260729,关于对神雾节能股份有限公司2025年年报的问询函的回复〔2026〕第818号,,3,https://www.cninfo.com.cn/new/disclosure/detail?annoId=1225445680,2026-08-25 19:57:38
000820,20260825,20260729,中审众环-关于神雾节能股份有限公司2025 年年报问询函的回复〔2026〕第98号,,3,https://www.cninfo.com.cn/new/disclosure/detail?annoId=1225445679,2026-08-25 19:57:38
000820,20260825,20260729,中审众环-关于神雾节能股份有限公司2025 年年报问询函的回复〔2026〕第818号,,3,https://www.cninfo.com.cn/new/disclosure/detail?annoId=1225445678,2026-08-25 19:57:38
000820,20260825,20260729,关于对神雾节能股份有限公司2025年年报的问询函的回复〔2026〕第98号,,3,https://www.cninfo.com.cn/new/disclosure/detail?annoId=1225445677,2026-08-25 19:57:38
000820,20260825,20260729,关于公司股票交易撤销退市风险警示暨停复牌的公告,,5,https://www.cninfo.com.cn/new/disclosure/detail?annoId=1225445676,2026-08-25 19:57:38
000820,20260825,20260801,关于控股子公司涉及诉讼的进展公告,,0,https://www.cninfo.com.cn/new/disclosure/detail?annoId=1225451432,2026-08-25 19:57:38
000820,20260825,20260801,关于股票交易异常波动的公告,,2,https://www.cninfo.com.cn/new/disclosure/detail?annoId=1225451413,2026-08-25 19:57:38
000820,20260825,20260806,关于公司5%以上股东所持部分股份再次被司法拍卖的提示性公告,,0,https://www.cninfo.com.cn/new/disclosure/detail?annoId=1225460493,2026-08-25 19:57:38
000820,20260825,20260826,关于公司5%以上股东部分股份被司法拍卖的进展公告,,0,https://www.cninfo.com.cn/new/disclosure/detail?annoId=1225503716,2026-08-25 19:57:38
000820,20260826,20260515,000820*ST节能投资者关系管理信息20260515,,0,https://www.cninfo.com.cn/new/disclosure/detail?annoId=1225310378,2026-08-27 00:11:24
000820,20260826,20260519,关于重大诉讼及累计新增诉讼、仲裁情况的公告,,0,https://www.cninfo.com.cn/new/disclosure/detail?annoId=1225314058,2026-08-27 00:11:24
000820,20260826,20260520,江苏世纪同仁律师事务所关于神雾节能股份有限公司2025年年度股东会的法律意见书,,0,https://www.cninfo.com.cn/new/disclosure/detail?annoId=1225316488,2026-08-27 00:11:24
000820,20260826,20260520,2025年年度股东会决议公告,,0,https://www.cninfo.com.cn/new/disclosure/detail?annoId=1225316487,2026-08-27 00:11:24
000820,20260826,20260525,关于申请撤销退市风险警示的进展公告,,0,https://www.cninfo.com.cn/new/disclosure/detail?annoId=1225326872,2026-08-27 00:11:24
000820,20260826,20260603,关于公司收到中国证监会立案告知书的公告,,0,https://www.cninfo.com.cn/new/disclosure/detail?annoId=1225346382,2026-08-27 00:11:24
000820,20260826,20260605,关于公司5%以上股东部分股份将被司法拍卖的提示性公告,,0,https://www.cninfo.com.cn/new/disclosure/detail?annoId=1225352478,2026-08-27 00:11:24
000820,20260826,20260703,关于股票交易异常波动的公告,,2,https://www.cninfo.com.cn/new/disclosure/detail?annoId=1225407087,2026-08-27 00:11:24
000820,20260826,20260707,神雾节能股份有限公司关于公司5%以上股东部分股份被司法拍卖的进展公告,,0,https://www.cninfo.com.cn/new/disclosure/detail?annoId=1225412070,2026-08-27 00:11:24
000820,20260826,20260710,关于重大诉讼进展及累计新增诉讼、仲裁情况的公告,,0,https://www.cninfo.com.cn/new/disclosure/detail?annoId=1225417347,2026-08-27 00:11:24
000820,20260826,20260715,2026年半年度业绩预告,,0,https://www.cninfo.com.cn/new/disclosure/detail?annoId=1225424296,2026-08-27 00:11:24
000820,20260826,20260729,关于对神雾节能股份有限公司2025年年报的问询函的回复〔2026〕第818号,,3,https://www.cninfo.com.cn/new/disclosure/detail?annoId=1225445680,2026-08-27 00:11:24
000820,20260826,20260729,中审众环-关于神雾节能股份有限公司2025 年年报问询函的回复〔2026〕第98号,,3,https://www.cninfo.com.cn/new/disclosure/detail?annoId=1225445679,2026-08-27 00:11:24
000820,20260826,20260729,中审众环-关于神雾节能股份有限公司2025 年年报问询函的回复〔2026〕第818号,,3,https://www.cninfo.com.cn/new/disclosure/detail?annoId=1225445678,2026-08-27 00:11:24
000820,20260826,20260729,关于对神雾节能股份有限公司2025年年报的问询函的回复〔2026〕第98号,,3,https://www.cninfo.com.cn/new/disclosure/detail?annoId=1225445677,2026-08-27 00:11:24
000820,20260826,20260729,关于公司股票交易撤销退市风险警示暨停复牌的公告,,5,https://www.cninfo.com.cn/new/disclosure/detail?annoId=1225445676,2026-08-27 00:11:24
000820,20260826,20260801,关于控股子公司涉及诉讼的进展公告,,0,https://www.cninfo.com.cn/new/disclosure/detail?annoId=1225451432,2026-08-27 00:11:24
000820,20260826,20260801,关于股票交易异常波动的公告,,2,https://www.cninfo.com.cn/new/disclosure/detail?annoId=1225451413,2026-08-27 00:11:24
000820,20260826,20260806,关于公司5%以上股东所持部分股份再次被司法拍卖的提示性公告,,0,https://www.cninfo.com.cn/new/disclosure/detail?annoId=1225460493,2026-08-27 00:11:24
000820,20260826,20260826,关于公司5%以上股东部分股份被司法拍卖的进展公告,,0,https://www.cninfo.com.cn/new/disclosure/detail?annoId=1225503716,2026-08-27 00:11:24
000820,20260827,20260801,关于控股子公司涉及诉讼的进展公告,,0,https://www.cninfo.com.cn/new/disclosure/detail?annoId=1225451432,2026-08-27 21:27:22
000820,20260827,20260806,关于公司5%以上股东所持部分股份再次被司法拍卖的提示性公告,,0,https://www.cninfo.com.cn/new/disclosure/detail?annoId=1225460493,2026-08-27 21:27:22
000820,20260827,20260826,关于公司5%以上股东部分股份被司法拍卖的进展公告,,0,https://www.cninfo.com.cn/new/disclosure/detail?annoId=1225503716,2026-08-27 21:27:22
000820,20260827,20260828,信息披露管理制度（2026年修订）,,0,https://www.cninfo.com.cn/new/disclosure/detail?annoId=1225521558,2026-08-27 21:27:22
000820,20260827,20260828,关于购买董事和高级管理人员责任险的公告,,0,https://www.cninfo.com.cn/new/disclosure/detail?annoId=1225521557,2026-08-27 21:27:22
000820,20260827,20260828,董事会专门委员会工作细则（2026年修订）,,0,https://www.cninfo.com.cn/new/disclosure/detail?annoId=1225521556,2026-08-27 21:27:22
000820,20260827,20260828,关联交易管理制度（2026年修订）,,0,https://www.cninfo.com.cn/new/disclosure/detail?annoId=1225521555,2026-08-27 21:27:22
000820,20260827,20260828,独立董事工作制度（2026年修订）,,0,https://www.cninfo.com.cn/new/disclosure/detail?annoId=1225521554,2026-08-27 21:27:22
000820,20260827,20260828,会计师事务所选聘制度（2026年修订）,,0,https://www.cninfo.com.cn/new/disclosure/detail?annoId=1225521553,2026-08-27 21:27:22
000820,20260827,20260828,外部信息报送和使用管理制度（2026年修订）,,0,https://www.cninfo.com.cn/new/disclosure/detail?annoId=1225521552,2026-08-27 21:27:22
000820,20260827,20260828,重大信息内部报告制度（2026年修订）,,0,https://www.cninfo.com.cn/new/disclosure/detail?annoId=1225521551,2026-08-27 21:27:22
000820,20260827,20260828,信息披露重大差错责任追究制度（2026年修订）,,0,https://www.cninfo.com.cn/new/disclosure/detail?annoId=1225521550,2026-08-27 21:27:22
000820,20260827,20260828,董事会议事规则（2026年修订）,,0,https://www.cninfo.com.cn/new/disclosure/detail?annoId=1225521549,2026-08-27 21:27:22
000820,20260827,20260828,神雾节能股份有限公司董事、高级管理人员薪酬管理制度（2026年修订）,,0,https://www.cninfo.com.cn/new/disclosure/detail?annoId=1225521548,2026-08-27 21:27:22
000820,20260827,20260828,关于高级管理人员辞职的公告,,0,https://www.cninfo.com.cn/new/disclosure/detail?annoId=1225521547,2026-08-27 21:27:22
000820,20260827,20260828,关于召开2026年第二次临时股东会的通知,,0,https://www.cninfo.com.cn/new/disclosure/detail?annoId=1225521546,2026-08-27 21:27:22
000820,20260827,20260828,第十届董事会第四次会议决议公告,,0,https://www.cninfo.com.cn/new/disclosure/detail?annoId=1225521545,2026-08-27 21:27:22
000820,20260827,20260828,2026年半年度非经往来情况汇总表-签字盖章版,,0,https://www.cninfo.com.cn/new/disclosure/detail?annoId=1225521544,2026-08-27 21:27:22
000820,20260827,20260828,2026年半年度报告,,0,https://www.cninfo.com.cn/new/disclosure/detail?annoId=1225521543,2026-08-27 21:27:22
000820,20260827,20260828,2026年半年度报告摘要,,0,https://www.cninfo.com.cn/new/disclosure/detail?annoId=1225521542,2026-08-27 21:27:22
000820,20260831,20260801,关于控股子公司涉及诉讼的进展公告,,0,https://www.cninfo.com.cn/new/disclosure/detail?annoId=1225451432,2026-08-31 21:10:23
000820,20260831,20260806,关于公司5%以上股东所持部分股份再次被司法拍卖的提示性公告,,0,https://www.cninfo.com.cn/new/disclosure/detail?annoId=1225460493,2026-08-31 21:10:23
000820,20260831,20260826,关于公司5%以上股东部分股份被司法拍卖的进展公告,,0,https://www.cninfo.com.cn/new/disclosure/detail?annoId=1225503716,2026-08-31 21:10:23
000820,20260831,20260828,信息披露管理制度（2026年修订）,,0,https://www.cninfo.com.cn/new/disclosure/detail?annoId=1225521558,2026-08-31 21:10:23
000820,20260831,20260828,关于购买董事和高级管理人员责任险的公告,,0,https://www.cninfo.com.cn/new/disclosure/detail?annoId=1225521557,2026-08-31 21:10:23
000820,20260831,20260828,董事会专门委员会工作细则（2026年修订）,,0,https://www.cninfo.com.cn/new/disclosure/detail?annoId=1225521556,2026-08-31 21:10:23
000820,20260831,20260828,关联交易管理制度（2026年修订）,,0,https://www.cninfo.com.cn/new/disclosure/detail?annoId=1225521555,2026-08-31 21:10:23
000820,20260831,20260828,独立董事工作制度（2026年修订）,,0,https://www.cninfo.com.cn/new/disclosure/detail?annoId=1225521554,2026-08-31 21:10:23
000820,20260831,20260828,会计师事务所选聘制度（2026年修订）,,0,https://www.cninfo.com.cn/new/disclosure/detail?annoId=1225521553,2026-08-31 21:10:23
000820,20260831,20260828,外部信息报送和使用管理制度（2026年修订）,,0,https://www.cninfo.com.cn/new/disclosure/detail?annoId=1225521552,2026-08-31 21:10:23
000820,20260831,20260828,重大信息内部报告制度（2026年修订）,,0,https://www.cninfo.com.cn/new/disclosure/detail?annoId=1225521551,2026-08-31 21:10:23
000820,20260831,20260828,信息披露重大差错责任追究制度（2026年修订）,,0,https://www.cninfo.com.cn/new/disclosure/detail?annoId=1225521550,2026-08-31 21:10:23
000820,20260831,20260828,董事会议事规则（2026年修订）,,0,https://www.cninfo.com.cn/new/disclosure/detail?annoId=1225521549,2026-08-31 21:10:23
000820,20260831,20260828,神雾节能股份有限公司董事、高级管理人员薪酬管理制度（2026年修订）,,0,https://www.cninfo.com.cn/new/disclosure/detail?annoId=1225521548,2026-08-31 21:10:23
000820,20260831,20260828,关于高级管理人员辞职的公告,,0,https://www.cninfo.com.cn/new/disclosure/detail?annoId=1225521547,2026-08-31 21:10:23
000820,20260831,20260828,关于召开2026年第二次临时股东会的通知,,0,https://www.cninfo.com.cn/new/disclosure/detail?annoId=1225521546,2026-08-31 21:10:23
000820,20260831,20260828,第十届董事会第四次会议决议公告,,0,https://www.cninfo.com.cn/new/disclosure/detail?annoId=1225521545,2026-08-31 21:10:23
000820,20260831,20260828,2026年半年度非经往来情况汇总表-签字盖章版,,0,https://www.cninfo.com.cn/new/disclosure/detail?annoId=1225521544,2026-08-31 21:10:23
000820,20260831,20260828,2026年半年度报告,,0,https://www.cninfo.com.cn/new/disclosure/detail?annoId=1225521543,2026-08-31 21:10:23
000820,20260831,20260828,2026年半年度报告摘要,,0,https://www.cninfo.com.cn/new/disclosure/detail?annoId=1225521542,2026-08-31 21:10:23
001258,20260722,20260716,新疆立新能源股份有限公司关于公开发行公司债券更名的公告,,0,https://www.cninfo.com.cn/new/disclosure/detail?annoId=1225428631,2026-08-26 22:20:13
001258,20260722,20260716,新疆立新能源股份有限公司2026年面向专业投资者公开发行科技创新低碳转型挂钩公司债券（第一期）发行前独立评估认证报告,,0,https://www.cninfo.com.cn/new/disclosure/detail?annoId=1225428623,2026-08-26 22:20:13
001258,20260722,20260717,新疆立新能源股份有限公司2026年面向专业投资者公开科技创新低碳转型挂钩公司债券（第一期）票面利率公告,,0,https://www.cninfo.com.cn/new/disclosure/detail?annoId=1225431006,2026-08-26 22:20:13
001258,20260722,20260717,关于延长新疆立新能源股份有限公司2026年面向专业投资者公开发行科技创新低碳转型挂钩公司债券（第一期）簿记建档时间的公告,,0,https://www.cninfo.com.cn/new/disclosure/detail?annoId=1225429880,2026-08-26 22:20:13
001258,20260722,20260718,新疆立新能源股份有限公司股票交易异常波动公告,,2,https://www.cninfo.com.cn/new/disclosure/detail?annoId=1225430917,2026-08-26 22:20:13
001258,20260722,20260721,新疆立新能源股份有限公司2026年面向专业投资者公开发行科技创新低碳转型挂钩公司债券（第一期）发行结果公告,,0,https://www.cninfo.com.cn/new/disclosure/detail?annoId=1225435231,2026-08-26 22:20:13
001258,20260722,20260723,新疆立新能源股份有限公司股票交易异常波动公告,,2,https://www.cninfo.com.cn/new/disclosure/detail?annoId=1225437813,2026-08-26 22:20:13
001258,20260722,20260727,新疆立新能源股份有限公司股票交易异常波动暨严重异常波动的公告,,3,https://www.cninfo.com.cn/new/disclosure/detail?annoId=1225441260,2026-08-26 22:20:13
001258,20260722,20260728,新疆立新能源股份有限公司2026年面向专业投资者公开发行碳中和绿色科技创新公司债券（第一期）在深圳证券交易所上市的公告,,0,https://www.cninfo.com.cn/new/disclosure/detail?annoId=1225445727,2026-08-26 22:20:13
001258,20260722,20260807,国浩律师（乌鲁木齐）事务所关于新疆立新能源股份有限公司2026年第二次临时股东会见证之法律意见书,,0,https://www.cninfo.com.cn/new/disclosure/detail?annoId=1225462292,2026-08-26 22:20:13
001258,20260722,20260807,新疆立新能源股份有限公司2026年第二次临时股东会决议公告,,0,https://www.cninfo.com.cn/new/disclosure/detail?annoId=1225462291,2026-08-26 22:20:13
001258,20260722,20260810,新疆立新能源股份有限公司关于2026年半年度计提信用减值准备的公告,,0,https://www.cninfo.com.cn/new/disclosure/detail?annoId=1225464864,2026-08-26 22:20:13
001258,20260722,20260810,新疆立新能源股份有限公司第二届董事会第二十八次会议决议公告,,0,https://www.cninfo.com.cn/new/disclosure/detail?annoId=1225464863,2026-08-26 22:20:13
001258,20260722,20260810,新疆立新能源股份有限公司2026年半年度非经营性资金占用及其他关联资金往来情况汇总表,,0,https://www.cninfo.com.cn/new/disclosure/detail?annoId=1225464862,2026-08-26 22:20:13
001258,20260722,20260810,2026年半年度报告,,0,https://www.cninfo.com.cn/new/disclosure/detail?annoId=1225464861,2026-08-26 22:20:13
001258,20260722,20260810,2026年半年度报告摘要,,0,https://www.cninfo.com.cn/new/disclosure/detail?annoId=1225464860,2026-08-26 22:20:13
001258,20260722,20260811,申万宏源证券承销保荐有限责任公司关于新疆立新能源股份有限公司向特定对象发行股票并在主板上市之发行保荐书,,0,https://www.cninfo.com.cn/new/disclosure/detail?annoId=1225466554,2026-08-26 22:20:13
001258,20260722,20260811,新疆立新能源股份有限公司2023年度向特定对象发行股票并在主板上市募集说明书（注册稿）,,0,https://www.cninfo.com.cn/new/disclosure/detail?annoId=1225466553,2026-08-26 22:20:13
001258,20260722,20260811,新疆立新能源股份有限公司关于向特定对象发行股票募集说明书（注册稿）等申请文件更新的提示性公告,,0,https://www.cninfo.com.cn/new/disclosure/detail?annoId=1225466552,2026-08-26 22:20:13
001258,20260722,20260812,新疆立新能源股份有限公司股票交易异常波动的公告,,2,https://www.cninfo.com.cn/new/disclosure/detail?annoId=1225468625,2026-08-26 22:20:13
001258,20260807,20260716,新疆立新能源股份有限公司关于公开发行公司债券更名的公告,,0,https://www.cninfo.com.cn/new/disclosure/detail?annoId=1225428631,2026-08-25 21:41:58
001258,20260807,20260716,新疆立新能源股份有限公司2026年面向专业投资者公开发行科技创新低碳转型挂钩公司债券（第一期）发行前独立评估认证报告,,0,https://www.cninfo.com.cn/new/disclosure/detail?annoId=1225428623,2026-08-25 21:41:58
001258,20260807,20260717,新疆立新能源股份有限公司2026年面向专业投资者公开科技创新低碳转型挂钩公司债券（第一期）票面利率公告,,0,https://www.cninfo.com.cn/new/disclosure/detail?annoId=1225431006,2026-08-25 21:41:58
001258,20260807,20260717,关于延长新疆立新能源股份有限公司2026年面向专业投资者公开发行科技创新低碳转型挂钩公司债券（第一期）簿记建档时间的公告,,0,https://www.cninfo.com.cn/new/disclosure/detail?annoId=1225429880,2026-08-25 21:41:58
001258,20260807,20260718,新疆立新能源股份有限公司股票交易异常波动公告,,2,https://www.cninfo.com.cn/new/disclosure/detail?annoId=1225430917,2026-08-25 21:41:58
001258,20260807,20260721,新疆立新能源股份有限公司2026年面向专业投资者公开发行科技创新低碳转型挂钩公司债券（第一期）发行结果公告,,0,https://www.cninfo.com.cn/new/disclosure/detail?annoId=1225435231,2026-08-25 21:41:58
001258,20260807,20260723,新疆立新能源股份有限公司股票交易异常波动公告,,2,https://www.cninfo.com.cn/new/disclosure/detail?annoId=1225437813,2026-08-25 21:41:58
001258,20260807,20260727,新疆立新能源股份有限公司股票交易异常波动暨严重异常波动的公告,,3,https://www.cninfo.com.cn/new/disclosure/detail?annoId=1225441260,2026-08-25 21:41:58
001258,20260807,20260728,新疆立新能源股份有限公司2026年面向专业投资者公开发行碳中和绿色科技创新公司债券（第一期）在深圳证券交易所上市的公告,,0,https://www.cninfo.com.cn/new/disclosure/detail?annoId=1225445727,2026-08-25 21:41:58
001258,20260807,20260807,国浩律师（乌鲁木齐）事务所关于新疆立新能源股份有限公司2026年第二次临时股东会见证之法律意见书,,0,https://www.cninfo.com.cn/new/disclosure/detail?annoId=1225462292,2026-08-25 21:41:58
001258,20260807,20260807,新疆立新能源股份有限公司2026年第二次临时股东会决议公告,,0,https://www.cninfo.com.cn/new/disclosure/detail?annoId=1225462291,2026-08-25 21:41:58
001258,20260807,20260810,新疆立新能源股份有限公司关于2026年半年度计提信用减值准备的公告,,0,https://www.cninfo.com.cn/new/disclosure/detail?annoId=1225464864,2026-08-25 21:41:58
001258,20260807,20260810,新疆立新能源股份有限公司第二届董事会第二十八次会议决议公告,,0,https://www.cninfo.com.cn/new/disclosure/detail?annoId=1225464863,2026-08-25 21:41:58
001258,20260807,20260810,新疆立新能源股份有限公司2026年半年度非经营性资金占用及其他关联资金往来情况汇总表,,0,https://www.cninfo.com.cn/new/disclosure/detail?annoId=1225464862,2026-08-25 21:41:58
001258,20260807,20260810,2026年半年度报告,,0,https://www.cninfo.com.cn/new/disclosure/detail?annoId=1225464861,2026-08-25 21:41:58
001258,20260807,20260810,2026年半年度报告摘要,,0,https://www.cninfo.com.cn/new/disclosure/detail?annoId=1225464860,2026-08-25 21:41:58
001258,20260807,20260811,申万宏源证券承销保荐有限责任公司关于新疆立新能源股份有限公司向特定对象发行股票并在主板上市之发行保荐书,,0,https://www.cninfo.com.cn/new/disclosure/detail?annoId=1225466554,2026-08-25 21:41:58
001258,20260807,20260811,新疆立新能源股份有限公司2023年度向特定对象发行股票并在主板上市募集说明书（注册稿）,,0,https://www.cninfo.com.cn/new/disclosure/detail?annoId=1225466553,2026-08-25 21:41:58
001258,20260807,20260811,新疆立新能源股份有限公司关于向特定对象发行股票募集说明书（注册稿）等申请文件更新的提示性公告,,0,https://www.cninfo.com.cn/new/disclosure/detail?annoId=1225466552,2026-08-25 21:41:58
001258,20260807,20260812,新疆立新能源股份有限公司股票交易异常波动的公告,,2,https://www.cninfo.com.cn/new/disclosure/detail?annoId=1225468625,2026-08-25 21:41:58
001258,20260819,20260716,新疆立新能源股份有限公司关于公开发行公司债券更名的公告,,0,https://www.cninfo.com.cn/new/disclosure/detail?annoId=1225428631,2026-08-26 10:40:29
001258,20260819,20260716,新疆立新能源股份有限公司2026年面向专业投资者公开发行科技创新低碳转型挂钩公司债券（第一期）发行前独立评估认证报告,,0,https://www.cninfo.com.cn/new/disclosure/detail?annoId=1225428623,2026-08-26 10:40:29
001258,20260819,20260717,新疆立新能源股份有限公司2026年面向专业投资者公开科技创新低碳转型挂钩公司债券（第一期）票面利率公告,,0,https://www.cninfo.com.cn/new/disclosure/detail?annoId=1225431006,2026-08-26 10:40:29
001258,20260819,20260717,关于延长新疆立新能源股份有限公司2026年面向专业投资者公开发行科技创新低碳转型挂钩公司债券（第一期）簿记建档时间的公告,,0,https://www.cninfo.com.cn/new/disclosure/detail?annoId=1225429880,2026-08-26 10:40:29
001258,20260819,20260718,新疆立新能源股份有限公司股票交易异常波动公告,,2,https://www.cninfo.com.cn/new/disclosure/detail?annoId=1225430917,2026-08-26 10:40:29
001258,20260819,20260721,新疆立新能源股份有限公司2026年面向专业投资者公开发行科技创新低碳转型挂钩公司债券（第一期）发行结果公告,,0,https://www.cninfo.com.cn/new/disclosure/detail?annoId=1225435231,2026-08-26 10:40:29
001258,20260819,20260723,新疆立新能源股份有限公司股票交易异常波动公告,,2,https://www.cninfo.com.cn/new/disclosure/detail?annoId=1225437813,2026-08-26 10:40:29
001258,20260819,20260727,新疆立新能源股份有限公司股票交易异常波动暨严重异常波动的公告,,3,https://www.cninfo.com.cn/new/disclosure/detail?annoId=1225441260,2026-08-26 10:40:29
001258,20260819,20260728,新疆立新能源股份有限公司2026年面向专业投资者公开发行碳中和绿色科技创新公司债券（第一期）在深圳证券交易所上市的公告,,0,https://www.cninfo.com.cn/new/disclosure/detail?annoId=1225445727,2026-08-26 10:40:29
001258,20260819,20260807,国浩律师（乌鲁木齐）事务所关于新疆立新能源股份有限公司2026年第二次临时股东会见证之法律意见书,,0,https://www.cninfo.com.cn/new/disclosure/detail?annoId=1225462292,2026-08-26 10:40:29
001258,20260819,20260807,新疆立新能源股份有限公司2026年第二次临时股东会决议公告,,0,https://www.cninfo.com.cn/new/disclosure/detail?annoId=1225462291,2026-08-26 10:40:29
001258,20260819,20260810,新疆立新能源股份有限公司关于2026年半年度计提信用减值准备的公告,,0,https://www.cninfo.com.cn/new/disclosure/detail?annoId=1225464864,2026-08-26 10:40:29
001258,20260819,20260810,新疆立新能源股份有限公司第二届董事会第二十八次会议决议公告,,0,https://www.cninfo.com.cn/new/disclosure/detail?annoId=1225464863,2026-08-26 10:40:29
001258,20260819,20260810,新疆立新能源股份有限公司2026年半年度非经营性资金占用及其他关联资金往来情况汇总表,,0,https://www.cninfo.com.cn/new/disclosure/detail?annoId=1225464862,2026-08-26 10:40:29
001258,20260819,20260810,2026年半年度报告,,0,https://www.cninfo.com.cn/new/disclosure/detail?annoId=1225464861,2026-08-26 10:40:29
001258,20260819,20260810,2026年半年度报告摘要,,0,https://www.cninfo.com.cn/new/disclosure/detail?annoId=1225464860,2026-08-26 10:40:29
001258,20260819,20260811,申万宏源证券承销保荐有限责任公司关于新疆立新能源股份有限公司向特定对象发行股票并在主板上市之发行保荐书,,0,https://www.cninfo.com.cn/new/disclosure/detail?annoId=1225466554,2026-08-26 10:40:29
001258,20260819,20260811,新疆立新能源股份有限公司2023年度向特定对象发行股票并在主板上市募集说明书（注册稿）,,0,https://www.cninfo.com.cn/new/disclosure/detail?annoId=1225466553,2026-08-26 10:40:29
001258,20260819,20260811,新疆立新能源股份有限公司关于向特定对象发行股票募集说明书（注册稿）等申请文件更新的提示性公告,,0,https://www.cninfo.com.cn/new/disclosure/detail?annoId=1225466552,2026-08-26 10:40:29
001258,20260819,20260812,新疆立新能源股份有限公司股票交易异常波动的公告,,2,https://www.cninfo.com.cn/new/disclosure/detail?annoId=1225468625,2026-08-26 10:40:29
001258,20260821,20260716,新疆立新能源股份有限公司关于公开发行公司债券更名的公告,,0,https://www.cninfo.com.cn/new/disclosure/detail?annoId=1225428631,2026-08-25 10:07:17
001258,20260821,20260716,新疆立新能源股份有限公司2026年面向专业投资者公开发行科技创新低碳转型挂钩公司债券（第一期）发行前独立评估认证报告,,0,https://www.cninfo.com.cn/new/disclosure/detail?annoId=1225428623,2026-08-25 10:07:17
001258,20260821,20260717,新疆立新能源股份有限公司2026年面向专业投资者公开科技创新低碳转型挂钩公司债券（第一期）票面利率公告,,0,https://www.cninfo.com.cn/new/disclosure/detail?annoId=1225431006,2026-08-25 10:07:17
001258,20260821,20260717,关于延长新疆立新能源股份有限公司2026年面向专业投资者公开发行科技创新低碳转型挂钩公司债券（第一期）簿记建档时间的公告,,0,https://www.cninfo.com.cn/new/disclosure/detail?annoId=1225429880,2026-08-25 10:07:17
001258,20260821,20260718,新疆立新能源股份有限公司股票交易异常波动公告,,2,https://www.cninfo.com.cn/new/disclosure/detail?annoId=1225430917,2026-08-25 10:07:17
001258,20260821,20260721,新疆立新能源股份有限公司2026年面向专业投资者公开发行科技创新低碳转型挂钩公司债券（第一期）发行结果公告,,0,https://www.cninfo.com.cn/new/disclosure/detail?annoId=1225435231,2026-08-25 10:07:17
001258,20260821,20260723,新疆立新能源股份有限公司股票交易异常波动公告,,2,https://www.cninfo.com.cn/new/disclosure/detail?annoId=1225437813,2026-08-25 10:07:17
001258,20260821,20260727,新疆立新能源股份有限公司股票交易异常波动暨严重异常波动的公告,,3,https://www.cninfo.com.cn/new/disclosure/detail?annoId=1225441260,2026-08-25 10:07:17
001258,20260821,20260728,新疆立新能源股份有限公司2026年面向专业投资者公开发行碳中和绿色科技创新公司债券（第一期）在深圳证券交易所上市的公告,,0,https://www.cninfo.com.cn/new/disclosure/detail?annoId=1225445727,2026-08-25 10:07:17
001258,20260821,20260807,国浩律师（乌鲁木齐）事务所关于新疆立新能源股份有限公司2026年第二次临时股东会见证之法律意见书,,0,https://www.cninfo.com.cn/new/disclosure/detail?annoId=1225462292,2026-08-25 10:07:17
001258,20260821,20260807,新疆立新能源股份有限公司2026年第二次临时股东会决议公告,,0,https://www.cninfo.com.cn/new/disclosure/detail?annoId=1225462291,2026-08-25 10:07:17
001258,20260821,20260810,新疆立新能源股份有限公司关于2026年半年度计提信用减值准备的公告,,0,https://www.cninfo.com.cn/new/disclosure/detail?annoId=1225464864,2026-08-25 10:07:17
001258,20260821,20260810,新疆立新能源股份有限公司第二届董事会第二十八次会议决议公告,,0,https://www.cninfo.com.cn/new/disclosure/detail?annoId=1225464863,2026-08-25 10:07:17
001258,20260821,20260810,新疆立新能源股份有限公司2026年半年度非经营性资金占用及其他关联资金往来情况汇总表,,0,https://www.cninfo.com.cn/new/disclosure/detail?annoId=1225464862,2026-08-25 10:07:17
001258,20260821,20260810,2026年半年度报告,,0,https://www.cninfo.com.cn/new/disclosure/detail?annoId=1225464861,2026-08-25 10:07:17
001258,20260821,20260810,2026年半年度报告摘要,,0,https://www.cninfo.com.cn/new/disclosure/detail?annoId=1225464860,2026-08-25 10:07:17
001258,20260821,20260811,申万宏源证券承销保荐有限责任公司关于新疆立新能源股份有限公司向特定对象发行股票并在主板上市之发行保荐书,,0,https://www.cninfo.com.cn/new/disclosure/detail?annoId=1225466554,2026-08-25 10:07:17
001258,20260821,20260811,新疆立新能源股份有限公司2023年度向特定对象发行股票并在主板上市募集说明书（注册稿）,,0,https://www.cninfo.com.cn/new/disclosure/detail?annoId=1225466553,2026-08-25 10:07:17
001258,20260821,20260811,新疆立新能源股份有限公司关于向特定对象发行股票募集说明书（注册稿）等申请文件更新的提示性公告,,0,https://www.cninfo.com.cn/new/disclosure/detail?annoId=1225466552,2026-08-25 10:07:17
001258,20260821,20260812,新疆立新能源股份有限公司股票交易异常波动的公告,,2,https://www.cninfo.com.cn/new/disclosure/detail?annoId=1225468625,2026-08-25 10:07:17
001258,20260824,20260716,新疆立新能源股份有限公司关于公开发行公司债券更名的公告,,0,https://www.cninfo.com.cn/new/disclosure/detail?annoId=1225428631,2026-08-25 10:15:20
001258,20260824,20260716,新疆立新能源股份有限公司2026年面向专业投资者公开发行科技创新低碳转型挂钩公司债券（第一期）发行前独立评估认证报告,,0,https://www.cninfo.com.cn/new/disclosure/detail?annoId=1225428623,2026-08-25 10:15:20
001258,20260824,20260717,新疆立新能源股份有限公司2026年面向专业投资者公开科技创新低碳转型挂钩公司债券（第一期）票面利率公告,,0,https://www.cninfo.com.cn/new/disclosure/detail?annoId=1225431006,2026-08-25 10:15:20
001258,20260824,20260717,关于延长新疆立新能源股份有限公司2026年面向专业投资者公开发行科技创新低碳转型挂钩公司债券（第一期）簿记建档时间的公告,,0,https://www.cninfo.com.cn/new/disclosure/detail?annoId=1225429880,2026-08-25 10:15:20
001258,20260824,20260718,新疆立新能源股份有限公司股票交易异常波动公告,,2,https://www.cninfo.com.cn/new/disclosure/detail?annoId=1225430917,2026-08-25 10:15:20
001258,20260824,20260721,新疆立新能源股份有限公司2026年面向专业投资者公开发行科技创新低碳转型挂钩公司债券（第一期）发行结果公告,,0,https://www.cninfo.com.cn/new/disclosure/detail?annoId=1225435231,2026-08-25 10:15:20
001258,20260824,20260723,新疆立新能源股份有限公司股票交易异常波动公告,,2,https://www.cninfo.com.cn/new/disclosure/detail?annoId=1225437813,2026-08-25 10:15:20
001258,20260824,20260727,新疆立新能源股份有限公司股票交易异常波动暨严重异常波动的公告,,3,https://www.cninfo.com.cn/new/disclosure/detail?annoId=1225441260,2026-08-25 10:15:20
001258,20260824,20260728,新疆立新能源股份有限公司2026年面向专业投资者公开发行碳中和绿色科技创新公司债券（第一期）在深圳证券交易所上市的公告,,0,https://www.cninfo.com.cn/new/disclosure/detail?annoId=1225445727,2026-08-25 10:15:20
001258,20260824,20260807,国浩律师（乌鲁木齐）事务所关于新疆立新能源股份有限公司2026年第二次临时股东会见证之法律意见书,,0,https://www.cninfo.com.cn/new/disclosure/detail?annoId=1225462292,2026-08-25 10:15:20
001258,20260824,20260807,新疆立新能源股份有限公司2026年第二次临时股东会决议公告,,0,https://www.cninfo.com.cn/new/disclosure/detail?annoId=1225462291,2026-08-25 10:15:20
001258,20260824,20260810,新疆立新能源股份有限公司关于2026年半年度计提信用减值准备的公告,,0,https://www.cninfo.com.cn/new/disclosure/detail?annoId=1225464864,2026-08-25 10:15:20
001258,20260824,20260810,新疆立新能源股份有限公司第二届董事会第二十八次会议决议公告,,0,https://www.cninfo.com.cn/new/disclosure/detail?annoId=1225464863,2026-08-25 10:15:20
001258,20260824,20260810,新疆立新能源股份有限公司2026年半年度非经营性资金占用及其他关联资金往来情况汇总表,,0,https://www.cninfo.com.cn/new/disclosure/detail?annoId=1225464862,2026-08-25 10:15:20
001258,20260824,20260810,2026年半年度报告,,0,https://www.cninfo.com.cn/new/disclosure/detail?annoId=1225464861,2026-08-25 10:15:20
001258,20260824,20260810,2026年半年度报告摘要,,0,https://www.cninfo.com.cn/new/disclosure/detail?annoId=1225464860,2026-08-25 10:15:20
001258,20260824,20260811,申万宏源证券承销保荐有限责任公司关于新疆立新能源股份有限公司向特定对象发行股票并在主板上市之发行保荐书,,0,https://www.cninfo.com.cn/new/disclosure/detail?annoId=1225466554,2026-08-25 10:15:20
001258,20260824,20260811,新疆立新能源股份有限公司2023年度向特定对象发行股票并在主板上市募集说明书（注册稿）,,0,https://www.cninfo.com.cn/new/disclosure/detail?annoId=1225466553,2026-08-25 10:15:20
001258,20260824,20260811,新疆立新能源股份有限公司关于向特定对象发行股票募集说明书（注册稿）等申请文件更新的提示性公告,,0,https://www.cninfo.com.cn/new/disclosure/detail?annoId=1225466552,2026-08-25 10:15:20
001258,20260824,20260812,新疆立新能源股份有限公司股票交易异常波动的公告,,2,https://www.cninfo.com.cn/new/disclosure/detail?annoId=1225468625,2026-08-25 10:15:20
001258,20260825,20260716,新疆立新能源股份有限公司关于公开发行公司债券更名的公告,,0,https://www.cninfo.com.cn/new/disclosure/detail?annoId=1225428631,2026-08-25 19:57:38
001258,20260825,20260716,新疆立新能源股份有限公司2026年面向专业投资者公开发行科技创新低碳转型挂钩公司债券（第一期）发行前独立评估认证报告,,0,https://www.cninfo.com.cn/new/disclosure/detail?annoId=1225428623,2026-08-25 19:57:38
001258,20260825,20260717,新疆立新能源股份有限公司2026年面向专业投资者公开科技创新低碳转型挂钩公司债券（第一期）票面利率公告,,0,https://www.cninfo.com.cn/new/disclosure/detail?annoId=1225431006,2026-08-25 19:57:38
001258,20260825,20260717,关于延长新疆立新能源股份有限公司2026年面向专业投资者公开发行科技创新低碳转型挂钩公司债券（第一期）簿记建档时间的公告,,0,https://www.cninfo.com.cn/new/disclosure/detail?annoId=1225429880,2026-08-25 19:57:38
001258,20260825,20260718,新疆立新能源股份有限公司股票交易异常波动公告,,2,https://www.cninfo.com.cn/new/disclosure/detail?annoId=1225430917,2026-08-25 19:57:38
001258,20260825,20260721,新疆立新能源股份有限公司2026年面向专业投资者公开发行科技创新低碳转型挂钩公司债券（第一期）发行结果公告,,0,https://www.cninfo.com.cn/new/disclosure/detail?annoId=1225435231,2026-08-25 19:57:38
001258,20260825,20260723,新疆立新能源股份有限公司股票交易异常波动公告,,2,https://www.cninfo.com.cn/new/disclosure/detail?annoId=1225437813,2026-08-25 19:57:38
001258,20260825,20260727,新疆立新能源股份有限公司股票交易异常波动暨严重异常波动的公告,,3,https://www.cninfo.com.cn/new/disclosure/detail?annoId=1225441260,2026-08-25 19:57:38
001258,20260825,20260728,新疆立新能源股份有限公司2026年面向专业投资者公开发行碳中和绿色科技创新公司债券（第一期）在深圳证券交易所上市的公告,,0,https://www.cninfo.com.cn/new/disclosure/detail?annoId=1225445727,2026-08-25 19:57:38
001258,20260825,20260807,国浩律师（乌鲁木齐）事务所关于新疆立新能源股份有限公司2026年第二次临时股东会见证之法律意见书,,0,https://www.cninfo.com.cn/new/disclosure/detail?annoId=1225462292,2026-08-25 19:57:38
001258,20260825,20260807,新疆立新能源股份有限公司2026年第二次临时股东会决议公告,,0,https://www.cninfo.com.cn/new/disclosure/detail?annoId=1225462291,2026-08-25 19:57:38
001258,20260825,20260810,新疆立新能源股份有限公司关于2026年半年度计提信用减值准备的公告,,0,https://www.cninfo.com.cn/new/disclosure/detail?annoId=1225464864,2026-08-25 19:57:38
001258,20260825,20260810,新疆立新能源股份有限公司第二届董事会第二十八次会议决议公告,,0,https://www.cninfo.com.cn/new/disclosure/detail?annoId=1225464863,2026-08-25 19:57:38
001258,20260825,20260810,新疆立新能源股份有限公司2026年半年度非经营性资金占用及其他关联资金往来情况汇总表,,0,https://www.cninfo.com.cn/new/disclosure/detail?annoId=1225464862,2026-08-25 19:57:38
001258,20260825,20260810,2026年半年度报告,,0,https://www.cninfo.com.cn/new/disclosure/detail?annoId=1225464861,2026-08-25 19:57:38
001258,20260825,20260810,2026年半年度报告摘要,,0,https://www.cninfo.com.cn/new/disclosure/detail?annoId=1225464860,2026-08-25 19:57:38
001258,20260825,20260811,申万宏源证券承销保荐有限责任公司关于新疆立新能源股份有限公司向特定对象发行股票并在主板上市之发行保荐书,,0,https://www.cninfo.com.cn/new/disclosure/detail?annoId=1225466554,2026-08-25 19:57:38
001258,20260825,20260811,新疆立新能源股份有限公司2023年度向特定对象发行股票并在主板上市募集说明书（注册稿）,,0,https://www.cninfo.com.cn/new/disclosure/detail?annoId=1225466553,2026-08-25 19:57:38
001258,20260825,20260811,新疆立新能源股份有限公司关于向特定对象发行股票募集说明书（注册稿）等申请文件更新的提示性公告,,0,https://www.cninfo.com.cn/new/disclosure/detail?annoId=1225466552,2026-08-25 19:57:38
001258,20260825,20260812,新疆立新能源股份有限公司股票交易异常波动的公告,,2,https://www.cninfo.com.cn/new/disclosure/detail?annoId=1225468625,2026-08-25 19:57:38
001258,20260826,20260716,新疆立新能源股份有限公司关于公开发行公司债券更名的公告,,0,https://www.cninfo.com.cn/new/disclosure/detail?annoId=1225428631,2026-08-27 00:11:25
001258,20260826,20260716,新疆立新能源股份有限公司2026年面向专业投资者公开发行科技创新低碳转型挂钩公司债券（第一期）发行前独立评估认证报告,,0,https://www.cninfo.com.cn/new/disclosure/detail?annoId=1225428623,2026-08-27 00:11:25
001258,20260826,20260717,新疆立新能源股份有限公司2026年面向专业投资者公开科技创新低碳转型挂钩公司债券（第一期）票面利率公告,,0,https://www.cninfo.com.cn/new/disclosure/detail?annoId=1225431006,2026-08-27 00:11:25
001258,20260826,20260717,关于延长新疆立新能源股份有限公司2026年面向专业投资者公开发行科技创新低碳转型挂钩公司债券（第一期）簿记建档时间的公告,,0,https://www.cninfo.com.cn/new/disclosure/detail?annoId=1225429880,2026-08-27 00:11:25
001258,20260826,20260718,新疆立新能源股份有限公司股票交易异常波动公告,,2,https://www.cninfo.com.cn/new/disclosure/detail?annoId=1225430917,2026-08-27 00:11:25
001258,20260826,20260721,新疆立新能源股份有限公司2026年面向专业投资者公开发行科技创新低碳转型挂钩公司债券（第一期）发行结果公告,,0,https://www.cninfo.com.cn/new/disclosure/detail?annoId=1225435231,2026-08-27 00:11:25
001258,20260826,20260723,新疆立新能源股份有限公司股票交易异常波动公告,,2,https://www.cninfo.com.cn/new/disclosure/detail?annoId=1225437813,2026-08-27 00:11:25
001258,20260826,20260727,新疆立新能源股份有限公司股票交易异常波动暨严重异常波动的公告,,3,https://www.cninfo.com.cn/new/disclosure/detail?annoId=1225441260,2026-08-27 00:11:25
001258,20260826,20260728,新疆立新能源股份有限公司2026年面向专业投资者公开发行碳中和绿色科技创新公司债券（第一期）在深圳证券交易所上市的公告,,0,https://www.cninfo.com.cn/new/disclosure/detail?annoId=1225445727,2026-08-27 00:11:25
001258,20260826,20260807,国浩律师（乌鲁木齐）事务所关于新疆立新能源股份有限公司2026年第二次临时股东会见证之法律意见书,,0,https://www.cninfo.com.cn/new/disclosure/detail?annoId=1225462292,2026-08-27 00:11:25
001258,20260826,20260807,新疆立新能源股份有限公司2026年第二次临时股东会决议公告,,0,https://www.cninfo.com.cn/new/disclosure/detail?annoId=1225462291,2026-08-27 00:11:25
001258,20260826,20260810,新疆立新能源股份有限公司关于2026年半年度计提信用减值准备的公告,,0,https://www.cninfo.com.cn/new/disclosure/detail?annoId=1225464864,2026-08-27 00:11:25
001258,20260826,20260810,新疆立新能源股份有限公司第二届董事会第二十八次会议决议公告,,0,https://www.cninfo.com.cn/new/disclosure/detail?annoId=1225464863,2026-08-27 00:11:25
001258,20260826,20260810,新疆立新能源股份有限公司2026年半年度非经营性资金占用及其他关联资金往来情况汇总表,,0,https://www.cninfo.com.cn/new/disclosure/detail?annoId=1225464862,2026-08-27 00:11:25
001258,20260826,20260810,2026年半年度报告,,0,https://www.cninfo.com.cn/new/disclosure/detail?annoId=1225464861,2026-08-27 00:11:25
001258,20260826,20260810,2026年半年度报告摘要,,0,https://www.cninfo.com.cn/new/disclosure/detail?annoId=1225464860,2026-08-27 00:11:25
001258,20260826,20260811,申万宏源证券承销保荐有限责任公司关于新疆立新能源股份有限公司向特定对象发行股票并在主板上市之发行保荐书,,0,https://www.cninfo.com.cn/new/disclosure/detail?annoId=1225466554,2026-08-27 00:11:25
001258,20260826,20260811,新疆立新能源股份有限公司2023年度向特定对象发行股票并在主板上市募集说明书（注册稿）,,0,https://www.cninfo.com.cn/new/disclosure/detail?annoId=1225466553,2026-08-27 00:11:25
001258,20260826,20260811,新疆立新能源股份有限公司关于向特定对象发行股票募集说明书（注册稿）等申请文件更新的提示性公告,,0,https://www.cninfo.com.cn/new/disclosure/detail?annoId=1225466552,2026-08-27 00:11:25
001258,20260826,20260812,新疆立新能源股份有限公司股票交易异常波动的公告,,2,https://www.cninfo.com.cn/new/disclosure/detail?annoId=1225468625,2026-08-27 00:11:25
001258,20260827,20260716,新疆立新能源股份有限公司关于公开发行公司债券更名的公告,,0,https://www.cninfo.com.cn/new/disclosure/detail?annoId=1225428631,2026-08-27 21:27:22
001258,20260827,20260716,新疆立新能源股份有限公司2026年面向专业投资者公开发行科技创新低碳转型挂钩公司债券（第一期）发行前独立评估认证报告,,0,https://www.cninfo.com.cn/new/disclosure/detail?annoId=1225428623,2026-08-27 21:27:22
001258,20260827,20260717,新疆立新能源股份有限公司2026年面向专业投资者公开科技创新低碳转型挂钩公司债券（第一期）票面利率公告,,0,https://www.cninfo.com.cn/new/disclosure/detail?annoId=1225431006,2026-08-27 21:27:22
001258,20260827,20260717,关于延长新疆立新能源股份有限公司2026年面向专业投资者公开发行科技创新低碳转型挂钩公司债券（第一期）簿记建档时间的公告,,0,https://www.cninfo.com.cn/new/disclosure/detail?annoId=1225429880,2026-08-27 21:27:22
001258,20260827,20260718,新疆立新能源股份有限公司股票交易异常波动公告,,2,https://www.cninfo.com.cn/new/disclosure/detail?annoId=1225430917,2026-08-27 21:27:22
001258,20260827,20260721,新疆立新能源股份有限公司2026年面向专业投资者公开发行科技创新低碳转型挂钩公司债券（第一期）发行结果公告,,0,https://www.cninfo.com.cn/new/disclosure/detail?annoId=1225435231,2026-08-27 21:27:22
001258,20260827,20260723,新疆立新能源股份有限公司股票交易异常波动公告,,2,https://www.cninfo.com.cn/new/disclosure/detail?annoId=1225437813,2026-08-27 21:27:22
001258,20260827,20260727,新疆立新能源股份有限公司股票交易异常波动暨严重异常波动的公告,,3,https://www.cninfo.com.cn/new/disclosure/detail?annoId=1225441260,2026-08-27 21:27:22
001258,20260827,20260728,新疆立新能源股份有限公司2026年面向专业投资者公开发行碳中和绿色科技创新公司债券（第一期）在深圳证券交易所上市的公告,,0,https://www.cninfo.com.cn/new/disclosure/detail?annoId=1225445727,2026-08-27 21:27:22
001258,20260827,20260807,国浩律师（乌鲁木齐）事务所关于新疆立新能源股份有限公司2026年第二次临时股东会见证之法律意见书,,0,https://www.cninfo.com.cn/new/disclosure/detail?annoId=1225462292,2026-08-27 21:27:22
001258,20260827,20260807,新疆立新能源股份有限公司2026年第二次临时股东会决议公告,,0,https://www.cninfo.com.cn/new/disclosure/detail?annoId=1225462291,2026-08-27 21:27:22
001258,20260827,20260810,新疆立新能源股份有限公司关于2026年半年度计提信用减值准备的公告,,0,https://www.cninfo.com.cn/new/disclosure/detail?annoId=1225464864,2026-08-27 21:27:22
001258,20260827,20260810,新疆立新能源股份有限公司第二届董事会第二十八次会议决议公告,,0,https://www.cninfo.com.cn/new/disclosure/detail?annoId=1225464863,2026-08-27 21:27:22
001258,20260827,20260810,新疆立新能源股份有限公司2026年半年度非经营性资金占用及其他关联资金往来情况汇总表,,0,https://www.cninfo.com.cn/new/disclosure/detail?annoId=1225464862,2026-08-27 21:27:22
001258,20260827,20260810,2026年半年度报告,,0,https://www.cninfo.com.cn/new/disclosure/detail?annoId=1225464861,2026-08-27 21:27:22
001258,20260827,20260810,2026年半年度报告摘要,,0,https://www.cninfo.com.cn/new/disclosure/detail?annoId=1225464860,2026-08-27 21:27:22
001258,20260827,20260811,申万宏源证券承销保荐有限责任公司关于新疆立新能源股份有限公司向特定对象发行股票并在主板上市之发行保荐书,,0,https://www.cninfo.com.cn/new/disclosure/detail?annoId=1225466554,2026-08-27 21:27:22
001258,20260827,20260811,新疆立新能源股份有限公司2023年度向特定对象发行股票并在主板上市募集说明书（注册稿）,,0,https://www.cninfo.com.cn/new/disclosure/detail?annoId=1225466553,2026-08-27 21:27:22
001258,20260827,20260811,新疆立新能源股份有限公司关于向特定对象发行股票募集说明书（注册稿）等申请文件更新的提示性公告,,0,https://www.cninfo.com.cn/new/disclosure/detail?annoId=1225466552,2026-08-27 21:27:22
001258,20260827,20260812,新疆立新能源股份有限公司股票交易异常波动的公告,,2,https://www.cninfo.com.cn/new/disclosure/detail?annoId=1225468625,2026-08-27 21:27:22
001258,20260831,20260716,新疆立新能源股份有限公司关于公开发行公司债券更名的公告,,0,https://www.cninfo.com.cn/new/disclosure/detail?annoId=1225428631,2026-08-31 21:10:23
001258,20260831,20260716,新疆立新能源股份有限公司2026年面向专业投资者公开发行科技创新低碳转型挂钩公司债券（第一期）发行前独立评估认证报告,,0,https://www.cninfo.com.cn/new/disclosure/detail?annoId=1225428623,2026-08-31 21:10:23
001258,20260831,20260717,新疆立新能源股份有限公司2026年面向专业投资者公开科技创新低碳转型挂钩公司债券（第一期）票面利率公告,,0,https://www.cninfo.com.cn/new/disclosure/detail?annoId=1225431006,2026-08-31 21:10:23
001258,20260831,20260717,关于延长新疆立新能源股份有限公司2026年面向专业投资者公开发行科技创新低碳转型挂钩公司债券（第一期）簿记建档时间的公告,,0,https://www.cninfo.com.cn/new/disclosure/detail?annoId=1225429880,2026-08-31 21:10:23
001258,20260831,20260718,新疆立新能源股份有限公司股票交易异常波动公告,,2,https://www.cninfo.com.cn/new/disclosure/detail?annoId=1225430917,2026-08-31 21:10:23
001258,20260831,20260721,新疆立新能源股份有限公司2026年面向专业投资者公开发行科技创新低碳转型挂钩公司债券（第一期）发行结果公告,,0,https://www.cninfo.com.cn/new/disclosure/detail?annoId=1225435231,2026-08-31 21:10:23
001258,20260831,20260723,新疆立新能源股份有限公司股票交易异常波动公告,,2,https://www.cninfo.com.cn/new/disclosure/detail?annoId=1225437813,2026-08-31 21:10:23
001258,20260831,20260727,新疆立新能源股份有限公司股票交易异常波动暨严重异常波动的公告,,3,https://www.cninfo.com.cn/new/disclosure/detail?annoId=1225441260,2026-08-31 21:10:23
001258,20260831,20260728,新疆立新能源股份有限公司2026年面向专业投资者公开发行碳中和绿色科技创新公司债券（第一期）在深圳证券交易所上市的公告,,0,https://www.cninfo.com.cn/new/disclosure/detail?annoId=1225445727,2026-08-31 21:10:23
001258,20260831,20260807,国浩律师（乌鲁木齐）事务所关于新疆立新能源股份有限公司2026年第二次临时股东会见证之法律意见书,,0,https://www.cninfo.com.cn/new/disclosure/detail?annoId=1225462292,2026-08-31 21:10:23
001258,20260831,20260807,新疆立新能源股份有限公司2026年第二次临时股东会决议公告,,0,https://www.cninfo.com.cn/new/disclosure/detail?annoId=1225462291,2026-08-31 21:10:23
001258,20260831,20260810,新疆立新能源股份有限公司关于2026年半年度计提信用减值准备的公告,,0,https://www.cninfo.com.cn/new/disclosure/detail?annoId=1225464864,2026-08-31 21:10:23
001258,20260831,20260810,新疆立新能源股份有限公司第二届董事会第二十八次会议决议公告,,0,https://www.cninfo.com.cn/new/disclosure/detail?annoId=1225464863,2026-08-31 21:10:23
001258,20260831,20260810,新疆立新能源股份有限公司2026年半年度非经营性资金占用及其他关联资金往来情况汇总表,,0,https://www.cninfo.com.cn/new/disclosure/detail?annoId=1225464862,2026-08-31 21:10:23
001258,20260831,20260810,2026年半年度报告,,0,https://www.cninfo.com.cn/new/disclosure/detail?annoId=1225464861,2026-08-31 21:10:23
001258,20260831,20260810,2026年半年度报告摘要,,0,https://www.cninfo.com.cn/new/disclosure/detail?annoId=1225464860,2026-08-31 21:10:23
001258,20260831,20260811,申万宏源证券承销保荐有限责任公司关于新疆立新能源股份有限公司向特定对象发行股票并在主板上市之发行保荐书,,0,https://www.cninfo.com.cn/new/disclosure/detail?annoId=1225466554,2026-08-31 21:10:23
001258,20260831,20260811,新疆立新能源股份有限公司2023年度向特定对象发行股票并在主板上市募集说明书（注册稿）,,0,https://www.cninfo.com.cn/new/disclosure/detail?annoId=1225466553,2026-08-31 21:10:23
001258,20260831,20260811,新疆立新能源股份有限公司关于向特定对象发行股票募集说明书（注册稿）等申请文件更新的提示性公告,,0,https://www.cninfo.com.cn/new/disclosure/detail?annoId=1225466552,2026-08-31 21:10:23
001258,20260831,20260812,新疆立新能源股份有限公司股票交易异常波动的公告,,2,https://www.cninfo.com.cn/new/disclosure/detail?annoId=1225468625,2026-08-31 21:10:23
001388,20260807,20260728,关于部分募集资金专户注销的公告,,0,https://www.cninfo.com.cn/new/disclosure/detail?annoId=1225442575,2026-08-27 20:11:56
001388,20260807,20260808,招商证券股份有限公司关于山东信通电子股份有限公司使用部分闲置募集资金（包括超募资金）进行现金管理的核查意见,,0,https://www.cninfo.com.cn/new/disclosure/detail?annoId=1225464010,2026-08-27 20:11:56
001388,20260807,20260808,关于使用部分闲置募集资金（包括超募资金）进行现金管理的公告,,0,https://www.cninfo.com.cn/new/disclosure/detail?annoId=1225464009,2026-08-27 20:11:56
001388,20260807,20260808,关于对外投资的公告,,0,https://www.cninfo.com.cn/new/disclosure/detail?annoId=1225464008,2026-08-27 20:11:56
001388,20260807,20260808,关于设立全资子公司的公告,,0,https://www.cninfo.com.cn/new/disclosure/detail?annoId=1225463499,2026-08-27 20:11:56
001388,20260807,20260808,公司章程（2026年8月修订）,,0,https://www.cninfo.com.cn/new/disclosure/detail?annoId=1225463498,2026-08-27 20:11:56
001388,20260807,20260808,关于变更注册资本、修订《公司章程》并办理工商变更登记的公告,,0,https://www.cninfo.com.cn/new/disclosure/detail?annoId=1225463497,2026-08-27 20:11:56
001388,20260807,20260808,山东信通电子股份有限公司关于召开2026年第二次临时股东会的通知,,0,https://www.cninfo.com.cn/new/disclosure/detail?annoId=1225463496,2026-08-27 20:11:56
001388,20260807,20260808,第五届董事会第六次会议决议公告,,0,https://www.cninfo.com.cn/new/disclosure/detail?annoId=1225463495,2026-08-27 20:11:56
001388,20260807,20260818,关于全资子公司完成工商注册登记的公告,,0,https://www.cninfo.com.cn/new/disclosure/detail?annoId=1225477037,2026-08-27 20:11:56
001388,20260807,20260822,关于全资子公司完成工商注册登记的公告,,0,https://www.cninfo.com.cn/new/disclosure/detail?annoId=1225490568,2026-08-27 20:11:56
001388,20260807,20260822,关于“质量回报双提升”行动方案的进展公告,,0,https://www.cninfo.com.cn/new/disclosure/detail?annoId=1225490567,2026-08-27 20:11:56
001388,20260807,20260822,关于2026年半年度计提资产减值准备的公告,,0,https://www.cninfo.com.cn/new/disclosure/detail?annoId=1225490566,2026-08-27 20:11:56
001388,20260807,20260822,2026年半年度募集资金存放、管理与使用情况专项报告,,0,https://www.cninfo.com.cn/new/disclosure/detail?annoId=1225490565,2026-08-27 20:11:56
001388,20260807,20260822,第五届董事会第七次会议决议公告,,0,https://www.cninfo.com.cn/new/disclosure/detail?annoId=1225490564,2026-08-27 20:11:56
001388,20260807,20260822,2026年半年度非经营性资金占用及其他关联资金往来情况汇总表,,0,https://www.cninfo.com.cn/new/disclosure/detail?annoId=1225490563,2026-08-27 20:11:56
001388,20260807,20260822,2026年半年度报告,,0,https://www.cninfo.com.cn/new/disclosure/detail?annoId=1225490562,2026-08-27 20:11:56
001388,20260807,20260822,2026年半年度报告摘要,,0,https://www.cninfo.com.cn/new/disclosure/detail?annoId=1225490561,2026-08-27 20:11:56
001388,20260807,20260826,北京市齐致（济南）律师事务所关于山东信通电子股份有限公司2026年第二次临时股东会的法律意见书,,0,https://www.cninfo.com.cn/new/disclosure/detail?annoId=1225502627,2026-08-27 20:11:56
001388,20260807,20260826,2026年第二次临时股东会决议公告,,0,https://www.cninfo.com.cn/new/disclosure/detail?annoId=1225502626,2026-08-27 20:11:56
001388,20260827,20260728,关于部分募集资金专户注销的公告,,0,https://www.cninfo.com.cn/new/disclosure/detail?annoId=1225442575,2026-08-27 21:27:23
001388,20260827,20260808,招商证券股份有限公司关于山东信通电子股份有限公司使用部分闲置募集资金（包括超募资金）进行现金管理的核查意见,,0,https://www.cninfo.com.cn/new/disclosure/detail?annoId=1225464010,2026-08-27 21:27:23
001388,20260827,20260808,关于使用部分闲置募集资金（包括超募资金）进行现金管理的公告,,0,https://www.cninfo.com.cn/new/disclosure/detail?annoId=1225464009,2026-08-27 21:27:23
001388,20260827,20260808,关于对外投资的公告,,0,https://www.cninfo.com.cn/new/disclosure/detail?annoId=1225464008,2026-08-27 21:27:23
001388,20260827,20260808,关于设立全资子公司的公告,,0,https://www.cninfo.com.cn/new/disclosure/detail?annoId=1225463499,2026-08-27 21:27:23
001388,20260827,20260808,公司章程（2026年8月修订）,,0,https://www.cninfo.com.cn/new/disclosure/detail?annoId=1225463498,2026-08-27 21:27:23
001388,20260827,20260808,关于变更注册资本、修订《公司章程》并办理工商变更登记的公告,,0,https://www.cninfo.com.cn/new/disclosure/detail?annoId=1225463497,2026-08-27 21:27:23
001388,20260827,20260808,山东信通电子股份有限公司关于召开2026年第二次临时股东会的通知,,0,https://www.cninfo.com.cn/new/disclosure/detail?annoId=1225463496,2026-08-27 21:27:23
001388,20260827,20260808,第五届董事会第六次会议决议公告,,0,https://www.cninfo.com.cn/new/disclosure/detail?annoId=1225463495,2026-08-27 21:27:23
001388,20260827,20260818,关于全资子公司完成工商注册登记的公告,,0,https://www.cninfo.com.cn/new/disclosure/detail?annoId=1225477037,2026-08-27 21:27:23
001388,20260827,20260822,关于全资子公司完成工商注册登记的公告,,0,https://www.cninfo.com.cn/new/disclosure/detail?annoId=1225490568,2026-08-27 21:27:23
001388,20260827,20260822,关于“质量回报双提升”行动方案的进展公告,,0,https://www.cninfo.com.cn/new/disclosure/detail?annoId=1225490567,2026-08-27 21:27:23
001388,20260827,20260822,关于2026年半年度计提资产减值准备的公告,,0,https://www.cninfo.com.cn/new/disclosure/detail?annoId=1225490566,2026-08-27 21:27:23
001388,20260827,20260822,2026年半年度募集资金存放、管理与使用情况专项报告,,0,https://www.cninfo.com.cn/new/disclosure/detail?annoId=1225490565,2026-08-27 21:27:23
001388,20260827,20260822,第五届董事会第七次会议决议公告,,0,https://www.cninfo.com.cn/new/disclosure/detail?annoId=1225490564,2026-08-27 21:27:23
001388,20260827,20260822,2026年半年度非经营性资金占用及其他关联资金往来情况汇总表,,0,https://www.cninfo.com.cn/new/disclosure/detail?annoId=1225490563,2026-08-27 21:27:23
001388,20260827,20260822,2026年半年度报告,,0,https://www.cninfo.com.cn/new/disclosure/detail?annoId=1225490562,2026-08-27 21:27:23
001388,20260827,20260822,2026年半年度报告摘要,,0,https://www.cninfo.com.cn/new/disclosure/detail?annoId=1225490561,2026-08-27 21:27:23
001388,20260827,20260826,北京市齐致（济南）律师事务所关于山东信通电子股份有限公司2026年第二次临时股东会的法律意见书,,0,https://www.cninfo.com.cn/new/disclosure/detail?annoId=1225502627,2026-08-27 21:27:23
001388,20260827,20260826,2026年第二次临时股东会决议公告,,0,https://www.cninfo.com.cn/new/disclosure/detail?annoId=1225502626,2026-08-27 21:27:23
001388,20260831,20260728,关于部分募集资金专户注销的公告,,0,https://www.cninfo.com.cn/new/disclosure/detail?annoId=1225442575,2026-08-31 21:10:23
001388,20260831,20260808,招商证券股份有限公司关于山东信通电子股份有限公司使用部分闲置募集资金（包括超募资金）进行现金管理的核查意见,,0,https://www.cninfo.com.cn/new/disclosure/detail?annoId=1225464010,2026-08-31 21:10:23
001388,20260831,20260808,关于使用部分闲置募集资金（包括超募资金）进行现金管理的公告,,0,https://www.cninfo.com.cn/new/disclosure/detail?annoId=1225464009,2026-08-31 21:10:23
001388,20260831,20260808,关于对外投资的公告,,0,https://www.cninfo.com.cn/new/disclosure/detail?annoId=1225464008,2026-08-31 21:10:23
001388,20260831,20260808,关于设立全资子公司的公告,,0,https://www.cninfo.com.cn/new/disclosure/detail?annoId=1225463499,2026-08-31 21:10:23
001388,20260831,20260808,公司章程（2026年8月修订）,,0,https://www.cninfo.com.cn/new/disclosure/detail?annoId=1225463498,2026-08-31 21:10:23
001388,20260831,20260808,关于变更注册资本、修订《公司章程》并办理工商变更登记的公告,,0,https://www.cninfo.com.cn/new/disclosure/detail?annoId=1225463497,2026-08-31 21:10:23
001388,20260831,20260808,山东信通电子股份有限公司关于召开2026年第二次临时股东会的通知,,0,https://www.cninfo.com.cn/new/disclosure/detail?annoId=1225463496,2026-08-31 21:10:23
001388,20260831,20260808,第五届董事会第六次会议决议公告,,0,https://www.cninfo.com.cn/new/disclosure/detail?annoId=1225463495,2026-08-31 21:10:23
001388,20260831,20260818,关于全资子公司完成工商注册登记的公告,,0,https://www.cninfo.com.cn/new/disclosure/detail?annoId=1225477037,2026-08-31 21:10:23
001388,20260831,20260822,关于全资子公司完成工商注册登记的公告,,0,https://www.cninfo.com.cn/new/disclosure/detail?annoId=1225490568,2026-08-31 21:10:23
001388,20260831,20260822,关于“质量回报双提升”行动方案的进展公告,,0,https://www.cninfo.com.cn/new/disclosure/detail?annoId=1225490567,2026-08-31 21:10:23
001388,20260831,20260822,关于2026年半年度计提资产减值准备的公告,,0,https://www.cninfo.com.cn/new/disclosure/detail?annoId=1225490566,2026-08-31 21:10:23
001388,20260831,20260822,2026年半年度募集资金存放、管理与使用情况专项报告,,0,https://www.cninfo.com.cn/new/disclosure/detail?annoId=1225490565,2026-08-31 21:10:23
001388,20260831,20260822,第五届董事会第七次会议决议公告,,0,https://www.cninfo.com.cn/new/disclosure/detail?annoId=1225490564,2026-08-31 21:10:23
001388,20260831,20260822,2026年半年度非经营性资金占用及其他关联资金往来情况汇总表,,0,https://www.cninfo.com.cn/new/disclosure/detail?annoId=1225490563,2026-08-31 21:10:23
001388,20260831,20260822,2026年半年度报告,,0,https://www.cninfo.com.cn/new/disclosure/detail?annoId=1225490562,2026-08-31 21:10:23
001388,20260831,20260822,2026年半年度报告摘要,,0,https://www.cninfo.com.cn/new/disclosure/detail?annoId=1225490561,2026-08-31 21:10:23
001388,20260831,20260826,北京市齐致（济南）律师事务所关于山东信通电子股份有限公司2026年第二次临时股东会的法律意见书,,0,https://www.cninfo.com.cn/new/disclosure/detail?annoId=1225502627,2026-08-31 21:10:23
001388,20260831,20260826,2026年第二次临时股东会决议公告,,0,https://www.cninfo.com.cn/new/disclosure/detail?annoId=1225502626,2026-08-31 21:10:23
002081,20260819,20260518,2026年5月18日投资者关系活动记录表,,0,https://www.cninfo.com.cn/new/disclosure/detail?annoId=1225315028,2026-08-26 10:40:30
002081,20260819,20260520,上海秉文律师事务所关于苏州金螳螂建筑装饰股份有限公司2025年年度股东会之法律意见书,,0,https://www.cninfo.com.cn/new/disclosure/detail?annoId=1225318176,2026-08-26 10:40:30
002081,20260819,20260520,2025年年度股东会决议公告,,0,https://www.cninfo.com.cn/new/disclosure/detail?annoId=1225318175,2026-08-26 10:40:30
002081,20260819,20260521,股票交易异常波动公告,,2,https://www.cninfo.com.cn/new/disclosure/detail?annoId=1225321616,2026-08-26 10:40:30
002081,20260819,20260528,关于工程中标的自愿性披露公告,,0,https://www.cninfo.com.cn/new/disclosure/detail?annoId=1225334331,2026-08-26 10:40:30
002081,20260819,20260530,2025年年度权益分派实施公告,,0,https://www.cninfo.com.cn/new/disclosure/detail?annoId=1225339788,2026-08-26 10:40:30
002081,20260819,20260602,股票交易异常波动公告,,2,https://www.cninfo.com.cn/new/disclosure/detail?annoId=1225344507,2026-08-26 10:40:30
002081,20260819,20260603,关于工程中标的自愿性披露公告,,0,https://www.cninfo.com.cn/new/disclosure/detail?annoId=1225347294,2026-08-26 10:40:30
002081,20260819,20260612,关于在子公司之间调剂担保额度的公告,,0,https://www.cninfo.com.cn/new/disclosure/detail?annoId=1225365824,2026-08-26 10:40:30
002081,20260819,20260730,2026年第二季度经营情况简报,,0,https://www.cninfo.com.cn/new/disclosure/detail?annoId=1225447290,2026-08-26 10:40:30
002081,20260819,20260814,股票交易异常波动公告,,2,https://www.cninfo.com.cn/new/disclosure/detail?annoId=1225472492,2026-08-26 10:40:30
002081,20260819,20260819,股票交易异常波动公告,,2,https://www.cninfo.com.cn/new/disclosure/detail?annoId=1225480964,2026-08-26 10:40:30
002081,20260819,20260826,互动易平台信息发布及回复内部审核制度,,0,https://www.cninfo.com.cn/new/disclosure/detail?annoId=1225501665,2026-08-26 10:40:30
002081,20260819,20260826,关于2026年半年度计提资产减值准备及核销资产的公告,,0,https://www.cninfo.com.cn/new/disclosure/detail?annoId=1225501664,2026-08-26 10:40:30
002081,20260819,20260826,关于开展外汇套期保值业务的公告,,0,https://www.cninfo.com.cn/new/disclosure/detail?annoId=1225501663,2026-08-26 10:40:30
002081,20260819,20260826,关于开展外汇套期保值业务的可行性分析报告,,0,https://www.cninfo.com.cn/new/disclosure/detail?annoId=1225501662,2026-08-26 10:40:30
002081,20260819,20260826,第八届董事会第三次会议决议公告,,0,https://www.cninfo.com.cn/new/disclosure/detail?annoId=1225501661,2026-08-26 10:40:30
002081,20260819,20260826,2026年半年度非经营性资金占用及其他关联资金往来情况汇总表,,0,https://www.cninfo.com.cn/new/disclosure/detail?annoId=1225501660,2026-08-26 10:40:30
002081,20260819,20260826,2026年半年度报告,,0,https://www.cninfo.com.cn/new/disclosure/detail?annoId=1225501659,2026-08-26 10:40:30
002081,20260819,20260826,2026年半年度报告摘要,,0,https://www.cninfo.com.cn/new/disclosure/detail?annoId=1225501658,2026-08-26 10:40:30
002081,20260821,20260429,估值提升计划的年度评估报告,,0,https://www.cninfo.com.cn/new/disclosure/detail?annoId=1225243462,2026-08-25 10:07:17
002081,20260821,20260429,关于使用部分闲置自有资金进行现金管理的公告,,0,https://www.cninfo.com.cn/new/disclosure/detail?annoId=1225243461,2026-08-25 10:07:17
002081,20260821,20260430,股票交易异常波动公告,,2,https://www.cninfo.com.cn/new/disclosure/detail?annoId=1225259096,2026-08-25 10:07:17
002081,20260821,20260508,关于2024年员工持股计划第二个锁定期届满的提示性公告,,0,https://www.cninfo.com.cn/new/disclosure/detail?annoId=1225282916,2026-08-25 10:07:17
002081,20260821,20260508,股票交易异常波动公告,,2,https://www.cninfo.com.cn/new/disclosure/detail?annoId=1225282915,2026-08-25 10:07:17
002081,20260821,20260511,关于工程中标的自愿性披露公告,,0,https://www.cninfo.com.cn/new/disclosure/detail?annoId=1225287261,2026-08-25 10:07:17
002081,20260821,20260512,关于举行2025年度网上业绩说明会的公告,,0,https://www.cninfo.com.cn/new/disclosure/detail?annoId=1225291399,2026-08-25 10:07:17
002081,20260821,20260514,关于2024年员工持股计划股票出售完毕暨终止的公告,,0,https://www.cninfo.com.cn/new/disclosure/detail?annoId=1225304022,2026-08-25 10:07:17
002081,20260821,20260518,2026年5月18日投资者关系活动记录表,,0,https://www.cninfo.com.cn/new/disclosure/detail?annoId=1225315028,2026-08-25 10:07:17
002081,20260821,20260520,上海秉文律师事务所关于苏州金螳螂建筑装饰股份有限公司2025年年度股东会之法律意见书,,0,https://www.cninfo.com.cn/new/disclosure/detail?annoId=1225318176,2026-08-25 10:07:17
002081,20260821,20260520,2025年年度股东会决议公告,,0,https://www.cninfo.com.cn/new/disclosure/detail?annoId=1225318175,2026-08-25 10:07:17
002081,20260821,20260521,股票交易异常波动公告,,2,https://www.cninfo.com.cn/new/disclosure/detail?annoId=1225321616,2026-08-25 10:07:17
002081,20260821,20260528,关于工程中标的自愿性披露公告,,0,https://www.cninfo.com.cn/new/disclosure/detail?annoId=1225334331,2026-08-25 10:07:17
002081,20260821,20260530,2025年年度权益分派实施公告,,0,https://www.cninfo.com.cn/new/disclosure/detail?annoId=1225339788,2026-08-25 10:07:17
002081,20260821,20260602,股票交易异常波动公告,,2,https://www.cninfo.com.cn/new/disclosure/detail?annoId=1225344507,2026-08-25 10:07:17
002081,20260821,20260603,关于工程中标的自愿性披露公告,,0,https://www.cninfo.com.cn/new/disclosure/detail?annoId=1225347294,2026-08-25 10:07:17
002081,20260821,20260612,关于在子公司之间调剂担保额度的公告,,0,https://www.cninfo.com.cn/new/disclosure/detail?annoId=1225365824,2026-08-25 10:07:17
002081,20260821,20260730,2026年第二季度经营情况简报,,0,https://www.cninfo.com.cn/new/disclosure/detail?annoId=1225447290,2026-08-25 10:07:17
002081,20260821,20260814,股票交易异常波动公告,,2,https://www.cninfo.com.cn/new/disclosure/detail?annoId=1225472492,2026-08-25 10:07:17
002081,20260821,20260819,股票交易异常波动公告,,2,https://www.cninfo.com.cn/new/disclosure/detail?annoId=1225480964,2026-08-25 10:07:17
002081,20260824,20260429,估值提升计划的年度评估报告,,0,https://www.cninfo.com.cn/new/disclosure/detail?annoId=1225243462,2026-08-25 10:15:21
002081,20260824,20260429,关于使用部分闲置自有资金进行现金管理的公告,,0,https://www.cninfo.com.cn/new/disclosure/detail?annoId=1225243461,2026-08-25 10:15:21
002081,20260824,20260430,股票交易异常波动公告,,2,https://www.cninfo.com.cn/new/disclosure/detail?annoId=1225259096,2026-08-25 10:15:21
002081,20260824,20260508,关于2024年员工持股计划第二个锁定期届满的提示性公告,,0,https://www.cninfo.com.cn/new/disclosure/detail?annoId=1225282916,2026-08-25 10:15:21
002081,20260824,20260508,股票交易异常波动公告,,2,https://www.cninfo.com.cn/new/disclosure/detail?annoId=1225282915,2026-08-25 10:15:21
002081,20260824,20260511,关于工程中标的自愿性披露公告,,0,https://www.cninfo.com.cn/new/disclosure/detail?annoId=1225287261,2026-08-25 10:15:21
002081,20260824,20260512,关于举行2025年度网上业绩说明会的公告,,0,https://www.cninfo.com.cn/new/disclosure/detail?annoId=1225291399,2026-08-25 10:15:21
002081,20260824,20260514,关于2024年员工持股计划股票出售完毕暨终止的公告,,0,https://www.cninfo.com.cn/new/disclosure/detail?annoId=1225304022,2026-08-25 10:15:21
002081,20260824,20260518,2026年5月18日投资者关系活动记录表,,0,https://www.cninfo.com.cn/new/disclosure/detail?annoId=1225315028,2026-08-25 10:15:21
002081,20260824,20260520,上海秉文律师事务所关于苏州金螳螂建筑装饰股份有限公司2025年年度股东会之法律意见书,,0,https://www.cninfo.com.cn/new/disclosure/detail?annoId=1225318176,2026-08-25 10:15:21
002081,20260824,20260520,2025年年度股东会决议公告,,0,https://www.cninfo.com.cn/new/disclosure/detail?annoId=1225318175,2026-08-25 10:15:21
002081,20260824,20260521,股票交易异常波动公告,,2,https://www.cninfo.com.cn/new/disclosure/detail?annoId=1225321616,2026-08-25 10:15:21
002081,20260824,20260528,关于工程中标的自愿性披露公告,,0,https://www.cninfo.com.cn/new/disclosure/detail?annoId=1225334331,2026-08-25 10:15:21
002081,20260824,20260530,2025年年度权益分派实施公告,,0,https://www.cninfo.com.cn/new/disclosure/detail?annoId=1225339788,2026-08-25 10:15:21
002081,20260824,20260602,股票交易异常波动公告,,2,https://www.cninfo.com.cn/new/disclosure/detail?annoId=1225344507,2026-08-25 10:15:21
002081,20260824,20260603,关于工程中标的自愿性披露公告,,0,https://www.cninfo.com.cn/new/disclosure/detail?annoId=1225347294,2026-08-25 10:15:21
002081,20260824,20260612,关于在子公司之间调剂担保额度的公告,,0,https://www.cninfo.com.cn/new/disclosure/detail?annoId=1225365824,2026-08-25 10:15:21
002081,20260824,20260730,2026年第二季度经营情况简报,,0,https://www.cninfo.com.cn/new/disclosure/detail?annoId=1225447290,2026-08-25 10:15:21
002081,20260824,20260814,股票交易异常波动公告,,2,https://www.cninfo.com.cn/new/disclosure/detail?annoId=1225472492,2026-08-25 10:15:21
002081,20260824,20260819,股票交易异常波动公告,,2,https://www.cninfo.com.cn/new/disclosure/detail?annoId=1225480964,2026-08-25 10:15:21
002081,20260825,20260518,2026年5月18日投资者关系活动记录表,,0,https://www.cninfo.com.cn/new/disclosure/detail?annoId=1225315028,2026-08-25 19:57:39
002081,20260825,20260520,上海秉文律师事务所关于苏州金螳螂建筑装饰股份有限公司2025年年度股东会之法律意见书,,0,https://www.cninfo.com.cn/new/disclosure/detail?annoId=1225318176,2026-08-25 19:57:39
002081,20260825,20260520,2025年年度股东会决议公告,,0,https://www.cninfo.com.cn/new/disclosure/detail?annoId=1225318175,2026-08-25 19:57:39
002081,20260825,20260521,股票交易异常波动公告,,2,https://www.cninfo.com.cn/new/disclosure/detail?annoId=1225321616,2026-08-25 19:57:39
002081,20260825,20260528,关于工程中标的自愿性披露公告,,0,https://www.cninfo.com.cn/new/disclosure/detail?annoId=1225334331,2026-08-25 19:57:39
002081,20260825,20260530,2025年年度权益分派实施公告,,0,https://www.cninfo.com.cn/new/disclosure/detail?annoId=1225339788,2026-08-25 19:57:39
002081,20260825,20260602,股票交易异常波动公告,,2,https://www.cninfo.com.cn/new/disclosure/detail?annoId=1225344507,2026-08-25 19:57:39
002081,20260825,20260603,关于工程中标的自愿性披露公告,,0,https://www.cninfo.com.cn/new/disclosure/detail?annoId=1225347294,2026-08-25 19:57:39
002081,20260825,20260612,关于在子公司之间调剂担保额度的公告,,0,https://www.cninfo.com.cn/new/disclosure/detail?annoId=1225365824,2026-08-25 19:57:39
002081,20260825,20260730,2026年第二季度经营情况简报,,0,https://www.cninfo.com.cn/new/disclosure/detail?annoId=1225447290,2026-08-25 19:57:39
002081,20260825,20260814,股票交易异常波动公告,,2,https://www.cninfo.com.cn/new/disclosure/detail?annoId=1225472492,2026-08-25 19:57:39
002081,20260825,20260819,股票交易异常波动公告,,2,https://www.cninfo.com.cn/new/disclosure/detail?annoId=1225480964,2026-08-25 19:57:39
002081,20260825,20260826,互动易平台信息发布及回复内部审核制度,,0,https://www.cninfo.com.cn/new/disclosure/detail?annoId=1225501665,2026-08-25 19:57:39
002081,20260825,20260826,关于2026年半年度计提资产减值准备及核销资产的公告,,0,https://www.cninfo.com.cn/new/disclosure/detail?annoId=1225501664,2026-08-25 19:57:39
002081,20260825,20260826,关于开展外汇套期保值业务的公告,,0,https://www.cninfo.com.cn/new/disclosure/detail?annoId=1225501663,2026-08-25 19:57:39
002081,20260825,20260826,关于开展外汇套期保值业务的可行性分析报告,,0,https://www.cninfo.com.cn/new/disclosure/detail?annoId=1225501662,2026-08-25 19:57:39
002081,20260825,20260826,第八届董事会第三次会议决议公告,,0,https://www.cninfo.com.cn/new/disclosure/detail?annoId=1225501661,2026-08-25 19:57:39
002081,20260825,20260826,2026年半年度非经营性资金占用及其他关联资金往来情况汇总表,,0,https://www.cninfo.com.cn/new/disclosure/detail?annoId=1225501660,2026-08-25 19:57:39
002081,20260825,20260826,2026年半年度报告,,0,https://www.cninfo.com.cn/new/disclosure/detail?annoId=1225501659,2026-08-25 19:57:39
002081,20260825,20260826,2026年半年度报告摘要,,0,https://www.cninfo.com.cn/new/disclosure/detail?annoId=1225501658,2026-08-25 19:57:39
002081,20260826,20260518,2026年5月18日投资者关系活动记录表,,0,https://www.cninfo.com.cn/new/disclosure/detail?annoId=1225315028,2026-08-27 00:11:25
002081,20260826,20260520,上海秉文律师事务所关于苏州金螳螂建筑装饰股份有限公司2025年年度股东会之法律意见书,,0,https://www.cninfo.com.cn/new/disclosure/detail?annoId=1225318176,2026-08-27 00:11:25
002081,20260826,20260520,2025年年度股东会决议公告,,0,https://www.cninfo.com.cn/new/disclosure/detail?annoId=1225318175,2026-08-27 00:11:25
002081,20260826,20260521,股票交易异常波动公告,,2,https://www.cninfo.com.cn/new/disclosure/detail?annoId=1225321616,2026-08-27 00:11:25
002081,20260826,20260528,关于工程中标的自愿性披露公告,,0,https://www.cninfo.com.cn/new/disclosure/detail?annoId=1225334331,2026-08-27 00:11:25
002081,20260826,20260530,2025年年度权益分派实施公告,,0,https://www.cninfo.com.cn/new/disclosure/detail?annoId=1225339788,2026-08-27 00:11:25
002081,20260826,20260602,股票交易异常波动公告,,2,https://www.cninfo.com.cn/new/disclosure/detail?annoId=1225344507,2026-08-27 00:11:25
002081,20260826,20260603,关于工程中标的自愿性披露公告,,0,https://www.cninfo.com.cn/new/disclosure/detail?annoId=1225347294,2026-08-27 00:11:25
002081,20260826,20260612,关于在子公司之间调剂担保额度的公告,,0,https://www.cninfo.com.cn/new/disclosure/detail?annoId=1225365824,2026-08-27 00:11:25
002081,20260826,20260730,2026年第二季度经营情况简报,,0,https://www.cninfo.com.cn/new/disclosure/detail?annoId=1225447290,2026-08-27 00:11:25
002081,20260826,20260814,股票交易异常波动公告,,2,https://www.cninfo.com.cn/new/disclosure/detail?annoId=1225472492,2026-08-27 00:11:25
002081,20260826,20260819,股票交易异常波动公告,,2,https://www.cninfo.com.cn/new/disclosure/detail?annoId=1225480964,2026-08-27 00:11:25
002081,20260826,20260826,互动易平台信息发布及回复内部审核制度,,0,https://www.cninfo.com.cn/new/disclosure/detail?annoId=1225501665,2026-08-27 00:11:25
002081,20260826,20260826,关于2026年半年度计提资产减值准备及核销资产的公告,,0,https://www.cninfo.com.cn/new/disclosure/detail?annoId=1225501664,2026-08-27 00:11:25
002081,20260826,20260826,关于开展外汇套期保值业务的公告,,0,https://www.cninfo.com.cn/new/disclosure/detail?annoId=1225501663,2026-08-27 00:11:25
002081,20260826,20260826,关于开展外汇套期保值业务的可行性分析报告,,0,https://www.cninfo.com.cn/new/disclosure/detail?annoId=1225501662,2026-08-27 00:11:25
002081,20260826,20260826,第八届董事会第三次会议决议公告,,0,https://www.cninfo.com.cn/new/disclosure/detail?annoId=1225501661,2026-08-27 00:11:25
002081,20260826,20260826,2026年半年度非经营性资金占用及其他关联资金往来情况汇总表,,0,https://www.cninfo.com.cn/new/disclosure/detail?annoId=1225501660,2026-08-27 00:11:25
002081,20260826,20260826,2026年半年度报告,,0,https://www.cninfo.com.cn/new/disclosure/detail?annoId=1225501659,2026-08-27 00:11:25
002081,20260826,20260826,2026年半年度报告摘要,,0,https://www.cninfo.com.cn/new/disclosure/detail?annoId=1225501658,2026-08-27 00:11:25
002081,20260827,20260518,2026年5月18日投资者关系活动记录表,,0,https://www.cninfo.com.cn/new/disclosure/detail?annoId=1225315028,2026-08-27 21:27:25
002081,20260827,20260520,上海秉文律师事务所关于苏州金螳螂建筑装饰股份有限公司2025年年度股东会之法律意见书,,0,https://www.cninfo.com.cn/new/disclosure/detail?annoId=1225318176,2026-08-27 21:27:25
002081,20260827,20260520,2025年年度股东会决议公告,,0,https://www.cninfo.com.cn/new/disclosure/detail?annoId=1225318175,2026-08-27 21:27:25
002081,20260827,20260521,股票交易异常波动公告,,2,https://www.cninfo.com.cn/new/disclosure/detail?annoId=1225321616,2026-08-27 21:27:25
002081,20260827,20260528,关于工程中标的自愿性披露公告,,0,https://www.cninfo.com.cn/new/disclosure/detail?annoId=1225334331,2026-08-27 21:27:25
002081,20260827,20260530,2025年年度权益分派实施公告,,0,https://www.cninfo.com.cn/new/disclosure/detail?annoId=1225339788,2026-08-27 21:27:25
002081,20260827,20260602,股票交易异常波动公告,,2,https://www.cninfo.com.cn/new/disclosure/detail?annoId=1225344507,2026-08-27 21:27:25
002081,20260827,20260603,关于工程中标的自愿性披露公告,,0,https://www.cninfo.com.cn/new/disclosure/detail?annoId=1225347294,2026-08-27 21:27:25
002081,20260827,20260612,关于在子公司之间调剂担保额度的公告,,0,https://www.cninfo.com.cn/new/disclosure/detail?annoId=1225365824,2026-08-27 21:27:25
002081,20260827,20260730,2026年第二季度经营情况简报,,0,https://www.cninfo.com.cn/new/disclosure/detail?annoId=1225447290,2026-08-27 21:27:25
002081,20260827,20260814,股票交易异常波动公告,,2,https://www.cninfo.com.cn/new/disclosure/detail?annoId=1225472492,2026-08-27 21:27:25
002081,20260827,20260819,股票交易异常波动公告,,2,https://www.cninfo.com.cn/new/disclosure/detail?annoId=1225480964,2026-08-27 21:27:25
002081,20260827,20260826,互动易平台信息发布及回复内部审核制度,,0,https://www.cninfo.com.cn/new/disclosure/detail?annoId=1225501665,2026-08-27 21:27:25
002081,20260827,20260826,关于2026年半年度计提资产减值准备及核销资产的公告,,0,https://www.cninfo.com.cn/new/disclosure/detail?annoId=1225501664,2026-08-27 21:27:25
002081,20260827,20260826,关于开展外汇套期保值业务的公告,,0,https://www.cninfo.com.cn/new/disclosure/detail?annoId=1225501663,2026-08-27 21:27:25
002081,20260827,20260826,关于开展外汇套期保值业务的可行性分析报告,,0,https://www.cninfo.com.cn/new/disclosure/detail?annoId=1225501662,2026-08-27 21:27:25
002081,20260827,20260826,第八届董事会第三次会议决议公告,,0,https://www.cninfo.com.cn/new/disclosure/detail?annoId=1225501661,2026-08-27 21:27:25
002081,20260827,20260826,2026年半年度非经营性资金占用及其他关联资金往来情况汇总表,,0,https://www.cninfo.com.cn/new/disclosure/detail?annoId=1225501660,2026-08-27 21:27:25
002081,20260827,20260826,2026年半年度报告,,0,https://www.cninfo.com.cn/new/disclosure/detail?annoId=1225501659,2026-08-27 21:27:25
002081,20260827,20260826,2026年半年度报告摘要,,0,https://www.cninfo.com.cn/new/disclosure/detail?annoId=1225501658,2026-08-27 21:27:25
002081,20260831,20260520,上海秉文律师事务所关于苏州金螳螂建筑装饰股份有限公司2025年年度股东会之法律意见书,,0,https://www.cninfo.com.cn/new/disclosure/detail?annoId=1225318176,2026-08-31 21:10:24
002081,20260831,20260520,2025年年度股东会决议公告,,0,https://www.cninfo.com.cn/new/disclosure/detail?annoId=1225318175,2026-08-31 21:10:24
002081,20260831,20260521,股票交易异常波动公告,,2,https://www.cninfo.com.cn/new/disclosure/detail?annoId=1225321616,2026-08-31 21:10:24
002081,20260831,20260528,关于工程中标的自愿性披露公告,,0,https://www.cninfo.com.cn/new/disclosure/detail?annoId=1225334331,2026-08-31 21:10:24
002081,20260831,20260530,2025年年度权益分派实施公告,,0,https://www.cninfo.com.cn/new/disclosure/detail?annoId=1225339788,2026-08-31 21:10:24
002081,20260831,20260602,股票交易异常波动公告,,2,https://www.cninfo.com.cn/new/disclosure/detail?annoId=1225344507,2026-08-31 21:10:24
002081,20260831,20260603,关于工程中标的自愿性披露公告,,0,https://www.cninfo.com.cn/new/disclosure/detail?annoId=1225347294,2026-08-31 21:10:24
002081,20260831,20260612,关于在子公司之间调剂担保额度的公告,,0,https://www.cninfo.com.cn/new/disclosure/detail?annoId=1225365824,2026-08-31 21:10:24
002081,20260831,20260730,2026年第二季度经营情况简报,,0,https://www.cninfo.com.cn/new/disclosure/detail?annoId=1225447290,2026-08-31 21:10:24
002081,20260831,20260814,股票交易异常波动公告,,2,https://www.cninfo.com.cn/new/disclosure/detail?annoId=1225472492,2026-08-31 21:10:24
002081,20260831,20260819,股票交易异常波动公告,,2,https://www.cninfo.com.cn/new/disclosure/detail?annoId=1225480964,2026-08-31 21:10:24
002081,20260831,20260826,互动易平台信息发布及回复内部审核制度,,0,https://www.cninfo.com.cn/new/disclosure/detail?annoId=1225501665,2026-08-31 21:10:24
002081,20260831,20260826,关于2026年半年度计提资产减值准备及核销资产的公告,,0,https://www.cninfo.com.cn/new/disclosure/detail?annoId=1225501664,2026-08-31 21:10:24
002081,20260831,20260826,关于开展外汇套期保值业务的公告,,0,https://www.cninfo.com.cn/new/disclosure/detail?annoId=1225501663,2026-08-31 21:10:24
002081,20260831,20260826,关于开展外汇套期保值业务的可行性分析报告,,0,https://www.cninfo.com.cn/new/disclosure/detail?annoId=1225501662,2026-08-31 21:10:24
002081,20260831,20260826,第八届董事会第三次会议决议公告,,0,https://www.cninfo.com.cn/new/disclosure/detail?annoId=1225501661,2026-08-31 21:10:24
002081,20260831,20260826,2026年半年度非经营性资金占用及其他关联资金往来情况汇总表,,0,https://www.cninfo.com.cn/new/disclosure/detail?annoId=1225501660,2026-08-31 21:10:24
002081,20260831,20260826,2026年半年度报告,,0,https://www.cninfo.com.cn/new/disclosure/detail?annoId=1225501659,2026-08-31 21:10:24
002081,20260831,20260826,2026年半年度报告摘要,,0,https://www.cninfo.com.cn/new/disclosure/detail?annoId=1225501658,2026-08-31 21:10:24
002081,20260831,20260831,关于2026年8月工程项目中标的自愿性披露公告,,0,https://www.cninfo.com.cn/new/disclosure/detail?annoId=1225534915,2026-08-31 21:10:24
002084,20260827,20260522,北京市时代九和律师事务所关于海鸥住工2025年年度股东会的法律意见书,,0,https://www.cninfo.com.cn/new/disclosure/detail?annoId=1225324083,2026-08-27 21:27:25
002084,20260827,20260611,2026年6月11日投资者关系活动记录表,,0,https://www.cninfo.com.cn/new/disclosure/detail?annoId=1225365550,2026-08-27 21:27:25
002084,20260827,20260715,2026年半年度业绩预告,,0,https://www.cninfo.com.cn/new/disclosure/detail?annoId=1225424149,2026-08-27 21:27:25
002084,20260827,20260817,关于筹划公司控制权变更事项的停牌公告,,4,https://www.cninfo.com.cn/new/disclosure/detail?annoId=1225476183,2026-08-27 21:27:25
002084,20260827,20260819,关于筹划公司控制权变更事项进展暨继续停牌的公告,,4,https://www.cninfo.com.cn/new/disclosure/detail?annoId=1225479880,2026-08-27 21:27:25
002084,20260827,20260822,关于控股股东签署《股份转让协议》暨控制权拟发生变更的提示性公告,,0,https://www.cninfo.com.cn/new/disclosure/detail?annoId=1225492874,2026-08-27 21:27:25
002084,20260827,20260822,关于筹划公司控制权变更事项进展暨复牌的公告,,5,https://www.cninfo.com.cn/new/disclosure/detail?annoId=1225492873,2026-08-27 21:27:25
002084,20260827,20260825,关于变更总经理暨选举副董事长、调整审计委员会委员的公告,,0,https://www.cninfo.com.cn/new/disclosure/detail?annoId=1225494794,2026-08-27 21:27:25
002084,20260827,20260825,关于子公司为其子公司提供担保的公告,,0,https://www.cninfo.com.cn/new/disclosure/detail?annoId=1225494793,2026-08-27 21:27:25
002084,20260827,20260825,关于召开2026年第一次临时股东会的通知,,0,https://www.cninfo.com.cn/new/disclosure/detail?annoId=1225494792,2026-08-27 21:27:25
002084,20260827,20260825,第八届董事会第四次会议决议公告,,0,https://www.cninfo.com.cn/new/disclosure/detail?annoId=1225494791,2026-08-27 21:27:25
002084,20260827,20260825,2026年半年度非经营性资金占用及其他关联资金往来情况汇总表,,0,https://www.cninfo.com.cn/new/disclosure/detail?annoId=1225494790,2026-08-27 21:27:25
002084,20260827,20260825,2026年半年度报告,,0,https://www.cninfo.com.cn/new/disclosure/detail?annoId=1225494789,2026-08-27 21:27:25
002084,20260827,20260825,2026年半年度报告摘要,,0,https://www.cninfo.com.cn/new/disclosure/detail?annoId=1225494788,2026-08-27 21:27:25
002084,20260827,20260826,关于披露权益变动报告书的提示性公告,,0,https://www.cninfo.com.cn/new/disclosure/detail?annoId=1225507029,2026-08-27 21:27:25
002084,20260827,20260826,华泰联合证券有限责任公司关于广州海鸥住宅工业股份有限公司详式权益变动报告书之财务顾问核查意见,,0,https://www.cninfo.com.cn/new/disclosure/detail?annoId=1225507028,2026-08-27 21:27:25
002084,20260827,20260826,详式权益变动报告书（博泰车联）,,0,https://www.cninfo.com.cn/new/disclosure/detail?annoId=1225507027,2026-08-27 21:27:25
002084,20260827,20260826,简式权益变动报告书（福清曜鸿）,,0,https://www.cninfo.com.cn/new/disclosure/detail?annoId=1225507026,2026-08-27 21:27:25
002084,20260827,20260826,简式权益变动报告书（中馀投资）,,0,https://www.cninfo.com.cn/new/disclosure/detail?annoId=1225507025,2026-08-27 21:27:25
002084,20260827,20260826,股票交易异常波动公告,,2,https://www.cninfo.com.cn/new/disclosure/detail?annoId=1225507024,2026-08-27 21:27:25
002084,20260831,20260611,2026年6月11日投资者关系活动记录表,,0,https://www.cninfo.com.cn/new/disclosure/detail?annoId=1225365550,2026-08-31 21:10:24
002084,20260831,20260715,2026年半年度业绩预告,,0,https://www.cninfo.com.cn/new/disclosure/detail?annoId=1225424149,2026-08-31 21:10:24
002084,20260831,20260817,关于筹划公司控制权变更事项的停牌公告,,4,https://www.cninfo.com.cn/new/disclosure/detail?annoId=1225476183,2026-08-31 21:10:24
002084,20260831,20260819,关于筹划公司控制权变更事项进展暨继续停牌的公告,,4,https://www.cninfo.com.cn/new/disclosure/detail?annoId=1225479880,2026-08-31 21:10:24
002084,20260831,20260822,关于控股股东签署《股份转让协议》暨控制权拟发生变更的提示性公告,,0,https://www.cninfo.com.cn/new/disclosure/detail?annoId=1225492874,2026-08-31 21:10:24
002084,20260831,20260822,关于筹划公司控制权变更事项进展暨复牌的公告,,5,https://www.cninfo.com.cn/new/disclosure/detail?annoId=1225492873,2026-08-31 21:10:24
002084,20260831,20260825,关于变更总经理暨选举副董事长、调整审计委员会委员的公告,,0,https://www.cninfo.com.cn/new/disclosure/detail?annoId=1225494794,2026-08-31 21:10:24
002084,20260831,20260825,关于子公司为其子公司提供担保的公告,,0,https://www.cninfo.com.cn/new/disclosure/detail?annoId=1225494793,2026-08-31 21:10:24
002084,20260831,20260825,关于召开2026年第一次临时股东会的通知,,0,https://www.cninfo.com.cn/new/disclosure/detail?annoId=1225494792,2026-08-31 21:10:24
002084,20260831,20260825,第八届董事会第四次会议决议公告,,0,https://www.cninfo.com.cn/new/disclosure/detail?annoId=1225494791,2026-08-31 21:10:24
002084,20260831,20260825,2026年半年度非经营性资金占用及其他关联资金往来情况汇总表,,0,https://www.cninfo.com.cn/new/disclosure/detail?annoId=1225494790,2026-08-31 21:10:24
002084,20260831,20260825,2026年半年度报告,,0,https://www.cninfo.com.cn/new/disclosure/detail?annoId=1225494789,2026-08-31 21:10:24
002084,20260831,20260825,2026年半年度报告摘要,,0,https://www.cninfo.com.cn/new/disclosure/detail?annoId=1225494788,2026-08-31 21:10:24
002084,20260831,20260826,关于披露权益变动报告书的提示性公告,,0,https://www.cninfo.com.cn/new/disclosure/detail?annoId=1225507029,2026-08-31 21:10:24
002084,20260831,20260826,华泰联合证券有限责任公司关于广州海鸥住宅工业股份有限公司详式权益变动报告书之财务顾问核查意见,,0,https://www.cninfo.com.cn/new/disclosure/detail?annoId=1225507028,2026-08-31 21:10:24
002084,20260831,20260826,详式权益变动报告书（博泰车联）,,0,https://www.cninfo.com.cn/new/disclosure/detail?annoId=1225507027,2026-08-31 21:10:24
002084,20260831,20260826,简式权益变动报告书（福清曜鸿）,,0,https://www.cninfo.com.cn/new/disclosure/detail?annoId=1225507026,2026-08-31 21:10:24
002084,20260831,20260826,简式权益变动报告书（中馀投资）,,0,https://www.cninfo.com.cn/new/disclosure/detail?annoId=1225507025,2026-08-31 21:10:24
002084,20260831,20260826,股票交易异常波动公告,,2,https://www.cninfo.com.cn/new/disclosure/detail?annoId=1225507024,2026-08-31 21:10:24
002084,20260831,20260829,股票交易异常波动公告,,2,https://www.cninfo.com.cn/new/disclosure/detail?annoId=1225532762,2026-08-31 21:10:24
002172,20260819,20260423,江苏澳洋健康产业股份有限公司关于持股5%以上股东部分股份解除质押和股份质押的公告,,0,https://www.cninfo.com.cn/new/disclosure/detail?annoId=1225148351,2026-08-26 10:40:30
002172,20260819,20260423,江苏澳洋健康产业股份有限公司关于召开2026年第一次临时股东会的通知,,0,https://www.cninfo.com.cn/new/disclosure/detail?annoId=1225148350,2026-08-26 10:40:30
002172,20260819,20260423,江苏澳洋健康产业股份有限公司第十届董事会第三次会议决议公告,,0,https://www.cninfo.com.cn/new/disclosure/detail?annoId=1225148349,2026-08-26 10:40:30
002172,20260819,20260423,江苏澳洋健康产业股份有限公司拟转让阜宁澳洋科技有限责任公司股权所涉及的阜宁澳洋科技有限责任公司股东全部权益价值资产评估报告 银信评报字（2026）第030015号,,0,https://www.cninfo.com.cn/new/disclosure/detail?annoId=1225148348,2026-08-26 10:40:30
002172,20260819,20260423,阜宁澳洋科技有限责任公司清产核资专项审计报告 信会师报字（2026）第ZA10074号,,0,https://www.cninfo.com.cn/new/disclosure/detail?annoId=1225148347,2026-08-26 10:40:30
002172,20260819,20260430,江苏澳洋健康产业股份有限公司关于聘任公司合规总监的公告,,0,https://www.cninfo.com.cn/new/disclosure/detail?annoId=1225255878,2026-08-26 10:40:30
002172,20260819,20260430,江苏澳洋健康产业股份有限公司第十届董事会第四次会议决议公告,,0,https://www.cninfo.com.cn/new/disclosure/detail?annoId=1225255877,2026-08-26 10:40:30
002172,20260819,20260430,2026年一季度报告,,0,https://www.cninfo.com.cn/new/disclosure/detail?annoId=1225255875,2026-08-26 10:40:30
002172,20260819,20260512,东吴证券股份有限公司关于江苏澳洋健康产业股份有限公司详式权益变动报告书之2026年第一季度持续督导意见,,0,https://www.cninfo.com.cn/new/disclosure/detail?annoId=1225291007,2026-08-26 10:40:30
002172,20260819,20260512,江苏澳洋健康产业股份有限公司2026年第一次临时股东会法律意见书,,0,https://www.cninfo.com.cn/new/disclosure/detail?annoId=1225291006,2026-08-26 10:40:30
002172,20260819,20260512,江苏澳洋健康产业股份有限公司2026年第一次临时股东会决议公告,,0,https://www.cninfo.com.cn/new/disclosure/detail?annoId=1225291005,2026-08-26 10:40:30
002172,20260819,20260513,江苏澳洋健康产业股份有限公司关于持股5%以上股东部分股份解除质押和股份质押的公告,,0,https://www.cninfo.com.cn/new/disclosure/detail?annoId=1225300118,2026-08-26 10:40:30
002172,20260819,20260709,江苏澳洋健康产业股份有限公司关于持股5%以上股东部分股份解除质押和股份质押的公告,,0,https://www.cninfo.com.cn/new/disclosure/detail?annoId=1225414928,2026-08-26 10:40:30
002172,20260819,20260814,江苏澳洋健康产业股份有限公司股票交易异常波动公告,,2,https://www.cninfo.com.cn/new/disclosure/detail?annoId=1225472372,2026-08-26 10:40:30
002172,20260819,20260818,江苏澳洋健康产业股份有限公司关于拟变更会计师事务所的公告,,0,https://www.cninfo.com.cn/new/disclosure/detail?annoId=1225477215,2026-08-26 10:40:30
002172,20260819,20260818,江苏澳洋健康产业股份有限公司关于召开2026年第二次临时股东会的通知,,0,https://www.cninfo.com.cn/new/disclosure/detail?annoId=1225477214,2026-08-26 10:40:30
002172,20260819,20260818,江苏澳洋健康产业股份有限公司第十届董事会第五次会议决议公告,,0,https://www.cninfo.com.cn/new/disclosure/detail?annoId=1225477213,2026-08-26 10:40:30
002172,20260819,20260818,江苏澳洋健康产业股份有限公司2026年半年度非经营性资金占用及其他关联资金往来情况汇总表,,0,https://www.cninfo.com.cn/new/disclosure/detail?annoId=1225477212,2026-08-26 10:40:30
002172,20260819,20260818,2026年半年度报告,,0,https://www.cninfo.com.cn/new/disclosure/detail?annoId=1225477211,2026-08-26 10:40:30
002172,20260819,20260818,2026年半年度报告摘要,,0,https://www.cninfo.com.cn/new/disclosure/detail?annoId=1225477210,2026-08-26 10:40:30
002172,20260821,20260423,江苏澳洋健康产业股份有限公司关于持股5%以上股东部分股份解除质押和股份质押的公告,,0,https://www.cninfo.com.cn/new/disclosure/detail?annoId=1225148351,2026-08-25 10:07:17
002172,20260821,20260423,江苏澳洋健康产业股份有限公司关于召开2026年第一次临时股东会的通知,,0,https://www.cninfo.com.cn/new/disclosure/detail?annoId=1225148350,2026-08-25 10:07:17
002172,20260821,20260423,江苏澳洋健康产业股份有限公司第十届董事会第三次会议决议公告,,0,https://www.cninfo.com.cn/new/disclosure/detail?annoId=1225148349,2026-08-25 10:07:17
002172,20260821,20260423,江苏澳洋健康产业股份有限公司拟转让阜宁澳洋科技有限责任公司股权所涉及的阜宁澳洋科技有限责任公司股东全部权益价值资产评估报告 银信评报字（2026）第030015号,,0,https://www.cninfo.com.cn/new/disclosure/detail?annoId=1225148348,2026-08-25 10:07:17
002172,20260821,20260423,阜宁澳洋科技有限责任公司清产核资专项审计报告 信会师报字（2026）第ZA10074号,,0,https://www.cninfo.com.cn/new/disclosure/detail?annoId=1225148347,2026-08-25 10:07:17
002172,20260821,20260430,江苏澳洋健康产业股份有限公司关于聘任公司合规总监的公告,,0,https://www.cninfo.com.cn/new/disclosure/detail?annoId=1225255878,2026-08-25 10:07:17
002172,20260821,20260430,江苏澳洋健康产业股份有限公司第十届董事会第四次会议决议公告,,0,https://www.cninfo.com.cn/new/disclosure/detail?annoId=1225255877,2026-08-25 10:07:17
002172,20260821,20260430,2026年一季度报告,,0,https://www.cninfo.com.cn/new/disclosure/detail?annoId=1225255875,2026-08-25 10:07:17
002172,20260821,20260512,东吴证券股份有限公司关于江苏澳洋健康产业股份有限公司详式权益变动报告书之2026年第一季度持续督导意见,,0,https://www.cninfo.com.cn/new/disclosure/detail?annoId=1225291007,2026-08-25 10:07:17
002172,20260821,20260512,江苏澳洋健康产业股份有限公司2026年第一次临时股东会法律意见书,,0,https://www.cninfo.com.cn/new/disclosure/detail?annoId=1225291006,2026-08-25 10:07:17
002172,20260821,20260512,江苏澳洋健康产业股份有限公司2026年第一次临时股东会决议公告,,0,https://www.cninfo.com.cn/new/disclosure/detail?annoId=1225291005,2026-08-25 10:07:17
002172,20260821,20260513,江苏澳洋健康产业股份有限公司关于持股5%以上股东部分股份解除质押和股份质押的公告,,0,https://www.cninfo.com.cn/new/disclosure/detail?annoId=1225300118,2026-08-25 10:07:17
002172,20260821,20260709,江苏澳洋健康产业股份有限公司关于持股5%以上股东部分股份解除质押和股份质押的公告,,0,https://www.cninfo.com.cn/new/disclosure/detail?annoId=1225414928,2026-08-25 10:07:17
002172,20260821,20260814,江苏澳洋健康产业股份有限公司股票交易异常波动公告,,2,https://www.cninfo.com.cn/new/disclosure/detail?annoId=1225472372,2026-08-25 10:07:17
002172,20260821,20260818,江苏澳洋健康产业股份有限公司关于拟变更会计师事务所的公告,,0,https://www.cninfo.com.cn/new/disclosure/detail?annoId=1225477215,2026-08-25 10:07:17
002172,20260821,20260818,江苏澳洋健康产业股份有限公司关于召开2026年第二次临时股东会的通知,,0,https://www.cninfo.com.cn/new/disclosure/detail?annoId=1225477214,2026-08-25 10:07:17
002172,20260821,20260818,江苏澳洋健康产业股份有限公司第十届董事会第五次会议决议公告,,0,https://www.cninfo.com.cn/new/disclosure/detail?annoId=1225477213,2026-08-25 10:07:17
002172,20260821,20260818,江苏澳洋健康产业股份有限公司2026年半年度非经营性资金占用及其他关联资金往来情况汇总表,,0,https://www.cninfo.com.cn/new/disclosure/detail?annoId=1225477212,2026-08-25 10:07:17
002172,20260821,20260818,2026年半年度报告,,0,https://www.cninfo.com.cn/new/disclosure/detail?annoId=1225477211,2026-08-25 10:07:17
002172,20260821,20260818,2026年半年度报告摘要,,0,https://www.cninfo.com.cn/new/disclosure/detail?annoId=1225477210,2026-08-25 10:07:17
002172,20260824,20260423,江苏澳洋健康产业股份有限公司关于持股5%以上股东部分股份解除质押和股份质押的公告,,0,https://www.cninfo.com.cn/new/disclosure/detail?annoId=1225148351,2026-08-25 10:15:21
002172,20260824,20260423,江苏澳洋健康产业股份有限公司关于召开2026年第一次临时股东会的通知,,0,https://www.cninfo.com.cn/new/disclosure/detail?annoId=1225148350,2026-08-25 10:15:21
002172,20260824,20260423,江苏澳洋健康产业股份有限公司第十届董事会第三次会议决议公告,,0,https://www.cninfo.com.cn/new/disclosure/detail?annoId=1225148349,2026-08-25 10:15:21
002172,20260824,20260423,江苏澳洋健康产业股份有限公司拟转让阜宁澳洋科技有限责任公司股权所涉及的阜宁澳洋科技有限责任公司股东全部权益价值资产评估报告 银信评报字（2026）第030015号,,0,https://www.cninfo.com.cn/new/disclosure/detail?annoId=1225148348,2026-08-25 10:15:21
002172,20260824,20260423,阜宁澳洋科技有限责任公司清产核资专项审计报告 信会师报字（2026）第ZA10074号,,0,https://www.cninfo.com.cn/new/disclosure/detail?annoId=1225148347,2026-08-25 10:15:21
002172,20260824,20260430,江苏澳洋健康产业股份有限公司关于聘任公司合规总监的公告,,0,https://www.cninfo.com.cn/new/disclosure/detail?annoId=1225255878,2026-08-25 10:15:21
002172,20260824,20260430,江苏澳洋健康产业股份有限公司第十届董事会第四次会议决议公告,,0,https://www.cninfo.com.cn/new/disclosure/detail?annoId=1225255877,2026-08-25 10:15:21
002172,20260824,20260430,2026年一季度报告,,0,https://www.cninfo.com.cn/new/disclosure/detail?annoId=1225255875,2026-08-25 10:15:21
002172,20260824,20260512,东吴证券股份有限公司关于江苏澳洋健康产业股份有限公司详式权益变动报告书之2026年第一季度持续督导意见,,0,https://www.cninfo.com.cn/new/disclosure/detail?annoId=1225291007,2026-08-25 10:15:21
002172,20260824,20260512,江苏澳洋健康产业股份有限公司2026年第一次临时股东会法律意见书,,0,https://www.cninfo.com.cn/new/disclosure/detail?annoId=1225291006,2026-08-25 10:15:21
002172,20260824,20260512,江苏澳洋健康产业股份有限公司2026年第一次临时股东会决议公告,,0,https://www.cninfo.com.cn/new/disclosure/detail?annoId=1225291005,2026-08-25 10:15:21
002172,20260824,20260513,江苏澳洋健康产业股份有限公司关于持股5%以上股东部分股份解除质押和股份质押的公告,,0,https://www.cninfo.com.cn/new/disclosure/detail?annoId=1225300118,2026-08-25 10:15:21
002172,20260824,20260709,江苏澳洋健康产业股份有限公司关于持股5%以上股东部分股份解除质押和股份质押的公告,,0,https://www.cninfo.com.cn/new/disclosure/detail?annoId=1225414928,2026-08-25 10:15:21
002172,20260824,20260814,江苏澳洋健康产业股份有限公司股票交易异常波动公告,,2,https://www.cninfo.com.cn/new/disclosure/detail?annoId=1225472372,2026-08-25 10:15:21
002172,20260824,20260818,江苏澳洋健康产业股份有限公司关于拟变更会计师事务所的公告,,0,https://www.cninfo.com.cn/new/disclosure/detail?annoId=1225477215,2026-08-25 10:15:21
002172,20260824,20260818,江苏澳洋健康产业股份有限公司关于召开2026年第二次临时股东会的通知,,0,https://www.cninfo.com.cn/new/disclosure/detail?annoId=1225477214,2026-08-25 10:15:21
002172,20260824,20260818,江苏澳洋健康产业股份有限公司第十届董事会第五次会议决议公告,,0,https://www.cninfo.com.cn/new/disclosure/detail?annoId=1225477213,2026-08-25 10:15:21
002172,20260824,20260818,江苏澳洋健康产业股份有限公司2026年半年度非经营性资金占用及其他关联资金往来情况汇总表,,0,https://www.cninfo.com.cn/new/disclosure/detail?annoId=1225477212,2026-08-25 10:15:21
002172,20260824,20260818,2026年半年度报告,,0,https://www.cninfo.com.cn/new/disclosure/detail?annoId=1225477211,2026-08-25 10:15:21
002172,20260824,20260818,2026年半年度报告摘要,,0,https://www.cninfo.com.cn/new/disclosure/detail?annoId=1225477210,2026-08-25 10:15:21
002172,20260825,20260423,江苏澳洋健康产业股份有限公司关于持股5%以上股东部分股份解除质押和股份质押的公告,,0,https://www.cninfo.com.cn/new/disclosure/detail?annoId=1225148351,2026-08-25 19:57:39
002172,20260825,20260423,江苏澳洋健康产业股份有限公司关于召开2026年第一次临时股东会的通知,,0,https://www.cninfo.com.cn/new/disclosure/detail?annoId=1225148350,2026-08-25 19:57:39
002172,20260825,20260423,江苏澳洋健康产业股份有限公司第十届董事会第三次会议决议公告,,0,https://www.cninfo.com.cn/new/disclosure/detail?annoId=1225148349,2026-08-25 19:57:39
002172,20260825,20260423,江苏澳洋健康产业股份有限公司拟转让阜宁澳洋科技有限责任公司股权所涉及的阜宁澳洋科技有限责任公司股东全部权益价值资产评估报告 银信评报字（2026）第030015号,,0,https://www.cninfo.com.cn/new/disclosure/detail?annoId=1225148348,2026-08-25 19:57:39
002172,20260825,20260423,阜宁澳洋科技有限责任公司清产核资专项审计报告 信会师报字（2026）第ZA10074号,,0,https://www.cninfo.com.cn/new/disclosure/detail?annoId=1225148347,2026-08-25 19:57:39
002172,20260825,20260430,江苏澳洋健康产业股份有限公司关于聘任公司合规总监的公告,,0,https://www.cninfo.com.cn/new/disclosure/detail?annoId=1225255878,2026-08-25 19:57:39
002172,20260825,20260430,江苏澳洋健康产业股份有限公司第十届董事会第四次会议决议公告,,0,https://www.cninfo.com.cn/new/disclosure/detail?annoId=1225255877,2026-08-25 19:57:39
002172,20260825,20260430,2026年一季度报告,,0,https://www.cninfo.com.cn/new/disclosure/detail?annoId=1225255875,2026-08-25 19:57:39
002172,20260825,20260512,东吴证券股份有限公司关于江苏澳洋健康产业股份有限公司详式权益变动报告书之2026年第一季度持续督导意见,,0,https://www.cninfo.com.cn/new/disclosure/detail?annoId=1225291007,2026-08-25 19:57:39
002172,20260825,20260512,江苏澳洋健康产业股份有限公司2026年第一次临时股东会法律意见书,,0,https://www.cninfo.com.cn/new/disclosure/detail?annoId=1225291006,2026-08-25 19:57:39
002172,20260825,20260512,江苏澳洋健康产业股份有限公司2026年第一次临时股东会决议公告,,0,https://www.cninfo.com.cn/new/disclosure/detail?annoId=1225291005,2026-08-25 19:57:39
002172,20260825,20260513,江苏澳洋健康产业股份有限公司关于持股5%以上股东部分股份解除质押和股份质押的公告,,0,https://www.cninfo.com.cn/new/disclosure/detail?annoId=1225300118,2026-08-25 19:57:39
002172,20260825,20260709,江苏澳洋健康产业股份有限公司关于持股5%以上股东部分股份解除质押和股份质押的公告,,0,https://www.cninfo.com.cn/new/disclosure/detail?annoId=1225414928,2026-08-25 19:57:39
002172,20260825,20260814,江苏澳洋健康产业股份有限公司股票交易异常波动公告,,2,https://www.cninfo.com.cn/new/disclosure/detail?annoId=1225472372,2026-08-25 19:57:39
002172,20260825,20260818,江苏澳洋健康产业股份有限公司关于拟变更会计师事务所的公告,,0,https://www.cninfo.com.cn/new/disclosure/detail?annoId=1225477215,2026-08-25 19:57:39
002172,20260825,20260818,江苏澳洋健康产业股份有限公司关于召开2026年第二次临时股东会的通知,,0,https://www.cninfo.com.cn/new/disclosure/detail?annoId=1225477214,2026-08-25 19:57:39
002172,20260825,20260818,江苏澳洋健康产业股份有限公司第十届董事会第五次会议决议公告,,0,https://www.cninfo.com.cn/new/disclosure/detail?annoId=1225477213,2026-08-25 19:57:39
002172,20260825,20260818,江苏澳洋健康产业股份有限公司2026年半年度非经营性资金占用及其他关联资金往来情况汇总表,,0,https://www.cninfo.com.cn/new/disclosure/detail?annoId=1225477212,2026-08-25 19:57:39
002172,20260825,20260818,2026年半年度报告,,0,https://www.cninfo.com.cn/new/disclosure/detail?annoId=1225477211,2026-08-25 19:57:39
002172,20260825,20260818,2026年半年度报告摘要,,0,https://www.cninfo.com.cn/new/disclosure/detail?annoId=1225477210,2026-08-25 19:57:39
002172,20260826,20260423,江苏澳洋健康产业股份有限公司关于持股5%以上股东部分股份解除质押和股份质押的公告,,0,https://www.cninfo.com.cn/new/disclosure/detail?annoId=1225148351,2026-08-27 00:11:25
002172,20260826,20260423,江苏澳洋健康产业股份有限公司关于召开2026年第一次临时股东会的通知,,0,https://www.cninfo.com.cn/new/disclosure/detail?annoId=1225148350,2026-08-27 00:11:25
002172,20260826,20260423,江苏澳洋健康产业股份有限公司第十届董事会第三次会议决议公告,,0,https://www.cninfo.com.cn/new/disclosure/detail?annoId=1225148349,2026-08-27 00:11:25
002172,20260826,20260423,江苏澳洋健康产业股份有限公司拟转让阜宁澳洋科技有限责任公司股权所涉及的阜宁澳洋科技有限责任公司股东全部权益价值资产评估报告 银信评报字（2026）第030015号,,0,https://www.cninfo.com.cn/new/disclosure/detail?annoId=1225148348,2026-08-27 00:11:25
002172,20260826,20260423,阜宁澳洋科技有限责任公司清产核资专项审计报告 信会师报字（2026）第ZA10074号,,0,https://www.cninfo.com.cn/new/disclosure/detail?annoId=1225148347,2026-08-27 00:11:25
002172,20260826,20260430,江苏澳洋健康产业股份有限公司关于聘任公司合规总监的公告,,0,https://www.cninfo.com.cn/new/disclosure/detail?annoId=1225255878,2026-08-27 00:11:25
002172,20260826,20260430,江苏澳洋健康产业股份有限公司第十届董事会第四次会议决议公告,,0,https://www.cninfo.com.cn/new/disclosure/detail?annoId=1225255877,2026-08-27 00:11:25
002172,20260826,20260430,2026年一季度报告,,0,https://www.cninfo.com.cn/new/disclosure/detail?annoId=1225255875,2026-08-27 00:11:25
002172,20260826,20260512,东吴证券股份有限公司关于江苏澳洋健康产业股份有限公司详式权益变动报告书之2026年第一季度持续督导意见,,0,https://www.cninfo.com.cn/new/disclosure/detail?annoId=1225291007,2026-08-27 00:11:25
002172,20260826,20260512,江苏澳洋健康产业股份有限公司2026年第一次临时股东会法律意见书,,0,https://www.cninfo.com.cn/new/disclosure/detail?annoId=1225291006,2026-08-27 00:11:25
002172,20260826,20260512,江苏澳洋健康产业股份有限公司2026年第一次临时股东会决议公告,,0,https://www.cninfo.com.cn/new/disclosure/detail?annoId=1225291005,2026-08-27 00:11:25
002172,20260826,20260513,江苏澳洋健康产业股份有限公司关于持股5%以上股东部分股份解除质押和股份质押的公告,,0,https://www.cninfo.com.cn/new/disclosure/detail?annoId=1225300118,2026-08-27 00:11:25
002172,20260826,20260709,江苏澳洋健康产业股份有限公司关于持股5%以上股东部分股份解除质押和股份质押的公告,,0,https://www.cninfo.com.cn/new/disclosure/detail?annoId=1225414928,2026-08-27 00:11:25
002172,20260826,20260814,江苏澳洋健康产业股份有限公司股票交易异常波动公告,,2,https://www.cninfo.com.cn/new/disclosure/detail?annoId=1225472372,2026-08-27 00:11:25
002172,20260826,20260818,江苏澳洋健康产业股份有限公司关于拟变更会计师事务所的公告,,0,https://www.cninfo.com.cn/new/disclosure/detail?annoId=1225477215,2026-08-27 00:11:25
002172,20260826,20260818,江苏澳洋健康产业股份有限公司关于召开2026年第二次临时股东会的通知,,0,https://www.cninfo.com.cn/new/disclosure/detail?annoId=1225477214,2026-08-27 00:11:25
002172,20260826,20260818,江苏澳洋健康产业股份有限公司第十届董事会第五次会议决议公告,,0,https://www.cninfo.com.cn/new/disclosure/detail?annoId=1225477213,2026-08-27 00:11:25
002172,20260826,20260818,江苏澳洋健康产业股份有限公司2026年半年度非经营性资金占用及其他关联资金往来情况汇总表,,0,https://www.cninfo.com.cn/new/disclosure/detail?annoId=1225477212,2026-08-27 00:11:25
002172,20260826,20260818,2026年半年度报告,,0,https://www.cninfo.com.cn/new/disclosure/detail?annoId=1225477211,2026-08-27 00:11:25
002172,20260826,20260818,2026年半年度报告摘要,,0,https://www.cninfo.com.cn/new/disclosure/detail?annoId=1225477210,2026-08-27 00:11:25
002172,20260827,20260423,江苏澳洋健康产业股份有限公司关于持股5%以上股东部分股份解除质押和股份质押的公告,,0,https://www.cninfo.com.cn/new/disclosure/detail?annoId=1225148351,2026-08-27 21:27:25
002172,20260827,20260423,江苏澳洋健康产业股份有限公司关于召开2026年第一次临时股东会的通知,,0,https://www.cninfo.com.cn/new/disclosure/detail?annoId=1225148350,2026-08-27 21:27:25
002172,20260827,20260423,江苏澳洋健康产业股份有限公司第十届董事会第三次会议决议公告,,0,https://www.cninfo.com.cn/new/disclosure/detail?annoId=1225148349,2026-08-27 21:27:25
002172,20260827,20260423,江苏澳洋健康产业股份有限公司拟转让阜宁澳洋科技有限责任公司股权所涉及的阜宁澳洋科技有限责任公司股东全部权益价值资产评估报告 银信评报字（2026）第030015号,,0,https://www.cninfo.com.cn/new/disclosure/detail?annoId=1225148348,2026-08-27 21:27:25
002172,20260827,20260423,阜宁澳洋科技有限责任公司清产核资专项审计报告 信会师报字（2026）第ZA10074号,,0,https://www.cninfo.com.cn/new/disclosure/detail?annoId=1225148347,2026-08-27 21:27:25
002172,20260827,20260430,江苏澳洋健康产业股份有限公司关于聘任公司合规总监的公告,,0,https://www.cninfo.com.cn/new/disclosure/detail?annoId=1225255878,2026-08-27 21:27:25
002172,20260827,20260430,江苏澳洋健康产业股份有限公司第十届董事会第四次会议决议公告,,0,https://www.cninfo.com.cn/new/disclosure/detail?annoId=1225255877,2026-08-27 21:27:25
002172,20260827,20260430,2026年一季度报告,,0,https://www.cninfo.com.cn/new/disclosure/detail?annoId=1225255875,2026-08-27 21:27:25
002172,20260827,20260512,东吴证券股份有限公司关于江苏澳洋健康产业股份有限公司详式权益变动报告书之2026年第一季度持续督导意见,,0,https://www.cninfo.com.cn/new/disclosure/detail?annoId=1225291007,2026-08-27 21:27:25
002172,20260827,20260512,江苏澳洋健康产业股份有限公司2026年第一次临时股东会法律意见书,,0,https://www.cninfo.com.cn/new/disclosure/detail?annoId=1225291006,2026-08-27 21:27:25
002172,20260827,20260512,江苏澳洋健康产业股份有限公司2026年第一次临时股东会决议公告,,0,https://www.cninfo.com.cn/new/disclosure/detail?annoId=1225291005,2026-08-27 21:27:25
002172,20260827,20260513,江苏澳洋健康产业股份有限公司关于持股5%以上股东部分股份解除质押和股份质押的公告,,0,https://www.cninfo.com.cn/new/disclosure/detail?annoId=1225300118,2026-08-27 21:27:25
002172,20260827,20260709,江苏澳洋健康产业股份有限公司关于持股5%以上股东部分股份解除质押和股份质押的公告,,0,https://www.cninfo.com.cn/new/disclosure/detail?annoId=1225414928,2026-08-27 21:27:25
002172,20260827,20260814,江苏澳洋健康产业股份有限公司股票交易异常波动公告,,2,https://www.cninfo.com.cn/new/disclosure/detail?annoId=1225472372,2026-08-27 21:27:25
002172,20260827,20260818,江苏澳洋健康产业股份有限公司关于拟变更会计师事务所的公告,,0,https://www.cninfo.com.cn/new/disclosure/detail?annoId=1225477215,2026-08-27 21:27:25
002172,20260827,20260818,江苏澳洋健康产业股份有限公司关于召开2026年第二次临时股东会的通知,,0,https://www.cninfo.com.cn/new/disclosure/detail?annoId=1225477214,2026-08-27 21:27:25
002172,20260827,20260818,江苏澳洋健康产业股份有限公司第十届董事会第五次会议决议公告,,0,https://www.cninfo.com.cn/new/disclosure/detail?annoId=1225477213,2026-08-27 21:27:25
002172,20260827,20260818,江苏澳洋健康产业股份有限公司2026年半年度非经营性资金占用及其他关联资金往来情况汇总表,,0,https://www.cninfo.com.cn/new/disclosure/detail?annoId=1225477212,2026-08-27 21:27:25
002172,20260827,20260818,2026年半年度报告,,0,https://www.cninfo.com.cn/new/disclosure/detail?annoId=1225477211,2026-08-27 21:27:25
002172,20260827,20260818,2026年半年度报告摘要,,0,https://www.cninfo.com.cn/new/disclosure/detail?annoId=1225477210,2026-08-27 21:27:25
002172,20260831,20260423,江苏澳洋健康产业股份有限公司关于持股5%以上股东部分股份解除质押和股份质押的公告,,0,https://www.cninfo.com.cn/new/disclosure/detail?annoId=1225148351,2026-08-31 21:10:24
002172,20260831,20260423,江苏澳洋健康产业股份有限公司关于召开2026年第一次临时股东会的通知,,0,https://www.cninfo.com.cn/new/disclosure/detail?annoId=1225148350,2026-08-31 21:10:24
002172,20260831,20260423,江苏澳洋健康产业股份有限公司第十届董事会第三次会议决议公告,,0,https://www.cninfo.com.cn/new/disclosure/detail?annoId=1225148349,2026-08-31 21:10:24
002172,20260831,20260423,江苏澳洋健康产业股份有限公司拟转让阜宁澳洋科技有限责任公司股权所涉及的阜宁澳洋科技有限责任公司股东全部权益价值资产评估报告 银信评报字（2026）第030015号,,0,https://www.cninfo.com.cn/new/disclosure/detail?annoId=1225148348,2026-08-31 21:10:24
002172,20260831,20260423,阜宁澳洋科技有限责任公司清产核资专项审计报告 信会师报字（2026）第ZA10074号,,0,https://www.cninfo.com.cn/new/disclosure/detail?annoId=1225148347,2026-08-31 21:10:24
002172,20260831,20260430,江苏澳洋健康产业股份有限公司关于聘任公司合规总监的公告,,0,https://www.cninfo.com.cn/new/disclosure/detail?annoId=1225255878,2026-08-31 21:10:24
002172,20260831,20260430,江苏澳洋健康产业股份有限公司第十届董事会第四次会议决议公告,,0,https://www.cninfo.com.cn/new/disclosure/detail?annoId=1225255877,2026-08-31 21:10:24
002172,20260831,20260430,2026年一季度报告,,0,https://www.cninfo.com.cn/new/disclosure/detail?annoId=1225255875,2026-08-31 21:10:24
002172,20260831,20260512,东吴证券股份有限公司关于江苏澳洋健康产业股份有限公司详式权益变动报告书之2026年第一季度持续督导意见,,0,https://www.cninfo.com.cn/new/disclosure/detail?annoId=1225291007,2026-08-31 21:10:24
002172,20260831,20260512,江苏澳洋健康产业股份有限公司2026年第一次临时股东会法律意见书,,0,https://www.cninfo.com.cn/new/disclosure/detail?annoId=1225291006,2026-08-31 21:10:24
002172,20260831,20260512,江苏澳洋健康产业股份有限公司2026年第一次临时股东会决议公告,,0,https://www.cninfo.com.cn/new/disclosure/detail?annoId=1225291005,2026-08-31 21:10:24
002172,20260831,20260513,江苏澳洋健康产业股份有限公司关于持股5%以上股东部分股份解除质押和股份质押的公告,,0,https://www.cninfo.com.cn/new/disclosure/detail?annoId=1225300118,2026-08-31 21:10:24
002172,20260831,20260709,江苏澳洋健康产业股份有限公司关于持股5%以上股东部分股份解除质押和股份质押的公告,,0,https://www.cninfo.com.cn/new/disclosure/detail?annoId=1225414928,2026-08-31 21:10:24
002172,20260831,20260814,江苏澳洋健康产业股份有限公司股票交易异常波动公告,,2,https://www.cninfo.com.cn/new/disclosure/detail?annoId=1225472372,2026-08-31 21:10:24
002172,20260831,20260818,江苏澳洋健康产业股份有限公司关于拟变更会计师事务所的公告,,0,https://www.cninfo.com.cn/new/disclosure/detail?annoId=1225477215,2026-08-31 21:10:24
002172,20260831,20260818,江苏澳洋健康产业股份有限公司关于召开2026年第二次临时股东会的通知,,0,https://www.cninfo.com.cn/new/disclosure/detail?annoId=1225477214,2026-08-31 21:10:24
002172,20260831,20260818,江苏澳洋健康产业股份有限公司第十届董事会第五次会议决议公告,,0,https://www.cninfo.com.cn/new/disclosure/detail?annoId=1225477213,2026-08-31 21:10:24
002172,20260831,20260818,江苏澳洋健康产业股份有限公司2026年半年度非经营性资金占用及其他关联资金往来情况汇总表,,0,https://www.cninfo.com.cn/new/disclosure/detail?annoId=1225477212,2026-08-31 21:10:24
002172,20260831,20260818,2026年半年度报告,,0,https://www.cninfo.com.cn/new/disclosure/detail?annoId=1225477211,2026-08-31 21:10:24
002172,20260831,20260818,2026年半年度报告摘要,,0,https://www.cninfo.com.cn/new/disclosure/detail?annoId=1225477210,2026-08-31 21:10:24
002329,20260819,20260526,关于2026年度董事及高级管理人员薪酬方案的公告,,0,https://www.cninfo.com.cn/new/disclosure/detail?annoId=1225329602,2026-08-26 10:40:31
002329,20260819,20260526,董事及高级管理人员薪酬管理制度,,0,https://www.cninfo.com.cn/new/disclosure/detail?annoId=1225329601,2026-08-26 10:40:31
002329,20260819,20260526,关于2026年度担保额度预计的公告,,0,https://www.cninfo.com.cn/new/disclosure/detail?annoId=1225329600,2026-08-26 10:40:31
002329,20260819,20260616,北京市康达律师事务所关于皇氏集团股份有限公司2025年度股东会的法律意见书,,0,https://www.cninfo.com.cn/new/disclosure/detail?annoId=1225370873,2026-08-26 10:40:31
002329,20260819,20260616,2025年度股东会决议公告,,0,https://www.cninfo.com.cn/new/disclosure/detail?annoId=1225370872,2026-08-26 10:40:31
002329,20260819,20260702,2026年07月02日投资者关系活动记录表,,0,https://www.cninfo.com.cn/new/disclosure/detail?annoId=1225407538,2026-08-26 10:40:31
002329,20260819,20260708,股票交易异常波动公告,,2,https://www.cninfo.com.cn/new/disclosure/detail?annoId=1225414345,2026-08-26 10:40:31
002329,20260819,20260711,关于对外担保的进展公告,,0,https://www.cninfo.com.cn/new/disclosure/detail?annoId=1225419385,2026-08-26 10:40:31
002329,20260819,20260715,2026年半年度业绩预告,,0,https://www.cninfo.com.cn/new/disclosure/detail?annoId=1225424390,2026-08-26 10:40:31
002329,20260819,20260728,关于预计新增对外担保额度的公告,,0,https://www.cninfo.com.cn/new/disclosure/detail?annoId=1225443765,2026-08-26 10:40:31
002329,20260819,20260728,关于召开2026年第一次临时股东会的通知,,0,https://www.cninfo.com.cn/new/disclosure/detail?annoId=1225443764,2026-08-26 10:40:31
002329,20260819,20260728,第七届董事会第十六次会议决议公告,,0,https://www.cninfo.com.cn/new/disclosure/detail?annoId=1225443763,2026-08-26 10:40:31
002329,20260819,20260731,关于控股股东协议转让公司部分股份的进展公告,,0,https://www.cninfo.com.cn/new/disclosure/detail?annoId=1225449638,2026-08-26 10:40:31
002329,20260819,20260731,简式权益变动报告书（黄嘉棣）,,0,https://www.cninfo.com.cn/new/disclosure/detail?annoId=1225449637,2026-08-26 10:40:31
002329,20260819,20260731,简式权益变动报告书（深圳嘉道）,,0,https://www.cninfo.com.cn/new/disclosure/detail?annoId=1225449636,2026-08-26 10:40:31
002329,20260819,20260812,股票交易异常波动公告,,2,https://www.cninfo.com.cn/new/disclosure/detail?annoId=1225468854,2026-08-26 10:40:31
002329,20260819,20260813,北京市康达律师事务所关于皇氏集团股份有限公司2026年第一次临时股东会的法律意见书,,0,https://www.cninfo.com.cn/new/disclosure/detail?annoId=1225470755,2026-08-26 10:40:31
002329,20260819,20260813,2026年第一次临时股东会决议公告,,0,https://www.cninfo.com.cn/new/disclosure/detail?annoId=1225470754,2026-08-26 10:40:31
002329,20260819,20260814,股票交易异常波动暨风险提示公告,,2,https://www.cninfo.com.cn/new/disclosure/detail?annoId=1225472577,2026-08-26 10:40:31
002329,20260819,20260826,关于注销产业投资发展基金的公告,,0,https://www.cninfo.com.cn/new/disclosure/detail?annoId=1225503522,2026-08-26 10:40:31
002329,20260821,20260526,关于2026年度董事及高级管理人员薪酬方案的公告,,0,https://www.cninfo.com.cn/new/disclosure/detail?annoId=1225329602,2026-08-25 10:07:18
002329,20260821,20260526,董事及高级管理人员薪酬管理制度,,0,https://www.cninfo.com.cn/new/disclosure/detail?annoId=1225329601,2026-08-25 10:07:18
002329,20260821,20260526,关于2026年度担保额度预计的公告,,0,https://www.cninfo.com.cn/new/disclosure/detail?annoId=1225329600,2026-08-25 10:07:18
002329,20260821,20260526,关于召开2025年度股东会的通知,,0,https://www.cninfo.com.cn/new/disclosure/detail?annoId=1225329599,2026-08-25 10:07:18
002329,20260821,20260616,北京市康达律师事务所关于皇氏集团股份有限公司2025年度股东会的法律意见书,,0,https://www.cninfo.com.cn/new/disclosure/detail?annoId=1225370873,2026-08-25 10:07:18
002329,20260821,20260616,2025年度股东会决议公告,,0,https://www.cninfo.com.cn/new/disclosure/detail?annoId=1225370872,2026-08-25 10:07:18
002329,20260821,20260702,2026年07月02日投资者关系活动记录表,,0,https://www.cninfo.com.cn/new/disclosure/detail?annoId=1225407538,2026-08-25 10:07:18
002329,20260821,20260708,股票交易异常波动公告,,2,https://www.cninfo.com.cn/new/disclosure/detail?annoId=1225414345,2026-08-25 10:07:18
002329,20260821,20260711,关于对外担保的进展公告,,0,https://www.cninfo.com.cn/new/disclosure/detail?annoId=1225419385,2026-08-25 10:07:18
002329,20260821,20260715,2026年半年度业绩预告,,0,https://www.cninfo.com.cn/new/disclosure/detail?annoId=1225424390,2026-08-25 10:07:18
002329,20260821,20260728,关于预计新增对外担保额度的公告,,0,https://www.cninfo.com.cn/new/disclosure/detail?annoId=1225443765,2026-08-25 10:07:18
002329,20260821,20260728,关于召开2026年第一次临时股东会的通知,,0,https://www.cninfo.com.cn/new/disclosure/detail?annoId=1225443764,2026-08-25 10:07:18
002329,20260821,20260728,第七届董事会第十六次会议决议公告,,0,https://www.cninfo.com.cn/new/disclosure/detail?annoId=1225443763,2026-08-25 10:07:18
002329,20260821,20260731,关于控股股东协议转让公司部分股份的进展公告,,0,https://www.cninfo.com.cn/new/disclosure/detail?annoId=1225449638,2026-08-25 10:07:18
002329,20260821,20260731,简式权益变动报告书（黄嘉棣）,,0,https://www.cninfo.com.cn/new/disclosure/detail?annoId=1225449637,2026-08-25 10:07:18
002329,20260821,20260731,简式权益变动报告书（深圳嘉道）,,0,https://www.cninfo.com.cn/new/disclosure/detail?annoId=1225449636,2026-08-25 10:07:18
002329,20260821,20260812,股票交易异常波动公告,,2,https://www.cninfo.com.cn/new/disclosure/detail?annoId=1225468854,2026-08-25 10:07:18
002329,20260821,20260813,北京市康达律师事务所关于皇氏集团股份有限公司2026年第一次临时股东会的法律意见书,,0,https://www.cninfo.com.cn/new/disclosure/detail?annoId=1225470755,2026-08-25 10:07:18
002329,20260821,20260813,2026年第一次临时股东会决议公告,,0,https://www.cninfo.com.cn/new/disclosure/detail?annoId=1225470754,2026-08-25 10:07:18
002329,20260821,20260814,股票交易异常波动暨风险提示公告,,2,https://www.cninfo.com.cn/new/disclosure/detail?annoId=1225472577,2026-08-25 10:07:18
002329,20260824,20260526,关于2026年度董事及高级管理人员薪酬方案的公告,,0,https://www.cninfo.com.cn/new/disclosure/detail?annoId=1225329602,2026-08-25 10:15:21
002329,20260824,20260526,董事及高级管理人员薪酬管理制度,,0,https://www.cninfo.com.cn/new/disclosure/detail?annoId=1225329601,2026-08-25 10:15:21
002329,20260824,20260526,关于2026年度担保额度预计的公告,,0,https://www.cninfo.com.cn/new/disclosure/detail?annoId=1225329600,2026-08-25 10:15:21
002329,20260824,20260526,关于召开2025年度股东会的通知,,0,https://www.cninfo.com.cn/new/disclosure/detail?annoId=1225329599,2026-08-25 10:15:21
002329,20260824,20260616,北京市康达律师事务所关于皇氏集团股份有限公司2025年度股东会的法律意见书,,0,https://www.cninfo.com.cn/new/disclosure/detail?annoId=1225370873,2026-08-25 10:15:21
002329,20260824,20260616,2025年度股东会决议公告,,0,https://www.cninfo.com.cn/new/disclosure/detail?annoId=1225370872,2026-08-25 10:15:21
002329,20260824,20260702,2026年07月02日投资者关系活动记录表,,0,https://www.cninfo.com.cn/new/disclosure/detail?annoId=1225407538,2026-08-25 10:15:21
002329,20260824,20260708,股票交易异常波动公告,,2,https://www.cninfo.com.cn/new/disclosure/detail?annoId=1225414345,2026-08-25 10:15:21
002329,20260824,20260711,关于对外担保的进展公告,,0,https://www.cninfo.com.cn/new/disclosure/detail?annoId=1225419385,2026-08-25 10:15:21
002329,20260824,20260715,2026年半年度业绩预告,,0,https://www.cninfo.com.cn/new/disclosure/detail?annoId=1225424390,2026-08-25 10:15:21
002329,20260824,20260728,关于预计新增对外担保额度的公告,,0,https://www.cninfo.com.cn/new/disclosure/detail?annoId=1225443765,2026-08-25 10:15:21
002329,20260824,20260728,关于召开2026年第一次临时股东会的通知,,0,https://www.cninfo.com.cn/new/disclosure/detail?annoId=1225443764,2026-08-25 10:15:21
002329,20260824,20260728,第七届董事会第十六次会议决议公告,,0,https://www.cninfo.com.cn/new/disclosure/detail?annoId=1225443763,2026-08-25 10:15:21
002329,20260824,20260731,关于控股股东协议转让公司部分股份的进展公告,,0,https://www.cninfo.com.cn/new/disclosure/detail?annoId=1225449638,2026-08-25 10:15:21
002329,20260824,20260731,简式权益变动报告书（黄嘉棣）,,0,https://www.cninfo.com.cn/new/disclosure/detail?annoId=1225449637,2026-08-25 10:15:21
002329,20260824,20260731,简式权益变动报告书（深圳嘉道）,,0,https://www.cninfo.com.cn/new/disclosure/detail?annoId=1225449636,2026-08-25 10:15:21
002329,20260824,20260812,股票交易异常波动公告,,2,https://www.cninfo.com.cn/new/disclosure/detail?annoId=1225468854,2026-08-25 10:15:21
002329,20260824,20260813,北京市康达律师事务所关于皇氏集团股份有限公司2026年第一次临时股东会的法律意见书,,0,https://www.cninfo.com.cn/new/disclosure/detail?annoId=1225470755,2026-08-25 10:15:21
002329,20260824,20260813,2026年第一次临时股东会决议公告,,0,https://www.cninfo.com.cn/new/disclosure/detail?annoId=1225470754,2026-08-25 10:15:21
002329,20260824,20260814,股票交易异常波动暨风险提示公告,,2,https://www.cninfo.com.cn/new/disclosure/detail?annoId=1225472577,2026-08-25 10:15:21
002329,20260825,20260526,关于2026年度董事及高级管理人员薪酬方案的公告,,0,https://www.cninfo.com.cn/new/disclosure/detail?annoId=1225329602,2026-08-25 19:57:39
002329,20260825,20260526,董事及高级管理人员薪酬管理制度,,0,https://www.cninfo.com.cn/new/disclosure/detail?annoId=1225329601,2026-08-25 19:57:39
002329,20260825,20260526,关于2026年度担保额度预计的公告,,0,https://www.cninfo.com.cn/new/disclosure/detail?annoId=1225329600,2026-08-25 19:57:39
002329,20260825,20260616,北京市康达律师事务所关于皇氏集团股份有限公司2025年度股东会的法律意见书,,0,https://www.cninfo.com.cn/new/disclosure/detail?annoId=1225370873,2026-08-25 19:57:39
002329,20260825,20260616,2025年度股东会决议公告,,0,https://www.cninfo.com.cn/new/disclosure/detail?annoId=1225370872,2026-08-25 19:57:39
002329,20260825,20260702,2026年07月02日投资者关系活动记录表,,0,https://www.cninfo.com.cn/new/disclosure/detail?annoId=1225407538,2026-08-25 19:57:39
002329,20260825,20260708,股票交易异常波动公告,,2,https://www.cninfo.com.cn/new/disclosure/detail?annoId=1225414345,2026-08-25 19:57:39
002329,20260825,20260711,关于对外担保的进展公告,,0,https://www.cninfo.com.cn/new/disclosure/detail?annoId=1225419385,2026-08-25 19:57:39
002329,20260825,20260715,2026年半年度业绩预告,,0,https://www.cninfo.com.cn/new/disclosure/detail?annoId=1225424390,2026-08-25 19:57:39
002329,20260825,20260728,关于预计新增对外担保额度的公告,,0,https://www.cninfo.com.cn/new/disclosure/detail?annoId=1225443765,2026-08-25 19:57:39
002329,20260825,20260728,关于召开2026年第一次临时股东会的通知,,0,https://www.cninfo.com.cn/new/disclosure/detail?annoId=1225443764,2026-08-25 19:57:39
002329,20260825,20260728,第七届董事会第十六次会议决议公告,,0,https://www.cninfo.com.cn/new/disclosure/detail?annoId=1225443763,2026-08-25 19:57:39
002329,20260825,20260731,关于控股股东协议转让公司部分股份的进展公告,,0,https://www.cninfo.com.cn/new/disclosure/detail?annoId=1225449638,2026-08-25 19:57:39
002329,20260825,20260731,简式权益变动报告书（黄嘉棣）,,0,https://www.cninfo.com.cn/new/disclosure/detail?annoId=1225449637,2026-08-25 19:57:39
002329,20260825,20260731,简式权益变动报告书（深圳嘉道）,,0,https://www.cninfo.com.cn/new/disclosure/detail?annoId=1225449636,2026-08-25 19:57:39
002329,20260825,20260812,股票交易异常波动公告,,2,https://www.cninfo.com.cn/new/disclosure/detail?annoId=1225468854,2026-08-25 19:57:39
002329,20260825,20260813,北京市康达律师事务所关于皇氏集团股份有限公司2026年第一次临时股东会的法律意见书,,0,https://www.cninfo.com.cn/new/disclosure/detail?annoId=1225470755,2026-08-25 19:57:39
002329,20260825,20260813,2026年第一次临时股东会决议公告,,0,https://www.cninfo.com.cn/new/disclosure/detail?annoId=1225470754,2026-08-25 19:57:39
002329,20260825,20260814,股票交易异常波动暨风险提示公告,,2,https://www.cninfo.com.cn/new/disclosure/detail?annoId=1225472577,2026-08-25 19:57:39
002329,20260825,20260826,关于注销产业投资发展基金的公告,,0,https://www.cninfo.com.cn/new/disclosure/detail?annoId=1225503522,2026-08-25 19:57:39
002329,20260826,20260526,关于2026年度董事及高级管理人员薪酬方案的公告,,0,https://www.cninfo.com.cn/new/disclosure/detail?annoId=1225329602,2026-08-27 00:11:25
002329,20260826,20260526,董事及高级管理人员薪酬管理制度,,0,https://www.cninfo.com.cn/new/disclosure/detail?annoId=1225329601,2026-08-27 00:11:25
002329,20260826,20260526,关于2026年度担保额度预计的公告,,0,https://www.cninfo.com.cn/new/disclosure/detail?annoId=1225329600,2026-08-27 00:11:25
002329,20260826,20260616,北京市康达律师事务所关于皇氏集团股份有限公司2025年度股东会的法律意见书,,0,https://www.cninfo.com.cn/new/disclosure/detail?annoId=1225370873,2026-08-27 00:11:25
002329,20260826,20260616,2025年度股东会决议公告,,0,https://www.cninfo.com.cn/new/disclosure/detail?annoId=1225370872,2026-08-27 00:11:25
002329,20260826,20260702,2026年07月02日投资者关系活动记录表,,0,https://www.cninfo.com.cn/new/disclosure/detail?annoId=1225407538,2026-08-27 00:11:25
002329,20260826,20260708,股票交易异常波动公告,,2,https://www.cninfo.com.cn/new/disclosure/detail?annoId=1225414345,2026-08-27 00:11:25
002329,20260826,20260711,关于对外担保的进展公告,,0,https://www.cninfo.com.cn/new/disclosure/detail?annoId=1225419385,2026-08-27 00:11:25
002329,20260826,20260715,2026年半年度业绩预告,,0,https://www.cninfo.com.cn/new/disclosure/detail?annoId=1225424390,2026-08-27 00:11:25
002329,20260826,20260728,关于预计新增对外担保额度的公告,,0,https://www.cninfo.com.cn/new/disclosure/detail?annoId=1225443765,2026-08-27 00:11:25
002329,20260826,20260728,关于召开2026年第一次临时股东会的通知,,0,https://www.cninfo.com.cn/new/disclosure/detail?annoId=1225443764,2026-08-27 00:11:25
002329,20260826,20260728,第七届董事会第十六次会议决议公告,,0,https://www.cninfo.com.cn/new/disclosure/detail?annoId=1225443763,2026-08-27 00:11:25
002329,20260826,20260731,关于控股股东协议转让公司部分股份的进展公告,,0,https://www.cninfo.com.cn/new/disclosure/detail?annoId=1225449638,2026-08-27 00:11:25
002329,20260826,20260731,简式权益变动报告书（黄嘉棣）,,0,https://www.cninfo.com.cn/new/disclosure/detail?annoId=1225449637,2026-08-27 00:11:25
002329,20260826,20260731,简式权益变动报告书（深圳嘉道）,,0,https://www.cninfo.com.cn/new/disclosure/detail?annoId=1225449636,2026-08-27 00:11:25
002329,20260826,20260812,股票交易异常波动公告,,2,https://www.cninfo.com.cn/new/disclosure/detail?annoId=1225468854,2026-08-27 00:11:25
002329,20260826,20260813,北京市康达律师事务所关于皇氏集团股份有限公司2026年第一次临时股东会的法律意见书,,0,https://www.cninfo.com.cn/new/disclosure/detail?annoId=1225470755,2026-08-27 00:11:25
002329,20260826,20260813,2026年第一次临时股东会决议公告,,0,https://www.cninfo.com.cn/new/disclosure/detail?annoId=1225470754,2026-08-27 00:11:25
002329,20260826,20260814,股票交易异常波动暨风险提示公告,,2,https://www.cninfo.com.cn/new/disclosure/detail?annoId=1225472577,2026-08-27 00:11:25
002329,20260826,20260826,关于注销产业投资发展基金的公告,,0,https://www.cninfo.com.cn/new/disclosure/detail?annoId=1225503522,2026-08-27 00:11:25
002329,20260827,20260526,关于2026年度董事及高级管理人员薪酬方案的公告,,0,https://www.cninfo.com.cn/new/disclosure/detail?annoId=1225329602,2026-08-27 21:27:26
002329,20260827,20260526,董事及高级管理人员薪酬管理制度,,0,https://www.cninfo.com.cn/new/disclosure/detail?annoId=1225329601,2026-08-27 21:27:26
002329,20260827,20260526,关于2026年度担保额度预计的公告,,0,https://www.cninfo.com.cn/new/disclosure/detail?annoId=1225329600,2026-08-27 21:27:26
002329,20260827,20260616,北京市康达律师事务所关于皇氏集团股份有限公司2025年度股东会的法律意见书,,0,https://www.cninfo.com.cn/new/disclosure/detail?annoId=1225370873,2026-08-27 21:27:26
002329,20260827,20260616,2025年度股东会决议公告,,0,https://www.cninfo.com.cn/new/disclosure/detail?annoId=1225370872,2026-08-27 21:27:26
002329,20260827,20260702,2026年07月02日投资者关系活动记录表,,0,https://www.cninfo.com.cn/new/disclosure/detail?annoId=1225407538,2026-08-27 21:27:26
002329,20260827,20260708,股票交易异常波动公告,,2,https://www.cninfo.com.cn/new/disclosure/detail?annoId=1225414345,2026-08-27 21:27:26
002329,20260827,20260711,关于对外担保的进展公告,,0,https://www.cninfo.com.cn/new/disclosure/detail?annoId=1225419385,2026-08-27 21:27:26
002329,20260827,20260715,2026年半年度业绩预告,,0,https://www.cninfo.com.cn/new/disclosure/detail?annoId=1225424390,2026-08-27 21:27:26
002329,20260827,20260728,关于预计新增对外担保额度的公告,,0,https://www.cninfo.com.cn/new/disclosure/detail?annoId=1225443765,2026-08-27 21:27:26
002329,20260827,20260728,关于召开2026年第一次临时股东会的通知,,0,https://www.cninfo.com.cn/new/disclosure/detail?annoId=1225443764,2026-08-27 21:27:26
002329,20260827,20260728,第七届董事会第十六次会议决议公告,,0,https://www.cninfo.com.cn/new/disclosure/detail?annoId=1225443763,2026-08-27 21:27:26
002329,20260827,20260731,关于控股股东协议转让公司部分股份的进展公告,,0,https://www.cninfo.com.cn/new/disclosure/detail?annoId=1225449638,2026-08-27 21:27:26
002329,20260827,20260731,简式权益变动报告书（黄嘉棣）,,0,https://www.cninfo.com.cn/new/disclosure/detail?annoId=1225449637,2026-08-27 21:27:26
002329,20260827,20260731,简式权益变动报告书（深圳嘉道）,,0,https://www.cninfo.com.cn/new/disclosure/detail?annoId=1225449636,2026-08-27 21:27:26
002329,20260827,20260812,股票交易异常波动公告,,2,https://www.cninfo.com.cn/new/disclosure/detail?annoId=1225468854,2026-08-27 21:27:26
002329,20260827,20260813,北京市康达律师事务所关于皇氏集团股份有限公司2026年第一次临时股东会的法律意见书,,0,https://www.cninfo.com.cn/new/disclosure/detail?annoId=1225470755,2026-08-27 21:27:26
002329,20260827,20260813,2026年第一次临时股东会决议公告,,0,https://www.cninfo.com.cn/new/disclosure/detail?annoId=1225470754,2026-08-27 21:27:26
002329,20260827,20260814,股票交易异常波动暨风险提示公告,,2,https://www.cninfo.com.cn/new/disclosure/detail?annoId=1225472577,2026-08-27 21:27:26
002329,20260827,20260826,关于注销产业投资发展基金的公告,,0,https://www.cninfo.com.cn/new/disclosure/detail?annoId=1225503522,2026-08-27 21:27:26
002329,20260831,20260616,北京市康达律师事务所关于皇氏集团股份有限公司2025年度股东会的法律意见书,,0,https://www.cninfo.com.cn/new/disclosure/detail?annoId=1225370873,2026-08-31 21:10:24
002329,20260831,20260702,2026年07月02日投资者关系活动记录表,,0,https://www.cninfo.com.cn/new/disclosure/detail?annoId=1225407538,2026-08-31 21:10:24
002329,20260831,20260708,股票交易异常波动公告,,2,https://www.cninfo.com.cn/new/disclosure/detail?annoId=1225414345,2026-08-31 21:10:24
002329,20260831,20260711,关于对外担保的进展公告,,0,https://www.cninfo.com.cn/new/disclosure/detail?annoId=1225419385,2026-08-31 21:10:24
002329,20260831,20260715,2026年半年度业绩预告,,0,https://www.cninfo.com.cn/new/disclosure/detail?annoId=1225424390,2026-08-31 21:10:24
002329,20260831,20260728,关于预计新增对外担保额度的公告,,0,https://www.cninfo.com.cn/new/disclosure/detail?annoId=1225443765,2026-08-31 21:10:24
002329,20260831,20260728,关于召开2026年第一次临时股东会的通知,,0,https://www.cninfo.com.cn/new/disclosure/detail?annoId=1225443764,2026-08-31 21:10:24
002329,20260831,20260728,第七届董事会第十六次会议决议公告,,0,https://www.cninfo.com.cn/new/disclosure/detail?annoId=1225443763,2026-08-31 21:10:24
002329,20260831,20260731,关于控股股东协议转让公司部分股份的进展公告,,0,https://www.cninfo.com.cn/new/disclosure/detail?annoId=1225449638,2026-08-31 21:10:24
002329,20260831,20260731,简式权益变动报告书（黄嘉棣）,,0,https://www.cninfo.com.cn/new/disclosure/detail?annoId=1225449637,2026-08-31 21:10:24
002329,20260831,20260731,简式权益变动报告书（深圳嘉道）,,0,https://www.cninfo.com.cn/new/disclosure/detail?annoId=1225449636,2026-08-31 21:10:24
002329,20260831,20260812,股票交易异常波动公告,,2,https://www.cninfo.com.cn/new/disclosure/detail?annoId=1225468854,2026-08-31 21:10:24
002329,20260831,20260813,北京市康达律师事务所关于皇氏集团股份有限公司2026年第一次临时股东会的法律意见书,,0,https://www.cninfo.com.cn/new/disclosure/detail?annoId=1225470755,2026-08-31 21:10:24
002329,20260831,20260813,2026年第一次临时股东会决议公告,,0,https://www.cninfo.com.cn/new/disclosure/detail?annoId=1225470754,2026-08-31 21:10:24
002329,20260831,20260814,股票交易异常波动暨风险提示公告,,2,https://www.cninfo.com.cn/new/disclosure/detail?annoId=1225472577,2026-08-31 21:10:24
002329,20260831,20260826,关于注销产业投资发展基金的公告,,0,https://www.cninfo.com.cn/new/disclosure/detail?annoId=1225503522,2026-08-31 21:10:24
002329,20260831,20260829,2026年半年度非经营性资金占用及其他关联资金往来情况汇总表,,0,https://www.cninfo.com.cn/new/disclosure/detail?annoId=1225528565,2026-08-31 21:10:24
002329,20260831,20260829,2026年半年度报告,,0,https://www.cninfo.com.cn/new/disclosure/detail?annoId=1225528564,2026-08-31 21:10:24
002329,20260831,20260829,2026年半年度报告摘要,,0,https://www.cninfo.com.cn/new/disclosure/detail?annoId=1225528563,2026-08-31 21:10:24
002329,20260831,20260829,关于对外担保的进展公告,,0,https://www.cninfo.com.cn/new/disclosure/detail?annoId=1225528562,2026-08-31 21:10:24
002412,20260824,20260527,关于董事会完成换届选举及聘任高级管理人员、财务总监、董事会秘书、内部审计负责人、证券事务代表的公告,,0,https://www.cninfo.com.cn/new/disclosure/detail?annoId=1225331414,2026-08-25 10:15:21
002412,20260824,20260527,第七届董事会第一次会议决议的公告,,0,https://www.cninfo.com.cn/new/disclosure/detail?annoId=1225331413,2026-08-25 10:15:21
002412,20260824,20260603,关于参股公司减少注册资本暨关联交易的公告,,0,https://www.cninfo.com.cn/new/disclosure/detail?annoId=1225346512,2026-08-25 10:15:21
002412,20260824,20260603,第七届董事会第二次会议决议的公告,,0,https://www.cninfo.com.cn/new/disclosure/detail?annoId=1225346511,2026-08-25 10:15:21
002412,20260824,20260609,2025年年度权益分派实施公告,,0,https://www.cninfo.com.cn/new/disclosure/detail?annoId=1225357940,2026-08-25 10:15:21
002412,20260824,20260709,关于公司药品生产许可证变更的公告,,0,https://www.cninfo.com.cn/new/disclosure/detail?annoId=1225415261,2026-08-25 10:15:21
002412,20260824,20260710,关于公司产品入选《国家基本药物目录（2026年版）》的公告,,0,https://www.cninfo.com.cn/new/disclosure/detail?annoId=1225416911,2026-08-25 10:15:21
002412,20260824,20260715,2026年半年度业绩预告,,0,https://www.cninfo.com.cn/new/disclosure/detail?annoId=1225424873,2026-08-25 10:15:21
002412,20260824,20260724,关于股票交易异常波动的公告,,2,https://www.cninfo.com.cn/new/disclosure/detail?annoId=1225439456,2026-08-25 10:15:21
002412,20260824,20260729,关于全资子公司利润分配的公告,,0,https://www.cninfo.com.cn/new/disclosure/detail?annoId=1225445385,2026-08-25 10:15:21
002412,20260824,20260729,关于投资项目拟终止的公告,,0,https://www.cninfo.com.cn/new/disclosure/detail?annoId=1225445384,2026-08-25 10:15:21
002412,20260824,20260729,第七届董事会第三次会议决议的公告,,0,https://www.cninfo.com.cn/new/disclosure/detail?annoId=1225445383,2026-08-25 10:15:21
002412,20260824,20260731,关于收到全资子公司分红款的公告,,0,https://www.cninfo.com.cn/new/disclosure/detail?annoId=1225449028,2026-08-25 10:15:21
002412,20260824,20260821,关于股票交易异常波动的公告,,2,https://www.cninfo.com.cn/new/disclosure/detail?annoId=1225487281,2026-08-25 10:15:21
002412,20260824,20260825,关于股票交易异常波动的公告,,2,https://www.cninfo.com.cn/new/disclosure/detail?annoId=1225497781,2026-08-25 10:15:21
002412,20260824,20260825,关于会计政策变更的公告,,0,https://www.cninfo.com.cn/new/disclosure/detail?annoId=1225495281,2026-08-25 10:15:21
002412,20260824,20260825,2026年半年度财务报告,,0,https://www.cninfo.com.cn/new/disclosure/detail?annoId=1225495280,2026-08-25 10:15:21
002412,20260824,20260825,2026年半年度非经营性资金占用及其他关联资金往来情况汇总表,,0,https://www.cninfo.com.cn/new/disclosure/detail?annoId=1225495279,2026-08-25 10:15:21
002412,20260824,20260825,2026年半年度报告,,0,https://www.cninfo.com.cn/new/disclosure/detail?annoId=1225495278,2026-08-25 10:15:21
002412,20260824,20260825,2026年半年度报告摘要,,0,https://www.cninfo.com.cn/new/disclosure/detail?annoId=1225495277,2026-08-25 10:15:21
002412,20260825,20260527,关于董事会完成换届选举及聘任高级管理人员、财务总监、董事会秘书、内部审计负责人、证券事务代表的公告,,0,https://www.cninfo.com.cn/new/disclosure/detail?annoId=1225331414,2026-08-25 19:57:39
002412,20260825,20260527,第七届董事会第一次会议决议的公告,,0,https://www.cninfo.com.cn/new/disclosure/detail?annoId=1225331413,2026-08-25 19:57:39
002412,20260825,20260603,关于参股公司减少注册资本暨关联交易的公告,,0,https://www.cninfo.com.cn/new/disclosure/detail?annoId=1225346512,2026-08-25 19:57:39
002412,20260825,20260603,第七届董事会第二次会议决议的公告,,0,https://www.cninfo.com.cn/new/disclosure/detail?annoId=1225346511,2026-08-25 19:57:39
002412,20260825,20260609,2025年年度权益分派实施公告,,0,https://www.cninfo.com.cn/new/disclosure/detail?annoId=1225357940,2026-08-25 19:57:39
002412,20260825,20260709,关于公司药品生产许可证变更的公告,,0,https://www.cninfo.com.cn/new/disclosure/detail?annoId=1225415261,2026-08-25 19:57:39
002412,20260825,20260710,关于公司产品入选《国家基本药物目录（2026年版）》的公告,,0,https://www.cninfo.com.cn/new/disclosure/detail?annoId=1225416911,2026-08-25 19:57:39
002412,20260825,20260715,2026年半年度业绩预告,,0,https://www.cninfo.com.cn/new/disclosure/detail?annoId=1225424873,2026-08-25 19:57:39
002412,20260825,20260724,关于股票交易异常波动的公告,,2,https://www.cninfo.com.cn/new/disclosure/detail?annoId=1225439456,2026-08-25 19:57:39
002412,20260825,20260729,关于全资子公司利润分配的公告,,0,https://www.cninfo.com.cn/new/disclosure/detail?annoId=1225445385,2026-08-25 19:57:39
002412,20260825,20260729,关于投资项目拟终止的公告,,0,https://www.cninfo.com.cn/new/disclosure/detail?annoId=1225445384,2026-08-25 19:57:39
002412,20260825,20260729,第七届董事会第三次会议决议的公告,,0,https://www.cninfo.com.cn/new/disclosure/detail?annoId=1225445383,2026-08-25 19:57:39
002412,20260825,20260731,关于收到全资子公司分红款的公告,,0,https://www.cninfo.com.cn/new/disclosure/detail?annoId=1225449028,2026-08-25 19:57:39
002412,20260825,20260821,关于股票交易异常波动的公告,,2,https://www.cninfo.com.cn/new/disclosure/detail?annoId=1225487281,2026-08-25 19:57:39
002412,20260825,20260825,关于股票交易异常波动的公告,,2,https://www.cninfo.com.cn/new/disclosure/detail?annoId=1225497781,2026-08-25 19:57:39
002412,20260825,20260825,关于会计政策变更的公告,,0,https://www.cninfo.com.cn/new/disclosure/detail?annoId=1225495281,2026-08-25 19:57:39
002412,20260825,20260825,2026年半年度财务报告,,0,https://www.cninfo.com.cn/new/disclosure/detail?annoId=1225495280,2026-08-25 19:57:39
002412,20260825,20260825,2026年半年度非经营性资金占用及其他关联资金往来情况汇总表,,0,https://www.cninfo.com.cn/new/disclosure/detail?annoId=1225495279,2026-08-25 19:57:39
002412,20260825,20260825,2026年半年度报告,,0,https://www.cninfo.com.cn/new/disclosure/detail?annoId=1225495278,2026-08-25 19:57:39
002412,20260825,20260825,2026年半年度报告摘要,,0,https://www.cninfo.com.cn/new/disclosure/detail?annoId=1225495277,2026-08-25 19:57:39
002412,20260826,20260527,关于董事会完成换届选举及聘任高级管理人员、财务总监、董事会秘书、内部审计负责人、证券事务代表的公告,,0,https://www.cninfo.com.cn/new/disclosure/detail?annoId=1225331414,2026-08-27 00:11:26
002412,20260826,20260527,第七届董事会第一次会议决议的公告,,0,https://www.cninfo.com.cn/new/disclosure/detail?annoId=1225331413,2026-08-27 00:11:26
002412,20260826,20260603,关于参股公司减少注册资本暨关联交易的公告,,0,https://www.cninfo.com.cn/new/disclosure/detail?annoId=1225346512,2026-08-27 00:11:26
002412,20260826,20260603,第七届董事会第二次会议决议的公告,,0,https://www.cninfo.com.cn/new/disclosure/detail?annoId=1225346511,2026-08-27 00:11:26
002412,20260826,20260609,2025年年度权益分派实施公告,,0,https://www.cninfo.com.cn/new/disclosure/detail?annoId=1225357940,2026-08-27 00:11:26
002412,20260826,20260709,关于公司药品生产许可证变更的公告,,0,https://www.cninfo.com.cn/new/disclosure/detail?annoId=1225415261,2026-08-27 00:11:26
002412,20260826,20260710,关于公司产品入选《国家基本药物目录（2026年版）》的公告,,0,https://www.cninfo.com.cn/new/disclosure/detail?annoId=1225416911,2026-08-27 00:11:26
002412,20260826,20260715,2026年半年度业绩预告,,0,https://www.cninfo.com.cn/new/disclosure/detail?annoId=1225424873,2026-08-27 00:11:26
002412,20260826,20260724,关于股票交易异常波动的公告,,2,https://www.cninfo.com.cn/new/disclosure/detail?annoId=1225439456,2026-08-27 00:11:26
002412,20260826,20260729,关于全资子公司利润分配的公告,,0,https://www.cninfo.com.cn/new/disclosure/detail?annoId=1225445385,2026-08-27 00:11:26
002412,20260826,20260729,关于投资项目拟终止的公告,,0,https://www.cninfo.com.cn/new/disclosure/detail?annoId=1225445384,2026-08-27 00:11:26
002412,20260826,20260729,第七届董事会第三次会议决议的公告,,0,https://www.cninfo.com.cn/new/disclosure/detail?annoId=1225445383,2026-08-27 00:11:26
002412,20260826,20260731,关于收到全资子公司分红款的公告,,0,https://www.cninfo.com.cn/new/disclosure/detail?annoId=1225449028,2026-08-27 00:11:26
002412,20260826,20260821,关于股票交易异常波动的公告,,2,https://www.cninfo.com.cn/new/disclosure/detail?annoId=1225487281,2026-08-27 00:11:26
002412,20260826,20260825,关于股票交易异常波动的公告,,2,https://www.cninfo.com.cn/new/disclosure/detail?annoId=1225497781,2026-08-27 00:11:26
002412,20260826,20260825,关于会计政策变更的公告,,0,https://www.cninfo.com.cn/new/disclosure/detail?annoId=1225495281,2026-08-27 00:11:26
002412,20260826,20260825,2026年半年度财务报告,,0,https://www.cninfo.com.cn/new/disclosure/detail?annoId=1225495280,2026-08-27 00:11:26
002412,20260826,20260825,2026年半年度非经营性资金占用及其他关联资金往来情况汇总表,,0,https://www.cninfo.com.cn/new/disclosure/detail?annoId=1225495279,2026-08-27 00:11:26
002412,20260826,20260825,2026年半年度报告,,0,https://www.cninfo.com.cn/new/disclosure/detail?annoId=1225495278,2026-08-27 00:11:26
002412,20260826,20260825,2026年半年度报告摘要,,0,https://www.cninfo.com.cn/new/disclosure/detail?annoId=1225495277,2026-08-27 00:11:26
002412,20260827,20260603,关于参股公司减少注册资本暨关联交易的公告,,0,https://www.cninfo.com.cn/new/disclosure/detail?annoId=1225346512,2026-08-27 21:27:26
002412,20260827,20260609,2025年年度权益分派实施公告,,0,https://www.cninfo.com.cn/new/disclosure/detail?annoId=1225357940,2026-08-27 21:27:26
002412,20260827,20260709,关于公司药品生产许可证变更的公告,,0,https://www.cninfo.com.cn/new/disclosure/detail?annoId=1225415261,2026-08-27 21:27:26
002412,20260827,20260710,关于公司产品入选《国家基本药物目录（2026年版）》的公告,,0,https://www.cninfo.com.cn/new/disclosure/detail?annoId=1225416911,2026-08-27 21:27:26
002412,20260827,20260715,2026年半年度业绩预告,,0,https://www.cninfo.com.cn/new/disclosure/detail?annoId=1225424873,2026-08-27 21:27:26
002412,20260827,20260724,关于股票交易异常波动的公告,,2,https://www.cninfo.com.cn/new/disclosure/detail?annoId=1225439456,2026-08-27 21:27:26
002412,20260827,20260729,关于全资子公司利润分配的公告,,0,https://www.cninfo.com.cn/new/disclosure/detail?annoId=1225445385,2026-08-27 21:27:26
002412,20260827,20260729,关于投资项目拟终止的公告,,0,https://www.cninfo.com.cn/new/disclosure/detail?annoId=1225445384,2026-08-27 21:27:26
002412,20260827,20260729,第七届董事会第三次会议决议的公告,,0,https://www.cninfo.com.cn/new/disclosure/detail?annoId=1225445383,2026-08-27 21:27:26
002412,20260827,20260731,关于收到全资子公司分红款的公告,,0,https://www.cninfo.com.cn/new/disclosure/detail?annoId=1225449028,2026-08-27 21:27:26
002412,20260827,20260821,关于股票交易异常波动的公告,,2,https://www.cninfo.com.cn/new/disclosure/detail?annoId=1225487281,2026-08-27 21:27:26
002412,20260827,20260825,关于股票交易异常波动的公告,,2,https://www.cninfo.com.cn/new/disclosure/detail?annoId=1225497781,2026-08-27 21:27:26
002412,20260827,20260825,关于会计政策变更的公告,,0,https://www.cninfo.com.cn/new/disclosure/detail?annoId=1225495281,2026-08-27 21:27:26
002412,20260827,20260825,2026年半年度财务报告,,0,https://www.cninfo.com.cn/new/disclosure/detail?annoId=1225495280,2026-08-27 21:27:26
002412,20260827,20260825,2026年半年度非经营性资金占用及其他关联资金往来情况汇总表,,0,https://www.cninfo.com.cn/new/disclosure/detail?annoId=1225495279,2026-08-27 21:27:26
002412,20260827,20260825,2026年半年度报告,,0,https://www.cninfo.com.cn/new/disclosure/detail?annoId=1225495278,2026-08-27 21:27:26
002412,20260827,20260825,2026年半年度报告摘要,,0,https://www.cninfo.com.cn/new/disclosure/detail?annoId=1225495277,2026-08-27 21:27:26
002412,20260827,20260828,关于股票交易异常波动暨风险提示性公告,,2,https://www.cninfo.com.cn/new/disclosure/detail?annoId=1225517899,2026-08-27 21:27:26
002412,20260827,20260828,关于公司药品生产许可证变更的公告,,0,https://www.cninfo.com.cn/new/disclosure/detail?annoId=1225517061,2026-08-27 21:27:26
002412,20260827,20260828,关于参加2026年湖南辖区上市公司投资者网上集体接待日暨半年度业绩说明会活动的公告,,0,https://www.cninfo.com.cn/new/disclosure/detail?annoId=1225517060,2026-08-27 21:27:26
002412,20260831,20260603,关于参股公司减少注册资本暨关联交易的公告,,0,https://www.cninfo.com.cn/new/disclosure/detail?annoId=1225346512,2026-08-31 21:10:25
002412,20260831,20260609,2025年年度权益分派实施公告,,0,https://www.cninfo.com.cn/new/disclosure/detail?annoId=1225357940,2026-08-31 21:10:25
002412,20260831,20260709,关于公司药品生产许可证变更的公告,,0,https://www.cninfo.com.cn/new/disclosure/detail?annoId=1225415261,2026-08-31 21:10:25
002412,20260831,20260710,关于公司产品入选《国家基本药物目录（2026年版）》的公告,,0,https://www.cninfo.com.cn/new/disclosure/detail?annoId=1225416911,2026-08-31 21:10:25
002412,20260831,20260715,2026年半年度业绩预告,,0,https://www.cninfo.com.cn/new/disclosure/detail?annoId=1225424873,2026-08-31 21:10:25
002412,20260831,20260724,关于股票交易异常波动的公告,,2,https://www.cninfo.com.cn/new/disclosure/detail?annoId=1225439456,2026-08-31 21:10:25
002412,20260831,20260729,关于全资子公司利润分配的公告,,0,https://www.cninfo.com.cn/new/disclosure/detail?annoId=1225445385,2026-08-31 21:10:25
002412,20260831,20260729,关于投资项目拟终止的公告,,0,https://www.cninfo.com.cn/new/disclosure/detail?annoId=1225445384,2026-08-31 21:10:25
002412,20260831,20260729,第七届董事会第三次会议决议的公告,,0,https://www.cninfo.com.cn/new/disclosure/detail?annoId=1225445383,2026-08-31 21:10:25
002412,20260831,20260731,关于收到全资子公司分红款的公告,,0,https://www.cninfo.com.cn/new/disclosure/detail?annoId=1225449028,2026-08-31 21:10:25
002412,20260831,20260821,关于股票交易异常波动的公告,,2,https://www.cninfo.com.cn/new/disclosure/detail?annoId=1225487281,2026-08-31 21:10:25
002412,20260831,20260825,关于股票交易异常波动的公告,,2,https://www.cninfo.com.cn/new/disclosure/detail?annoId=1225497781,2026-08-31 21:10:25
002412,20260831,20260825,关于会计政策变更的公告,,0,https://www.cninfo.com.cn/new/disclosure/detail?annoId=1225495281,2026-08-31 21:10:25
002412,20260831,20260825,2026年半年度财务报告,,0,https://www.cninfo.com.cn/new/disclosure/detail?annoId=1225495280,2026-08-31 21:10:25
002412,20260831,20260825,2026年半年度非经营性资金占用及其他关联资金往来情况汇总表,,0,https://www.cninfo.com.cn/new/disclosure/detail?annoId=1225495279,2026-08-31 21:10:25
002412,20260831,20260825,2026年半年度报告,,0,https://www.cninfo.com.cn/new/disclosure/detail?annoId=1225495278,2026-08-31 21:10:25
002412,20260831,20260825,2026年半年度报告摘要,,0,https://www.cninfo.com.cn/new/disclosure/detail?annoId=1225495277,2026-08-31 21:10:25
002412,20260831,20260828,关于股票交易异常波动暨风险提示性公告,,2,https://www.cninfo.com.cn/new/disclosure/detail?annoId=1225517899,2026-08-31 21:10:25
002412,20260831,20260828,关于公司药品生产许可证变更的公告,,0,https://www.cninfo.com.cn/new/disclosure/detail?annoId=1225517061,2026-08-31 21:10:25
002412,20260831,20260828,关于参加2026年湖南辖区上市公司投资者网上集体接待日暨半年度业绩说明会活动的公告,,0,https://www.cninfo.com.cn/new/disclosure/detail?annoId=1225517060,2026-08-31 21:10:25
002425,20260807,20260523,凯撒文化-2025年度股东会法律意见书,,0,https://www.cninfo.com.cn/new/disclosure/detail?annoId=1225327596,2026-08-27 20:11:56
002425,20260807,20260528,关于归还暂时补充流动资金的闲置募集资金的公告,,0,https://www.cninfo.com.cn/new/disclosure/detail?annoId=1225332727,2026-08-27 20:11:56
002425,20260807,20260530,浙商证券股份有限公司关于凯撒（中国）文化股份有限公司继续使用部分闲置募集资金暂时补充流动资金的核查意见,,0,https://www.cninfo.com.cn/new/disclosure/detail?annoId=1225338590,2026-08-27 20:11:56
002425,20260807,20260530,关于继续使用部分闲置募集资金暂时补充流动资金的公告,,0,https://www.cninfo.com.cn/new/disclosure/detail?annoId=1225338589,2026-08-27 20:11:56
002425,20260807,20260530,第八届董事会第二十三次会议决议公告,,0,https://www.cninfo.com.cn/new/disclosure/detail?annoId=1225338588,2026-08-27 20:11:56
002425,20260807,20260605,关于2025年员工持股计划第一个锁定期届满暨解锁条件成就的提示性公告,,0,https://www.cninfo.com.cn/new/disclosure/detail?annoId=1225351712,2026-08-27 20:11:56
002425,20260807,20260715,凯撒（中国）文化股份有限公司2026年半年度业绩预告,,0,https://www.cninfo.com.cn/new/disclosure/detail?annoId=1225423266,2026-08-27 20:11:56
002425,20260807,20260731,独立董事提名人声明与承诺（蔡开雄）,,0,https://www.cninfo.com.cn/new/disclosure/detail?annoId=1225448122,2026-08-27 20:11:56
002425,20260807,20260731,独立董事提名人声明与承诺（李毅锋）,,0,https://www.cninfo.com.cn/new/disclosure/detail?annoId=1225448121,2026-08-27 20:11:56
002425,20260807,20260731,独立董事候选人声明与承诺（蔡开雄）,,0,https://www.cninfo.com.cn/new/disclosure/detail?annoId=1225448120,2026-08-27 20:11:56
002425,20260807,20260731,独立董事候选人声明与承诺（李毅锋）,,0,https://www.cninfo.com.cn/new/disclosure/detail?annoId=1225448119,2026-08-27 20:11:56
002425,20260807,20260731,独立董事候选人声明与承诺（郑灼武）,,0,https://www.cninfo.com.cn/new/disclosure/detail?annoId=1225448118,2026-08-27 20:11:56
002425,20260807,20260731,独立董事提名人声明与承诺（郑灼武）,,0,https://www.cninfo.com.cn/new/disclosure/detail?annoId=1225448117,2026-08-27 20:11:56
002425,20260807,20260731,关于选举产生第九届董事会职工代表董事的公告,,0,https://www.cninfo.com.cn/new/disclosure/detail?annoId=1225448116,2026-08-27 20:11:56
002425,20260807,20260731,关于召开2026年第一次临时股东会的通知,,0,https://www.cninfo.com.cn/new/disclosure/detail?annoId=1225448115,2026-08-27 20:11:56
002425,20260807,20260731,第八届董事会第二十四次会议决议公告,,0,https://www.cninfo.com.cn/new/disclosure/detail?annoId=1225448114,2026-08-27 20:11:56
002425,20260807,20260807,关于股票异常波动的公告,,2,https://www.cninfo.com.cn/new/disclosure/detail?annoId=1225461820,2026-08-27 20:11:56
002425,20260807,20260818,凯撒文化-2026年第一次临时股东会法律意见书,,0,https://www.cninfo.com.cn/new/disclosure/detail?annoId=1225478607,2026-08-27 20:11:56
002425,20260807,20260818,2026年第一次临时股东会决议公告,,0,https://www.cninfo.com.cn/new/disclosure/detail?annoId=1225478606,2026-08-27 20:11:56
002425,20260807,20260818,第九届董事会第一次会议决议公告,,0,https://www.cninfo.com.cn/new/disclosure/detail?annoId=1225478605,2026-08-27 20:11:56
002425,20260827,20260523,凯撒文化-2025年度股东会法律意见书,,0,https://www.cninfo.com.cn/new/disclosure/detail?annoId=1225327596,2026-08-27 21:27:27
002425,20260827,20260528,关于归还暂时补充流动资金的闲置募集资金的公告,,0,https://www.cninfo.com.cn/new/disclosure/detail?annoId=1225332727,2026-08-27 21:27:27
002425,20260827,20260530,浙商证券股份有限公司关于凯撒（中国）文化股份有限公司继续使用部分闲置募集资金暂时补充流动资金的核查意见,,0,https://www.cninfo.com.cn/new/disclosure/detail?annoId=1225338590,2026-08-27 21:27:27
002425,20260827,20260530,关于继续使用部分闲置募集资金暂时补充流动资金的公告,,0,https://www.cninfo.com.cn/new/disclosure/detail?annoId=1225338589,2026-08-27 21:27:27
002425,20260827,20260530,第八届董事会第二十三次会议决议公告,,0,https://www.cninfo.com.cn/new/disclosure/detail?annoId=1225338588,2026-08-27 21:27:27
002425,20260827,20260605,关于2025年员工持股计划第一个锁定期届满暨解锁条件成就的提示性公告,,0,https://www.cninfo.com.cn/new/disclosure/detail?annoId=1225351712,2026-08-27 21:27:27
002425,20260827,20260715,凯撒（中国）文化股份有限公司2026年半年度业绩预告,,0,https://www.cninfo.com.cn/new/disclosure/detail?annoId=1225423266,2026-08-27 21:27:27
002425,20260827,20260731,独立董事提名人声明与承诺（蔡开雄）,,0,https://www.cninfo.com.cn/new/disclosure/detail?annoId=1225448122,2026-08-27 21:27:27
002425,20260827,20260731,独立董事提名人声明与承诺（李毅锋）,,0,https://www.cninfo.com.cn/new/disclosure/detail?annoId=1225448121,2026-08-27 21:27:27
002425,20260827,20260731,独立董事候选人声明与承诺（蔡开雄）,,0,https://www.cninfo.com.cn/new/disclosure/detail?annoId=1225448120,2026-08-27 21:27:27
002425,20260827,20260731,独立董事候选人声明与承诺（李毅锋）,,0,https://www.cninfo.com.cn/new/disclosure/detail?annoId=1225448119,2026-08-27 21:27:27
002425,20260827,20260731,独立董事候选人声明与承诺（郑灼武）,,0,https://www.cninfo.com.cn/new/disclosure/detail?annoId=1225448118,2026-08-27 21:27:27
002425,20260827,20260731,独立董事提名人声明与承诺（郑灼武）,,0,https://www.cninfo.com.cn/new/disclosure/detail?annoId=1225448117,2026-08-27 21:27:27
002425,20260827,20260731,关于选举产生第九届董事会职工代表董事的公告,,0,https://www.cninfo.com.cn/new/disclosure/detail?annoId=1225448116,2026-08-27 21:27:27
002425,20260827,20260731,关于召开2026年第一次临时股东会的通知,,0,https://www.cninfo.com.cn/new/disclosure/detail?annoId=1225448115,2026-08-27 21:27:27
002425,20260827,20260731,第八届董事会第二十四次会议决议公告,,0,https://www.cninfo.com.cn/new/disclosure/detail?annoId=1225448114,2026-08-27 21:27:27
002425,20260827,20260807,关于股票异常波动的公告,,2,https://www.cninfo.com.cn/new/disclosure/detail?annoId=1225461820,2026-08-27 21:27:27
002425,20260827,20260818,凯撒文化-2026年第一次临时股东会法律意见书,,0,https://www.cninfo.com.cn/new/disclosure/detail?annoId=1225478607,2026-08-27 21:27:27
002425,20260827,20260818,2026年第一次临时股东会决议公告,,0,https://www.cninfo.com.cn/new/disclosure/detail?annoId=1225478606,2026-08-27 21:27:27
002425,20260827,20260818,第九届董事会第一次会议决议公告,,0,https://www.cninfo.com.cn/new/disclosure/detail?annoId=1225478605,2026-08-27 21:27:27
002425,20260831,20260715,凯撒（中国）文化股份有限公司2026年半年度业绩预告,,0,https://www.cninfo.com.cn/new/disclosure/detail?annoId=1225423266,2026-08-31 21:10:25
002425,20260831,20260731,独立董事提名人声明与承诺（蔡开雄）,,0,https://www.cninfo.com.cn/new/disclosure/detail?annoId=1225448122,2026-08-31 21:10:25
002425,20260831,20260731,独立董事提名人声明与承诺（李毅锋）,,0,https://www.cninfo.com.cn/new/disclosure/detail?annoId=1225448121,2026-08-31 21:10:25
002425,20260831,20260731,独立董事候选人声明与承诺（蔡开雄）,,0,https://www.cninfo.com.cn/new/disclosure/detail?annoId=1225448120,2026-08-31 21:10:25
002425,20260831,20260731,独立董事候选人声明与承诺（李毅锋）,,0,https://www.cninfo.com.cn/new/disclosure/detail?annoId=1225448119,2026-08-31 21:10:25
002425,20260831,20260731,独立董事候选人声明与承诺（郑灼武）,,0,https://www.cninfo.com.cn/new/disclosure/detail?annoId=1225448118,2026-08-31 21:10:25
002425,20260831,20260731,独立董事提名人声明与承诺（郑灼武）,,0,https://www.cninfo.com.cn/new/disclosure/detail?annoId=1225448117,2026-08-31 21:10:25
002425,20260831,20260731,关于选举产生第九届董事会职工代表董事的公告,,0,https://www.cninfo.com.cn/new/disclosure/detail?annoId=1225448116,2026-08-31 21:10:25
002425,20260831,20260731,关于召开2026年第一次临时股东会的通知,,0,https://www.cninfo.com.cn/new/disclosure/detail?annoId=1225448115,2026-08-31 21:10:25
002425,20260831,20260731,第八届董事会第二十四次会议决议公告,,0,https://www.cninfo.com.cn/new/disclosure/detail?annoId=1225448114,2026-08-31 21:10:25
002425,20260831,20260807,关于股票异常波动的公告,,2,https://www.cninfo.com.cn/new/disclosure/detail?annoId=1225461820,2026-08-31 21:10:25
002425,20260831,20260818,凯撒文化-2026年第一次临时股东会法律意见书,,0,https://www.cninfo.com.cn/new/disclosure/detail?annoId=1225478607,2026-08-31 21:10:25
002425,20260831,20260818,2026年第一次临时股东会决议公告,,0,https://www.cninfo.com.cn/new/disclosure/detail?annoId=1225478606,2026-08-31 21:10:25
002425,20260831,20260818,第九届董事会第一次会议决议公告,,0,https://www.cninfo.com.cn/new/disclosure/detail?annoId=1225478605,2026-08-31 21:10:25
002425,20260831,20260829,关于2025年员工持股计划持有人会议第二次会议公告,,0,https://www.cninfo.com.cn/new/disclosure/detail?annoId=1225525026,2026-08-31 21:10:25
002425,20260831,20260829,第九届董事会第二次会议决议公告,,0,https://www.cninfo.com.cn/new/disclosure/detail?annoId=1225525025,2026-08-31 21:10:25
002425,20260831,20260829,关于募集资金2026年半年度存放与使用情况的专项报告,,0,https://www.cninfo.com.cn/new/disclosure/detail?annoId=1225525024,2026-08-31 21:10:25
002425,20260831,20260829,凯撒文化2026年半年度非经营性资金占用及其他关联资金往来情况汇总表,,0,https://www.cninfo.com.cn/new/disclosure/detail?annoId=1225525023,2026-08-31 21:10:25
002425,20260831,20260829,2026年半年度报告,,0,https://www.cninfo.com.cn/new/disclosure/detail?annoId=1225525022,2026-08-31 21:10:25
002425,20260831,20260829,2026年半年度报告摘要,,0,https://www.cninfo.com.cn/new/disclosure/detail?annoId=1225525021,2026-08-31 21:10:25
002428,20260807,20260527,2026年5月27日投资者关系活动记录表,,0,https://www.cninfo.com.cn/new/disclosure/detail?annoId=1225333739,2026-08-27 20:11:57
002428,20260807,20260527,关于放弃控股子公司股权转让优先购买权的公告,,0,https://www.cninfo.com.cn/new/disclosure/detail?annoId=1225331574,2026-08-27 20:11:57
002428,20260807,20260527,关于控股子公司为孙公司提供担保的公告,,0,https://www.cninfo.com.cn/new/disclosure/detail?annoId=1225331573,2026-08-27 20:11:57
002428,20260807,20260527,第九届董事会第五次会议决议公告,,0,https://www.cninfo.com.cn/new/disclosure/detail?annoId=1225331572,2026-08-27 20:11:57
002428,20260807,20260612,关于子公司及孙公司变更经营范围、住所并完成工商变更登记的公告,,0,https://www.cninfo.com.cn/new/disclosure/detail?annoId=1225365862,2026-08-27 20:11:57
002428,20260807,20260612,关于控股子公司为孙公司提供担保的进展公告,,0,https://www.cninfo.com.cn/new/disclosure/detail?annoId=1225365861,2026-08-27 20:11:57
002428,20260807,20260616,股票交易异常波动公告,,2,https://www.cninfo.com.cn/new/disclosure/detail?annoId=1225372204,2026-08-27 20:11:57
002428,20260807,20260616,关于控股股东部分股份质押的公告,,0,https://www.cninfo.com.cn/new/disclosure/detail?annoId=1225372181,2026-08-27 20:11:57
002428,20260807,20260625,股票交易异常波动公告,,2,https://www.cninfo.com.cn/new/disclosure/detail?annoId=1225386209,2026-08-27 20:11:57
002428,20260807,20260626,2025年年度权益分派实施公告,,0,https://www.cninfo.com.cn/new/disclosure/detail?annoId=1225387677,2026-08-27 20:11:57
002428,20260807,20260704,关于公司高级管理人员离任的公告,,0,https://www.cninfo.com.cn/new/disclosure/detail?annoId=1225408936,2026-08-27 20:11:57
002428,20260807,20260714,2026年半年度业绩预告,,0,https://www.cninfo.com.cn/new/disclosure/detail?annoId=1225422069,2026-08-27 20:11:57
002428,20260807,20260716,2026年7月16日投资者关系活动记录表,,0,https://www.cninfo.com.cn/new/disclosure/detail?annoId=1225428474,2026-08-27 20:11:57
002428,20260807,20260724,关于签订日常经营重大合同的公告,,0,https://www.cninfo.com.cn/new/disclosure/detail?annoId=1225438868,2026-08-27 20:11:57
002428,20260807,20260807,股票交易异常波动公告,,2,https://www.cninfo.com.cn/new/disclosure/detail?annoId=1225461856,2026-08-27 20:11:57
002428,20260807,20260828,关于会计政策变更的公告,,0,https://www.cninfo.com.cn/new/disclosure/detail?annoId=1225520958,2026-08-27 20:11:57
002428,20260807,20260828,第九届董事会第六次会议决议公告,,0,https://www.cninfo.com.cn/new/disclosure/detail?annoId=1225520957,2026-08-27 20:11:57
002428,20260807,20260828,2026年半年度非经营性资金占用及其他关联资金往来情况汇总表,,0,https://www.cninfo.com.cn/new/disclosure/detail?annoId=1225520956,2026-08-27 20:11:57
002428,20260807,20260828,2026年半年度报告,,0,https://www.cninfo.com.cn/new/disclosure/detail?annoId=1225520955,2026-08-27 20:11:57
002428,20260807,20260828,2026年半年度报告摘要,,0,https://www.cninfo.com.cn/new/disclosure/detail?annoId=1225520954,2026-08-27 20:11:57
002428,20260827,20260527,2026年5月27日投资者关系活动记录表,,0,https://www.cninfo.com.cn/new/disclosure/detail?annoId=1225333739,2026-08-27 21:27:27
002428,20260827,20260527,关于放弃控股子公司股权转让优先购买权的公告,,0,https://www.cninfo.com.cn/new/disclosure/detail?annoId=1225331574,2026-08-27 21:27:27
002428,20260827,20260527,关于控股子公司为孙公司提供担保的公告,,0,https://www.cninfo.com.cn/new/disclosure/detail?annoId=1225331573,2026-08-27 21:27:27
002428,20260827,20260527,第九届董事会第五次会议决议公告,,0,https://www.cninfo.com.cn/new/disclosure/detail?annoId=1225331572,2026-08-27 21:27:27
002428,20260827,20260612,关于子公司及孙公司变更经营范围、住所并完成工商变更登记的公告,,0,https://www.cninfo.com.cn/new/disclosure/detail?annoId=1225365862,2026-08-27 21:27:27
002428,20260827,20260612,关于控股子公司为孙公司提供担保的进展公告,,0,https://www.cninfo.com.cn/new/disclosure/detail?annoId=1225365861,2026-08-27 21:27:27
002428,20260827,20260616,股票交易异常波动公告,,2,https://www.cninfo.com.cn/new/disclosure/detail?annoId=1225372204,2026-08-27 21:27:27
002428,20260827,20260616,关于控股股东部分股份质押的公告,,0,https://www.cninfo.com.cn/new/disclosure/detail?annoId=1225372181,2026-08-27 21:27:27
002428,20260827,20260625,股票交易异常波动公告,,2,https://www.cninfo.com.cn/new/disclosure/detail?annoId=1225386209,2026-08-27 21:27:27
002428,20260827,20260626,2025年年度权益分派实施公告,,0,https://www.cninfo.com.cn/new/disclosure/detail?annoId=1225387677,2026-08-27 21:27:27
002428,20260827,20260704,关于公司高级管理人员离任的公告,,0,https://www.cninfo.com.cn/new/disclosure/detail?annoId=1225408936,2026-08-27 21:27:27
002428,20260827,20260714,2026年半年度业绩预告,,0,https://www.cninfo.com.cn/new/disclosure/detail?annoId=1225422069,2026-08-27 21:27:27
002428,20260827,20260716,2026年7月16日投资者关系活动记录表,,0,https://www.cninfo.com.cn/new/disclosure/detail?annoId=1225428474,2026-08-27 21:27:27
002428,20260827,20260724,关于签订日常经营重大合同的公告,,0,https://www.cninfo.com.cn/new/disclosure/detail?annoId=1225438868,2026-08-27 21:27:27
002428,20260827,20260807,股票交易异常波动公告,,2,https://www.cninfo.com.cn/new/disclosure/detail?annoId=1225461856,2026-08-27 21:27:27
002428,20260827,20260828,关于会计政策变更的公告,,0,https://www.cninfo.com.cn/new/disclosure/detail?annoId=1225520958,2026-08-27 21:27:27
002428,20260827,20260828,第九届董事会第六次会议决议公告,,0,https://www.cninfo.com.cn/new/disclosure/detail?annoId=1225520957,2026-08-27 21:27:27
002428,20260827,20260828,2026年半年度非经营性资金占用及其他关联资金往来情况汇总表,,0,https://www.cninfo.com.cn/new/disclosure/detail?annoId=1225520956,2026-08-27 21:27:27
002428,20260827,20260828,2026年半年度报告,,0,https://www.cninfo.com.cn/new/disclosure/detail?annoId=1225520955,2026-08-27 21:27:27
002428,20260827,20260828,2026年半年度报告摘要,,0,https://www.cninfo.com.cn/new/disclosure/detail?annoId=1225520954,2026-08-27 21:27:27
002428,20260831,20260527,2026年5月27日投资者关系活动记录表,,0,https://www.cninfo.com.cn/new/disclosure/detail?annoId=1225333739,2026-08-31 21:10:25
002428,20260831,20260527,关于放弃控股子公司股权转让优先购买权的公告,,0,https://www.cninfo.com.cn/new/disclosure/detail?annoId=1225331574,2026-08-31 21:10:25
002428,20260831,20260527,关于控股子公司为孙公司提供担保的公告,,0,https://www.cninfo.com.cn/new/disclosure/detail?annoId=1225331573,2026-08-31 21:10:25
002428,20260831,20260527,第九届董事会第五次会议决议公告,,0,https://www.cninfo.com.cn/new/disclosure/detail?annoId=1225331572,2026-08-31 21:10:25
002428,20260831,20260612,关于子公司及孙公司变更经营范围、住所并完成工商变更登记的公告,,0,https://www.cninfo.com.cn/new/disclosure/detail?annoId=1225365862,2026-08-31 21:10:25
002428,20260831,20260612,关于控股子公司为孙公司提供担保的进展公告,,0,https://www.cninfo.com.cn/new/disclosure/detail?annoId=1225365861,2026-08-31 21:10:25
002428,20260831,20260616,股票交易异常波动公告,,2,https://www.cninfo.com.cn/new/disclosure/detail?annoId=1225372204,2026-08-31 21:10:25
002428,20260831,20260616,关于控股股东部分股份质押的公告,,0,https://www.cninfo.com.cn/new/disclosure/detail?annoId=1225372181,2026-08-31 21:10:25
002428,20260831,20260625,股票交易异常波动公告,,2,https://www.cninfo.com.cn/new/disclosure/detail?annoId=1225386209,2026-08-31 21:10:25
002428,20260831,20260626,2025年年度权益分派实施公告,,0,https://www.cninfo.com.cn/new/disclosure/detail?annoId=1225387677,2026-08-31 21:10:25
002428,20260831,20260704,关于公司高级管理人员离任的公告,,0,https://www.cninfo.com.cn/new/disclosure/detail?annoId=1225408936,2026-08-31 21:10:25
002428,20260831,20260714,2026年半年度业绩预告,,0,https://www.cninfo.com.cn/new/disclosure/detail?annoId=1225422069,2026-08-31 21:10:25
002428,20260831,20260716,2026年7月16日投资者关系活动记录表,,0,https://www.cninfo.com.cn/new/disclosure/detail?annoId=1225428474,2026-08-31 21:10:25
002428,20260831,20260724,关于签订日常经营重大合同的公告,,0,https://www.cninfo.com.cn/new/disclosure/detail?annoId=1225438868,2026-08-31 21:10:25
002428,20260831,20260807,股票交易异常波动公告,,2,https://www.cninfo.com.cn/new/disclosure/detail?annoId=1225461856,2026-08-31 21:10:25
002428,20260831,20260828,关于会计政策变更的公告,,0,https://www.cninfo.com.cn/new/disclosure/detail?annoId=1225520958,2026-08-31 21:10:25
002428,20260831,20260828,第九届董事会第六次会议决议公告,,0,https://www.cninfo.com.cn/new/disclosure/detail?annoId=1225520957,2026-08-31 21:10:25
002428,20260831,20260828,2026年半年度非经营性资金占用及其他关联资金往来情况汇总表,,0,https://www.cninfo.com.cn/new/disclosure/detail?annoId=1225520956,2026-08-31 21:10:25
002428,20260831,20260828,2026年半年度报告,,0,https://www.cninfo.com.cn/new/disclosure/detail?annoId=1225520955,2026-08-31 21:10:25
002428,20260831,20260828,2026年半年度报告摘要,,0,https://www.cninfo.com.cn/new/disclosure/detail?annoId=1225520954,2026-08-31 21:10:25
002552,20260807,20260527,关于股票交易异常波动暨风险提示的公告,,2,https://www.cninfo.com.cn/new/disclosure/detail?annoId=1225332098,2026-08-27 20:11:57
002552,20260807,20260601,关于股票交易异常波动暨风险提示的公告,,2,https://www.cninfo.com.cn/new/disclosure/detail?annoId=1225339689,2026-08-27 20:11:57
002552,20260807,20260605,董事、高级管理人员薪酬管理制度（2026年6月）,,0,https://www.cninfo.com.cn/new/disclosure/detail?annoId=1225350942,2026-08-27 20:11:57
002552,20260807,20260605,关于公司董事、高级管理人员薪酬方案的公告,,0,https://www.cninfo.com.cn/new/disclosure/detail?annoId=1225350941,2026-08-27 20:11:57
002552,20260807,20260605,关于子公司补缴税款获得关联方部分补偿的公告,,0,https://www.cninfo.com.cn/new/disclosure/detail?annoId=1225350940,2026-08-27 20:11:57
002552,20260807,20260605,关于召开2026年第一次临时股东会的通知,,0,https://www.cninfo.com.cn/new/disclosure/detail?annoId=1225350939,2026-08-27 20:11:57
002552,20260807,20260605,第五届董事会第三十一次会议决议公告,,0,https://www.cninfo.com.cn/new/disclosure/detail?annoId=1225350938,2026-08-27 20:11:57
002552,20260807,20260610,关于股票交易严重异常波动暨风险提示的公告,,3,https://www.cninfo.com.cn/new/disclosure/detail?annoId=1225361144,2026-08-27 20:11:57
002552,20260807,20260617,关于股票交易异常波动暨风险提示的公告,,2,https://www.cninfo.com.cn/new/disclosure/detail?annoId=1225373879,2026-08-27 20:11:57
002552,20260807,20260624,国浩律师（杭州）事务所关于宝鼎科技股份有限公司2026年第一次临时股东会法律意见书,,0,https://www.cninfo.com.cn/new/disclosure/detail?annoId=1225382752,2026-08-27 20:11:57
002552,20260807,20260624,2026年第一次临时股东会决议公告,,0,https://www.cninfo.com.cn/new/disclosure/detail?annoId=1225382751,2026-08-27 20:11:57
002552,20260807,20260709,2026年半年度业绩预告,,0,https://www.cninfo.com.cn/new/disclosure/detail?annoId=1225415092,2026-08-27 20:11:57
002552,20260807,20260807,股票交易异常波动公告,,2,https://www.cninfo.com.cn/new/disclosure/detail?annoId=1225461937,2026-08-27 20:11:57
002552,20260807,20260812,股票交易异常波动公告,,2,https://www.cninfo.com.cn/new/disclosure/detail?annoId=1225468888,2026-08-27 20:11:57
002552,20260807,20260822,2026年半年度报告摘要,,0,https://www.cninfo.com.cn/new/disclosure/detail?annoId=1225493805,2026-08-27 20:11:57
002552,20260807,20260822,第五届董事会第三十二次会议决议公告,,0,https://www.cninfo.com.cn/new/disclosure/detail?annoId=1225488895,2026-08-27 20:11:57
002552,20260807,20260822,关于公司与山东招金集团财务有限公司之间关联存贷款等金融业务的风险持续评估报告,,0,https://www.cninfo.com.cn/new/disclosure/detail?annoId=1225488894,2026-08-27 20:11:57
002552,20260807,20260822,2026年半年度募集资金存放与实际使用情况的专项报告,,0,https://www.cninfo.com.cn/new/disclosure/detail?annoId=1225488893,2026-08-27 20:11:57
002552,20260807,20260822,2026年半年度非经营性资金占用及其他关联资金往来情况汇总表,,0,https://www.cninfo.com.cn/new/disclosure/detail?annoId=1225488892,2026-08-27 20:11:57
002552,20260807,20260822,2026年半年度报告,,0,https://www.cninfo.com.cn/new/disclosure/detail?annoId=1225488891,2026-08-27 20:11:57
002552,20260819,20260527,关于股票交易异常波动暨风险提示的公告,,2,https://www.cninfo.com.cn/new/disclosure/detail?annoId=1225332098,2026-08-26 10:40:31
002552,20260819,20260601,关于股票交易异常波动暨风险提示的公告,,2,https://www.cninfo.com.cn/new/disclosure/detail?annoId=1225339689,2026-08-26 10:40:31
002552,20260819,20260605,董事、高级管理人员薪酬管理制度（2026年6月）,,0,https://www.cninfo.com.cn/new/disclosure/detail?annoId=1225350942,2026-08-26 10:40:31
002552,20260819,20260605,关于公司董事、高级管理人员薪酬方案的公告,,0,https://www.cninfo.com.cn/new/disclosure/detail?annoId=1225350941,2026-08-26 10:40:31
002552,20260819,20260605,关于子公司补缴税款获得关联方部分补偿的公告,,0,https://www.cninfo.com.cn/new/disclosure/detail?annoId=1225350940,2026-08-26 10:40:31
002552,20260819,20260605,关于召开2026年第一次临时股东会的通知,,0,https://www.cninfo.com.cn/new/disclosure/detail?annoId=1225350939,2026-08-26 10:40:31
002552,20260819,20260605,第五届董事会第三十一次会议决议公告,,0,https://www.cninfo.com.cn/new/disclosure/detail?annoId=1225350938,2026-08-26 10:40:31
002552,20260819,20260610,关于股票交易严重异常波动暨风险提示的公告,,3,https://www.cninfo.com.cn/new/disclosure/detail?annoId=1225361144,2026-08-26 10:40:31
002552,20260819,20260617,关于股票交易异常波动暨风险提示的公告,,2,https://www.cninfo.com.cn/new/disclosure/detail?annoId=1225373879,2026-08-26 10:40:31
002552,20260819,20260624,国浩律师（杭州）事务所关于宝鼎科技股份有限公司2026年第一次临时股东会法律意见书,,0,https://www.cninfo.com.cn/new/disclosure/detail?annoId=1225382752,2026-08-26 10:40:31
002552,20260819,20260624,2026年第一次临时股东会决议公告,,0,https://www.cninfo.com.cn/new/disclosure/detail?annoId=1225382751,2026-08-26 10:40:31
002552,20260819,20260709,2026年半年度业绩预告,,0,https://www.cninfo.com.cn/new/disclosure/detail?annoId=1225415092,2026-08-26 10:40:31
002552,20260819,20260807,股票交易异常波动公告,,2,https://www.cninfo.com.cn/new/disclosure/detail?annoId=1225461937,2026-08-26 10:40:31
002552,20260819,20260812,股票交易异常波动公告,,2,https://www.cninfo.com.cn/new/disclosure/detail?annoId=1225468888,2026-08-26 10:40:31
002552,20260819,20260822,2026年半年度报告摘要,,0,https://www.cninfo.com.cn/new/disclosure/detail?annoId=1225493805,2026-08-26 10:40:31
002552,20260819,20260822,第五届董事会第三十二次会议决议公告,,0,https://www.cninfo.com.cn/new/disclosure/detail?annoId=1225488895,2026-08-26 10:40:31
002552,20260819,20260822,关于公司与山东招金集团财务有限公司之间关联存贷款等金融业务的风险持续评估报告,,0,https://www.cninfo.com.cn/new/disclosure/detail?annoId=1225488894,2026-08-26 10:40:31
002552,20260819,20260822,2026年半年度募集资金存放与实际使用情况的专项报告,,0,https://www.cninfo.com.cn/new/disclosure/detail?annoId=1225488893,2026-08-26 10:40:31
002552,20260819,20260822,2026年半年度非经营性资金占用及其他关联资金往来情况汇总表,,0,https://www.cninfo.com.cn/new/disclosure/detail?annoId=1225488892,2026-08-26 10:40:31
002552,20260819,20260822,2026年半年度报告,,0,https://www.cninfo.com.cn/new/disclosure/detail?annoId=1225488891,2026-08-26 10:40:31
002552,20260821,20260527,关于股票交易异常波动暨风险提示的公告,,2,https://www.cninfo.com.cn/new/disclosure/detail?annoId=1225332098,2026-08-25 10:07:18
002552,20260821,20260601,关于股票交易异常波动暨风险提示的公告,,2,https://www.cninfo.com.cn/new/disclosure/detail?annoId=1225339689,2026-08-25 10:07:18
002552,20260821,20260605,董事、高级管理人员薪酬管理制度（2026年6月）,,0,https://www.cninfo.com.cn/new/disclosure/detail?annoId=1225350942,2026-08-25 10:07:18
002552,20260821,20260605,关于公司董事、高级管理人员薪酬方案的公告,,0,https://www.cninfo.com.cn/new/disclosure/detail?annoId=1225350941,2026-08-25 10:07:18
002552,20260821,20260605,关于子公司补缴税款获得关联方部分补偿的公告,,0,https://www.cninfo.com.cn/new/disclosure/detail?annoId=1225350940,2026-08-25 10:07:18
002552,20260821,20260605,关于召开2026年第一次临时股东会的通知,,0,https://www.cninfo.com.cn/new/disclosure/detail?annoId=1225350939,2026-08-25 10:07:18
002552,20260821,20260605,第五届董事会第三十一次会议决议公告,,0,https://www.cninfo.com.cn/new/disclosure/detail?annoId=1225350938,2026-08-25 10:07:18
002552,20260821,20260610,关于股票交易严重异常波动暨风险提示的公告,,3,https://www.cninfo.com.cn/new/disclosure/detail?annoId=1225361144,2026-08-25 10:07:18
002552,20260821,20260617,关于股票交易异常波动暨风险提示的公告,,2,https://www.cninfo.com.cn/new/disclosure/detail?annoId=1225373879,2026-08-25 10:07:18
002552,20260821,20260624,国浩律师（杭州）事务所关于宝鼎科技股份有限公司2026年第一次临时股东会法律意见书,,0,https://www.cninfo.com.cn/new/disclosure/detail?annoId=1225382752,2026-08-25 10:07:18
002552,20260821,20260624,2026年第一次临时股东会决议公告,,0,https://www.cninfo.com.cn/new/disclosure/detail?annoId=1225382751,2026-08-25 10:07:18
002552,20260821,20260709,2026年半年度业绩预告,,0,https://www.cninfo.com.cn/new/disclosure/detail?annoId=1225415092,2026-08-25 10:07:18
002552,20260821,20260807,股票交易异常波动公告,,2,https://www.cninfo.com.cn/new/disclosure/detail?annoId=1225461937,2026-08-25 10:07:18
002552,20260821,20260812,股票交易异常波动公告,,2,https://www.cninfo.com.cn/new/disclosure/detail?annoId=1225468888,2026-08-25 10:07:18
002552,20260821,20260822,2026年半年度报告摘要,,0,https://www.cninfo.com.cn/new/disclosure/detail?annoId=1225493805,2026-08-25 10:07:18
002552,20260821,20260822,第五届董事会第三十二次会议决议公告,,0,https://www.cninfo.com.cn/new/disclosure/detail?annoId=1225488895,2026-08-25 10:07:18
002552,20260821,20260822,关于公司与山东招金集团财务有限公司之间关联存贷款等金融业务的风险持续评估报告,,0,https://www.cninfo.com.cn/new/disclosure/detail?annoId=1225488894,2026-08-25 10:07:18
002552,20260821,20260822,2026年半年度募集资金存放与实际使用情况的专项报告,,0,https://www.cninfo.com.cn/new/disclosure/detail?annoId=1225488893,2026-08-25 10:07:18
002552,20260821,20260822,2026年半年度非经营性资金占用及其他关联资金往来情况汇总表,,0,https://www.cninfo.com.cn/new/disclosure/detail?annoId=1225488892,2026-08-25 10:07:18
002552,20260821,20260822,2026年半年度报告,,0,https://www.cninfo.com.cn/new/disclosure/detail?annoId=1225488891,2026-08-25 10:07:18
002552,20260824,20260527,关于股票交易异常波动暨风险提示的公告,,2,https://www.cninfo.com.cn/new/disclosure/detail?annoId=1225332098,2026-08-25 10:15:21
002552,20260824,20260601,关于股票交易异常波动暨风险提示的公告,,2,https://www.cninfo.com.cn/new/disclosure/detail?annoId=1225339689,2026-08-25 10:15:21
002552,20260824,20260605,董事、高级管理人员薪酬管理制度（2026年6月）,,0,https://www.cninfo.com.cn/new/disclosure/detail?annoId=1225350942,2026-08-25 10:15:21
002552,20260824,20260605,关于公司董事、高级管理人员薪酬方案的公告,,0,https://www.cninfo.com.cn/new/disclosure/detail?annoId=1225350941,2026-08-25 10:15:21
002552,20260824,20260605,关于子公司补缴税款获得关联方部分补偿的公告,,0,https://www.cninfo.com.cn/new/disclosure/detail?annoId=1225350940,2026-08-25 10:15:21
002552,20260824,20260605,关于召开2026年第一次临时股东会的通知,,0,https://www.cninfo.com.cn/new/disclosure/detail?annoId=1225350939,2026-08-25 10:15:21
002552,20260824,20260605,第五届董事会第三十一次会议决议公告,,0,https://www.cninfo.com.cn/new/disclosure/detail?annoId=1225350938,2026-08-25 10:15:21
002552,20260824,20260610,关于股票交易严重异常波动暨风险提示的公告,,3,https://www.cninfo.com.cn/new/disclosure/detail?annoId=1225361144,2026-08-25 10:15:21
002552,20260824,20260617,关于股票交易异常波动暨风险提示的公告,,2,https://www.cninfo.com.cn/new/disclosure/detail?annoId=1225373879,2026-08-25 10:15:21
002552,20260824,20260624,国浩律师（杭州）事务所关于宝鼎科技股份有限公司2026年第一次临时股东会法律意见书,,0,https://www.cninfo.com.cn/new/disclosure/detail?annoId=1225382752,2026-08-25 10:15:21
002552,20260824,20260624,2026年第一次临时股东会决议公告,,0,https://www.cninfo.com.cn/new/disclosure/detail?annoId=1225382751,2026-08-25 10:15:21
002552,20260824,20260709,2026年半年度业绩预告,,0,https://www.cninfo.com.cn/new/disclosure/detail?annoId=1225415092,2026-08-25 10:15:21
002552,20260824,20260807,股票交易异常波动公告,,2,https://www.cninfo.com.cn/new/disclosure/detail?annoId=1225461937,2026-08-25 10:15:21
002552,20260824,20260812,股票交易异常波动公告,,2,https://www.cninfo.com.cn/new/disclosure/detail?annoId=1225468888,2026-08-25 10:15:21
002552,20260824,20260822,2026年半年度报告摘要,,0,https://www.cninfo.com.cn/new/disclosure/detail?annoId=1225493805,2026-08-25 10:15:21
002552,20260824,20260822,第五届董事会第三十二次会议决议公告,,0,https://www.cninfo.com.cn/new/disclosure/detail?annoId=1225488895,2026-08-25 10:15:21
002552,20260824,20260822,关于公司与山东招金集团财务有限公司之间关联存贷款等金融业务的风险持续评估报告,,0,https://www.cninfo.com.cn/new/disclosure/detail?annoId=1225488894,2026-08-25 10:15:21
002552,20260824,20260822,2026年半年度募集资金存放与实际使用情况的专项报告,,0,https://www.cninfo.com.cn/new/disclosure/detail?annoId=1225488893,2026-08-25 10:15:21
002552,20260824,20260822,2026年半年度非经营性资金占用及其他关联资金往来情况汇总表,,0,https://www.cninfo.com.cn/new/disclosure/detail?annoId=1225488892,2026-08-25 10:15:21
002552,20260824,20260822,2026年半年度报告,,0,https://www.cninfo.com.cn/new/disclosure/detail?annoId=1225488891,2026-08-25 10:15:21
002552,20260825,20260527,关于股票交易异常波动暨风险提示的公告,,2,https://www.cninfo.com.cn/new/disclosure/detail?annoId=1225332098,2026-08-25 19:57:43
002552,20260825,20260601,关于股票交易异常波动暨风险提示的公告,,2,https://www.cninfo.com.cn/new/disclosure/detail?annoId=1225339689,2026-08-25 19:57:43
002552,20260825,20260605,董事、高级管理人员薪酬管理制度（2026年6月）,,0,https://www.cninfo.com.cn/new/disclosure/detail?annoId=1225350942,2026-08-25 19:57:43
002552,20260825,20260605,关于公司董事、高级管理人员薪酬方案的公告,,0,https://www.cninfo.com.cn/new/disclosure/detail?annoId=1225350941,2026-08-25 19:57:43
002552,20260825,20260605,关于子公司补缴税款获得关联方部分补偿的公告,,0,https://www.cninfo.com.cn/new/disclosure/detail?annoId=1225350940,2026-08-25 19:57:43
002552,20260825,20260605,关于召开2026年第一次临时股东会的通知,,0,https://www.cninfo.com.cn/new/disclosure/detail?annoId=1225350939,2026-08-25 19:57:43
002552,20260825,20260605,第五届董事会第三十一次会议决议公告,,0,https://www.cninfo.com.cn/new/disclosure/detail?annoId=1225350938,2026-08-25 19:57:43
002552,20260825,20260610,关于股票交易严重异常波动暨风险提示的公告,,3,https://www.cninfo.com.cn/new/disclosure/detail?annoId=1225361144,2026-08-25 19:57:43
002552,20260825,20260617,关于股票交易异常波动暨风险提示的公告,,2,https://www.cninfo.com.cn/new/disclosure/detail?annoId=1225373879,2026-08-25 19:57:43
002552,20260825,20260624,国浩律师（杭州）事务所关于宝鼎科技股份有限公司2026年第一次临时股东会法律意见书,,0,https://www.cninfo.com.cn/new/disclosure/detail?annoId=1225382752,2026-08-25 19:57:43
002552,20260825,20260624,2026年第一次临时股东会决议公告,,0,https://www.cninfo.com.cn/new/disclosure/detail?annoId=1225382751,2026-08-25 19:57:43
002552,20260825,20260709,2026年半年度业绩预告,,0,https://www.cninfo.com.cn/new/disclosure/detail?annoId=1225415092,2026-08-25 19:57:43
002552,20260825,20260807,股票交易异常波动公告,,2,https://www.cninfo.com.cn/new/disclosure/detail?annoId=1225461937,2026-08-25 19:57:43
002552,20260825,20260812,股票交易异常波动公告,,2,https://www.cninfo.com.cn/new/disclosure/detail?annoId=1225468888,2026-08-25 19:57:43
002552,20260825,20260822,2026年半年度报告摘要,,0,https://www.cninfo.com.cn/new/disclosure/detail?annoId=1225493805,2026-08-25 19:57:43
002552,20260825,20260822,第五届董事会第三十二次会议决议公告,,0,https://www.cninfo.com.cn/new/disclosure/detail?annoId=1225488895,2026-08-25 19:57:43
002552,20260825,20260822,关于公司与山东招金集团财务有限公司之间关联存贷款等金融业务的风险持续评估报告,,0,https://www.cninfo.com.cn/new/disclosure/detail?annoId=1225488894,2026-08-25 19:57:43
002552,20260825,20260822,2026年半年度募集资金存放与实际使用情况的专项报告,,0,https://www.cninfo.com.cn/new/disclosure/detail?annoId=1225488893,2026-08-25 19:57:43
002552,20260825,20260822,2026年半年度非经营性资金占用及其他关联资金往来情况汇总表,,0,https://www.cninfo.com.cn/new/disclosure/detail?annoId=1225488892,2026-08-25 19:57:43
002552,20260825,20260822,2026年半年度报告,,0,https://www.cninfo.com.cn/new/disclosure/detail?annoId=1225488891,2026-08-25 19:57:43
002552,20260826,20260527,关于股票交易异常波动暨风险提示的公告,,2,https://www.cninfo.com.cn/new/disclosure/detail?annoId=1225332098,2026-08-27 00:11:26
002552,20260826,20260601,关于股票交易异常波动暨风险提示的公告,,2,https://www.cninfo.com.cn/new/disclosure/detail?annoId=1225339689,2026-08-27 00:11:26
002552,20260826,20260605,董事、高级管理人员薪酬管理制度（2026年6月）,,0,https://www.cninfo.com.cn/new/disclosure/detail?annoId=1225350942,2026-08-27 00:11:26
002552,20260826,20260605,关于公司董事、高级管理人员薪酬方案的公告,,0,https://www.cninfo.com.cn/new/disclosure/detail?annoId=1225350941,2026-08-27 00:11:26
002552,20260826,20260605,关于子公司补缴税款获得关联方部分补偿的公告,,0,https://www.cninfo.com.cn/new/disclosure/detail?annoId=1225350940,2026-08-27 00:11:26
002552,20260826,20260605,关于召开2026年第一次临时股东会的通知,,0,https://www.cninfo.com.cn/new/disclosure/detail?annoId=1225350939,2026-08-27 00:11:26
002552,20260826,20260605,第五届董事会第三十一次会议决议公告,,0,https://www.cninfo.com.cn/new/disclosure/detail?annoId=1225350938,2026-08-27 00:11:26
002552,20260826,20260610,关于股票交易严重异常波动暨风险提示的公告,,3,https://www.cninfo.com.cn/new/disclosure/detail?annoId=1225361144,2026-08-27 00:11:26
002552,20260826,20260617,关于股票交易异常波动暨风险提示的公告,,2,https://www.cninfo.com.cn/new/disclosure/detail?annoId=1225373879,2026-08-27 00:11:26
002552,20260826,20260624,国浩律师（杭州）事务所关于宝鼎科技股份有限公司2026年第一次临时股东会法律意见书,,0,https://www.cninfo.com.cn/new/disclosure/detail?annoId=1225382752,2026-08-27 00:11:26
002552,20260826,20260624,2026年第一次临时股东会决议公告,,0,https://www.cninfo.com.cn/new/disclosure/detail?annoId=1225382751,2026-08-27 00:11:26
002552,20260826,20260709,2026年半年度业绩预告,,0,https://www.cninfo.com.cn/new/disclosure/detail?annoId=1225415092,2026-08-27 00:11:26
002552,20260826,20260807,股票交易异常波动公告,,2,https://www.cninfo.com.cn/new/disclosure/detail?annoId=1225461937,2026-08-27 00:11:26
002552,20260826,20260812,股票交易异常波动公告,,2,https://www.cninfo.com.cn/new/disclosure/detail?annoId=1225468888,2026-08-27 00:11:26
002552,20260826,20260822,2026年半年度报告摘要,,0,https://www.cninfo.com.cn/new/disclosure/detail?annoId=1225493805,2026-08-27 00:11:26
002552,20260826,20260822,第五届董事会第三十二次会议决议公告,,0,https://www.cninfo.com.cn/new/disclosure/detail?annoId=1225488895,2026-08-27 00:11:26
002552,20260826,20260822,关于公司与山东招金集团财务有限公司之间关联存贷款等金融业务的风险持续评估报告,,0,https://www.cninfo.com.cn/new/disclosure/detail?annoId=1225488894,2026-08-27 00:11:26
002552,20260826,20260822,2026年半年度募集资金存放与实际使用情况的专项报告,,0,https://www.cninfo.com.cn/new/disclosure/detail?annoId=1225488893,2026-08-27 00:11:26
002552,20260826,20260822,2026年半年度非经营性资金占用及其他关联资金往来情况汇总表,,0,https://www.cninfo.com.cn/new/disclosure/detail?annoId=1225488892,2026-08-27 00:11:26
002552,20260826,20260822,2026年半年度报告,,0,https://www.cninfo.com.cn/new/disclosure/detail?annoId=1225488891,2026-08-27 00:11:26
002552,20260827,20260527,关于股票交易异常波动暨风险提示的公告,,2,https://www.cninfo.com.cn/new/disclosure/detail?annoId=1225332098,2026-08-27 21:27:27
002552,20260827,20260601,关于股票交易异常波动暨风险提示的公告,,2,https://www.cninfo.com.cn/new/disclosure/detail?annoId=1225339689,2026-08-27 21:27:27
002552,20260827,20260605,董事、高级管理人员薪酬管理制度（2026年6月）,,0,https://www.cninfo.com.cn/new/disclosure/detail?annoId=1225350942,2026-08-27 21:27:27
002552,20260827,20260605,关于公司董事、高级管理人员薪酬方案的公告,,0,https://www.cninfo.com.cn/new/disclosure/detail?annoId=1225350941,2026-08-27 21:27:27
002552,20260827,20260605,关于子公司补缴税款获得关联方部分补偿的公告,,0,https://www.cninfo.com.cn/new/disclosure/detail?annoId=1225350940,2026-08-27 21:27:27
002552,20260827,20260605,关于召开2026年第一次临时股东会的通知,,0,https://www.cninfo.com.cn/new/disclosure/detail?annoId=1225350939,2026-08-27 21:27:27
002552,20260827,20260605,第五届董事会第三十一次会议决议公告,,0,https://www.cninfo.com.cn/new/disclosure/detail?annoId=1225350938,2026-08-27 21:27:27
002552,20260827,20260610,关于股票交易严重异常波动暨风险提示的公告,,3,https://www.cninfo.com.cn/new/disclosure/detail?annoId=1225361144,2026-08-27 21:27:27
002552,20260827,20260617,关于股票交易异常波动暨风险提示的公告,,2,https://www.cninfo.com.cn/new/disclosure/detail?annoId=1225373879,2026-08-27 21:27:27
002552,20260827,20260624,国浩律师（杭州）事务所关于宝鼎科技股份有限公司2026年第一次临时股东会法律意见书,,0,https://www.cninfo.com.cn/new/disclosure/detail?annoId=1225382752,2026-08-27 21:27:27
002552,20260827,20260624,2026年第一次临时股东会决议公告,,0,https://www.cninfo.com.cn/new/disclosure/detail?annoId=1225382751,2026-08-27 21:27:27
002552,20260827,20260709,2026年半年度业绩预告,,0,https://www.cninfo.com.cn/new/disclosure/detail?annoId=1225415092,2026-08-27 21:27:27
002552,20260827,20260807,股票交易异常波动公告,,2,https://www.cninfo.com.cn/new/disclosure/detail?annoId=1225461937,2026-08-27 21:27:27
002552,20260827,20260812,股票交易异常波动公告,,2,https://www.cninfo.com.cn/new/disclosure/detail?annoId=1225468888,2026-08-27 21:27:27
002552,20260827,20260822,2026年半年度报告摘要,,0,https://www.cninfo.com.cn/new/disclosure/detail?annoId=1225493805,2026-08-27 21:27:27
002552,20260827,20260822,第五届董事会第三十二次会议决议公告,,0,https://www.cninfo.com.cn/new/disclosure/detail?annoId=1225488895,2026-08-27 21:27:27
002552,20260827,20260822,关于公司与山东招金集团财务有限公司之间关联存贷款等金融业务的风险持续评估报告,,0,https://www.cninfo.com.cn/new/disclosure/detail?annoId=1225488894,2026-08-27 21:27:27
002552,20260827,20260822,2026年半年度募集资金存放与实际使用情况的专项报告,,0,https://www.cninfo.com.cn/new/disclosure/detail?annoId=1225488893,2026-08-27 21:27:27
002552,20260827,20260822,2026年半年度非经营性资金占用及其他关联资金往来情况汇总表,,0,https://www.cninfo.com.cn/new/disclosure/detail?annoId=1225488892,2026-08-27 21:27:27
002552,20260827,20260822,2026年半年度报告,,0,https://www.cninfo.com.cn/new/disclosure/detail?annoId=1225488891,2026-08-27 21:27:27
002552,20260831,20260527,关于股票交易异常波动暨风险提示的公告,,2,https://www.cninfo.com.cn/new/disclosure/detail?annoId=1225332098,2026-08-31 21:10:25
002552,20260831,20260601,关于股票交易异常波动暨风险提示的公告,,2,https://www.cninfo.com.cn/new/disclosure/detail?annoId=1225339689,2026-08-31 21:10:25
002552,20260831,20260605,董事、高级管理人员薪酬管理制度（2026年6月）,,0,https://www.cninfo.com.cn/new/disclosure/detail?annoId=1225350942,2026-08-31 21:10:25
002552,20260831,20260605,关于公司董事、高级管理人员薪酬方案的公告,,0,https://www.cninfo.com.cn/new/disclosure/detail?annoId=1225350941,2026-08-31 21:10:25
002552,20260831,20260605,关于子公司补缴税款获得关联方部分补偿的公告,,0,https://www.cninfo.com.cn/new/disclosure/detail?annoId=1225350940,2026-08-31 21:10:25
002552,20260831,20260605,关于召开2026年第一次临时股东会的通知,,0,https://www.cninfo.com.cn/new/disclosure/detail?annoId=1225350939,2026-08-31 21:10:25
002552,20260831,20260605,第五届董事会第三十一次会议决议公告,,0,https://www.cninfo.com.cn/new/disclosure/detail?annoId=1225350938,2026-08-31 21:10:25
002552,20260831,20260610,关于股票交易严重异常波动暨风险提示的公告,,3,https://www.cninfo.com.cn/new/disclosure/detail?annoId=1225361144,2026-08-31 21:10:25
002552,20260831,20260617,关于股票交易异常波动暨风险提示的公告,,2,https://www.cninfo.com.cn/new/disclosure/detail?annoId=1225373879,2026-08-31 21:10:25
002552,20260831,20260624,国浩律师（杭州）事务所关于宝鼎科技股份有限公司2026年第一次临时股东会法律意见书,,0,https://www.cninfo.com.cn/new/disclosure/detail?annoId=1225382752,2026-08-31 21:10:25
002552,20260831,20260624,2026年第一次临时股东会决议公告,,0,https://www.cninfo.com.cn/new/disclosure/detail?annoId=1225382751,2026-08-31 21:10:25
002552,20260831,20260709,2026年半年度业绩预告,,0,https://www.cninfo.com.cn/new/disclosure/detail?annoId=1225415092,2026-08-31 21:10:25
002552,20260831,20260807,股票交易异常波动公告,,2,https://www.cninfo.com.cn/new/disclosure/detail?annoId=1225461937,2026-08-31 21:10:25
002552,20260831,20260812,股票交易异常波动公告,,2,https://www.cninfo.com.cn/new/disclosure/detail?annoId=1225468888,2026-08-31 21:10:25
002552,20260831,20260822,2026年半年度报告摘要,,0,https://www.cninfo.com.cn/new/disclosure/detail?annoId=1225493805,2026-08-31 21:10:25
002552,20260831,20260822,第五届董事会第三十二次会议决议公告,,0,https://www.cninfo.com.cn/new/disclosure/detail?annoId=1225488895,2026-08-31 21:10:25
002552,20260831,20260822,关于公司与山东招金集团财务有限公司之间关联存贷款等金融业务的风险持续评估报告,,0,https://www.cninfo.com.cn/new/disclosure/detail?annoId=1225488894,2026-08-31 21:10:25
002552,20260831,20260822,2026年半年度募集资金存放与实际使用情况的专项报告,,0,https://www.cninfo.com.cn/new/disclosure/detail?annoId=1225488893,2026-08-31 21:10:25
002552,20260831,20260822,2026年半年度非经营性资金占用及其他关联资金往来情况汇总表,,0,https://www.cninfo.com.cn/new/disclosure/detail?annoId=1225488892,2026-08-31 21:10:25
002552,20260831,20260822,2026年半年度报告,,0,https://www.cninfo.com.cn/new/disclosure/detail?annoId=1225488891,2026-08-31 21:10:25
002742,20260831,20260423,关于申请撤销退市风险警示及其他风险警示的进展公告,,0,https://www.cninfo.com.cn/new/disclosure/detail?annoId=1225147032,2026-08-31 21:10:25
002742,20260831,20260425,2026年一季度报告,,0,https://www.cninfo.com.cn/new/disclosure/detail?annoId=1225177126,2026-08-31 21:10:25
002742,20260831,20260425,第六届董事会第四次会议决议公告,,0,https://www.cninfo.com.cn/new/disclosure/detail?annoId=1225175007,2026-08-31 21:10:25
002742,20260831,20260430,2025年年报问询函专项说明,,3,https://www.cninfo.com.cn/new/disclosure/detail?annoId=1225266938,2026-08-31 21:10:25
002742,20260831,20260430,关于对深圳证券交易所2025年年报问询函回复的公告,,3,https://www.cninfo.com.cn/new/disclosure/detail?annoId=1225266937,2026-08-31 21:10:25
002742,20260831,20260430,关于公司股票交易撤销退市风险警示及其他风险警示暨股票停复牌的公告,,5,https://www.cninfo.com.cn/new/disclosure/detail?annoId=1225266936,2026-08-31 21:10:25
002742,20260831,20260430,2025年年度股东会法律意见书,,0,https://www.cninfo.com.cn/new/disclosure/detail?annoId=1225266935,2026-08-31 21:10:25
002742,20260831,20260430,2025年年度股东会决议公告,,0,https://www.cninfo.com.cn/new/disclosure/detail?annoId=1225266934,2026-08-31 21:10:25
002742,20260831,20260512,关于股东被司法拍卖的股份完成过户暨被动减持的公告,,0,https://www.cninfo.com.cn/new/disclosure/detail?annoId=1225291004,2026-08-31 21:10:25
002742,20260831,20260606,完成工商变更登记并换发营业执照的公告,,0,https://www.cninfo.com.cn/new/disclosure/detail?annoId=1225354648,2026-08-31 21:10:25
002742,20260831,20260606,重庆冀衡医药股份有限公司公司章程,,0,https://www.cninfo.com.cn/new/disclosure/detail?annoId=1225354647,2026-08-31 21:10:25
002742,20260831,20260612,关于变更公司名称及证券简称的公告,,0,https://www.cninfo.com.cn/new/disclosure/detail?annoId=1225365103,2026-08-31 21:10:25
002742,20260831,20260627,关于高级管理人员增持公司股票的公告,,0,https://www.cninfo.com.cn/new/disclosure/detail?annoId=1225390823,2026-08-31 21:10:25
002742,20260831,20260715,2026年半年度业绩预告,,0,https://www.cninfo.com.cn/new/disclosure/detail?annoId=1225423199,2026-08-31 21:10:25
002742,20260831,20260728,关于变更公司网址及投资者联系邮箱的公告,,0,https://www.cninfo.com.cn/new/disclosure/detail?annoId=1225442400,2026-08-31 21:10:25
002742,20260831,20260815,第六届董事会第五次会议决议公告,,0,https://www.cninfo.com.cn/new/disclosure/detail?annoId=1225473484,2026-08-31 21:10:25
002742,20260831,20260815,2026年半年度非经营性资金占用及其他关联资金往来情况表,,0,https://www.cninfo.com.cn/new/disclosure/detail?annoId=1225473483,2026-08-31 21:10:25
002742,20260831,20260815,2026年半年度报告,,0,https://www.cninfo.com.cn/new/disclosure/detail?annoId=1225473482,2026-08-31 21:10:25
002742,20260831,20260815,2026年半年度报告摘要,,0,https://www.cninfo.com.cn/new/disclosure/detail?annoId=1225473481,2026-08-31 21:10:25
002742,20260831,20260827,股票交易异常波动公告,,2,https://www.cninfo.com.cn/new/disclosure/detail?annoId=1225510090,2026-08-31 21:10:25
002827,20260807,20260723,关于控股子公司项目中标结果的自愿性信息披露公告,,0,https://www.cninfo.com.cn/new/disclosure/detail?annoId=1225437123,2026-08-27 15:20:46
002827,20260807,20260728,关于拟变更控股股东的提示性公告,,0,https://www.cninfo.com.cn/new/disclosure/detail?annoId=1225443815,2026-08-27 15:20:46
002827,20260807,20260729,关于国有股权无偿划转暨控股股东拟发生变更的提示性公告,,0,https://www.cninfo.com.cn/new/disclosure/detail?annoId=1225445172,2026-08-27 15:20:46
002827,20260807,20260731,股票交易异常波动公告,,2,https://www.cninfo.com.cn/new/disclosure/detail?annoId=1225449397,2026-08-27 15:20:46
002827,20260807,20260804,关于回购公司股份进展的公告,,0,https://www.cninfo.com.cn/new/disclosure/detail?annoId=1225455952,2026-08-27 15:20:46
002827,20260807,20260805,股票交易异常波动公告,,2,https://www.cninfo.com.cn/new/disclosure/detail?annoId=1225458332,2026-08-27 15:20:46
002827,20260807,20260806,关于国有股权无偿划转暨控股股东拟发生变更的进展公告,,0,https://www.cninfo.com.cn/new/disclosure/detail?annoId=1225460440,2026-08-27 15:20:46
002827,20260807,20260806,关于以集中竞价方式回购公司股份比例达到1%的进展公告,,0,https://www.cninfo.com.cn/new/disclosure/detail?annoId=1225460420,2026-08-27 15:20:46
002827,20260807,20260807,关于股票交易严重异常波动的公告,,3,https://www.cninfo.com.cn/new/disclosure/detail?annoId=1225462506,2026-08-27 15:20:46
002827,20260807,20260808,股票交易异常波动公告,,2,https://www.cninfo.com.cn/new/disclosure/detail?annoId=1225465249,2026-08-27 15:20:46
002827,20260807,20260810,收购报告书摘要,,0,https://www.cninfo.com.cn/new/disclosure/detail?annoId=1225464840,2026-08-27 15:20:46
002827,20260807,20260810,简式权益变动报告书,,0,https://www.cninfo.com.cn/new/disclosure/detail?annoId=1225464839,2026-08-27 15:20:46
002827,20260807,20260814,第四届董事会第二十一次会议决议公告,,0,https://www.cninfo.com.cn/new/disclosure/detail?annoId=1225472047,2026-08-27 15:20:46
002827,20260807,20260814,2026年半年度非经营性资金占用及其他关联资金往来情况汇总表,,0,https://www.cninfo.com.cn/new/disclosure/detail?annoId=1225472046,2026-08-27 15:20:46
002827,20260807,20260814,2026年半年度报告,,0,https://www.cninfo.com.cn/new/disclosure/detail?annoId=1225472045,2026-08-27 15:20:46
002827,20260807,20260814,2026年半年度报告摘要,,0,https://www.cninfo.com.cn/new/disclosure/detail?annoId=1225472044,2026-08-27 15:20:46
002827,20260807,20260817,天风证券股份有限公司关于西藏高争民爆股份有限公司收购报告书之财务顾问报告,,0,https://www.cninfo.com.cn/new/disclosure/detail?annoId=1225475888,2026-08-27 15:20:46
002827,20260807,20260817,北京树成律师事务所关于西藏地质矿产集团有限公司拟以无偿划转方式取得西藏高争民爆股份有限公司控股权股份免于发出要约的法律意见书,,0,https://www.cninfo.com.cn/new/disclosure/detail?annoId=1225475887,2026-08-27 15:20:46
002827,20260807,20260817,北京树成律师事务所关于西藏地质矿产集团有限公司以无偿划转方式取得西藏高争民爆股份有限公司控股权股份的法律意见书,,0,https://www.cninfo.com.cn/new/disclosure/detail?annoId=1225475886,2026-08-27 15:20:46
002827,20260807,20260817,西藏高争民爆股份有限公司收购报告书,,0,https://www.cninfo.com.cn/new/disclosure/detail?annoId=1225475885,2026-08-27 15:20:46
002827,20260827,20260723,关于控股子公司项目中标结果的自愿性信息披露公告,,0,https://www.cninfo.com.cn/new/disclosure/detail?annoId=1225437123,2026-08-27 21:27:27
002827,20260827,20260728,关于拟变更控股股东的提示性公告,,0,https://www.cninfo.com.cn/new/disclosure/detail?annoId=1225443815,2026-08-27 21:27:27
002827,20260827,20260729,关于国有股权无偿划转暨控股股东拟发生变更的提示性公告,,0,https://www.cninfo.com.cn/new/disclosure/detail?annoId=1225445172,2026-08-27 21:27:27
002827,20260827,20260731,股票交易异常波动公告,,2,https://www.cninfo.com.cn/new/disclosure/detail?annoId=1225449397,2026-08-27 21:27:27
002827,20260827,20260804,关于回购公司股份进展的公告,,0,https://www.cninfo.com.cn/new/disclosure/detail?annoId=1225455952,2026-08-27 21:27:27
002827,20260827,20260805,股票交易异常波动公告,,2,https://www.cninfo.com.cn/new/disclosure/detail?annoId=1225458332,2026-08-27 21:27:27
002827,20260827,20260806,关于国有股权无偿划转暨控股股东拟发生变更的进展公告,,0,https://www.cninfo.com.cn/new/disclosure/detail?annoId=1225460440,2026-08-27 21:27:27
002827,20260827,20260806,关于以集中竞价方式回购公司股份比例达到1%的进展公告,,0,https://www.cninfo.com.cn/new/disclosure/detail?annoId=1225460420,2026-08-27 21:27:27
002827,20260827,20260807,关于股票交易严重异常波动的公告,,3,https://www.cninfo.com.cn/new/disclosure/detail?annoId=1225462506,2026-08-27 21:27:27
002827,20260827,20260808,股票交易异常波动公告,,2,https://www.cninfo.com.cn/new/disclosure/detail?annoId=1225465249,2026-08-27 21:27:27
002827,20260827,20260810,收购报告书摘要,,0,https://www.cninfo.com.cn/new/disclosure/detail?annoId=1225464840,2026-08-27 21:27:27
002827,20260827,20260810,简式权益变动报告书,,0,https://www.cninfo.com.cn/new/disclosure/detail?annoId=1225464839,2026-08-27 21:27:27
002827,20260827,20260814,第四届董事会第二十一次会议决议公告,,0,https://www.cninfo.com.cn/new/disclosure/detail?annoId=1225472047,2026-08-27 21:27:27
002827,20260827,20260814,2026年半年度非经营性资金占用及其他关联资金往来情况汇总表,,0,https://www.cninfo.com.cn/new/disclosure/detail?annoId=1225472046,2026-08-27 21:27:27
002827,20260827,20260814,2026年半年度报告,,0,https://www.cninfo.com.cn/new/disclosure/detail?annoId=1225472045,2026-08-27 21:27:27
002827,20260827,20260814,2026年半年度报告摘要,,0,https://www.cninfo.com.cn/new/disclosure/detail?annoId=1225472044,2026-08-27 21:27:27
002827,20260827,20260817,天风证券股份有限公司关于西藏高争民爆股份有限公司收购报告书之财务顾问报告,,0,https://www.cninfo.com.cn/new/disclosure/detail?annoId=1225475888,2026-08-27 21:27:27
002827,20260827,20260817,北京树成律师事务所关于西藏地质矿产集团有限公司拟以无偿划转方式取得西藏高争民爆股份有限公司控股权股份免于发出要约的法律意见书,,0,https://www.cninfo.com.cn/new/disclosure/detail?annoId=1225475887,2026-08-27 21:27:27
002827,20260827,20260817,北京树成律师事务所关于西藏地质矿产集团有限公司以无偿划转方式取得西藏高争民爆股份有限公司控股权股份的法律意见书,,0,https://www.cninfo.com.cn/new/disclosure/detail?annoId=1225475886,2026-08-27 21:27:27
002827,20260827,20260817,西藏高争民爆股份有限公司收购报告书,,0,https://www.cninfo.com.cn/new/disclosure/detail?annoId=1225475885,2026-08-27 21:27:27
002827,20260831,20260723,关于控股子公司项目中标结果的自愿性信息披露公告,,0,https://www.cninfo.com.cn/new/disclosure/detail?annoId=1225437123,2026-08-31 21:10:26
002827,20260831,20260728,关于拟变更控股股东的提示性公告,,0,https://www.cninfo.com.cn/new/disclosure/detail?annoId=1225443815,2026-08-31 21:10:26
002827,20260831,20260729,关于国有股权无偿划转暨控股股东拟发生变更的提示性公告,,0,https://www.cninfo.com.cn/new/disclosure/detail?annoId=1225445172,2026-08-31 21:10:26
002827,20260831,20260731,股票交易异常波动公告,,2,https://www.cninfo.com.cn/new/disclosure/detail?annoId=1225449397,2026-08-31 21:10:26
002827,20260831,20260804,关于回购公司股份进展的公告,,0,https://www.cninfo.com.cn/new/disclosure/detail?annoId=1225455952,2026-08-31 21:10:26
002827,20260831,20260805,股票交易异常波动公告,,2,https://www.cninfo.com.cn/new/disclosure/detail?annoId=1225458332,2026-08-31 21:10:26
002827,20260831,20260806,关于国有股权无偿划转暨控股股东拟发生变更的进展公告,,0,https://www.cninfo.com.cn/new/disclosure/detail?annoId=1225460440,2026-08-31 21:10:26
002827,20260831,20260806,关于以集中竞价方式回购公司股份比例达到1%的进展公告,,0,https://www.cninfo.com.cn/new/disclosure/detail?annoId=1225460420,2026-08-31 21:10:26
002827,20260831,20260807,关于股票交易严重异常波动的公告,,3,https://www.cninfo.com.cn/new/disclosure/detail?annoId=1225462506,2026-08-31 21:10:26
002827,20260831,20260808,股票交易异常波动公告,,2,https://www.cninfo.com.cn/new/disclosure/detail?annoId=1225465249,2026-08-31 21:10:26
002827,20260831,20260810,收购报告书摘要,,0,https://www.cninfo.com.cn/new/disclosure/detail?annoId=1225464840,2026-08-31 21:10:26
002827,20260831,20260810,简式权益变动报告书,,0,https://www.cninfo.com.cn/new/disclosure/detail?annoId=1225464839,2026-08-31 21:10:26
002827,20260831,20260814,第四届董事会第二十一次会议决议公告,,0,https://www.cninfo.com.cn/new/disclosure/detail?annoId=1225472047,2026-08-31 21:10:26
002827,20260831,20260814,2026年半年度非经营性资金占用及其他关联资金往来情况汇总表,,0,https://www.cninfo.com.cn/new/disclosure/detail?annoId=1225472046,2026-08-31 21:10:26
002827,20260831,20260814,2026年半年度报告,,0,https://www.cninfo.com.cn/new/disclosure/detail?annoId=1225472045,2026-08-31 21:10:26
002827,20260831,20260814,2026年半年度报告摘要,,0,https://www.cninfo.com.cn/new/disclosure/detail?annoId=1225472044,2026-08-31 21:10:26
002827,20260831,20260817,天风证券股份有限公司关于西藏高争民爆股份有限公司收购报告书之财务顾问报告,,0,https://www.cninfo.com.cn/new/disclosure/detail?annoId=1225475888,2026-08-31 21:10:26
002827,20260831,20260817,北京树成律师事务所关于西藏地质矿产集团有限公司拟以无偿划转方式取得西藏高争民爆股份有限公司控股权股份免于发出要约的法律意见书,,0,https://www.cninfo.com.cn/new/disclosure/detail?annoId=1225475887,2026-08-31 21:10:26
002827,20260831,20260817,北京树成律师事务所关于西藏地质矿产集团有限公司以无偿划转方式取得西藏高争民爆股份有限公司控股权股份的法律意见书,,0,https://www.cninfo.com.cn/new/disclosure/detail?annoId=1225475886,2026-08-31 21:10:26
002827,20260831,20260817,西藏高争民爆股份有限公司收购报告书,,0,https://www.cninfo.com.cn/new/disclosure/detail?annoId=1225475885,2026-08-31 21:10:26
002855,20260831,20260425,2025年度独立董事述职报告（韩勇）,,0,https://www.cninfo.com.cn/new/disclosure/detail?annoId=1225189387,2026-08-31 21:10:26
002855,20260831,20260425,2025年度独立董事述职报告 （江金锁）,,0,https://www.cninfo.com.cn/new/disclosure/detail?annoId=1225189386,2026-08-31 21:10:26
002855,20260831,20260425,内部控制审计报告,,0,https://www.cninfo.com.cn/new/disclosure/detail?annoId=1225189385,2026-08-31 21:10:26
002855,20260831,20260430,关于东莞捷荣技术股份有限公司2025年度财务报告非标准审计意见的专项说明,,0,https://www.cninfo.com.cn/new/disclosure/detail?annoId=1225253911,2026-08-31 21:10:26
002855,20260831,20260430,董事会审计委员会关于《董事会对会计师事务所出具2025年度带强调事项段的无保留意见审计报告的专项说明》的意见,,0,https://www.cninfo.com.cn/new/disclosure/detail?annoId=1225253910,2026-08-31 21:10:26
002855,20260831,20260523,2025年度股东会法律意见书,,0,https://www.cninfo.com.cn/new/disclosure/detail?annoId=1225326098,2026-08-31 21:10:26
002855,20260831,20260523,2025年年度股东会决议公告,,0,https://www.cninfo.com.cn/new/disclosure/detail?annoId=1225326097,2026-08-31 21:10:26
002855,20260831,20260715,2026年半年度业绩预告,,0,https://www.cninfo.com.cn/new/disclosure/detail?annoId=1225423697,2026-08-31 21:10:26
002855,20260831,20260826,关于2026年半年度计提资产减值准备的公告,,0,https://www.cninfo.com.cn/new/disclosure/detail?annoId=1225502848,2026-08-31 21:10:26
002855,20260831,20260826,关于聘任证券事务代表的公告,,0,https://www.cninfo.com.cn/new/disclosure/detail?annoId=1225502847,2026-08-31 21:10:26
002855,20260831,20260826,关于全资子公司接受财务资助暨关联交易的公告,,0,https://www.cninfo.com.cn/new/disclosure/detail?annoId=1225502846,2026-08-31 21:10:26
002855,20260831,20260826,独立董事2026年第四次专门会议暨对公司第四届董事会第三十一次会议相关事项的审核意见,,0,https://www.cninfo.com.cn/new/disclosure/detail?annoId=1225502845,2026-08-31 21:10:26
002855,20260831,20260826,关于签署顾问协议暨关联交易的公告,,0,https://www.cninfo.com.cn/new/disclosure/detail?annoId=1225502844,2026-08-31 21:10:26
002855,20260831,20260826,关于召开2026年第二次临时股东会的通知,,0,https://www.cninfo.com.cn/new/disclosure/detail?annoId=1225502843,2026-08-31 21:10:26
002855,20260831,20260826,第四届董事会第三十一次会议决议公告,,0,https://www.cninfo.com.cn/new/disclosure/detail?annoId=1225502842,2026-08-31 21:10:26
002855,20260831,20260826,2026年半年度非经营性资金占用及其他关联资金往来情况汇总表,,0,https://www.cninfo.com.cn/new/disclosure/detail?annoId=1225502841,2026-08-31 21:10:26
002855,20260831,20260826,2026年半年度报告,,0,https://www.cninfo.com.cn/new/disclosure/detail?annoId=1225502840,2026-08-31 21:10:26
002855,20260831,20260826,2026年半年度报告摘要,,0,https://www.cninfo.com.cn/new/disclosure/detail?annoId=1225502839,2026-08-31 21:10:26
002855,20260831,20260827,股票交易异常波动公告,,2,https://www.cninfo.com.cn/new/disclosure/detail?annoId=1225511567,2026-08-31 21:10:26
002855,20260831,20260901,股票交易异常波动公告,,2,https://www.cninfo.com.cn/new/disclosure/detail?annoId=1225539070,2026-08-31 21:10:26
002879,20260807,20260702,002879长缆科技投资者关系管理信息20260702,,0,https://www.cninfo.com.cn/new/disclosure/detail?annoId=1225405300,2026-08-25 21:41:58
002879,20260807,20260721,第五届董事会第二十次会议决议公告,,0,https://www.cninfo.com.cn/new/disclosure/detail?annoId=1225433739,2026-08-25 21:41:58
002879,20260807,20260721,关于回购公司股份的方案,,0,https://www.cninfo.com.cn/new/disclosure/detail?annoId=1225433738,2026-08-25 21:41:58
002879,20260807,20260721,关于公司董事长增持股份计划的公告,,0,https://www.cninfo.com.cn/new/disclosure/detail?annoId=1225433737,2026-08-25 21:41:58
002879,20260807,20260721,回购报告书,,0,https://www.cninfo.com.cn/new/disclosure/detail?annoId=1225433736,2026-08-25 21:41:58
002879,20260807,20260723,关于回购股份事项前十名股东和前十名无限售条件股东持股情况的公告,,0,https://www.cninfo.com.cn/new/disclosure/detail?annoId=1225436937,2026-08-25 21:41:58
002879,20260807,20260723,关于首次回购公司股份的公告,,0,https://www.cninfo.com.cn/new/disclosure/detail?annoId=1225436936,2026-08-25 21:41:58
002879,20260807,20260724,2026-035股票交易异常波动公告,,2,https://www.cninfo.com.cn/new/disclosure/detail?annoId=1225438432,2026-08-25 21:41:58
002879,20260807,20260728,股票交易异常波动公告,,2,https://www.cninfo.com.cn/new/disclosure/detail?annoId=1225443257,2026-08-25 21:41:58
002879,20260807,20260731,关于回购公司股份比例达到1%的进展公告,,0,https://www.cninfo.com.cn/new/disclosure/detail?annoId=1225448413,2026-08-25 21:41:58
002879,20260807,20260804,关于回购公司股份的进展公告,,0,https://www.cninfo.com.cn/new/disclosure/detail?annoId=1225453614,2026-08-25 21:41:58
002879,20260807,20260808,关于第一期、第二期员工持股计划存续期即将届满的提示性公告,,0,https://www.cninfo.com.cn/new/disclosure/detail?annoId=1225463043,2026-08-25 21:41:58
002879,20260807,20260812,关于回购公司股份比例达到2%的进展公告,,0,https://www.cninfo.com.cn/new/disclosure/detail?annoId=1225467807,2026-08-25 21:41:58
002879,20260807,20260818,002879长缆科技投资者关系管理信息20260818（2）,,0,https://www.cninfo.com.cn/new/disclosure/detail?annoId=1225480150,2026-08-25 21:41:58
002879,20260807,20260818,002879长缆科技投资者关系管理信息20260818（1）,,0,https://www.cninfo.com.cn/new/disclosure/detail?annoId=1225480149,2026-08-25 21:41:58
002879,20260807,20260818,2026年半年度非经营性资金占用及其他关联资金往来情况表,,0,https://www.cninfo.com.cn/new/disclosure/detail?annoId=1225477486,2026-08-25 21:41:58
002879,20260807,20260818,2026年半年度报告,,0,https://www.cninfo.com.cn/new/disclosure/detail?annoId=1225477485,2026-08-25 21:41:58
002879,20260807,20260818,2026年半年度报告摘要,,0,https://www.cninfo.com.cn/new/disclosure/detail?annoId=1225477484,2026-08-25 21:41:58
002879,20260807,20260820,关于控股股东、实际控制人及其一致行动人权益变动触及1%整数倍的公告,,0,https://www.cninfo.com.cn/new/disclosure/detail?annoId=1225482412,2026-08-25 21:41:58
002879,20260807,20260820,关于回购公司股份比例达到3%的进展公告,,0,https://www.cninfo.com.cn/new/disclosure/detail?annoId=1225481573,2026-08-25 21:41:58
002879,20260819,20260702,002879长缆科技投资者关系管理信息20260702,,0,https://www.cninfo.com.cn/new/disclosure/detail?annoId=1225405300,2026-08-26 10:40:31
002879,20260819,20260721,第五届董事会第二十次会议决议公告,,0,https://www.cninfo.com.cn/new/disclosure/detail?annoId=1225433739,2026-08-26 10:40:31
002879,20260819,20260721,关于回购公司股份的方案,,0,https://www.cninfo.com.cn/new/disclosure/detail?annoId=1225433738,2026-08-26 10:40:31
002879,20260819,20260721,关于公司董事长增持股份计划的公告,,0,https://www.cninfo.com.cn/new/disclosure/detail?annoId=1225433737,2026-08-26 10:40:31
002879,20260819,20260721,回购报告书,,0,https://www.cninfo.com.cn/new/disclosure/detail?annoId=1225433736,2026-08-26 10:40:31
002879,20260819,20260723,关于回购股份事项前十名股东和前十名无限售条件股东持股情况的公告,,0,https://www.cninfo.com.cn/new/disclosure/detail?annoId=1225436937,2026-08-26 10:40:31
002879,20260819,20260723,关于首次回购公司股份的公告,,0,https://www.cninfo.com.cn/new/disclosure/detail?annoId=1225436936,2026-08-26 10:40:31
002879,20260819,20260724,2026-035股票交易异常波动公告,,2,https://www.cninfo.com.cn/new/disclosure/detail?annoId=1225438432,2026-08-26 10:40:31
002879,20260819,20260728,股票交易异常波动公告,,2,https://www.cninfo.com.cn/new/disclosure/detail?annoId=1225443257,2026-08-26 10:40:31
002879,20260819,20260731,关于回购公司股份比例达到1%的进展公告,,0,https://www.cninfo.com.cn/new/disclosure/detail?annoId=1225448413,2026-08-26 10:40:31
002879,20260819,20260804,关于回购公司股份的进展公告,,0,https://www.cninfo.com.cn/new/disclosure/detail?annoId=1225453614,2026-08-26 10:40:31
002879,20260819,20260808,关于第一期、第二期员工持股计划存续期即将届满的提示性公告,,0,https://www.cninfo.com.cn/new/disclosure/detail?annoId=1225463043,2026-08-26 10:40:31
002879,20260819,20260812,关于回购公司股份比例达到2%的进展公告,,0,https://www.cninfo.com.cn/new/disclosure/detail?annoId=1225467807,2026-08-26 10:40:31
002879,20260819,20260818,002879长缆科技投资者关系管理信息20260818（2）,,0,https://www.cninfo.com.cn/new/disclosure/detail?annoId=1225480150,2026-08-26 10:40:31
002879,20260819,20260818,002879长缆科技投资者关系管理信息20260818（1）,,0,https://www.cninfo.com.cn/new/disclosure/detail?annoId=1225480149,2026-08-26 10:40:31
002879,20260819,20260818,2026年半年度非经营性资金占用及其他关联资金往来情况表,,0,https://www.cninfo.com.cn/new/disclosure/detail?annoId=1225477486,2026-08-26 10:40:31
002879,20260819,20260818,2026年半年度报告,,0,https://www.cninfo.com.cn/new/disclosure/detail?annoId=1225477485,2026-08-26 10:40:31
002879,20260819,20260818,2026年半年度报告摘要,,0,https://www.cninfo.com.cn/new/disclosure/detail?annoId=1225477484,2026-08-26 10:40:31
002879,20260819,20260820,关于控股股东、实际控制人及其一致行动人权益变动触及1%整数倍的公告,,0,https://www.cninfo.com.cn/new/disclosure/detail?annoId=1225482412,2026-08-26 10:40:31
002879,20260819,20260820,关于回购公司股份比例达到3%的进展公告,,0,https://www.cninfo.com.cn/new/disclosure/detail?annoId=1225481573,2026-08-26 10:40:31
002879,20260821,20260702,002879长缆科技投资者关系管理信息20260702,,0,https://www.cninfo.com.cn/new/disclosure/detail?annoId=1225405300,2026-08-25 10:07:18
002879,20260821,20260721,第五届董事会第二十次会议决议公告,,0,https://www.cninfo.com.cn/new/disclosure/detail?annoId=1225433739,2026-08-25 10:07:18
002879,20260821,20260721,关于回购公司股份的方案,,0,https://www.cninfo.com.cn/new/disclosure/detail?annoId=1225433738,2026-08-25 10:07:18
002879,20260821,20260721,关于公司董事长增持股份计划的公告,,0,https://www.cninfo.com.cn/new/disclosure/detail?annoId=1225433737,2026-08-25 10:07:18
002879,20260821,20260721,回购报告书,,0,https://www.cninfo.com.cn/new/disclosure/detail?annoId=1225433736,2026-08-25 10:07:18
002879,20260821,20260723,关于回购股份事项前十名股东和前十名无限售条件股东持股情况的公告,,0,https://www.cninfo.com.cn/new/disclosure/detail?annoId=1225436937,2026-08-25 10:07:18
002879,20260821,20260723,关于首次回购公司股份的公告,,0,https://www.cninfo.com.cn/new/disclosure/detail?annoId=1225436936,2026-08-25 10:07:18
002879,20260821,20260724,2026-035股票交易异常波动公告,,2,https://www.cninfo.com.cn/new/disclosure/detail?annoId=1225438432,2026-08-25 10:07:18
002879,20260821,20260728,股票交易异常波动公告,,2,https://www.cninfo.com.cn/new/disclosure/detail?annoId=1225443257,2026-08-25 10:07:18
002879,20260821,20260731,关于回购公司股份比例达到1%的进展公告,,0,https://www.cninfo.com.cn/new/disclosure/detail?annoId=1225448413,2026-08-25 10:07:18
002879,20260821,20260804,关于回购公司股份的进展公告,,0,https://www.cninfo.com.cn/new/disclosure/detail?annoId=1225453614,2026-08-25 10:07:18
002879,20260821,20260808,关于第一期、第二期员工持股计划存续期即将届满的提示性公告,,0,https://www.cninfo.com.cn/new/disclosure/detail?annoId=1225463043,2026-08-25 10:07:18
002879,20260821,20260812,关于回购公司股份比例达到2%的进展公告,,0,https://www.cninfo.com.cn/new/disclosure/detail?annoId=1225467807,2026-08-25 10:07:18
002879,20260821,20260818,002879长缆科技投资者关系管理信息20260818（2）,,0,https://www.cninfo.com.cn/new/disclosure/detail?annoId=1225480150,2026-08-25 10:07:18
002879,20260821,20260818,002879长缆科技投资者关系管理信息20260818（1）,,0,https://www.cninfo.com.cn/new/disclosure/detail?annoId=1225480149,2026-08-25 10:07:18
002879,20260821,20260818,2026年半年度非经营性资金占用及其他关联资金往来情况表,,0,https://www.cninfo.com.cn/new/disclosure/detail?annoId=1225477486,2026-08-25 10:07:18
002879,20260821,20260818,2026年半年度报告,,0,https://www.cninfo.com.cn/new/disclosure/detail?annoId=1225477485,2026-08-25 10:07:18
002879,20260821,20260818,2026年半年度报告摘要,,0,https://www.cninfo.com.cn/new/disclosure/detail?annoId=1225477484,2026-08-25 10:07:18
002879,20260821,20260820,关于控股股东、实际控制人及其一致行动人权益变动触及1%整数倍的公告,,0,https://www.cninfo.com.cn/new/disclosure/detail?annoId=1225482412,2026-08-25 10:07:18
002879,20260821,20260820,关于回购公司股份比例达到3%的进展公告,,0,https://www.cninfo.com.cn/new/disclosure/detail?annoId=1225481573,2026-08-25 10:07:18
002879,20260824,20260702,002879长缆科技投资者关系管理信息20260702,,0,https://www.cninfo.com.cn/new/disclosure/detail?annoId=1225405300,2026-08-25 10:15:21
002879,20260824,20260721,第五届董事会第二十次会议决议公告,,0,https://www.cninfo.com.cn/new/disclosure/detail?annoId=1225433739,2026-08-25 10:15:21
002879,20260824,20260721,关于回购公司股份的方案,,0,https://www.cninfo.com.cn/new/disclosure/detail?annoId=1225433738,2026-08-25 10:15:21
002879,20260824,20260721,关于公司董事长增持股份计划的公告,,0,https://www.cninfo.com.cn/new/disclosure/detail?annoId=1225433737,2026-08-25 10:15:21
002879,20260824,20260721,回购报告书,,0,https://www.cninfo.com.cn/new/disclosure/detail?annoId=1225433736,2026-08-25 10:15:21
002879,20260824,20260723,关于回购股份事项前十名股东和前十名无限售条件股东持股情况的公告,,0,https://www.cninfo.com.cn/new/disclosure/detail?annoId=1225436937,2026-08-25 10:15:21
002879,20260824,20260723,关于首次回购公司股份的公告,,0,https://www.cninfo.com.cn/new/disclosure/detail?annoId=1225436936,2026-08-25 10:15:21
002879,20260824,20260724,2026-035股票交易异常波动公告,,2,https://www.cninfo.com.cn/new/disclosure/detail?annoId=1225438432,2026-08-25 10:15:21
002879,20260824,20260728,股票交易异常波动公告,,2,https://www.cninfo.com.cn/new/disclosure/detail?annoId=1225443257,2026-08-25 10:15:21
002879,20260824,20260731,关于回购公司股份比例达到1%的进展公告,,0,https://www.cninfo.com.cn/new/disclosure/detail?annoId=1225448413,2026-08-25 10:15:21
002879,20260824,20260804,关于回购公司股份的进展公告,,0,https://www.cninfo.com.cn/new/disclosure/detail?annoId=1225453614,2026-08-25 10:15:21
002879,20260824,20260808,关于第一期、第二期员工持股计划存续期即将届满的提示性公告,,0,https://www.cninfo.com.cn/new/disclosure/detail?annoId=1225463043,2026-08-25 10:15:21
002879,20260824,20260812,关于回购公司股份比例达到2%的进展公告,,0,https://www.cninfo.com.cn/new/disclosure/detail?annoId=1225467807,2026-08-25 10:15:21
002879,20260824,20260818,002879长缆科技投资者关系管理信息20260818（2）,,0,https://www.cninfo.com.cn/new/disclosure/detail?annoId=1225480150,2026-08-25 10:15:21
002879,20260824,20260818,002879长缆科技投资者关系管理信息20260818（1）,,0,https://www.cninfo.com.cn/new/disclosure/detail?annoId=1225480149,2026-08-25 10:15:21
002879,20260824,20260818,2026年半年度非经营性资金占用及其他关联资金往来情况表,,0,https://www.cninfo.com.cn/new/disclosure/detail?annoId=1225477486,2026-08-25 10:15:21
002879,20260824,20260818,2026年半年度报告,,0,https://www.cninfo.com.cn/new/disclosure/detail?annoId=1225477485,2026-08-25 10:15:21
002879,20260824,20260818,2026年半年度报告摘要,,0,https://www.cninfo.com.cn/new/disclosure/detail?annoId=1225477484,2026-08-25 10:15:21
002879,20260824,20260820,关于控股股东、实际控制人及其一致行动人权益变动触及1%整数倍的公告,,0,https://www.cninfo.com.cn/new/disclosure/detail?annoId=1225482412,2026-08-25 10:15:21
002879,20260824,20260820,关于回购公司股份比例达到3%的进展公告,,0,https://www.cninfo.com.cn/new/disclosure/detail?annoId=1225481573,2026-08-25 10:15:21
002879,20260825,20260702,002879长缆科技投资者关系管理信息20260702,,0,https://www.cninfo.com.cn/new/disclosure/detail?annoId=1225405300,2026-08-25 19:57:43
002879,20260825,20260721,第五届董事会第二十次会议决议公告,,0,https://www.cninfo.com.cn/new/disclosure/detail?annoId=1225433739,2026-08-25 19:57:43
002879,20260825,20260721,关于回购公司股份的方案,,0,https://www.cninfo.com.cn/new/disclosure/detail?annoId=1225433738,2026-08-25 19:57:43
002879,20260825,20260721,关于公司董事长增持股份计划的公告,,0,https://www.cninfo.com.cn/new/disclosure/detail?annoId=1225433737,2026-08-25 19:57:43
002879,20260825,20260721,回购报告书,,0,https://www.cninfo.com.cn/new/disclosure/detail?annoId=1225433736,2026-08-25 19:57:43
002879,20260825,20260723,关于回购股份事项前十名股东和前十名无限售条件股东持股情况的公告,,0,https://www.cninfo.com.cn/new/disclosure/detail?annoId=1225436937,2026-08-25 19:57:43
002879,20260825,20260723,关于首次回购公司股份的公告,,0,https://www.cninfo.com.cn/new/disclosure/detail?annoId=1225436936,2026-08-25 19:57:43
002879,20260825,20260724,2026-035股票交易异常波动公告,,2,https://www.cninfo.com.cn/new/disclosure/detail?annoId=1225438432,2026-08-25 19:57:43
002879,20260825,20260728,股票交易异常波动公告,,2,https://www.cninfo.com.cn/new/disclosure/detail?annoId=1225443257,2026-08-25 19:57:43
002879,20260825,20260731,关于回购公司股份比例达到1%的进展公告,,0,https://www.cninfo.com.cn/new/disclosure/detail?annoId=1225448413,2026-08-25 19:57:43
002879,20260825,20260804,关于回购公司股份的进展公告,,0,https://www.cninfo.com.cn/new/disclosure/detail?annoId=1225453614,2026-08-25 19:57:43
002879,20260825,20260808,关于第一期、第二期员工持股计划存续期即将届满的提示性公告,,0,https://www.cninfo.com.cn/new/disclosure/detail?annoId=1225463043,2026-08-25 19:57:43
002879,20260825,20260812,关于回购公司股份比例达到2%的进展公告,,0,https://www.cninfo.com.cn/new/disclosure/detail?annoId=1225467807,2026-08-25 19:57:43
002879,20260825,20260818,002879长缆科技投资者关系管理信息20260818（2）,,0,https://www.cninfo.com.cn/new/disclosure/detail?annoId=1225480150,2026-08-25 19:57:43
002879,20260825,20260818,002879长缆科技投资者关系管理信息20260818（1）,,0,https://www.cninfo.com.cn/new/disclosure/detail?annoId=1225480149,2026-08-25 19:57:43
002879,20260825,20260818,2026年半年度非经营性资金占用及其他关联资金往来情况表,,0,https://www.cninfo.com.cn/new/disclosure/detail?annoId=1225477486,2026-08-25 19:57:43
002879,20260825,20260818,2026年半年度报告,,0,https://www.cninfo.com.cn/new/disclosure/detail?annoId=1225477485,2026-08-25 19:57:43
002879,20260825,20260818,2026年半年度报告摘要,,0,https://www.cninfo.com.cn/new/disclosure/detail?annoId=1225477484,2026-08-25 19:57:43
002879,20260825,20260820,关于控股股东、实际控制人及其一致行动人权益变动触及1%整数倍的公告,,0,https://www.cninfo.com.cn/new/disclosure/detail?annoId=1225482412,2026-08-25 19:57:43
002879,20260825,20260820,关于回购公司股份比例达到3%的进展公告,,0,https://www.cninfo.com.cn/new/disclosure/detail?annoId=1225481573,2026-08-25 19:57:43
002879,20260826,20260702,002879长缆科技投资者关系管理信息20260702,,0,https://www.cninfo.com.cn/new/disclosure/detail?annoId=1225405300,2026-08-27 00:11:26
002879,20260826,20260721,第五届董事会第二十次会议决议公告,,0,https://www.cninfo.com.cn/new/disclosure/detail?annoId=1225433739,2026-08-27 00:11:26
002879,20260826,20260721,关于回购公司股份的方案,,0,https://www.cninfo.com.cn/new/disclosure/detail?annoId=1225433738,2026-08-27 00:11:26
002879,20260826,20260721,关于公司董事长增持股份计划的公告,,0,https://www.cninfo.com.cn/new/disclosure/detail?annoId=1225433737,2026-08-27 00:11:26
002879,20260826,20260721,回购报告书,,0,https://www.cninfo.com.cn/new/disclosure/detail?annoId=1225433736,2026-08-27 00:11:26
002879,20260826,20260723,关于回购股份事项前十名股东和前十名无限售条件股东持股情况的公告,,0,https://www.cninfo.com.cn/new/disclosure/detail?annoId=1225436937,2026-08-27 00:11:26
002879,20260826,20260723,关于首次回购公司股份的公告,,0,https://www.cninfo.com.cn/new/disclosure/detail?annoId=1225436936,2026-08-27 00:11:26
002879,20260826,20260724,2026-035股票交易异常波动公告,,2,https://www.cninfo.com.cn/new/disclosure/detail?annoId=1225438432,2026-08-27 00:11:26
002879,20260826,20260728,股票交易异常波动公告,,2,https://www.cninfo.com.cn/new/disclosure/detail?annoId=1225443257,2026-08-27 00:11:26
002879,20260826,20260731,关于回购公司股份比例达到1%的进展公告,,0,https://www.cninfo.com.cn/new/disclosure/detail?annoId=1225448413,2026-08-27 00:11:26
002879,20260826,20260804,关于回购公司股份的进展公告,,0,https://www.cninfo.com.cn/new/disclosure/detail?annoId=1225453614,2026-08-27 00:11:26
002879,20260826,20260808,关于第一期、第二期员工持股计划存续期即将届满的提示性公告,,0,https://www.cninfo.com.cn/new/disclosure/detail?annoId=1225463043,2026-08-27 00:11:26
002879,20260826,20260812,关于回购公司股份比例达到2%的进展公告,,0,https://www.cninfo.com.cn/new/disclosure/detail?annoId=1225467807,2026-08-27 00:11:26
002879,20260826,20260818,002879长缆科技投资者关系管理信息20260818（2）,,0,https://www.cninfo.com.cn/new/disclosure/detail?annoId=1225480150,2026-08-27 00:11:26
002879,20260826,20260818,002879长缆科技投资者关系管理信息20260818（1）,,0,https://www.cninfo.com.cn/new/disclosure/detail?annoId=1225480149,2026-08-27 00:11:26
002879,20260826,20260818,2026年半年度非经营性资金占用及其他关联资金往来情况表,,0,https://www.cninfo.com.cn/new/disclosure/detail?annoId=1225477486,2026-08-27 00:11:26
002879,20260826,20260818,2026年半年度报告,,0,https://www.cninfo.com.cn/new/disclosure/detail?annoId=1225477485,2026-08-27 00:11:26
002879,20260826,20260818,2026年半年度报告摘要,,0,https://www.cninfo.com.cn/new/disclosure/detail?annoId=1225477484,2026-08-27 00:11:26
002879,20260826,20260820,关于控股股东、实际控制人及其一致行动人权益变动触及1%整数倍的公告,,0,https://www.cninfo.com.cn/new/disclosure/detail?annoId=1225482412,2026-08-27 00:11:26
002879,20260826,20260820,关于回购公司股份比例达到3%的进展公告,,0,https://www.cninfo.com.cn/new/disclosure/detail?annoId=1225481573,2026-08-27 00:11:26
002879,20260827,20260721,第五届董事会第二十次会议决议公告,,0,https://www.cninfo.com.cn/new/disclosure/detail?annoId=1225433739,2026-08-27 21:27:28
002879,20260827,20260721,关于回购公司股份的方案,,0,https://www.cninfo.com.cn/new/disclosure/detail?annoId=1225433738,2026-08-27 21:27:28
002879,20260827,20260721,关于公司董事长增持股份计划的公告,,0,https://www.cninfo.com.cn/new/disclosure/detail?annoId=1225433737,2026-08-27 21:27:28
002879,20260827,20260721,回购报告书,,0,https://www.cninfo.com.cn/new/disclosure/detail?annoId=1225433736,2026-08-27 21:27:28
002879,20260827,20260723,关于回购股份事项前十名股东和前十名无限售条件股东持股情况的公告,,0,https://www.cninfo.com.cn/new/disclosure/detail?annoId=1225436937,2026-08-27 21:27:28
002879,20260827,20260723,关于首次回购公司股份的公告,,0,https://www.cninfo.com.cn/new/disclosure/detail?annoId=1225436936,2026-08-27 21:27:28
002879,20260827,20260724,2026-035股票交易异常波动公告,,2,https://www.cninfo.com.cn/new/disclosure/detail?annoId=1225438432,2026-08-27 21:27:28
002879,20260827,20260728,股票交易异常波动公告,,2,https://www.cninfo.com.cn/new/disclosure/detail?annoId=1225443257,2026-08-27 21:27:28
002879,20260827,20260731,关于回购公司股份比例达到1%的进展公告,,0,https://www.cninfo.com.cn/new/disclosure/detail?annoId=1225448413,2026-08-27 21:27:28
002879,20260827,20260804,关于回购公司股份的进展公告,,0,https://www.cninfo.com.cn/new/disclosure/detail?annoId=1225453614,2026-08-27 21:27:28
002879,20260827,20260808,关于第一期、第二期员工持股计划存续期即将届满的提示性公告,,0,https://www.cninfo.com.cn/new/disclosure/detail?annoId=1225463043,2026-08-27 21:27:28
002879,20260827,20260812,关于回购公司股份比例达到2%的进展公告,,0,https://www.cninfo.com.cn/new/disclosure/detail?annoId=1225467807,2026-08-27 21:27:28
002879,20260827,20260818,002879长缆科技投资者关系管理信息20260818（2）,,0,https://www.cninfo.com.cn/new/disclosure/detail?annoId=1225480150,2026-08-27 21:27:28
002879,20260827,20260818,002879长缆科技投资者关系管理信息20260818（1）,,0,https://www.cninfo.com.cn/new/disclosure/detail?annoId=1225480149,2026-08-27 21:27:28
002879,20260827,20260818,2026年半年度非经营性资金占用及其他关联资金往来情况表,,0,https://www.cninfo.com.cn/new/disclosure/detail?annoId=1225477486,2026-08-27 21:27:28
002879,20260827,20260818,2026年半年度报告,,0,https://www.cninfo.com.cn/new/disclosure/detail?annoId=1225477485,2026-08-27 21:27:28
002879,20260827,20260818,2026年半年度报告摘要,,0,https://www.cninfo.com.cn/new/disclosure/detail?annoId=1225477484,2026-08-27 21:27:28
002879,20260827,20260820,关于控股股东、实际控制人及其一致行动人权益变动触及1%整数倍的公告,,0,https://www.cninfo.com.cn/new/disclosure/detail?annoId=1225482412,2026-08-27 21:27:28
002879,20260827,20260820,关于回购公司股份比例达到3%的进展公告,,0,https://www.cninfo.com.cn/new/disclosure/detail?annoId=1225481573,2026-08-27 21:27:28
002879,20260827,20260827,002879长缆科技投资者关系管理信息20260827,,0,https://www.cninfo.com.cn/new/disclosure/detail?annoId=1225522150,2026-08-27 21:27:28
002879,20260831,20260721,第五届董事会第二十次会议决议公告,,0,https://www.cninfo.com.cn/new/disclosure/detail?annoId=1225433739,2026-08-31 21:10:26
002879,20260831,20260721,关于回购公司股份的方案,,0,https://www.cninfo.com.cn/new/disclosure/detail?annoId=1225433738,2026-08-31 21:10:26
002879,20260831,20260723,关于回购股份事项前十名股东和前十名无限售条件股东持股情况的公告,,0,https://www.cninfo.com.cn/new/disclosure/detail?annoId=1225436937,2026-08-31 21:10:26
002879,20260831,20260723,关于首次回购公司股份的公告,,0,https://www.cninfo.com.cn/new/disclosure/detail?annoId=1225436936,2026-08-31 21:10:26
002879,20260831,20260724,2026-035股票交易异常波动公告,,2,https://www.cninfo.com.cn/new/disclosure/detail?annoId=1225438432,2026-08-31 21:10:26
002879,20260831,20260728,股票交易异常波动公告,,2,https://www.cninfo.com.cn/new/disclosure/detail?annoId=1225443257,2026-08-31 21:10:26
002879,20260831,20260731,关于回购公司股份比例达到1%的进展公告,,0,https://www.cninfo.com.cn/new/disclosure/detail?annoId=1225448413,2026-08-31 21:10:26
002879,20260831,20260804,关于回购公司股份的进展公告,,0,https://www.cninfo.com.cn/new/disclosure/detail?annoId=1225453614,2026-08-31 21:10:26
002879,20260831,20260808,关于第一期、第二期员工持股计划存续期即将届满的提示性公告,,0,https://www.cninfo.com.cn/new/disclosure/detail?annoId=1225463043,2026-08-31 21:10:26
002879,20260831,20260812,关于回购公司股份比例达到2%的进展公告,,0,https://www.cninfo.com.cn/new/disclosure/detail?annoId=1225467807,2026-08-31 21:10:26
002879,20260831,20260818,002879长缆科技投资者关系管理信息20260818（2）,,0,https://www.cninfo.com.cn/new/disclosure/detail?annoId=1225480150,2026-08-31 21:10:26
002879,20260831,20260818,002879长缆科技投资者关系管理信息20260818（1）,,0,https://www.cninfo.com.cn/new/disclosure/detail?annoId=1225480149,2026-08-31 21:10:26
002879,20260831,20260818,2026年半年度非经营性资金占用及其他关联资金往来情况表,,0,https://www.cninfo.com.cn/new/disclosure/detail?annoId=1225477486,2026-08-31 21:10:26
002879,20260831,20260818,2026年半年度报告,,0,https://www.cninfo.com.cn/new/disclosure/detail?annoId=1225477485,2026-08-31 21:10:26
002879,20260831,20260818,2026年半年度报告摘要,,0,https://www.cninfo.com.cn/new/disclosure/detail?annoId=1225477484,2026-08-31 21:10:26
002879,20260831,20260820,关于控股股东、实际控制人及其一致行动人权益变动触及1%整数倍的公告,,0,https://www.cninfo.com.cn/new/disclosure/detail?annoId=1225482412,2026-08-31 21:10:26
002879,20260831,20260820,关于回购公司股份比例达到3%的进展公告,,0,https://www.cninfo.com.cn/new/disclosure/detail?annoId=1225481573,2026-08-31 21:10:26
002879,20260831,20260827,002879长缆科技投资者关系管理信息20260827,,0,https://www.cninfo.com.cn/new/disclosure/detail?annoId=1225522150,2026-08-31 21:10:26
002879,20260831,20260829,关于控股股东部分股份质押及解除质押的公告,,0,https://www.cninfo.com.cn/new/disclosure/detail?annoId=1225525411,2026-08-31 21:10:26
002879,20260831,20260829,关于参加2026年湖南辖区上市公司投资者网上集体接待日暨半年度业绩说明会活动的公告,,0,https://www.cninfo.com.cn/new/disclosure/detail?annoId=1225525175,2026-08-31 21:10:26
002963,20260807,20260425,2025年度董事会审计委员会履职情况报告,,0,https://www.cninfo.com.cn/new/disclosure/detail?annoId=1225193716,2026-08-25 21:41:59
002963,20260807,20260425,2025年度财务决算报告,,0,https://www.cninfo.com.cn/new/disclosure/detail?annoId=1225193715,2026-08-25 21:41:59
002963,20260807,20260425,2025年度董事会工作报告,,0,https://www.cninfo.com.cn/new/disclosure/detail?annoId=1225193714,2026-08-25 21:41:59
002963,20260807,20260425,2025年度独立董事述职报告（赵玉）,,0,https://www.cninfo.com.cn/new/disclosure/detail?annoId=1225193713,2026-08-25 21:41:59
002963,20260807,20260425,2025年度独立董事述职报告（蔡瑜）,,0,https://www.cninfo.com.cn/new/disclosure/detail?annoId=1225193712,2026-08-25 21:41:59
002963,20260807,20260425,2025年度独立董事述职报告（傅穹）,,0,https://www.cninfo.com.cn/new/disclosure/detail?annoId=1225193711,2026-08-25 21:41:59
002963,20260807,20260521,关于独立董事取得独立董事资格证书的公告,,0,https://www.cninfo.com.cn/new/disclosure/detail?annoId=1225320719,2026-08-25 21:41:59
002963,20260807,20260521,北京市君合律师事务所关于豪尔赛科技集团股份有限公司2025年年度股东会之法律意见书,,0,https://www.cninfo.com.cn/new/disclosure/detail?annoId=1225320718,2026-08-25 21:41:59
002963,20260807,20260521,2025年年度股东会决议公告,,0,https://www.cninfo.com.cn/new/disclosure/detail?annoId=1225320717,2026-08-25 21:41:59
002963,20260807,20260601,关于公司重大事项的进展公告,,0,https://www.cninfo.com.cn/new/disclosure/detail?annoId=1225340128,2026-08-25 21:41:59
002963,20260807,20260715,2026年半年度业绩预告,,0,https://www.cninfo.com.cn/new/disclosure/detail?annoId=1225424945,2026-08-25 21:41:59
002963,20260807,20260805,股票交易异常波动公告,,2,https://www.cninfo.com.cn/new/disclosure/detail?annoId=1225458333,2026-08-25 21:41:59
002963,20260807,20260814,第四届董事会独立董事2026年第一次专门会议决议,,0,https://www.cninfo.com.cn/new/disclosure/detail?annoId=1225472286,2026-08-25 21:41:59
002963,20260807,20260814,董事会秘书工作细则（2026年8月）,,0,https://www.cninfo.com.cn/new/disclosure/detail?annoId=1225472285,2026-08-25 21:41:59
002963,20260807,20260814,关于公司2026年半年度计提信用减值准备及资产减值准备的公告,,0,https://www.cninfo.com.cn/new/disclosure/detail?annoId=1225472284,2026-08-25 21:41:59
002963,20260807,20260814,关于签订《顾问聘用协议》暨关联交易的公告,,0,https://www.cninfo.com.cn/new/disclosure/detail?annoId=1225472283,2026-08-25 21:41:59
002963,20260807,20260814,第四届董事会第三次会议决议公告,,0,https://www.cninfo.com.cn/new/disclosure/detail?annoId=1225472282,2026-08-25 21:41:59
002963,20260807,20260814,2026年半年度非经营性资金占用及其他关联资金往来情况汇总表,,0,https://www.cninfo.com.cn/new/disclosure/detail?annoId=1225472281,2026-08-25 21:41:59
002963,20260807,20260814,2026年半年度报告,,0,https://www.cninfo.com.cn/new/disclosure/detail?annoId=1225472280,2026-08-25 21:41:59
002963,20260807,20260814,2026年半年度报告摘要,,0,https://www.cninfo.com.cn/new/disclosure/detail?annoId=1225472279,2026-08-25 21:41:59
002963,20260819,20260425,2025年度董事会审计委员会履职情况报告,,0,https://www.cninfo.com.cn/new/disclosure/detail?annoId=1225193716,2026-08-26 10:40:32
002963,20260819,20260425,2025年度财务决算报告,,0,https://www.cninfo.com.cn/new/disclosure/detail?annoId=1225193715,2026-08-26 10:40:32
002963,20260819,20260425,2025年度董事会工作报告,,0,https://www.cninfo.com.cn/new/disclosure/detail?annoId=1225193714,2026-08-26 10:40:32
002963,20260819,20260425,2025年度独立董事述职报告（赵玉）,,0,https://www.cninfo.com.cn/new/disclosure/detail?annoId=1225193713,2026-08-26 10:40:32
002963,20260819,20260425,2025年度独立董事述职报告（蔡瑜）,,0,https://www.cninfo.com.cn/new/disclosure/detail?annoId=1225193712,2026-08-26 10:40:32
002963,20260819,20260425,2025年度独立董事述职报告（傅穹）,,0,https://www.cninfo.com.cn/new/disclosure/detail?annoId=1225193711,2026-08-26 10:40:32
002963,20260819,20260521,关于独立董事取得独立董事资格证书的公告,,0,https://www.cninfo.com.cn/new/disclosure/detail?annoId=1225320719,2026-08-26 10:40:32
002963,20260819,20260521,北京市君合律师事务所关于豪尔赛科技集团股份有限公司2025年年度股东会之法律意见书,,0,https://www.cninfo.com.cn/new/disclosure/detail?annoId=1225320718,2026-08-26 10:40:32
002963,20260819,20260521,2025年年度股东会决议公告,,0,https://www.cninfo.com.cn/new/disclosure/detail?annoId=1225320717,2026-08-26 10:40:32
002963,20260819,20260601,关于公司重大事项的进展公告,,0,https://www.cninfo.com.cn/new/disclosure/detail?annoId=1225340128,2026-08-26 10:40:32
002963,20260819,20260715,2026年半年度业绩预告,,0,https://www.cninfo.com.cn/new/disclosure/detail?annoId=1225424945,2026-08-26 10:40:32
002963,20260819,20260805,股票交易异常波动公告,,2,https://www.cninfo.com.cn/new/disclosure/detail?annoId=1225458333,2026-08-26 10:40:32
002963,20260819,20260814,第四届董事会独立董事2026年第一次专门会议决议,,0,https://www.cninfo.com.cn/new/disclosure/detail?annoId=1225472286,2026-08-26 10:40:32
002963,20260819,20260814,董事会秘书工作细则（2026年8月）,,0,https://www.cninfo.com.cn/new/disclosure/detail?annoId=1225472285,2026-08-26 10:40:32
002963,20260819,20260814,关于公司2026年半年度计提信用减值准备及资产减值准备的公告,,0,https://www.cninfo.com.cn/new/disclosure/detail?annoId=1225472284,2026-08-26 10:40:32
002963,20260819,20260814,关于签订《顾问聘用协议》暨关联交易的公告,,0,https://www.cninfo.com.cn/new/disclosure/detail?annoId=1225472283,2026-08-26 10:40:32
002963,20260819,20260814,第四届董事会第三次会议决议公告,,0,https://www.cninfo.com.cn/new/disclosure/detail?annoId=1225472282,2026-08-26 10:40:32
002963,20260819,20260814,2026年半年度非经营性资金占用及其他关联资金往来情况汇总表,,0,https://www.cninfo.com.cn/new/disclosure/detail?annoId=1225472281,2026-08-26 10:40:32
002963,20260819,20260814,2026年半年度报告,,0,https://www.cninfo.com.cn/new/disclosure/detail?annoId=1225472280,2026-08-26 10:40:32
002963,20260819,20260814,2026年半年度报告摘要,,0,https://www.cninfo.com.cn/new/disclosure/detail?annoId=1225472279,2026-08-26 10:40:32
002963,20260821,20260425,2025年度董事会审计委员会履职情况报告,,0,https://www.cninfo.com.cn/new/disclosure/detail?annoId=1225193716,2026-08-25 10:07:18
002963,20260821,20260425,2025年度财务决算报告,,0,https://www.cninfo.com.cn/new/disclosure/detail?annoId=1225193715,2026-08-25 10:07:18
002963,20260821,20260425,2025年度董事会工作报告,,0,https://www.cninfo.com.cn/new/disclosure/detail?annoId=1225193714,2026-08-25 10:07:18
002963,20260821,20260425,2025年度独立董事述职报告（赵玉）,,0,https://www.cninfo.com.cn/new/disclosure/detail?annoId=1225193713,2026-08-25 10:07:18
002963,20260821,20260425,2025年度独立董事述职报告（蔡瑜）,,0,https://www.cninfo.com.cn/new/disclosure/detail?annoId=1225193712,2026-08-25 10:07:18
002963,20260821,20260425,2025年度独立董事述职报告（傅穹）,,0,https://www.cninfo.com.cn/new/disclosure/detail?annoId=1225193711,2026-08-25 10:07:18
002963,20260821,20260521,关于独立董事取得独立董事资格证书的公告,,0,https://www.cninfo.com.cn/new/disclosure/detail?annoId=1225320719,2026-08-25 10:07:18
002963,20260821,20260521,北京市君合律师事务所关于豪尔赛科技集团股份有限公司2025年年度股东会之法律意见书,,0,https://www.cninfo.com.cn/new/disclosure/detail?annoId=1225320718,2026-08-25 10:07:18
002963,20260821,20260521,2025年年度股东会决议公告,,0,https://www.cninfo.com.cn/new/disclosure/detail?annoId=1225320717,2026-08-25 10:07:18
002963,20260821,20260601,关于公司重大事项的进展公告,,0,https://www.cninfo.com.cn/new/disclosure/detail?annoId=1225340128,2026-08-25 10:07:18
002963,20260821,20260715,2026年半年度业绩预告,,0,https://www.cninfo.com.cn/new/disclosure/detail?annoId=1225424945,2026-08-25 10:07:18
002963,20260821,20260805,股票交易异常波动公告,,2,https://www.cninfo.com.cn/new/disclosure/detail?annoId=1225458333,2026-08-25 10:07:18
002963,20260821,20260814,第四届董事会独立董事2026年第一次专门会议决议,,0,https://www.cninfo.com.cn/new/disclosure/detail?annoId=1225472286,2026-08-25 10:07:18
002963,20260821,20260814,董事会秘书工作细则（2026年8月）,,0,https://www.cninfo.com.cn/new/disclosure/detail?annoId=1225472285,2026-08-25 10:07:18
002963,20260821,20260814,关于公司2026年半年度计提信用减值准备及资产减值准备的公告,,0,https://www.cninfo.com.cn/new/disclosure/detail?annoId=1225472284,2026-08-25 10:07:18
002963,20260821,20260814,关于签订《顾问聘用协议》暨关联交易的公告,,0,https://www.cninfo.com.cn/new/disclosure/detail?annoId=1225472283,2026-08-25 10:07:18
002963,20260821,20260814,第四届董事会第三次会议决议公告,,0,https://www.cninfo.com.cn/new/disclosure/detail?annoId=1225472282,2026-08-25 10:07:18
002963,20260821,20260814,2026年半年度非经营性资金占用及其他关联资金往来情况汇总表,,0,https://www.cninfo.com.cn/new/disclosure/detail?annoId=1225472281,2026-08-25 10:07:18
002963,20260821,20260814,2026年半年度报告,,0,https://www.cninfo.com.cn/new/disclosure/detail?annoId=1225472280,2026-08-25 10:07:18
002963,20260821,20260814,2026年半年度报告摘要,,0,https://www.cninfo.com.cn/new/disclosure/detail?annoId=1225472279,2026-08-25 10:07:18
002963,20260824,20260425,2025年度董事会审计委员会履职情况报告,,0,https://www.cninfo.com.cn/new/disclosure/detail?annoId=1225193716,2026-08-25 10:15:22
002963,20260824,20260425,2025年度财务决算报告,,0,https://www.cninfo.com.cn/new/disclosure/detail?annoId=1225193715,2026-08-25 10:15:22
002963,20260824,20260425,2025年度董事会工作报告,,0,https://www.cninfo.com.cn/new/disclosure/detail?annoId=1225193714,2026-08-25 10:15:22
002963,20260824,20260425,2025年度独立董事述职报告（赵玉）,,0,https://www.cninfo.com.cn/new/disclosure/detail?annoId=1225193713,2026-08-25 10:15:22
002963,20260824,20260425,2025年度独立董事述职报告（蔡瑜）,,0,https://www.cninfo.com.cn/new/disclosure/detail?annoId=1225193712,2026-08-25 10:15:22
002963,20260824,20260425,2025年度独立董事述职报告（傅穹）,,0,https://www.cninfo.com.cn/new/disclosure/detail?annoId=1225193711,2026-08-25 10:15:22
002963,20260824,20260521,关于独立董事取得独立董事资格证书的公告,,0,https://www.cninfo.com.cn/new/disclosure/detail?annoId=1225320719,2026-08-25 10:15:22
002963,20260824,20260521,北京市君合律师事务所关于豪尔赛科技集团股份有限公司2025年年度股东会之法律意见书,,0,https://www.cninfo.com.cn/new/disclosure/detail?annoId=1225320718,2026-08-25 10:15:22
002963,20260824,20260521,2025年年度股东会决议公告,,0,https://www.cninfo.com.cn/new/disclosure/detail?annoId=1225320717,2026-08-25 10:15:22
002963,20260824,20260601,关于公司重大事项的进展公告,,0,https://www.cninfo.com.cn/new/disclosure/detail?annoId=1225340128,2026-08-25 10:15:22
002963,20260824,20260715,2026年半年度业绩预告,,0,https://www.cninfo.com.cn/new/disclosure/detail?annoId=1225424945,2026-08-25 10:15:22
002963,20260824,20260805,股票交易异常波动公告,,2,https://www.cninfo.com.cn/new/disclosure/detail?annoId=1225458333,2026-08-25 10:15:22
002963,20260824,20260814,第四届董事会独立董事2026年第一次专门会议决议,,0,https://www.cninfo.com.cn/new/disclosure/detail?annoId=1225472286,2026-08-25 10:15:22
002963,20260824,20260814,董事会秘书工作细则（2026年8月）,,0,https://www.cninfo.com.cn/new/disclosure/detail?annoId=1225472285,2026-08-25 10:15:22
002963,20260824,20260814,关于公司2026年半年度计提信用减值准备及资产减值准备的公告,,0,https://www.cninfo.com.cn/new/disclosure/detail?annoId=1225472284,2026-08-25 10:15:22
002963,20260824,20260814,关于签订《顾问聘用协议》暨关联交易的公告,,0,https://www.cninfo.com.cn/new/disclosure/detail?annoId=1225472283,2026-08-25 10:15:22
002963,20260824,20260814,第四届董事会第三次会议决议公告,,0,https://www.cninfo.com.cn/new/disclosure/detail?annoId=1225472282,2026-08-25 10:15:22
002963,20260824,20260814,2026年半年度非经营性资金占用及其他关联资金往来情况汇总表,,0,https://www.cninfo.com.cn/new/disclosure/detail?annoId=1225472281,2026-08-25 10:15:22
002963,20260824,20260814,2026年半年度报告,,0,https://www.cninfo.com.cn/new/disclosure/detail?annoId=1225472280,2026-08-25 10:15:22
002963,20260824,20260814,2026年半年度报告摘要,,0,https://www.cninfo.com.cn/new/disclosure/detail?annoId=1225472279,2026-08-25 10:15:22
002963,20260825,20260425,2025年度董事会审计委员会履职情况报告,,0,https://www.cninfo.com.cn/new/disclosure/detail?annoId=1225193716,2026-08-25 19:57:43
002963,20260825,20260425,2025年度财务决算报告,,0,https://www.cninfo.com.cn/new/disclosure/detail?annoId=1225193715,2026-08-25 19:57:43
002963,20260825,20260425,2025年度董事会工作报告,,0,https://www.cninfo.com.cn/new/disclosure/detail?annoId=1225193714,2026-08-25 19:57:43
002963,20260825,20260425,2025年度独立董事述职报告（赵玉）,,0,https://www.cninfo.com.cn/new/disclosure/detail?annoId=1225193713,2026-08-25 19:57:43
002963,20260825,20260425,2025年度独立董事述职报告（蔡瑜）,,0,https://www.cninfo.com.cn/new/disclosure/detail?annoId=1225193712,2026-08-25 19:57:43
002963,20260825,20260425,2025年度独立董事述职报告（傅穹）,,0,https://www.cninfo.com.cn/new/disclosure/detail?annoId=1225193711,2026-08-25 19:57:43
002963,20260825,20260521,关于独立董事取得独立董事资格证书的公告,,0,https://www.cninfo.com.cn/new/disclosure/detail?annoId=1225320719,2026-08-25 19:57:43
002963,20260825,20260521,北京市君合律师事务所关于豪尔赛科技集团股份有限公司2025年年度股东会之法律意见书,,0,https://www.cninfo.com.cn/new/disclosure/detail?annoId=1225320718,2026-08-25 19:57:43
002963,20260825,20260521,2025年年度股东会决议公告,,0,https://www.cninfo.com.cn/new/disclosure/detail?annoId=1225320717,2026-08-25 19:57:43
002963,20260825,20260601,关于公司重大事项的进展公告,,0,https://www.cninfo.com.cn/new/disclosure/detail?annoId=1225340128,2026-08-25 19:57:43
002963,20260825,20260715,2026年半年度业绩预告,,0,https://www.cninfo.com.cn/new/disclosure/detail?annoId=1225424945,2026-08-25 19:57:43
002963,20260825,20260805,股票交易异常波动公告,,2,https://www.cninfo.com.cn/new/disclosure/detail?annoId=1225458333,2026-08-25 19:57:43
002963,20260825,20260814,第四届董事会独立董事2026年第一次专门会议决议,,0,https://www.cninfo.com.cn/new/disclosure/detail?annoId=1225472286,2026-08-25 19:57:43
002963,20260825,20260814,董事会秘书工作细则（2026年8月）,,0,https://www.cninfo.com.cn/new/disclosure/detail?annoId=1225472285,2026-08-25 19:57:43
002963,20260825,20260814,关于公司2026年半年度计提信用减值准备及资产减值准备的公告,,0,https://www.cninfo.com.cn/new/disclosure/detail?annoId=1225472284,2026-08-25 19:57:43
002963,20260825,20260814,关于签订《顾问聘用协议》暨关联交易的公告,,0,https://www.cninfo.com.cn/new/disclosure/detail?annoId=1225472283,2026-08-25 19:57:43
002963,20260825,20260814,第四届董事会第三次会议决议公告,,0,https://www.cninfo.com.cn/new/disclosure/detail?annoId=1225472282,2026-08-25 19:57:43
002963,20260825,20260814,2026年半年度非经营性资金占用及其他关联资金往来情况汇总表,,0,https://www.cninfo.com.cn/new/disclosure/detail?annoId=1225472281,2026-08-25 19:57:43
002963,20260825,20260814,2026年半年度报告,,0,https://www.cninfo.com.cn/new/disclosure/detail?annoId=1225472280,2026-08-25 19:57:43
002963,20260825,20260814,2026年半年度报告摘要,,0,https://www.cninfo.com.cn/new/disclosure/detail?annoId=1225472279,2026-08-25 19:57:43
002963,20260826,20260425,2025年度董事会审计委员会履职情况报告,,0,https://www.cninfo.com.cn/new/disclosure/detail?annoId=1225193716,2026-08-27 00:11:27
002963,20260826,20260425,2025年度财务决算报告,,0,https://www.cninfo.com.cn/new/disclosure/detail?annoId=1225193715,2026-08-27 00:11:27
002963,20260826,20260425,2025年度董事会工作报告,,0,https://www.cninfo.com.cn/new/disclosure/detail?annoId=1225193714,2026-08-27 00:11:27
002963,20260826,20260425,2025年度独立董事述职报告（赵玉）,,0,https://www.cninfo.com.cn/new/disclosure/detail?annoId=1225193713,2026-08-27 00:11:27
002963,20260826,20260521,关于独立董事取得独立董事资格证书的公告,,0,https://www.cninfo.com.cn/new/disclosure/detail?annoId=1225320719,2026-08-27 00:11:27
002963,20260826,20260521,北京市君合律师事务所关于豪尔赛科技集团股份有限公司2025年年度股东会之法律意见书,,0,https://www.cninfo.com.cn/new/disclosure/detail?annoId=1225320718,2026-08-27 00:11:27
002963,20260826,20260521,2025年年度股东会决议公告,,0,https://www.cninfo.com.cn/new/disclosure/detail?annoId=1225320717,2026-08-27 00:11:27
002963,20260826,20260601,关于公司重大事项的进展公告,,0,https://www.cninfo.com.cn/new/disclosure/detail?annoId=1225340128,2026-08-27 00:11:27
002963,20260826,20260715,2026年半年度业绩预告,,0,https://www.cninfo.com.cn/new/disclosure/detail?annoId=1225424945,2026-08-27 00:11:27
002963,20260826,20260805,股票交易异常波动公告,,2,https://www.cninfo.com.cn/new/disclosure/detail?annoId=1225458333,2026-08-27 00:11:27
002963,20260826,20260814,第四届董事会独立董事2026年第一次专门会议决议,,0,https://www.cninfo.com.cn/new/disclosure/detail?annoId=1225472286,2026-08-27 00:11:27
002963,20260826,20260814,董事会秘书工作细则（2026年8月）,,0,https://www.cninfo.com.cn/new/disclosure/detail?annoId=1225472285,2026-08-27 00:11:27
002963,20260826,20260814,关于公司2026年半年度计提信用减值准备及资产减值准备的公告,,0,https://www.cninfo.com.cn/new/disclosure/detail?annoId=1225472284,2026-08-27 00:11:27
002963,20260826,20260814,关于签订《顾问聘用协议》暨关联交易的公告,,0,https://www.cninfo.com.cn/new/disclosure/detail?annoId=1225472283,2026-08-27 00:11:27
002963,20260826,20260814,第四届董事会第三次会议决议公告,,0,https://www.cninfo.com.cn/new/disclosure/detail?annoId=1225472282,2026-08-27 00:11:27
002963,20260826,20260814,2026年半年度非经营性资金占用及其他关联资金往来情况汇总表,,0,https://www.cninfo.com.cn/new/disclosure/detail?annoId=1225472281,2026-08-27 00:11:27
002963,20260826,20260814,2026年半年度报告,,0,https://www.cninfo.com.cn/new/disclosure/detail?annoId=1225472280,2026-08-27 00:11:27
002963,20260826,20260814,2026年半年度报告摘要,,0,https://www.cninfo.com.cn/new/disclosure/detail?annoId=1225472279,2026-08-27 00:11:27
002963,20260826,20260827,股票交易异常波动公告,,2,https://www.cninfo.com.cn/new/disclosure/detail?annoId=1225513783,2026-08-27 00:11:27
002963,20260826,20260827,关于签署股权收购意向协议的公告,,0,https://www.cninfo.com.cn/new/disclosure/detail?annoId=1225513782,2026-08-27 00:11:27
002963,20260827,20260425,2025年度董事会审计委员会履职情况报告,,0,https://www.cninfo.com.cn/new/disclosure/detail?annoId=1225193716,2026-08-27 21:27:28
002963,20260827,20260425,2025年度财务决算报告,,0,https://www.cninfo.com.cn/new/disclosure/detail?annoId=1225193715,2026-08-27 21:27:28
002963,20260827,20260425,2025年度董事会工作报告,,0,https://www.cninfo.com.cn/new/disclosure/detail?annoId=1225193714,2026-08-27 21:27:28
002963,20260827,20260425,2025年度独立董事述职报告（赵玉）,,0,https://www.cninfo.com.cn/new/disclosure/detail?annoId=1225193713,2026-08-27 21:27:28
002963,20260827,20260521,关于独立董事取得独立董事资格证书的公告,,0,https://www.cninfo.com.cn/new/disclosure/detail?annoId=1225320719,2026-08-27 21:27:28
002963,20260827,20260521,北京市君合律师事务所关于豪尔赛科技集团股份有限公司2025年年度股东会之法律意见书,,0,https://www.cninfo.com.cn/new/disclosure/detail?annoId=1225320718,2026-08-27 21:27:28
002963,20260827,20260521,2025年年度股东会决议公告,,0,https://www.cninfo.com.cn/new/disclosure/detail?annoId=1225320717,2026-08-27 21:27:28
002963,20260827,20260601,关于公司重大事项的进展公告,,0,https://www.cninfo.com.cn/new/disclosure/detail?annoId=1225340128,2026-08-27 21:27:28
002963,20260827,20260715,2026年半年度业绩预告,,0,https://www.cninfo.com.cn/new/disclosure/detail?annoId=1225424945,2026-08-27 21:27:28
002963,20260827,20260805,股票交易异常波动公告,,2,https://www.cninfo.com.cn/new/disclosure/detail?annoId=1225458333,2026-08-27 21:27:28
002963,20260827,20260814,第四届董事会独立董事2026年第一次专门会议决议,,0,https://www.cninfo.com.cn/new/disclosure/detail?annoId=1225472286,2026-08-27 21:27:28
002963,20260827,20260814,董事会秘书工作细则（2026年8月）,,0,https://www.cninfo.com.cn/new/disclosure/detail?annoId=1225472285,2026-08-27 21:27:28
002963,20260827,20260814,关于公司2026年半年度计提信用减值准备及资产减值准备的公告,,0,https://www.cninfo.com.cn/new/disclosure/detail?annoId=1225472284,2026-08-27 21:27:28
002963,20260827,20260814,关于签订《顾问聘用协议》暨关联交易的公告,,0,https://www.cninfo.com.cn/new/disclosure/detail?annoId=1225472283,2026-08-27 21:27:28
002963,20260827,20260814,第四届董事会第三次会议决议公告,,0,https://www.cninfo.com.cn/new/disclosure/detail?annoId=1225472282,2026-08-27 21:27:28
002963,20260827,20260814,2026年半年度非经营性资金占用及其他关联资金往来情况汇总表,,0,https://www.cninfo.com.cn/new/disclosure/detail?annoId=1225472281,2026-08-27 21:27:28
002963,20260827,20260814,2026年半年度报告,,0,https://www.cninfo.com.cn/new/disclosure/detail?annoId=1225472280,2026-08-27 21:27:28
002963,20260827,20260814,2026年半年度报告摘要,,0,https://www.cninfo.com.cn/new/disclosure/detail?annoId=1225472279,2026-08-27 21:27:28
002963,20260827,20260827,股票交易异常波动公告,,2,https://www.cninfo.com.cn/new/disclosure/detail?annoId=1225513783,2026-08-27 21:27:28
002963,20260827,20260827,关于签署股权收购意向协议的公告,,0,https://www.cninfo.com.cn/new/disclosure/detail?annoId=1225513782,2026-08-27 21:27:28
002963,20260831,20260425,2025年度董事会审计委员会履职情况报告,,0,https://www.cninfo.com.cn/new/disclosure/detail?annoId=1225193716,2026-08-31 21:10:26
002963,20260831,20260425,2025年度财务决算报告,,0,https://www.cninfo.com.cn/new/disclosure/detail?annoId=1225193715,2026-08-31 21:10:26
002963,20260831,20260425,2025年度董事会工作报告,,0,https://www.cninfo.com.cn/new/disclosure/detail?annoId=1225193714,2026-08-31 21:10:26
002963,20260831,20260425,2025年度独立董事述职报告（赵玉）,,0,https://www.cninfo.com.cn/new/disclosure/detail?annoId=1225193713,2026-08-31 21:10:26
002963,20260831,20260521,关于独立董事取得独立董事资格证书的公告,,0,https://www.cninfo.com.cn/new/disclosure/detail?annoId=1225320719,2026-08-31 21:10:26
002963,20260831,20260521,北京市君合律师事务所关于豪尔赛科技集团股份有限公司2025年年度股东会之法律意见书,,0,https://www.cninfo.com.cn/new/disclosure/detail?annoId=1225320718,2026-08-31 21:10:26
002963,20260831,20260521,2025年年度股东会决议公告,,0,https://www.cninfo.com.cn/new/disclosure/detail?annoId=1225320717,2026-08-31 21:10:26
002963,20260831,20260601,关于公司重大事项的进展公告,,0,https://www.cninfo.com.cn/new/disclosure/detail?annoId=1225340128,2026-08-31 21:10:26
002963,20260831,20260715,2026年半年度业绩预告,,0,https://www.cninfo.com.cn/new/disclosure/detail?annoId=1225424945,2026-08-31 21:10:26
002963,20260831,20260805,股票交易异常波动公告,,2,https://www.cninfo.com.cn/new/disclosure/detail?annoId=1225458333,2026-08-31 21:10:26
002963,20260831,20260814,第四届董事会独立董事2026年第一次专门会议决议,,0,https://www.cninfo.com.cn/new/disclosure/detail?annoId=1225472286,2026-08-31 21:10:26
002963,20260831,20260814,董事会秘书工作细则（2026年8月）,,0,https://www.cninfo.com.cn/new/disclosure/detail?annoId=1225472285,2026-08-31 21:10:26
002963,20260831,20260814,关于公司2026年半年度计提信用减值准备及资产减值准备的公告,,0,https://www.cninfo.com.cn/new/disclosure/detail?annoId=1225472284,2026-08-31 21:10:26
002963,20260831,20260814,关于签订《顾问聘用协议》暨关联交易的公告,,0,https://www.cninfo.com.cn/new/disclosure/detail?annoId=1225472283,2026-08-31 21:10:26
002963,20260831,20260814,第四届董事会第三次会议决议公告,,0,https://www.cninfo.com.cn/new/disclosure/detail?annoId=1225472282,2026-08-31 21:10:26
002963,20260831,20260814,2026年半年度非经营性资金占用及其他关联资金往来情况汇总表,,0,https://www.cninfo.com.cn/new/disclosure/detail?annoId=1225472281,2026-08-31 21:10:26
002963,20260831,20260814,2026年半年度报告,,0,https://www.cninfo.com.cn/new/disclosure/detail?annoId=1225472280,2026-08-31 21:10:26
002963,20260831,20260814,2026年半年度报告摘要,,0,https://www.cninfo.com.cn/new/disclosure/detail?annoId=1225472279,2026-08-31 21:10:26
002963,20260831,20260827,股票交易异常波动公告,,2,https://www.cninfo.com.cn/new/disclosure/detail?annoId=1225513783,2026-08-31 21:10:26
002963,20260831,20260827,关于签署股权收购意向协议的公告,,0,https://www.cninfo.com.cn/new/disclosure/detail?annoId=1225513782,2026-08-31 21:10:26
002975,20260807,20260801,珠海博杰电子股份有限公司章程,,0,https://www.cninfo.com.cn/new/disclosure/detail?annoId=1225452139,2026-08-27 20:11:57
002975,20260807,20260801,关于变更注册资本、增加经营范围并修订《公司章程》的公告,,0,https://www.cninfo.com.cn/new/disclosure/detail?annoId=1225452138,2026-08-27 20:11:57
002975,20260807,20260801,关于调整回购数量、回购价格及回购注销2025年限制性股票激励计划部分限售限制性股票的公告,,0,https://www.cninfo.com.cn/new/disclosure/detail?annoId=1225452137,2026-08-27 20:11:57
002975,20260807,20260801,关于回购注销部分限制性股票减少注册资本暨通知债权人的公告,,0,https://www.cninfo.com.cn/new/disclosure/detail?annoId=1225452136,2026-08-27 20:11:57
002975,20260807,20260801,北京德恒（深圳）律师事务所关于珠海博杰电子股份有限公司2025年限制性股票激励计划第一个解除限售期解除限售条件成就及回购注销部分限制性股票的法律意见,,0,https://www.cninfo.com.cn/new/disclosure/detail?annoId=1225452135,2026-08-27 20:11:57
002975,20260807,20260807,股票交易异常波动暨风险提示公告,,2,https://www.cninfo.com.cn/new/disclosure/detail?annoId=1225461525,2026-08-27 20:11:57
002975,20260807,20260812,关于2025年限制性股票激励计划第一个限售期解除限售股份上市流通的公告,,0,https://www.cninfo.com.cn/new/disclosure/detail?annoId=1225468250,2026-08-27 20:11:57
002975,20260807,20260814,关于变更保荐机构及保荐代表人的公告,,0,https://www.cninfo.com.cn/new/disclosure/detail?annoId=1225471540,2026-08-27 20:11:57
002975,20260807,20260818,北京德恒（深圳）律师事务所关于珠海博杰电子股份有限公司2026年第四次临时股东会的法律意见,,0,https://www.cninfo.com.cn/new/disclosure/detail?annoId=1225477251,2026-08-27 20:11:57
002975,20260807,20260818,2026年第四次临时股东会决议公告,,0,https://www.cninfo.com.cn/new/disclosure/detail?annoId=1225477250,2026-08-27 20:11:57
002975,20260807,20260822,关于召开2026年第五次临时股东会的通知,,0,https://www.cninfo.com.cn/new/disclosure/detail?annoId=1225492030,2026-08-27 20:11:57
002975,20260807,20260822,第三届董事会第二十八次会议决议公告,,0,https://www.cninfo.com.cn/new/disclosure/detail?annoId=1225492029,2026-08-27 20:11:57
002975,20260807,20260822,珠海鼎泰芯源晶体有限公司审计报告及财务报表-2025年度至2026年3月,,0,https://www.cninfo.com.cn/new/disclosure/detail?annoId=1225492028,2026-08-27 20:11:57
002975,20260807,20260822,关于收购联营公司珠海鼎泰芯源晶体有限公司控股权暨关联交易的公告,,0,https://www.cninfo.com.cn/new/disclosure/detail?annoId=1225492027,2026-08-27 20:11:57
002975,20260807,20260824,北京德恒律师事务所关于珠海博杰电子股份有限公司2026年度向特定对象发行A股股票的法律意见,,0,https://www.cninfo.com.cn/new/disclosure/detail?annoId=1225493891,2026-08-27 20:11:57
002975,20260807,20260824,珠海博杰电子股份有限公司最近一年的财务报告及其审计报告以及最近一期的财务报告,,0,https://www.cninfo.com.cn/new/disclosure/detail?annoId=1225493890,2026-08-27 20:11:57
002975,20260807,20260824,国泰海通证券股份有限公司关于珠海博杰电子股份有限公司向特定对象发行A股股票之上市保荐书,,0,https://www.cninfo.com.cn/new/disclosure/detail?annoId=1225493889,2026-08-27 20:11:57
002975,20260807,20260824,国泰海通证券股份有限公司关于珠海博杰电子股份有限公司向特定对象发行A股股票之发行保荐书,,0,https://www.cninfo.com.cn/new/disclosure/detail?annoId=1225493888,2026-08-27 20:11:57
002975,20260807,20260824,珠海博杰电子股份有限公司向特定对象发行A股股票募集说明书（申报稿）,,0,https://www.cninfo.com.cn/new/disclosure/detail?annoId=1225493887,2026-08-27 20:11:57
002975,20260807,20260824,关于2026年度向特定对象发行股票申请获得深圳证券交易所受理的公告,,0,https://www.cninfo.com.cn/new/disclosure/detail?annoId=1225493886,2026-08-27 20:11:57
002975,20260827,20260801,珠海博杰电子股份有限公司章程,,0,https://www.cninfo.com.cn/new/disclosure/detail?annoId=1225452139,2026-08-27 21:27:29
002975,20260827,20260801,关于变更注册资本、增加经营范围并修订《公司章程》的公告,,0,https://www.cninfo.com.cn/new/disclosure/detail?annoId=1225452138,2026-08-27 21:27:29
002975,20260827,20260801,关于调整回购数量、回购价格及回购注销2025年限制性股票激励计划部分限售限制性股票的公告,,0,https://www.cninfo.com.cn/new/disclosure/detail?annoId=1225452137,2026-08-27 21:27:29
002975,20260827,20260801,关于回购注销部分限制性股票减少注册资本暨通知债权人的公告,,0,https://www.cninfo.com.cn/new/disclosure/detail?annoId=1225452136,2026-08-27 21:27:29
002975,20260827,20260801,北京德恒（深圳）律师事务所关于珠海博杰电子股份有限公司2025年限制性股票激励计划第一个解除限售期解除限售条件成就及回购注销部分限制性股票的法律意见,,0,https://www.cninfo.com.cn/new/disclosure/detail?annoId=1225452135,2026-08-27 21:27:29
002975,20260827,20260807,股票交易异常波动暨风险提示公告,,2,https://www.cninfo.com.cn/new/disclosure/detail?annoId=1225461525,2026-08-27 21:27:29
002975,20260827,20260812,关于2025年限制性股票激励计划第一个限售期解除限售股份上市流通的公告,,0,https://www.cninfo.com.cn/new/disclosure/detail?annoId=1225468250,2026-08-27 21:27:29
002975,20260827,20260814,关于变更保荐机构及保荐代表人的公告,,0,https://www.cninfo.com.cn/new/disclosure/detail?annoId=1225471540,2026-08-27 21:27:29
002975,20260827,20260818,北京德恒（深圳）律师事务所关于珠海博杰电子股份有限公司2026年第四次临时股东会的法律意见,,0,https://www.cninfo.com.cn/new/disclosure/detail?annoId=1225477251,2026-08-27 21:27:29
002975,20260827,20260818,2026年第四次临时股东会决议公告,,0,https://www.cninfo.com.cn/new/disclosure/detail?annoId=1225477250,2026-08-27 21:27:29
002975,20260827,20260822,关于召开2026年第五次临时股东会的通知,,0,https://www.cninfo.com.cn/new/disclosure/detail?annoId=1225492030,2026-08-27 21:27:29
002975,20260827,20260822,第三届董事会第二十八次会议决议公告,,0,https://www.cninfo.com.cn/new/disclosure/detail?annoId=1225492029,2026-08-27 21:27:29
002975,20260827,20260822,珠海鼎泰芯源晶体有限公司审计报告及财务报表-2025年度至2026年3月,,0,https://www.cninfo.com.cn/new/disclosure/detail?annoId=1225492028,2026-08-27 21:27:29
002975,20260827,20260822,关于收购联营公司珠海鼎泰芯源晶体有限公司控股权暨关联交易的公告,,0,https://www.cninfo.com.cn/new/disclosure/detail?annoId=1225492027,2026-08-27 21:27:29
002975,20260827,20260824,北京德恒律师事务所关于珠海博杰电子股份有限公司2026年度向特定对象发行A股股票的法律意见,,0,https://www.cninfo.com.cn/new/disclosure/detail?annoId=1225493891,2026-08-27 21:27:29
002975,20260827,20260824,珠海博杰电子股份有限公司最近一年的财务报告及其审计报告以及最近一期的财务报告,,0,https://www.cninfo.com.cn/new/disclosure/detail?annoId=1225493890,2026-08-27 21:27:29
002975,20260827,20260824,国泰海通证券股份有限公司关于珠海博杰电子股份有限公司向特定对象发行A股股票之上市保荐书,,0,https://www.cninfo.com.cn/new/disclosure/detail?annoId=1225493889,2026-08-27 21:27:29
002975,20260827,20260824,国泰海通证券股份有限公司关于珠海博杰电子股份有限公司向特定对象发行A股股票之发行保荐书,,0,https://www.cninfo.com.cn/new/disclosure/detail?annoId=1225493888,2026-08-27 21:27:29
002975,20260827,20260824,珠海博杰电子股份有限公司向特定对象发行A股股票募集说明书（申报稿）,,0,https://www.cninfo.com.cn/new/disclosure/detail?annoId=1225493887,2026-08-27 21:27:29
002975,20260827,20260824,关于2026年度向特定对象发行股票申请获得深圳证券交易所受理的公告,,0,https://www.cninfo.com.cn/new/disclosure/detail?annoId=1225493886,2026-08-27 21:27:29
002975,20260831,20260807,股票交易异常波动暨风险提示公告,,2,https://www.cninfo.com.cn/new/disclosure/detail?annoId=1225461525,2026-08-31 21:10:27
002975,20260831,20260812,关于2025年限制性股票激励计划第一个限售期解除限售股份上市流通的公告,,0,https://www.cninfo.com.cn/new/disclosure/detail?annoId=1225468250,2026-08-31 21:10:27
002975,20260831,20260814,关于变更保荐机构及保荐代表人的公告,,0,https://www.cninfo.com.cn/new/disclosure/detail?annoId=1225471540,2026-08-31 21:10:27
002975,20260831,20260818,北京德恒（深圳）律师事务所关于珠海博杰电子股份有限公司2026年第四次临时股东会的法律意见,,0,https://www.cninfo.com.cn/new/disclosure/detail?annoId=1225477251,2026-08-31 21:10:27
002975,20260831,20260818,2026年第四次临时股东会决议公告,,0,https://www.cninfo.com.cn/new/disclosure/detail?annoId=1225477250,2026-08-31 21:10:27
002975,20260831,20260822,关于召开2026年第五次临时股东会的通知,,0,https://www.cninfo.com.cn/new/disclosure/detail?annoId=1225492030,2026-08-31 21:10:27
002975,20260831,20260822,第三届董事会第二十八次会议决议公告,,0,https://www.cninfo.com.cn/new/disclosure/detail?annoId=1225492029,2026-08-31 21:10:27
002975,20260831,20260822,珠海鼎泰芯源晶体有限公司审计报告及财务报表-2025年度至2026年3月,,0,https://www.cninfo.com.cn/new/disclosure/detail?annoId=1225492028,2026-08-31 21:10:27
002975,20260831,20260822,关于收购联营公司珠海鼎泰芯源晶体有限公司控股权暨关联交易的公告,,0,https://www.cninfo.com.cn/new/disclosure/detail?annoId=1225492027,2026-08-31 21:10:27
002975,20260831,20260824,北京德恒律师事务所关于珠海博杰电子股份有限公司2026年度向特定对象发行A股股票的法律意见,,0,https://www.cninfo.com.cn/new/disclosure/detail?annoId=1225493891,2026-08-31 21:10:27
002975,20260831,20260824,珠海博杰电子股份有限公司最近一年的财务报告及其审计报告以及最近一期的财务报告,,0,https://www.cninfo.com.cn/new/disclosure/detail?annoId=1225493890,2026-08-31 21:10:27
002975,20260831,20260824,国泰海通证券股份有限公司关于珠海博杰电子股份有限公司向特定对象发行A股股票之上市保荐书,,0,https://www.cninfo.com.cn/new/disclosure/detail?annoId=1225493889,2026-08-31 21:10:27
002975,20260831,20260824,国泰海通证券股份有限公司关于珠海博杰电子股份有限公司向特定对象发行A股股票之发行保荐书,,0,https://www.cninfo.com.cn/new/disclosure/detail?annoId=1225493888,2026-08-31 21:10:27
002975,20260831,20260824,珠海博杰电子股份有限公司向特定对象发行A股股票募集说明书（申报稿）,,0,https://www.cninfo.com.cn/new/disclosure/detail?annoId=1225493887,2026-08-31 21:10:27
002975,20260831,20260824,关于2026年度向特定对象发行股票申请获得深圳证券交易所受理的公告,,0,https://www.cninfo.com.cn/new/disclosure/detail?annoId=1225493886,2026-08-31 21:10:27
002975,20260831,20260829,第三届董事会第二十九次会议决议公告,,0,https://www.cninfo.com.cn/new/disclosure/detail?annoId=1225528807,2026-08-31 21:10:27
002975,20260831,20260829,募集资金2026年半年度存放、管理与使用情况的公告,,0,https://www.cninfo.com.cn/new/disclosure/detail?annoId=1225528806,2026-08-31 21:10:27
002975,20260831,20260829,2026年半年度非经营性资金占用及其他关联资金往来情况汇总表,,0,https://www.cninfo.com.cn/new/disclosure/detail?annoId=1225528805,2026-08-31 21:10:27
002975,20260831,20260829,2026年半年度报告,,0,https://www.cninfo.com.cn/new/disclosure/detail?annoId=1225528804,2026-08-31 21:10:27
002975,20260831,20260829,2026年半年度报告摘要,,0,https://www.cninfo.com.cn/new/disclosure/detail?annoId=1225528803,2026-08-31 21:10:27
003032,20260807,20260520,北京市天元律师事务所关于江苏传智播客教育科技股份有限公司2025年年度股东会的法律意见,,0,https://www.cninfo.com.cn/new/disclosure/detail?annoId=1225317369,2026-08-25 21:41:59
003032,20260807,20260521,关于申请撤销对公司股票交易实施退市风险警示的进展公告,,0,https://www.cninfo.com.cn/new/disclosure/detail?annoId=1225318616,2026-08-25 21:41:59
003032,20260807,20260610,艾华迪资产评估（北京）有限公司江苏传智播客教育科技股份有限公司关于对深圳证券交易所2025年年报问询函的回复专项说明,,3,https://www.cninfo.com.cn/new/disclosure/detail?annoId=1225361400,2026-08-25 21:41:59
003032,20260807,20260610,北京国枫兴华资产评估有限公司关于深圳证券交易所上市公司管理二部《关于对江苏传智播客教育科技股份有限公司2025年年报问询函》资产评估相关问题回复之核査意见,,3,https://www.cninfo.com.cn/new/disclosure/detail?annoId=1225361399,2026-08-25 21:41:59
003032,20260807,20260610,德勤华永会计师事务所(特殊普通合伙)《关于对江苏传智播客教育科技股份有限公司深圳证券交易所2025年年报问询函》的回复,,3,https://www.cninfo.com.cn/new/disclosure/detail?annoId=1225361398,2026-08-25 21:41:59
003032,20260807,20260610,中瑞世联资产评估集团有限公司江苏传智播客教育科技股份有限公司《关于对深圳证券交易所2025年年报问询函的回复》评估相关问题回复的核查意见,,3,https://www.cninfo.com.cn/new/disclosure/detail?annoId=1225361397,2026-08-25 21:41:59
003032,20260807,20260610,关于对深圳证券交易所2025年年报问询函的回复,,3,https://www.cninfo.com.cn/new/disclosure/detail?annoId=1225361396,2026-08-25 21:41:59
003032,20260807,20260610,关于公司股票交易撤销退市风险警示暨股票停复牌的公告,,5,https://www.cninfo.com.cn/new/disclosure/detail?annoId=1225361395,2026-08-25 21:41:59
003032,20260807,20260715,003032传智教育投资者关系管理信息20260715,,0,https://www.cninfo.com.cn/new/disclosure/detail?annoId=1225426549,2026-08-25 21:41:59
003032,20260807,20260715,2026年半年度业绩预告,,0,https://www.cninfo.com.cn/new/disclosure/detail?annoId=1225425036,2026-08-25 21:41:59
003032,20260807,20260724,003032传智教育投资者关系管理信息20260724,,0,https://www.cninfo.com.cn/new/disclosure/detail?annoId=1225441160,2026-08-25 21:41:59
003032,20260807,20260729,003032传智教育投资者关系管理信息20260729,,0,https://www.cninfo.com.cn/new/disclosure/detail?annoId=1225447360,2026-08-25 21:41:59
003032,20260807,20260729,股票交易异常波动公告,,2,https://www.cninfo.com.cn/new/disclosure/detail?annoId=1225444736,2026-08-25 21:41:59
003032,20260807,20260731,股票交易异常波动公告,,2,https://www.cninfo.com.cn/new/disclosure/detail?annoId=1225448214,2026-08-25 21:41:59
003032,20260807,20260803,003032传智教育投资者关系管理信息20260803,,0,https://www.cninfo.com.cn/new/disclosure/detail?annoId=1225455954,2026-08-25 21:41:59
003032,20260807,20260804,003032传智教育投资者关系管理信息20260804,,0,https://www.cninfo.com.cn/new/disclosure/detail?annoId=1225458645,2026-08-25 21:41:59
003032,20260807,20260805,股票交易异常波动公告,,2,https://www.cninfo.com.cn/new/disclosure/detail?annoId=1225458639,2026-08-25 21:41:59
003032,20260807,20260806,股票交易严重异常波动公告,,3,https://www.cninfo.com.cn/new/disclosure/detail?annoId=1225460765,2026-08-25 21:41:59
003032,20260807,20260813,股票交易风险提示公告,,1,https://www.cninfo.com.cn/new/disclosure/detail?annoId=1225469616,2026-08-25 21:41:59
003032,20260807,20260822,股票交易异常波动公告,,2,https://www.cninfo.com.cn/new/disclosure/detail?annoId=1225489593,2026-08-25 21:41:59
003032,20260819,20260520,北京市天元律师事务所关于江苏传智播客教育科技股份有限公司2025年年度股东会的法律意见,,0,https://www.cninfo.com.cn/new/disclosure/detail?annoId=1225317369,2026-08-26 10:40:32
003032,20260819,20260521,关于申请撤销对公司股票交易实施退市风险警示的进展公告,,0,https://www.cninfo.com.cn/new/disclosure/detail?annoId=1225318616,2026-08-26 10:40:32
003032,20260819,20260610,艾华迪资产评估（北京）有限公司江苏传智播客教育科技股份有限公司关于对深圳证券交易所2025年年报问询函的回复专项说明,,3,https://www.cninfo.com.cn/new/disclosure/detail?annoId=1225361400,2026-08-26 10:40:32
003032,20260819,20260610,北京国枫兴华资产评估有限公司关于深圳证券交易所上市公司管理二部《关于对江苏传智播客教育科技股份有限公司2025年年报问询函》资产评估相关问题回复之核査意见,,3,https://www.cninfo.com.cn/new/disclosure/detail?annoId=1225361399,2026-08-26 10:40:32
003032,20260819,20260610,德勤华永会计师事务所(特殊普通合伙)《关于对江苏传智播客教育科技股份有限公司深圳证券交易所2025年年报问询函》的回复,,3,https://www.cninfo.com.cn/new/disclosure/detail?annoId=1225361398,2026-08-26 10:40:32
003032,20260819,20260610,中瑞世联资产评估集团有限公司江苏传智播客教育科技股份有限公司《关于对深圳证券交易所2025年年报问询函的回复》评估相关问题回复的核查意见,,3,https://www.cninfo.com.cn/new/disclosure/detail?annoId=1225361397,2026-08-26 10:40:32
003032,20260819,20260610,关于对深圳证券交易所2025年年报问询函的回复,,3,https://www.cninfo.com.cn/new/disclosure/detail?annoId=1225361396,2026-08-26 10:40:32
003032,20260819,20260610,关于公司股票交易撤销退市风险警示暨股票停复牌的公告,,5,https://www.cninfo.com.cn/new/disclosure/detail?annoId=1225361395,2026-08-26 10:40:32
003032,20260819,20260715,003032传智教育投资者关系管理信息20260715,,0,https://www.cninfo.com.cn/new/disclosure/detail?annoId=1225426549,2026-08-26 10:40:32
003032,20260819,20260715,2026年半年度业绩预告,,0,https://www.cninfo.com.cn/new/disclosure/detail?annoId=1225425036,2026-08-26 10:40:32
003032,20260819,20260724,003032传智教育投资者关系管理信息20260724,,0,https://www.cninfo.com.cn/new/disclosure/detail?annoId=1225441160,2026-08-26 10:40:32
003032,20260819,20260729,003032传智教育投资者关系管理信息20260729,,0,https://www.cninfo.com.cn/new/disclosure/detail?annoId=1225447360,2026-08-26 10:40:32
003032,20260819,20260729,股票交易异常波动公告,,2,https://www.cninfo.com.cn/new/disclosure/detail?annoId=1225444736,2026-08-26 10:40:32
003032,20260819,20260731,股票交易异常波动公告,,2,https://www.cninfo.com.cn/new/disclosure/detail?annoId=1225448214,2026-08-26 10:40:32
003032,20260819,20260803,003032传智教育投资者关系管理信息20260803,,0,https://www.cninfo.com.cn/new/disclosure/detail?annoId=1225455954,2026-08-26 10:40:32
003032,20260819,20260804,003032传智教育投资者关系管理信息20260804,,0,https://www.cninfo.com.cn/new/disclosure/detail?annoId=1225458645,2026-08-26 10:40:32
003032,20260819,20260805,股票交易异常波动公告,,2,https://www.cninfo.com.cn/new/disclosure/detail?annoId=1225458639,2026-08-26 10:40:32
003032,20260819,20260806,股票交易严重异常波动公告,,3,https://www.cninfo.com.cn/new/disclosure/detail?annoId=1225460765,2026-08-26 10:40:32
003032,20260819,20260813,股票交易风险提示公告,,1,https://www.cninfo.com.cn/new/disclosure/detail?annoId=1225469616,2026-08-26 10:40:32
003032,20260819,20260822,股票交易异常波动公告,,2,https://www.cninfo.com.cn/new/disclosure/detail?annoId=1225489593,2026-08-26 10:40:32
003032,20260821,20260520,北京市天元律师事务所关于江苏传智播客教育科技股份有限公司2025年年度股东会的法律意见,,0,https://www.cninfo.com.cn/new/disclosure/detail?annoId=1225317369,2026-08-25 10:07:22
003032,20260821,20260521,关于申请撤销对公司股票交易实施退市风险警示的进展公告,,0,https://www.cninfo.com.cn/new/disclosure/detail?annoId=1225318616,2026-08-25 10:07:22
003032,20260821,20260610,艾华迪资产评估（北京）有限公司江苏传智播客教育科技股份有限公司关于对深圳证券交易所2025年年报问询函的回复专项说明,,3,https://www.cninfo.com.cn/new/disclosure/detail?annoId=1225361400,2026-08-25 10:07:22
003032,20260821,20260610,北京国枫兴华资产评估有限公司关于深圳证券交易所上市公司管理二部《关于对江苏传智播客教育科技股份有限公司2025年年报问询函》资产评估相关问题回复之核査意见,,3,https://www.cninfo.com.cn/new/disclosure/detail?annoId=1225361399,2026-08-25 10:07:22
003032,20260821,20260610,德勤华永会计师事务所(特殊普通合伙)《关于对江苏传智播客教育科技股份有限公司深圳证券交易所2025年年报问询函》的回复,,3,https://www.cninfo.com.cn/new/disclosure/detail?annoId=1225361398,2026-08-25 10:07:22
003032,20260821,20260610,中瑞世联资产评估集团有限公司江苏传智播客教育科技股份有限公司《关于对深圳证券交易所2025年年报问询函的回复》评估相关问题回复的核查意见,,3,https://www.cninfo.com.cn/new/disclosure/detail?annoId=1225361397,2026-08-25 10:07:22
003032,20260821,20260610,关于对深圳证券交易所2025年年报问询函的回复,,3,https://www.cninfo.com.cn/new/disclosure/detail?annoId=1225361396,2026-08-25 10:07:22
003032,20260821,20260610,关于公司股票交易撤销退市风险警示暨股票停复牌的公告,,5,https://www.cninfo.com.cn/new/disclosure/detail?annoId=1225361395,2026-08-25 10:07:22
003032,20260821,20260715,003032传智教育投资者关系管理信息20260715,,0,https://www.cninfo.com.cn/new/disclosure/detail?annoId=1225426549,2026-08-25 10:07:22
003032,20260821,20260715,2026年半年度业绩预告,,0,https://www.cninfo.com.cn/new/disclosure/detail?annoId=1225425036,2026-08-25 10:07:22
003032,20260821,20260724,003032传智教育投资者关系管理信息20260724,,0,https://www.cninfo.com.cn/new/disclosure/detail?annoId=1225441160,2026-08-25 10:07:22
003032,20260821,20260729,003032传智教育投资者关系管理信息20260729,,0,https://www.cninfo.com.cn/new/disclosure/detail?annoId=1225447360,2026-08-25 10:07:22
003032,20260821,20260729,股票交易异常波动公告,,2,https://www.cninfo.com.cn/new/disclosure/detail?annoId=1225444736,2026-08-25 10:07:22
003032,20260821,20260731,股票交易异常波动公告,,2,https://www.cninfo.com.cn/new/disclosure/detail?annoId=1225448214,2026-08-25 10:07:22
003032,20260821,20260803,003032传智教育投资者关系管理信息20260803,,0,https://www.cninfo.com.cn/new/disclosure/detail?annoId=1225455954,2026-08-25 10:07:22
003032,20260821,20260804,003032传智教育投资者关系管理信息20260804,,0,https://www.cninfo.com.cn/new/disclosure/detail?annoId=1225458645,2026-08-25 10:07:22
003032,20260821,20260805,股票交易异常波动公告,,2,https://www.cninfo.com.cn/new/disclosure/detail?annoId=1225458639,2026-08-25 10:07:22
003032,20260821,20260806,股票交易严重异常波动公告,,3,https://www.cninfo.com.cn/new/disclosure/detail?annoId=1225460765,2026-08-25 10:07:22
003032,20260821,20260813,股票交易风险提示公告,,1,https://www.cninfo.com.cn/new/disclosure/detail?annoId=1225469616,2026-08-25 10:07:22
003032,20260821,20260822,股票交易异常波动公告,,2,https://www.cninfo.com.cn/new/disclosure/detail?annoId=1225489593,2026-08-25 10:07:22
003032,20260824,20260520,北京市天元律师事务所关于江苏传智播客教育科技股份有限公司2025年年度股东会的法律意见,,0,https://www.cninfo.com.cn/new/disclosure/detail?annoId=1225317369,2026-08-25 10:15:22
003032,20260824,20260521,关于申请撤销对公司股票交易实施退市风险警示的进展公告,,0,https://www.cninfo.com.cn/new/disclosure/detail?annoId=1225318616,2026-08-25 10:15:22
003032,20260824,20260610,艾华迪资产评估（北京）有限公司江苏传智播客教育科技股份有限公司关于对深圳证券交易所2025年年报问询函的回复专项说明,,3,https://www.cninfo.com.cn/new/disclosure/detail?annoId=1225361400,2026-08-25 10:15:22
003032,20260824,20260610,北京国枫兴华资产评估有限公司关于深圳证券交易所上市公司管理二部《关于对江苏传智播客教育科技股份有限公司2025年年报问询函》资产评估相关问题回复之核査意见,,3,https://www.cninfo.com.cn/new/disclosure/detail?annoId=1225361399,2026-08-25 10:15:22
003032,20260824,20260610,德勤华永会计师事务所(特殊普通合伙)《关于对江苏传智播客教育科技股份有限公司深圳证券交易所2025年年报问询函》的回复,,3,https://www.cninfo.com.cn/new/disclosure/detail?annoId=1225361398,2026-08-25 10:15:22
003032,20260824,20260610,中瑞世联资产评估集团有限公司江苏传智播客教育科技股份有限公司《关于对深圳证券交易所2025年年报问询函的回复》评估相关问题回复的核查意见,,3,https://www.cninfo.com.cn/new/disclosure/detail?annoId=1225361397,2026-08-25 10:15:22
003032,20260824,20260610,关于对深圳证券交易所2025年年报问询函的回复,,3,https://www.cninfo.com.cn/new/disclosure/detail?annoId=1225361396,2026-08-25 10:15:22
003032,20260824,20260610,关于公司股票交易撤销退市风险警示暨股票停复牌的公告,,5,https://www.cninfo.com.cn/new/disclosure/detail?annoId=1225361395,2026-08-25 10:15:22
003032,20260824,20260715,003032传智教育投资者关系管理信息20260715,,0,https://www.cninfo.com.cn/new/disclosure/detail?annoId=1225426549,2026-08-25 10:15:22
003032,20260824,20260715,2026年半年度业绩预告,,0,https://www.cninfo.com.cn/new/disclosure/detail?annoId=1225425036,2026-08-25 10:15:22
003032,20260824,20260724,003032传智教育投资者关系管理信息20260724,,0,https://www.cninfo.com.cn/new/disclosure/detail?annoId=1225441160,2026-08-25 10:15:22
003032,20260824,20260729,003032传智教育投资者关系管理信息20260729,,0,https://www.cninfo.com.cn/new/disclosure/detail?annoId=1225447360,2026-08-25 10:15:22
003032,20260824,20260729,股票交易异常波动公告,,2,https://www.cninfo.com.cn/new/disclosure/detail?annoId=1225444736,2026-08-25 10:15:22
003032,20260824,20260731,股票交易异常波动公告,,2,https://www.cninfo.com.cn/new/disclosure/detail?annoId=1225448214,2026-08-25 10:15:22
003032,20260824,20260803,003032传智教育投资者关系管理信息20260803,,0,https://www.cninfo.com.cn/new/disclosure/detail?annoId=1225455954,2026-08-25 10:15:22
003032,20260824,20260804,003032传智教育投资者关系管理信息20260804,,0,https://www.cninfo.com.cn/new/disclosure/detail?annoId=1225458645,2026-08-25 10:15:22
003032,20260824,20260805,股票交易异常波动公告,,2,https://www.cninfo.com.cn/new/disclosure/detail?annoId=1225458639,2026-08-25 10:15:22
003032,20260824,20260806,股票交易严重异常波动公告,,3,https://www.cninfo.com.cn/new/disclosure/detail?annoId=1225460765,2026-08-25 10:15:22
003032,20260824,20260813,股票交易风险提示公告,,1,https://www.cninfo.com.cn/new/disclosure/detail?annoId=1225469616,2026-08-25 10:15:22
003032,20260824,20260822,股票交易异常波动公告,,2,https://www.cninfo.com.cn/new/disclosure/detail?annoId=1225489593,2026-08-25 10:15:22
003032,20260825,20260520,北京市天元律师事务所关于江苏传智播客教育科技股份有限公司2025年年度股东会的法律意见,,0,https://www.cninfo.com.cn/new/disclosure/detail?annoId=1225317369,2026-08-25 19:57:43
003032,20260825,20260521,关于申请撤销对公司股票交易实施退市风险警示的进展公告,,0,https://www.cninfo.com.cn/new/disclosure/detail?annoId=1225318616,2026-08-25 19:57:43
003032,20260825,20260610,艾华迪资产评估（北京）有限公司江苏传智播客教育科技股份有限公司关于对深圳证券交易所2025年年报问询函的回复专项说明,,3,https://www.cninfo.com.cn/new/disclosure/detail?annoId=1225361400,2026-08-25 19:57:43
003032,20260825,20260610,北京国枫兴华资产评估有限公司关于深圳证券交易所上市公司管理二部《关于对江苏传智播客教育科技股份有限公司2025年年报问询函》资产评估相关问题回复之核査意见,,3,https://www.cninfo.com.cn/new/disclosure/detail?annoId=1225361399,2026-08-25 19:57:43
003032,20260825,20260610,德勤华永会计师事务所(特殊普通合伙)《关于对江苏传智播客教育科技股份有限公司深圳证券交易所2025年年报问询函》的回复,,3,https://www.cninfo.com.cn/new/disclosure/detail?annoId=1225361398,2026-08-25 19:57:43
003032,20260825,20260610,中瑞世联资产评估集团有限公司江苏传智播客教育科技股份有限公司《关于对深圳证券交易所2025年年报问询函的回复》评估相关问题回复的核查意见,,3,https://www.cninfo.com.cn/new/disclosure/detail?annoId=1225361397,2026-08-25 19:57:43
003032,20260825,20260610,关于对深圳证券交易所2025年年报问询函的回复,,3,https://www.cninfo.com.cn/new/disclosure/detail?annoId=1225361396,2026-08-25 19:57:43
003032,20260825,20260610,关于公司股票交易撤销退市风险警示暨股票停复牌的公告,,5,https://www.cninfo.com.cn/new/disclosure/detail?annoId=1225361395,2026-08-25 19:57:43
003032,20260825,20260715,003032传智教育投资者关系管理信息20260715,,0,https://www.cninfo.com.cn/new/disclosure/detail?annoId=1225426549,2026-08-25 19:57:43
003032,20260825,20260715,2026年半年度业绩预告,,0,https://www.cninfo.com.cn/new/disclosure/detail?annoId=1225425036,2026-08-25 19:57:43
003032,20260825,20260724,003032传智教育投资者关系管理信息20260724,,0,https://www.cninfo.com.cn/new/disclosure/detail?annoId=1225441160,2026-08-25 19:57:43
003032,20260825,20260729,003032传智教育投资者关系管理信息20260729,,0,https://www.cninfo.com.cn/new/disclosure/detail?annoId=1225447360,2026-08-25 19:57:43
003032,20260825,20260729,股票交易异常波动公告,,2,https://www.cninfo.com.cn/new/disclosure/detail?annoId=1225444736,2026-08-25 19:57:43
003032,20260825,20260731,股票交易异常波动公告,,2,https://www.cninfo.com.cn/new/disclosure/detail?annoId=1225448214,2026-08-25 19:57:43
003032,20260825,20260803,003032传智教育投资者关系管理信息20260803,,0,https://www.cninfo.com.cn/new/disclosure/detail?annoId=1225455954,2026-08-25 19:57:43
003032,20260825,20260804,003032传智教育投资者关系管理信息20260804,,0,https://www.cninfo.com.cn/new/disclosure/detail?annoId=1225458645,2026-08-25 19:57:43
003032,20260825,20260805,股票交易异常波动公告,,2,https://www.cninfo.com.cn/new/disclosure/detail?annoId=1225458639,2026-08-25 19:57:43
003032,20260825,20260806,股票交易严重异常波动公告,,3,https://www.cninfo.com.cn/new/disclosure/detail?annoId=1225460765,2026-08-25 19:57:43
003032,20260825,20260813,股票交易风险提示公告,,1,https://www.cninfo.com.cn/new/disclosure/detail?annoId=1225469616,2026-08-25 19:57:43
003032,20260825,20260822,股票交易异常波动公告,,2,https://www.cninfo.com.cn/new/disclosure/detail?annoId=1225489593,2026-08-25 19:57:43
003032,20260826,20260520,北京市天元律师事务所关于江苏传智播客教育科技股份有限公司2025年年度股东会的法律意见,,0,https://www.cninfo.com.cn/new/disclosure/detail?annoId=1225317369,2026-08-27 00:11:27
003032,20260826,20260521,关于申请撤销对公司股票交易实施退市风险警示的进展公告,,0,https://www.cninfo.com.cn/new/disclosure/detail?annoId=1225318616,2026-08-27 00:11:27
003032,20260826,20260610,艾华迪资产评估（北京）有限公司江苏传智播客教育科技股份有限公司关于对深圳证券交易所2025年年报问询函的回复专项说明,,3,https://www.cninfo.com.cn/new/disclosure/detail?annoId=1225361400,2026-08-27 00:11:27
003032,20260826,20260610,北京国枫兴华资产评估有限公司关于深圳证券交易所上市公司管理二部《关于对江苏传智播客教育科技股份有限公司2025年年报问询函》资产评估相关问题回复之核査意见,,3,https://www.cninfo.com.cn/new/disclosure/detail?annoId=1225361399,2026-08-27 00:11:27
003032,20260826,20260610,德勤华永会计师事务所(特殊普通合伙)《关于对江苏传智播客教育科技股份有限公司深圳证券交易所2025年年报问询函》的回复,,3,https://www.cninfo.com.cn/new/disclosure/detail?annoId=1225361398,2026-08-27 00:11:27
003032,20260826,20260610,中瑞世联资产评估集团有限公司江苏传智播客教育科技股份有限公司《关于对深圳证券交易所2025年年报问询函的回复》评估相关问题回复的核查意见,,3,https://www.cninfo.com.cn/new/disclosure/detail?annoId=1225361397,2026-08-27 00:11:27
003032,20260826,20260610,关于对深圳证券交易所2025年年报问询函的回复,,3,https://www.cninfo.com.cn/new/disclosure/detail?annoId=1225361396,2026-08-27 00:11:27
003032,20260826,20260610,关于公司股票交易撤销退市风险警示暨股票停复牌的公告,,5,https://www.cninfo.com.cn/new/disclosure/detail?annoId=1225361395,2026-08-27 00:11:27
003032,20260826,20260715,003032传智教育投资者关系管理信息20260715,,0,https://www.cninfo.com.cn/new/disclosure/detail?annoId=1225426549,2026-08-27 00:11:27
003032,20260826,20260715,2026年半年度业绩预告,,0,https://www.cninfo.com.cn/new/disclosure/detail?annoId=1225425036,2026-08-27 00:11:27
003032,20260826,20260724,003032传智教育投资者关系管理信息20260724,,0,https://www.cninfo.com.cn/new/disclosure/detail?annoId=1225441160,2026-08-27 00:11:27
003032,20260826,20260729,003032传智教育投资者关系管理信息20260729,,0,https://www.cninfo.com.cn/new/disclosure/detail?annoId=1225447360,2026-08-27 00:11:27
003032,20260826,20260729,股票交易异常波动公告,,2,https://www.cninfo.com.cn/new/disclosure/detail?annoId=1225444736,2026-08-27 00:11:27
003032,20260826,20260731,股票交易异常波动公告,,2,https://www.cninfo.com.cn/new/disclosure/detail?annoId=1225448214,2026-08-27 00:11:27
003032,20260826,20260803,003032传智教育投资者关系管理信息20260803,,0,https://www.cninfo.com.cn/new/disclosure/detail?annoId=1225455954,2026-08-27 00:11:27
003032,20260826,20260804,003032传智教育投资者关系管理信息20260804,,0,https://www.cninfo.com.cn/new/disclosure/detail?annoId=1225458645,2026-08-27 00:11:27
003032,20260826,20260805,股票交易异常波动公告,,2,https://www.cninfo.com.cn/new/disclosure/detail?annoId=1225458639,2026-08-27 00:11:27
003032,20260826,20260806,股票交易严重异常波动公告,,3,https://www.cninfo.com.cn/new/disclosure/detail?annoId=1225460765,2026-08-27 00:11:27
003032,20260826,20260813,股票交易风险提示公告,,1,https://www.cninfo.com.cn/new/disclosure/detail?annoId=1225469616,2026-08-27 00:11:27
003032,20260826,20260822,股票交易异常波动公告,,2,https://www.cninfo.com.cn/new/disclosure/detail?annoId=1225489593,2026-08-27 00:11:27
003032,20260827,20260520,北京市天元律师事务所关于江苏传智播客教育科技股份有限公司2025年年度股东会的法律意见,,0,https://www.cninfo.com.cn/new/disclosure/detail?annoId=1225317369,2026-08-27 21:27:29
003032,20260827,20260521,关于申请撤销对公司股票交易实施退市风险警示的进展公告,,0,https://www.cninfo.com.cn/new/disclosure/detail?annoId=1225318616,2026-08-27 21:27:29
003032,20260827,20260610,艾华迪资产评估（北京）有限公司江苏传智播客教育科技股份有限公司关于对深圳证券交易所2025年年报问询函的回复专项说明,,3,https://www.cninfo.com.cn/new/disclosure/detail?annoId=1225361400,2026-08-27 21:27:29
003032,20260827,20260610,北京国枫兴华资产评估有限公司关于深圳证券交易所上市公司管理二部《关于对江苏传智播客教育科技股份有限公司2025年年报问询函》资产评估相关问题回复之核査意见,,3,https://www.cninfo.com.cn/new/disclosure/detail?annoId=1225361399,2026-08-27 21:27:29
003032,20260827,20260610,德勤华永会计师事务所(特殊普通合伙)《关于对江苏传智播客教育科技股份有限公司深圳证券交易所2025年年报问询函》的回复,,3,https://www.cninfo.com.cn/new/disclosure/detail?annoId=1225361398,2026-08-27 21:27:29
003032,20260827,20260610,中瑞世联资产评估集团有限公司江苏传智播客教育科技股份有限公司《关于对深圳证券交易所2025年年报问询函的回复》评估相关问题回复的核查意见,,3,https://www.cninfo.com.cn/new/disclosure/detail?annoId=1225361397,2026-08-27 21:27:29
003032,20260827,20260610,关于对深圳证券交易所2025年年报问询函的回复,,3,https://www.cninfo.com.cn/new/disclosure/detail?annoId=1225361396,2026-08-27 21:27:29
003032,20260827,20260610,关于公司股票交易撤销退市风险警示暨股票停复牌的公告,,5,https://www.cninfo.com.cn/new/disclosure/detail?annoId=1225361395,2026-08-27 21:27:29
003032,20260827,20260715,003032传智教育投资者关系管理信息20260715,,0,https://www.cninfo.com.cn/new/disclosure/detail?annoId=1225426549,2026-08-27 21:27:29
003032,20260827,20260715,2026年半年度业绩预告,,0,https://www.cninfo.com.cn/new/disclosure/detail?annoId=1225425036,2026-08-27 21:27:29
003032,20260827,20260724,003032传智教育投资者关系管理信息20260724,,0,https://www.cninfo.com.cn/new/disclosure/detail?annoId=1225441160,2026-08-27 21:27:29
003032,20260827,20260729,003032传智教育投资者关系管理信息20260729,,0,https://www.cninfo.com.cn/new/disclosure/detail?annoId=1225447360,2026-08-27 21:27:29
003032,20260827,20260729,股票交易异常波动公告,,2,https://www.cninfo.com.cn/new/disclosure/detail?annoId=1225444736,2026-08-27 21:27:29
003032,20260827,20260731,股票交易异常波动公告,,2,https://www.cninfo.com.cn/new/disclosure/detail?annoId=1225448214,2026-08-27 21:27:29
003032,20260827,20260803,003032传智教育投资者关系管理信息20260803,,0,https://www.cninfo.com.cn/new/disclosure/detail?annoId=1225455954,2026-08-27 21:27:29
003032,20260827,20260804,003032传智教育投资者关系管理信息20260804,,0,https://www.cninfo.com.cn/new/disclosure/detail?annoId=1225458645,2026-08-27 21:27:29
003032,20260827,20260805,股票交易异常波动公告,,2,https://www.cninfo.com.cn/new/disclosure/detail?annoId=1225458639,2026-08-27 21:27:29
003032,20260827,20260806,股票交易严重异常波动公告,,3,https://www.cninfo.com.cn/new/disclosure/detail?annoId=1225460765,2026-08-27 21:27:29
003032,20260827,20260813,股票交易风险提示公告,,1,https://www.cninfo.com.cn/new/disclosure/detail?annoId=1225469616,2026-08-27 21:27:29
003032,20260827,20260822,股票交易异常波动公告,,2,https://www.cninfo.com.cn/new/disclosure/detail?annoId=1225489593,2026-08-27 21:27:29
003032,20260831,20260610,艾华迪资产评估（北京）有限公司江苏传智播客教育科技股份有限公司关于对深圳证券交易所2025年年报问询函的回复专项说明,,3,https://www.cninfo.com.cn/new/disclosure/detail?annoId=1225361400,2026-08-31 21:10:27
003032,20260831,20260610,北京国枫兴华资产评估有限公司关于深圳证券交易所上市公司管理二部《关于对江苏传智播客教育科技股份有限公司2025年年报问询函》资产评估相关问题回复之核査意见,,3,https://www.cninfo.com.cn/new/disclosure/detail?annoId=1225361399,2026-08-31 21:10:27
003032,20260831,20260610,德勤华永会计师事务所(特殊普通合伙)《关于对江苏传智播客教育科技股份有限公司深圳证券交易所2025年年报问询函》的回复,,3,https://www.cninfo.com.cn/new/disclosure/detail?annoId=1225361398,2026-08-31 21:10:27
003032,20260831,20260610,中瑞世联资产评估集团有限公司江苏传智播客教育科技股份有限公司《关于对深圳证券交易所2025年年报问询函的回复》评估相关问题回复的核查意见,,3,https://www.cninfo.com.cn/new/disclosure/detail?annoId=1225361397,2026-08-31 21:10:27
003032,20260831,20260715,003032传智教育投资者关系管理信息20260715,,0,https://www.cninfo.com.cn/new/disclosure/detail?annoId=1225426549,2026-08-31 21:10:27
003032,20260831,20260715,2026年半年度业绩预告,,0,https://www.cninfo.com.cn/new/disclosure/detail?annoId=1225425036,2026-08-31 21:10:27
003032,20260831,20260724,003032传智教育投资者关系管理信息20260724,,0,https://www.cninfo.com.cn/new/disclosure/detail?annoId=1225441160,2026-08-31 21:10:27
003032,20260831,20260729,003032传智教育投资者关系管理信息20260729,,0,https://www.cninfo.com.cn/new/disclosure/detail?annoId=1225447360,2026-08-31 21:10:27
003032,20260831,20260729,股票交易异常波动公告,,2,https://www.cninfo.com.cn/new/disclosure/detail?annoId=1225444736,2026-08-31 21:10:27
003032,20260831,20260731,股票交易异常波动公告,,2,https://www.cninfo.com.cn/new/disclosure/detail?annoId=1225448214,2026-08-31 21:10:27
003032,20260831,20260803,003032传智教育投资者关系管理信息20260803,,0,https://www.cninfo.com.cn/new/disclosure/detail?annoId=1225455954,2026-08-31 21:10:27
003032,20260831,20260804,003032传智教育投资者关系管理信息20260804,,0,https://www.cninfo.com.cn/new/disclosure/detail?annoId=1225458645,2026-08-31 21:10:27
003032,20260831,20260805,股票交易异常波动公告,,2,https://www.cninfo.com.cn/new/disclosure/detail?annoId=1225458639,2026-08-31 21:10:27
003032,20260831,20260806,股票交易严重异常波动公告,,3,https://www.cninfo.com.cn/new/disclosure/detail?annoId=1225460765,2026-08-31 21:10:27
003032,20260831,20260813,股票交易风险提示公告,,1,https://www.cninfo.com.cn/new/disclosure/detail?annoId=1225469616,2026-08-31 21:10:27
003032,20260831,20260822,股票交易异常波动公告,,2,https://www.cninfo.com.cn/new/disclosure/detail?annoId=1225489593,2026-08-31 21:10:27
003032,20260831,20260829,2026年半年度非经营性资金占用及其他关联资金往来情况汇总表,,0,https://www.cninfo.com.cn/new/disclosure/detail?annoId=1225525435,2026-08-31 21:10:27
003032,20260831,20260829,2026年半年度报告,,0,https://www.cninfo.com.cn/new/disclosure/detail?annoId=1225525434,2026-08-31 21:10:27
003032,20260831,20260829,2026年半年度报告摘要,,0,https://www.cninfo.com.cn/new/disclosure/detail?annoId=1225525433,2026-08-31 21:10:27
003032,20260831,20260831,003032传智教育投资者关系管理信息20260831,,0,https://www.cninfo.com.cn/new/disclosure/detail?annoId=1225538806,2026-08-31 21:10:27
003040,20260826,20260826,关于终止2026年度向特定对象发行A股股票事项的公告,,0,https://www.cninfo.com.cn/new/disclosure/detail?annoId=1225503715,2026-08-27 00:11:27
003040,20260826,20260826,关于修订公司部分内部治理制度的公告,,0,https://www.cninfo.com.cn/new/disclosure/detail?annoId=1225503688,2026-08-27 00:11:27
003040,20260826,20260826,董事会提名委员会实施细则（2026年8月）,,0,https://www.cninfo.com.cn/new/disclosure/detail?annoId=1225503687,2026-08-27 00:11:27
003040,20260826,20260826,董事会薪酬与考核委员会实施细则（2026年8月）,,0,https://www.cninfo.com.cn/new/disclosure/detail?annoId=1225503686,2026-08-27 00:11:27
003040,20260826,20260826,董事会战略委员会实施细则（2026年8月）,,0,https://www.cninfo.com.cn/new/disclosure/detail?annoId=1225503685,2026-08-27 00:11:27
003040,20260826,20260826,内部审计制度（2026年8月）,,0,https://www.cninfo.com.cn/new/disclosure/detail?annoId=1225503684,2026-08-27 00:11:27
003040,20260826,20260826,内幕信息知情人报备制度（2026年8月）,,0,https://www.cninfo.com.cn/new/disclosure/detail?annoId=1225503683,2026-08-27 00:11:27
003040,20260826,20260826,年报信息披露重大差错责任追究制度（2026年8月）,,0,https://www.cninfo.com.cn/new/disclosure/detail?annoId=1225503682,2026-08-27 00:11:27
003040,20260826,20260826,市值管理制度（2026年8月）,,0,https://www.cninfo.com.cn/new/disclosure/detail?annoId=1225503681,2026-08-27 00:11:27
003040,20260826,20260826,投资者关系管理制度（2026年8月）,,0,https://www.cninfo.com.cn/new/disclosure/detail?annoId=1225503680,2026-08-27 00:11:27
003040,20260826,20260826,信息披露管理制度（2026年8月）,,0,https://www.cninfo.com.cn/new/disclosure/detail?annoId=1225503679,2026-08-27 00:11:27
003040,20260826,20260826,重大事项内部报告制度（2026年8月）,,0,https://www.cninfo.com.cn/new/disclosure/detail?annoId=1225503678,2026-08-27 00:11:27
003040,20260826,20260826,子公司管理制度（2026年8月）,,0,https://www.cninfo.com.cn/new/disclosure/detail?annoId=1225503677,2026-08-27 00:11:27
003040,20260826,20260826,总经理工作细则（2026年8月）,,0,https://www.cninfo.com.cn/new/disclosure/detail?annoId=1225503676,2026-08-27 00:11:27
003040,20260826,20260826,董事会秘书工作细则（2026年8月）,,0,https://www.cninfo.com.cn/new/disclosure/detail?annoId=1225503675,2026-08-27 00:11:27
003040,20260826,20260826,董事会审计委员会实施细则（2026年8月）,,0,https://www.cninfo.com.cn/new/disclosure/detail?annoId=1225503674,2026-08-27 00:11:27
003040,20260826,20260826,关于高级管理人员退休离任的公告,,0,https://www.cninfo.com.cn/new/disclosure/detail?annoId=1225503673,2026-08-27 00:11:27
003040,20260826,20260826,第三届董事会第十五次会议决议公告,,0,https://www.cninfo.com.cn/new/disclosure/detail?annoId=1225503672,2026-08-27 00:11:27
003040,20260826,20260826,2026年半年度非经营性资金占用及其他关联资金往来情况汇总表,,0,https://www.cninfo.com.cn/new/disclosure/detail?annoId=1225503671,2026-08-27 00:11:27
003040,20260826,20260827,股票交易异常波动公告,,2,https://www.cninfo.com.cn/new/disclosure/detail?annoId=1225511761,2026-08-27 00:11:27
003040,20260827,20260826,关于终止2026年度向特定对象发行A股股票事项的公告,,0,https://www.cninfo.com.cn/new/disclosure/detail?annoId=1225503715,2026-08-27 21:27:29
003040,20260827,20260826,关于修订公司部分内部治理制度的公告,,0,https://www.cninfo.com.cn/new/disclosure/detail?annoId=1225503688,2026-08-27 21:27:29
003040,20260827,20260826,董事会提名委员会实施细则（2026年8月）,,0,https://www.cninfo.com.cn/new/disclosure/detail?annoId=1225503687,2026-08-27 21:27:29
003040,20260827,20260826,董事会薪酬与考核委员会实施细则（2026年8月）,,0,https://www.cninfo.com.cn/new/disclosure/detail?annoId=1225503686,2026-08-27 21:27:29
003040,20260827,20260826,董事会战略委员会实施细则（2026年8月）,,0,https://www.cninfo.com.cn/new/disclosure/detail?annoId=1225503685,2026-08-27 21:27:29
003040,20260827,20260826,内部审计制度（2026年8月）,,0,https://www.cninfo.com.cn/new/disclosure/detail?annoId=1225503684,2026-08-27 21:27:29
003040,20260827,20260826,内幕信息知情人报备制度（2026年8月）,,0,https://www.cninfo.com.cn/new/disclosure/detail?annoId=1225503683,2026-08-27 21:27:29
003040,20260827,20260826,年报信息披露重大差错责任追究制度（2026年8月）,,0,https://www.cninfo.com.cn/new/disclosure/detail?annoId=1225503682,2026-08-27 21:27:29
003040,20260827,20260826,市值管理制度（2026年8月）,,0,https://www.cninfo.com.cn/new/disclosure/detail?annoId=1225503681,2026-08-27 21:27:29
003040,20260827,20260826,投资者关系管理制度（2026年8月）,,0,https://www.cninfo.com.cn/new/disclosure/detail?annoId=1225503680,2026-08-27 21:27:29
003040,20260827,20260826,信息披露管理制度（2026年8月）,,0,https://www.cninfo.com.cn/new/disclosure/detail?annoId=1225503679,2026-08-27 21:27:29
003040,20260827,20260826,重大事项内部报告制度（2026年8月）,,0,https://www.cninfo.com.cn/new/disclosure/detail?annoId=1225503678,2026-08-27 21:27:29
003040,20260827,20260826,子公司管理制度（2026年8月）,,0,https://www.cninfo.com.cn/new/disclosure/detail?annoId=1225503677,2026-08-27 21:27:29
003040,20260827,20260826,总经理工作细则（2026年8月）,,0,https://www.cninfo.com.cn/new/disclosure/detail?annoId=1225503676,2026-08-27 21:27:29
003040,20260827,20260826,董事会秘书工作细则（2026年8月）,,0,https://www.cninfo.com.cn/new/disclosure/detail?annoId=1225503675,2026-08-27 21:27:29
003040,20260827,20260826,董事会审计委员会实施细则（2026年8月）,,0,https://www.cninfo.com.cn/new/disclosure/detail?annoId=1225503674,2026-08-27 21:27:29
003040,20260827,20260826,关于高级管理人员退休离任的公告,,0,https://www.cninfo.com.cn/new/disclosure/detail?annoId=1225503673,2026-08-27 21:27:29
003040,20260827,20260826,第三届董事会第十五次会议决议公告,,0,https://www.cninfo.com.cn/new/disclosure/detail?annoId=1225503672,2026-08-27 21:27:29
003040,20260827,20260826,2026年半年度非经营性资金占用及其他关联资金往来情况汇总表,,0,https://www.cninfo.com.cn/new/disclosure/detail?annoId=1225503671,2026-08-27 21:27:29
003040,20260827,20260827,股票交易异常波动公告,,2,https://www.cninfo.com.cn/new/disclosure/detail?annoId=1225511761,2026-08-27 21:27:29
003040,20260831,20260826,关于终止2026年度向特定对象发行A股股票事项的公告,,0,https://www.cninfo.com.cn/new/disclosure/detail?annoId=1225503715,2026-08-31 21:10:27
003040,20260831,20260826,关于修订公司部分内部治理制度的公告,,0,https://www.cninfo.com.cn/new/disclosure/detail?annoId=1225503688,2026-08-31 21:10:27
003040,20260831,20260826,董事会提名委员会实施细则（2026年8月）,,0,https://www.cninfo.com.cn/new/disclosure/detail?annoId=1225503687,2026-08-31 21:10:27
003040,20260831,20260826,董事会薪酬与考核委员会实施细则（2026年8月）,,0,https://www.cninfo.com.cn/new/disclosure/detail?annoId=1225503686,2026-08-31 21:10:27
003040,20260831,20260826,董事会战略委员会实施细则（2026年8月）,,0,https://www.cninfo.com.cn/new/disclosure/detail?annoId=1225503685,2026-08-31 21:10:27
003040,20260831,20260826,内部审计制度（2026年8月）,,0,https://www.cninfo.com.cn/new/disclosure/detail?annoId=1225503684,2026-08-31 21:10:27
003040,20260831,20260826,内幕信息知情人报备制度（2026年8月）,,0,https://www.cninfo.com.cn/new/disclosure/detail?annoId=1225503683,2026-08-31 21:10:27
003040,20260831,20260826,年报信息披露重大差错责任追究制度（2026年8月）,,0,https://www.cninfo.com.cn/new/disclosure/detail?annoId=1225503682,2026-08-31 21:10:27
003040,20260831,20260826,市值管理制度（2026年8月）,,0,https://www.cninfo.com.cn/new/disclosure/detail?annoId=1225503681,2026-08-31 21:10:27
003040,20260831,20260826,投资者关系管理制度（2026年8月）,,0,https://www.cninfo.com.cn/new/disclosure/detail?annoId=1225503680,2026-08-31 21:10:27
003040,20260831,20260826,信息披露管理制度（2026年8月）,,0,https://www.cninfo.com.cn/new/disclosure/detail?annoId=1225503679,2026-08-31 21:10:27
003040,20260831,20260826,重大事项内部报告制度（2026年8月）,,0,https://www.cninfo.com.cn/new/disclosure/detail?annoId=1225503678,2026-08-31 21:10:27
003040,20260831,20260826,子公司管理制度（2026年8月）,,0,https://www.cninfo.com.cn/new/disclosure/detail?annoId=1225503677,2026-08-31 21:10:27
003040,20260831,20260826,总经理工作细则（2026年8月）,,0,https://www.cninfo.com.cn/new/disclosure/detail?annoId=1225503676,2026-08-31 21:10:27
003040,20260831,20260826,董事会秘书工作细则（2026年8月）,,0,https://www.cninfo.com.cn/new/disclosure/detail?annoId=1225503675,2026-08-31 21:10:27
003040,20260831,20260826,董事会审计委员会实施细则（2026年8月）,,0,https://www.cninfo.com.cn/new/disclosure/detail?annoId=1225503674,2026-08-31 21:10:27
003040,20260831,20260826,关于高级管理人员退休离任的公告,,0,https://www.cninfo.com.cn/new/disclosure/detail?annoId=1225503673,2026-08-31 21:10:27
003040,20260831,20260826,第三届董事会第十五次会议决议公告,,0,https://www.cninfo.com.cn/new/disclosure/detail?annoId=1225503672,2026-08-31 21:10:27
003040,20260831,20260826,2026年半年度非经营性资金占用及其他关联资金往来情况汇总表,,0,https://www.cninfo.com.cn/new/disclosure/detail?annoId=1225503671,2026-08-31 21:10:27
003040,20260831,20260827,股票交易异常波动公告,,2,https://www.cninfo.com.cn/new/disclosure/detail?annoId=1225511761,2026-08-31 21:10:27
300313,20260825,20260619,关于参加新疆辖区上市公司2026年投资者网上集体接待日活动的公告,,0,https://www.cninfo.com.cn/new/disclosure/detail?annoId=1225379256,2026-08-25 19:57:44
300313,20260825,20260619,关于公司与本次发行对象签署《附条件生效的股份认购协议之补充协议》暨关联交易的公告,,0,https://www.cninfo.com.cn/new/disclosure/detail?annoId=1225379255,2026-08-25 19:57:44
300313,20260825,20260626,300313天山生物投资者关系管理信息20260626,,0,https://www.cninfo.com.cn/new/disclosure/detail?annoId=1225392086,2026-08-25 19:57:44
300313,20260825,20260626,关于接受控股股东无偿借款暨关联交易的公告,,0,https://www.cninfo.com.cn/new/disclosure/detail?annoId=1225387002,2026-08-25 19:57:44
300313,20260825,20260626,关于为子公司提供担保的进展公告,,0,https://www.cninfo.com.cn/new/disclosure/detail?annoId=1225387001,2026-08-25 19:57:44
300313,20260825,20260626,第六届董事会独立董事专门会议第四次会议决议,,0,https://www.cninfo.com.cn/new/disclosure/detail?annoId=1225387000,2026-08-25 19:57:44
300313,20260825,20260626,第六届董事会第六次会议决议公告,,0,https://www.cninfo.com.cn/new/disclosure/detail?annoId=1225386999,2026-08-25 19:57:44
300313,20260825,20260702,关于控股股东股份过户完成的公告,,0,https://www.cninfo.com.cn/new/disclosure/detail?annoId=1225403948,2026-08-25 19:57:44
300313,20260825,20260704,公司2026年6月活畜销售情况简报,,0,https://www.cninfo.com.cn/new/disclosure/detail?annoId=1225408215,2026-08-25 19:57:44
300313,20260825,20260709,关于收到广东省东莞市中级人民法院执行裁定书的公告,,0,https://www.cninfo.com.cn/new/disclosure/detail?annoId=1225414753,2026-08-25 19:57:44
300313,20260825,20260722,关于为子公司提供担保的进展公告,,0,https://www.cninfo.com.cn/new/disclosure/detail?annoId=1225435041,2026-08-25 19:57:44
300313,20260825,20260805,公司2026年7月活畜销售情况简报,,0,https://www.cninfo.com.cn/new/disclosure/detail?annoId=1225456772,2026-08-25 19:57:44
300313,20260825,20260819,股票交易异常波动公告,,2,https://www.cninfo.com.cn/new/disclosure/detail?annoId=1225480325,2026-08-25 19:57:44
300313,20260825,20260826,股票交易异常波动及严重异常波动暨风险提示公告,,3,https://www.cninfo.com.cn/new/disclosure/detail?annoId=1225506860,2026-08-25 19:57:44
300313,20260825,20260826,北京市康达律师事务所关于新疆天山畜牧生物工程股份有限公司2026年度向特定对象发行股票的法律意见书,,0,https://www.cninfo.com.cn/new/disclosure/detail?annoId=1225506837,2026-08-25 19:57:44
300313,20260825,20260826,新疆天山畜牧生物工程股份有限公司最近一年财务报告及其审计报告以及最近一期财务报告,,0,https://www.cninfo.com.cn/new/disclosure/detail?annoId=1225506836,2026-08-25 19:57:44
300313,20260825,20260826,德邦证券股份有限公司关于新疆天山畜牧生物工程股份有限公司向特定对象发行A股股票之上市保荐书,,0,https://www.cninfo.com.cn/new/disclosure/detail?annoId=1225506835,2026-08-25 19:57:44
300313,20260825,20260826,德邦证券股份有限公司关于新疆天山畜牧生物工程股份有限公司向特定对象发行A股股票之发行保荐书,,0,https://www.cninfo.com.cn/new/disclosure/detail?annoId=1225506834,2026-08-25 19:57:44
300313,20260825,20260826,新疆天山畜牧生物工程股份有限公司2026年向特定对象发行A股股票募集说明书（申报稿）,,0,https://www.cninfo.com.cn/new/disclosure/detail?annoId=1225506833,2026-08-25 19:57:44
300313,20260825,20260826,关于2026年度向特定对象发行A股股票申请获得深圳证券交易所受理的公告,,0,https://www.cninfo.com.cn/new/disclosure/detail?annoId=1225506832,2026-08-25 19:57:44
300313,20260827,20260619,关于参加新疆辖区上市公司2026年投资者网上集体接待日活动的公告,,0,https://www.cninfo.com.cn/new/disclosure/detail?annoId=1225379256,2026-08-27 21:27:30
300313,20260827,20260619,关于公司与本次发行对象签署《附条件生效的股份认购协议之补充协议》暨关联交易的公告,,0,https://www.cninfo.com.cn/new/disclosure/detail?annoId=1225379255,2026-08-27 21:27:30
300313,20260827,20260626,300313天山生物投资者关系管理信息20260626,,0,https://www.cninfo.com.cn/new/disclosure/detail?annoId=1225392086,2026-08-27 21:27:30
300313,20260827,20260626,关于接受控股股东无偿借款暨关联交易的公告,,0,https://www.cninfo.com.cn/new/disclosure/detail?annoId=1225387002,2026-08-27 21:27:30
300313,20260827,20260626,关于为子公司提供担保的进展公告,,0,https://www.cninfo.com.cn/new/disclosure/detail?annoId=1225387001,2026-08-27 21:27:30
300313,20260827,20260626,第六届董事会独立董事专门会议第四次会议决议,,0,https://www.cninfo.com.cn/new/disclosure/detail?annoId=1225387000,2026-08-27 21:27:30
300313,20260827,20260626,第六届董事会第六次会议决议公告,,0,https://www.cninfo.com.cn/new/disclosure/detail?annoId=1225386999,2026-08-27 21:27:30
300313,20260827,20260702,关于控股股东股份过户完成的公告,,0,https://www.cninfo.com.cn/new/disclosure/detail?annoId=1225403948,2026-08-27 21:27:30
300313,20260827,20260704,公司2026年6月活畜销售情况简报,,0,https://www.cninfo.com.cn/new/disclosure/detail?annoId=1225408215,2026-08-27 21:27:30
300313,20260827,20260709,关于收到广东省东莞市中级人民法院执行裁定书的公告,,0,https://www.cninfo.com.cn/new/disclosure/detail?annoId=1225414753,2026-08-27 21:27:30
300313,20260827,20260722,关于为子公司提供担保的进展公告,,0,https://www.cninfo.com.cn/new/disclosure/detail?annoId=1225435041,2026-08-27 21:27:30
300313,20260827,20260805,公司2026年7月活畜销售情况简报,,0,https://www.cninfo.com.cn/new/disclosure/detail?annoId=1225456772,2026-08-27 21:27:30
300313,20260827,20260819,股票交易异常波动公告,,2,https://www.cninfo.com.cn/new/disclosure/detail?annoId=1225480325,2026-08-27 21:27:30
300313,20260827,20260826,股票交易异常波动及严重异常波动暨风险提示公告,,3,https://www.cninfo.com.cn/new/disclosure/detail?annoId=1225506860,2026-08-27 21:27:30
300313,20260827,20260826,北京市康达律师事务所关于新疆天山畜牧生物工程股份有限公司2026年度向特定对象发行股票的法律意见书,,0,https://www.cninfo.com.cn/new/disclosure/detail?annoId=1225506837,2026-08-27 21:27:30
300313,20260827,20260826,新疆天山畜牧生物工程股份有限公司最近一年财务报告及其审计报告以及最近一期财务报告,,0,https://www.cninfo.com.cn/new/disclosure/detail?annoId=1225506836,2026-08-27 21:27:30
300313,20260827,20260826,德邦证券股份有限公司关于新疆天山畜牧生物工程股份有限公司向特定对象发行A股股票之上市保荐书,,0,https://www.cninfo.com.cn/new/disclosure/detail?annoId=1225506835,2026-08-27 21:27:30
300313,20260827,20260826,德邦证券股份有限公司关于新疆天山畜牧生物工程股份有限公司向特定对象发行A股股票之发行保荐书,,0,https://www.cninfo.com.cn/new/disclosure/detail?annoId=1225506834,2026-08-27 21:27:30
300313,20260827,20260826,新疆天山畜牧生物工程股份有限公司2026年向特定对象发行A股股票募集说明书（申报稿）,,0,https://www.cninfo.com.cn/new/disclosure/detail?annoId=1225506833,2026-08-27 21:27:30
300313,20260827,20260826,关于2026年度向特定对象发行A股股票申请获得深圳证券交易所受理的公告,,0,https://www.cninfo.com.cn/new/disclosure/detail?annoId=1225506832,2026-08-27 21:27:30
300534,20260807,20260430,关于收到甘肃证监局对公司采取责令改正并出具警示函、对相关责任人员采取监管谈话并出具警示函措施的公告,,0,https://www.cninfo.com.cn/new/disclosure/detail?annoId=1225269357,2026-08-27 15:20:47
300534,20260807,20260430,关于控股子公司完成工商变更登记并换发营业执照的公告,,0,https://www.cninfo.com.cn/new/disclosure/detail?annoId=1225269356,2026-08-27 15:20:47
300534,20260807,20260430,关于前期会计差错更正后的财务报表及相关附注,,0,https://www.cninfo.com.cn/new/disclosure/detail?annoId=1225254129,2026-08-27 15:20:47
300534,20260807,20260515,2025年度分红派息实施公告,,0,https://www.cninfo.com.cn/new/disclosure/detail?annoId=1225308343,2026-08-27 15:20:47
300534,20260807,20260604,第五届董事会第二十九次会议决议公告,,0,https://www.cninfo.com.cn/new/disclosure/detail?annoId=1225350689,2026-08-27 15:20:47
300534,20260807,20260714,股票交易异常波动公告,,2,https://www.cninfo.com.cn/new/disclosure/detail?annoId=1225423592,2026-08-27 15:20:47
300534,20260807,20260721,股票交易异常波动公告,,2,https://www.cninfo.com.cn/new/disclosure/detail?annoId=1225435125,2026-08-27 15:20:47
300534,20260807,20260819,关于控股子公司取得换发后的《药品生产许可证》的公告,,0,https://www.cninfo.com.cn/new/disclosure/detail?annoId=1225481525,2026-08-27 15:20:47
300534,20260807,20260826,会计师事务所选聘制度（2026年8月）,,0,https://www.cninfo.com.cn/new/disclosure/detail?annoId=1225501575,2026-08-27 15:20:47
300534,20260807,20260826,对外捐赠管理办法（2026年8月）,,0,https://www.cninfo.com.cn/new/disclosure/detail?annoId=1225501574,2026-08-27 15:20:47
300534,20260807,20260826,董事会向经理层授权管理办法（2026年8月）,,0,https://www.cninfo.com.cn/new/disclosure/detail?annoId=1225501573,2026-08-27 15:20:47
300534,20260807,20260826,外部董事选聘与管理制度（2026年8月）,,0,https://www.cninfo.com.cn/new/disclosure/detail?annoId=1225501572,2026-08-27 15:20:47
300534,20260807,20260826,董事会秘书工作细则（2026年8月）,,0,https://www.cninfo.com.cn/new/disclosure/detail?annoId=1225501571,2026-08-27 15:20:47
300534,20260807,20260826,规范与关联方资金往来管理制度（2026年8月）,,0,https://www.cninfo.com.cn/new/disclosure/detail?annoId=1225501570,2026-08-27 15:20:47
300534,20260807,20260826,经理层工作规则（2026年8月）,,0,https://www.cninfo.com.cn/new/disclosure/detail?annoId=1225501569,2026-08-27 15:20:47
300534,20260807,20260826,董事会提案管理细则（2026年8月）,,0,https://www.cninfo.com.cn/new/disclosure/detail?annoId=1225501568,2026-08-27 15:20:47
300534,20260807,20260826,第五届董事会第三十次会议决议公告,,0,https://www.cninfo.com.cn/new/disclosure/detail?annoId=1225501567,2026-08-27 15:20:47
300534,20260807,20260826,2026年半年度非经营性资金占用及其他关联资金往来情况汇总表,,0,https://www.cninfo.com.cn/new/disclosure/detail?annoId=1225501566,2026-08-27 15:20:47
300534,20260807,20260826,2026年半年度报告,,0,https://www.cninfo.com.cn/new/disclosure/detail?annoId=1225501565,2026-08-27 15:20:47
300534,20260807,20260826,2026年半年度报告摘要,,0,https://www.cninfo.com.cn/new/disclosure/detail?annoId=1225501564,2026-08-27 15:20:47
300615,20260807,20260803,深圳市欣天科技股份有限公司详式权益变动报告书,,0,https://www.cninfo.com.cn/new/disclosure/detail?annoId=1225452784,2026-08-25 21:42:00
300615,20260807,20260803,简式权益变动报告书（薛枫）,,0,https://www.cninfo.com.cn/new/disclosure/detail?annoId=1225452783,2026-08-25 21:42:00
300615,20260807,20260803,简式权益变动报告书（石伟平）,,0,https://www.cninfo.com.cn/new/disclosure/detail?annoId=1225452782,2026-08-25 21:42:00
300615,20260807,20260803,简式权益变动报告书（刘辉）,,0,https://www.cninfo.com.cn/new/disclosure/detail?annoId=1225452781,2026-08-25 21:42:00
300615,20260807,20260804,股票交易异常波动公告,,2,https://www.cninfo.com.cn/new/disclosure/detail?annoId=1225458366,2026-08-25 21:42:00
300615,20260807,20260806,股票交易异常波动及严重异常波动的公告,,3,https://www.cninfo.com.cn/new/disclosure/detail?annoId=1225462204,2026-08-25 21:42:00
300615,20260807,20260814,关于持股5%以上股东收到深圳证监局行政监管措施决定书的公告,,0,https://www.cninfo.com.cn/new/disclosure/detail?annoId=1225475304,2026-08-25 21:42:00
300615,20260807,20260818,北京博星证券投资顾问有限公司关于深圳市欣天科技股份有限公司详式权益变动报告书之财务顾问核查意见（修订稿）,,0,https://www.cninfo.com.cn/new/disclosure/detail?annoId=1225480447,2026-08-25 21:42:00
300615,20260807,20260818,深圳市欣天科技股份有限公司详式权益变动报告书（修订稿）,,0,https://www.cninfo.com.cn/new/disclosure/detail?annoId=1225480446,2026-08-25 21:42:00
300615,20260807,20260818,简式权益变动报告书（修订稿）（薛枫）,,0,https://www.cninfo.com.cn/new/disclosure/detail?annoId=1225480445,2026-08-25 21:42:00
300615,20260807,20260818,简式权益变动报告书（修订稿）（石伟平）,,0,https://www.cninfo.com.cn/new/disclosure/detail?annoId=1225480444,2026-08-25 21:42:00
300615,20260807,20260818,简式权益变动报告书（修订稿）（刘辉）,,0,https://www.cninfo.com.cn/new/disclosure/detail?annoId=1225480443,2026-08-25 21:42:00
300615,20260807,20260818,关于控股股东、实际控制人及相关方签署股份转让补充协议暨控制权拟发生变更的进展公告,,0,https://www.cninfo.com.cn/new/disclosure/detail?annoId=1225480442,2026-08-25 21:42:00
300615,20260807,20260825,关于2026年半年度计提资产减值准备的公告,,0,https://www.cninfo.com.cn/new/disclosure/detail?annoId=1225499995,2026-08-25 21:42:00
300615,20260807,20260825,关于使用闲置自有资金进行现金管理的公告,,0,https://www.cninfo.com.cn/new/disclosure/detail?annoId=1225499994,2026-08-25 21:42:00
300615,20260807,20260825,第五届董事会第十一次会议决议公告,,0,https://www.cninfo.com.cn/new/disclosure/detail?annoId=1225499993,2026-08-25 21:42:00
300615,20260807,20260825,2026年上半年非经营性资金占用及其他关联资金往来情况汇总表,,0,https://www.cninfo.com.cn/new/disclosure/detail?annoId=1225499992,2026-08-25 21:42:00
300615,20260807,20260825,2026年半年度报告,,0,https://www.cninfo.com.cn/new/disclosure/detail?annoId=1225499991,2026-08-25 21:42:00
300615,20260807,20260825,2026年半年度报告摘要,,0,https://www.cninfo.com.cn/new/disclosure/detail?annoId=1225499990,2026-08-25 21:42:00
300615,20260807,20260825,关于终止公司2025年度向特定对象发行股票的公告,,0,https://www.cninfo.com.cn/new/disclosure/detail?annoId=1225499989,2026-08-25 21:42:00
300615,20260819,20260803,深圳市欣天科技股份有限公司详式权益变动报告书,,0,https://www.cninfo.com.cn/new/disclosure/detail?annoId=1225452784,2026-08-26 10:40:32
300615,20260819,20260803,简式权益变动报告书（薛枫）,,0,https://www.cninfo.com.cn/new/disclosure/detail?annoId=1225452783,2026-08-26 10:40:32
300615,20260819,20260803,简式权益变动报告书（石伟平）,,0,https://www.cninfo.com.cn/new/disclosure/detail?annoId=1225452782,2026-08-26 10:40:32
300615,20260819,20260803,简式权益变动报告书（刘辉）,,0,https://www.cninfo.com.cn/new/disclosure/detail?annoId=1225452781,2026-08-26 10:40:32
300615,20260819,20260804,股票交易异常波动公告,,2,https://www.cninfo.com.cn/new/disclosure/detail?annoId=1225458366,2026-08-26 10:40:32
300615,20260819,20260806,股票交易异常波动及严重异常波动的公告,,3,https://www.cninfo.com.cn/new/disclosure/detail?annoId=1225462204,2026-08-26 10:40:32
300615,20260819,20260814,关于持股5%以上股东收到深圳证监局行政监管措施决定书的公告,,0,https://www.cninfo.com.cn/new/disclosure/detail?annoId=1225475304,2026-08-26 10:40:32
300615,20260819,20260818,北京博星证券投资顾问有限公司关于深圳市欣天科技股份有限公司详式权益变动报告书之财务顾问核查意见（修订稿）,,0,https://www.cninfo.com.cn/new/disclosure/detail?annoId=1225480447,2026-08-26 10:40:32
300615,20260819,20260818,深圳市欣天科技股份有限公司详式权益变动报告书（修订稿）,,0,https://www.cninfo.com.cn/new/disclosure/detail?annoId=1225480446,2026-08-26 10:40:32
300615,20260819,20260818,简式权益变动报告书（修订稿）（薛枫）,,0,https://www.cninfo.com.cn/new/disclosure/detail?annoId=1225480445,2026-08-26 10:40:32
300615,20260819,20260818,简式权益变动报告书（修订稿）（石伟平）,,0,https://www.cninfo.com.cn/new/disclosure/detail?annoId=1225480444,2026-08-26 10:40:32
300615,20260819,20260818,简式权益变动报告书（修订稿）（刘辉）,,0,https://www.cninfo.com.cn/new/disclosure/detail?annoId=1225480443,2026-08-26 10:40:32
300615,20260819,20260818,关于控股股东、实际控制人及相关方签署股份转让补充协议暨控制权拟发生变更的进展公告,,0,https://www.cninfo.com.cn/new/disclosure/detail?annoId=1225480442,2026-08-26 10:40:32
300615,20260819,20260825,关于2026年半年度计提资产减值准备的公告,,0,https://www.cninfo.com.cn/new/disclosure/detail?annoId=1225499995,2026-08-26 10:40:32
300615,20260819,20260825,关于使用闲置自有资金进行现金管理的公告,,0,https://www.cninfo.com.cn/new/disclosure/detail?annoId=1225499994,2026-08-26 10:40:32
300615,20260819,20260825,第五届董事会第十一次会议决议公告,,0,https://www.cninfo.com.cn/new/disclosure/detail?annoId=1225499993,2026-08-26 10:40:32
300615,20260819,20260825,2026年上半年非经营性资金占用及其他关联资金往来情况汇总表,,0,https://www.cninfo.com.cn/new/disclosure/detail?annoId=1225499992,2026-08-26 10:40:32
300615,20260819,20260825,2026年半年度报告,,0,https://www.cninfo.com.cn/new/disclosure/detail?annoId=1225499991,2026-08-26 10:40:32
300615,20260819,20260825,2026年半年度报告摘要,,0,https://www.cninfo.com.cn/new/disclosure/detail?annoId=1225499990,2026-08-26 10:40:32
300615,20260819,20260825,关于终止公司2025年度向特定对象发行股票的公告,,0,https://www.cninfo.com.cn/new/disclosure/detail?annoId=1225499989,2026-08-26 10:40:32
300615,20260821,20260803,深圳市欣天科技股份有限公司详式权益变动报告书,,0,https://www.cninfo.com.cn/new/disclosure/detail?annoId=1225452784,2026-08-25 10:07:22
300615,20260821,20260803,简式权益变动报告书（薛枫）,,0,https://www.cninfo.com.cn/new/disclosure/detail?annoId=1225452783,2026-08-25 10:07:22
300615,20260821,20260803,简式权益变动报告书（石伟平）,,0,https://www.cninfo.com.cn/new/disclosure/detail?annoId=1225452782,2026-08-25 10:07:22
300615,20260821,20260803,简式权益变动报告书（刘辉）,,0,https://www.cninfo.com.cn/new/disclosure/detail?annoId=1225452781,2026-08-25 10:07:22
300615,20260821,20260804,股票交易异常波动公告,,2,https://www.cninfo.com.cn/new/disclosure/detail?annoId=1225458366,2026-08-25 10:07:22
300615,20260821,20260806,股票交易异常波动及严重异常波动的公告,,3,https://www.cninfo.com.cn/new/disclosure/detail?annoId=1225462204,2026-08-25 10:07:22
300615,20260821,20260814,关于持股5%以上股东收到深圳证监局行政监管措施决定书的公告,,0,https://www.cninfo.com.cn/new/disclosure/detail?annoId=1225475304,2026-08-25 10:07:22
300615,20260821,20260818,北京博星证券投资顾问有限公司关于深圳市欣天科技股份有限公司详式权益变动报告书之财务顾问核查意见（修订稿）,,0,https://www.cninfo.com.cn/new/disclosure/detail?annoId=1225480447,2026-08-25 10:07:22
300615,20260821,20260818,深圳市欣天科技股份有限公司详式权益变动报告书（修订稿）,,0,https://www.cninfo.com.cn/new/disclosure/detail?annoId=1225480446,2026-08-25 10:07:22
300615,20260821,20260818,简式权益变动报告书（修订稿）（薛枫）,,0,https://www.cninfo.com.cn/new/disclosure/detail?annoId=1225480445,2026-08-25 10:07:22
300615,20260821,20260818,简式权益变动报告书（修订稿）（石伟平）,,0,https://www.cninfo.com.cn/new/disclosure/detail?annoId=1225480444,2026-08-25 10:07:22
300615,20260821,20260818,简式权益变动报告书（修订稿）（刘辉）,,0,https://www.cninfo.com.cn/new/disclosure/detail?annoId=1225480443,2026-08-25 10:07:22
300615,20260821,20260818,关于控股股东、实际控制人及相关方签署股份转让补充协议暨控制权拟发生变更的进展公告,,0,https://www.cninfo.com.cn/new/disclosure/detail?annoId=1225480442,2026-08-25 10:07:22
300615,20260821,20260825,关于2026年半年度计提资产减值准备的公告,,0,https://www.cninfo.com.cn/new/disclosure/detail?annoId=1225499995,2026-08-25 10:07:22
300615,20260821,20260825,关于使用闲置自有资金进行现金管理的公告,,0,https://www.cninfo.com.cn/new/disclosure/detail?annoId=1225499994,2026-08-25 10:07:22
300615,20260821,20260825,第五届董事会第十一次会议决议公告,,0,https://www.cninfo.com.cn/new/disclosure/detail?annoId=1225499993,2026-08-25 10:07:22
300615,20260821,20260825,2026年上半年非经营性资金占用及其他关联资金往来情况汇总表,,0,https://www.cninfo.com.cn/new/disclosure/detail?annoId=1225499992,2026-08-25 10:07:22
300615,20260821,20260825,2026年半年度报告,,0,https://www.cninfo.com.cn/new/disclosure/detail?annoId=1225499991,2026-08-25 10:07:22
300615,20260821,20260825,2026年半年度报告摘要,,0,https://www.cninfo.com.cn/new/disclosure/detail?annoId=1225499990,2026-08-25 10:07:22
300615,20260821,20260825,关于终止公司2025年度向特定对象发行股票的公告,,0,https://www.cninfo.com.cn/new/disclosure/detail?annoId=1225499989,2026-08-25 10:07:22
300615,20260824,20260803,深圳市欣天科技股份有限公司详式权益变动报告书,,0,https://www.cninfo.com.cn/new/disclosure/detail?annoId=1225452784,2026-08-25 10:15:22
300615,20260824,20260803,简式权益变动报告书（薛枫）,,0,https://www.cninfo.com.cn/new/disclosure/detail?annoId=1225452783,2026-08-25 10:15:22
300615,20260824,20260803,简式权益变动报告书（石伟平）,,0,https://www.cninfo.com.cn/new/disclosure/detail?annoId=1225452782,2026-08-25 10:15:22
300615,20260824,20260803,简式权益变动报告书（刘辉）,,0,https://www.cninfo.com.cn/new/disclosure/detail?annoId=1225452781,2026-08-25 10:15:22
300615,20260824,20260804,股票交易异常波动公告,,2,https://www.cninfo.com.cn/new/disclosure/detail?annoId=1225458366,2026-08-25 10:15:22
300615,20260824,20260806,股票交易异常波动及严重异常波动的公告,,3,https://www.cninfo.com.cn/new/disclosure/detail?annoId=1225462204,2026-08-25 10:15:22
300615,20260824,20260814,关于持股5%以上股东收到深圳证监局行政监管措施决定书的公告,,0,https://www.cninfo.com.cn/new/disclosure/detail?annoId=1225475304,2026-08-25 10:15:22
300615,20260824,20260818,北京博星证券投资顾问有限公司关于深圳市欣天科技股份有限公司详式权益变动报告书之财务顾问核查意见（修订稿）,,0,https://www.cninfo.com.cn/new/disclosure/detail?annoId=1225480447,2026-08-25 10:15:22
300615,20260824,20260818,深圳市欣天科技股份有限公司详式权益变动报告书（修订稿）,,0,https://www.cninfo.com.cn/new/disclosure/detail?annoId=1225480446,2026-08-25 10:15:22
300615,20260824,20260818,简式权益变动报告书（修订稿）（薛枫）,,0,https://www.cninfo.com.cn/new/disclosure/detail?annoId=1225480445,2026-08-25 10:15:22
300615,20260824,20260818,简式权益变动报告书（修订稿）（石伟平）,,0,https://www.cninfo.com.cn/new/disclosure/detail?annoId=1225480444,2026-08-25 10:15:22
300615,20260824,20260818,简式权益变动报告书（修订稿）（刘辉）,,0,https://www.cninfo.com.cn/new/disclosure/detail?annoId=1225480443,2026-08-25 10:15:22
300615,20260824,20260818,关于控股股东、实际控制人及相关方签署股份转让补充协议暨控制权拟发生变更的进展公告,,0,https://www.cninfo.com.cn/new/disclosure/detail?annoId=1225480442,2026-08-25 10:15:22
300615,20260824,20260825,关于2026年半年度计提资产减值准备的公告,,0,https://www.cninfo.com.cn/new/disclosure/detail?annoId=1225499995,2026-08-25 10:15:22
300615,20260824,20260825,关于使用闲置自有资金进行现金管理的公告,,0,https://www.cninfo.com.cn/new/disclosure/detail?annoId=1225499994,2026-08-25 10:15:22
300615,20260824,20260825,第五届董事会第十一次会议决议公告,,0,https://www.cninfo.com.cn/new/disclosure/detail?annoId=1225499993,2026-08-25 10:15:22
300615,20260824,20260825,2026年上半年非经营性资金占用及其他关联资金往来情况汇总表,,0,https://www.cninfo.com.cn/new/disclosure/detail?annoId=1225499992,2026-08-25 10:15:22
300615,20260824,20260825,2026年半年度报告,,0,https://www.cninfo.com.cn/new/disclosure/detail?annoId=1225499991,2026-08-25 10:15:22
300615,20260824,20260825,2026年半年度报告摘要,,0,https://www.cninfo.com.cn/new/disclosure/detail?annoId=1225499990,2026-08-25 10:15:22
300615,20260824,20260825,关于终止公司2025年度向特定对象发行股票的公告,,0,https://www.cninfo.com.cn/new/disclosure/detail?annoId=1225499989,2026-08-25 10:15:22
300615,20260825,20260803,深圳市欣天科技股份有限公司详式权益变动报告书,,0,https://www.cninfo.com.cn/new/disclosure/detail?annoId=1225452784,2026-08-25 19:57:44
300615,20260825,20260803,简式权益变动报告书（薛枫）,,0,https://www.cninfo.com.cn/new/disclosure/detail?annoId=1225452783,2026-08-25 19:57:44
300615,20260825,20260803,简式权益变动报告书（石伟平）,,0,https://www.cninfo.com.cn/new/disclosure/detail?annoId=1225452782,2026-08-25 19:57:44
300615,20260825,20260803,简式权益变动报告书（刘辉）,,0,https://www.cninfo.com.cn/new/disclosure/detail?annoId=1225452781,2026-08-25 19:57:44
300615,20260825,20260804,股票交易异常波动公告,,2,https://www.cninfo.com.cn/new/disclosure/detail?annoId=1225458366,2026-08-25 19:57:44
300615,20260825,20260806,股票交易异常波动及严重异常波动的公告,,3,https://www.cninfo.com.cn/new/disclosure/detail?annoId=1225462204,2026-08-25 19:57:44
300615,20260825,20260814,关于持股5%以上股东收到深圳证监局行政监管措施决定书的公告,,0,https://www.cninfo.com.cn/new/disclosure/detail?annoId=1225475304,2026-08-25 19:57:44
300615,20260825,20260818,北京博星证券投资顾问有限公司关于深圳市欣天科技股份有限公司详式权益变动报告书之财务顾问核查意见（修订稿）,,0,https://www.cninfo.com.cn/new/disclosure/detail?annoId=1225480447,2026-08-25 19:57:44
300615,20260825,20260818,深圳市欣天科技股份有限公司详式权益变动报告书（修订稿）,,0,https://www.cninfo.com.cn/new/disclosure/detail?annoId=1225480446,2026-08-25 19:57:44
300615,20260825,20260818,简式权益变动报告书（修订稿）（薛枫）,,0,https://www.cninfo.com.cn/new/disclosure/detail?annoId=1225480445,2026-08-25 19:57:44
300615,20260825,20260818,简式权益变动报告书（修订稿）（石伟平）,,0,https://www.cninfo.com.cn/new/disclosure/detail?annoId=1225480444,2026-08-25 19:57:44
300615,20260825,20260818,简式权益变动报告书（修订稿）（刘辉）,,0,https://www.cninfo.com.cn/new/disclosure/detail?annoId=1225480443,2026-08-25 19:57:44
300615,20260825,20260818,关于控股股东、实际控制人及相关方签署股份转让补充协议暨控制权拟发生变更的进展公告,,0,https://www.cninfo.com.cn/new/disclosure/detail?annoId=1225480442,2026-08-25 19:57:44
300615,20260825,20260825,关于2026年半年度计提资产减值准备的公告,,0,https://www.cninfo.com.cn/new/disclosure/detail?annoId=1225499995,2026-08-25 19:57:44
300615,20260825,20260825,关于使用闲置自有资金进行现金管理的公告,,0,https://www.cninfo.com.cn/new/disclosure/detail?annoId=1225499994,2026-08-25 19:57:44
300615,20260825,20260825,第五届董事会第十一次会议决议公告,,0,https://www.cninfo.com.cn/new/disclosure/detail?annoId=1225499993,2026-08-25 19:57:44
300615,20260825,20260825,2026年上半年非经营性资金占用及其他关联资金往来情况汇总表,,0,https://www.cninfo.com.cn/new/disclosure/detail?annoId=1225499992,2026-08-25 19:57:44
300615,20260825,20260825,2026年半年度报告,,0,https://www.cninfo.com.cn/new/disclosure/detail?annoId=1225499991,2026-08-25 19:57:44
300615,20260825,20260825,2026年半年度报告摘要,,0,https://www.cninfo.com.cn/new/disclosure/detail?annoId=1225499990,2026-08-25 19:57:44
300615,20260825,20260825,关于终止公司2025年度向特定对象发行股票的公告,,0,https://www.cninfo.com.cn/new/disclosure/detail?annoId=1225499989,2026-08-25 19:57:44
300615,20260826,20260803,深圳市欣天科技股份有限公司详式权益变动报告书,,0,https://www.cninfo.com.cn/new/disclosure/detail?annoId=1225452784,2026-08-27 00:11:28
300615,20260826,20260803,简式权益变动报告书（薛枫）,,0,https://www.cninfo.com.cn/new/disclosure/detail?annoId=1225452783,2026-08-27 00:11:28
300615,20260826,20260803,简式权益变动报告书（石伟平）,,0,https://www.cninfo.com.cn/new/disclosure/detail?annoId=1225452782,2026-08-27 00:11:28
300615,20260826,20260803,简式权益变动报告书（刘辉）,,0,https://www.cninfo.com.cn/new/disclosure/detail?annoId=1225452781,2026-08-27 00:11:28
300615,20260826,20260804,股票交易异常波动公告,,2,https://www.cninfo.com.cn/new/disclosure/detail?annoId=1225458366,2026-08-27 00:11:28
300615,20260826,20260806,股票交易异常波动及严重异常波动的公告,,3,https://www.cninfo.com.cn/new/disclosure/detail?annoId=1225462204,2026-08-27 00:11:28
300615,20260826,20260814,关于持股5%以上股东收到深圳证监局行政监管措施决定书的公告,,0,https://www.cninfo.com.cn/new/disclosure/detail?annoId=1225475304,2026-08-27 00:11:28
300615,20260826,20260818,北京博星证券投资顾问有限公司关于深圳市欣天科技股份有限公司详式权益变动报告书之财务顾问核查意见（修订稿）,,0,https://www.cninfo.com.cn/new/disclosure/detail?annoId=1225480447,2026-08-27 00:11:28
300615,20260826,20260818,深圳市欣天科技股份有限公司详式权益变动报告书（修订稿）,,0,https://www.cninfo.com.cn/new/disclosure/detail?annoId=1225480446,2026-08-27 00:11:28
300615,20260826,20260818,简式权益变动报告书（修订稿）（薛枫）,,0,https://www.cninfo.com.cn/new/disclosure/detail?annoId=1225480445,2026-08-27 00:11:28
300615,20260826,20260818,简式权益变动报告书（修订稿）（石伟平）,,0,https://www.cninfo.com.cn/new/disclosure/detail?annoId=1225480444,2026-08-27 00:11:28
300615,20260826,20260818,简式权益变动报告书（修订稿）（刘辉）,,0,https://www.cninfo.com.cn/new/disclosure/detail?annoId=1225480443,2026-08-27 00:11:28
300615,20260826,20260818,关于控股股东、实际控制人及相关方签署股份转让补充协议暨控制权拟发生变更的进展公告,,0,https://www.cninfo.com.cn/new/disclosure/detail?annoId=1225480442,2026-08-27 00:11:28
300615,20260826,20260825,关于2026年半年度计提资产减值准备的公告,,0,https://www.cninfo.com.cn/new/disclosure/detail?annoId=1225499995,2026-08-27 00:11:28
300615,20260826,20260825,关于使用闲置自有资金进行现金管理的公告,,0,https://www.cninfo.com.cn/new/disclosure/detail?annoId=1225499994,2026-08-27 00:11:28
300615,20260826,20260825,第五届董事会第十一次会议决议公告,,0,https://www.cninfo.com.cn/new/disclosure/detail?annoId=1225499993,2026-08-27 00:11:28
300615,20260826,20260825,2026年上半年非经营性资金占用及其他关联资金往来情况汇总表,,0,https://www.cninfo.com.cn/new/disclosure/detail?annoId=1225499992,2026-08-27 00:11:28
300615,20260826,20260825,2026年半年度报告,,0,https://www.cninfo.com.cn/new/disclosure/detail?annoId=1225499991,2026-08-27 00:11:28
300615,20260826,20260825,2026年半年度报告摘要,,0,https://www.cninfo.com.cn/new/disclosure/detail?annoId=1225499990,2026-08-27 00:11:28
300615,20260826,20260825,关于终止公司2025年度向特定对象发行股票的公告,,0,https://www.cninfo.com.cn/new/disclosure/detail?annoId=1225499989,2026-08-27 00:11:28
300615,20260827,20260803,深圳市欣天科技股份有限公司详式权益变动报告书,,0,https://www.cninfo.com.cn/new/disclosure/detail?annoId=1225452784,2026-08-27 21:27:32
300615,20260827,20260803,简式权益变动报告书（薛枫）,,0,https://www.cninfo.com.cn/new/disclosure/detail?annoId=1225452783,2026-08-27 21:27:32
300615,20260827,20260803,简式权益变动报告书（石伟平）,,0,https://www.cninfo.com.cn/new/disclosure/detail?annoId=1225452782,2026-08-27 21:27:32
300615,20260827,20260803,简式权益变动报告书（刘辉）,,0,https://www.cninfo.com.cn/new/disclosure/detail?annoId=1225452781,2026-08-27 21:27:32
300615,20260827,20260804,股票交易异常波动公告,,2,https://www.cninfo.com.cn/new/disclosure/detail?annoId=1225458366,2026-08-27 21:27:32
300615,20260827,20260806,股票交易异常波动及严重异常波动的公告,,3,https://www.cninfo.com.cn/new/disclosure/detail?annoId=1225462204,2026-08-27 21:27:32
300615,20260827,20260814,关于持股5%以上股东收到深圳证监局行政监管措施决定书的公告,,0,https://www.cninfo.com.cn/new/disclosure/detail?annoId=1225475304,2026-08-27 21:27:32
300615,20260827,20260818,北京博星证券投资顾问有限公司关于深圳市欣天科技股份有限公司详式权益变动报告书之财务顾问核查意见（修订稿）,,0,https://www.cninfo.com.cn/new/disclosure/detail?annoId=1225480447,2026-08-27 21:27:32
300615,20260827,20260818,深圳市欣天科技股份有限公司详式权益变动报告书（修订稿）,,0,https://www.cninfo.com.cn/new/disclosure/detail?annoId=1225480446,2026-08-27 21:27:32
300615,20260827,20260818,简式权益变动报告书（修订稿）（薛枫）,,0,https://www.cninfo.com.cn/new/disclosure/detail?annoId=1225480445,2026-08-27 21:27:32
300615,20260827,20260818,简式权益变动报告书（修订稿）（石伟平）,,0,https://www.cninfo.com.cn/new/disclosure/detail?annoId=1225480444,2026-08-27 21:27:32
300615,20260827,20260818,简式权益变动报告书（修订稿）（刘辉）,,0,https://www.cninfo.com.cn/new/disclosure/detail?annoId=1225480443,2026-08-27 21:27:32
300615,20260827,20260818,关于控股股东、实际控制人及相关方签署股份转让补充协议暨控制权拟发生变更的进展公告,,0,https://www.cninfo.com.cn/new/disclosure/detail?annoId=1225480442,2026-08-27 21:27:32
300615,20260827,20260825,关于2026年半年度计提资产减值准备的公告,,0,https://www.cninfo.com.cn/new/disclosure/detail?annoId=1225499995,2026-08-27 21:27:32
300615,20260827,20260825,关于使用闲置自有资金进行现金管理的公告,,0,https://www.cninfo.com.cn/new/disclosure/detail?annoId=1225499994,2026-08-27 21:27:32
300615,20260827,20260825,第五届董事会第十一次会议决议公告,,0,https://www.cninfo.com.cn/new/disclosure/detail?annoId=1225499993,2026-08-27 21:27:32
300615,20260827,20260825,2026年上半年非经营性资金占用及其他关联资金往来情况汇总表,,0,https://www.cninfo.com.cn/new/disclosure/detail?annoId=1225499992,2026-08-27 21:27:32
300615,20260827,20260825,2026年半年度报告,,0,https://www.cninfo.com.cn/new/disclosure/detail?annoId=1225499991,2026-08-27 21:27:32
300615,20260827,20260825,2026年半年度报告摘要,,0,https://www.cninfo.com.cn/new/disclosure/detail?annoId=1225499990,2026-08-27 21:27:32
300615,20260827,20260825,关于终止公司2025年度向特定对象发行股票的公告,,0,https://www.cninfo.com.cn/new/disclosure/detail?annoId=1225499989,2026-08-27 21:27:32
300615,20260831,20260803,深圳市欣天科技股份有限公司详式权益变动报告书,,0,https://www.cninfo.com.cn/new/disclosure/detail?annoId=1225452784,2026-08-31 21:10:27
300615,20260831,20260803,简式权益变动报告书（薛枫）,,0,https://www.cninfo.com.cn/new/disclosure/detail?annoId=1225452783,2026-08-31 21:10:27
300615,20260831,20260803,简式权益变动报告书（石伟平）,,0,https://www.cninfo.com.cn/new/disclosure/detail?annoId=1225452782,2026-08-31 21:10:27
300615,20260831,20260803,简式权益变动报告书（刘辉）,,0,https://www.cninfo.com.cn/new/disclosure/detail?annoId=1225452781,2026-08-31 21:10:27
300615,20260831,20260804,股票交易异常波动公告,,2,https://www.cninfo.com.cn/new/disclosure/detail?annoId=1225458366,2026-08-31 21:10:27
300615,20260831,20260806,股票交易异常波动及严重异常波动的公告,,3,https://www.cninfo.com.cn/new/disclosure/detail?annoId=1225462204,2026-08-31 21:10:27
300615,20260831,20260814,关于持股5%以上股东收到深圳证监局行政监管措施决定书的公告,,0,https://www.cninfo.com.cn/new/disclosure/detail?annoId=1225475304,2026-08-31 21:10:27
300615,20260831,20260818,北京博星证券投资顾问有限公司关于深圳市欣天科技股份有限公司详式权益变动报告书之财务顾问核查意见（修订稿）,,0,https://www.cninfo.com.cn/new/disclosure/detail?annoId=1225480447,2026-08-31 21:10:27
300615,20260831,20260818,深圳市欣天科技股份有限公司详式权益变动报告书（修订稿）,,0,https://www.cninfo.com.cn/new/disclosure/detail?annoId=1225480446,2026-08-31 21:10:27
300615,20260831,20260818,简式权益变动报告书（修订稿）（薛枫）,,0,https://www.cninfo.com.cn/new/disclosure/detail?annoId=1225480445,2026-08-31 21:10:27
300615,20260831,20260818,简式权益变动报告书（修订稿）（石伟平）,,0,https://www.cninfo.com.cn/new/disclosure/detail?annoId=1225480444,2026-08-31 21:10:27
300615,20260831,20260818,简式权益变动报告书（修订稿）（刘辉）,,0,https://www.cninfo.com.cn/new/disclosure/detail?annoId=1225480443,2026-08-31 21:10:27
300615,20260831,20260818,关于控股股东、实际控制人及相关方签署股份转让补充协议暨控制权拟发生变更的进展公告,,0,https://www.cninfo.com.cn/new/disclosure/detail?annoId=1225480442,2026-08-31 21:10:27
300615,20260831,20260825,关于2026年半年度计提资产减值准备的公告,,0,https://www.cninfo.com.cn/new/disclosure/detail?annoId=1225499995,2026-08-31 21:10:27
300615,20260831,20260825,关于使用闲置自有资金进行现金管理的公告,,0,https://www.cninfo.com.cn/new/disclosure/detail?annoId=1225499994,2026-08-31 21:10:27
300615,20260831,20260825,第五届董事会第十一次会议决议公告,,0,https://www.cninfo.com.cn/new/disclosure/detail?annoId=1225499993,2026-08-31 21:10:27
300615,20260831,20260825,2026年上半年非经营性资金占用及其他关联资金往来情况汇总表,,0,https://www.cninfo.com.cn/new/disclosure/detail?annoId=1225499992,2026-08-31 21:10:27
300615,20260831,20260825,2026年半年度报告,,0,https://www.cninfo.com.cn/new/disclosure/detail?annoId=1225499991,2026-08-31 21:10:27
300615,20260831,20260825,2026年半年度报告摘要,,0,https://www.cninfo.com.cn/new/disclosure/detail?annoId=1225499990,2026-08-31 21:10:27
300615,20260831,20260825,关于终止公司2025年度向特定对象发行股票的公告,,0,https://www.cninfo.com.cn/new/disclosure/detail?annoId=1225499989,2026-08-31 21:10:27
300684,20260819,20260707,关于2025年限制性股票激励计划首次授予部分第一个归属期归属结果暨股份上市的公告,,0,https://www.cninfo.com.cn/new/disclosure/detail?annoId=1225411848,2026-08-26 10:40:32
300684,20260819,20260720,第五届董事会第十二次会议决议公告,,0,https://www.cninfo.com.cn/new/disclosure/detail?annoId=1225433327,2026-08-26 10:40:32
300684,20260819,20260720,关于回购公司股份方案的公告,,0,https://www.cninfo.com.cn/new/disclosure/detail?annoId=1225433326,2026-08-26 10:40:32
300684,20260819,20260721,回购报告书,,0,https://www.cninfo.com.cn/new/disclosure/detail?annoId=1225435396,2026-08-26 10:40:32
300684,20260819,20260721,关于回购股份事项前十名股东和前十名无限售条件股东持股情况的公告,,0,https://www.cninfo.com.cn/new/disclosure/detail?annoId=1225435397,2026-08-26 10:40:32
300684,20260819,20260724,关于首次回购公司股份的公告,,0,https://www.cninfo.com.cn/new/disclosure/detail?annoId=1225440517,2026-08-26 10:40:32
300684,20260819,20260724,关于为子公司提供担保的进展公告,,0,https://www.cninfo.com.cn/new/disclosure/detail?annoId=1225440303,2026-08-26 10:40:32
300684,20260819,20260731,关于取得金融机构股票回购专项贷款承诺函的公告,,0,https://www.cninfo.com.cn/new/disclosure/detail?annoId=1225449977,2026-08-26 10:40:32
300684,20260819,20260805,关于回购股份进展的公告,,0,https://www.cninfo.com.cn/new/disclosure/detail?annoId=1225459793,2026-08-26 10:40:32
300684,20260819,20260813,北京中石伟业科技股份有限公司关于控股股东、实际控制人及其一致行动人拟协议转让公司部分股份暨权益变动的提示性公告,,0,https://www.cninfo.com.cn/new/disclosure/detail?annoId=1225472918,2026-08-26 10:40:32
300684,20260819,20260813,北京中石伟业科技股份有限公司简式权益变动报告书（股份减少）,,0,https://www.cninfo.com.cn/new/disclosure/detail?annoId=1225472917,2026-08-26 10:40:32
300684,20260819,20260813,中石科技简式权益变动报告书（股份增加）,,0,https://www.cninfo.com.cn/new/disclosure/detail?annoId=1225472916,2026-08-26 10:40:32
300684,20260819,20260817,关于公司股价异动的公告,,0,https://www.cninfo.com.cn/new/disclosure/detail?annoId=1225477830,2026-08-26 10:40:32
300684,20260819,20260818,关于股票交易严重异常波动的公告,,3,https://www.cninfo.com.cn/new/disclosure/detail?annoId=1225480246,2026-08-26 10:40:32
300684,20260819,20260825,2026年半年度报告摘要,,0,https://www.cninfo.com.cn/new/disclosure/detail?annoId=1225495732,2026-08-26 10:40:32
300684,20260819,20260825,关于会计政策变更的公告,,0,https://www.cninfo.com.cn/new/disclosure/detail?annoId=1225494924,2026-08-26 10:40:32
300684,20260819,20260825,第五届董事会第十三次会议决议公告,,0,https://www.cninfo.com.cn/new/disclosure/detail?annoId=1225494923,2026-08-26 10:40:32
300684,20260819,20260825,2026年半年度募集资金存放、管理与使用情况的专项报告,,0,https://www.cninfo.com.cn/new/disclosure/detail?annoId=1225494922,2026-08-26 10:40:32
300684,20260819,20260825,2026年半年度非经营性资金占用及其他关联资金往来情况汇总表,,0,https://www.cninfo.com.cn/new/disclosure/detail?annoId=1225494921,2026-08-26 10:40:32
300684,20260819,20260825,2026年半年度报告,,0,https://www.cninfo.com.cn/new/disclosure/detail?annoId=1225494920,2026-08-26 10:40:32
300862,20260819,20260808,关于暂不召开股东会的公告,,0,https://www.cninfo.com.cn/new/disclosure/detail?annoId=1225465109,2026-08-26 10:40:32
300862,20260819,20260808,第七届董事会第十二次会议决议公告,,0,https://www.cninfo.com.cn/new/disclosure/detail?annoId=1225465108,2026-08-26 10:40:32
300862,20260819,20260808,关于筹划本次重大资产重组停牌前一个交易日前十大股东和前十大流通股股东持股情况的公告,,4,https://www.cninfo.com.cn/new/disclosure/detail?annoId=1225465107,2026-08-26 10:40:32
300862,20260819,20260808,关于披露重组预案暨公司股票复牌及一般风险提示性的公告,,5,https://www.cninfo.com.cn/new/disclosure/detail?annoId=1225465106,2026-08-26 10:40:32
300862,20260819,20260808,安徽蓝盾光电子股份有限公司董事会关于本次交易前12个月内购买、出售资产情况的说明,,0,https://www.cninfo.com.cn/new/disclosure/detail?annoId=1225465105,2026-08-26 10:40:32
300862,20260819,20260808,安徽蓝盾光电子股份有限公司董事会关于本次交易信息发布前公司股票价格波动情况的说明,,0,https://www.cninfo.com.cn/new/disclosure/detail?annoId=1225465104,2026-08-26 10:40:32
300862,20260819,20260808,董事会关于本次交易相关主体不存在《上市公司监管指引第7号——上市公司重大资产重组相关股票异常交易监管》第十二条及《深圳证券交易所上市公司自律监管指引第8号——重大资产重组》第三十条规定的不得参与任何上市公司重大资产重组情形的说明,,0,https://www.cninfo.com.cn/new/disclosure/detail?annoId=1225465103,2026-08-26 10:40:32
300862,20260819,20260808,安徽蓝盾光电子股份有限公司董事会关于本次交易符合《上市公司监管指引第9号——上市公司筹划和实施重大资产重组的监管要求》第四条规定的说明,,0,https://www.cninfo.com.cn/new/disclosure/detail?annoId=1225465102,2026-08-26 10:40:32
300862,20260819,20260808,安徽蓝盾光电子股份有限公司董事会关于本次交易符合《上市公司重大资产重组管理办法》第十一条、第四十三条和第四十四条规定的说明,,0,https://www.cninfo.com.cn/new/disclosure/detail?annoId=1225465101,2026-08-26 10:40:32
300862,20260819,20260808,安徽蓝盾光电子股份有限公司董事会关于本次交易符合《创业板上市公司持续监管办法（试行）》第十八条、第二十一条以及《深圳证券交易所上市公司重大资产重组审核规则》第八条规定的说明,,0,https://www.cninfo.com.cn/new/disclosure/detail?annoId=1225465100,2026-08-26 10:40:32
300862,20260819,20260808,安徽蓝盾光电子股份有限公司董事会关于公司不存在《上市公司证券发行注册管理办法》第十一条规定的情形的说明,,0,https://www.cninfo.com.cn/new/disclosure/detail?annoId=1225465099,2026-08-26 10:40:32
300862,20260819,20260808,安徽蓝盾光电子股份有限公司董事会关于本次交易是否构成重大资产重组、关联交易及重组上市的说明,,0,https://www.cninfo.com.cn/new/disclosure/detail?annoId=1225465098,2026-08-26 10:40:32
300862,20260819,20260808,安徽蓝盾光电子股份有限公司发行股份及支付现金购买资产并募集配套资金暨关联交易预案摘要,,0,https://www.cninfo.com.cn/new/disclosure/detail?annoId=1225465097,2026-08-26 10:40:32
300862,20260819,20260808,安徽蓝盾光电子股份有限公司董事会关于本次交易履行法定程序的完备性、合规性及提交的法律文件的有效性的说明,,0,https://www.cninfo.com.cn/new/disclosure/detail?annoId=1225465096,2026-08-26 10:40:32
300862,20260819,20260811,股票交易异常波动公告,,2,https://www.cninfo.com.cn/new/disclosure/detail?annoId=1225469250,2026-08-26 10:40:32
300862,20260819,20260813,股票交易异常波动及严重异常波动暨风险提示公告,,3,https://www.cninfo.com.cn/new/disclosure/detail?annoId=1225472060,2026-08-26 10:40:32
300862,20260819,20260817,关于使用暂时闲置募集资金和自有资金进行现金管理的进展公告,,0,https://www.cninfo.com.cn/new/disclosure/detail?annoId=1225477719,2026-08-26 10:40:32
300862,20260819,20260817,股票交易异常波动及风险提示公告,,2,https://www.cninfo.com.cn/new/disclosure/detail?annoId=1225477720,2026-08-26 10:40:32
300862,20260819,20260819,股票交易风险提示暨停牌核查公告,,4,https://www.cninfo.com.cn/new/disclosure/detail?annoId=1225481121,2026-08-26 10:40:32
300862,20260819,20260822,关于股票交易停牌核查结果暨复牌的公告,,5,https://www.cninfo.com.cn/new/disclosure/detail?annoId=1225492434,2026-08-26 10:40:32
300862,20260821,20260808,关于暂不召开股东会的公告,,0,https://www.cninfo.com.cn/new/disclosure/detail?annoId=1225465109,2026-08-25 10:07:22
300862,20260821,20260808,第七届董事会第十二次会议决议公告,,0,https://www.cninfo.com.cn/new/disclosure/detail?annoId=1225465108,2026-08-25 10:07:22
300862,20260821,20260808,关于筹划本次重大资产重组停牌前一个交易日前十大股东和前十大流通股股东持股情况的公告,,4,https://www.cninfo.com.cn/new/disclosure/detail?annoId=1225465107,2026-08-25 10:07:22
300862,20260821,20260808,关于披露重组预案暨公司股票复牌及一般风险提示性的公告,,5,https://www.cninfo.com.cn/new/disclosure/detail?annoId=1225465106,2026-08-25 10:07:22
300862,20260821,20260808,安徽蓝盾光电子股份有限公司董事会关于本次交易前12个月内购买、出售资产情况的说明,,0,https://www.cninfo.com.cn/new/disclosure/detail?annoId=1225465105,2026-08-25 10:07:22
300862,20260821,20260808,安徽蓝盾光电子股份有限公司董事会关于本次交易信息发布前公司股票价格波动情况的说明,,0,https://www.cninfo.com.cn/new/disclosure/detail?annoId=1225465104,2026-08-25 10:07:22
300862,20260821,20260808,董事会关于本次交易相关主体不存在《上市公司监管指引第7号——上市公司重大资产重组相关股票异常交易监管》第十二条及《深圳证券交易所上市公司自律监管指引第8号——重大资产重组》第三十条规定的不得参与任何上市公司重大资产重组情形的说明,,0,https://www.cninfo.com.cn/new/disclosure/detail?annoId=1225465103,2026-08-25 10:07:22
300862,20260821,20260808,安徽蓝盾光电子股份有限公司董事会关于本次交易符合《上市公司监管指引第9号——上市公司筹划和实施重大资产重组的监管要求》第四条规定的说明,,0,https://www.cninfo.com.cn/new/disclosure/detail?annoId=1225465102,2026-08-25 10:07:22
300862,20260821,20260808,安徽蓝盾光电子股份有限公司董事会关于本次交易符合《上市公司重大资产重组管理办法》第十一条、第四十三条和第四十四条规定的说明,,0,https://www.cninfo.com.cn/new/disclosure/detail?annoId=1225465101,2026-08-25 10:07:22
300862,20260821,20260808,安徽蓝盾光电子股份有限公司董事会关于本次交易符合《创业板上市公司持续监管办法（试行）》第十八条、第二十一条以及《深圳证券交易所上市公司重大资产重组审核规则》第八条规定的说明,,0,https://www.cninfo.com.cn/new/disclosure/detail?annoId=1225465100,2026-08-25 10:07:22
300862,20260821,20260808,安徽蓝盾光电子股份有限公司董事会关于公司不存在《上市公司证券发行注册管理办法》第十一条规定的情形的说明,,0,https://www.cninfo.com.cn/new/disclosure/detail?annoId=1225465099,2026-08-25 10:07:22
300862,20260821,20260808,安徽蓝盾光电子股份有限公司董事会关于本次交易是否构成重大资产重组、关联交易及重组上市的说明,,0,https://www.cninfo.com.cn/new/disclosure/detail?annoId=1225465098,2026-08-25 10:07:22
300862,20260821,20260808,安徽蓝盾光电子股份有限公司发行股份及支付现金购买资产并募集配套资金暨关联交易预案摘要,,0,https://www.cninfo.com.cn/new/disclosure/detail?annoId=1225465097,2026-08-25 10:07:22
300862,20260821,20260808,安徽蓝盾光电子股份有限公司董事会关于本次交易履行法定程序的完备性、合规性及提交的法律文件的有效性的说明,,0,https://www.cninfo.com.cn/new/disclosure/detail?annoId=1225465096,2026-08-25 10:07:22
300862,20260821,20260811,股票交易异常波动公告,,2,https://www.cninfo.com.cn/new/disclosure/detail?annoId=1225469250,2026-08-25 10:07:22
300862,20260821,20260813,股票交易异常波动及严重异常波动暨风险提示公告,,3,https://www.cninfo.com.cn/new/disclosure/detail?annoId=1225472060,2026-08-25 10:07:22
300862,20260821,20260817,关于使用暂时闲置募集资金和自有资金进行现金管理的进展公告,,0,https://www.cninfo.com.cn/new/disclosure/detail?annoId=1225477719,2026-08-25 10:07:22
300862,20260821,20260817,股票交易异常波动及风险提示公告,,2,https://www.cninfo.com.cn/new/disclosure/detail?annoId=1225477720,2026-08-25 10:07:22
300862,20260821,20260819,股票交易风险提示暨停牌核查公告,,4,https://www.cninfo.com.cn/new/disclosure/detail?annoId=1225481121,2026-08-25 10:07:22
300862,20260821,20260822,关于股票交易停牌核查结果暨复牌的公告,,5,https://www.cninfo.com.cn/new/disclosure/detail?annoId=1225492434,2026-08-25 10:07:22
300862,20260824,20260808,关于暂不召开股东会的公告,,0,https://www.cninfo.com.cn/new/disclosure/detail?annoId=1225465109,2026-08-25 10:15:22
300862,20260824,20260808,第七届董事会第十二次会议决议公告,,0,https://www.cninfo.com.cn/new/disclosure/detail?annoId=1225465108,2026-08-25 10:15:22
300862,20260824,20260808,关于筹划本次重大资产重组停牌前一个交易日前十大股东和前十大流通股股东持股情况的公告,,4,https://www.cninfo.com.cn/new/disclosure/detail?annoId=1225465107,2026-08-25 10:15:22
300862,20260824,20260808,关于披露重组预案暨公司股票复牌及一般风险提示性的公告,,5,https://www.cninfo.com.cn/new/disclosure/detail?annoId=1225465106,2026-08-25 10:15:22
300862,20260824,20260808,安徽蓝盾光电子股份有限公司董事会关于本次交易前12个月内购买、出售资产情况的说明,,0,https://www.cninfo.com.cn/new/disclosure/detail?annoId=1225465105,2026-08-25 10:15:22
300862,20260824,20260808,安徽蓝盾光电子股份有限公司董事会关于本次交易信息发布前公司股票价格波动情况的说明,,0,https://www.cninfo.com.cn/new/disclosure/detail?annoId=1225465104,2026-08-25 10:15:22
300862,20260824,20260808,董事会关于本次交易相关主体不存在《上市公司监管指引第7号——上市公司重大资产重组相关股票异常交易监管》第十二条及《深圳证券交易所上市公司自律监管指引第8号——重大资产重组》第三十条规定的不得参与任何上市公司重大资产重组情形的说明,,0,https://www.cninfo.com.cn/new/disclosure/detail?annoId=1225465103,2026-08-25 10:15:22
300862,20260824,20260808,安徽蓝盾光电子股份有限公司董事会关于本次交易符合《上市公司监管指引第9号——上市公司筹划和实施重大资产重组的监管要求》第四条规定的说明,,0,https://www.cninfo.com.cn/new/disclosure/detail?annoId=1225465102,2026-08-25 10:15:22
300862,20260824,20260808,安徽蓝盾光电子股份有限公司董事会关于本次交易符合《上市公司重大资产重组管理办法》第十一条、第四十三条和第四十四条规定的说明,,0,https://www.cninfo.com.cn/new/disclosure/detail?annoId=1225465101,2026-08-25 10:15:22
300862,20260824,20260808,安徽蓝盾光电子股份有限公司董事会关于本次交易符合《创业板上市公司持续监管办法（试行）》第十八条、第二十一条以及《深圳证券交易所上市公司重大资产重组审核规则》第八条规定的说明,,0,https://www.cninfo.com.cn/new/disclosure/detail?annoId=1225465100,2026-08-25 10:15:22
300862,20260824,20260808,安徽蓝盾光电子股份有限公司董事会关于公司不存在《上市公司证券发行注册管理办法》第十一条规定的情形的说明,,0,https://www.cninfo.com.cn/new/disclosure/detail?annoId=1225465099,2026-08-25 10:15:22
300862,20260824,20260808,安徽蓝盾光电子股份有限公司董事会关于本次交易是否构成重大资产重组、关联交易及重组上市的说明,,0,https://www.cninfo.com.cn/new/disclosure/detail?annoId=1225465098,2026-08-25 10:15:22
300862,20260824,20260808,安徽蓝盾光电子股份有限公司发行股份及支付现金购买资产并募集配套资金暨关联交易预案摘要,,0,https://www.cninfo.com.cn/new/disclosure/detail?annoId=1225465097,2026-08-25 10:15:22
300862,20260824,20260808,安徽蓝盾光电子股份有限公司董事会关于本次交易履行法定程序的完备性、合规性及提交的法律文件的有效性的说明,,0,https://www.cninfo.com.cn/new/disclosure/detail?annoId=1225465096,2026-08-25 10:15:22
300862,20260824,20260811,股票交易异常波动公告,,2,https://www.cninfo.com.cn/new/disclosure/detail?annoId=1225469250,2026-08-25 10:15:22
300862,20260824,20260813,股票交易异常波动及严重异常波动暨风险提示公告,,3,https://www.cninfo.com.cn/new/disclosure/detail?annoId=1225472060,2026-08-25 10:15:22
300862,20260824,20260817,关于使用暂时闲置募集资金和自有资金进行现金管理的进展公告,,0,https://www.cninfo.com.cn/new/disclosure/detail?annoId=1225477719,2026-08-25 10:15:22
300862,20260824,20260817,股票交易异常波动及风险提示公告,,2,https://www.cninfo.com.cn/new/disclosure/detail?annoId=1225477720,2026-08-25 10:15:22
300862,20260824,20260819,股票交易风险提示暨停牌核查公告,,4,https://www.cninfo.com.cn/new/disclosure/detail?annoId=1225481121,2026-08-25 10:15:22
300862,20260824,20260822,关于股票交易停牌核查结果暨复牌的公告,,5,https://www.cninfo.com.cn/new/disclosure/detail?annoId=1225492434,2026-08-25 10:15:22
300862,20260825,20260808,关于暂不召开股东会的公告,,0,https://www.cninfo.com.cn/new/disclosure/detail?annoId=1225465109,2026-08-25 19:57:44
300862,20260825,20260808,第七届董事会第十二次会议决议公告,,0,https://www.cninfo.com.cn/new/disclosure/detail?annoId=1225465108,2026-08-25 19:57:44
300862,20260825,20260808,关于筹划本次重大资产重组停牌前一个交易日前十大股东和前十大流通股股东持股情况的公告,,4,https://www.cninfo.com.cn/new/disclosure/detail?annoId=1225465107,2026-08-25 19:57:44
300862,20260825,20260808,关于披露重组预案暨公司股票复牌及一般风险提示性的公告,,5,https://www.cninfo.com.cn/new/disclosure/detail?annoId=1225465106,2026-08-25 19:57:44
300862,20260825,20260808,安徽蓝盾光电子股份有限公司董事会关于本次交易前12个月内购买、出售资产情况的说明,,0,https://www.cninfo.com.cn/new/disclosure/detail?annoId=1225465105,2026-08-25 19:57:44
300862,20260825,20260808,安徽蓝盾光电子股份有限公司董事会关于本次交易信息发布前公司股票价格波动情况的说明,,0,https://www.cninfo.com.cn/new/disclosure/detail?annoId=1225465104,2026-08-25 19:57:44
300862,20260825,20260808,董事会关于本次交易相关主体不存在《上市公司监管指引第7号——上市公司重大资产重组相关股票异常交易监管》第十二条及《深圳证券交易所上市公司自律监管指引第8号——重大资产重组》第三十条规定的不得参与任何上市公司重大资产重组情形的说明,,0,https://www.cninfo.com.cn/new/disclosure/detail?annoId=1225465103,2026-08-25 19:57:44
300862,20260825,20260808,安徽蓝盾光电子股份有限公司董事会关于本次交易符合《上市公司监管指引第9号——上市公司筹划和实施重大资产重组的监管要求》第四条规定的说明,,0,https://www.cninfo.com.cn/new/disclosure/detail?annoId=1225465102,2026-08-25 19:57:44
300862,20260825,20260808,安徽蓝盾光电子股份有限公司董事会关于本次交易符合《上市公司重大资产重组管理办法》第十一条、第四十三条和第四十四条规定的说明,,0,https://www.cninfo.com.cn/new/disclosure/detail?annoId=1225465101,2026-08-25 19:57:44
300862,20260825,20260808,安徽蓝盾光电子股份有限公司董事会关于本次交易符合《创业板上市公司持续监管办法（试行）》第十八条、第二十一条以及《深圳证券交易所上市公司重大资产重组审核规则》第八条规定的说明,,0,https://www.cninfo.com.cn/new/disclosure/detail?annoId=1225465100,2026-08-25 19:57:44
300862,20260825,20260808,安徽蓝盾光电子股份有限公司董事会关于公司不存在《上市公司证券发行注册管理办法》第十一条规定的情形的说明,,0,https://www.cninfo.com.cn/new/disclosure/detail?annoId=1225465099,2026-08-25 19:57:44
300862,20260825,20260808,安徽蓝盾光电子股份有限公司董事会关于本次交易是否构成重大资产重组、关联交易及重组上市的说明,,0,https://www.cninfo.com.cn/new/disclosure/detail?annoId=1225465098,2026-08-25 19:57:44
300862,20260825,20260808,安徽蓝盾光电子股份有限公司发行股份及支付现金购买资产并募集配套资金暨关联交易预案摘要,,0,https://www.cninfo.com.cn/new/disclosure/detail?annoId=1225465097,2026-08-25 19:57:44
300862,20260825,20260808,安徽蓝盾光电子股份有限公司董事会关于本次交易履行法定程序的完备性、合规性及提交的法律文件的有效性的说明,,0,https://www.cninfo.com.cn/new/disclosure/detail?annoId=1225465096,2026-08-25 19:57:44
300862,20260825,20260811,股票交易异常波动公告,,2,https://www.cninfo.com.cn/new/disclosure/detail?annoId=1225469250,2026-08-25 19:57:44
300862,20260825,20260813,股票交易异常波动及严重异常波动暨风险提示公告,,3,https://www.cninfo.com.cn/new/disclosure/detail?annoId=1225472060,2026-08-25 19:57:44
300862,20260825,20260817,关于使用暂时闲置募集资金和自有资金进行现金管理的进展公告,,0,https://www.cninfo.com.cn/new/disclosure/detail?annoId=1225477719,2026-08-25 19:57:44
300862,20260825,20260817,股票交易异常波动及风险提示公告,,2,https://www.cninfo.com.cn/new/disclosure/detail?annoId=1225477720,2026-08-25 19:57:44
300862,20260825,20260819,股票交易风险提示暨停牌核查公告,,4,https://www.cninfo.com.cn/new/disclosure/detail?annoId=1225481121,2026-08-25 19:57:44
300862,20260825,20260822,关于股票交易停牌核查结果暨复牌的公告,,5,https://www.cninfo.com.cn/new/disclosure/detail?annoId=1225492434,2026-08-25 19:57:44
300862,20260826,20260808,关于暂不召开股东会的公告,,0,https://www.cninfo.com.cn/new/disclosure/detail?annoId=1225465109,2026-08-27 00:11:28
300862,20260826,20260808,第七届董事会第十二次会议决议公告,,0,https://www.cninfo.com.cn/new/disclosure/detail?annoId=1225465108,2026-08-27 00:11:28
300862,20260826,20260808,关于筹划本次重大资产重组停牌前一个交易日前十大股东和前十大流通股股东持股情况的公告,,4,https://www.cninfo.com.cn/new/disclosure/detail?annoId=1225465107,2026-08-27 00:11:28
300862,20260826,20260808,关于披露重组预案暨公司股票复牌及一般风险提示性的公告,,5,https://www.cninfo.com.cn/new/disclosure/detail?annoId=1225465106,2026-08-27 00:11:28
300862,20260826,20260808,安徽蓝盾光电子股份有限公司董事会关于本次交易前12个月内购买、出售资产情况的说明,,0,https://www.cninfo.com.cn/new/disclosure/detail?annoId=1225465105,2026-08-27 00:11:28
300862,20260826,20260808,安徽蓝盾光电子股份有限公司董事会关于本次交易信息发布前公司股票价格波动情况的说明,,0,https://www.cninfo.com.cn/new/disclosure/detail?annoId=1225465104,2026-08-27 00:11:28
300862,20260826,20260808,董事会关于本次交易相关主体不存在《上市公司监管指引第7号——上市公司重大资产重组相关股票异常交易监管》第十二条及《深圳证券交易所上市公司自律监管指引第8号——重大资产重组》第三十条规定的不得参与任何上市公司重大资产重组情形的说明,,0,https://www.cninfo.com.cn/new/disclosure/detail?annoId=1225465103,2026-08-27 00:11:28
300862,20260826,20260808,安徽蓝盾光电子股份有限公司董事会关于本次交易符合《上市公司监管指引第9号——上市公司筹划和实施重大资产重组的监管要求》第四条规定的说明,,0,https://www.cninfo.com.cn/new/disclosure/detail?annoId=1225465102,2026-08-27 00:11:28
300862,20260826,20260808,安徽蓝盾光电子股份有限公司董事会关于本次交易符合《上市公司重大资产重组管理办法》第十一条、第四十三条和第四十四条规定的说明,,0,https://www.cninfo.com.cn/new/disclosure/detail?annoId=1225465101,2026-08-27 00:11:28
300862,20260826,20260808,安徽蓝盾光电子股份有限公司董事会关于本次交易符合《创业板上市公司持续监管办法（试行）》第十八条、第二十一条以及《深圳证券交易所上市公司重大资产重组审核规则》第八条规定的说明,,0,https://www.cninfo.com.cn/new/disclosure/detail?annoId=1225465100,2026-08-27 00:11:28
300862,20260826,20260808,安徽蓝盾光电子股份有限公司董事会关于公司不存在《上市公司证券发行注册管理办法》第十一条规定的情形的说明,,0,https://www.cninfo.com.cn/new/disclosure/detail?annoId=1225465099,2026-08-27 00:11:28
300862,20260826,20260808,安徽蓝盾光电子股份有限公司董事会关于本次交易是否构成重大资产重组、关联交易及重组上市的说明,,0,https://www.cninfo.com.cn/new/disclosure/detail?annoId=1225465098,2026-08-27 00:11:28
300862,20260826,20260808,安徽蓝盾光电子股份有限公司发行股份及支付现金购买资产并募集配套资金暨关联交易预案摘要,,0,https://www.cninfo.com.cn/new/disclosure/detail?annoId=1225465097,2026-08-27 00:11:28
300862,20260826,20260811,股票交易异常波动公告,,2,https://www.cninfo.com.cn/new/disclosure/detail?annoId=1225469250,2026-08-27 00:11:28
300862,20260826,20260813,股票交易异常波动及严重异常波动暨风险提示公告,,3,https://www.cninfo.com.cn/new/disclosure/detail?annoId=1225472060,2026-08-27 00:11:28
300862,20260826,20260817,关于使用暂时闲置募集资金和自有资金进行现金管理的进展公告,,0,https://www.cninfo.com.cn/new/disclosure/detail?annoId=1225477719,2026-08-27 00:11:28
300862,20260826,20260817,股票交易异常波动及风险提示公告,,2,https://www.cninfo.com.cn/new/disclosure/detail?annoId=1225477720,2026-08-27 00:11:28
300862,20260826,20260819,股票交易风险提示暨停牌核查公告,,4,https://www.cninfo.com.cn/new/disclosure/detail?annoId=1225481121,2026-08-27 00:11:28
300862,20260826,20260822,关于股票交易停牌核查结果暨复牌的公告,,5,https://www.cninfo.com.cn/new/disclosure/detail?annoId=1225492434,2026-08-27 00:11:28
300862,20260826,20260826,关于使用暂时闲置募集资金和自有资金进行现金管理的进展公告,,0,https://www.cninfo.com.cn/new/disclosure/detail?annoId=1225511208,2026-08-27 00:11:28
300862,20260827,20260808,关于暂不召开股东会的公告,,0,https://www.cninfo.com.cn/new/disclosure/detail?annoId=1225465109,2026-08-27 21:27:32
300862,20260827,20260808,第七届董事会第十二次会议决议公告,,0,https://www.cninfo.com.cn/new/disclosure/detail?annoId=1225465108,2026-08-27 21:27:32
300862,20260827,20260808,关于筹划本次重大资产重组停牌前一个交易日前十大股东和前十大流通股股东持股情况的公告,,4,https://www.cninfo.com.cn/new/disclosure/detail?annoId=1225465107,2026-08-27 21:27:32
300862,20260827,20260808,关于披露重组预案暨公司股票复牌及一般风险提示性的公告,,5,https://www.cninfo.com.cn/new/disclosure/detail?annoId=1225465106,2026-08-27 21:27:32
300862,20260827,20260808,安徽蓝盾光电子股份有限公司董事会关于本次交易前12个月内购买、出售资产情况的说明,,0,https://www.cninfo.com.cn/new/disclosure/detail?annoId=1225465105,2026-08-27 21:27:32
300862,20260827,20260808,安徽蓝盾光电子股份有限公司董事会关于本次交易信息发布前公司股票价格波动情况的说明,,0,https://www.cninfo.com.cn/new/disclosure/detail?annoId=1225465104,2026-08-27 21:27:32
300862,20260827,20260808,董事会关于本次交易相关主体不存在《上市公司监管指引第7号——上市公司重大资产重组相关股票异常交易监管》第十二条及《深圳证券交易所上市公司自律监管指引第8号——重大资产重组》第三十条规定的不得参与任何上市公司重大资产重组情形的说明,,0,https://www.cninfo.com.cn/new/disclosure/detail?annoId=1225465103,2026-08-27 21:27:32
300862,20260827,20260808,安徽蓝盾光电子股份有限公司董事会关于本次交易符合《上市公司监管指引第9号——上市公司筹划和实施重大资产重组的监管要求》第四条规定的说明,,0,https://www.cninfo.com.cn/new/disclosure/detail?annoId=1225465102,2026-08-27 21:27:32
300862,20260827,20260808,安徽蓝盾光电子股份有限公司董事会关于本次交易符合《上市公司重大资产重组管理办法》第十一条、第四十三条和第四十四条规定的说明,,0,https://www.cninfo.com.cn/new/disclosure/detail?annoId=1225465101,2026-08-27 21:27:32
300862,20260827,20260808,安徽蓝盾光电子股份有限公司董事会关于本次交易符合《创业板上市公司持续监管办法（试行）》第十八条、第二十一条以及《深圳证券交易所上市公司重大资产重组审核规则》第八条规定的说明,,0,https://www.cninfo.com.cn/new/disclosure/detail?annoId=1225465100,2026-08-27 21:27:32
300862,20260827,20260808,安徽蓝盾光电子股份有限公司董事会关于公司不存在《上市公司证券发行注册管理办法》第十一条规定的情形的说明,,0,https://www.cninfo.com.cn/new/disclosure/detail?annoId=1225465099,2026-08-27 21:27:32
300862,20260827,20260808,安徽蓝盾光电子股份有限公司董事会关于本次交易是否构成重大资产重组、关联交易及重组上市的说明,,0,https://www.cninfo.com.cn/new/disclosure/detail?annoId=1225465098,2026-08-27 21:27:32
300862,20260827,20260808,安徽蓝盾光电子股份有限公司发行股份及支付现金购买资产并募集配套资金暨关联交易预案摘要,,0,https://www.cninfo.com.cn/new/disclosure/detail?annoId=1225465097,2026-08-27 21:27:32
300862,20260827,20260811,股票交易异常波动公告,,2,https://www.cninfo.com.cn/new/disclosure/detail?annoId=1225469250,2026-08-27 21:27:32
300862,20260827,20260813,股票交易异常波动及严重异常波动暨风险提示公告,,3,https://www.cninfo.com.cn/new/disclosure/detail?annoId=1225472060,2026-08-27 21:27:32
300862,20260827,20260817,关于使用暂时闲置募集资金和自有资金进行现金管理的进展公告,,0,https://www.cninfo.com.cn/new/disclosure/detail?annoId=1225477719,2026-08-27 21:27:32
300862,20260827,20260817,股票交易异常波动及风险提示公告,,2,https://www.cninfo.com.cn/new/disclosure/detail?annoId=1225477720,2026-08-27 21:27:32
300862,20260827,20260819,股票交易风险提示暨停牌核查公告,,4,https://www.cninfo.com.cn/new/disclosure/detail?annoId=1225481121,2026-08-27 21:27:32
300862,20260827,20260822,关于股票交易停牌核查结果暨复牌的公告,,5,https://www.cninfo.com.cn/new/disclosure/detail?annoId=1225492434,2026-08-27 21:27:32
300862,20260827,20260826,关于使用暂时闲置募集资金和自有资金进行现金管理的进展公告,,0,https://www.cninfo.com.cn/new/disclosure/detail?annoId=1225511208,2026-08-27 21:27:32
300862,20260831,20260808,关于暂不召开股东会的公告,,0,https://www.cninfo.com.cn/new/disclosure/detail?annoId=1225465109,2026-08-31 21:10:28
300862,20260831,20260808,第七届董事会第十二次会议决议公告,,0,https://www.cninfo.com.cn/new/disclosure/detail?annoId=1225465108,2026-08-31 21:10:28
300862,20260831,20260808,关于筹划本次重大资产重组停牌前一个交易日前十大股东和前十大流通股股东持股情况的公告,,4,https://www.cninfo.com.cn/new/disclosure/detail?annoId=1225465107,2026-08-31 21:10:28
300862,20260831,20260808,关于披露重组预案暨公司股票复牌及一般风险提示性的公告,,5,https://www.cninfo.com.cn/new/disclosure/detail?annoId=1225465106,2026-08-31 21:10:28
300862,20260831,20260808,安徽蓝盾光电子股份有限公司董事会关于本次交易前12个月内购买、出售资产情况的说明,,0,https://www.cninfo.com.cn/new/disclosure/detail?annoId=1225465105,2026-08-31 21:10:28
300862,20260831,20260811,股票交易异常波动公告,,2,https://www.cninfo.com.cn/new/disclosure/detail?annoId=1225469250,2026-08-31 21:10:28
300862,20260831,20260813,股票交易异常波动及严重异常波动暨风险提示公告,,3,https://www.cninfo.com.cn/new/disclosure/detail?annoId=1225472060,2026-08-31 21:10:28
300862,20260831,20260817,关于使用暂时闲置募集资金和自有资金进行现金管理的进展公告,,0,https://www.cninfo.com.cn/new/disclosure/detail?annoId=1225477719,2026-08-31 21:10:28
300862,20260831,20260817,股票交易异常波动及风险提示公告,,2,https://www.cninfo.com.cn/new/disclosure/detail?annoId=1225477720,2026-08-31 21:10:28
300862,20260831,20260819,股票交易风险提示暨停牌核查公告,,4,https://www.cninfo.com.cn/new/disclosure/detail?annoId=1225481121,2026-08-31 21:10:28
300862,20260831,20260822,关于股票交易停牌核查结果暨复牌的公告,,5,https://www.cninfo.com.cn/new/disclosure/detail?annoId=1225492434,2026-08-31 21:10:28
300862,20260831,20260826,关于使用暂时闲置募集资金和自有资金进行现金管理的进展公告,,0,https://www.cninfo.com.cn/new/disclosure/detail?annoId=1225511208,2026-08-31 21:10:28
300862,20260831,20260829,董事会秘书工作制度（2026年8月修订）,,0,https://www.cninfo.com.cn/new/disclosure/detail?annoId=1225524602,2026-08-31 21:10:28
300862,20260831,20260829,关于对参股公司会计核算方法变更的公告,,0,https://www.cninfo.com.cn/new/disclosure/detail?annoId=1225524601,2026-08-31 21:10:28
300862,20260831,20260829,关于2026年半年度计提资产减值准备的公告,,0,https://www.cninfo.com.cn/new/disclosure/detail?annoId=1225524600,2026-08-31 21:10:28
300862,20260831,20260829,第七届董事会第十三次会议决议公告,,0,https://www.cninfo.com.cn/new/disclosure/detail?annoId=1225524599,2026-08-31 21:10:28
300862,20260831,20260829,董事会关于2026年半年度募集资金存放与使用情况的专项报告,,0,https://www.cninfo.com.cn/new/disclosure/detail?annoId=1225524598,2026-08-31 21:10:28
300862,20260831,20260829,2026年半年度非经营性资金占用及其他关联资金往来情况汇总表,,0,https://www.cninfo.com.cn/new/disclosure/detail?annoId=1225524597,2026-08-31 21:10:28
300862,20260831,20260829,2026年半年度报告,,0,https://www.cninfo.com.cn/new/disclosure/detail?annoId=1225524596,2026-08-31 21:10:28
300862,20260831,20260829,2026年半年度报告摘要,,0,https://www.cninfo.com.cn/new/disclosure/detail?annoId=1225524595,2026-08-31 21:10:28
301234,20260807,20260722,关于股东协议转让部分股份暨权益变动的提示性公告,,0,https://www.cninfo.com.cn/new/disclosure/detail?annoId=1225436084,2026-08-25 21:42:00
301234,20260807,20260722,简式权益变动报告书（嘉兴汇芯）,,0,https://www.cninfo.com.cn/new/disclosure/detail?annoId=1225436083,2026-08-25 21:42:00
301234,20260807,20260722,简式权益变动报告书（项炳义）,,0,https://www.cninfo.com.cn/new/disclosure/detail?annoId=1225436082,2026-08-25 21:42:00
301234,20260807,20260722,关于暂不召开股东会的公告,,0,https://www.cninfo.com.cn/new/disclosure/detail?annoId=1225436031,2026-08-25 21:42:00
301234,20260807,20260722,第三届董事会第十三次会议决议公告,,0,https://www.cninfo.com.cn/new/disclosure/detail?annoId=1225436030,2026-08-25 21:42:00
301234,20260807,20260722,关于披露重大资产重组预案的一般风险提示暨公司股票复牌的公告,,5,https://www.cninfo.com.cn/new/disclosure/detail?annoId=1225436029,2026-08-25 21:42:00
301234,20260807,20260722,独立董事2026年第二次专门会议审议意见,,0,https://www.cninfo.com.cn/new/disclosure/detail?annoId=1225436028,2026-08-25 21:42:00
301234,20260807,20260722,公司董事会关于本次交易前12个月内购买、出售资产情况的说明,,0,https://www.cninfo.com.cn/new/disclosure/detail?annoId=1225436027,2026-08-25 21:42:00
301234,20260807,20260722,公司董事会关于本次交易信息发布前公司股票价格波动情况的说明,,0,https://www.cninfo.com.cn/new/disclosure/detail?annoId=1225436026,2026-08-25 21:42:00
301234,20260807,20260722,公司董事会关于本次交易相关主体不存在《上市公司监管指引第7号——上市公司重大资产重组相关股票异常交易监管》第十二条及《深圳证券交易所上市公司自律监管指引第8号——重大资产重组》第三十条规定的不得参与任何上市公司重大资产重组情形的说明,,0,https://www.cninfo.com.cn/new/disclosure/detail?annoId=1225436025,2026-08-25 21:42:00
301234,20260807,20260723,股票交易异常波动公告,,2,https://www.cninfo.com.cn/new/disclosure/detail?annoId=1225439091,2026-08-25 21:42:00
301234,20260807,20260727,股票交易异常波动及严重异常波动的公告,,3,https://www.cninfo.com.cn/new/disclosure/detail?annoId=1225443600,2026-08-25 21:42:00
301234,20260807,20260810,股票交易异常波动公告,,2,https://www.cninfo.com.cn/new/disclosure/detail?annoId=1225466605,2026-08-25 21:42:00
301234,20260807,20260817,关于股东部分股份解除质押的公告,,0,https://www.cninfo.com.cn/new/disclosure/detail?annoId=1225476304,2026-08-25 21:42:00
301234,20260807,20260819,关于股东协议转让部分股份进展暨签署补充协议的公告,,0,https://www.cninfo.com.cn/new/disclosure/detail?annoId=1225483191,2026-08-25 21:42:00
301234,20260807,20260822,关于发行股份及支付现金购买资产并募集配套资金暨关联交易事项的进展公告,,0,https://www.cninfo.com.cn/new/disclosure/detail?annoId=1225488165,2026-08-25 21:42:00
301234,20260807,20260824,第三届董事会第十四次会议决议公告,,0,https://www.cninfo.com.cn/new/disclosure/detail?annoId=1225488258,2026-08-25 21:42:00
301234,20260807,20260824,2026年半年度非经营性资金占用及其他关联资金往来情况汇总表,,0,https://www.cninfo.com.cn/new/disclosure/detail?annoId=1225488257,2026-08-25 21:42:00
301234,20260807,20260824,2026年半年度报告,,0,https://www.cninfo.com.cn/new/disclosure/detail?annoId=1225488256,2026-08-25 21:42:00
301234,20260807,20260824,2026年半年度报告摘要,,0,https://www.cninfo.com.cn/new/disclosure/detail?annoId=1225488255,2026-08-25 21:42:00
301234,20260819,20260722,关于股东协议转让部分股份暨权益变动的提示性公告,,0,https://www.cninfo.com.cn/new/disclosure/detail?annoId=1225436084,2026-08-26 10:40:32
301234,20260819,20260722,简式权益变动报告书（嘉兴汇芯）,,0,https://www.cninfo.com.cn/new/disclosure/detail?annoId=1225436083,2026-08-26 10:40:32
301234,20260819,20260722,简式权益变动报告书（项炳义）,,0,https://www.cninfo.com.cn/new/disclosure/detail?annoId=1225436082,2026-08-26 10:40:32
301234,20260819,20260722,关于暂不召开股东会的公告,,0,https://www.cninfo.com.cn/new/disclosure/detail?annoId=1225436031,2026-08-26 10:40:32
301234,20260819,20260722,第三届董事会第十三次会议决议公告,,0,https://www.cninfo.com.cn/new/disclosure/detail?annoId=1225436030,2026-08-26 10:40:32
301234,20260819,20260722,关于披露重大资产重组预案的一般风险提示暨公司股票复牌的公告,,5,https://www.cninfo.com.cn/new/disclosure/detail?annoId=1225436029,2026-08-26 10:40:32
301234,20260819,20260722,独立董事2026年第二次专门会议审议意见,,0,https://www.cninfo.com.cn/new/disclosure/detail?annoId=1225436028,2026-08-26 10:40:32
301234,20260819,20260722,公司董事会关于本次交易前12个月内购买、出售资产情况的说明,,0,https://www.cninfo.com.cn/new/disclosure/detail?annoId=1225436027,2026-08-26 10:40:32
301234,20260819,20260722,公司董事会关于本次交易信息发布前公司股票价格波动情况的说明,,0,https://www.cninfo.com.cn/new/disclosure/detail?annoId=1225436026,2026-08-26 10:40:32
301234,20260819,20260722,公司董事会关于本次交易相关主体不存在《上市公司监管指引第7号——上市公司重大资产重组相关股票异常交易监管》第十二条及《深圳证券交易所上市公司自律监管指引第8号——重大资产重组》第三十条规定的不得参与任何上市公司重大资产重组情形的说明,,0,https://www.cninfo.com.cn/new/disclosure/detail?annoId=1225436025,2026-08-26 10:40:32
301234,20260819,20260723,股票交易异常波动公告,,2,https://www.cninfo.com.cn/new/disclosure/detail?annoId=1225439091,2026-08-26 10:40:32
301234,20260819,20260727,股票交易异常波动及严重异常波动的公告,,3,https://www.cninfo.com.cn/new/disclosure/detail?annoId=1225443600,2026-08-26 10:40:32
301234,20260819,20260810,股票交易异常波动公告,,2,https://www.cninfo.com.cn/new/disclosure/detail?annoId=1225466605,2026-08-26 10:40:32
301234,20260819,20260817,关于股东部分股份解除质押的公告,,0,https://www.cninfo.com.cn/new/disclosure/detail?annoId=1225476304,2026-08-26 10:40:32
301234,20260819,20260819,关于股东协议转让部分股份进展暨签署补充协议的公告,,0,https://www.cninfo.com.cn/new/disclosure/detail?annoId=1225483191,2026-08-26 10:40:32
301234,20260819,20260822,关于发行股份及支付现金购买资产并募集配套资金暨关联交易事项的进展公告,,0,https://www.cninfo.com.cn/new/disclosure/detail?annoId=1225488165,2026-08-26 10:40:32
301234,20260819,20260824,第三届董事会第十四次会议决议公告,,0,https://www.cninfo.com.cn/new/disclosure/detail?annoId=1225488258,2026-08-26 10:40:32
301234,20260819,20260824,2026年半年度非经营性资金占用及其他关联资金往来情况汇总表,,0,https://www.cninfo.com.cn/new/disclosure/detail?annoId=1225488257,2026-08-26 10:40:32
301234,20260819,20260824,2026年半年度报告,,0,https://www.cninfo.com.cn/new/disclosure/detail?annoId=1225488256,2026-08-26 10:40:32
301234,20260819,20260824,2026年半年度报告摘要,,0,https://www.cninfo.com.cn/new/disclosure/detail?annoId=1225488255,2026-08-26 10:40:32
301234,20260821,20260722,关于股东协议转让部分股份暨权益变动的提示性公告,,0,https://www.cninfo.com.cn/new/disclosure/detail?annoId=1225436084,2026-08-25 10:07:22
301234,20260821,20260722,简式权益变动报告书（嘉兴汇芯）,,0,https://www.cninfo.com.cn/new/disclosure/detail?annoId=1225436083,2026-08-25 10:07:22
301234,20260821,20260722,简式权益变动报告书（项炳义）,,0,https://www.cninfo.com.cn/new/disclosure/detail?annoId=1225436082,2026-08-25 10:07:22
301234,20260821,20260722,关于暂不召开股东会的公告,,0,https://www.cninfo.com.cn/new/disclosure/detail?annoId=1225436031,2026-08-25 10:07:22
301234,20260821,20260722,第三届董事会第十三次会议决议公告,,0,https://www.cninfo.com.cn/new/disclosure/detail?annoId=1225436030,2026-08-25 10:07:22
301234,20260821,20260722,关于披露重大资产重组预案的一般风险提示暨公司股票复牌的公告,,5,https://www.cninfo.com.cn/new/disclosure/detail?annoId=1225436029,2026-08-25 10:07:22
301234,20260821,20260722,独立董事2026年第二次专门会议审议意见,,0,https://www.cninfo.com.cn/new/disclosure/detail?annoId=1225436028,2026-08-25 10:07:22
301234,20260821,20260722,公司董事会关于本次交易前12个月内购买、出售资产情况的说明,,0,https://www.cninfo.com.cn/new/disclosure/detail?annoId=1225436027,2026-08-25 10:07:22
301234,20260821,20260722,公司董事会关于本次交易信息发布前公司股票价格波动情况的说明,,0,https://www.cninfo.com.cn/new/disclosure/detail?annoId=1225436026,2026-08-25 10:07:22
301234,20260821,20260722,公司董事会关于本次交易相关主体不存在《上市公司监管指引第7号——上市公司重大资产重组相关股票异常交易监管》第十二条及《深圳证券交易所上市公司自律监管指引第8号——重大资产重组》第三十条规定的不得参与任何上市公司重大资产重组情形的说明,,0,https://www.cninfo.com.cn/new/disclosure/detail?annoId=1225436025,2026-08-25 10:07:22
301234,20260821,20260723,股票交易异常波动公告,,2,https://www.cninfo.com.cn/new/disclosure/detail?annoId=1225439091,2026-08-25 10:07:22
301234,20260821,20260727,股票交易异常波动及严重异常波动的公告,,3,https://www.cninfo.com.cn/new/disclosure/detail?annoId=1225443600,2026-08-25 10:07:22
301234,20260821,20260810,股票交易异常波动公告,,2,https://www.cninfo.com.cn/new/disclosure/detail?annoId=1225466605,2026-08-25 10:07:22
301234,20260821,20260817,关于股东部分股份解除质押的公告,,0,https://www.cninfo.com.cn/new/disclosure/detail?annoId=1225476304,2026-08-25 10:07:22
301234,20260821,20260819,关于股东协议转让部分股份进展暨签署补充协议的公告,,0,https://www.cninfo.com.cn/new/disclosure/detail?annoId=1225483191,2026-08-25 10:07:22
301234,20260821,20260822,关于发行股份及支付现金购买资产并募集配套资金暨关联交易事项的进展公告,,0,https://www.cninfo.com.cn/new/disclosure/detail?annoId=1225488165,2026-08-25 10:07:22
301234,20260821,20260824,第三届董事会第十四次会议决议公告,,0,https://www.cninfo.com.cn/new/disclosure/detail?annoId=1225488258,2026-08-25 10:07:22
301234,20260821,20260824,2026年半年度非经营性资金占用及其他关联资金往来情况汇总表,,0,https://www.cninfo.com.cn/new/disclosure/detail?annoId=1225488257,2026-08-25 10:07:22
301234,20260821,20260824,2026年半年度报告,,0,https://www.cninfo.com.cn/new/disclosure/detail?annoId=1225488256,2026-08-25 10:07:22
301234,20260821,20260824,2026年半年度报告摘要,,0,https://www.cninfo.com.cn/new/disclosure/detail?annoId=1225488255,2026-08-25 10:07:22
301234,20260824,20260722,关于股东协议转让部分股份暨权益变动的提示性公告,,0,https://www.cninfo.com.cn/new/disclosure/detail?annoId=1225436084,2026-08-25 10:15:22
301234,20260824,20260722,简式权益变动报告书（嘉兴汇芯）,,0,https://www.cninfo.com.cn/new/disclosure/detail?annoId=1225436083,2026-08-25 10:15:22
301234,20260824,20260722,简式权益变动报告书（项炳义）,,0,https://www.cninfo.com.cn/new/disclosure/detail?annoId=1225436082,2026-08-25 10:15:22
301234,20260824,20260722,关于暂不召开股东会的公告,,0,https://www.cninfo.com.cn/new/disclosure/detail?annoId=1225436031,2026-08-25 10:15:22
301234,20260824,20260722,第三届董事会第十三次会议决议公告,,0,https://www.cninfo.com.cn/new/disclosure/detail?annoId=1225436030,2026-08-25 10:15:22
301234,20260824,20260722,关于披露重大资产重组预案的一般风险提示暨公司股票复牌的公告,,5,https://www.cninfo.com.cn/new/disclosure/detail?annoId=1225436029,2026-08-25 10:15:22
301234,20260824,20260722,独立董事2026年第二次专门会议审议意见,,0,https://www.cninfo.com.cn/new/disclosure/detail?annoId=1225436028,2026-08-25 10:15:22
301234,20260824,20260722,公司董事会关于本次交易前12个月内购买、出售资产情况的说明,,0,https://www.cninfo.com.cn/new/disclosure/detail?annoId=1225436027,2026-08-25 10:15:22
301234,20260824,20260722,公司董事会关于本次交易信息发布前公司股票价格波动情况的说明,,0,https://www.cninfo.com.cn/new/disclosure/detail?annoId=1225436026,2026-08-25 10:15:22
301234,20260824,20260722,公司董事会关于本次交易相关主体不存在《上市公司监管指引第7号——上市公司重大资产重组相关股票异常交易监管》第十二条及《深圳证券交易所上市公司自律监管指引第8号——重大资产重组》第三十条规定的不得参与任何上市公司重大资产重组情形的说明,,0,https://www.cninfo.com.cn/new/disclosure/detail?annoId=1225436025,2026-08-25 10:15:22
301234,20260824,20260723,股票交易异常波动公告,,2,https://www.cninfo.com.cn/new/disclosure/detail?annoId=1225439091,2026-08-25 10:15:22
301234,20260824,20260727,股票交易异常波动及严重异常波动的公告,,3,https://www.cninfo.com.cn/new/disclosure/detail?annoId=1225443600,2026-08-25 10:15:22
301234,20260824,20260810,股票交易异常波动公告,,2,https://www.cninfo.com.cn/new/disclosure/detail?annoId=1225466605,2026-08-25 10:15:22
301234,20260824,20260817,关于股东部分股份解除质押的公告,,0,https://www.cninfo.com.cn/new/disclosure/detail?annoId=1225476304,2026-08-25 10:15:22
301234,20260824,20260819,关于股东协议转让部分股份进展暨签署补充协议的公告,,0,https://www.cninfo.com.cn/new/disclosure/detail?annoId=1225483191,2026-08-25 10:15:22
301234,20260824,20260822,关于发行股份及支付现金购买资产并募集配套资金暨关联交易事项的进展公告,,0,https://www.cninfo.com.cn/new/disclosure/detail?annoId=1225488165,2026-08-25 10:15:22
301234,20260824,20260824,第三届董事会第十四次会议决议公告,,0,https://www.cninfo.com.cn/new/disclosure/detail?annoId=1225488258,2026-08-25 10:15:22
301234,20260824,20260824,2026年半年度非经营性资金占用及其他关联资金往来情况汇总表,,0,https://www.cninfo.com.cn/new/disclosure/detail?annoId=1225488257,2026-08-25 10:15:22
301234,20260824,20260824,2026年半年度报告,,0,https://www.cninfo.com.cn/new/disclosure/detail?annoId=1225488256,2026-08-25 10:15:22
301234,20260824,20260824,2026年半年度报告摘要,,0,https://www.cninfo.com.cn/new/disclosure/detail?annoId=1225488255,2026-08-25 10:15:22
301234,20260825,20260722,关于股东协议转让部分股份暨权益变动的提示性公告,,0,https://www.cninfo.com.cn/new/disclosure/detail?annoId=1225436084,2026-08-25 19:57:44
301234,20260825,20260722,简式权益变动报告书（嘉兴汇芯）,,0,https://www.cninfo.com.cn/new/disclosure/detail?annoId=1225436083,2026-08-25 19:57:44
301234,20260825,20260722,简式权益变动报告书（项炳义）,,0,https://www.cninfo.com.cn/new/disclosure/detail?annoId=1225436082,2026-08-25 19:57:44
301234,20260825,20260722,关于暂不召开股东会的公告,,0,https://www.cninfo.com.cn/new/disclosure/detail?annoId=1225436031,2026-08-25 19:57:44
301234,20260825,20260722,第三届董事会第十三次会议决议公告,,0,https://www.cninfo.com.cn/new/disclosure/detail?annoId=1225436030,2026-08-25 19:57:44
301234,20260825,20260722,关于披露重大资产重组预案的一般风险提示暨公司股票复牌的公告,,5,https://www.cninfo.com.cn/new/disclosure/detail?annoId=1225436029,2026-08-25 19:57:44
301234,20260825,20260722,独立董事2026年第二次专门会议审议意见,,0,https://www.cninfo.com.cn/new/disclosure/detail?annoId=1225436028,2026-08-25 19:57:44
301234,20260825,20260722,公司董事会关于本次交易前12个月内购买、出售资产情况的说明,,0,https://www.cninfo.com.cn/new/disclosure/detail?annoId=1225436027,2026-08-25 19:57:44
301234,20260825,20260722,公司董事会关于本次交易信息发布前公司股票价格波动情况的说明,,0,https://www.cninfo.com.cn/new/disclosure/detail?annoId=1225436026,2026-08-25 19:57:44
301234,20260825,20260722,公司董事会关于本次交易相关主体不存在《上市公司监管指引第7号——上市公司重大资产重组相关股票异常交易监管》第十二条及《深圳证券交易所上市公司自律监管指引第8号——重大资产重组》第三十条规定的不得参与任何上市公司重大资产重组情形的说明,,0,https://www.cninfo.com.cn/new/disclosure/detail?annoId=1225436025,2026-08-25 19:57:44
301234,20260825,20260723,股票交易异常波动公告,,2,https://www.cninfo.com.cn/new/disclosure/detail?annoId=1225439091,2026-08-25 19:57:44
301234,20260825,20260727,股票交易异常波动及严重异常波动的公告,,3,https://www.cninfo.com.cn/new/disclosure/detail?annoId=1225443600,2026-08-25 19:57:44
301234,20260825,20260810,股票交易异常波动公告,,2,https://www.cninfo.com.cn/new/disclosure/detail?annoId=1225466605,2026-08-25 19:57:44
301234,20260825,20260817,关于股东部分股份解除质押的公告,,0,https://www.cninfo.com.cn/new/disclosure/detail?annoId=1225476304,2026-08-25 19:57:44
301234,20260825,20260819,关于股东协议转让部分股份进展暨签署补充协议的公告,,0,https://www.cninfo.com.cn/new/disclosure/detail?annoId=1225483191,2026-08-25 19:57:44
301234,20260825,20260822,关于发行股份及支付现金购买资产并募集配套资金暨关联交易事项的进展公告,,0,https://www.cninfo.com.cn/new/disclosure/detail?annoId=1225488165,2026-08-25 19:57:44
301234,20260825,20260824,第三届董事会第十四次会议决议公告,,0,https://www.cninfo.com.cn/new/disclosure/detail?annoId=1225488258,2026-08-25 19:57:44
301234,20260825,20260824,2026年半年度非经营性资金占用及其他关联资金往来情况汇总表,,0,https://www.cninfo.com.cn/new/disclosure/detail?annoId=1225488257,2026-08-25 19:57:44
301234,20260825,20260824,2026年半年度报告,,0,https://www.cninfo.com.cn/new/disclosure/detail?annoId=1225488256,2026-08-25 19:57:44
301234,20260825,20260824,2026年半年度报告摘要,,0,https://www.cninfo.com.cn/new/disclosure/detail?annoId=1225488255,2026-08-25 19:57:44
301234,20260826,20260722,关于股东协议转让部分股份暨权益变动的提示性公告,,0,https://www.cninfo.com.cn/new/disclosure/detail?annoId=1225436084,2026-08-27 00:11:28
301234,20260826,20260722,简式权益变动报告书（嘉兴汇芯）,,0,https://www.cninfo.com.cn/new/disclosure/detail?annoId=1225436083,2026-08-27 00:11:28
301234,20260826,20260722,简式权益变动报告书（项炳义）,,0,https://www.cninfo.com.cn/new/disclosure/detail?annoId=1225436082,2026-08-27 00:11:28
301234,20260826,20260722,关于暂不召开股东会的公告,,0,https://www.cninfo.com.cn/new/disclosure/detail?annoId=1225436031,2026-08-27 00:11:28
301234,20260826,20260722,第三届董事会第十三次会议决议公告,,0,https://www.cninfo.com.cn/new/disclosure/detail?annoId=1225436030,2026-08-27 00:11:28
301234,20260826,20260722,关于披露重大资产重组预案的一般风险提示暨公司股票复牌的公告,,5,https://www.cninfo.com.cn/new/disclosure/detail?annoId=1225436029,2026-08-27 00:11:28
301234,20260826,20260722,独立董事2026年第二次专门会议审议意见,,0,https://www.cninfo.com.cn/new/disclosure/detail?annoId=1225436028,2026-08-27 00:11:28
301234,20260826,20260722,公司董事会关于本次交易前12个月内购买、出售资产情况的说明,,0,https://www.cninfo.com.cn/new/disclosure/detail?annoId=1225436027,2026-08-27 00:11:28
301234,20260826,20260722,公司董事会关于本次交易信息发布前公司股票价格波动情况的说明,,0,https://www.cninfo.com.cn/new/disclosure/detail?annoId=1225436026,2026-08-27 00:11:28
301234,20260826,20260722,公司董事会关于本次交易相关主体不存在《上市公司监管指引第7号——上市公司重大资产重组相关股票异常交易监管》第十二条及《深圳证券交易所上市公司自律监管指引第8号——重大资产重组》第三十条规定的不得参与任何上市公司重大资产重组情形的说明,,0,https://www.cninfo.com.cn/new/disclosure/detail?annoId=1225436025,2026-08-27 00:11:28
301234,20260826,20260723,股票交易异常波动公告,,2,https://www.cninfo.com.cn/new/disclosure/detail?annoId=1225439091,2026-08-27 00:11:28
301234,20260826,20260727,股票交易异常波动及严重异常波动的公告,,3,https://www.cninfo.com.cn/new/disclosure/detail?annoId=1225443600,2026-08-27 00:11:28
301234,20260826,20260810,股票交易异常波动公告,,2,https://www.cninfo.com.cn/new/disclosure/detail?annoId=1225466605,2026-08-27 00:11:28
301234,20260826,20260817,关于股东部分股份解除质押的公告,,0,https://www.cninfo.com.cn/new/disclosure/detail?annoId=1225476304,2026-08-27 00:11:28
301234,20260826,20260819,关于股东协议转让部分股份进展暨签署补充协议的公告,,0,https://www.cninfo.com.cn/new/disclosure/detail?annoId=1225483191,2026-08-27 00:11:28
301234,20260826,20260822,关于发行股份及支付现金购买资产并募集配套资金暨关联交易事项的进展公告,,0,https://www.cninfo.com.cn/new/disclosure/detail?annoId=1225488165,2026-08-27 00:11:28
301234,20260826,20260824,第三届董事会第十四次会议决议公告,,0,https://www.cninfo.com.cn/new/disclosure/detail?annoId=1225488258,2026-08-27 00:11:28
301234,20260826,20260824,2026年半年度非经营性资金占用及其他关联资金往来情况汇总表,,0,https://www.cninfo.com.cn/new/disclosure/detail?annoId=1225488257,2026-08-27 00:11:28
301234,20260826,20260824,2026年半年度报告,,0,https://www.cninfo.com.cn/new/disclosure/detail?annoId=1225488256,2026-08-27 00:11:28
301234,20260826,20260824,2026年半年度报告摘要,,0,https://www.cninfo.com.cn/new/disclosure/detail?annoId=1225488255,2026-08-27 00:11:28
301234,20260827,20260722,关于股东协议转让部分股份暨权益变动的提示性公告,,0,https://www.cninfo.com.cn/new/disclosure/detail?annoId=1225436084,2026-08-27 21:27:32
301234,20260827,20260722,简式权益变动报告书（嘉兴汇芯）,,0,https://www.cninfo.com.cn/new/disclosure/detail?annoId=1225436083,2026-08-27 21:27:32
301234,20260827,20260722,简式权益变动报告书（项炳义）,,0,https://www.cninfo.com.cn/new/disclosure/detail?annoId=1225436082,2026-08-27 21:27:32
301234,20260827,20260722,关于暂不召开股东会的公告,,0,https://www.cninfo.com.cn/new/disclosure/detail?annoId=1225436031,2026-08-27 21:27:32
301234,20260827,20260722,第三届董事会第十三次会议决议公告,,0,https://www.cninfo.com.cn/new/disclosure/detail?annoId=1225436030,2026-08-27 21:27:32
301234,20260827,20260722,关于披露重大资产重组预案的一般风险提示暨公司股票复牌的公告,,5,https://www.cninfo.com.cn/new/disclosure/detail?annoId=1225436029,2026-08-27 21:27:32
301234,20260827,20260722,独立董事2026年第二次专门会议审议意见,,0,https://www.cninfo.com.cn/new/disclosure/detail?annoId=1225436028,2026-08-27 21:27:32
301234,20260827,20260722,公司董事会关于本次交易前12个月内购买、出售资产情况的说明,,0,https://www.cninfo.com.cn/new/disclosure/detail?annoId=1225436027,2026-08-27 21:27:32
301234,20260827,20260722,公司董事会关于本次交易信息发布前公司股票价格波动情况的说明,,0,https://www.cninfo.com.cn/new/disclosure/detail?annoId=1225436026,2026-08-27 21:27:32
301234,20260827,20260722,公司董事会关于本次交易相关主体不存在《上市公司监管指引第7号——上市公司重大资产重组相关股票异常交易监管》第十二条及《深圳证券交易所上市公司自律监管指引第8号——重大资产重组》第三十条规定的不得参与任何上市公司重大资产重组情形的说明,,0,https://www.cninfo.com.cn/new/disclosure/detail?annoId=1225436025,2026-08-27 21:27:32
301234,20260827,20260723,股票交易异常波动公告,,2,https://www.cninfo.com.cn/new/disclosure/detail?annoId=1225439091,2026-08-27 21:27:32
301234,20260827,20260727,股票交易异常波动及严重异常波动的公告,,3,https://www.cninfo.com.cn/new/disclosure/detail?annoId=1225443600,2026-08-27 21:27:32
301234,20260827,20260810,股票交易异常波动公告,,2,https://www.cninfo.com.cn/new/disclosure/detail?annoId=1225466605,2026-08-27 21:27:32
301234,20260827,20260817,关于股东部分股份解除质押的公告,,0,https://www.cninfo.com.cn/new/disclosure/detail?annoId=1225476304,2026-08-27 21:27:32
301234,20260827,20260819,关于股东协议转让部分股份进展暨签署补充协议的公告,,0,https://www.cninfo.com.cn/new/disclosure/detail?annoId=1225483191,2026-08-27 21:27:32
301234,20260827,20260822,关于发行股份及支付现金购买资产并募集配套资金暨关联交易事项的进展公告,,0,https://www.cninfo.com.cn/new/disclosure/detail?annoId=1225488165,2026-08-27 21:27:32
301234,20260827,20260824,第三届董事会第十四次会议决议公告,,0,https://www.cninfo.com.cn/new/disclosure/detail?annoId=1225488258,2026-08-27 21:27:32
301234,20260827,20260824,2026年半年度非经营性资金占用及其他关联资金往来情况汇总表,,0,https://www.cninfo.com.cn/new/disclosure/detail?annoId=1225488257,2026-08-27 21:27:32
301234,20260827,20260824,2026年半年度报告,,0,https://www.cninfo.com.cn/new/disclosure/detail?annoId=1225488256,2026-08-27 21:27:32
301234,20260827,20260824,2026年半年度报告摘要,,0,https://www.cninfo.com.cn/new/disclosure/detail?annoId=1225488255,2026-08-27 21:27:32
301234,20260831,20260722,关于股东协议转让部分股份暨权益变动的提示性公告,,0,https://www.cninfo.com.cn/new/disclosure/detail?annoId=1225436084,2026-08-31 21:10:28
301234,20260831,20260722,简式权益变动报告书（嘉兴汇芯）,,0,https://www.cninfo.com.cn/new/disclosure/detail?annoId=1225436083,2026-08-31 21:10:28
301234,20260831,20260722,简式权益变动报告书（项炳义）,,0,https://www.cninfo.com.cn/new/disclosure/detail?annoId=1225436082,2026-08-31 21:10:28
301234,20260831,20260722,关于暂不召开股东会的公告,,0,https://www.cninfo.com.cn/new/disclosure/detail?annoId=1225436031,2026-08-31 21:10:28
301234,20260831,20260722,第三届董事会第十三次会议决议公告,,0,https://www.cninfo.com.cn/new/disclosure/detail?annoId=1225436030,2026-08-31 21:10:28
301234,20260831,20260722,关于披露重大资产重组预案的一般风险提示暨公司股票复牌的公告,,5,https://www.cninfo.com.cn/new/disclosure/detail?annoId=1225436029,2026-08-31 21:10:28
301234,20260831,20260722,独立董事2026年第二次专门会议审议意见,,0,https://www.cninfo.com.cn/new/disclosure/detail?annoId=1225436028,2026-08-31 21:10:28
301234,20260831,20260722,公司董事会关于本次交易前12个月内购买、出售资产情况的说明,,0,https://www.cninfo.com.cn/new/disclosure/detail?annoId=1225436027,2026-08-31 21:10:28
301234,20260831,20260722,公司董事会关于本次交易信息发布前公司股票价格波动情况的说明,,0,https://www.cninfo.com.cn/new/disclosure/detail?annoId=1225436026,2026-08-31 21:10:28
301234,20260831,20260722,公司董事会关于本次交易相关主体不存在《上市公司监管指引第7号——上市公司重大资产重组相关股票异常交易监管》第十二条及《深圳证券交易所上市公司自律监管指引第8号——重大资产重组》第三十条规定的不得参与任何上市公司重大资产重组情形的说明,,0,https://www.cninfo.com.cn/new/disclosure/detail?annoId=1225436025,2026-08-31 21:10:28
301234,20260831,20260723,股票交易异常波动公告,,2,https://www.cninfo.com.cn/new/disclosure/detail?annoId=1225439091,2026-08-31 21:10:28
301234,20260831,20260727,股票交易异常波动及严重异常波动的公告,,3,https://www.cninfo.com.cn/new/disclosure/detail?annoId=1225443600,2026-08-31 21:10:28
301234,20260831,20260810,股票交易异常波动公告,,2,https://www.cninfo.com.cn/new/disclosure/detail?annoId=1225466605,2026-08-31 21:10:28
301234,20260831,20260817,关于股东部分股份解除质押的公告,,0,https://www.cninfo.com.cn/new/disclosure/detail?annoId=1225476304,2026-08-31 21:10:28
301234,20260831,20260819,关于股东协议转让部分股份进展暨签署补充协议的公告,,0,https://www.cninfo.com.cn/new/disclosure/detail?annoId=1225483191,2026-08-31 21:10:28
301234,20260831,20260822,关于发行股份及支付现金购买资产并募集配套资金暨关联交易事项的进展公告,,0,https://www.cninfo.com.cn/new/disclosure/detail?annoId=1225488165,2026-08-31 21:10:28
301234,20260831,20260824,第三届董事会第十四次会议决议公告,,0,https://www.cninfo.com.cn/new/disclosure/detail?annoId=1225488258,2026-08-31 21:10:28
301234,20260831,20260824,2026年半年度非经营性资金占用及其他关联资金往来情况汇总表,,0,https://www.cninfo.com.cn/new/disclosure/detail?annoId=1225488257,2026-08-31 21:10:28
301234,20260831,20260824,2026年半年度报告,,0,https://www.cninfo.com.cn/new/disclosure/detail?annoId=1225488256,2026-08-31 21:10:28
301234,20260831,20260824,2026年半年度报告摘要,,0,https://www.cninfo.com.cn/new/disclosure/detail?annoId=1225488255,2026-08-31 21:10:28
301520,20260807,20260508,关于安徽万邦医药科技股份有限公司2025年度持续督导跟踪报告,,0,https://www.cninfo.com.cn/new/disclosure/detail?annoId=1225281518,2026-08-27 15:20:47
301520,20260807,20260508,关于安徽万邦医药科技股份有限公司2025年度持续督导现场检查报告,,0,https://www.cninfo.com.cn/new/disclosure/detail?annoId=1225281517,2026-08-27 15:20:47
301520,20260807,20260508,关于安徽万邦医药科技股份有限公司2025年度持续督导培训情况报告,,0,https://www.cninfo.com.cn/new/disclosure/detail?annoId=1225281516,2026-08-27 15:20:47
301520,20260807,20260508,关于举办2025年度业绩说明会的公告,,0,https://www.cninfo.com.cn/new/disclosure/detail?annoId=1225281515,2026-08-27 15:20:47
301520,20260807,20260513,301520万邦医药投资者关系管理信息20260513,,0,https://www.cninfo.com.cn/new/disclosure/detail?annoId=1225303663,2026-08-27 15:20:47
301520,20260807,20260516,安徽承义律师事务所关于安徽万邦医药科技股份有限公司2025年年度股东会的法律意见书,,0,https://www.cninfo.com.cn/new/disclosure/detail?annoId=1225309278,2026-08-27 15:20:47
301520,20260807,20260516,2025年度股东会决议公告,,0,https://www.cninfo.com.cn/new/disclosure/detail?annoId=1225309277,2026-08-27 15:20:47
301520,20260807,20260530,关于公司高级管理人员离任的公告,,0,https://www.cninfo.com.cn/new/disclosure/detail?annoId=1225338363,2026-08-27 15:20:47
301520,20260807,20260606,2025年年度权益分派实施公告,,0,https://www.cninfo.com.cn/new/disclosure/detail?annoId=1225354555,2026-08-27 15:20:47
301520,20260807,20260626,关于公司控制的合伙企业认购私募基金份额的进展公告,,0,https://www.cninfo.com.cn/new/disclosure/detail?annoId=1225388539,2026-08-27 15:20:47
301520,20260807,20260627,第三届董事会第六次会议决议公告,,0,https://www.cninfo.com.cn/new/disclosure/detail?annoId=1225391924,2026-08-27 15:20:47
301520,20260807,20260627,关于收购安徽赛德盛医药科技有限公司75.52%股权的公告,,0,https://www.cninfo.com.cn/new/disclosure/detail?annoId=1225391923,2026-08-27 15:20:47
301520,20260807,20260629,301520万邦医药投资者关系管理信息20260629,,0,https://www.cninfo.com.cn/new/disclosure/detail?annoId=1225397535,2026-08-27 15:20:47
301520,20260807,20260630,股票交易异常波动公告,,2,https://www.cninfo.com.cn/new/disclosure/detail?annoId=1225399776,2026-08-27 15:20:47
301520,20260807,20260630,关于收购安徽赛德盛医药科技有限公司75.52%股权进展暨完成工商变更登记的公告,,0,https://www.cninfo.com.cn/new/disclosure/detail?annoId=1225398273,2026-08-27 15:20:47
301520,20260807,20260714,股票交易异常波动及严重异常波动的公告,,3,https://www.cninfo.com.cn/new/disclosure/detail?annoId=1225421730,2026-08-27 15:20:47
301520,20260807,20260717,股票交易异常波动及风险提示公告,,2,https://www.cninfo.com.cn/new/disclosure/detail?annoId=1225428942,2026-08-27 15:20:47
301520,20260807,20260722,股票交易异常波动公告,,2,https://www.cninfo.com.cn/new/disclosure/detail?annoId=1225435124,2026-08-27 15:20:47
301520,20260807,20260812,股票交易异常波动公告,,2,https://www.cninfo.com.cn/new/disclosure/detail?annoId=1225468279,2026-08-27 15:20:47
301520,20260807,20260814,股票交易严重异常波动的公告,,3,https://www.cninfo.com.cn/new/disclosure/detail?annoId=1225472399,2026-08-27 15:20:47
600127,20260821,20260624,金健米业第十届董事会第七次会议决议公告,,0,https://www.cninfo.com.cn/new/disclosure/detail?annoId=1225383935,2026-08-25 10:07:22
600127,20260821,20260624,金健米业2025年年度股东会决议公告,,0,https://www.cninfo.com.cn/new/disclosure/detail?annoId=1225383920,2026-08-25 10:07:22
600127,20260821,20260708,金健米业第十届董事会第八次会议决议公告,,0,https://www.cninfo.com.cn/new/disclosure/detail?annoId=1225413574,2026-08-25 10:07:22
600127,20260821,20260708,金健米业关于全资子公司湖南新中意食品有限公司投资建设年产3万吨果冻生产车间项目的公告,,0,https://www.cninfo.com.cn/new/disclosure/detail?annoId=1225413571,2026-08-25 10:07:22
600127,20260821,20260711,金健米业关于选举职工董事的公告,,0,https://www.cninfo.com.cn/new/disclosure/detail?annoId=1225418575,2026-08-25 10:07:22
600127,20260821,20260714,金健米业关于子公司执行湖南省储备粮早籼稻轮换业务涉及关联交易的公告,,0,https://www.cninfo.com.cn/new/disclosure/detail?annoId=1225421429,2026-08-25 10:07:22
600127,20260821,20260714,金健米业第十届董事会第九次会议修订的内控制度全文,,0,https://www.cninfo.com.cn/new/disclosure/detail?annoId=1225421427,2026-08-25 10:07:22
600127,20260821,20260714,金健米业关于修订《公司章程》部分条款的公告,,0,https://www.cninfo.com.cn/new/disclosure/detail?annoId=1225421423,2026-08-25 10:07:22
600127,20260821,20260714,金健米业关于召开2026年第三次临时股东会的通知,,0,https://www.cninfo.com.cn/new/disclosure/detail?annoId=1225421422,2026-08-25 10:07:22
600127,20260821,20260714,《金健米业股份有限公司累积投票制实施细则》（2026年修订）,,0,https://www.cninfo.com.cn/new/disclosure/detail?annoId=1225421408,2026-08-25 10:07:22
600127,20260821,20260714,《金健米业股份有限公司股东会议事规则》（2026年修订）,,0,https://www.cninfo.com.cn/new/disclosure/detail?annoId=1225421407,2026-08-25 10:07:22
600127,20260821,20260714,《金健米业股份有限公司章程》（2026年修订）,,0,https://www.cninfo.com.cn/new/disclosure/detail?annoId=1225421406,2026-08-25 10:07:22
600127,20260821,20260714,金健米业第十届董事会第九次会议决议公告,,0,https://www.cninfo.com.cn/new/disclosure/detail?annoId=1225421405,2026-08-25 10:07:22
600127,20260821,20260714,《金健米业股份有限公司董事会议事规则》（2026年修订）,,0,https://www.cninfo.com.cn/new/disclosure/detail?annoId=1225421403,2026-08-25 10:07:22
600127,20260821,20260715,金健米业2026年半年度业绩预亏公告,,0,https://www.cninfo.com.cn/new/disclosure/detail?annoId=1225424290,2026-08-25 10:07:22
600127,20260821,20260721,金健米业2026年第三次临时股东会会议资料,,0,https://www.cninfo.com.cn/new/disclosure/detail?annoId=1225432083,2026-08-25 10:07:22
600127,20260821,20260730,湖南启元律师事务所出具的《关于金健米业股份有限公司2026年第三次临时股东会的法律意见书》,,0,https://www.cninfo.com.cn/new/disclosure/detail?annoId=1225446397,2026-08-25 10:07:22
600127,20260821,20260730,金健米业2026年第三次临时股东会决议公告,,0,https://www.cninfo.com.cn/new/disclosure/detail?annoId=1225446380,2026-08-25 10:07:22
600127,20260821,20260820,金健米业关于股票交易异常波动的公告,,2,https://www.cninfo.com.cn/new/disclosure/detail?annoId=1225482275,2026-08-25 10:07:22
600127,20260821,20260821,金健米业关于股票交易风险提示公告,,1,https://www.cninfo.com.cn/new/disclosure/detail?annoId=1225486470,2026-08-25 10:07:22
600127,20260824,20260624,金健米业第十届董事会第七次会议决议公告,,0,https://www.cninfo.com.cn/new/disclosure/detail?annoId=1225383935,2026-08-25 10:15:22
600127,20260824,20260624,金健米业2025年年度股东会决议公告,,0,https://www.cninfo.com.cn/new/disclosure/detail?annoId=1225383920,2026-08-25 10:15:22
600127,20260824,20260708,金健米业第十届董事会第八次会议决议公告,,0,https://www.cninfo.com.cn/new/disclosure/detail?annoId=1225413574,2026-08-25 10:15:22
600127,20260824,20260708,金健米业关于全资子公司湖南新中意食品有限公司投资建设年产3万吨果冻生产车间项目的公告,,0,https://www.cninfo.com.cn/new/disclosure/detail?annoId=1225413571,2026-08-25 10:15:22
600127,20260824,20260711,金健米业关于选举职工董事的公告,,0,https://www.cninfo.com.cn/new/disclosure/detail?annoId=1225418575,2026-08-25 10:15:22
600127,20260824,20260714,金健米业关于子公司执行湖南省储备粮早籼稻轮换业务涉及关联交易的公告,,0,https://www.cninfo.com.cn/new/disclosure/detail?annoId=1225421429,2026-08-25 10:15:22
600127,20260824,20260714,金健米业第十届董事会第九次会议修订的内控制度全文,,0,https://www.cninfo.com.cn/new/disclosure/detail?annoId=1225421427,2026-08-25 10:15:22
600127,20260824,20260714,金健米业关于修订《公司章程》部分条款的公告,,0,https://www.cninfo.com.cn/new/disclosure/detail?annoId=1225421423,2026-08-25 10:15:22
600127,20260824,20260714,金健米业关于召开2026年第三次临时股东会的通知,,0,https://www.cninfo.com.cn/new/disclosure/detail?annoId=1225421422,2026-08-25 10:15:22
600127,20260824,20260714,《金健米业股份有限公司累积投票制实施细则》（2026年修订）,,0,https://www.cninfo.com.cn/new/disclosure/detail?annoId=1225421408,2026-08-25 10:15:22
600127,20260824,20260714,《金健米业股份有限公司股东会议事规则》（2026年修订）,,0,https://www.cninfo.com.cn/new/disclosure/detail?annoId=1225421407,2026-08-25 10:15:22
600127,20260824,20260714,《金健米业股份有限公司章程》（2026年修订）,,0,https://www.cninfo.com.cn/new/disclosure/detail?annoId=1225421406,2026-08-25 10:15:22
600127,20260824,20260714,金健米业第十届董事会第九次会议决议公告,,0,https://www.cninfo.com.cn/new/disclosure/detail?annoId=1225421405,2026-08-25 10:15:22
600127,20260824,20260714,《金健米业股份有限公司董事会议事规则》（2026年修订）,,0,https://www.cninfo.com.cn/new/disclosure/detail?annoId=1225421403,2026-08-25 10:15:22
600127,20260824,20260715,金健米业2026年半年度业绩预亏公告,,0,https://www.cninfo.com.cn/new/disclosure/detail?annoId=1225424290,2026-08-25 10:15:22
600127,20260824,20260721,金健米业2026年第三次临时股东会会议资料,,0,https://www.cninfo.com.cn/new/disclosure/detail?annoId=1225432083,2026-08-25 10:15:22
600127,20260824,20260730,湖南启元律师事务所出具的《关于金健米业股份有限公司2026年第三次临时股东会的法律意见书》,,0,https://www.cninfo.com.cn/new/disclosure/detail?annoId=1225446397,2026-08-25 10:15:22
600127,20260824,20260730,金健米业2026年第三次临时股东会决议公告,,0,https://www.cninfo.com.cn/new/disclosure/detail?annoId=1225446380,2026-08-25 10:15:22
600127,20260824,20260820,金健米业关于股票交易异常波动的公告,,2,https://www.cninfo.com.cn/new/disclosure/detail?annoId=1225482275,2026-08-25 10:15:22
600127,20260824,20260821,金健米业关于股票交易风险提示公告,,1,https://www.cninfo.com.cn/new/disclosure/detail?annoId=1225486470,2026-08-25 10:15:22
600127,20260825,20260624,金健米业第十届董事会第七次会议决议公告,,0,https://www.cninfo.com.cn/new/disclosure/detail?annoId=1225383935,2026-08-25 19:57:44
600127,20260825,20260624,金健米业2025年年度股东会决议公告,,0,https://www.cninfo.com.cn/new/disclosure/detail?annoId=1225383920,2026-08-25 19:57:44
600127,20260825,20260708,金健米业第十届董事会第八次会议决议公告,,0,https://www.cninfo.com.cn/new/disclosure/detail?annoId=1225413574,2026-08-25 19:57:44
600127,20260825,20260708,金健米业关于全资子公司湖南新中意食品有限公司投资建设年产3万吨果冻生产车间项目的公告,,0,https://www.cninfo.com.cn/new/disclosure/detail?annoId=1225413571,2026-08-25 19:57:44
600127,20260825,20260711,金健米业关于选举职工董事的公告,,0,https://www.cninfo.com.cn/new/disclosure/detail?annoId=1225418575,2026-08-25 19:57:44
600127,20260825,20260714,金健米业关于子公司执行湖南省储备粮早籼稻轮换业务涉及关联交易的公告,,0,https://www.cninfo.com.cn/new/disclosure/detail?annoId=1225421429,2026-08-25 19:57:44
600127,20260825,20260714,金健米业第十届董事会第九次会议修订的内控制度全文,,0,https://www.cninfo.com.cn/new/disclosure/detail?annoId=1225421427,2026-08-25 19:57:44
600127,20260825,20260714,金健米业关于修订《公司章程》部分条款的公告,,0,https://www.cninfo.com.cn/new/disclosure/detail?annoId=1225421423,2026-08-25 19:57:44
600127,20260825,20260714,金健米业关于召开2026年第三次临时股东会的通知,,0,https://www.cninfo.com.cn/new/disclosure/detail?annoId=1225421422,2026-08-25 19:57:44
600127,20260825,20260714,《金健米业股份有限公司累积投票制实施细则》（2026年修订）,,0,https://www.cninfo.com.cn/new/disclosure/detail?annoId=1225421408,2026-08-25 19:57:44
600127,20260825,20260714,《金健米业股份有限公司股东会议事规则》（2026年修订）,,0,https://www.cninfo.com.cn/new/disclosure/detail?annoId=1225421407,2026-08-25 19:57:44
600127,20260825,20260714,《金健米业股份有限公司章程》（2026年修订）,,0,https://www.cninfo.com.cn/new/disclosure/detail?annoId=1225421406,2026-08-25 19:57:44
600127,20260825,20260714,金健米业第十届董事会第九次会议决议公告,,0,https://www.cninfo.com.cn/new/disclosure/detail?annoId=1225421405,2026-08-25 19:57:44
600127,20260825,20260714,《金健米业股份有限公司董事会议事规则》（2026年修订）,,0,https://www.cninfo.com.cn/new/disclosure/detail?annoId=1225421403,2026-08-25 19:57:44
600127,20260825,20260715,金健米业2026年半年度业绩预亏公告,,0,https://www.cninfo.com.cn/new/disclosure/detail?annoId=1225424290,2026-08-25 19:57:44
600127,20260825,20260721,金健米业2026年第三次临时股东会会议资料,,0,https://www.cninfo.com.cn/new/disclosure/detail?annoId=1225432083,2026-08-25 19:57:44
600127,20260825,20260730,湖南启元律师事务所出具的《关于金健米业股份有限公司2026年第三次临时股东会的法律意见书》,,0,https://www.cninfo.com.cn/new/disclosure/detail?annoId=1225446397,2026-08-25 19:57:44
600127,20260825,20260730,金健米业2026年第三次临时股东会决议公告,,0,https://www.cninfo.com.cn/new/disclosure/detail?annoId=1225446380,2026-08-25 19:57:44
600127,20260825,20260820,金健米业关于股票交易异常波动的公告,,2,https://www.cninfo.com.cn/new/disclosure/detail?annoId=1225482275,2026-08-25 19:57:44
600127,20260825,20260821,金健米业关于股票交易风险提示公告,,1,https://www.cninfo.com.cn/new/disclosure/detail?annoId=1225486470,2026-08-25 19:57:44
600127,20260826,20260624,金健米业第十届董事会第七次会议决议公告,,0,https://www.cninfo.com.cn/new/disclosure/detail?annoId=1225383935,2026-08-27 00:11:28
600127,20260826,20260624,金健米业2025年年度股东会决议公告,,0,https://www.cninfo.com.cn/new/disclosure/detail?annoId=1225383920,2026-08-27 00:11:28
600127,20260826,20260708,金健米业第十届董事会第八次会议决议公告,,0,https://www.cninfo.com.cn/new/disclosure/detail?annoId=1225413574,2026-08-27 00:11:28
600127,20260826,20260708,金健米业关于全资子公司湖南新中意食品有限公司投资建设年产3万吨果冻生产车间项目的公告,,0,https://www.cninfo.com.cn/new/disclosure/detail?annoId=1225413571,2026-08-27 00:11:28
600127,20260826,20260711,金健米业关于选举职工董事的公告,,0,https://www.cninfo.com.cn/new/disclosure/detail?annoId=1225418575,2026-08-27 00:11:28
600127,20260826,20260714,金健米业关于子公司执行湖南省储备粮早籼稻轮换业务涉及关联交易的公告,,0,https://www.cninfo.com.cn/new/disclosure/detail?annoId=1225421429,2026-08-27 00:11:28
600127,20260826,20260714,金健米业第十届董事会第九次会议修订的内控制度全文,,0,https://www.cninfo.com.cn/new/disclosure/detail?annoId=1225421427,2026-08-27 00:11:28
600127,20260826,20260714,金健米业关于修订《公司章程》部分条款的公告,,0,https://www.cninfo.com.cn/new/disclosure/detail?annoId=1225421423,2026-08-27 00:11:28
600127,20260826,20260714,金健米业关于召开2026年第三次临时股东会的通知,,0,https://www.cninfo.com.cn/new/disclosure/detail?annoId=1225421422,2026-08-27 00:11:28
600127,20260826,20260714,《金健米业股份有限公司累积投票制实施细则》（2026年修订）,,0,https://www.cninfo.com.cn/new/disclosure/detail?annoId=1225421408,2026-08-27 00:11:28
600127,20260826,20260714,《金健米业股份有限公司股东会议事规则》（2026年修订）,,0,https://www.cninfo.com.cn/new/disclosure/detail?annoId=1225421407,2026-08-27 00:11:28
600127,20260826,20260714,《金健米业股份有限公司章程》（2026年修订）,,0,https://www.cninfo.com.cn/new/disclosure/detail?annoId=1225421406,2026-08-27 00:11:28
600127,20260826,20260714,金健米业第十届董事会第九次会议决议公告,,0,https://www.cninfo.com.cn/new/disclosure/detail?annoId=1225421405,2026-08-27 00:11:28
600127,20260826,20260714,《金健米业股份有限公司董事会议事规则》（2026年修订）,,0,https://www.cninfo.com.cn/new/disclosure/detail?annoId=1225421403,2026-08-27 00:11:28
600127,20260826,20260715,金健米业2026年半年度业绩预亏公告,,0,https://www.cninfo.com.cn/new/disclosure/detail?annoId=1225424290,2026-08-27 00:11:28
600127,20260826,20260721,金健米业2026年第三次临时股东会会议资料,,0,https://www.cninfo.com.cn/new/disclosure/detail?annoId=1225432083,2026-08-27 00:11:28
600127,20260826,20260730,湖南启元律师事务所出具的《关于金健米业股份有限公司2026年第三次临时股东会的法律意见书》,,0,https://www.cninfo.com.cn/new/disclosure/detail?annoId=1225446397,2026-08-27 00:11:28
600127,20260826,20260730,金健米业2026年第三次临时股东会决议公告,,0,https://www.cninfo.com.cn/new/disclosure/detail?annoId=1225446380,2026-08-27 00:11:28
600127,20260826,20260820,金健米业关于股票交易异常波动的公告,,2,https://www.cninfo.com.cn/new/disclosure/detail?annoId=1225482275,2026-08-27 00:11:28
600127,20260826,20260821,金健米业关于股票交易风险提示公告,,1,https://www.cninfo.com.cn/new/disclosure/detail?annoId=1225486470,2026-08-27 00:11:28
600127,20260827,20260624,金健米业第十届董事会第七次会议决议公告,,0,https://www.cninfo.com.cn/new/disclosure/detail?annoId=1225383935,2026-08-27 21:27:33
600127,20260827,20260708,金健米业第十届董事会第八次会议决议公告,,0,https://www.cninfo.com.cn/new/disclosure/detail?annoId=1225413574,2026-08-27 21:27:33
600127,20260827,20260708,金健米业关于全资子公司湖南新中意食品有限公司投资建设年产3万吨果冻生产车间项目的公告,,0,https://www.cninfo.com.cn/new/disclosure/detail?annoId=1225413571,2026-08-27 21:27:33
600127,20260827,20260711,金健米业关于选举职工董事的公告,,0,https://www.cninfo.com.cn/new/disclosure/detail?annoId=1225418575,2026-08-27 21:27:33
600127,20260827,20260714,金健米业关于子公司执行湖南省储备粮早籼稻轮换业务涉及关联交易的公告,,0,https://www.cninfo.com.cn/new/disclosure/detail?annoId=1225421429,2026-08-27 21:27:33
600127,20260827,20260714,金健米业第十届董事会第九次会议修订的内控制度全文,,0,https://www.cninfo.com.cn/new/disclosure/detail?annoId=1225421427,2026-08-27 21:27:33
600127,20260827,20260714,金健米业关于修订《公司章程》部分条款的公告,,0,https://www.cninfo.com.cn/new/disclosure/detail?annoId=1225421423,2026-08-27 21:27:33
600127,20260827,20260714,金健米业关于召开2026年第三次临时股东会的通知,,0,https://www.cninfo.com.cn/new/disclosure/detail?annoId=1225421422,2026-08-27 21:27:33
600127,20260827,20260714,《金健米业股份有限公司累积投票制实施细则》（2026年修订）,,0,https://www.cninfo.com.cn/new/disclosure/detail?annoId=1225421408,2026-08-27 21:27:33
600127,20260827,20260714,《金健米业股份有限公司股东会议事规则》（2026年修订）,,0,https://www.cninfo.com.cn/new/disclosure/detail?annoId=1225421407,2026-08-27 21:27:33
600127,20260827,20260714,《金健米业股份有限公司章程》（2026年修订）,,0,https://www.cninfo.com.cn/new/disclosure/detail?annoId=1225421406,2026-08-27 21:27:33
600127,20260827,20260714,金健米业第十届董事会第九次会议决议公告,,0,https://www.cninfo.com.cn/new/disclosure/detail?annoId=1225421405,2026-08-27 21:27:33
600127,20260827,20260714,《金健米业股份有限公司董事会议事规则》（2026年修订）,,0,https://www.cninfo.com.cn/new/disclosure/detail?annoId=1225421403,2026-08-27 21:27:33
600127,20260827,20260715,金健米业2026年半年度业绩预亏公告,,0,https://www.cninfo.com.cn/new/disclosure/detail?annoId=1225424290,2026-08-27 21:27:33
600127,20260827,20260721,金健米业2026年第三次临时股东会会议资料,,0,https://www.cninfo.com.cn/new/disclosure/detail?annoId=1225432083,2026-08-27 21:27:33
600127,20260827,20260730,湖南启元律师事务所出具的《关于金健米业股份有限公司2026年第三次临时股东会的法律意见书》,,0,https://www.cninfo.com.cn/new/disclosure/detail?annoId=1225446397,2026-08-27 21:27:33
600127,20260827,20260730,金健米业2026年第三次临时股东会决议公告,,0,https://www.cninfo.com.cn/new/disclosure/detail?annoId=1225446380,2026-08-27 21:27:33
600127,20260827,20260820,金健米业关于股票交易异常波动的公告,,2,https://www.cninfo.com.cn/new/disclosure/detail?annoId=1225482275,2026-08-27 21:27:33
600127,20260827,20260821,金健米业关于股票交易风险提示公告,,1,https://www.cninfo.com.cn/new/disclosure/detail?annoId=1225486470,2026-08-27 21:27:33
600127,20260827,20260828,金健米业关于股票交易异常波动的公告,,2,https://www.cninfo.com.cn/new/disclosure/detail?annoId=1225521699,2026-08-27 21:27:33
600127,20260831,20260714,金健米业关于子公司执行湖南省储备粮早籼稻轮换业务涉及关联交易的公告,,0,https://www.cninfo.com.cn/new/disclosure/detail?annoId=1225421429,2026-08-31 21:10:28
600127,20260831,20260714,金健米业第十届董事会第九次会议修订的内控制度全文,,0,https://www.cninfo.com.cn/new/disclosure/detail?annoId=1225421427,2026-08-31 21:10:28
600127,20260831,20260714,金健米业关于修订《公司章程》部分条款的公告,,0,https://www.cninfo.com.cn/new/disclosure/detail?annoId=1225421423,2026-08-31 21:10:28
600127,20260831,20260714,金健米业关于召开2026年第三次临时股东会的通知,,0,https://www.cninfo.com.cn/new/disclosure/detail?annoId=1225421422,2026-08-31 21:10:28
600127,20260831,20260714,《金健米业股份有限公司累积投票制实施细则》（2026年修订）,,0,https://www.cninfo.com.cn/new/disclosure/detail?annoId=1225421408,2026-08-31 21:10:28
600127,20260831,20260714,《金健米业股份有限公司股东会议事规则》（2026年修订）,,0,https://www.cninfo.com.cn/new/disclosure/detail?annoId=1225421407,2026-08-31 21:10:28
600127,20260831,20260714,《金健米业股份有限公司章程》（2026年修订）,,0,https://www.cninfo.com.cn/new/disclosure/detail?annoId=1225421406,2026-08-31 21:10:28
600127,20260831,20260715,金健米业2026年半年度业绩预亏公告,,0,https://www.cninfo.com.cn/new/disclosure/detail?annoId=1225424290,2026-08-31 21:10:28
600127,20260831,20260721,金健米业2026年第三次临时股东会会议资料,,0,https://www.cninfo.com.cn/new/disclosure/detail?annoId=1225432083,2026-08-31 21:10:28
600127,20260831,20260730,湖南启元律师事务所出具的《关于金健米业股份有限公司2026年第三次临时股东会的法律意见书》,,0,https://www.cninfo.com.cn/new/disclosure/detail?annoId=1225446397,2026-08-31 21:10:28
600127,20260831,20260730,金健米业2026年第三次临时股东会决议公告,,0,https://www.cninfo.com.cn/new/disclosure/detail?annoId=1225446380,2026-08-31 21:10:28
600127,20260831,20260820,金健米业关于股票交易异常波动的公告,,2,https://www.cninfo.com.cn/new/disclosure/detail?annoId=1225482275,2026-08-31 21:10:28
600127,20260831,20260821,金健米业关于股票交易风险提示公告,,1,https://www.cninfo.com.cn/new/disclosure/detail?annoId=1225486470,2026-08-31 21:10:28
600127,20260831,20260828,金健米业关于股票交易异常波动的公告,,2,https://www.cninfo.com.cn/new/disclosure/detail?annoId=1225521699,2026-08-31 21:10:28
600127,20260831,20260829,金健米业2026年半年度报告全文,,0,https://www.cninfo.com.cn/new/disclosure/detail?annoId=1225526692,2026-08-31 21:10:28
600127,20260831,20260829,金健米业2026年半年度报告摘要,,0,https://www.cninfo.com.cn/new/disclosure/detail?annoId=1225526690,2026-08-31 21:10:28
600127,20260831,20260829,金健米业关于参加2026年湖南辖区上市公司投资者网上集体接待日暨半年度业绩说明会活动的公告,,0,https://www.cninfo.com.cn/new/disclosure/detail?annoId=1225526685,2026-08-31 21:10:28
600127,20260831,20260829,金健米业关于全资子公司金健植物油（长沙）有限公司浏阳分公司签订租赁合同暨关联交易的公告,,0,https://www.cninfo.com.cn/new/disclosure/detail?annoId=1225526599,2026-08-31 21:10:28
600127,20260831,20260829,金健米业2026年半年度主要经营数据的公告,,0,https://www.cninfo.com.cn/new/disclosure/detail?annoId=1225526569,2026-08-31 21:10:28
600127,20260831,20260829,金健米业第十届董事会第十次会议决议公告,,0,https://www.cninfo.com.cn/new/disclosure/detail?annoId=1225526567,2026-08-31 21:10:28
600272,20260819,20260530,关于使用闲置自有资金购买银行理财产品的公告,,0,https://www.cninfo.com.cn/new/disclosure/detail?annoId=1225337655,2026-08-26 10:40:33
600272,20260819,20260530,关于召开2025年年度股东会的提示性公告,,0,https://www.cninfo.com.cn/new/disclosure/detail?annoId=1225337650,2026-08-26 10:40:33
600272,20260819,20260530,2025年年度股东会会议资料,,0,https://www.cninfo.com.cn/new/disclosure/detail?annoId=1225337627,2026-08-26 10:40:33
600272,20260819,20260606,关于上海开开实业股份有限公司2025年年度股东会的法律意见书,,0,https://www.cninfo.com.cn/new/disclosure/detail?annoId=1225354766,2026-08-26 10:40:33
600272,20260819,20260606,2025年年度股东会决议公告,,0,https://www.cninfo.com.cn/new/disclosure/detail?annoId=1225354765,2026-08-26 10:40:33
600272,20260819,20260613,关于向全资子公司上海雷允上药业西区有限公司增资的完成公告,,0,https://www.cninfo.com.cn/new/disclosure/detail?annoId=1225366686,2026-08-26 10:40:33
600272,20260819,20260627,关于使用闲置自有资金购买银行理财产品的公告,,0,https://www.cninfo.com.cn/new/disclosure/detail?annoId=1225390590,2026-08-26 10:40:33
600272,20260819,20260630,2025年年度权益分派实施公告,,0,https://www.cninfo.com.cn/new/disclosure/detail?annoId=1225396445,2026-08-26 10:40:33
600272,20260819,20260715,2026年半年度业绩预增公告,,0,https://www.cninfo.com.cn/new/disclosure/detail?annoId=1225423272,2026-08-26 10:40:33
600272,20260819,20260718,关于授权全资子公司上海雷允上药业西区有限公司收购其控股子公司上海雷西精益供应链管理有限公司少数股东股权的公告,,0,https://www.cninfo.com.cn/new/disclosure/detail?annoId=1225429838,2026-08-26 10:40:33
600272,20260819,20260801,关于使用闲置自有资金购买银行理财产品的公告,,0,https://www.cninfo.com.cn/new/disclosure/detail?annoId=1225450035,2026-08-26 10:40:33
600272,20260819,20260807,关于授权全资子公司上海雷允上药业西区有限公司收购其控股子公司上海雷西精益供应链管理有限公司少数股东股权的进展公告,,0,https://www.cninfo.com.cn/new/disclosure/detail?annoId=1225461624,2026-08-26 10:40:33
600272,20260819,20260807,上海雷西精益供应链管理有限公司股东全部权益价值资产评估报告（沪申威评报字(2026)第0668号）,,0,https://www.cninfo.com.cn/new/disclosure/detail?annoId=1225461609,2026-08-26 10:40:33
600272,20260819,20260811,关于上海开开实业股份有限公司股票交易异常波动的问询函的回函,,3,https://www.cninfo.com.cn/new/disclosure/detail?annoId=1225466216,2026-08-26 10:40:33
600272,20260819,20260811,股票交易异常波动的公告,,2,https://www.cninfo.com.cn/new/disclosure/detail?annoId=1225466214,2026-08-26 10:40:33
600272,20260819,20260812,股票交易风险提示公告,,1,https://www.cninfo.com.cn/new/disclosure/detail?annoId=1225468080,2026-08-26 10:40:33
600272,20260819,20260813,股票交易异常波动的公告,,2,https://www.cninfo.com.cn/new/disclosure/detail?annoId=1225470516,2026-08-26 10:40:33
600272,20260819,20260813,关于上海开开实业股份有限公司股票交易异常波动的问询函的回函,,3,https://www.cninfo.com.cn/new/disclosure/detail?annoId=1225470511,2026-08-26 10:40:33
600272,20260819,20260819,股票交易异常波动暨风险提示公告,,2,https://www.cninfo.com.cn/new/disclosure/detail?annoId=1225480181,2026-08-26 10:40:33
600272,20260819,20260819,关于上海开开实业股份有限公司股票交易异常波动的问询函的回函,,3,https://www.cninfo.com.cn/new/disclosure/detail?annoId=1225480175,2026-08-26 10:40:33
600272,20260821,20260530,关于使用闲置自有资金购买银行理财产品的公告,,0,https://www.cninfo.com.cn/new/disclosure/detail?annoId=1225337655,2026-08-25 10:07:22
600272,20260821,20260530,关于召开2025年年度股东会的提示性公告,,0,https://www.cninfo.com.cn/new/disclosure/detail?annoId=1225337650,2026-08-25 10:07:22
600272,20260821,20260530,2025年年度股东会会议资料,,0,https://www.cninfo.com.cn/new/disclosure/detail?annoId=1225337627,2026-08-25 10:07:22
600272,20260821,20260606,关于上海开开实业股份有限公司2025年年度股东会的法律意见书,,0,https://www.cninfo.com.cn/new/disclosure/detail?annoId=1225354766,2026-08-25 10:07:22
600272,20260821,20260606,2025年年度股东会决议公告,,0,https://www.cninfo.com.cn/new/disclosure/detail?annoId=1225354765,2026-08-25 10:07:22
600272,20260821,20260613,关于向全资子公司上海雷允上药业西区有限公司增资的完成公告,,0,https://www.cninfo.com.cn/new/disclosure/detail?annoId=1225366686,2026-08-25 10:07:22
600272,20260821,20260627,关于使用闲置自有资金购买银行理财产品的公告,,0,https://www.cninfo.com.cn/new/disclosure/detail?annoId=1225390590,2026-08-25 10:07:22
600272,20260821,20260630,2025年年度权益分派实施公告,,0,https://www.cninfo.com.cn/new/disclosure/detail?annoId=1225396445,2026-08-25 10:07:22
600272,20260821,20260715,2026年半年度业绩预增公告,,0,https://www.cninfo.com.cn/new/disclosure/detail?annoId=1225423272,2026-08-25 10:07:22
600272,20260821,20260718,关于授权全资子公司上海雷允上药业西区有限公司收购其控股子公司上海雷西精益供应链管理有限公司少数股东股权的公告,,0,https://www.cninfo.com.cn/new/disclosure/detail?annoId=1225429838,2026-08-25 10:07:22
600272,20260821,20260801,关于使用闲置自有资金购买银行理财产品的公告,,0,https://www.cninfo.com.cn/new/disclosure/detail?annoId=1225450035,2026-08-25 10:07:22
600272,20260821,20260807,关于授权全资子公司上海雷允上药业西区有限公司收购其控股子公司上海雷西精益供应链管理有限公司少数股东股权的进展公告,,0,https://www.cninfo.com.cn/new/disclosure/detail?annoId=1225461624,2026-08-25 10:07:22
600272,20260821,20260807,上海雷西精益供应链管理有限公司股东全部权益价值资产评估报告（沪申威评报字(2026)第0668号）,,0,https://www.cninfo.com.cn/new/disclosure/detail?annoId=1225461609,2026-08-25 10:07:22
600272,20260821,20260811,关于上海开开实业股份有限公司股票交易异常波动的问询函的回函,,3,https://www.cninfo.com.cn/new/disclosure/detail?annoId=1225466216,2026-08-25 10:07:22
600272,20260821,20260811,股票交易异常波动的公告,,2,https://www.cninfo.com.cn/new/disclosure/detail?annoId=1225466214,2026-08-25 10:07:22
600272,20260821,20260812,股票交易风险提示公告,,1,https://www.cninfo.com.cn/new/disclosure/detail?annoId=1225468080,2026-08-25 10:07:22
600272,20260821,20260813,股票交易异常波动的公告,,2,https://www.cninfo.com.cn/new/disclosure/detail?annoId=1225470516,2026-08-25 10:07:22
600272,20260821,20260813,关于上海开开实业股份有限公司股票交易异常波动的问询函的回函,,3,https://www.cninfo.com.cn/new/disclosure/detail?annoId=1225470511,2026-08-25 10:07:22
600272,20260821,20260819,股票交易异常波动暨风险提示公告,,2,https://www.cninfo.com.cn/new/disclosure/detail?annoId=1225480181,2026-08-25 10:07:22
600272,20260821,20260819,关于上海开开实业股份有限公司股票交易异常波动的问询函的回函,,3,https://www.cninfo.com.cn/new/disclosure/detail?annoId=1225480175,2026-08-25 10:07:22
600272,20260824,20260530,关于使用闲置自有资金购买银行理财产品的公告,,0,https://www.cninfo.com.cn/new/disclosure/detail?annoId=1225337655,2026-08-25 10:15:22
600272,20260824,20260530,关于召开2025年年度股东会的提示性公告,,0,https://www.cninfo.com.cn/new/disclosure/detail?annoId=1225337650,2026-08-25 10:15:22
600272,20260824,20260530,2025年年度股东会会议资料,,0,https://www.cninfo.com.cn/new/disclosure/detail?annoId=1225337627,2026-08-25 10:15:22
600272,20260824,20260606,关于上海开开实业股份有限公司2025年年度股东会的法律意见书,,0,https://www.cninfo.com.cn/new/disclosure/detail?annoId=1225354766,2026-08-25 10:15:22
600272,20260824,20260606,2025年年度股东会决议公告,,0,https://www.cninfo.com.cn/new/disclosure/detail?annoId=1225354765,2026-08-25 10:15:22
600272,20260824,20260613,关于向全资子公司上海雷允上药业西区有限公司增资的完成公告,,0,https://www.cninfo.com.cn/new/disclosure/detail?annoId=1225366686,2026-08-25 10:15:22
600272,20260824,20260627,关于使用闲置自有资金购买银行理财产品的公告,,0,https://www.cninfo.com.cn/new/disclosure/detail?annoId=1225390590,2026-08-25 10:15:22
600272,20260824,20260630,2025年年度权益分派实施公告,,0,https://www.cninfo.com.cn/new/disclosure/detail?annoId=1225396445,2026-08-25 10:15:22
600272,20260824,20260715,2026年半年度业绩预增公告,,0,https://www.cninfo.com.cn/new/disclosure/detail?annoId=1225423272,2026-08-25 10:15:22
600272,20260824,20260718,关于授权全资子公司上海雷允上药业西区有限公司收购其控股子公司上海雷西精益供应链管理有限公司少数股东股权的公告,,0,https://www.cninfo.com.cn/new/disclosure/detail?annoId=1225429838,2026-08-25 10:15:22
600272,20260824,20260801,关于使用闲置自有资金购买银行理财产品的公告,,0,https://www.cninfo.com.cn/new/disclosure/detail?annoId=1225450035,2026-08-25 10:15:22
600272,20260824,20260807,关于授权全资子公司上海雷允上药业西区有限公司收购其控股子公司上海雷西精益供应链管理有限公司少数股东股权的进展公告,,0,https://www.cninfo.com.cn/new/disclosure/detail?annoId=1225461624,2026-08-25 10:15:22
600272,20260824,20260807,上海雷西精益供应链管理有限公司股东全部权益价值资产评估报告（沪申威评报字(2026)第0668号）,,0,https://www.cninfo.com.cn/new/disclosure/detail?annoId=1225461609,2026-08-25 10:15:22
600272,20260824,20260811,关于上海开开实业股份有限公司股票交易异常波动的问询函的回函,,3,https://www.cninfo.com.cn/new/disclosure/detail?annoId=1225466216,2026-08-25 10:15:22
600272,20260824,20260811,股票交易异常波动的公告,,2,https://www.cninfo.com.cn/new/disclosure/detail?annoId=1225466214,2026-08-25 10:15:22
600272,20260824,20260812,股票交易风险提示公告,,1,https://www.cninfo.com.cn/new/disclosure/detail?annoId=1225468080,2026-08-25 10:15:22
600272,20260824,20260813,股票交易异常波动的公告,,2,https://www.cninfo.com.cn/new/disclosure/detail?annoId=1225470516,2026-08-25 10:15:22
600272,20260824,20260813,关于上海开开实业股份有限公司股票交易异常波动的问询函的回函,,3,https://www.cninfo.com.cn/new/disclosure/detail?annoId=1225470511,2026-08-25 10:15:22
600272,20260824,20260819,股票交易异常波动暨风险提示公告,,2,https://www.cninfo.com.cn/new/disclosure/detail?annoId=1225480181,2026-08-25 10:15:22
600272,20260824,20260819,关于上海开开实业股份有限公司股票交易异常波动的问询函的回函,,3,https://www.cninfo.com.cn/new/disclosure/detail?annoId=1225480175,2026-08-25 10:15:22
600272,20260825,20260530,关于使用闲置自有资金购买银行理财产品的公告,,0,https://www.cninfo.com.cn/new/disclosure/detail?annoId=1225337655,2026-08-25 19:57:44
600272,20260825,20260530,关于召开2025年年度股东会的提示性公告,,0,https://www.cninfo.com.cn/new/disclosure/detail?annoId=1225337650,2026-08-25 19:57:44
600272,20260825,20260530,2025年年度股东会会议资料,,0,https://www.cninfo.com.cn/new/disclosure/detail?annoId=1225337627,2026-08-25 19:57:44
600272,20260825,20260606,关于上海开开实业股份有限公司2025年年度股东会的法律意见书,,0,https://www.cninfo.com.cn/new/disclosure/detail?annoId=1225354766,2026-08-25 19:57:44
600272,20260825,20260606,2025年年度股东会决议公告,,0,https://www.cninfo.com.cn/new/disclosure/detail?annoId=1225354765,2026-08-25 19:57:44
600272,20260825,20260613,关于向全资子公司上海雷允上药业西区有限公司增资的完成公告,,0,https://www.cninfo.com.cn/new/disclosure/detail?annoId=1225366686,2026-08-25 19:57:44
600272,20260825,20260627,关于使用闲置自有资金购买银行理财产品的公告,,0,https://www.cninfo.com.cn/new/disclosure/detail?annoId=1225390590,2026-08-25 19:57:44
600272,20260825,20260630,2025年年度权益分派实施公告,,0,https://www.cninfo.com.cn/new/disclosure/detail?annoId=1225396445,2026-08-25 19:57:44
600272,20260825,20260715,2026年半年度业绩预增公告,,0,https://www.cninfo.com.cn/new/disclosure/detail?annoId=1225423272,2026-08-25 19:57:44
600272,20260825,20260718,关于授权全资子公司上海雷允上药业西区有限公司收购其控股子公司上海雷西精益供应链管理有限公司少数股东股权的公告,,0,https://www.cninfo.com.cn/new/disclosure/detail?annoId=1225429838,2026-08-25 19:57:44
600272,20260825,20260801,关于使用闲置自有资金购买银行理财产品的公告,,0,https://www.cninfo.com.cn/new/disclosure/detail?annoId=1225450035,2026-08-25 19:57:44
600272,20260825,20260807,关于授权全资子公司上海雷允上药业西区有限公司收购其控股子公司上海雷西精益供应链管理有限公司少数股东股权的进展公告,,0,https://www.cninfo.com.cn/new/disclosure/detail?annoId=1225461624,2026-08-25 19:57:44
600272,20260825,20260807,上海雷西精益供应链管理有限公司股东全部权益价值资产评估报告（沪申威评报字(2026)第0668号）,,0,https://www.cninfo.com.cn/new/disclosure/detail?annoId=1225461609,2026-08-25 19:57:44
600272,20260825,20260811,关于上海开开实业股份有限公司股票交易异常波动的问询函的回函,,3,https://www.cninfo.com.cn/new/disclosure/detail?annoId=1225466216,2026-08-25 19:57:44
600272,20260825,20260811,股票交易异常波动的公告,,2,https://www.cninfo.com.cn/new/disclosure/detail?annoId=1225466214,2026-08-25 19:57:44
600272,20260825,20260812,股票交易风险提示公告,,1,https://www.cninfo.com.cn/new/disclosure/detail?annoId=1225468080,2026-08-25 19:57:44
600272,20260825,20260813,股票交易异常波动的公告,,2,https://www.cninfo.com.cn/new/disclosure/detail?annoId=1225470516,2026-08-25 19:57:44
600272,20260825,20260813,关于上海开开实业股份有限公司股票交易异常波动的问询函的回函,,3,https://www.cninfo.com.cn/new/disclosure/detail?annoId=1225470511,2026-08-25 19:57:44
600272,20260825,20260819,股票交易异常波动暨风险提示公告,,2,https://www.cninfo.com.cn/new/disclosure/detail?annoId=1225480181,2026-08-25 19:57:44
600272,20260825,20260819,关于上海开开实业股份有限公司股票交易异常波动的问询函的回函,,3,https://www.cninfo.com.cn/new/disclosure/detail?annoId=1225480175,2026-08-25 19:57:44
600272,20260826,20260530,关于使用闲置自有资金购买银行理财产品的公告,,0,https://www.cninfo.com.cn/new/disclosure/detail?annoId=1225337655,2026-08-27 00:11:28
600272,20260826,20260606,关于上海开开实业股份有限公司2025年年度股东会的法律意见书,,0,https://www.cninfo.com.cn/new/disclosure/detail?annoId=1225354766,2026-08-27 00:11:28
600272,20260826,20260606,2025年年度股东会决议公告,,0,https://www.cninfo.com.cn/new/disclosure/detail?annoId=1225354765,2026-08-27 00:11:28
600272,20260826,20260613,关于向全资子公司上海雷允上药业西区有限公司增资的完成公告,,0,https://www.cninfo.com.cn/new/disclosure/detail?annoId=1225366686,2026-08-27 00:11:28
600272,20260826,20260627,关于使用闲置自有资金购买银行理财产品的公告,,0,https://www.cninfo.com.cn/new/disclosure/detail?annoId=1225390590,2026-08-27 00:11:28
600272,20260826,20260630,2025年年度权益分派实施公告,,0,https://www.cninfo.com.cn/new/disclosure/detail?annoId=1225396445,2026-08-27 00:11:28
600272,20260826,20260715,2026年半年度业绩预增公告,,0,https://www.cninfo.com.cn/new/disclosure/detail?annoId=1225423272,2026-08-27 00:11:28
600272,20260826,20260718,关于授权全资子公司上海雷允上药业西区有限公司收购其控股子公司上海雷西精益供应链管理有限公司少数股东股权的公告,,0,https://www.cninfo.com.cn/new/disclosure/detail?annoId=1225429838,2026-08-27 00:11:28
600272,20260826,20260801,关于使用闲置自有资金购买银行理财产品的公告,,0,https://www.cninfo.com.cn/new/disclosure/detail?annoId=1225450035,2026-08-27 00:11:28
600272,20260826,20260807,关于授权全资子公司上海雷允上药业西区有限公司收购其控股子公司上海雷西精益供应链管理有限公司少数股东股权的进展公告,,0,https://www.cninfo.com.cn/new/disclosure/detail?annoId=1225461624,2026-08-27 00:11:28
600272,20260826,20260807,上海雷西精益供应链管理有限公司股东全部权益价值资产评估报告（沪申威评报字(2026)第0668号）,,0,https://www.cninfo.com.cn/new/disclosure/detail?annoId=1225461609,2026-08-27 00:11:28
600272,20260826,20260811,关于上海开开实业股份有限公司股票交易异常波动的问询函的回函,,3,https://www.cninfo.com.cn/new/disclosure/detail?annoId=1225466216,2026-08-27 00:11:28
600272,20260826,20260811,股票交易异常波动的公告,,2,https://www.cninfo.com.cn/new/disclosure/detail?annoId=1225466214,2026-08-27 00:11:28
600272,20260826,20260812,股票交易风险提示公告,,1,https://www.cninfo.com.cn/new/disclosure/detail?annoId=1225468080,2026-08-27 00:11:28
600272,20260826,20260813,股票交易异常波动的公告,,2,https://www.cninfo.com.cn/new/disclosure/detail?annoId=1225470516,2026-08-27 00:11:28
600272,20260826,20260813,关于上海开开实业股份有限公司股票交易异常波动的问询函的回函,,3,https://www.cninfo.com.cn/new/disclosure/detail?annoId=1225470511,2026-08-27 00:11:28
600272,20260826,20260819,股票交易异常波动暨风险提示公告,,2,https://www.cninfo.com.cn/new/disclosure/detail?annoId=1225480181,2026-08-27 00:11:28
600272,20260826,20260819,关于上海开开实业股份有限公司股票交易异常波动的问询函的回函,,3,https://www.cninfo.com.cn/new/disclosure/detail?annoId=1225480175,2026-08-27 00:11:28
600272,20260826,20260827,关于上海开开实业股份有限公司股票交易异常波动的问询函的回函,,3,https://www.cninfo.com.cn/new/disclosure/detail?annoId=1225511981,2026-08-27 00:11:28
600272,20260826,20260827,股票交易异常波动的公告,,2,https://www.cninfo.com.cn/new/disclosure/detail?annoId=1225511970,2026-08-27 00:11:28
600272,20260827,20260530,关于使用闲置自有资金购买银行理财产品的公告,,0,https://www.cninfo.com.cn/new/disclosure/detail?annoId=1225337655,2026-08-27 21:27:33
600272,20260827,20260606,关于上海开开实业股份有限公司2025年年度股东会的法律意见书,,0,https://www.cninfo.com.cn/new/disclosure/detail?annoId=1225354766,2026-08-27 21:27:33
600272,20260827,20260606,2025年年度股东会决议公告,,0,https://www.cninfo.com.cn/new/disclosure/detail?annoId=1225354765,2026-08-27 21:27:33
600272,20260827,20260613,关于向全资子公司上海雷允上药业西区有限公司增资的完成公告,,0,https://www.cninfo.com.cn/new/disclosure/detail?annoId=1225366686,2026-08-27 21:27:33
600272,20260827,20260627,关于使用闲置自有资金购买银行理财产品的公告,,0,https://www.cninfo.com.cn/new/disclosure/detail?annoId=1225390590,2026-08-27 21:27:33
600272,20260827,20260630,2025年年度权益分派实施公告,,0,https://www.cninfo.com.cn/new/disclosure/detail?annoId=1225396445,2026-08-27 21:27:33
600272,20260827,20260715,2026年半年度业绩预增公告,,0,https://www.cninfo.com.cn/new/disclosure/detail?annoId=1225423272,2026-08-27 21:27:33
600272,20260827,20260718,关于授权全资子公司上海雷允上药业西区有限公司收购其控股子公司上海雷西精益供应链管理有限公司少数股东股权的公告,,0,https://www.cninfo.com.cn/new/disclosure/detail?annoId=1225429838,2026-08-27 21:27:33
600272,20260827,20260801,关于使用闲置自有资金购买银行理财产品的公告,,0,https://www.cninfo.com.cn/new/disclosure/detail?annoId=1225450035,2026-08-27 21:27:33
600272,20260827,20260807,关于授权全资子公司上海雷允上药业西区有限公司收购其控股子公司上海雷西精益供应链管理有限公司少数股东股权的进展公告,,0,https://www.cninfo.com.cn/new/disclosure/detail?annoId=1225461624,2026-08-27 21:27:33
600272,20260827,20260807,上海雷西精益供应链管理有限公司股东全部权益价值资产评估报告（沪申威评报字(2026)第0668号）,,0,https://www.cninfo.com.cn/new/disclosure/detail?annoId=1225461609,2026-08-27 21:27:33
600272,20260827,20260811,关于上海开开实业股份有限公司股票交易异常波动的问询函的回函,,3,https://www.cninfo.com.cn/new/disclosure/detail?annoId=1225466216,2026-08-27 21:27:33
600272,20260827,20260811,股票交易异常波动的公告,,2,https://www.cninfo.com.cn/new/disclosure/detail?annoId=1225466214,2026-08-27 21:27:33
600272,20260827,20260812,股票交易风险提示公告,,1,https://www.cninfo.com.cn/new/disclosure/detail?annoId=1225468080,2026-08-27 21:27:33
600272,20260827,20260813,股票交易异常波动的公告,,2,https://www.cninfo.com.cn/new/disclosure/detail?annoId=1225470516,2026-08-27 21:27:33
600272,20260827,20260813,关于上海开开实业股份有限公司股票交易异常波动的问询函的回函,,3,https://www.cninfo.com.cn/new/disclosure/detail?annoId=1225470511,2026-08-27 21:27:33
600272,20260827,20260819,股票交易异常波动暨风险提示公告,,2,https://www.cninfo.com.cn/new/disclosure/detail?annoId=1225480181,2026-08-27 21:27:33
600272,20260827,20260819,关于上海开开实业股份有限公司股票交易异常波动的问询函的回函,,3,https://www.cninfo.com.cn/new/disclosure/detail?annoId=1225480175,2026-08-27 21:27:33
600272,20260827,20260827,关于上海开开实业股份有限公司股票交易异常波动的问询函的回函,,3,https://www.cninfo.com.cn/new/disclosure/detail?annoId=1225511981,2026-08-27 21:27:33
600272,20260827,20260827,股票交易异常波动的公告,,2,https://www.cninfo.com.cn/new/disclosure/detail?annoId=1225511970,2026-08-27 21:27:33
600272,20260831,20260813,股票交易异常波动的公告,,2,https://www.cninfo.com.cn/new/disclosure/detail?annoId=1225470516,2026-08-31 21:10:28
600272,20260831,20260813,关于上海开开实业股份有限公司股票交易异常波动的问询函的回函,,3,https://www.cninfo.com.cn/new/disclosure/detail?annoId=1225470511,2026-08-31 21:10:28
600272,20260831,20260819,股票交易异常波动暨风险提示公告,,2,https://www.cninfo.com.cn/new/disclosure/detail?annoId=1225480181,2026-08-31 21:10:28
600272,20260831,20260819,关于上海开开实业股份有限公司股票交易异常波动的问询函的回函,,3,https://www.cninfo.com.cn/new/disclosure/detail?annoId=1225480175,2026-08-31 21:10:28
600272,20260831,20260827,关于上海开开实业股份有限公司股票交易异常波动的问询函的回函,,3,https://www.cninfo.com.cn/new/disclosure/detail?annoId=1225511981,2026-08-31 21:10:28
600272,20260831,20260827,股票交易异常波动的公告,,2,https://www.cninfo.com.cn/new/disclosure/detail?annoId=1225511970,2026-08-31 21:10:28
600272,20260831,20260829,2026年半年度报告,,0,https://www.cninfo.com.cn/new/disclosure/detail?annoId=1225526686,2026-08-31 21:10:28
600272,20260831,20260829,2026年半年度主要经营数据公告,,0,https://www.cninfo.com.cn/new/disclosure/detail?annoId=1225526682,2026-08-31 21:10:28
600272,20260831,20260829,关于公司2026年半年度募集资金存放、管理与实际使用情况的专项报告,,0,https://www.cninfo.com.cn/new/disclosure/detail?annoId=1225526680,2026-08-31 21:10:28
600272,20260831,20260829,关于召开2026年第一次临时股东会的通知,,0,https://www.cninfo.com.cn/new/disclosure/detail?annoId=1225526676,2026-08-31 21:10:28
600272,20260831,20260829,关于防范控股股东及关联方占用资金的专项制度（2026年8月）,,0,https://www.cninfo.com.cn/new/disclosure/detail?annoId=1225526663,2026-08-31 21:10:28
600272,20260831,20260829,关于变更公司非独立董事的公告,,0,https://www.cninfo.com.cn/new/disclosure/detail?annoId=1225526656,2026-08-31 21:10:28
600272,20260831,20260829,关于增加2026年度日常关联交易预计金额的公告,,0,https://www.cninfo.com.cn/new/disclosure/detail?annoId=1225526626,2026-08-31 21:10:28
600272,20260831,20260829,第十一届董事会第五次会议决议公告,,0,https://www.cninfo.com.cn/new/disclosure/detail?annoId=1225526614,2026-08-31 21:10:28
600272,20260831,20260829,国泰海通证券股份有限公司关于上海开开实业股份有限公司增加预计2026年度日常关联交易的核查意见,,0,https://www.cninfo.com.cn/new/disclosure/detail?annoId=1225526608,2026-08-31 21:10:28
600272,20260831,20260829,社会责任管理制度（2026年8月）,,0,https://www.cninfo.com.cn/new/disclosure/detail?annoId=1225526605,2026-08-31 21:10:28
600272,20260831,20260829,2026年半年度报告摘要,,0,https://www.cninfo.com.cn/new/disclosure/detail?annoId=1225526602,2026-08-31 21:10:28
600272,20260831,20260829,关于全资子公司上海雷允上药业西区有限公司继续与云南结对帮扶的公告,,0,https://www.cninfo.com.cn/new/disclosure/detail?annoId=1225526596,2026-08-31 21:10:28
600272,20260831,20260829,年报信息披露重大差错责任追究制度（2026年8月）,,0,https://www.cninfo.com.cn/new/disclosure/detail?annoId=1225526594,2026-08-31 21:10:28
600272,20260831,20260829,关于会计政策变更的公告,,0,https://www.cninfo.com.cn/new/disclosure/detail?annoId=1225526592,2026-08-31 21:10:28
600371,20260831,20260520,万向德农股份有限公司2025年年度权益分派实施公告,,0,https://www.cninfo.com.cn/new/disclosure/detail?annoId=1225316640,2026-08-31 21:10:28
600371,20260831,20260521,万向德农股份有限公司关于控股子公司出售闲置资产的公告,,0,https://www.cninfo.com.cn/new/disclosure/detail?annoId=1225318646,2026-08-31 21:10:28
600371,20260831,20260624,万向德农股份有限公司关于公司董事离任的公告,,0,https://www.cninfo.com.cn/new/disclosure/detail?annoId=1225382581,2026-08-31 21:10:28
600371,20260831,20260812,万向德农股份有限公司关于拟变更公司名称及修订《公司章程》部分条款的公告,,0,https://www.cninfo.com.cn/new/disclosure/detail?annoId=1225468342,2026-08-31 21:10:28
600371,20260831,20260812,万向德农股份有限公司2026年半年度报告摘要,,0,https://www.cninfo.com.cn/new/disclosure/detail?annoId=1225468341,2026-08-31 21:10:28
600371,20260831,20260812,万向德农股份有限公司关于召开2026年第一次临时股东会的通知,,0,https://www.cninfo.com.cn/new/disclosure/detail?annoId=1225468333,2026-08-31 21:10:28
600371,20260831,20260812,万向德农股份公司章程,,0,https://www.cninfo.com.cn/new/disclosure/detail?annoId=1225468331,2026-08-31 21:10:28
600371,20260831,20260812,万向德农股份有限公司关于万向财务有限公司的风险持续评估报告,,0,https://www.cninfo.com.cn/new/disclosure/detail?annoId=1225468330,2026-08-31 21:10:28
600371,20260831,20260812,万向德农股份有限公司第十届董事会第七次会议决议公告,,0,https://www.cninfo.com.cn/new/disclosure/detail?annoId=1225468325,2026-08-31 21:10:28
600371,20260831,20260812,万向德农股份有限公司董事会秘书工作制度,,0,https://www.cninfo.com.cn/new/disclosure/detail?annoId=1225468322,2026-08-31 21:10:28
600371,20260831,20260812,万向德农股份有限公司2026年半年度报告,,0,https://www.cninfo.com.cn/new/disclosure/detail?annoId=1225468313,2026-08-31 21:10:28
600371,20260831,20260812,万向德农股份有限公司关于召开2026年半年度业绩说明会的公告,,0,https://www.cninfo.com.cn/new/disclosure/detail?annoId=1225468312,2026-08-31 21:10:28
600371,20260831,20260812,万向德农股份有限公司关于续聘会计师事务所的公告,,0,https://www.cninfo.com.cn/new/disclosure/detail?annoId=1225468308,2026-08-31 21:10:28
600371,20260831,20260819,万向德农股份有限公司2026年第一次临时股东会会议材料,,0,https://www.cninfo.com.cn/new/disclosure/detail?annoId=1225479500,2026-08-31 21:10:28
600371,20260831,20260820,万向德农股份有限公司股票交易异常波动公告,,2,https://www.cninfo.com.cn/new/disclosure/detail?annoId=1225482659,2026-08-31 21:10:28
600371,20260831,20260827,万向德农股份有限公司股票交易异常波动公告,,2,https://www.cninfo.com.cn/new/disclosure/detail?annoId=1225512132,2026-08-31 21:10:28
600371,20260831,20260828,万向德农股份有限公司关于股票交易风险提示公告,,1,https://www.cninfo.com.cn/new/disclosure/detail?annoId=1225520182,2026-08-31 21:10:28
600371,20260831,20260829,万向德农股份有限公司2026年第一次临时股东会决议公告,,0,https://www.cninfo.com.cn/new/disclosure/detail?annoId=1225524857,2026-08-31 21:10:28
600371,20260831,20260829,黑龙江泽言律师事务所关于万向德农股份有限公司2026年第一次临时股东会的法律意见书,,0,https://www.cninfo.com.cn/new/disclosure/detail?annoId=1225524817,2026-08-31 21:10:28
600371,20260831,20260901,万向德农股份有限公司股票交易异常波动公告,,2,https://www.cninfo.com.cn/new/disclosure/detail?annoId=1225538163,2026-08-31 21:10:28
600397,20260807,20260730,独立董事候选人声明与承诺（黎毅）,,0,https://www.cninfo.com.cn/new/disclosure/detail?annoId=1225445894,2026-08-27 20:11:58
600397,20260807,20260730,独立董事提名人声明与承诺（黎毅）,,0,https://www.cninfo.com.cn/new/disclosure/detail?annoId=1225445891,2026-08-27 20:11:58
600397,20260807,20260801,江西江钨稀贵装备股份有限公司拟收购股权所涉及江西江钨硬质合金有限公司股东全部权益价值资产评估报告,,0,https://www.cninfo.com.cn/new/disclosure/detail?annoId=1225452382,2026-08-27 20:11:58
600397,20260807,20260801,江钨装备关于2026年度向特定对象发行A股股票预案（修订稿）披露的提示性公告,,0,https://www.cninfo.com.cn/new/disclosure/detail?annoId=1225452381,2026-08-27 20:11:58
600397,20260807,20260801,江钨装备2026年度向特定对象发行A股股票募集资金使用可行性分析报告（修订稿）,,0,https://www.cninfo.com.cn/new/disclosure/detail?annoId=1225452379,2026-08-27 20:11:58
600397,20260807,20260801,江钨装备关于2026年度向特定对象发行A股股票预案修订说明的公告,,0,https://www.cninfo.com.cn/new/disclosure/detail?annoId=1225452378,2026-08-27 20:11:58
600397,20260807,20260801,江钨装备2026年度向特定对象发行A股股票预案（修订稿）,,0,https://www.cninfo.com.cn/new/disclosure/detail?annoId=1225452377,2026-08-27 20:11:58
600397,20260807,20260801,江钨装备关于与江西江钨控股发展有限公司签署《业绩承诺补偿协议之补充协议》暨关联交易的公告,,0,https://www.cninfo.com.cn/new/disclosure/detail?annoId=1225452376,2026-08-27 20:11:58
600397,20260807,20260801,江钨装备关于2026年度向特定对象发行A股股票摊薄即期回报、采取填补措施及相关主体承诺的公告,,0,https://www.cninfo.com.cn/new/disclosure/detail?annoId=1225452374,2026-08-27 20:11:58
600397,20260807,20260801,关于独立董事变更完成暨补选董事会专门委员会委员的公告,,0,https://www.cninfo.com.cn/new/disclosure/detail?annoId=1225452373,2026-08-27 20:11:58
600397,20260807,20260801,江钨装备第九届董事会独立董事第八次专门会议决议,,0,https://www.cninfo.com.cn/new/disclosure/detail?annoId=1225452372,2026-08-27 20:11:58
600397,20260807,20260801,江钨装备关于与江西江钨控股发展有限公司签署《股权转让协议之补充协议(二)》暨关联交易的公告,,0,https://www.cninfo.com.cn/new/disclosure/detail?annoId=1225452371,2026-08-27 20:11:58
600397,20260807,20260801,江钨装备董事会关于评估机构的独立性、评估假设前提的合理性、评估方法与评估目的的相关性以及评估定价的公允性的说明,,0,https://www.cninfo.com.cn/new/disclosure/detail?annoId=1225452369,2026-08-27 20:11:58
600397,20260807,20260801,江钨装备关于公司无需编制前次募集资金使用情况专项报告的公告,,0,https://www.cninfo.com.cn/new/disclosure/detail?annoId=1225452368,2026-08-27 20:11:58
600397,20260807,20260801,江钨装备2026年度向特定对象发行A股股票方案论证分析报告（修订稿）,,0,https://www.cninfo.com.cn/new/disclosure/detail?annoId=1225452366,2026-08-27 20:11:58
600397,20260807,20260801,江钨装备2026年第三次临时股东会决议公告,,0,https://www.cninfo.com.cn/new/disclosure/detail?annoId=1225452365,2026-08-27 20:11:58
600397,20260807,20260801,江西华邦律师事务所关于江西江钨稀贵装备股份有限公司2026年第三次临时股东会法律意见书,,0,https://www.cninfo.com.cn/new/disclosure/detail?annoId=1225452364,2026-08-27 20:11:58
600397,20260807,20260801,江钨装备第九届董事会第十二次会议决议公告,,0,https://www.cninfo.com.cn/new/disclosure/detail?annoId=1225452362,2026-08-27 20:11:58
600397,20260807,20260806,江西江钨稀贵装备股份有限公司股票交易异常波动公告,,2,https://www.cninfo.com.cn/new/disclosure/detail?annoId=1225460072,2026-08-27 20:11:58
600397,20260807,20260807,江钨装备关于股票交易风险提示性公告,,1,https://www.cninfo.com.cn/new/disclosure/detail?annoId=1225462083,2026-08-27 20:11:58
600397,20260827,20260730,独立董事候选人声明与承诺（黎毅）,,0,https://www.cninfo.com.cn/new/disclosure/detail?annoId=1225445894,2026-08-27 21:27:34
600397,20260827,20260730,独立董事提名人声明与承诺（黎毅）,,0,https://www.cninfo.com.cn/new/disclosure/detail?annoId=1225445891,2026-08-27 21:27:34
600397,20260827,20260801,江西江钨稀贵装备股份有限公司拟收购股权所涉及江西江钨硬质合金有限公司股东全部权益价值资产评估报告,,0,https://www.cninfo.com.cn/new/disclosure/detail?annoId=1225452382,2026-08-27 21:27:34
600397,20260827,20260801,江钨装备关于2026年度向特定对象发行A股股票预案（修订稿）披露的提示性公告,,0,https://www.cninfo.com.cn/new/disclosure/detail?annoId=1225452381,2026-08-27 21:27:34
600397,20260827,20260801,江钨装备2026年度向特定对象发行A股股票募集资金使用可行性分析报告（修订稿）,,0,https://www.cninfo.com.cn/new/disclosure/detail?annoId=1225452379,2026-08-27 21:27:34
600397,20260827,20260801,江钨装备关于2026年度向特定对象发行A股股票预案修订说明的公告,,0,https://www.cninfo.com.cn/new/disclosure/detail?annoId=1225452378,2026-08-27 21:27:34
600397,20260827,20260801,江钨装备2026年度向特定对象发行A股股票预案（修订稿）,,0,https://www.cninfo.com.cn/new/disclosure/detail?annoId=1225452377,2026-08-27 21:27:34
600397,20260827,20260801,江钨装备关于与江西江钨控股发展有限公司签署《业绩承诺补偿协议之补充协议》暨关联交易的公告,,0,https://www.cninfo.com.cn/new/disclosure/detail?annoId=1225452376,2026-08-27 21:27:34
600397,20260827,20260801,江钨装备关于2026年度向特定对象发行A股股票摊薄即期回报、采取填补措施及相关主体承诺的公告,,0,https://www.cninfo.com.cn/new/disclosure/detail?annoId=1225452374,2026-08-27 21:27:34
600397,20260827,20260801,关于独立董事变更完成暨补选董事会专门委员会委员的公告,,0,https://www.cninfo.com.cn/new/disclosure/detail?annoId=1225452373,2026-08-27 21:27:34
600397,20260827,20260801,江钨装备第九届董事会独立董事第八次专门会议决议,,0,https://www.cninfo.com.cn/new/disclosure/detail?annoId=1225452372,2026-08-27 21:27:34
600397,20260827,20260801,江钨装备关于与江西江钨控股发展有限公司签署《股权转让协议之补充协议(二)》暨关联交易的公告,,0,https://www.cninfo.com.cn/new/disclosure/detail?annoId=1225452371,2026-08-27 21:27:34
600397,20260827,20260801,江钨装备董事会关于评估机构的独立性、评估假设前提的合理性、评估方法与评估目的的相关性以及评估定价的公允性的说明,,0,https://www.cninfo.com.cn/new/disclosure/detail?annoId=1225452369,2026-08-27 21:27:34
600397,20260827,20260801,江钨装备关于公司无需编制前次募集资金使用情况专项报告的公告,,0,https://www.cninfo.com.cn/new/disclosure/detail?annoId=1225452368,2026-08-27 21:27:34
600397,20260827,20260801,江钨装备2026年度向特定对象发行A股股票方案论证分析报告（修订稿）,,0,https://www.cninfo.com.cn/new/disclosure/detail?annoId=1225452366,2026-08-27 21:27:34
600397,20260827,20260801,江钨装备2026年第三次临时股东会决议公告,,0,https://www.cninfo.com.cn/new/disclosure/detail?annoId=1225452365,2026-08-27 21:27:34
600397,20260827,20260801,江西华邦律师事务所关于江西江钨稀贵装备股份有限公司2026年第三次临时股东会法律意见书,,0,https://www.cninfo.com.cn/new/disclosure/detail?annoId=1225452364,2026-08-27 21:27:34
600397,20260827,20260801,江钨装备第九届董事会第十二次会议决议公告,,0,https://www.cninfo.com.cn/new/disclosure/detail?annoId=1225452362,2026-08-27 21:27:34
600397,20260827,20260806,江西江钨稀贵装备股份有限公司股票交易异常波动公告,,2,https://www.cninfo.com.cn/new/disclosure/detail?annoId=1225460072,2026-08-27 21:27:34
600397,20260827,20260807,江钨装备关于股票交易风险提示性公告,,1,https://www.cninfo.com.cn/new/disclosure/detail?annoId=1225462083,2026-08-27 21:27:34
600397,20260831,20260801,江西江钨稀贵装备股份有限公司拟收购股权所涉及江西江钨硬质合金有限公司股东全部权益价值资产评估报告,,0,https://www.cninfo.com.cn/new/disclosure/detail?annoId=1225452382,2026-08-31 21:10:29
600397,20260831,20260801,江钨装备关于2026年度向特定对象发行A股股票预案（修订稿）披露的提示性公告,,0,https://www.cninfo.com.cn/new/disclosure/detail?annoId=1225452381,2026-08-31 21:10:29
600397,20260831,20260801,江钨装备2026年度向特定对象发行A股股票募集资金使用可行性分析报告（修订稿）,,0,https://www.cninfo.com.cn/new/disclosure/detail?annoId=1225452379,2026-08-31 21:10:29
600397,20260831,20260801,江钨装备关于2026年度向特定对象发行A股股票预案修订说明的公告,,0,https://www.cninfo.com.cn/new/disclosure/detail?annoId=1225452378,2026-08-31 21:10:29
600397,20260831,20260801,江钨装备2026年度向特定对象发行A股股票预案（修订稿）,,0,https://www.cninfo.com.cn/new/disclosure/detail?annoId=1225452377,2026-08-31 21:10:29
600397,20260831,20260801,江钨装备关于与江西江钨控股发展有限公司签署《业绩承诺补偿协议之补充协议》暨关联交易的公告,,0,https://www.cninfo.com.cn/new/disclosure/detail?annoId=1225452376,2026-08-31 21:10:29
600397,20260831,20260801,江钨装备关于2026年度向特定对象发行A股股票摊薄即期回报、采取填补措施及相关主体承诺的公告,,0,https://www.cninfo.com.cn/new/disclosure/detail?annoId=1225452374,2026-08-31 21:10:29
600397,20260831,20260801,关于独立董事变更完成暨补选董事会专门委员会委员的公告,,0,https://www.cninfo.com.cn/new/disclosure/detail?annoId=1225452373,2026-08-31 21:10:29
600397,20260831,20260801,江钨装备第九届董事会独立董事第八次专门会议决议,,0,https://www.cninfo.com.cn/new/disclosure/detail?annoId=1225452372,2026-08-31 21:10:29
600397,20260831,20260801,江钨装备关于与江西江钨控股发展有限公司签署《股权转让协议之补充协议(二)》暨关联交易的公告,,0,https://www.cninfo.com.cn/new/disclosure/detail?annoId=1225452371,2026-08-31 21:10:29
600397,20260831,20260801,江钨装备董事会关于评估机构的独立性、评估假设前提的合理性、评估方法与评估目的的相关性以及评估定价的公允性的说明,,0,https://www.cninfo.com.cn/new/disclosure/detail?annoId=1225452369,2026-08-31 21:10:29
600397,20260831,20260801,江钨装备关于公司无需编制前次募集资金使用情况专项报告的公告,,0,https://www.cninfo.com.cn/new/disclosure/detail?annoId=1225452368,2026-08-31 21:10:29
600397,20260831,20260801,江钨装备2026年度向特定对象发行A股股票方案论证分析报告（修订稿）,,0,https://www.cninfo.com.cn/new/disclosure/detail?annoId=1225452366,2026-08-31 21:10:29
600397,20260831,20260801,江钨装备2026年第三次临时股东会决议公告,,0,https://www.cninfo.com.cn/new/disclosure/detail?annoId=1225452365,2026-08-31 21:10:29
600397,20260831,20260806,江西江钨稀贵装备股份有限公司股票交易异常波动公告,,2,https://www.cninfo.com.cn/new/disclosure/detail?annoId=1225460072,2026-08-31 21:10:29
600397,20260831,20260807,江钨装备关于股票交易风险提示性公告,,1,https://www.cninfo.com.cn/new/disclosure/detail?annoId=1225462083,2026-08-31 21:10:29
600397,20260831,20260831,江钨装备2026年半年度报告摘要,,0,https://www.cninfo.com.cn/new/disclosure/detail?annoId=1225534804,2026-08-31 21:10:29
600397,20260831,20260831,江钨装备第九届董事会第十三次会议决议公告,,0,https://www.cninfo.com.cn/new/disclosure/detail?annoId=1225534286,2026-08-31 21:10:29
600397,20260831,20260831,江西江钨稀贵装备股份有限公司投资管理办法,,0,https://www.cninfo.com.cn/new/disclosure/detail?annoId=1225534168,2026-08-31 21:10:29
600397,20260831,20260831,江钨装备2026年半年度报告,,0,https://www.cninfo.com.cn/new/disclosure/detail?annoId=1225534151,2026-08-31 21:10:29
600613,20260819,20260507,上海神奇制药投资管理股份有限公司关于参加2026年上海辖区上市公司年报集体业绩说明会的公告,,0,https://www.cninfo.com.cn/new/disclosure/detail?annoId=1225278417,2026-08-26 10:40:33
600613,20260819,20260509,上海神奇制药投资管理股份有限公司关于控股股东部分股票解除质押的公告,,0,https://www.cninfo.com.cn/new/disclosure/detail?annoId=1225284102,2026-08-26 10:40:33
600613,20260819,20260513,神奇制药：2025年年度股东会会议资料,,0,https://www.cninfo.com.cn/new/disclosure/detail?annoId=1225300884,2026-08-26 10:40:33
600613,20260819,20260520,上海神奇制药投资管理股份有限公司关于选举董事长、副董事长、董事会专门委员会委员及聘任高级管理人员的公告,,0,https://www.cninfo.com.cn/new/disclosure/detail?annoId=1225317529,2026-08-26 10:40:33
600613,20260819,20260520,上海神奇制药投资管理股份有限公司2025年年度股东会决议公告,,0,https://www.cninfo.com.cn/new/disclosure/detail?annoId=1225317526,2026-08-26 10:40:33
600613,20260819,20260520,上海神奇制药投资管理股份有限公司第十二届董事会第一次会议决议公告,,0,https://www.cninfo.com.cn/new/disclosure/detail?annoId=1225317523,2026-08-26 10:40:33
600613,20260819,20260520,上海中联（贵阳）律师事务所关于上海神奇制药投资管理股份有限公司召开2025年年度股东会的法律意见书,,0,https://www.cninfo.com.cn/new/disclosure/detail?annoId=1225317515,2026-08-26 10:40:33
600613,20260819,20260520,神奇制药：董事会提名委员会2026年第二次会议,,0,https://www.cninfo.com.cn/new/disclosure/detail?annoId=1225317509,2026-08-26 10:40:33
600613,20260819,20260520,神奇制药：审计委员会2026年第三次会议决议,,0,https://www.cninfo.com.cn/new/disclosure/detail?annoId=1225317508,2026-08-26 10:40:33
600613,20260819,20260520,上海神奇制药投资管理股份有限公司关于聘任董事会秘书的公告,,0,https://www.cninfo.com.cn/new/disclosure/detail?annoId=1225317506,2026-08-26 10:40:33
600613,20260819,20260610,上海神奇制药投资管理股份有限公司2025年年度权益分派实施公告,,0,https://www.cninfo.com.cn/new/disclosure/detail?annoId=1225360470,2026-08-26 10:40:33
600613,20260819,20260813,上海神奇制药投资管理股份有限公司关于控股股东的一致行动人权益变动触及1%刻度的提示性公告,,0,https://www.cninfo.com.cn/new/disclosure/detail?annoId=1225470870,2026-08-26 10:40:33
600613,20260819,20260813,上海神奇制药投资管理股份有限公司简式权益变动报告书,,0,https://www.cninfo.com.cn/new/disclosure/detail?annoId=1225470868,2026-08-26 10:40:33
600613,20260819,20260815,上海神奇制药投资管理股份有限公司关于股票交易异常波动的公告,,2,https://www.cninfo.com.cn/new/disclosure/detail?annoId=1225473598,2026-08-26 10:40:33
600613,20260819,20260818,上海神奇制药投资管理股份有限公司股票交易风险提示性公告,,1,https://www.cninfo.com.cn/new/disclosure/detail?annoId=1225477844,2026-08-26 10:40:33
600613,20260819,20260820,上海神奇制药投资管理股份有限公司关于股票交易异常波动的公告,,2,https://www.cninfo.com.cn/new/disclosure/detail?annoId=1225482692,2026-08-26 10:40:33
600613,20260819,20260821,上海神奇制药投资管理股份有限公司控股股东的一致行动人减持股份结果公告,,0,https://www.cninfo.com.cn/new/disclosure/detail?annoId=1225487897,2026-08-26 10:40:33
600613,20260819,20260821,上海神奇制药投资管理股份有限公司股票交易风险提示性公告,,1,https://www.cninfo.com.cn/new/disclosure/detail?annoId=1225487895,2026-08-26 10:40:33
600613,20260819,20260821,上海神奇制药投资管理股份有限公司关于控股股东的一致行动人权益变动触及1%刻度的提示性公告,,0,https://www.cninfo.com.cn/new/disclosure/detail?annoId=1225487893,2026-08-26 10:40:33
600613,20260819,20260825,上海神奇制药投资管理股份有限公司关于股票交易异常波动暨风险提示性公告,,2,https://www.cninfo.com.cn/new/disclosure/detail?annoId=1225497810,2026-08-26 10:40:33
600613,20260821,20260507,上海神奇制药投资管理股份有限公司关于参加2026年上海辖区上市公司年报集体业绩说明会的公告,,0,https://www.cninfo.com.cn/new/disclosure/detail?annoId=1225278417,2026-08-25 10:07:23
600613,20260821,20260509,上海神奇制药投资管理股份有限公司关于控股股东部分股票解除质押的公告,,0,https://www.cninfo.com.cn/new/disclosure/detail?annoId=1225284102,2026-08-25 10:07:23
600613,20260821,20260513,神奇制药：2025年年度股东会会议资料,,0,https://www.cninfo.com.cn/new/disclosure/detail?annoId=1225300884,2026-08-25 10:07:23
600613,20260821,20260520,上海神奇制药投资管理股份有限公司关于选举董事长、副董事长、董事会专门委员会委员及聘任高级管理人员的公告,,0,https://www.cninfo.com.cn/new/disclosure/detail?annoId=1225317529,2026-08-25 10:07:23
600613,20260821,20260520,上海神奇制药投资管理股份有限公司2025年年度股东会决议公告,,0,https://www.cninfo.com.cn/new/disclosure/detail?annoId=1225317526,2026-08-25 10:07:23
600613,20260821,20260520,上海神奇制药投资管理股份有限公司第十二届董事会第一次会议决议公告,,0,https://www.cninfo.com.cn/new/disclosure/detail?annoId=1225317523,2026-08-25 10:07:23
600613,20260821,20260520,上海中联（贵阳）律师事务所关于上海神奇制药投资管理股份有限公司召开2025年年度股东会的法律意见书,,0,https://www.cninfo.com.cn/new/disclosure/detail?annoId=1225317515,2026-08-25 10:07:23
600613,20260821,20260520,神奇制药：董事会提名委员会2026年第二次会议,,0,https://www.cninfo.com.cn/new/disclosure/detail?annoId=1225317509,2026-08-25 10:07:23
600613,20260821,20260520,神奇制药：审计委员会2026年第三次会议决议,,0,https://www.cninfo.com.cn/new/disclosure/detail?annoId=1225317508,2026-08-25 10:07:23
600613,20260821,20260520,上海神奇制药投资管理股份有限公司关于聘任董事会秘书的公告,,0,https://www.cninfo.com.cn/new/disclosure/detail?annoId=1225317506,2026-08-25 10:07:23
600613,20260821,20260610,上海神奇制药投资管理股份有限公司2025年年度权益分派实施公告,,0,https://www.cninfo.com.cn/new/disclosure/detail?annoId=1225360470,2026-08-25 10:07:23
600613,20260821,20260813,上海神奇制药投资管理股份有限公司关于控股股东的一致行动人权益变动触及1%刻度的提示性公告,,0,https://www.cninfo.com.cn/new/disclosure/detail?annoId=1225470870,2026-08-25 10:07:23
600613,20260821,20260813,上海神奇制药投资管理股份有限公司简式权益变动报告书,,0,https://www.cninfo.com.cn/new/disclosure/detail?annoId=1225470868,2026-08-25 10:07:23
600613,20260821,20260815,上海神奇制药投资管理股份有限公司关于股票交易异常波动的公告,,2,https://www.cninfo.com.cn/new/disclosure/detail?annoId=1225473598,2026-08-25 10:07:23
600613,20260821,20260818,上海神奇制药投资管理股份有限公司股票交易风险提示性公告,,1,https://www.cninfo.com.cn/new/disclosure/detail?annoId=1225477844,2026-08-25 10:07:23
600613,20260821,20260820,上海神奇制药投资管理股份有限公司关于股票交易异常波动的公告,,2,https://www.cninfo.com.cn/new/disclosure/detail?annoId=1225482692,2026-08-25 10:07:23
600613,20260821,20260821,上海神奇制药投资管理股份有限公司控股股东的一致行动人减持股份结果公告,,0,https://www.cninfo.com.cn/new/disclosure/detail?annoId=1225487897,2026-08-25 10:07:23
600613,20260821,20260821,上海神奇制药投资管理股份有限公司股票交易风险提示性公告,,1,https://www.cninfo.com.cn/new/disclosure/detail?annoId=1225487895,2026-08-25 10:07:23
600613,20260821,20260821,上海神奇制药投资管理股份有限公司关于控股股东的一致行动人权益变动触及1%刻度的提示性公告,,0,https://www.cninfo.com.cn/new/disclosure/detail?annoId=1225487893,2026-08-25 10:07:23
600613,20260821,20260825,上海神奇制药投资管理股份有限公司关于股票交易异常波动暨风险提示性公告,,2,https://www.cninfo.com.cn/new/disclosure/detail?annoId=1225497810,2026-08-25 10:07:23
600613,20260824,20260507,上海神奇制药投资管理股份有限公司关于参加2026年上海辖区上市公司年报集体业绩说明会的公告,,0,https://www.cninfo.com.cn/new/disclosure/detail?annoId=1225278417,2026-08-25 10:15:23
600613,20260824,20260509,上海神奇制药投资管理股份有限公司关于控股股东部分股票解除质押的公告,,0,https://www.cninfo.com.cn/new/disclosure/detail?annoId=1225284102,2026-08-25 10:15:23
600613,20260824,20260513,神奇制药：2025年年度股东会会议资料,,0,https://www.cninfo.com.cn/new/disclosure/detail?annoId=1225300884,2026-08-25 10:15:23
600613,20260824,20260520,上海神奇制药投资管理股份有限公司关于选举董事长、副董事长、董事会专门委员会委员及聘任高级管理人员的公告,,0,https://www.cninfo.com.cn/new/disclosure/detail?annoId=1225317529,2026-08-25 10:15:23
600613,20260824,20260520,上海神奇制药投资管理股份有限公司2025年年度股东会决议公告,,0,https://www.cninfo.com.cn/new/disclosure/detail?annoId=1225317526,2026-08-25 10:15:23
600613,20260824,20260520,上海神奇制药投资管理股份有限公司第十二届董事会第一次会议决议公告,,0,https://www.cninfo.com.cn/new/disclosure/detail?annoId=1225317523,2026-08-25 10:15:23
600613,20260824,20260520,上海中联（贵阳）律师事务所关于上海神奇制药投资管理股份有限公司召开2025年年度股东会的法律意见书,,0,https://www.cninfo.com.cn/new/disclosure/detail?annoId=1225317515,2026-08-25 10:15:23
600613,20260824,20260520,神奇制药：董事会提名委员会2026年第二次会议,,0,https://www.cninfo.com.cn/new/disclosure/detail?annoId=1225317509,2026-08-25 10:15:23
600613,20260824,20260520,神奇制药：审计委员会2026年第三次会议决议,,0,https://www.cninfo.com.cn/new/disclosure/detail?annoId=1225317508,2026-08-25 10:15:23
600613,20260824,20260520,上海神奇制药投资管理股份有限公司关于聘任董事会秘书的公告,,0,https://www.cninfo.com.cn/new/disclosure/detail?annoId=1225317506,2026-08-25 10:15:23
600613,20260824,20260610,上海神奇制药投资管理股份有限公司2025年年度权益分派实施公告,,0,https://www.cninfo.com.cn/new/disclosure/detail?annoId=1225360470,2026-08-25 10:15:23
600613,20260824,20260813,上海神奇制药投资管理股份有限公司关于控股股东的一致行动人权益变动触及1%刻度的提示性公告,,0,https://www.cninfo.com.cn/new/disclosure/detail?annoId=1225470870,2026-08-25 10:15:23
600613,20260824,20260813,上海神奇制药投资管理股份有限公司简式权益变动报告书,,0,https://www.cninfo.com.cn/new/disclosure/detail?annoId=1225470868,2026-08-25 10:15:23
600613,20260824,20260815,上海神奇制药投资管理股份有限公司关于股票交易异常波动的公告,,2,https://www.cninfo.com.cn/new/disclosure/detail?annoId=1225473598,2026-08-25 10:15:23
600613,20260824,20260818,上海神奇制药投资管理股份有限公司股票交易风险提示性公告,,1,https://www.cninfo.com.cn/new/disclosure/detail?annoId=1225477844,2026-08-25 10:15:23
600613,20260824,20260820,上海神奇制药投资管理股份有限公司关于股票交易异常波动的公告,,2,https://www.cninfo.com.cn/new/disclosure/detail?annoId=1225482692,2026-08-25 10:15:23
600613,20260824,20260821,上海神奇制药投资管理股份有限公司控股股东的一致行动人减持股份结果公告,,0,https://www.cninfo.com.cn/new/disclosure/detail?annoId=1225487897,2026-08-25 10:15:23
600613,20260824,20260821,上海神奇制药投资管理股份有限公司股票交易风险提示性公告,,1,https://www.cninfo.com.cn/new/disclosure/detail?annoId=1225487895,2026-08-25 10:15:23
600613,20260824,20260821,上海神奇制药投资管理股份有限公司关于控股股东的一致行动人权益变动触及1%刻度的提示性公告,,0,https://www.cninfo.com.cn/new/disclosure/detail?annoId=1225487893,2026-08-25 10:15:23
600613,20260824,20260825,上海神奇制药投资管理股份有限公司关于股票交易异常波动暨风险提示性公告,,2,https://www.cninfo.com.cn/new/disclosure/detail?annoId=1225497810,2026-08-25 10:15:23
600613,20260825,20260507,上海神奇制药投资管理股份有限公司关于参加2026年上海辖区上市公司年报集体业绩说明会的公告,,0,https://www.cninfo.com.cn/new/disclosure/detail?annoId=1225278417,2026-08-25 19:57:45
600613,20260825,20260509,上海神奇制药投资管理股份有限公司关于控股股东部分股票解除质押的公告,,0,https://www.cninfo.com.cn/new/disclosure/detail?annoId=1225284102,2026-08-25 19:57:45
600613,20260825,20260513,神奇制药：2025年年度股东会会议资料,,0,https://www.cninfo.com.cn/new/disclosure/detail?annoId=1225300884,2026-08-25 19:57:45
600613,20260825,20260520,上海神奇制药投资管理股份有限公司关于选举董事长、副董事长、董事会专门委员会委员及聘任高级管理人员的公告,,0,https://www.cninfo.com.cn/new/disclosure/detail?annoId=1225317529,2026-08-25 19:57:45
600613,20260825,20260520,上海神奇制药投资管理股份有限公司2025年年度股东会决议公告,,0,https://www.cninfo.com.cn/new/disclosure/detail?annoId=1225317526,2026-08-25 19:57:45
600613,20260825,20260520,上海神奇制药投资管理股份有限公司第十二届董事会第一次会议决议公告,,0,https://www.cninfo.com.cn/new/disclosure/detail?annoId=1225317523,2026-08-25 19:57:45
600613,20260825,20260520,上海中联（贵阳）律师事务所关于上海神奇制药投资管理股份有限公司召开2025年年度股东会的法律意见书,,0,https://www.cninfo.com.cn/new/disclosure/detail?annoId=1225317515,2026-08-25 19:57:45
600613,20260825,20260520,神奇制药：董事会提名委员会2026年第二次会议,,0,https://www.cninfo.com.cn/new/disclosure/detail?annoId=1225317509,2026-08-25 19:57:45
600613,20260825,20260520,神奇制药：审计委员会2026年第三次会议决议,,0,https://www.cninfo.com.cn/new/disclosure/detail?annoId=1225317508,2026-08-25 19:57:45
600613,20260825,20260520,上海神奇制药投资管理股份有限公司关于聘任董事会秘书的公告,,0,https://www.cninfo.com.cn/new/disclosure/detail?annoId=1225317506,2026-08-25 19:57:45
600613,20260825,20260610,上海神奇制药投资管理股份有限公司2025年年度权益分派实施公告,,0,https://www.cninfo.com.cn/new/disclosure/detail?annoId=1225360470,2026-08-25 19:57:45
600613,20260825,20260813,上海神奇制药投资管理股份有限公司关于控股股东的一致行动人权益变动触及1%刻度的提示性公告,,0,https://www.cninfo.com.cn/new/disclosure/detail?annoId=1225470870,2026-08-25 19:57:45
600613,20260825,20260813,上海神奇制药投资管理股份有限公司简式权益变动报告书,,0,https://www.cninfo.com.cn/new/disclosure/detail?annoId=1225470868,2026-08-25 19:57:45
600613,20260825,20260815,上海神奇制药投资管理股份有限公司关于股票交易异常波动的公告,,2,https://www.cninfo.com.cn/new/disclosure/detail?annoId=1225473598,2026-08-25 19:57:45
600613,20260825,20260818,上海神奇制药投资管理股份有限公司股票交易风险提示性公告,,1,https://www.cninfo.com.cn/new/disclosure/detail?annoId=1225477844,2026-08-25 19:57:45
600613,20260825,20260820,上海神奇制药投资管理股份有限公司关于股票交易异常波动的公告,,2,https://www.cninfo.com.cn/new/disclosure/detail?annoId=1225482692,2026-08-25 19:57:45
600613,20260825,20260821,上海神奇制药投资管理股份有限公司控股股东的一致行动人减持股份结果公告,,0,https://www.cninfo.com.cn/new/disclosure/detail?annoId=1225487897,2026-08-25 19:57:45
600613,20260825,20260821,上海神奇制药投资管理股份有限公司股票交易风险提示性公告,,1,https://www.cninfo.com.cn/new/disclosure/detail?annoId=1225487895,2026-08-25 19:57:45
600613,20260825,20260821,上海神奇制药投资管理股份有限公司关于控股股东的一致行动人权益变动触及1%刻度的提示性公告,,0,https://www.cninfo.com.cn/new/disclosure/detail?annoId=1225487893,2026-08-25 19:57:45
600613,20260825,20260825,上海神奇制药投资管理股份有限公司关于股票交易异常波动暨风险提示性公告,,2,https://www.cninfo.com.cn/new/disclosure/detail?annoId=1225497810,2026-08-25 19:57:45
600613,20260826,20260507,上海神奇制药投资管理股份有限公司关于参加2026年上海辖区上市公司年报集体业绩说明会的公告,,0,https://www.cninfo.com.cn/new/disclosure/detail?annoId=1225278417,2026-08-27 00:11:28
600613,20260826,20260509,上海神奇制药投资管理股份有限公司关于控股股东部分股票解除质押的公告,,0,https://www.cninfo.com.cn/new/disclosure/detail?annoId=1225284102,2026-08-27 00:11:28
600613,20260826,20260513,神奇制药：2025年年度股东会会议资料,,0,https://www.cninfo.com.cn/new/disclosure/detail?annoId=1225300884,2026-08-27 00:11:28
600613,20260826,20260520,上海神奇制药投资管理股份有限公司关于选举董事长、副董事长、董事会专门委员会委员及聘任高级管理人员的公告,,0,https://www.cninfo.com.cn/new/disclosure/detail?annoId=1225317529,2026-08-27 00:11:28
600613,20260826,20260520,上海神奇制药投资管理股份有限公司2025年年度股东会决议公告,,0,https://www.cninfo.com.cn/new/disclosure/detail?annoId=1225317526,2026-08-27 00:11:28
600613,20260826,20260520,上海神奇制药投资管理股份有限公司第十二届董事会第一次会议决议公告,,0,https://www.cninfo.com.cn/new/disclosure/detail?annoId=1225317523,2026-08-27 00:11:28
600613,20260826,20260520,上海中联（贵阳）律师事务所关于上海神奇制药投资管理股份有限公司召开2025年年度股东会的法律意见书,,0,https://www.cninfo.com.cn/new/disclosure/detail?annoId=1225317515,2026-08-27 00:11:28
600613,20260826,20260520,神奇制药：董事会提名委员会2026年第二次会议,,0,https://www.cninfo.com.cn/new/disclosure/detail?annoId=1225317509,2026-08-27 00:11:28
600613,20260826,20260520,神奇制药：审计委员会2026年第三次会议决议,,0,https://www.cninfo.com.cn/new/disclosure/detail?annoId=1225317508,2026-08-27 00:11:28
600613,20260826,20260520,上海神奇制药投资管理股份有限公司关于聘任董事会秘书的公告,,0,https://www.cninfo.com.cn/new/disclosure/detail?annoId=1225317506,2026-08-27 00:11:28
600613,20260826,20260610,上海神奇制药投资管理股份有限公司2025年年度权益分派实施公告,,0,https://www.cninfo.com.cn/new/disclosure/detail?annoId=1225360470,2026-08-27 00:11:28
600613,20260826,20260813,上海神奇制药投资管理股份有限公司关于控股股东的一致行动人权益变动触及1%刻度的提示性公告,,0,https://www.cninfo.com.cn/new/disclosure/detail?annoId=1225470870,2026-08-27 00:11:28
600613,20260826,20260813,上海神奇制药投资管理股份有限公司简式权益变动报告书,,0,https://www.cninfo.com.cn/new/disclosure/detail?annoId=1225470868,2026-08-27 00:11:28
600613,20260826,20260815,上海神奇制药投资管理股份有限公司关于股票交易异常波动的公告,,2,https://www.cninfo.com.cn/new/disclosure/detail?annoId=1225473598,2026-08-27 00:11:28
600613,20260826,20260818,上海神奇制药投资管理股份有限公司股票交易风险提示性公告,,1,https://www.cninfo.com.cn/new/disclosure/detail?annoId=1225477844,2026-08-27 00:11:28
600613,20260826,20260820,上海神奇制药投资管理股份有限公司关于股票交易异常波动的公告,,2,https://www.cninfo.com.cn/new/disclosure/detail?annoId=1225482692,2026-08-27 00:11:28
600613,20260826,20260821,上海神奇制药投资管理股份有限公司控股股东的一致行动人减持股份结果公告,,0,https://www.cninfo.com.cn/new/disclosure/detail?annoId=1225487897,2026-08-27 00:11:28
600613,20260826,20260821,上海神奇制药投资管理股份有限公司股票交易风险提示性公告,,1,https://www.cninfo.com.cn/new/disclosure/detail?annoId=1225487895,2026-08-27 00:11:28
600613,20260826,20260821,上海神奇制药投资管理股份有限公司关于控股股东的一致行动人权益变动触及1%刻度的提示性公告,,0,https://www.cninfo.com.cn/new/disclosure/detail?annoId=1225487893,2026-08-27 00:11:28
600613,20260826,20260825,上海神奇制药投资管理股份有限公司关于股票交易异常波动暨风险提示性公告,,2,https://www.cninfo.com.cn/new/disclosure/detail?annoId=1225497810,2026-08-27 00:11:28
600613,20260827,20260507,上海神奇制药投资管理股份有限公司关于参加2026年上海辖区上市公司年报集体业绩说明会的公告,,0,https://www.cninfo.com.cn/new/disclosure/detail?annoId=1225278417,2026-08-27 21:27:34
600613,20260827,20260509,上海神奇制药投资管理股份有限公司关于控股股东部分股票解除质押的公告,,0,https://www.cninfo.com.cn/new/disclosure/detail?annoId=1225284102,2026-08-27 21:27:34
600613,20260827,20260513,神奇制药：2025年年度股东会会议资料,,0,https://www.cninfo.com.cn/new/disclosure/detail?annoId=1225300884,2026-08-27 21:27:34
600613,20260827,20260520,上海神奇制药投资管理股份有限公司关于选举董事长、副董事长、董事会专门委员会委员及聘任高级管理人员的公告,,0,https://www.cninfo.com.cn/new/disclosure/detail?annoId=1225317529,2026-08-27 21:27:34
600613,20260827,20260520,上海神奇制药投资管理股份有限公司2025年年度股东会决议公告,,0,https://www.cninfo.com.cn/new/disclosure/detail?annoId=1225317526,2026-08-27 21:27:34
600613,20260827,20260520,上海神奇制药投资管理股份有限公司第十二届董事会第一次会议决议公告,,0,https://www.cninfo.com.cn/new/disclosure/detail?annoId=1225317523,2026-08-27 21:27:34
600613,20260827,20260520,上海中联（贵阳）律师事务所关于上海神奇制药投资管理股份有限公司召开2025年年度股东会的法律意见书,,0,https://www.cninfo.com.cn/new/disclosure/detail?annoId=1225317515,2026-08-27 21:27:34
600613,20260827,20260520,神奇制药：董事会提名委员会2026年第二次会议,,0,https://www.cninfo.com.cn/new/disclosure/detail?annoId=1225317509,2026-08-27 21:27:34
600613,20260827,20260520,神奇制药：审计委员会2026年第三次会议决议,,0,https://www.cninfo.com.cn/new/disclosure/detail?annoId=1225317508,2026-08-27 21:27:34
600613,20260827,20260520,上海神奇制药投资管理股份有限公司关于聘任董事会秘书的公告,,0,https://www.cninfo.com.cn/new/disclosure/detail?annoId=1225317506,2026-08-27 21:27:34
600613,20260827,20260610,上海神奇制药投资管理股份有限公司2025年年度权益分派实施公告,,0,https://www.cninfo.com.cn/new/disclosure/detail?annoId=1225360470,2026-08-27 21:27:34
600613,20260827,20260813,上海神奇制药投资管理股份有限公司关于控股股东的一致行动人权益变动触及1%刻度的提示性公告,,0,https://www.cninfo.com.cn/new/disclosure/detail?annoId=1225470870,2026-08-27 21:27:34
600613,20260827,20260813,上海神奇制药投资管理股份有限公司简式权益变动报告书,,0,https://www.cninfo.com.cn/new/disclosure/detail?annoId=1225470868,2026-08-27 21:27:34
600613,20260827,20260815,上海神奇制药投资管理股份有限公司关于股票交易异常波动的公告,,2,https://www.cninfo.com.cn/new/disclosure/detail?annoId=1225473598,2026-08-27 21:27:34
600613,20260827,20260818,上海神奇制药投资管理股份有限公司股票交易风险提示性公告,,1,https://www.cninfo.com.cn/new/disclosure/detail?annoId=1225477844,2026-08-27 21:27:34
600613,20260827,20260820,上海神奇制药投资管理股份有限公司关于股票交易异常波动的公告,,2,https://www.cninfo.com.cn/new/disclosure/detail?annoId=1225482692,2026-08-27 21:27:34
600613,20260827,20260821,上海神奇制药投资管理股份有限公司控股股东的一致行动人减持股份结果公告,,0,https://www.cninfo.com.cn/new/disclosure/detail?annoId=1225487897,2026-08-27 21:27:34
600613,20260827,20260821,上海神奇制药投资管理股份有限公司股票交易风险提示性公告,,1,https://www.cninfo.com.cn/new/disclosure/detail?annoId=1225487895,2026-08-27 21:27:34
600613,20260827,20260821,上海神奇制药投资管理股份有限公司关于控股股东的一致行动人权益变动触及1%刻度的提示性公告,,0,https://www.cninfo.com.cn/new/disclosure/detail?annoId=1225487893,2026-08-27 21:27:34
600613,20260827,20260825,上海神奇制药投资管理股份有限公司关于股票交易异常波动暨风险提示性公告,,2,https://www.cninfo.com.cn/new/disclosure/detail?annoId=1225497810,2026-08-27 21:27:34
600613,20260831,20260520,上海神奇制药投资管理股份有限公司关于选举董事长、副董事长、董事会专门委员会委员及聘任高级管理人员的公告,,0,https://www.cninfo.com.cn/new/disclosure/detail?annoId=1225317529,2026-08-31 21:10:29
600613,20260831,20260520,上海神奇制药投资管理股份有限公司2025年年度股东会决议公告,,0,https://www.cninfo.com.cn/new/disclosure/detail?annoId=1225317526,2026-08-31 21:10:29
600613,20260831,20260520,上海神奇制药投资管理股份有限公司第十二届董事会第一次会议决议公告,,0,https://www.cninfo.com.cn/new/disclosure/detail?annoId=1225317523,2026-08-31 21:10:29
600613,20260831,20260520,上海中联（贵阳）律师事务所关于上海神奇制药投资管理股份有限公司召开2025年年度股东会的法律意见书,,0,https://www.cninfo.com.cn/new/disclosure/detail?annoId=1225317515,2026-08-31 21:10:29
600613,20260831,20260610,上海神奇制药投资管理股份有限公司2025年年度权益分派实施公告,,0,https://www.cninfo.com.cn/new/disclosure/detail?annoId=1225360470,2026-08-31 21:10:29
600613,20260831,20260813,上海神奇制药投资管理股份有限公司关于控股股东的一致行动人权益变动触及1%刻度的提示性公告,,0,https://www.cninfo.com.cn/new/disclosure/detail?annoId=1225470870,2026-08-31 21:10:29
600613,20260831,20260813,上海神奇制药投资管理股份有限公司简式权益变动报告书,,0,https://www.cninfo.com.cn/new/disclosure/detail?annoId=1225470868,2026-08-31 21:10:29
600613,20260831,20260815,上海神奇制药投资管理股份有限公司关于股票交易异常波动的公告,,2,https://www.cninfo.com.cn/new/disclosure/detail?annoId=1225473598,2026-08-31 21:10:29
600613,20260831,20260818,上海神奇制药投资管理股份有限公司股票交易风险提示性公告,,1,https://www.cninfo.com.cn/new/disclosure/detail?annoId=1225477844,2026-08-31 21:10:29
600613,20260831,20260820,上海神奇制药投资管理股份有限公司关于股票交易异常波动的公告,,2,https://www.cninfo.com.cn/new/disclosure/detail?annoId=1225482692,2026-08-31 21:10:29
600613,20260831,20260821,上海神奇制药投资管理股份有限公司控股股东的一致行动人减持股份结果公告,,0,https://www.cninfo.com.cn/new/disclosure/detail?annoId=1225487897,2026-08-31 21:10:29
600613,20260831,20260821,上海神奇制药投资管理股份有限公司股票交易风险提示性公告,,1,https://www.cninfo.com.cn/new/disclosure/detail?annoId=1225487895,2026-08-31 21:10:29
600613,20260831,20260821,上海神奇制药投资管理股份有限公司关于控股股东的一致行动人权益变动触及1%刻度的提示性公告,,0,https://www.cninfo.com.cn/new/disclosure/detail?annoId=1225487893,2026-08-31 21:10:29
600613,20260831,20260825,上海神奇制药投资管理股份有限公司关于股票交易异常波动暨风险提示性公告,,2,https://www.cninfo.com.cn/new/disclosure/detail?annoId=1225497810,2026-08-31 21:10:29
600613,20260831,20260829,神奇制药：2026年半年度报告,,0,https://www.cninfo.com.cn/new/disclosure/detail?annoId=1225526334,2026-08-31 21:10:29
600613,20260831,20260829,上海神奇制药投资管理股份有限公司关于会计政策变更的公告,,0,https://www.cninfo.com.cn/new/disclosure/detail?annoId=1225526320,2026-08-31 21:10:29
600613,20260831,20260829,上海神奇制药投资管理股份有限公司2026年半年度主要运营数据,,0,https://www.cninfo.com.cn/new/disclosure/detail?annoId=1225526176,2026-08-31 21:10:29
600613,20260831,20260829,上海神奇制药投资管理股份有限公司第十二届董事会第二次会议决议公告,,0,https://www.cninfo.com.cn/new/disclosure/detail?annoId=1225526074,2026-08-31 21:10:29
600613,20260831,20260829,神奇制药：第十二届董事会第二会议决议,,0,https://www.cninfo.com.cn/new/disclosure/detail?annoId=1225526031,2026-08-31 21:10:29
600613,20260831,20260829,上海神奇制药投资管理股份有限公司2026年半年度报告摘要,,0,https://www.cninfo.com.cn/new/disclosure/detail?annoId=1225525993,2026-08-31 21:10:29
600664,20260722,20260625,哈药集团股份有限公司关于控股股东部分股份质押的公告,,0,https://www.cninfo.com.cn/new/disclosure/detail?annoId=1225384740,2026-08-26 22:20:13
600664,20260722,20260627,哈药集团股份有限公司关于所属企业获得化学原料药上市申请批准通知书的公告,,0,https://www.cninfo.com.cn/new/disclosure/detail?annoId=1225389677,2026-08-26 22:20:13
600664,20260722,20260710,哈药集团股份有限公司2026年半年度业绩预增公告,,0,https://www.cninfo.com.cn/new/disclosure/detail?annoId=1225416436,2026-08-26 22:20:13
600664,20260722,20260714,哈药集团有限公司关于哈药集团股份有限公司股票交易异常波动询证函的回复,,2,https://www.cninfo.com.cn/new/disclosure/detail?annoId=1225421804,2026-08-26 22:20:13
600664,20260722,20260714,哈药集团股份有限公司关于公司产品在《国家基本药物目录》中调整情况的公告,,0,https://www.cninfo.com.cn/new/disclosure/detail?annoId=1225421801,2026-08-26 22:20:13
600664,20260722,20260714,哈药集团股份有限公司股票交易异常波动公告,,2,https://www.cninfo.com.cn/new/disclosure/detail?annoId=1225421797,2026-08-26 22:20:13
600664,20260722,20260717,哈药集团股份有限公司股票交易异常波动公告,,2,https://www.cninfo.com.cn/new/disclosure/detail?annoId=1225427630,2026-08-26 22:20:13
600664,20260722,20260717,哈药集团股份有限公司十届二十七次董事会决议公告,,0,https://www.cninfo.com.cn/new/disclosure/detail?annoId=1225427628,2026-08-26 22:20:13
600664,20260722,20260717,哈药集团股份有限公司关于调整分公司挂牌出租部分闲置资产的公告,,0,https://www.cninfo.com.cn/new/disclosure/detail?annoId=1225427626,2026-08-26 22:20:13
600664,20260722,20260724,哈药集团股份有限公司股票交易严重异常波动暨风险提示公告,,3,https://www.cninfo.com.cn/new/disclosure/detail?annoId=1225438751,2026-08-26 22:20:13
600664,20260722,20260730,哈药集团股份有限公司关于所属企业获得化学原料药上市申请批准通知书的公告,,0,https://www.cninfo.com.cn/new/disclosure/detail?annoId=1225445863,2026-08-26 22:20:13
600664,20260722,20260804,哈药集团股份有限公司关于公司参与第十二批全国药品集中采购拟中选的公告,,0,https://www.cninfo.com.cn/new/disclosure/detail?annoId=1225454858,2026-08-26 22:20:13
600664,20260722,20260812,哈药集团股份有限公司股票交易异常波动公告,,2,https://www.cninfo.com.cn/new/disclosure/detail?annoId=1225468270,2026-08-26 22:20:13
600664,20260722,20260821,哈药集团股份有限公司股票交易严重异常波动暨风险提示公告,,3,https://www.cninfo.com.cn/new/disclosure/detail?annoId=1225486629,2026-08-26 22:20:13
600664,20260722,20260826,哈药集团股份有限公司十届二十八次董事会决议公告,,0,https://www.cninfo.com.cn/new/disclosure/detail?annoId=1225502747,2026-08-26 22:20:13
600664,20260722,20260826,哈药集团股份有限公司关于会计政策变更的公告,,0,https://www.cninfo.com.cn/new/disclosure/detail?annoId=1225502742,2026-08-26 22:20:13
600664,20260722,20260826,哈药集团股份有限公司2026年半年度报告,,0,https://www.cninfo.com.cn/new/disclosure/detail?annoId=1225502687,2026-08-26 22:20:13
600664,20260722,20260826,哈药集团股份有限公司关于召开2026年半年度业绩说明会的公告,,0,https://www.cninfo.com.cn/new/disclosure/detail?annoId=1225502644,2026-08-26 22:20:13
600664,20260722,20260826,哈药集团股份有限公司2026年半年度报告摘要,,0,https://www.cninfo.com.cn/new/disclosure/detail?annoId=1225502637,2026-08-26 22:20:13
600664,20260722,20260826,哈药集团股份有限公司关于计提资产减值准备的公告,,0,https://www.cninfo.com.cn/new/disclosure/detail?annoId=1225502636,2026-08-26 22:20:13
600664,20260807,20260625,哈药集团股份有限公司关于控股股东部分股份质押的公告,,0,https://www.cninfo.com.cn/new/disclosure/detail?annoId=1225384740,2026-08-25 21:42:00
600664,20260807,20260627,哈药集团股份有限公司关于所属企业获得化学原料药上市申请批准通知书的公告,,0,https://www.cninfo.com.cn/new/disclosure/detail?annoId=1225389677,2026-08-25 21:42:00
600664,20260807,20260710,哈药集团股份有限公司2026年半年度业绩预增公告,,0,https://www.cninfo.com.cn/new/disclosure/detail?annoId=1225416436,2026-08-25 21:42:00
600664,20260807,20260714,哈药集团有限公司关于哈药集团股份有限公司股票交易异常波动询证函的回复,,2,https://www.cninfo.com.cn/new/disclosure/detail?annoId=1225421804,2026-08-25 21:42:00
600664,20260807,20260714,哈药集团股份有限公司关于公司产品在《国家基本药物目录》中调整情况的公告,,0,https://www.cninfo.com.cn/new/disclosure/detail?annoId=1225421801,2026-08-25 21:42:00
600664,20260807,20260714,哈药集团股份有限公司股票交易异常波动公告,,2,https://www.cninfo.com.cn/new/disclosure/detail?annoId=1225421797,2026-08-25 21:42:00
600664,20260807,20260717,哈药集团股份有限公司股票交易异常波动公告,,2,https://www.cninfo.com.cn/new/disclosure/detail?annoId=1225427630,2026-08-25 21:42:00
600664,20260807,20260717,哈药集团股份有限公司十届二十七次董事会决议公告,,0,https://www.cninfo.com.cn/new/disclosure/detail?annoId=1225427628,2026-08-25 21:42:00
600664,20260807,20260717,哈药集团股份有限公司关于调整分公司挂牌出租部分闲置资产的公告,,0,https://www.cninfo.com.cn/new/disclosure/detail?annoId=1225427626,2026-08-25 21:42:00
600664,20260807,20260724,哈药集团股份有限公司股票交易严重异常波动暨风险提示公告,,3,https://www.cninfo.com.cn/new/disclosure/detail?annoId=1225438751,2026-08-25 21:42:00
600664,20260807,20260730,哈药集团股份有限公司关于所属企业获得化学原料药上市申请批准通知书的公告,,0,https://www.cninfo.com.cn/new/disclosure/detail?annoId=1225445863,2026-08-25 21:42:00
600664,20260807,20260804,哈药集团股份有限公司关于公司参与第十二批全国药品集中采购拟中选的公告,,0,https://www.cninfo.com.cn/new/disclosure/detail?annoId=1225454858,2026-08-25 21:42:00
600664,20260807,20260812,哈药集团股份有限公司股票交易异常波动公告,,2,https://www.cninfo.com.cn/new/disclosure/detail?annoId=1225468270,2026-08-25 21:42:00
600664,20260807,20260821,哈药集团股份有限公司股票交易严重异常波动暨风险提示公告,,3,https://www.cninfo.com.cn/new/disclosure/detail?annoId=1225486629,2026-08-25 21:42:00
600664,20260807,20260826,哈药集团股份有限公司十届二十八次董事会决议公告,,0,https://www.cninfo.com.cn/new/disclosure/detail?annoId=1225502747,2026-08-25 21:42:00
600664,20260807,20260826,哈药集团股份有限公司关于会计政策变更的公告,,0,https://www.cninfo.com.cn/new/disclosure/detail?annoId=1225502742,2026-08-25 21:42:00
600664,20260807,20260826,哈药集团股份有限公司2026年半年度报告,,0,https://www.cninfo.com.cn/new/disclosure/detail?annoId=1225502687,2026-08-25 21:42:00
600664,20260807,20260826,哈药集团股份有限公司关于召开2026年半年度业绩说明会的公告,,0,https://www.cninfo.com.cn/new/disclosure/detail?annoId=1225502644,2026-08-25 21:42:00
600664,20260807,20260826,哈药集团股份有限公司2026年半年度报告摘要,,0,https://www.cninfo.com.cn/new/disclosure/detail?annoId=1225502637,2026-08-25 21:42:00
600664,20260807,20260826,哈药集团股份有限公司关于计提资产减值准备的公告,,0,https://www.cninfo.com.cn/new/disclosure/detail?annoId=1225502636,2026-08-25 21:42:00
600664,20260819,20260625,哈药集团股份有限公司关于控股股东部分股份质押的公告,,0,https://www.cninfo.com.cn/new/disclosure/detail?annoId=1225384740,2026-08-26 10:40:34
600664,20260819,20260627,哈药集团股份有限公司关于所属企业获得化学原料药上市申请批准通知书的公告,,0,https://www.cninfo.com.cn/new/disclosure/detail?annoId=1225389677,2026-08-26 10:40:34
600664,20260819,20260710,哈药集团股份有限公司2026年半年度业绩预增公告,,0,https://www.cninfo.com.cn/new/disclosure/detail?annoId=1225416436,2026-08-26 10:40:34
600664,20260819,20260714,哈药集团有限公司关于哈药集团股份有限公司股票交易异常波动询证函的回复,,2,https://www.cninfo.com.cn/new/disclosure/detail?annoId=1225421804,2026-08-26 10:40:34
600664,20260819,20260714,哈药集团股份有限公司关于公司产品在《国家基本药物目录》中调整情况的公告,,0,https://www.cninfo.com.cn/new/disclosure/detail?annoId=1225421801,2026-08-26 10:40:34
600664,20260819,20260714,哈药集团股份有限公司股票交易异常波动公告,,2,https://www.cninfo.com.cn/new/disclosure/detail?annoId=1225421797,2026-08-26 10:40:34
600664,20260819,20260717,哈药集团股份有限公司股票交易异常波动公告,,2,https://www.cninfo.com.cn/new/disclosure/detail?annoId=1225427630,2026-08-26 10:40:34
600664,20260819,20260717,哈药集团股份有限公司十届二十七次董事会决议公告,,0,https://www.cninfo.com.cn/new/disclosure/detail?annoId=1225427628,2026-08-26 10:40:34
600664,20260819,20260717,哈药集团股份有限公司关于调整分公司挂牌出租部分闲置资产的公告,,0,https://www.cninfo.com.cn/new/disclosure/detail?annoId=1225427626,2026-08-26 10:40:34
600664,20260819,20260724,哈药集团股份有限公司股票交易严重异常波动暨风险提示公告,,3,https://www.cninfo.com.cn/new/disclosure/detail?annoId=1225438751,2026-08-26 10:40:34
600664,20260819,20260730,哈药集团股份有限公司关于所属企业获得化学原料药上市申请批准通知书的公告,,0,https://www.cninfo.com.cn/new/disclosure/detail?annoId=1225445863,2026-08-26 10:40:34
600664,20260819,20260804,哈药集团股份有限公司关于公司参与第十二批全国药品集中采购拟中选的公告,,0,https://www.cninfo.com.cn/new/disclosure/detail?annoId=1225454858,2026-08-26 10:40:34
600664,20260819,20260812,哈药集团股份有限公司股票交易异常波动公告,,2,https://www.cninfo.com.cn/new/disclosure/detail?annoId=1225468270,2026-08-26 10:40:34
600664,20260819,20260821,哈药集团股份有限公司股票交易严重异常波动暨风险提示公告,,3,https://www.cninfo.com.cn/new/disclosure/detail?annoId=1225486629,2026-08-26 10:40:34
600664,20260819,20260826,哈药集团股份有限公司十届二十八次董事会决议公告,,0,https://www.cninfo.com.cn/new/disclosure/detail?annoId=1225502747,2026-08-26 10:40:34
600664,20260819,20260826,哈药集团股份有限公司关于会计政策变更的公告,,0,https://www.cninfo.com.cn/new/disclosure/detail?annoId=1225502742,2026-08-26 10:40:34
600664,20260819,20260826,哈药集团股份有限公司2026年半年度报告,,0,https://www.cninfo.com.cn/new/disclosure/detail?annoId=1225502687,2026-08-26 10:40:34
600664,20260819,20260826,哈药集团股份有限公司关于召开2026年半年度业绩说明会的公告,,0,https://www.cninfo.com.cn/new/disclosure/detail?annoId=1225502644,2026-08-26 10:40:34
600664,20260819,20260826,哈药集团股份有限公司2026年半年度报告摘要,,0,https://www.cninfo.com.cn/new/disclosure/detail?annoId=1225502637,2026-08-26 10:40:34
600664,20260819,20260826,哈药集团股份有限公司关于计提资产减值准备的公告,,0,https://www.cninfo.com.cn/new/disclosure/detail?annoId=1225502636,2026-08-26 10:40:34
600664,20260821,20260604,哈药集团股份有限公司2025年年度股东会会议材料,,0,https://www.cninfo.com.cn/new/disclosure/detail?annoId=1225349006,2026-08-25 10:07:23
600664,20260821,20260611,哈药集团股份有限公司关于全资子公司签订《技术转让（委托）合同》进展暨达普司他片进入Ⅲ期临床试验（确证性临床研究）的公告,,0,https://www.cninfo.com.cn/new/disclosure/detail?annoId=1225361961,2026-08-25 10:07:23
600664,20260821,20260624,哈药集团股份有限公司关于所属企业获得药品注册证书的公告,,0,https://www.cninfo.com.cn/new/disclosure/detail?annoId=1225383186,2026-08-25 10:07:23
600664,20260821,20260624,哈药集团股份有限公司2025年年度股东会决议公告,,0,https://www.cninfo.com.cn/new/disclosure/detail?annoId=1225383180,2026-08-25 10:07:23
600664,20260821,20260624,哈药集团股份有限公司关于所属企业获得药品注册证书的公告,,0,https://www.cninfo.com.cn/new/disclosure/detail?annoId=1225383179,2026-08-25 10:07:23
600664,20260821,20260624,北京岳成（黑龙江）律师事务所关于哈药集团股份有限公司2025年年度股东会之法律意见书,,0,https://www.cninfo.com.cn/new/disclosure/detail?annoId=1225383178,2026-08-25 10:07:23
600664,20260821,20260625,哈药集团股份有限公司关于控股股东部分股份质押的公告,,0,https://www.cninfo.com.cn/new/disclosure/detail?annoId=1225384740,2026-08-25 10:07:23
600664,20260821,20260627,哈药集团股份有限公司关于所属企业获得化学原料药上市申请批准通知书的公告,,0,https://www.cninfo.com.cn/new/disclosure/detail?annoId=1225389677,2026-08-25 10:07:23
600664,20260821,20260710,哈药集团股份有限公司2026年半年度业绩预增公告,,0,https://www.cninfo.com.cn/new/disclosure/detail?annoId=1225416436,2026-08-25 10:07:23
600664,20260821,20260714,哈药集团有限公司关于哈药集团股份有限公司股票交易异常波动询证函的回复,,2,https://www.cninfo.com.cn/new/disclosure/detail?annoId=1225421804,2026-08-25 10:07:23
600664,20260821,20260714,哈药集团股份有限公司关于公司产品在《国家基本药物目录》中调整情况的公告,,0,https://www.cninfo.com.cn/new/disclosure/detail?annoId=1225421801,2026-08-25 10:07:23
600664,20260821,20260714,哈药集团股份有限公司股票交易异常波动公告,,2,https://www.cninfo.com.cn/new/disclosure/detail?annoId=1225421797,2026-08-25 10:07:23
600664,20260821,20260717,哈药集团股份有限公司股票交易异常波动公告,,2,https://www.cninfo.com.cn/new/disclosure/detail?annoId=1225427630,2026-08-25 10:07:23
600664,20260821,20260717,哈药集团股份有限公司十届二十七次董事会决议公告,,0,https://www.cninfo.com.cn/new/disclosure/detail?annoId=1225427628,2026-08-25 10:07:23
600664,20260821,20260717,哈药集团股份有限公司关于调整分公司挂牌出租部分闲置资产的公告,,0,https://www.cninfo.com.cn/new/disclosure/detail?annoId=1225427626,2026-08-25 10:07:23
600664,20260821,20260724,哈药集团股份有限公司股票交易严重异常波动暨风险提示公告,,3,https://www.cninfo.com.cn/new/disclosure/detail?annoId=1225438751,2026-08-25 10:07:23
600664,20260821,20260730,哈药集团股份有限公司关于所属企业获得化学原料药上市申请批准通知书的公告,,0,https://www.cninfo.com.cn/new/disclosure/detail?annoId=1225445863,2026-08-25 10:07:23
600664,20260821,20260804,哈药集团股份有限公司关于公司参与第十二批全国药品集中采购拟中选的公告,,0,https://www.cninfo.com.cn/new/disclosure/detail?annoId=1225454858,2026-08-25 10:07:23
600664,20260821,20260812,哈药集团股份有限公司股票交易异常波动公告,,2,https://www.cninfo.com.cn/new/disclosure/detail?annoId=1225468270,2026-08-25 10:07:23
600664,20260821,20260821,哈药集团股份有限公司股票交易严重异常波动暨风险提示公告,,3,https://www.cninfo.com.cn/new/disclosure/detail?annoId=1225486629,2026-08-25 10:07:23
600664,20260824,20260604,哈药集团股份有限公司2025年年度股东会会议材料,,0,https://www.cninfo.com.cn/new/disclosure/detail?annoId=1225349006,2026-08-25 10:15:23
600664,20260824,20260611,哈药集团股份有限公司关于全资子公司签订《技术转让（委托）合同》进展暨达普司他片进入Ⅲ期临床试验（确证性临床研究）的公告,,0,https://www.cninfo.com.cn/new/disclosure/detail?annoId=1225361961,2026-08-25 10:15:23
600664,20260824,20260624,哈药集团股份有限公司关于所属企业获得药品注册证书的公告,,0,https://www.cninfo.com.cn/new/disclosure/detail?annoId=1225383186,2026-08-25 10:15:23
600664,20260824,20260624,哈药集团股份有限公司2025年年度股东会决议公告,,0,https://www.cninfo.com.cn/new/disclosure/detail?annoId=1225383180,2026-08-25 10:15:23
600664,20260824,20260624,哈药集团股份有限公司关于所属企业获得药品注册证书的公告,,0,https://www.cninfo.com.cn/new/disclosure/detail?annoId=1225383179,2026-08-25 10:15:23
600664,20260824,20260624,北京岳成（黑龙江）律师事务所关于哈药集团股份有限公司2025年年度股东会之法律意见书,,0,https://www.cninfo.com.cn/new/disclosure/detail?annoId=1225383178,2026-08-25 10:15:23
600664,20260824,20260625,哈药集团股份有限公司关于控股股东部分股份质押的公告,,0,https://www.cninfo.com.cn/new/disclosure/detail?annoId=1225384740,2026-08-25 10:15:23
600664,20260824,20260627,哈药集团股份有限公司关于所属企业获得化学原料药上市申请批准通知书的公告,,0,https://www.cninfo.com.cn/new/disclosure/detail?annoId=1225389677,2026-08-25 10:15:23
600664,20260824,20260710,哈药集团股份有限公司2026年半年度业绩预增公告,,0,https://www.cninfo.com.cn/new/disclosure/detail?annoId=1225416436,2026-08-25 10:15:23
600664,20260824,20260714,哈药集团有限公司关于哈药集团股份有限公司股票交易异常波动询证函的回复,,2,https://www.cninfo.com.cn/new/disclosure/detail?annoId=1225421804,2026-08-25 10:15:23
600664,20260824,20260714,哈药集团股份有限公司关于公司产品在《国家基本药物目录》中调整情况的公告,,0,https://www.cninfo.com.cn/new/disclosure/detail?annoId=1225421801,2026-08-25 10:15:23
600664,20260824,20260714,哈药集团股份有限公司股票交易异常波动公告,,2,https://www.cninfo.com.cn/new/disclosure/detail?annoId=1225421797,2026-08-25 10:15:23
600664,20260824,20260717,哈药集团股份有限公司股票交易异常波动公告,,2,https://www.cninfo.com.cn/new/disclosure/detail?annoId=1225427630,2026-08-25 10:15:23
600664,20260824,20260717,哈药集团股份有限公司十届二十七次董事会决议公告,,0,https://www.cninfo.com.cn/new/disclosure/detail?annoId=1225427628,2026-08-25 10:15:23
600664,20260824,20260717,哈药集团股份有限公司关于调整分公司挂牌出租部分闲置资产的公告,,0,https://www.cninfo.com.cn/new/disclosure/detail?annoId=1225427626,2026-08-25 10:15:23
600664,20260824,20260724,哈药集团股份有限公司股票交易严重异常波动暨风险提示公告,,3,https://www.cninfo.com.cn/new/disclosure/detail?annoId=1225438751,2026-08-25 10:15:23
600664,20260824,20260730,哈药集团股份有限公司关于所属企业获得化学原料药上市申请批准通知书的公告,,0,https://www.cninfo.com.cn/new/disclosure/detail?annoId=1225445863,2026-08-25 10:15:23
600664,20260824,20260804,哈药集团股份有限公司关于公司参与第十二批全国药品集中采购拟中选的公告,,0,https://www.cninfo.com.cn/new/disclosure/detail?annoId=1225454858,2026-08-25 10:15:23
600664,20260824,20260812,哈药集团股份有限公司股票交易异常波动公告,,2,https://www.cninfo.com.cn/new/disclosure/detail?annoId=1225468270,2026-08-25 10:15:23
600664,20260824,20260821,哈药集团股份有限公司股票交易严重异常波动暨风险提示公告,,3,https://www.cninfo.com.cn/new/disclosure/detail?annoId=1225486629,2026-08-25 10:15:23
600664,20260825,20260625,哈药集团股份有限公司关于控股股东部分股份质押的公告,,0,https://www.cninfo.com.cn/new/disclosure/detail?annoId=1225384740,2026-08-25 19:57:45
600664,20260825,20260627,哈药集团股份有限公司关于所属企业获得化学原料药上市申请批准通知书的公告,,0,https://www.cninfo.com.cn/new/disclosure/detail?annoId=1225389677,2026-08-25 19:57:45
600664,20260825,20260710,哈药集团股份有限公司2026年半年度业绩预增公告,,0,https://www.cninfo.com.cn/new/disclosure/detail?annoId=1225416436,2026-08-25 19:57:45
600664,20260825,20260714,哈药集团有限公司关于哈药集团股份有限公司股票交易异常波动询证函的回复,,2,https://www.cninfo.com.cn/new/disclosure/detail?annoId=1225421804,2026-08-25 19:57:45
600664,20260825,20260714,哈药集团股份有限公司关于公司产品在《国家基本药物目录》中调整情况的公告,,0,https://www.cninfo.com.cn/new/disclosure/detail?annoId=1225421801,2026-08-25 19:57:45
600664,20260825,20260714,哈药集团股份有限公司股票交易异常波动公告,,2,https://www.cninfo.com.cn/new/disclosure/detail?annoId=1225421797,2026-08-25 19:57:45
600664,20260825,20260717,哈药集团股份有限公司股票交易异常波动公告,,2,https://www.cninfo.com.cn/new/disclosure/detail?annoId=1225427630,2026-08-25 19:57:45
600664,20260825,20260717,哈药集团股份有限公司十届二十七次董事会决议公告,,0,https://www.cninfo.com.cn/new/disclosure/detail?annoId=1225427628,2026-08-25 19:57:45
600664,20260825,20260717,哈药集团股份有限公司关于调整分公司挂牌出租部分闲置资产的公告,,0,https://www.cninfo.com.cn/new/disclosure/detail?annoId=1225427626,2026-08-25 19:57:45
600664,20260825,20260724,哈药集团股份有限公司股票交易严重异常波动暨风险提示公告,,3,https://www.cninfo.com.cn/new/disclosure/detail?annoId=1225438751,2026-08-25 19:57:45
600664,20260825,20260730,哈药集团股份有限公司关于所属企业获得化学原料药上市申请批准通知书的公告,,0,https://www.cninfo.com.cn/new/disclosure/detail?annoId=1225445863,2026-08-25 19:57:45
600664,20260825,20260804,哈药集团股份有限公司关于公司参与第十二批全国药品集中采购拟中选的公告,,0,https://www.cninfo.com.cn/new/disclosure/detail?annoId=1225454858,2026-08-25 19:57:45
600664,20260825,20260812,哈药集团股份有限公司股票交易异常波动公告,,2,https://www.cninfo.com.cn/new/disclosure/detail?annoId=1225468270,2026-08-25 19:57:45
600664,20260825,20260821,哈药集团股份有限公司股票交易严重异常波动暨风险提示公告,,3,https://www.cninfo.com.cn/new/disclosure/detail?annoId=1225486629,2026-08-25 19:57:45
600664,20260825,20260826,哈药集团股份有限公司十届二十八次董事会决议公告,,0,https://www.cninfo.com.cn/new/disclosure/detail?annoId=1225502747,2026-08-25 19:57:45
600664,20260825,20260826,哈药集团股份有限公司关于会计政策变更的公告,,0,https://www.cninfo.com.cn/new/disclosure/detail?annoId=1225502742,2026-08-25 19:57:45
600664,20260825,20260826,哈药集团股份有限公司2026年半年度报告,,0,https://www.cninfo.com.cn/new/disclosure/detail?annoId=1225502687,2026-08-25 19:57:45
600664,20260825,20260826,哈药集团股份有限公司关于召开2026年半年度业绩说明会的公告,,0,https://www.cninfo.com.cn/new/disclosure/detail?annoId=1225502644,2026-08-25 19:57:45
600664,20260825,20260826,哈药集团股份有限公司2026年半年度报告摘要,,0,https://www.cninfo.com.cn/new/disclosure/detail?annoId=1225502637,2026-08-25 19:57:45
600664,20260825,20260826,哈药集团股份有限公司关于计提资产减值准备的公告,,0,https://www.cninfo.com.cn/new/disclosure/detail?annoId=1225502636,2026-08-25 19:57:45
600664,20260826,20260625,哈药集团股份有限公司关于控股股东部分股份质押的公告,,0,https://www.cninfo.com.cn/new/disclosure/detail?annoId=1225384740,2026-08-27 00:11:28
600664,20260826,20260627,哈药集团股份有限公司关于所属企业获得化学原料药上市申请批准通知书的公告,,0,https://www.cninfo.com.cn/new/disclosure/detail?annoId=1225389677,2026-08-27 00:11:28
600664,20260826,20260710,哈药集团股份有限公司2026年半年度业绩预增公告,,0,https://www.cninfo.com.cn/new/disclosure/detail?annoId=1225416436,2026-08-27 00:11:28
600664,20260826,20260714,哈药集团有限公司关于哈药集团股份有限公司股票交易异常波动询证函的回复,,2,https://www.cninfo.com.cn/new/disclosure/detail?annoId=1225421804,2026-08-27 00:11:28
600664,20260826,20260714,哈药集团股份有限公司关于公司产品在《国家基本药物目录》中调整情况的公告,,0,https://www.cninfo.com.cn/new/disclosure/detail?annoId=1225421801,2026-08-27 00:11:28
600664,20260826,20260714,哈药集团股份有限公司股票交易异常波动公告,,2,https://www.cninfo.com.cn/new/disclosure/detail?annoId=1225421797,2026-08-27 00:11:28
600664,20260826,20260717,哈药集团股份有限公司股票交易异常波动公告,,2,https://www.cninfo.com.cn/new/disclosure/detail?annoId=1225427630,2026-08-27 00:11:28
600664,20260826,20260717,哈药集团股份有限公司十届二十七次董事会决议公告,,0,https://www.cninfo.com.cn/new/disclosure/detail?annoId=1225427628,2026-08-27 00:11:28
600664,20260826,20260717,哈药集团股份有限公司关于调整分公司挂牌出租部分闲置资产的公告,,0,https://www.cninfo.com.cn/new/disclosure/detail?annoId=1225427626,2026-08-27 00:11:28
600664,20260826,20260724,哈药集团股份有限公司股票交易严重异常波动暨风险提示公告,,3,https://www.cninfo.com.cn/new/disclosure/detail?annoId=1225438751,2026-08-27 00:11:28
600664,20260826,20260730,哈药集团股份有限公司关于所属企业获得化学原料药上市申请批准通知书的公告,,0,https://www.cninfo.com.cn/new/disclosure/detail?annoId=1225445863,2026-08-27 00:11:28
600664,20260826,20260804,哈药集团股份有限公司关于公司参与第十二批全国药品集中采购拟中选的公告,,0,https://www.cninfo.com.cn/new/disclosure/detail?annoId=1225454858,2026-08-27 00:11:28
600664,20260826,20260812,哈药集团股份有限公司股票交易异常波动公告,,2,https://www.cninfo.com.cn/new/disclosure/detail?annoId=1225468270,2026-08-27 00:11:28
600664,20260826,20260821,哈药集团股份有限公司股票交易严重异常波动暨风险提示公告,,3,https://www.cninfo.com.cn/new/disclosure/detail?annoId=1225486629,2026-08-27 00:11:28
600664,20260826,20260826,哈药集团股份有限公司十届二十八次董事会决议公告,,0,https://www.cninfo.com.cn/new/disclosure/detail?annoId=1225502747,2026-08-27 00:11:28
600664,20260826,20260826,哈药集团股份有限公司关于会计政策变更的公告,,0,https://www.cninfo.com.cn/new/disclosure/detail?annoId=1225502742,2026-08-27 00:11:28
600664,20260826,20260826,哈药集团股份有限公司2026年半年度报告,,0,https://www.cninfo.com.cn/new/disclosure/detail?annoId=1225502687,2026-08-27 00:11:28
600664,20260826,20260826,哈药集团股份有限公司关于召开2026年半年度业绩说明会的公告,,0,https://www.cninfo.com.cn/new/disclosure/detail?annoId=1225502644,2026-08-27 00:11:28
600664,20260826,20260826,哈药集团股份有限公司2026年半年度报告摘要,,0,https://www.cninfo.com.cn/new/disclosure/detail?annoId=1225502637,2026-08-27 00:11:28
600664,20260826,20260826,哈药集团股份有限公司关于计提资产减值准备的公告,,0,https://www.cninfo.com.cn/new/disclosure/detail?annoId=1225502636,2026-08-27 00:11:28
600664,20260827,20260625,哈药集团股份有限公司关于控股股东部分股份质押的公告,,0,https://www.cninfo.com.cn/new/disclosure/detail?annoId=1225384740,2026-08-27 21:27:34
600664,20260827,20260627,哈药集团股份有限公司关于所属企业获得化学原料药上市申请批准通知书的公告,,0,https://www.cninfo.com.cn/new/disclosure/detail?annoId=1225389677,2026-08-27 21:27:34
600664,20260827,20260710,哈药集团股份有限公司2026年半年度业绩预增公告,,0,https://www.cninfo.com.cn/new/disclosure/detail?annoId=1225416436,2026-08-27 21:27:34
600664,20260827,20260714,哈药集团有限公司关于哈药集团股份有限公司股票交易异常波动询证函的回复,,2,https://www.cninfo.com.cn/new/disclosure/detail?annoId=1225421804,2026-08-27 21:27:34
600664,20260827,20260714,哈药集团股份有限公司关于公司产品在《国家基本药物目录》中调整情况的公告,,0,https://www.cninfo.com.cn/new/disclosure/detail?annoId=1225421801,2026-08-27 21:27:34
600664,20260827,20260714,哈药集团股份有限公司股票交易异常波动公告,,2,https://www.cninfo.com.cn/new/disclosure/detail?annoId=1225421797,2026-08-27 21:27:34
600664,20260827,20260717,哈药集团股份有限公司股票交易异常波动公告,,2,https://www.cninfo.com.cn/new/disclosure/detail?annoId=1225427630,2026-08-27 21:27:34
600664,20260827,20260717,哈药集团股份有限公司十届二十七次董事会决议公告,,0,https://www.cninfo.com.cn/new/disclosure/detail?annoId=1225427628,2026-08-27 21:27:34
600664,20260827,20260717,哈药集团股份有限公司关于调整分公司挂牌出租部分闲置资产的公告,,0,https://www.cninfo.com.cn/new/disclosure/detail?annoId=1225427626,2026-08-27 21:27:34
600664,20260827,20260724,哈药集团股份有限公司股票交易严重异常波动暨风险提示公告,,3,https://www.cninfo.com.cn/new/disclosure/detail?annoId=1225438751,2026-08-27 21:27:34
600664,20260827,20260730,哈药集团股份有限公司关于所属企业获得化学原料药上市申请批准通知书的公告,,0,https://www.cninfo.com.cn/new/disclosure/detail?annoId=1225445863,2026-08-27 21:27:34
600664,20260827,20260804,哈药集团股份有限公司关于公司参与第十二批全国药品集中采购拟中选的公告,,0,https://www.cninfo.com.cn/new/disclosure/detail?annoId=1225454858,2026-08-27 21:27:34
600664,20260827,20260812,哈药集团股份有限公司股票交易异常波动公告,,2,https://www.cninfo.com.cn/new/disclosure/detail?annoId=1225468270,2026-08-27 21:27:34
600664,20260827,20260821,哈药集团股份有限公司股票交易严重异常波动暨风险提示公告,,3,https://www.cninfo.com.cn/new/disclosure/detail?annoId=1225486629,2026-08-27 21:27:34
600664,20260827,20260826,哈药集团股份有限公司十届二十八次董事会决议公告,,0,https://www.cninfo.com.cn/new/disclosure/detail?annoId=1225502747,2026-08-27 21:27:34
600664,20260827,20260826,哈药集团股份有限公司关于会计政策变更的公告,,0,https://www.cninfo.com.cn/new/disclosure/detail?annoId=1225502742,2026-08-27 21:27:34
600664,20260827,20260826,哈药集团股份有限公司2026年半年度报告,,0,https://www.cninfo.com.cn/new/disclosure/detail?annoId=1225502687,2026-08-27 21:27:34
600664,20260827,20260826,哈药集团股份有限公司关于召开2026年半年度业绩说明会的公告,,0,https://www.cninfo.com.cn/new/disclosure/detail?annoId=1225502644,2026-08-27 21:27:34
600664,20260827,20260826,哈药集团股份有限公司2026年半年度报告摘要,,0,https://www.cninfo.com.cn/new/disclosure/detail?annoId=1225502637,2026-08-27 21:27:34
600664,20260827,20260826,哈药集团股份有限公司关于计提资产减值准备的公告,,0,https://www.cninfo.com.cn/new/disclosure/detail?annoId=1225502636,2026-08-27 21:27:34
600664,20260831,20260625,哈药集团股份有限公司关于控股股东部分股份质押的公告,,0,https://www.cninfo.com.cn/new/disclosure/detail?annoId=1225384740,2026-08-31 21:10:29
600664,20260831,20260627,哈药集团股份有限公司关于所属企业获得化学原料药上市申请批准通知书的公告,,0,https://www.cninfo.com.cn/new/disclosure/detail?annoId=1225389677,2026-08-31 21:10:29
600664,20260831,20260710,哈药集团股份有限公司2026年半年度业绩预增公告,,0,https://www.cninfo.com.cn/new/disclosure/detail?annoId=1225416436,2026-08-31 21:10:29
600664,20260831,20260714,哈药集团有限公司关于哈药集团股份有限公司股票交易异常波动询证函的回复,,2,https://www.cninfo.com.cn/new/disclosure/detail?annoId=1225421804,2026-08-31 21:10:29
600664,20260831,20260714,哈药集团股份有限公司关于公司产品在《国家基本药物目录》中调整情况的公告,,0,https://www.cninfo.com.cn/new/disclosure/detail?annoId=1225421801,2026-08-31 21:10:29
600664,20260831,20260714,哈药集团股份有限公司股票交易异常波动公告,,2,https://www.cninfo.com.cn/new/disclosure/detail?annoId=1225421797,2026-08-31 21:10:29
600664,20260831,20260717,哈药集团股份有限公司股票交易异常波动公告,,2,https://www.cninfo.com.cn/new/disclosure/detail?annoId=1225427630,2026-08-31 21:10:29
600664,20260831,20260717,哈药集团股份有限公司十届二十七次董事会决议公告,,0,https://www.cninfo.com.cn/new/disclosure/detail?annoId=1225427628,2026-08-31 21:10:29
600664,20260831,20260717,哈药集团股份有限公司关于调整分公司挂牌出租部分闲置资产的公告,,0,https://www.cninfo.com.cn/new/disclosure/detail?annoId=1225427626,2026-08-31 21:10:29
600664,20260831,20260724,哈药集团股份有限公司股票交易严重异常波动暨风险提示公告,,3,https://www.cninfo.com.cn/new/disclosure/detail?annoId=1225438751,2026-08-31 21:10:29
600664,20260831,20260730,哈药集团股份有限公司关于所属企业获得化学原料药上市申请批准通知书的公告,,0,https://www.cninfo.com.cn/new/disclosure/detail?annoId=1225445863,2026-08-31 21:10:29
600664,20260831,20260804,哈药集团股份有限公司关于公司参与第十二批全国药品集中采购拟中选的公告,,0,https://www.cninfo.com.cn/new/disclosure/detail?annoId=1225454858,2026-08-31 21:10:29
600664,20260831,20260812,哈药集团股份有限公司股票交易异常波动公告,,2,https://www.cninfo.com.cn/new/disclosure/detail?annoId=1225468270,2026-08-31 21:10:29
600664,20260831,20260821,哈药集团股份有限公司股票交易严重异常波动暨风险提示公告,,3,https://www.cninfo.com.cn/new/disclosure/detail?annoId=1225486629,2026-08-31 21:10:29
600664,20260831,20260826,哈药集团股份有限公司十届二十八次董事会决议公告,,0,https://www.cninfo.com.cn/new/disclosure/detail?annoId=1225502747,2026-08-31 21:10:29
600664,20260831,20260826,哈药集团股份有限公司关于会计政策变更的公告,,0,https://www.cninfo.com.cn/new/disclosure/detail?annoId=1225502742,2026-08-31 21:10:29
600664,20260831,20260826,哈药集团股份有限公司2026年半年度报告,,0,https://www.cninfo.com.cn/new/disclosure/detail?annoId=1225502687,2026-08-31 21:10:29
600664,20260831,20260826,哈药集团股份有限公司关于召开2026年半年度业绩说明会的公告,,0,https://www.cninfo.com.cn/new/disclosure/detail?annoId=1225502644,2026-08-31 21:10:29
600664,20260831,20260826,哈药集团股份有限公司2026年半年度报告摘要,,0,https://www.cninfo.com.cn/new/disclosure/detail?annoId=1225502637,2026-08-31 21:10:29
600664,20260831,20260826,哈药集团股份有限公司关于计提资产减值准备的公告,,0,https://www.cninfo.com.cn/new/disclosure/detail?annoId=1225502636,2026-08-31 21:10:29
600683,20260819,20260611,京投发展股份有限公司2026年第四次临时股东会决议公告,,0,https://www.cninfo.com.cn/new/disclosure/detail?annoId=1225362802,2026-08-26 10:40:35
600683,20260819,20260613,京投发展股份有限公司关于筹划重大资产重组的进展公告,,0,https://www.cninfo.com.cn/new/disclosure/detail?annoId=1225369361,2026-08-26 10:40:35
600683,20260819,20260624,京投发展股份有限公司第十二届董事会第二十七次会议决议公告,,0,https://www.cninfo.com.cn/new/disclosure/detail?annoId=1225384135,2026-08-26 10:40:35
600683,20260819,20260624,京投发展股份有限公司关于放弃相关商业机会的公告,,0,https://www.cninfo.com.cn/new/disclosure/detail?annoId=1225384130,2026-08-26 10:40:35
600683,20260819,20260711,京投发展股份有限公司关于筹划重大资产重组的进展公告,,0,https://www.cninfo.com.cn/new/disclosure/detail?annoId=1225419258,2026-08-26 10:40:35
600683,20260819,20260715,京投发展股份有限公司2026年第二季度主要经营数据公告,,0,https://www.cninfo.com.cn/new/disclosure/detail?annoId=1225424291,2026-08-26 10:40:35
600683,20260819,20260715,京投发展股份有限公司2026年半年度业绩预告,,0,https://www.cninfo.com.cn/new/disclosure/detail?annoId=1225424283,2026-08-26 10:40:35
600683,20260819,20260801,京投发展股份有限公司第十二届董事会第二十八次会议决议公告,,0,https://www.cninfo.com.cn/new/disclosure/detail?annoId=1225452108,2026-08-26 10:40:35
600683,20260819,20260801,京投发展股份有限公司关于公司董事、高级管理人员2026年度薪酬方案的公告,,0,https://www.cninfo.com.cn/new/disclosure/detail?annoId=1225452107,2026-08-26 10:40:35
600683,20260819,20260801,京投发展股份有限公司关于召开2026年第五次临时股东会的通知,,0,https://www.cninfo.com.cn/new/disclosure/detail?annoId=1225452102,2026-08-26 10:40:35
600683,20260819,20260801,京投发展股份有限公司关于向控股股东申请借款暨关联交易的公告,,0,https://www.cninfo.com.cn/new/disclosure/detail?annoId=1225452099,2026-08-26 10:40:35
600683,20260819,20260808,京投发展股份有限公司关于筹划重大资产重组的进展公告,,0,https://www.cninfo.com.cn/new/disclosure/detail?annoId=1225464034,2026-08-26 10:40:35
600683,20260819,20260811,京投发展股份有限公司2026年半年度报告,,0,https://www.cninfo.com.cn/new/disclosure/detail?annoId=1225466470,2026-08-26 10:40:35
600683,20260819,20260811,京投发展股份有限公司2026年半年度报告摘要,,0,https://www.cninfo.com.cn/new/disclosure/detail?annoId=1225466466,2026-08-26 10:40:35
600683,20260819,20260811,京投发展股份有限公司2026年第五次临时股东会（总第129次）会议资料,,0,https://www.cninfo.com.cn/new/disclosure/detail?annoId=1225466403,2026-08-26 10:40:35
600683,20260819,20260812,京投发展股份有限公司关于股票交易异常波动的公告,,2,https://www.cninfo.com.cn/new/disclosure/detail?annoId=1225468382,2026-08-26 10:40:35
600683,20260819,20260813,京投发展股份有限公司股票交易风险提示公告,,1,https://www.cninfo.com.cn/new/disclosure/detail?annoId=1225470106,2026-08-26 10:40:35
600683,20260819,20260814,京投发展股份有限公司关于股票交易异常波动的公告,,2,https://www.cninfo.com.cn/new/disclosure/detail?annoId=1225472485,2026-08-26 10:40:35
600683,20260819,20260818,京投发展股份有限公司2026年第五次临时股东会决议公告,,0,https://www.cninfo.com.cn/new/disclosure/detail?annoId=1225477511,2026-08-26 10:40:35
600683,20260819,20260818,北京市中伦律师事务所关于京投发展股份有限公司2026年第五次临时股东会的法律意见书,,0,https://www.cninfo.com.cn/new/disclosure/detail?annoId=1225477501,2026-08-26 10:40:35
600683,20260821,20260611,京投发展股份有限公司2026年第四次临时股东会决议公告,,0,https://www.cninfo.com.cn/new/disclosure/detail?annoId=1225362802,2026-08-25 10:07:23
600683,20260821,20260613,京投发展股份有限公司关于筹划重大资产重组的进展公告,,0,https://www.cninfo.com.cn/new/disclosure/detail?annoId=1225369361,2026-08-25 10:07:23
600683,20260821,20260624,京投发展股份有限公司第十二届董事会第二十七次会议决议公告,,0,https://www.cninfo.com.cn/new/disclosure/detail?annoId=1225384135,2026-08-25 10:07:23
600683,20260821,20260624,京投发展股份有限公司关于放弃相关商业机会的公告,,0,https://www.cninfo.com.cn/new/disclosure/detail?annoId=1225384130,2026-08-25 10:07:23
600683,20260821,20260711,京投发展股份有限公司关于筹划重大资产重组的进展公告,,0,https://www.cninfo.com.cn/new/disclosure/detail?annoId=1225419258,2026-08-25 10:07:23
600683,20260821,20260715,京投发展股份有限公司2026年第二季度主要经营数据公告,,0,https://www.cninfo.com.cn/new/disclosure/detail?annoId=1225424291,2026-08-25 10:07:23
600683,20260821,20260715,京投发展股份有限公司2026年半年度业绩预告,,0,https://www.cninfo.com.cn/new/disclosure/detail?annoId=1225424283,2026-08-25 10:07:23
600683,20260821,20260801,京投发展股份有限公司第十二届董事会第二十八次会议决议公告,,0,https://www.cninfo.com.cn/new/disclosure/detail?annoId=1225452108,2026-08-25 10:07:23
600683,20260821,20260801,京投发展股份有限公司关于公司董事、高级管理人员2026年度薪酬方案的公告,,0,https://www.cninfo.com.cn/new/disclosure/detail?annoId=1225452107,2026-08-25 10:07:23
600683,20260821,20260801,京投发展股份有限公司关于召开2026年第五次临时股东会的通知,,0,https://www.cninfo.com.cn/new/disclosure/detail?annoId=1225452102,2026-08-25 10:07:23
600683,20260821,20260801,京投发展股份有限公司关于向控股股东申请借款暨关联交易的公告,,0,https://www.cninfo.com.cn/new/disclosure/detail?annoId=1225452099,2026-08-25 10:07:23
600683,20260821,20260808,京投发展股份有限公司关于筹划重大资产重组的进展公告,,0,https://www.cninfo.com.cn/new/disclosure/detail?annoId=1225464034,2026-08-25 10:07:23
600683,20260821,20260811,京投发展股份有限公司2026年半年度报告,,0,https://www.cninfo.com.cn/new/disclosure/detail?annoId=1225466470,2026-08-25 10:07:23
600683,20260821,20260811,京投发展股份有限公司2026年半年度报告摘要,,0,https://www.cninfo.com.cn/new/disclosure/detail?annoId=1225466466,2026-08-25 10:07:23
600683,20260821,20260811,京投发展股份有限公司2026年第五次临时股东会（总第129次）会议资料,,0,https://www.cninfo.com.cn/new/disclosure/detail?annoId=1225466403,2026-08-25 10:07:23
600683,20260821,20260812,京投发展股份有限公司关于股票交易异常波动的公告,,2,https://www.cninfo.com.cn/new/disclosure/detail?annoId=1225468382,2026-08-25 10:07:23
600683,20260821,20260813,京投发展股份有限公司股票交易风险提示公告,,1,https://www.cninfo.com.cn/new/disclosure/detail?annoId=1225470106,2026-08-25 10:07:23
600683,20260821,20260814,京投发展股份有限公司关于股票交易异常波动的公告,,2,https://www.cninfo.com.cn/new/disclosure/detail?annoId=1225472485,2026-08-25 10:07:23
600683,20260821,20260818,京投发展股份有限公司2026年第五次临时股东会决议公告,,0,https://www.cninfo.com.cn/new/disclosure/detail?annoId=1225477511,2026-08-25 10:07:23
600683,20260821,20260818,北京市中伦律师事务所关于京投发展股份有限公司2026年第五次临时股东会的法律意见书,,0,https://www.cninfo.com.cn/new/disclosure/detail?annoId=1225477501,2026-08-25 10:07:23
600683,20260824,20260611,京投发展股份有限公司2026年第四次临时股东会决议公告,,0,https://www.cninfo.com.cn/new/disclosure/detail?annoId=1225362802,2026-08-25 10:15:23
600683,20260824,20260613,京投发展股份有限公司关于筹划重大资产重组的进展公告,,0,https://www.cninfo.com.cn/new/disclosure/detail?annoId=1225369361,2026-08-25 10:15:23
600683,20260824,20260624,京投发展股份有限公司第十二届董事会第二十七次会议决议公告,,0,https://www.cninfo.com.cn/new/disclosure/detail?annoId=1225384135,2026-08-25 10:15:23
600683,20260824,20260624,京投发展股份有限公司关于放弃相关商业机会的公告,,0,https://www.cninfo.com.cn/new/disclosure/detail?annoId=1225384130,2026-08-25 10:15:23
600683,20260824,20260711,京投发展股份有限公司关于筹划重大资产重组的进展公告,,0,https://www.cninfo.com.cn/new/disclosure/detail?annoId=1225419258,2026-08-25 10:15:23
600683,20260824,20260715,京投发展股份有限公司2026年第二季度主要经营数据公告,,0,https://www.cninfo.com.cn/new/disclosure/detail?annoId=1225424291,2026-08-25 10:15:23
600683,20260824,20260715,京投发展股份有限公司2026年半年度业绩预告,,0,https://www.cninfo.com.cn/new/disclosure/detail?annoId=1225424283,2026-08-25 10:15:23
600683,20260824,20260801,京投发展股份有限公司第十二届董事会第二十八次会议决议公告,,0,https://www.cninfo.com.cn/new/disclosure/detail?annoId=1225452108,2026-08-25 10:15:23
600683,20260824,20260801,京投发展股份有限公司关于公司董事、高级管理人员2026年度薪酬方案的公告,,0,https://www.cninfo.com.cn/new/disclosure/detail?annoId=1225452107,2026-08-25 10:15:23
600683,20260824,20260801,京投发展股份有限公司关于召开2026年第五次临时股东会的通知,,0,https://www.cninfo.com.cn/new/disclosure/detail?annoId=1225452102,2026-08-25 10:15:23
600683,20260824,20260801,京投发展股份有限公司关于向控股股东申请借款暨关联交易的公告,,0,https://www.cninfo.com.cn/new/disclosure/detail?annoId=1225452099,2026-08-25 10:15:23
600683,20260824,20260808,京投发展股份有限公司关于筹划重大资产重组的进展公告,,0,https://www.cninfo.com.cn/new/disclosure/detail?annoId=1225464034,2026-08-25 10:15:23
600683,20260824,20260811,京投发展股份有限公司2026年半年度报告,,0,https://www.cninfo.com.cn/new/disclosure/detail?annoId=1225466470,2026-08-25 10:15:23
600683,20260824,20260811,京投发展股份有限公司2026年半年度报告摘要,,0,https://www.cninfo.com.cn/new/disclosure/detail?annoId=1225466466,2026-08-25 10:15:23
600683,20260824,20260811,京投发展股份有限公司2026年第五次临时股东会（总第129次）会议资料,,0,https://www.cninfo.com.cn/new/disclosure/detail?annoId=1225466403,2026-08-25 10:15:23
600683,20260824,20260812,京投发展股份有限公司关于股票交易异常波动的公告,,2,https://www.cninfo.com.cn/new/disclosure/detail?annoId=1225468382,2026-08-25 10:15:23
600683,20260824,20260813,京投发展股份有限公司股票交易风险提示公告,,1,https://www.cninfo.com.cn/new/disclosure/detail?annoId=1225470106,2026-08-25 10:15:23
600683,20260824,20260814,京投发展股份有限公司关于股票交易异常波动的公告,,2,https://www.cninfo.com.cn/new/disclosure/detail?annoId=1225472485,2026-08-25 10:15:23
600683,20260824,20260818,京投发展股份有限公司2026年第五次临时股东会决议公告,,0,https://www.cninfo.com.cn/new/disclosure/detail?annoId=1225477511,2026-08-25 10:15:23
600683,20260824,20260818,北京市中伦律师事务所关于京投发展股份有限公司2026年第五次临时股东会的法律意见书,,0,https://www.cninfo.com.cn/new/disclosure/detail?annoId=1225477501,2026-08-25 10:15:23
600683,20260825,20260611,京投发展股份有限公司2026年第四次临时股东会决议公告,,0,https://www.cninfo.com.cn/new/disclosure/detail?annoId=1225362802,2026-08-25 19:57:45
600683,20260825,20260613,京投发展股份有限公司关于筹划重大资产重组的进展公告,,0,https://www.cninfo.com.cn/new/disclosure/detail?annoId=1225369361,2026-08-25 19:57:45
600683,20260825,20260624,京投发展股份有限公司第十二届董事会第二十七次会议决议公告,,0,https://www.cninfo.com.cn/new/disclosure/detail?annoId=1225384135,2026-08-25 19:57:45
600683,20260825,20260624,京投发展股份有限公司关于放弃相关商业机会的公告,,0,https://www.cninfo.com.cn/new/disclosure/detail?annoId=1225384130,2026-08-25 19:57:45
600683,20260825,20260711,京投发展股份有限公司关于筹划重大资产重组的进展公告,,0,https://www.cninfo.com.cn/new/disclosure/detail?annoId=1225419258,2026-08-25 19:57:45
600683,20260825,20260715,京投发展股份有限公司2026年第二季度主要经营数据公告,,0,https://www.cninfo.com.cn/new/disclosure/detail?annoId=1225424291,2026-08-25 19:57:45
600683,20260825,20260715,京投发展股份有限公司2026年半年度业绩预告,,0,https://www.cninfo.com.cn/new/disclosure/detail?annoId=1225424283,2026-08-25 19:57:45
600683,20260825,20260801,京投发展股份有限公司第十二届董事会第二十八次会议决议公告,,0,https://www.cninfo.com.cn/new/disclosure/detail?annoId=1225452108,2026-08-25 19:57:45
600683,20260825,20260801,京投发展股份有限公司关于公司董事、高级管理人员2026年度薪酬方案的公告,,0,https://www.cninfo.com.cn/new/disclosure/detail?annoId=1225452107,2026-08-25 19:57:45
600683,20260825,20260801,京投发展股份有限公司关于召开2026年第五次临时股东会的通知,,0,https://www.cninfo.com.cn/new/disclosure/detail?annoId=1225452102,2026-08-25 19:57:45
600683,20260825,20260801,京投发展股份有限公司关于向控股股东申请借款暨关联交易的公告,,0,https://www.cninfo.com.cn/new/disclosure/detail?annoId=1225452099,2026-08-25 19:57:45
600683,20260825,20260808,京投发展股份有限公司关于筹划重大资产重组的进展公告,,0,https://www.cninfo.com.cn/new/disclosure/detail?annoId=1225464034,2026-08-25 19:57:45
600683,20260825,20260811,京投发展股份有限公司2026年半年度报告,,0,https://www.cninfo.com.cn/new/disclosure/detail?annoId=1225466470,2026-08-25 19:57:45
600683,20260825,20260811,京投发展股份有限公司2026年半年度报告摘要,,0,https://www.cninfo.com.cn/new/disclosure/detail?annoId=1225466466,2026-08-25 19:57:45
600683,20260825,20260811,京投发展股份有限公司2026年第五次临时股东会（总第129次）会议资料,,0,https://www.cninfo.com.cn/new/disclosure/detail?annoId=1225466403,2026-08-25 19:57:45
600683,20260825,20260812,京投发展股份有限公司关于股票交易异常波动的公告,,2,https://www.cninfo.com.cn/new/disclosure/detail?annoId=1225468382,2026-08-25 19:57:45
600683,20260825,20260813,京投发展股份有限公司股票交易风险提示公告,,1,https://www.cninfo.com.cn/new/disclosure/detail?annoId=1225470106,2026-08-25 19:57:45
600683,20260825,20260814,京投发展股份有限公司关于股票交易异常波动的公告,,2,https://www.cninfo.com.cn/new/disclosure/detail?annoId=1225472485,2026-08-25 19:57:45
600683,20260825,20260818,京投发展股份有限公司2026年第五次临时股东会决议公告,,0,https://www.cninfo.com.cn/new/disclosure/detail?annoId=1225477511,2026-08-25 19:57:45
600683,20260825,20260818,北京市中伦律师事务所关于京投发展股份有限公司2026年第五次临时股东会的法律意见书,,0,https://www.cninfo.com.cn/new/disclosure/detail?annoId=1225477501,2026-08-25 19:57:45
600683,20260826,20260611,京投发展股份有限公司2026年第四次临时股东会决议公告,,0,https://www.cninfo.com.cn/new/disclosure/detail?annoId=1225362802,2026-08-27 00:11:29
600683,20260826,20260613,京投发展股份有限公司关于筹划重大资产重组的进展公告,,0,https://www.cninfo.com.cn/new/disclosure/detail?annoId=1225369361,2026-08-27 00:11:29
600683,20260826,20260624,京投发展股份有限公司第十二届董事会第二十七次会议决议公告,,0,https://www.cninfo.com.cn/new/disclosure/detail?annoId=1225384135,2026-08-27 00:11:29
600683,20260826,20260624,京投发展股份有限公司关于放弃相关商业机会的公告,,0,https://www.cninfo.com.cn/new/disclosure/detail?annoId=1225384130,2026-08-27 00:11:29
600683,20260826,20260711,京投发展股份有限公司关于筹划重大资产重组的进展公告,,0,https://www.cninfo.com.cn/new/disclosure/detail?annoId=1225419258,2026-08-27 00:11:29
600683,20260826,20260715,京投发展股份有限公司2026年第二季度主要经营数据公告,,0,https://www.cninfo.com.cn/new/disclosure/detail?annoId=1225424291,2026-08-27 00:11:29
600683,20260826,20260715,京投发展股份有限公司2026年半年度业绩预告,,0,https://www.cninfo.com.cn/new/disclosure/detail?annoId=1225424283,2026-08-27 00:11:29
600683,20260826,20260801,京投发展股份有限公司第十二届董事会第二十八次会议决议公告,,0,https://www.cninfo.com.cn/new/disclosure/detail?annoId=1225452108,2026-08-27 00:11:29
600683,20260826,20260801,京投发展股份有限公司关于公司董事、高级管理人员2026年度薪酬方案的公告,,0,https://www.cninfo.com.cn/new/disclosure/detail?annoId=1225452107,2026-08-27 00:11:29
600683,20260826,20260801,京投发展股份有限公司关于召开2026年第五次临时股东会的通知,,0,https://www.cninfo.com.cn/new/disclosure/detail?annoId=1225452102,2026-08-27 00:11:29
600683,20260826,20260801,京投发展股份有限公司关于向控股股东申请借款暨关联交易的公告,,0,https://www.cninfo.com.cn/new/disclosure/detail?annoId=1225452099,2026-08-27 00:11:29
600683,20260826,20260808,京投发展股份有限公司关于筹划重大资产重组的进展公告,,0,https://www.cninfo.com.cn/new/disclosure/detail?annoId=1225464034,2026-08-27 00:11:29
600683,20260826,20260811,京投发展股份有限公司2026年半年度报告,,0,https://www.cninfo.com.cn/new/disclosure/detail?annoId=1225466470,2026-08-27 00:11:29
600683,20260826,20260811,京投发展股份有限公司2026年半年度报告摘要,,0,https://www.cninfo.com.cn/new/disclosure/detail?annoId=1225466466,2026-08-27 00:11:29
600683,20260826,20260811,京投发展股份有限公司2026年第五次临时股东会（总第129次）会议资料,,0,https://www.cninfo.com.cn/new/disclosure/detail?annoId=1225466403,2026-08-27 00:11:29
600683,20260826,20260812,京投发展股份有限公司关于股票交易异常波动的公告,,2,https://www.cninfo.com.cn/new/disclosure/detail?annoId=1225468382,2026-08-27 00:11:29
600683,20260826,20260813,京投发展股份有限公司股票交易风险提示公告,,1,https://www.cninfo.com.cn/new/disclosure/detail?annoId=1225470106,2026-08-27 00:11:29
600683,20260826,20260814,京投发展股份有限公司关于股票交易异常波动的公告,,2,https://www.cninfo.com.cn/new/disclosure/detail?annoId=1225472485,2026-08-27 00:11:29
600683,20260826,20260818,京投发展股份有限公司2026年第五次临时股东会决议公告,,0,https://www.cninfo.com.cn/new/disclosure/detail?annoId=1225477511,2026-08-27 00:11:29
600683,20260826,20260818,北京市中伦律师事务所关于京投发展股份有限公司2026年第五次临时股东会的法律意见书,,0,https://www.cninfo.com.cn/new/disclosure/detail?annoId=1225477501,2026-08-27 00:11:29
600683,20260827,20260611,京投发展股份有限公司2026年第四次临时股东会决议公告,,0,https://www.cninfo.com.cn/new/disclosure/detail?annoId=1225362802,2026-08-27 21:27:35
600683,20260827,20260613,京投发展股份有限公司关于筹划重大资产重组的进展公告,,0,https://www.cninfo.com.cn/new/disclosure/detail?annoId=1225369361,2026-08-27 21:27:35
600683,20260827,20260624,京投发展股份有限公司第十二届董事会第二十七次会议决议公告,,0,https://www.cninfo.com.cn/new/disclosure/detail?annoId=1225384135,2026-08-27 21:27:35
600683,20260827,20260624,京投发展股份有限公司关于放弃相关商业机会的公告,,0,https://www.cninfo.com.cn/new/disclosure/detail?annoId=1225384130,2026-08-27 21:27:35
600683,20260827,20260711,京投发展股份有限公司关于筹划重大资产重组的进展公告,,0,https://www.cninfo.com.cn/new/disclosure/detail?annoId=1225419258,2026-08-27 21:27:35
600683,20260827,20260715,京投发展股份有限公司2026年第二季度主要经营数据公告,,0,https://www.cninfo.com.cn/new/disclosure/detail?annoId=1225424291,2026-08-27 21:27:35
600683,20260827,20260715,京投发展股份有限公司2026年半年度业绩预告,,0,https://www.cninfo.com.cn/new/disclosure/detail?annoId=1225424283,2026-08-27 21:27:35
600683,20260827,20260801,京投发展股份有限公司第十二届董事会第二十八次会议决议公告,,0,https://www.cninfo.com.cn/new/disclosure/detail?annoId=1225452108,2026-08-27 21:27:35
600683,20260827,20260801,京投发展股份有限公司关于公司董事、高级管理人员2026年度薪酬方案的公告,,0,https://www.cninfo.com.cn/new/disclosure/detail?annoId=1225452107,2026-08-27 21:27:35
600683,20260827,20260801,京投发展股份有限公司关于召开2026年第五次临时股东会的通知,,0,https://www.cninfo.com.cn/new/disclosure/detail?annoId=1225452102,2026-08-27 21:27:35
600683,20260827,20260801,京投发展股份有限公司关于向控股股东申请借款暨关联交易的公告,,0,https://www.cninfo.com.cn/new/disclosure/detail?annoId=1225452099,2026-08-27 21:27:35
600683,20260827,20260808,京投发展股份有限公司关于筹划重大资产重组的进展公告,,0,https://www.cninfo.com.cn/new/disclosure/detail?annoId=1225464034,2026-08-27 21:27:35
600683,20260827,20260811,京投发展股份有限公司2026年半年度报告,,0,https://www.cninfo.com.cn/new/disclosure/detail?annoId=1225466470,2026-08-27 21:27:35
600683,20260827,20260811,京投发展股份有限公司2026年半年度报告摘要,,0,https://www.cninfo.com.cn/new/disclosure/detail?annoId=1225466466,2026-08-27 21:27:35
600683,20260827,20260811,京投发展股份有限公司2026年第五次临时股东会（总第129次）会议资料,,0,https://www.cninfo.com.cn/new/disclosure/detail?annoId=1225466403,2026-08-27 21:27:35
600683,20260827,20260812,京投发展股份有限公司关于股票交易异常波动的公告,,2,https://www.cninfo.com.cn/new/disclosure/detail?annoId=1225468382,2026-08-27 21:27:35
600683,20260827,20260813,京投发展股份有限公司股票交易风险提示公告,,1,https://www.cninfo.com.cn/new/disclosure/detail?annoId=1225470106,2026-08-27 21:27:35
600683,20260827,20260814,京投发展股份有限公司关于股票交易异常波动的公告,,2,https://www.cninfo.com.cn/new/disclosure/detail?annoId=1225472485,2026-08-27 21:27:35
600683,20260827,20260818,京投发展股份有限公司2026年第五次临时股东会决议公告,,0,https://www.cninfo.com.cn/new/disclosure/detail?annoId=1225477511,2026-08-27 21:27:35
600683,20260827,20260818,北京市中伦律师事务所关于京投发展股份有限公司2026年第五次临时股东会的法律意见书,,0,https://www.cninfo.com.cn/new/disclosure/detail?annoId=1225477501,2026-08-27 21:27:35
600683,20260831,20260611,京投发展股份有限公司2026年第四次临时股东会决议公告,,0,https://www.cninfo.com.cn/new/disclosure/detail?annoId=1225362802,2026-08-31 21:10:29
600683,20260831,20260613,京投发展股份有限公司关于筹划重大资产重组的进展公告,,0,https://www.cninfo.com.cn/new/disclosure/detail?annoId=1225369361,2026-08-31 21:10:29
600683,20260831,20260624,京投发展股份有限公司第十二届董事会第二十七次会议决议公告,,0,https://www.cninfo.com.cn/new/disclosure/detail?annoId=1225384135,2026-08-31 21:10:29
600683,20260831,20260624,京投发展股份有限公司关于放弃相关商业机会的公告,,0,https://www.cninfo.com.cn/new/disclosure/detail?annoId=1225384130,2026-08-31 21:10:29
600683,20260831,20260711,京投发展股份有限公司关于筹划重大资产重组的进展公告,,0,https://www.cninfo.com.cn/new/disclosure/detail?annoId=1225419258,2026-08-31 21:10:29
600683,20260831,20260715,京投发展股份有限公司2026年第二季度主要经营数据公告,,0,https://www.cninfo.com.cn/new/disclosure/detail?annoId=1225424291,2026-08-31 21:10:29
600683,20260831,20260715,京投发展股份有限公司2026年半年度业绩预告,,0,https://www.cninfo.com.cn/new/disclosure/detail?annoId=1225424283,2026-08-31 21:10:29
600683,20260831,20260801,京投发展股份有限公司第十二届董事会第二十八次会议决议公告,,0,https://www.cninfo.com.cn/new/disclosure/detail?annoId=1225452108,2026-08-31 21:10:29
600683,20260831,20260801,京投发展股份有限公司关于公司董事、高级管理人员2026年度薪酬方案的公告,,0,https://www.cninfo.com.cn/new/disclosure/detail?annoId=1225452107,2026-08-31 21:10:29
600683,20260831,20260801,京投发展股份有限公司关于召开2026年第五次临时股东会的通知,,0,https://www.cninfo.com.cn/new/disclosure/detail?annoId=1225452102,2026-08-31 21:10:29
600683,20260831,20260801,京投发展股份有限公司关于向控股股东申请借款暨关联交易的公告,,0,https://www.cninfo.com.cn/new/disclosure/detail?annoId=1225452099,2026-08-31 21:10:29
600683,20260831,20260808,京投发展股份有限公司关于筹划重大资产重组的进展公告,,0,https://www.cninfo.com.cn/new/disclosure/detail?annoId=1225464034,2026-08-31 21:10:29
600683,20260831,20260811,京投发展股份有限公司2026年半年度报告,,0,https://www.cninfo.com.cn/new/disclosure/detail?annoId=1225466470,2026-08-31 21:10:29
600683,20260831,20260811,京投发展股份有限公司2026年半年度报告摘要,,0,https://www.cninfo.com.cn/new/disclosure/detail?annoId=1225466466,2026-08-31 21:10:29
600683,20260831,20260811,京投发展股份有限公司2026年第五次临时股东会（总第129次）会议资料,,0,https://www.cninfo.com.cn/new/disclosure/detail?annoId=1225466403,2026-08-31 21:10:29
600683,20260831,20260812,京投发展股份有限公司关于股票交易异常波动的公告,,2,https://www.cninfo.com.cn/new/disclosure/detail?annoId=1225468382,2026-08-31 21:10:29
600683,20260831,20260813,京投发展股份有限公司股票交易风险提示公告,,1,https://www.cninfo.com.cn/new/disclosure/detail?annoId=1225470106,2026-08-31 21:10:29
600683,20260831,20260814,京投发展股份有限公司关于股票交易异常波动的公告,,2,https://www.cninfo.com.cn/new/disclosure/detail?annoId=1225472485,2026-08-31 21:10:29
600683,20260831,20260818,京投发展股份有限公司2026年第五次临时股东会决议公告,,0,https://www.cninfo.com.cn/new/disclosure/detail?annoId=1225477511,2026-08-31 21:10:29
600683,20260831,20260818,北京市中伦律师事务所关于京投发展股份有限公司2026年第五次临时股东会的法律意见书,,0,https://www.cninfo.com.cn/new/disclosure/detail?annoId=1225477501,2026-08-31 21:10:29
600721,20260807,20260825,新疆百花村医药集团股份有限公司关于公司董事会提前换届选举的公告,,0,https://www.cninfo.com.cn/new/disclosure/detail?annoId=1225499337,2026-08-27 20:11:58
600721,20260807,20260825,独立董事候选人声明与承诺 （何欣）,,0,https://www.cninfo.com.cn/new/disclosure/detail?annoId=1225499336,2026-08-27 20:11:58
600721,20260807,20260825,新疆百花村医药集团股份有限公司第九届董事会第十二次会议决议公告,,0,https://www.cninfo.com.cn/new/disclosure/detail?annoId=1225499334,2026-08-27 20:11:58
600721,20260807,20260825,新疆百花村医药集团股份有限公司股东会议事规则（修订）,,0,https://www.cninfo.com.cn/new/disclosure/detail?annoId=1225499331,2026-08-27 20:11:58
600721,20260807,20260825,独立董事提名人声明与承诺（华忆昕）,,0,https://www.cninfo.com.cn/new/disclosure/detail?annoId=1225499330,2026-08-27 20:11:58
600721,20260807,20260825,独立董事提名人声明与承诺（武文洁）,,0,https://www.cninfo.com.cn/new/disclosure/detail?annoId=1225499329,2026-08-27 20:11:58
600721,20260807,20260825,新疆百花村医药集团股份有限公司关于聘任高级管理人员的公告,,0,https://www.cninfo.com.cn/new/disclosure/detail?annoId=1225499325,2026-08-27 20:11:58
600721,20260807,20260825,独立董事提名人声明与承诺（何欣）,,0,https://www.cninfo.com.cn/new/disclosure/detail?annoId=1225499323,2026-08-27 20:11:58
600721,20260807,20260825,独立董事候选人声明与承诺 （武文洁）,,0,https://www.cninfo.com.cn/new/disclosure/detail?annoId=1225499322,2026-08-27 20:11:58
600721,20260807,20260825,新疆百花村医药集团股份有限公司2026年半年度报告,,0,https://www.cninfo.com.cn/new/disclosure/detail?annoId=1225499319,2026-08-27 20:11:58
600721,20260807,20260825,新疆百花村医药集团股份有限公司董事会议事规则（修订）,,0,https://www.cninfo.com.cn/new/disclosure/detail?annoId=1225499317,2026-08-27 20:11:58
600721,20260807,20260825,独立董事候选人声明与承诺 （张斌）,,0,https://www.cninfo.com.cn/new/disclosure/detail?annoId=1225499308,2026-08-27 20:11:58
600721,20260807,20260825,独立董事提名人声明与承诺（张斌）,,0,https://www.cninfo.com.cn/new/disclosure/detail?annoId=1225499299,2026-08-27 20:11:58
600721,20260807,20260825,独立董事候选人声明与承诺 （华忆昕）,,0,https://www.cninfo.com.cn/new/disclosure/detail?annoId=1225499293,2026-08-27 20:11:58
600721,20260807,20260825,新疆百花村医药集团股份有限公司关于修订《公司章程》及相关议事规则的公告,,0,https://www.cninfo.com.cn/new/disclosure/detail?annoId=1225499292,2026-08-27 20:11:58
600721,20260807,20260825,新疆百花村医药集团股份有限公司2026年半年度报告摘要,,0,https://www.cninfo.com.cn/new/disclosure/detail?annoId=1225499289,2026-08-27 20:11:58
600721,20260807,20260825,新疆百花村医药集团股份有限公司章程（修订）,,0,https://www.cninfo.com.cn/new/disclosure/detail?annoId=1225499286,2026-08-27 20:11:58
600721,20260807,20260825,新疆百花村医药集团股份有限公司关于召开2026年第一次临时股东会的通知,,0,https://www.cninfo.com.cn/new/disclosure/detail?annoId=1225499283,2026-08-27 20:11:58
600721,20260807,20260825,新疆百花村医药集团股份有限公司董事会提名委员会对第十届董事会董事候选人任职资格的审核意见,,0,https://www.cninfo.com.cn/new/disclosure/detail?annoId=1225499278,2026-08-27 20:11:58
600721,20260807,20260828,新疆百花村医药集团股份有限公司关于召开2026年半年度业绩说明会的公告,,0,https://www.cninfo.com.cn/new/disclosure/detail?annoId=1225516243,2026-08-27 20:11:58
600721,20260819,20260813,新疆百花村医药集团股份有限公司股票交易严重异常波动暨风险提示公告,,3,https://www.cninfo.com.cn/new/disclosure/detail?annoId=1225470770,2026-08-26 10:40:35
600721,20260819,20260825,新疆百花村医药集团股份有限公司关于公司董事会提前换届选举的公告,,0,https://www.cninfo.com.cn/new/disclosure/detail?annoId=1225499337,2026-08-26 10:40:35
600721,20260819,20260825,独立董事候选人声明与承诺 （何欣）,,0,https://www.cninfo.com.cn/new/disclosure/detail?annoId=1225499336,2026-08-26 10:40:35
600721,20260819,20260825,新疆百花村医药集团股份有限公司第九届董事会第十二次会议决议公告,,0,https://www.cninfo.com.cn/new/disclosure/detail?annoId=1225499334,2026-08-26 10:40:35
600721,20260819,20260825,新疆百花村医药集团股份有限公司股东会议事规则（修订）,,0,https://www.cninfo.com.cn/new/disclosure/detail?annoId=1225499331,2026-08-26 10:40:35
600721,20260819,20260825,独立董事提名人声明与承诺（华忆昕）,,0,https://www.cninfo.com.cn/new/disclosure/detail?annoId=1225499330,2026-08-26 10:40:35
600721,20260819,20260825,独立董事提名人声明与承诺（武文洁）,,0,https://www.cninfo.com.cn/new/disclosure/detail?annoId=1225499329,2026-08-26 10:40:35
600721,20260819,20260825,新疆百花村医药集团股份有限公司关于聘任高级管理人员的公告,,0,https://www.cninfo.com.cn/new/disclosure/detail?annoId=1225499325,2026-08-26 10:40:35
600721,20260819,20260825,独立董事提名人声明与承诺（何欣）,,0,https://www.cninfo.com.cn/new/disclosure/detail?annoId=1225499323,2026-08-26 10:40:35
600721,20260819,20260825,独立董事候选人声明与承诺 （武文洁）,,0,https://www.cninfo.com.cn/new/disclosure/detail?annoId=1225499322,2026-08-26 10:40:35
600721,20260819,20260825,新疆百花村医药集团股份有限公司2026年半年度报告,,0,https://www.cninfo.com.cn/new/disclosure/detail?annoId=1225499319,2026-08-26 10:40:35
600721,20260819,20260825,新疆百花村医药集团股份有限公司董事会议事规则（修订）,,0,https://www.cninfo.com.cn/new/disclosure/detail?annoId=1225499317,2026-08-26 10:40:35
600721,20260819,20260825,独立董事候选人声明与承诺 （张斌）,,0,https://www.cninfo.com.cn/new/disclosure/detail?annoId=1225499308,2026-08-26 10:40:35
600721,20260819,20260825,独立董事提名人声明与承诺（张斌）,,0,https://www.cninfo.com.cn/new/disclosure/detail?annoId=1225499299,2026-08-26 10:40:35
600721,20260819,20260825,独立董事候选人声明与承诺 （华忆昕）,,0,https://www.cninfo.com.cn/new/disclosure/detail?annoId=1225499293,2026-08-26 10:40:35
600721,20260819,20260825,新疆百花村医药集团股份有限公司关于修订《公司章程》及相关议事规则的公告,,0,https://www.cninfo.com.cn/new/disclosure/detail?annoId=1225499292,2026-08-26 10:40:35
600721,20260819,20260825,新疆百花村医药集团股份有限公司2026年半年度报告摘要,,0,https://www.cninfo.com.cn/new/disclosure/detail?annoId=1225499289,2026-08-26 10:40:35
600721,20260819,20260825,新疆百花村医药集团股份有限公司章程（修订）,,0,https://www.cninfo.com.cn/new/disclosure/detail?annoId=1225499286,2026-08-26 10:40:35
600721,20260819,20260825,新疆百花村医药集团股份有限公司关于召开2026年第一次临时股东会的通知,,0,https://www.cninfo.com.cn/new/disclosure/detail?annoId=1225499283,2026-08-26 10:40:35
600721,20260819,20260825,新疆百花村医药集团股份有限公司董事会提名委员会对第十届董事会董事候选人任职资格的审核意见,,0,https://www.cninfo.com.cn/new/disclosure/detail?annoId=1225499278,2026-08-26 10:40:35
600721,20260821,20260813,新疆百花村医药集团股份有限公司股票交易严重异常波动暨风险提示公告,,3,https://www.cninfo.com.cn/new/disclosure/detail?annoId=1225470770,2026-08-25 10:07:23
600721,20260821,20260825,新疆百花村医药集团股份有限公司关于公司董事会提前换届选举的公告,,0,https://www.cninfo.com.cn/new/disclosure/detail?annoId=1225499337,2026-08-25 10:07:23
600721,20260821,20260825,独立董事候选人声明与承诺 （何欣）,,0,https://www.cninfo.com.cn/new/disclosure/detail?annoId=1225499336,2026-08-25 10:07:23
600721,20260821,20260825,新疆百花村医药集团股份有限公司第九届董事会第十二次会议决议公告,,0,https://www.cninfo.com.cn/new/disclosure/detail?annoId=1225499334,2026-08-25 10:07:23
600721,20260821,20260825,新疆百花村医药集团股份有限公司股东会议事规则（修订）,,0,https://www.cninfo.com.cn/new/disclosure/detail?annoId=1225499331,2026-08-25 10:07:23
600721,20260821,20260825,独立董事提名人声明与承诺（华忆昕）,,0,https://www.cninfo.com.cn/new/disclosure/detail?annoId=1225499330,2026-08-25 10:07:23
600721,20260821,20260825,独立董事提名人声明与承诺（武文洁）,,0,https://www.cninfo.com.cn/new/disclosure/detail?annoId=1225499329,2026-08-25 10:07:23
600721,20260821,20260825,新疆百花村医药集团股份有限公司关于聘任高级管理人员的公告,,0,https://www.cninfo.com.cn/new/disclosure/detail?annoId=1225499325,2026-08-25 10:07:23
600721,20260821,20260825,独立董事提名人声明与承诺（何欣）,,0,https://www.cninfo.com.cn/new/disclosure/detail?annoId=1225499323,2026-08-25 10:07:23
600721,20260821,20260825,独立董事候选人声明与承诺 （武文洁）,,0,https://www.cninfo.com.cn/new/disclosure/detail?annoId=1225499322,2026-08-25 10:07:23
600721,20260821,20260825,新疆百花村医药集团股份有限公司2026年半年度报告,,0,https://www.cninfo.com.cn/new/disclosure/detail?annoId=1225499319,2026-08-25 10:07:23
600721,20260821,20260825,新疆百花村医药集团股份有限公司董事会议事规则（修订）,,0,https://www.cninfo.com.cn/new/disclosure/detail?annoId=1225499317,2026-08-25 10:07:23
600721,20260821,20260825,独立董事候选人声明与承诺 （张斌）,,0,https://www.cninfo.com.cn/new/disclosure/detail?annoId=1225499308,2026-08-25 10:07:23
600721,20260821,20260825,独立董事提名人声明与承诺（张斌）,,0,https://www.cninfo.com.cn/new/disclosure/detail?annoId=1225499299,2026-08-25 10:07:23
600721,20260821,20260825,独立董事候选人声明与承诺 （华忆昕）,,0,https://www.cninfo.com.cn/new/disclosure/detail?annoId=1225499293,2026-08-25 10:07:23
600721,20260821,20260825,新疆百花村医药集团股份有限公司关于修订《公司章程》及相关议事规则的公告,,0,https://www.cninfo.com.cn/new/disclosure/detail?annoId=1225499292,2026-08-25 10:07:23
600721,20260821,20260825,新疆百花村医药集团股份有限公司2026年半年度报告摘要,,0,https://www.cninfo.com.cn/new/disclosure/detail?annoId=1225499289,2026-08-25 10:07:23
600721,20260821,20260825,新疆百花村医药集团股份有限公司章程（修订）,,0,https://www.cninfo.com.cn/new/disclosure/detail?annoId=1225499286,2026-08-25 10:07:23
600721,20260821,20260825,新疆百花村医药集团股份有限公司关于召开2026年第一次临时股东会的通知,,0,https://www.cninfo.com.cn/new/disclosure/detail?annoId=1225499283,2026-08-25 10:07:23
600721,20260821,20260825,新疆百花村医药集团股份有限公司董事会提名委员会对第十届董事会董事候选人任职资格的审核意见,,0,https://www.cninfo.com.cn/new/disclosure/detail?annoId=1225499278,2026-08-25 10:07:23
600721,20260824,20260813,新疆百花村医药集团股份有限公司股票交易严重异常波动暨风险提示公告,,3,https://www.cninfo.com.cn/new/disclosure/detail?annoId=1225470770,2026-08-25 10:15:23
600721,20260824,20260825,新疆百花村医药集团股份有限公司关于公司董事会提前换届选举的公告,,0,https://www.cninfo.com.cn/new/disclosure/detail?annoId=1225499337,2026-08-25 10:15:23
600721,20260824,20260825,独立董事候选人声明与承诺 （何欣）,,0,https://www.cninfo.com.cn/new/disclosure/detail?annoId=1225499336,2026-08-25 10:15:23
600721,20260824,20260825,新疆百花村医药集团股份有限公司第九届董事会第十二次会议决议公告,,0,https://www.cninfo.com.cn/new/disclosure/detail?annoId=1225499334,2026-08-25 10:15:23
600721,20260824,20260825,新疆百花村医药集团股份有限公司股东会议事规则（修订）,,0,https://www.cninfo.com.cn/new/disclosure/detail?annoId=1225499331,2026-08-25 10:15:23
600721,20260824,20260825,独立董事提名人声明与承诺（华忆昕）,,0,https://www.cninfo.com.cn/new/disclosure/detail?annoId=1225499330,2026-08-25 10:15:23
600721,20260824,20260825,独立董事提名人声明与承诺（武文洁）,,0,https://www.cninfo.com.cn/new/disclosure/detail?annoId=1225499329,2026-08-25 10:15:23
600721,20260824,20260825,新疆百花村医药集团股份有限公司关于聘任高级管理人员的公告,,0,https://www.cninfo.com.cn/new/disclosure/detail?annoId=1225499325,2026-08-25 10:15:23
600721,20260824,20260825,独立董事提名人声明与承诺（何欣）,,0,https://www.cninfo.com.cn/new/disclosure/detail?annoId=1225499323,2026-08-25 10:15:23
600721,20260824,20260825,独立董事候选人声明与承诺 （武文洁）,,0,https://www.cninfo.com.cn/new/disclosure/detail?annoId=1225499322,2026-08-25 10:15:23
600721,20260824,20260825,新疆百花村医药集团股份有限公司2026年半年度报告,,0,https://www.cninfo.com.cn/new/disclosure/detail?annoId=1225499319,2026-08-25 10:15:23
600721,20260824,20260825,新疆百花村医药集团股份有限公司董事会议事规则（修订）,,0,https://www.cninfo.com.cn/new/disclosure/detail?annoId=1225499317,2026-08-25 10:15:23
600721,20260824,20260825,独立董事候选人声明与承诺 （张斌）,,0,https://www.cninfo.com.cn/new/disclosure/detail?annoId=1225499308,2026-08-25 10:15:23
600721,20260824,20260825,独立董事提名人声明与承诺（张斌）,,0,https://www.cninfo.com.cn/new/disclosure/detail?annoId=1225499299,2026-08-25 10:15:23
600721,20260824,20260825,独立董事候选人声明与承诺 （华忆昕）,,0,https://www.cninfo.com.cn/new/disclosure/detail?annoId=1225499293,2026-08-25 10:15:23
600721,20260824,20260825,新疆百花村医药集团股份有限公司关于修订《公司章程》及相关议事规则的公告,,0,https://www.cninfo.com.cn/new/disclosure/detail?annoId=1225499292,2026-08-25 10:15:23
600721,20260824,20260825,新疆百花村医药集团股份有限公司2026年半年度报告摘要,,0,https://www.cninfo.com.cn/new/disclosure/detail?annoId=1225499289,2026-08-25 10:15:23
600721,20260824,20260825,新疆百花村医药集团股份有限公司章程（修订）,,0,https://www.cninfo.com.cn/new/disclosure/detail?annoId=1225499286,2026-08-25 10:15:23
600721,20260824,20260825,新疆百花村医药集团股份有限公司关于召开2026年第一次临时股东会的通知,,0,https://www.cninfo.com.cn/new/disclosure/detail?annoId=1225499283,2026-08-25 10:15:23
600721,20260824,20260825,新疆百花村医药集团股份有限公司董事会提名委员会对第十届董事会董事候选人任职资格的审核意见,,0,https://www.cninfo.com.cn/new/disclosure/detail?annoId=1225499278,2026-08-25 10:15:23
600721,20260825,20260813,新疆百花村医药集团股份有限公司股票交易严重异常波动暨风险提示公告,,3,https://www.cninfo.com.cn/new/disclosure/detail?annoId=1225470770,2026-08-25 19:57:45
600721,20260825,20260825,新疆百花村医药集团股份有限公司关于公司董事会提前换届选举的公告,,0,https://www.cninfo.com.cn/new/disclosure/detail?annoId=1225499337,2026-08-25 19:57:45
600721,20260825,20260825,独立董事候选人声明与承诺 （何欣）,,0,https://www.cninfo.com.cn/new/disclosure/detail?annoId=1225499336,2026-08-25 19:57:45
600721,20260825,20260825,新疆百花村医药集团股份有限公司第九届董事会第十二次会议决议公告,,0,https://www.cninfo.com.cn/new/disclosure/detail?annoId=1225499334,2026-08-25 19:57:45
600721,20260825,20260825,新疆百花村医药集团股份有限公司股东会议事规则（修订）,,0,https://www.cninfo.com.cn/new/disclosure/detail?annoId=1225499331,2026-08-25 19:57:45
600721,20260825,20260825,独立董事提名人声明与承诺（华忆昕）,,0,https://www.cninfo.com.cn/new/disclosure/detail?annoId=1225499330,2026-08-25 19:57:45
600721,20260825,20260825,独立董事提名人声明与承诺（武文洁）,,0,https://www.cninfo.com.cn/new/disclosure/detail?annoId=1225499329,2026-08-25 19:57:45
600721,20260825,20260825,新疆百花村医药集团股份有限公司关于聘任高级管理人员的公告,,0,https://www.cninfo.com.cn/new/disclosure/detail?annoId=1225499325,2026-08-25 19:57:45
600721,20260825,20260825,独立董事提名人声明与承诺（何欣）,,0,https://www.cninfo.com.cn/new/disclosure/detail?annoId=1225499323,2026-08-25 19:57:45
600721,20260825,20260825,独立董事候选人声明与承诺 （武文洁）,,0,https://www.cninfo.com.cn/new/disclosure/detail?annoId=1225499322,2026-08-25 19:57:45
600721,20260825,20260825,新疆百花村医药集团股份有限公司2026年半年度报告,,0,https://www.cninfo.com.cn/new/disclosure/detail?annoId=1225499319,2026-08-25 19:57:45
600721,20260825,20260825,新疆百花村医药集团股份有限公司董事会议事规则（修订）,,0,https://www.cninfo.com.cn/new/disclosure/detail?annoId=1225499317,2026-08-25 19:57:45
600721,20260825,20260825,独立董事候选人声明与承诺 （张斌）,,0,https://www.cninfo.com.cn/new/disclosure/detail?annoId=1225499308,2026-08-25 19:57:45
600721,20260825,20260825,独立董事提名人声明与承诺（张斌）,,0,https://www.cninfo.com.cn/new/disclosure/detail?annoId=1225499299,2026-08-25 19:57:45
600721,20260825,20260825,独立董事候选人声明与承诺 （华忆昕）,,0,https://www.cninfo.com.cn/new/disclosure/detail?annoId=1225499293,2026-08-25 19:57:45
600721,20260825,20260825,新疆百花村医药集团股份有限公司关于修订《公司章程》及相关议事规则的公告,,0,https://www.cninfo.com.cn/new/disclosure/detail?annoId=1225499292,2026-08-25 19:57:45
600721,20260825,20260825,新疆百花村医药集团股份有限公司2026年半年度报告摘要,,0,https://www.cninfo.com.cn/new/disclosure/detail?annoId=1225499289,2026-08-25 19:57:45
600721,20260825,20260825,新疆百花村医药集团股份有限公司章程（修订）,,0,https://www.cninfo.com.cn/new/disclosure/detail?annoId=1225499286,2026-08-25 19:57:45
600721,20260825,20260825,新疆百花村医药集团股份有限公司关于召开2026年第一次临时股东会的通知,,0,https://www.cninfo.com.cn/new/disclosure/detail?annoId=1225499283,2026-08-25 19:57:45
600721,20260825,20260825,新疆百花村医药集团股份有限公司董事会提名委员会对第十届董事会董事候选人任职资格的审核意见,,0,https://www.cninfo.com.cn/new/disclosure/detail?annoId=1225499278,2026-08-25 19:57:45
600721,20260826,20260813,新疆百花村医药集团股份有限公司股票交易严重异常波动暨风险提示公告,,3,https://www.cninfo.com.cn/new/disclosure/detail?annoId=1225470770,2026-08-27 00:11:37
600721,20260826,20260825,新疆百花村医药集团股份有限公司关于公司董事会提前换届选举的公告,,0,https://www.cninfo.com.cn/new/disclosure/detail?annoId=1225499337,2026-08-27 00:11:37
600721,20260826,20260825,独立董事候选人声明与承诺 （何欣）,,0,https://www.cninfo.com.cn/new/disclosure/detail?annoId=1225499336,2026-08-27 00:11:37
600721,20260826,20260825,新疆百花村医药集团股份有限公司第九届董事会第十二次会议决议公告,,0,https://www.cninfo.com.cn/new/disclosure/detail?annoId=1225499334,2026-08-27 00:11:37
600721,20260826,20260825,新疆百花村医药集团股份有限公司股东会议事规则（修订）,,0,https://www.cninfo.com.cn/new/disclosure/detail?annoId=1225499331,2026-08-27 00:11:37
600721,20260826,20260825,独立董事提名人声明与承诺（华忆昕）,,0,https://www.cninfo.com.cn/new/disclosure/detail?annoId=1225499330,2026-08-27 00:11:37
600721,20260826,20260825,独立董事提名人声明与承诺（武文洁）,,0,https://www.cninfo.com.cn/new/disclosure/detail?annoId=1225499329,2026-08-27 00:11:37
600721,20260826,20260825,新疆百花村医药集团股份有限公司关于聘任高级管理人员的公告,,0,https://www.cninfo.com.cn/new/disclosure/detail?annoId=1225499325,2026-08-27 00:11:37
600721,20260826,20260825,独立董事提名人声明与承诺（何欣）,,0,https://www.cninfo.com.cn/new/disclosure/detail?annoId=1225499323,2026-08-27 00:11:37
600721,20260826,20260825,独立董事候选人声明与承诺 （武文洁）,,0,https://www.cninfo.com.cn/new/disclosure/detail?annoId=1225499322,2026-08-27 00:11:37
600721,20260826,20260825,新疆百花村医药集团股份有限公司2026年半年度报告,,0,https://www.cninfo.com.cn/new/disclosure/detail?annoId=1225499319,2026-08-27 00:11:37
600721,20260826,20260825,新疆百花村医药集团股份有限公司董事会议事规则（修订）,,0,https://www.cninfo.com.cn/new/disclosure/detail?annoId=1225499317,2026-08-27 00:11:37
600721,20260826,20260825,独立董事候选人声明与承诺 （张斌）,,0,https://www.cninfo.com.cn/new/disclosure/detail?annoId=1225499308,2026-08-27 00:11:37
600721,20260826,20260825,独立董事提名人声明与承诺（张斌）,,0,https://www.cninfo.com.cn/new/disclosure/detail?annoId=1225499299,2026-08-27 00:11:37
600721,20260826,20260825,独立董事候选人声明与承诺 （华忆昕）,,0,https://www.cninfo.com.cn/new/disclosure/detail?annoId=1225499293,2026-08-27 00:11:37
600721,20260826,20260825,新疆百花村医药集团股份有限公司关于修订《公司章程》及相关议事规则的公告,,0,https://www.cninfo.com.cn/new/disclosure/detail?annoId=1225499292,2026-08-27 00:11:37
600721,20260826,20260825,新疆百花村医药集团股份有限公司2026年半年度报告摘要,,0,https://www.cninfo.com.cn/new/disclosure/detail?annoId=1225499289,2026-08-27 00:11:37
600721,20260826,20260825,新疆百花村医药集团股份有限公司章程（修订）,,0,https://www.cninfo.com.cn/new/disclosure/detail?annoId=1225499286,2026-08-27 00:11:37
600721,20260826,20260825,新疆百花村医药集团股份有限公司关于召开2026年第一次临时股东会的通知,,0,https://www.cninfo.com.cn/new/disclosure/detail?annoId=1225499283,2026-08-27 00:11:37
600721,20260826,20260825,新疆百花村医药集团股份有限公司董事会提名委员会对第十届董事会董事候选人任职资格的审核意见,,0,https://www.cninfo.com.cn/new/disclosure/detail?annoId=1225499278,2026-08-27 00:11:37
600721,20260827,20260825,新疆百花村医药集团股份有限公司关于公司董事会提前换届选举的公告,,0,https://www.cninfo.com.cn/new/disclosure/detail?annoId=1225499337,2026-08-27 21:27:35
600721,20260827,20260825,独立董事候选人声明与承诺 （何欣）,,0,https://www.cninfo.com.cn/new/disclosure/detail?annoId=1225499336,2026-08-27 21:27:35
600721,20260827,20260825,新疆百花村医药集团股份有限公司第九届董事会第十二次会议决议公告,,0,https://www.cninfo.com.cn/new/disclosure/detail?annoId=1225499334,2026-08-27 21:27:35
600721,20260827,20260825,新疆百花村医药集团股份有限公司股东会议事规则（修订）,,0,https://www.cninfo.com.cn/new/disclosure/detail?annoId=1225499331,2026-08-27 21:27:35
600721,20260827,20260825,独立董事提名人声明与承诺（华忆昕）,,0,https://www.cninfo.com.cn/new/disclosure/detail?annoId=1225499330,2026-08-27 21:27:35
600721,20260827,20260825,独立董事提名人声明与承诺（武文洁）,,0,https://www.cninfo.com.cn/new/disclosure/detail?annoId=1225499329,2026-08-27 21:27:35
600721,20260827,20260825,新疆百花村医药集团股份有限公司关于聘任高级管理人员的公告,,0,https://www.cninfo.com.cn/new/disclosure/detail?annoId=1225499325,2026-08-27 21:27:35
600721,20260827,20260825,独立董事提名人声明与承诺（何欣）,,0,https://www.cninfo.com.cn/new/disclosure/detail?annoId=1225499323,2026-08-27 21:27:35
600721,20260827,20260825,独立董事候选人声明与承诺 （武文洁）,,0,https://www.cninfo.com.cn/new/disclosure/detail?annoId=1225499322,2026-08-27 21:27:35
600721,20260827,20260825,新疆百花村医药集团股份有限公司2026年半年度报告,,0,https://www.cninfo.com.cn/new/disclosure/detail?annoId=1225499319,2026-08-27 21:27:35
600721,20260827,20260825,新疆百花村医药集团股份有限公司董事会议事规则（修订）,,0,https://www.cninfo.com.cn/new/disclosure/detail?annoId=1225499317,2026-08-27 21:27:35
600721,20260827,20260825,独立董事候选人声明与承诺 （张斌）,,0,https://www.cninfo.com.cn/new/disclosure/detail?annoId=1225499308,2026-08-27 21:27:35
600721,20260827,20260825,独立董事提名人声明与承诺（张斌）,,0,https://www.cninfo.com.cn/new/disclosure/detail?annoId=1225499299,2026-08-27 21:27:35
600721,20260827,20260825,独立董事候选人声明与承诺 （华忆昕）,,0,https://www.cninfo.com.cn/new/disclosure/detail?annoId=1225499293,2026-08-27 21:27:35
600721,20260827,20260825,新疆百花村医药集团股份有限公司关于修订《公司章程》及相关议事规则的公告,,0,https://www.cninfo.com.cn/new/disclosure/detail?annoId=1225499292,2026-08-27 21:27:35
600721,20260827,20260825,新疆百花村医药集团股份有限公司2026年半年度报告摘要,,0,https://www.cninfo.com.cn/new/disclosure/detail?annoId=1225499289,2026-08-27 21:27:35
600721,20260827,20260825,新疆百花村医药集团股份有限公司章程（修订）,,0,https://www.cninfo.com.cn/new/disclosure/detail?annoId=1225499286,2026-08-27 21:27:35
600721,20260827,20260825,新疆百花村医药集团股份有限公司关于召开2026年第一次临时股东会的通知,,0,https://www.cninfo.com.cn/new/disclosure/detail?annoId=1225499283,2026-08-27 21:27:35
600721,20260827,20260825,新疆百花村医药集团股份有限公司董事会提名委员会对第十届董事会董事候选人任职资格的审核意见,,0,https://www.cninfo.com.cn/new/disclosure/detail?annoId=1225499278,2026-08-27 21:27:35
600721,20260827,20260828,新疆百花村医药集团股份有限公司关于召开2026年半年度业绩说明会的公告,,0,https://www.cninfo.com.cn/new/disclosure/detail?annoId=1225516243,2026-08-27 21:27:35
600721,20260831,20260825,新疆百花村医药集团股份有限公司关于公司董事会提前换届选举的公告,,0,https://www.cninfo.com.cn/new/disclosure/detail?annoId=1225499337,2026-08-31 21:10:30
600721,20260831,20260825,独立董事候选人声明与承诺 （何欣）,,0,https://www.cninfo.com.cn/new/disclosure/detail?annoId=1225499336,2026-08-31 21:10:30
600721,20260831,20260825,新疆百花村医药集团股份有限公司第九届董事会第十二次会议决议公告,,0,https://www.cninfo.com.cn/new/disclosure/detail?annoId=1225499334,2026-08-31 21:10:30
600721,20260831,20260825,新疆百花村医药集团股份有限公司股东会议事规则（修订）,,0,https://www.cninfo.com.cn/new/disclosure/detail?annoId=1225499331,2026-08-31 21:10:30
600721,20260831,20260825,独立董事提名人声明与承诺（华忆昕）,,0,https://www.cninfo.com.cn/new/disclosure/detail?annoId=1225499330,2026-08-31 21:10:30
600721,20260831,20260825,独立董事提名人声明与承诺（武文洁）,,0,https://www.cninfo.com.cn/new/disclosure/detail?annoId=1225499329,2026-08-31 21:10:30
600721,20260831,20260825,新疆百花村医药集团股份有限公司关于聘任高级管理人员的公告,,0,https://www.cninfo.com.cn/new/disclosure/detail?annoId=1225499325,2026-08-31 21:10:30
600721,20260831,20260825,独立董事提名人声明与承诺（何欣）,,0,https://www.cninfo.com.cn/new/disclosure/detail?annoId=1225499323,2026-08-31 21:10:30
600721,20260831,20260825,独立董事候选人声明与承诺 （武文洁）,,0,https://www.cninfo.com.cn/new/disclosure/detail?annoId=1225499322,2026-08-31 21:10:30
600721,20260831,20260825,新疆百花村医药集团股份有限公司2026年半年度报告,,0,https://www.cninfo.com.cn/new/disclosure/detail?annoId=1225499319,2026-08-31 21:10:30
600721,20260831,20260825,新疆百花村医药集团股份有限公司董事会议事规则（修订）,,0,https://www.cninfo.com.cn/new/disclosure/detail?annoId=1225499317,2026-08-31 21:10:30
600721,20260831,20260825,独立董事候选人声明与承诺 （张斌）,,0,https://www.cninfo.com.cn/new/disclosure/detail?annoId=1225499308,2026-08-31 21:10:30
600721,20260831,20260825,独立董事提名人声明与承诺（张斌）,,0,https://www.cninfo.com.cn/new/disclosure/detail?annoId=1225499299,2026-08-31 21:10:30
600721,20260831,20260825,独立董事候选人声明与承诺 （华忆昕）,,0,https://www.cninfo.com.cn/new/disclosure/detail?annoId=1225499293,2026-08-31 21:10:30
600721,20260831,20260825,新疆百花村医药集团股份有限公司关于修订《公司章程》及相关议事规则的公告,,0,https://www.cninfo.com.cn/new/disclosure/detail?annoId=1225499292,2026-08-31 21:10:30
600721,20260831,20260825,新疆百花村医药集团股份有限公司2026年半年度报告摘要,,0,https://www.cninfo.com.cn/new/disclosure/detail?annoId=1225499289,2026-08-31 21:10:30
600721,20260831,20260825,新疆百花村医药集团股份有限公司章程（修订）,,0,https://www.cninfo.com.cn/new/disclosure/detail?annoId=1225499286,2026-08-31 21:10:30
600721,20260831,20260825,新疆百花村医药集团股份有限公司关于召开2026年第一次临时股东会的通知,,0,https://www.cninfo.com.cn/new/disclosure/detail?annoId=1225499283,2026-08-31 21:10:30
600721,20260831,20260828,新疆百花村医药集团股份有限公司关于召开2026年半年度业绩说明会的公告,,0,https://www.cninfo.com.cn/new/disclosure/detail?annoId=1225516243,2026-08-31 21:10:30
600721,20260831,20260829,新疆百花村医药集团股份有限公司股东减持股份计划的公告,,0,https://www.cninfo.com.cn/new/disclosure/detail?annoId=1225527953,2026-08-31 21:10:30
600744,20260722,20260527,大唐华银电力股份有限公司2025年年度股东会会议资料,,0,https://www.cninfo.com.cn/new/disclosure/detail?annoId=1225330493,2026-08-26 22:20:14
600744,20260722,20260529,大唐华银电力股份有限公司股东减持股份结果公告,,0,https://www.cninfo.com.cn/new/disclosure/detail?annoId=1225335574,2026-08-26 22:20:14
600744,20260722,20260529,大唐华银电力股份有限公司关于持股5%以上股东权益变动触及1%刻度的提示性公告,,0,https://www.cninfo.com.cn/new/disclosure/detail?annoId=1225335568,2026-08-26 22:20:14
600744,20260722,20260605,关于大唐华银电力股份有限公司2025年年度股东会法律意见书,,0,https://www.cninfo.com.cn/new/disclosure/detail?annoId=1225351673,2026-08-26 22:20:14
600744,20260722,20260605,大唐华银电力股份有限公司2025年年度股东会决议公告,,0,https://www.cninfo.com.cn/new/disclosure/detail?annoId=1225351669,2026-08-26 22:20:14
600744,20260722,20260613,大唐华银电力股份有限公司关于2026年度第三期中期票据发行情况公告,,0,https://www.cninfo.com.cn/new/disclosure/detail?annoId=1225367980,2026-08-26 22:20:14
600744,20260722,20260618,大唐华银电力股份有限公司关于向特定对象发行股票募集说明书（注册稿）更新的提示性公告,,0,https://www.cninfo.com.cn/new/disclosure/detail?annoId=1225375824,2026-08-26 22:20:14
600744,20260722,20260618,大唐华银电力股份有限公司向特定对象发行股票证券募集说明书（注册稿）,,0,https://www.cninfo.com.cn/new/disclosure/detail?annoId=1225375808,2026-08-26 22:20:14
600744,20260722,20260704,大唐华银电力股份有限公司2026年半年度业绩预告,,0,https://www.cninfo.com.cn/new/disclosure/detail?annoId=1225408903,2026-08-26 22:20:14
600744,20260722,20260717,大唐华银电力股份有限公司关于2026年度第四期中期票据发行情况公告,,0,https://www.cninfo.com.cn/new/disclosure/detail?annoId=1225428075,2026-08-26 22:20:14
600744,20260722,20260721,大唐华银电力股份有限公司股票交易异常波动公告,,2,https://www.cninfo.com.cn/new/disclosure/detail?annoId=1225432637,2026-08-26 22:20:14
600744,20260722,20260722,大唐华银电力股份有限公司股票交易风险提示公告,,1,https://www.cninfo.com.cn/new/disclosure/detail?annoId=1225435860,2026-08-26 22:20:14
600744,20260722,20260821,大唐华银电力股份有限公司高级管理人员离任的公告,,0,https://www.cninfo.com.cn/new/disclosure/detail?annoId=1225485062,2026-08-26 22:20:14
600744,20260722,20260821,大唐华银电力股份有限公司关于更换职工董事的公告,,0,https://www.cninfo.com.cn/new/disclosure/detail?annoId=1225485030,2026-08-26 22:20:14
600744,20260722,20260827,大唐华银电力股份有限公司2026年半年度报告摘要,,0,https://www.cninfo.com.cn/new/disclosure/detail?annoId=1225512637,2026-08-26 22:20:14
600744,20260722,20260827,大唐华银电力股份有限公司2026年度提质增效重回报专项行动方案（2.0版）的公告,,0,https://www.cninfo.com.cn/new/disclosure/detail?annoId=1225512595,2026-08-26 22:20:14
600744,20260722,20260827,大唐华银电力股份有限公司董事会2026年第3次会议决议公告,,0,https://www.cninfo.com.cn/new/disclosure/detail?annoId=1225512591,2026-08-26 22:20:14
600744,20260722,20260827,大唐华银电力股份有限公司关于参加2026年湖南辖区上市公司投资者网上集体接待日暨半年度业绩说明会活动的公告,,0,https://www.cninfo.com.cn/new/disclosure/detail?annoId=1225512590,2026-08-26 22:20:14
600744,20260722,20260827,大唐华银电力股份有限公司2026年半年度报告,,0,https://www.cninfo.com.cn/new/disclosure/detail?annoId=1225512575,2026-08-26 22:20:14
600744,20260722,20260827,大唐华银电力股份有限公司关于对中国大唐集团财务有限公司风险评估报告的公告,,0,https://www.cninfo.com.cn/new/disclosure/detail?annoId=1225512571,2026-08-26 22:20:14
600744,20260807,20260424,大唐华银电力股份有限公司关于召开2025年度暨2026年一季度业绩说明会的公告,,0,https://www.cninfo.com.cn/new/disclosure/detail?annoId=1225160116,2026-08-25 21:42:00
600744,20260807,20260425,大唐华银电力股份有限公司股东减持股份计划公告,,0,https://www.cninfo.com.cn/new/disclosure/detail?annoId=1225185649,2026-08-25 21:42:00
600744,20260807,20260515,大唐华银电力股份有限公司董事和高级管理人员薪酬管理办法（草案）,,0,https://www.cninfo.com.cn/new/disclosure/detail?annoId=1225306247,2026-08-25 21:42:00
600744,20260807,20260515,大唐华银电力股份有限公司董事会2026年第2次会议决议公告,,0,https://www.cninfo.com.cn/new/disclosure/detail?annoId=1225306241,2026-08-25 21:42:00
600744,20260807,20260515,大唐华银电力股份有限公司关于召开2025年年度股东会的通知,,0,https://www.cninfo.com.cn/new/disclosure/detail?annoId=1225306239,2026-08-25 21:42:00
600744,20260807,20260521,大唐华银电力股份有限公司关于2026年度第二期中期票据发行情况公告,,0,https://www.cninfo.com.cn/new/disclosure/detail?annoId=1225320061,2026-08-25 21:42:00
600744,20260807,20260527,大唐华银电力股份有限公司2025年年度股东会会议资料,,0,https://www.cninfo.com.cn/new/disclosure/detail?annoId=1225330493,2026-08-25 21:42:00
600744,20260807,20260529,大唐华银电力股份有限公司股东减持股份结果公告,,0,https://www.cninfo.com.cn/new/disclosure/detail?annoId=1225335574,2026-08-25 21:42:00
600744,20260807,20260529,大唐华银电力股份有限公司关于持股5%以上股东权益变动触及1%刻度的提示性公告,,0,https://www.cninfo.com.cn/new/disclosure/detail?annoId=1225335568,2026-08-25 21:42:00
600744,20260807,20260605,关于大唐华银电力股份有限公司2025年年度股东会法律意见书,,0,https://www.cninfo.com.cn/new/disclosure/detail?annoId=1225351673,2026-08-25 21:42:00
600744,20260807,20260605,大唐华银电力股份有限公司2025年年度股东会决议公告,,0,https://www.cninfo.com.cn/new/disclosure/detail?annoId=1225351669,2026-08-25 21:42:00
600744,20260807,20260613,大唐华银电力股份有限公司关于2026年度第三期中期票据发行情况公告,,0,https://www.cninfo.com.cn/new/disclosure/detail?annoId=1225367980,2026-08-25 21:42:00
600744,20260807,20260618,大唐华银电力股份有限公司关于向特定对象发行股票募集说明书（注册稿）更新的提示性公告,,0,https://www.cninfo.com.cn/new/disclosure/detail?annoId=1225375824,2026-08-25 21:42:00
600744,20260807,20260618,大唐华银电力股份有限公司向特定对象发行股票证券募集说明书（注册稿）,,0,https://www.cninfo.com.cn/new/disclosure/detail?annoId=1225375808,2026-08-25 21:42:00
600744,20260807,20260704,大唐华银电力股份有限公司2026年半年度业绩预告,,0,https://www.cninfo.com.cn/new/disclosure/detail?annoId=1225408903,2026-08-25 21:42:00
600744,20260807,20260717,大唐华银电力股份有限公司关于2026年度第四期中期票据发行情况公告,,0,https://www.cninfo.com.cn/new/disclosure/detail?annoId=1225428075,2026-08-25 21:42:00
600744,20260807,20260721,大唐华银电力股份有限公司股票交易异常波动公告,,2,https://www.cninfo.com.cn/new/disclosure/detail?annoId=1225432637,2026-08-25 21:42:00
600744,20260807,20260722,大唐华银电力股份有限公司股票交易风险提示公告,,1,https://www.cninfo.com.cn/new/disclosure/detail?annoId=1225435860,2026-08-25 21:42:00
600744,20260807,20260821,大唐华银电力股份有限公司高级管理人员离任的公告,,0,https://www.cninfo.com.cn/new/disclosure/detail?annoId=1225485062,2026-08-25 21:42:00
600744,20260807,20260821,大唐华银电力股份有限公司关于更换职工董事的公告,,0,https://www.cninfo.com.cn/new/disclosure/detail?annoId=1225485030,2026-08-25 21:42:00
600744,20260819,20260424,大唐华银电力股份有限公司关于召开2025年度暨2026年一季度业绩说明会的公告,,0,https://www.cninfo.com.cn/new/disclosure/detail?annoId=1225160116,2026-08-26 10:40:37
600744,20260819,20260425,大唐华银电力股份有限公司股东减持股份计划公告,,0,https://www.cninfo.com.cn/new/disclosure/detail?annoId=1225185649,2026-08-26 10:40:37
600744,20260819,20260515,大唐华银电力股份有限公司董事和高级管理人员薪酬管理办法（草案）,,0,https://www.cninfo.com.cn/new/disclosure/detail?annoId=1225306247,2026-08-26 10:40:37
600744,20260819,20260515,大唐华银电力股份有限公司董事会2026年第2次会议决议公告,,0,https://www.cninfo.com.cn/new/disclosure/detail?annoId=1225306241,2026-08-26 10:40:37
600744,20260819,20260515,大唐华银电力股份有限公司关于召开2025年年度股东会的通知,,0,https://www.cninfo.com.cn/new/disclosure/detail?annoId=1225306239,2026-08-26 10:40:37
600744,20260819,20260521,大唐华银电力股份有限公司关于2026年度第二期中期票据发行情况公告,,0,https://www.cninfo.com.cn/new/disclosure/detail?annoId=1225320061,2026-08-26 10:40:37
600744,20260819,20260527,大唐华银电力股份有限公司2025年年度股东会会议资料,,0,https://www.cninfo.com.cn/new/disclosure/detail?annoId=1225330493,2026-08-26 10:40:37
600744,20260819,20260529,大唐华银电力股份有限公司股东减持股份结果公告,,0,https://www.cninfo.com.cn/new/disclosure/detail?annoId=1225335574,2026-08-26 10:40:37
600744,20260819,20260529,大唐华银电力股份有限公司关于持股5%以上股东权益变动触及1%刻度的提示性公告,,0,https://www.cninfo.com.cn/new/disclosure/detail?annoId=1225335568,2026-08-26 10:40:37
600744,20260819,20260605,关于大唐华银电力股份有限公司2025年年度股东会法律意见书,,0,https://www.cninfo.com.cn/new/disclosure/detail?annoId=1225351673,2026-08-26 10:40:37
600744,20260819,20260605,大唐华银电力股份有限公司2025年年度股东会决议公告,,0,https://www.cninfo.com.cn/new/disclosure/detail?annoId=1225351669,2026-08-26 10:40:37
600744,20260819,20260613,大唐华银电力股份有限公司关于2026年度第三期中期票据发行情况公告,,0,https://www.cninfo.com.cn/new/disclosure/detail?annoId=1225367980,2026-08-26 10:40:37
600744,20260819,20260618,大唐华银电力股份有限公司关于向特定对象发行股票募集说明书（注册稿）更新的提示性公告,,0,https://www.cninfo.com.cn/new/disclosure/detail?annoId=1225375824,2026-08-26 10:40:37
600744,20260819,20260618,大唐华银电力股份有限公司向特定对象发行股票证券募集说明书（注册稿）,,0,https://www.cninfo.com.cn/new/disclosure/detail?annoId=1225375808,2026-08-26 10:40:37
600744,20260819,20260704,大唐华银电力股份有限公司2026年半年度业绩预告,,0,https://www.cninfo.com.cn/new/disclosure/detail?annoId=1225408903,2026-08-26 10:40:37
600744,20260819,20260717,大唐华银电力股份有限公司关于2026年度第四期中期票据发行情况公告,,0,https://www.cninfo.com.cn/new/disclosure/detail?annoId=1225428075,2026-08-26 10:40:37
600744,20260819,20260721,大唐华银电力股份有限公司股票交易异常波动公告,,2,https://www.cninfo.com.cn/new/disclosure/detail?annoId=1225432637,2026-08-26 10:40:37
600744,20260819,20260722,大唐华银电力股份有限公司股票交易风险提示公告,,1,https://www.cninfo.com.cn/new/disclosure/detail?annoId=1225435860,2026-08-26 10:40:37
600744,20260819,20260821,大唐华银电力股份有限公司高级管理人员离任的公告,,0,https://www.cninfo.com.cn/new/disclosure/detail?annoId=1225485062,2026-08-26 10:40:37
600744,20260819,20260821,大唐华银电力股份有限公司关于更换职工董事的公告,,0,https://www.cninfo.com.cn/new/disclosure/detail?annoId=1225485030,2026-08-26 10:40:37
600744,20260821,20260424,大唐华银电力股份有限公司关于召开2025年度暨2026年一季度业绩说明会的公告,,0,https://www.cninfo.com.cn/new/disclosure/detail?annoId=1225160116,2026-08-25 10:07:23
600744,20260821,20260425,大唐华银电力股份有限公司股东减持股份计划公告,,0,https://www.cninfo.com.cn/new/disclosure/detail?annoId=1225185649,2026-08-25 10:07:23
600744,20260821,20260515,大唐华银电力股份有限公司董事和高级管理人员薪酬管理办法（草案）,,0,https://www.cninfo.com.cn/new/disclosure/detail?annoId=1225306247,2026-08-25 10:07:23
600744,20260821,20260515,大唐华银电力股份有限公司董事会2026年第2次会议决议公告,,0,https://www.cninfo.com.cn/new/disclosure/detail?annoId=1225306241,2026-08-25 10:07:23
600744,20260821,20260515,大唐华银电力股份有限公司关于召开2025年年度股东会的通知,,0,https://www.cninfo.com.cn/new/disclosure/detail?annoId=1225306239,2026-08-25 10:07:23
600744,20260821,20260521,大唐华银电力股份有限公司关于2026年度第二期中期票据发行情况公告,,0,https://www.cninfo.com.cn/new/disclosure/detail?annoId=1225320061,2026-08-25 10:07:23
600744,20260821,20260527,大唐华银电力股份有限公司2025年年度股东会会议资料,,0,https://www.cninfo.com.cn/new/disclosure/detail?annoId=1225330493,2026-08-25 10:07:23
600744,20260821,20260529,大唐华银电力股份有限公司股东减持股份结果公告,,0,https://www.cninfo.com.cn/new/disclosure/detail?annoId=1225335574,2026-08-25 10:07:23
600744,20260821,20260529,大唐华银电力股份有限公司关于持股5%以上股东权益变动触及1%刻度的提示性公告,,0,https://www.cninfo.com.cn/new/disclosure/detail?annoId=1225335568,2026-08-25 10:07:23
600744,20260821,20260605,关于大唐华银电力股份有限公司2025年年度股东会法律意见书,,0,https://www.cninfo.com.cn/new/disclosure/detail?annoId=1225351673,2026-08-25 10:07:23
600744,20260821,20260605,大唐华银电力股份有限公司2025年年度股东会决议公告,,0,https://www.cninfo.com.cn/new/disclosure/detail?annoId=1225351669,2026-08-25 10:07:23
600744,20260821,20260613,大唐华银电力股份有限公司关于2026年度第三期中期票据发行情况公告,,0,https://www.cninfo.com.cn/new/disclosure/detail?annoId=1225367980,2026-08-25 10:07:23
600744,20260821,20260618,大唐华银电力股份有限公司关于向特定对象发行股票募集说明书（注册稿）更新的提示性公告,,0,https://www.cninfo.com.cn/new/disclosure/detail?annoId=1225375824,2026-08-25 10:07:23
600744,20260821,20260618,大唐华银电力股份有限公司向特定对象发行股票证券募集说明书（注册稿）,,0,https://www.cninfo.com.cn/new/disclosure/detail?annoId=1225375808,2026-08-25 10:07:23
600744,20260821,20260704,大唐华银电力股份有限公司2026年半年度业绩预告,,0,https://www.cninfo.com.cn/new/disclosure/detail?annoId=1225408903,2026-08-25 10:07:23
600744,20260821,20260717,大唐华银电力股份有限公司关于2026年度第四期中期票据发行情况公告,,0,https://www.cninfo.com.cn/new/disclosure/detail?annoId=1225428075,2026-08-25 10:07:23
600744,20260821,20260721,大唐华银电力股份有限公司股票交易异常波动公告,,2,https://www.cninfo.com.cn/new/disclosure/detail?annoId=1225432637,2026-08-25 10:07:23
600744,20260821,20260722,大唐华银电力股份有限公司股票交易风险提示公告,,1,https://www.cninfo.com.cn/new/disclosure/detail?annoId=1225435860,2026-08-25 10:07:23
600744,20260821,20260821,大唐华银电力股份有限公司高级管理人员离任的公告,,0,https://www.cninfo.com.cn/new/disclosure/detail?annoId=1225485062,2026-08-25 10:07:23
600744,20260821,20260821,大唐华银电力股份有限公司关于更换职工董事的公告,,0,https://www.cninfo.com.cn/new/disclosure/detail?annoId=1225485030,2026-08-25 10:07:23
600744,20260824,20260424,大唐华银电力股份有限公司关于召开2025年度暨2026年一季度业绩说明会的公告,,0,https://www.cninfo.com.cn/new/disclosure/detail?annoId=1225160116,2026-08-25 10:15:25
600744,20260824,20260425,大唐华银电力股份有限公司股东减持股份计划公告,,0,https://www.cninfo.com.cn/new/disclosure/detail?annoId=1225185649,2026-08-25 10:15:25
600744,20260824,20260515,大唐华银电力股份有限公司董事和高级管理人员薪酬管理办法（草案）,,0,https://www.cninfo.com.cn/new/disclosure/detail?annoId=1225306247,2026-08-25 10:15:25
600744,20260824,20260515,大唐华银电力股份有限公司董事会2026年第2次会议决议公告,,0,https://www.cninfo.com.cn/new/disclosure/detail?annoId=1225306241,2026-08-25 10:15:25
600744,20260824,20260515,大唐华银电力股份有限公司关于召开2025年年度股东会的通知,,0,https://www.cninfo.com.cn/new/disclosure/detail?annoId=1225306239,2026-08-25 10:15:25
600744,20260824,20260521,大唐华银电力股份有限公司关于2026年度第二期中期票据发行情况公告,,0,https://www.cninfo.com.cn/new/disclosure/detail?annoId=1225320061,2026-08-25 10:15:25
600744,20260824,20260527,大唐华银电力股份有限公司2025年年度股东会会议资料,,0,https://www.cninfo.com.cn/new/disclosure/detail?annoId=1225330493,2026-08-25 10:15:25
600744,20260824,20260529,大唐华银电力股份有限公司股东减持股份结果公告,,0,https://www.cninfo.com.cn/new/disclosure/detail?annoId=1225335574,2026-08-25 10:15:25
600744,20260824,20260529,大唐华银电力股份有限公司关于持股5%以上股东权益变动触及1%刻度的提示性公告,,0,https://www.cninfo.com.cn/new/disclosure/detail?annoId=1225335568,2026-08-25 10:15:25
600744,20260824,20260605,关于大唐华银电力股份有限公司2025年年度股东会法律意见书,,0,https://www.cninfo.com.cn/new/disclosure/detail?annoId=1225351673,2026-08-25 10:15:25
600744,20260824,20260605,大唐华银电力股份有限公司2025年年度股东会决议公告,,0,https://www.cninfo.com.cn/new/disclosure/detail?annoId=1225351669,2026-08-25 10:15:25
600744,20260824,20260613,大唐华银电力股份有限公司关于2026年度第三期中期票据发行情况公告,,0,https://www.cninfo.com.cn/new/disclosure/detail?annoId=1225367980,2026-08-25 10:15:25
600744,20260824,20260618,大唐华银电力股份有限公司关于向特定对象发行股票募集说明书（注册稿）更新的提示性公告,,0,https://www.cninfo.com.cn/new/disclosure/detail?annoId=1225375824,2026-08-25 10:15:25
600744,20260824,20260618,大唐华银电力股份有限公司向特定对象发行股票证券募集说明书（注册稿）,,0,https://www.cninfo.com.cn/new/disclosure/detail?annoId=1225375808,2026-08-25 10:15:25
600744,20260824,20260704,大唐华银电力股份有限公司2026年半年度业绩预告,,0,https://www.cninfo.com.cn/new/disclosure/detail?annoId=1225408903,2026-08-25 10:15:25
600744,20260824,20260717,大唐华银电力股份有限公司关于2026年度第四期中期票据发行情况公告,,0,https://www.cninfo.com.cn/new/disclosure/detail?annoId=1225428075,2026-08-25 10:15:25
600744,20260824,20260721,大唐华银电力股份有限公司股票交易异常波动公告,,2,https://www.cninfo.com.cn/new/disclosure/detail?annoId=1225432637,2026-08-25 10:15:25
600744,20260824,20260722,大唐华银电力股份有限公司股票交易风险提示公告,,1,https://www.cninfo.com.cn/new/disclosure/detail?annoId=1225435860,2026-08-25 10:15:25
600744,20260824,20260821,大唐华银电力股份有限公司高级管理人员离任的公告,,0,https://www.cninfo.com.cn/new/disclosure/detail?annoId=1225485062,2026-08-25 10:15:25
600744,20260824,20260821,大唐华银电力股份有限公司关于更换职工董事的公告,,0,https://www.cninfo.com.cn/new/disclosure/detail?annoId=1225485030,2026-08-25 10:15:25
600744,20260825,20260424,大唐华银电力股份有限公司关于召开2025年度暨2026年一季度业绩说明会的公告,,0,https://www.cninfo.com.cn/new/disclosure/detail?annoId=1225160116,2026-08-25 19:57:45
600744,20260825,20260425,大唐华银电力股份有限公司股东减持股份计划公告,,0,https://www.cninfo.com.cn/new/disclosure/detail?annoId=1225185649,2026-08-25 19:57:45
600744,20260825,20260515,大唐华银电力股份有限公司董事和高级管理人员薪酬管理办法（草案）,,0,https://www.cninfo.com.cn/new/disclosure/detail?annoId=1225306247,2026-08-25 19:57:45
600744,20260825,20260515,大唐华银电力股份有限公司董事会2026年第2次会议决议公告,,0,https://www.cninfo.com.cn/new/disclosure/detail?annoId=1225306241,2026-08-25 19:57:45
600744,20260825,20260515,大唐华银电力股份有限公司关于召开2025年年度股东会的通知,,0,https://www.cninfo.com.cn/new/disclosure/detail?annoId=1225306239,2026-08-25 19:57:45
600744,20260825,20260521,大唐华银电力股份有限公司关于2026年度第二期中期票据发行情况公告,,0,https://www.cninfo.com.cn/new/disclosure/detail?annoId=1225320061,2026-08-25 19:57:45
600744,20260825,20260527,大唐华银电力股份有限公司2025年年度股东会会议资料,,0,https://www.cninfo.com.cn/new/disclosure/detail?annoId=1225330493,2026-08-25 19:57:45
600744,20260825,20260529,大唐华银电力股份有限公司股东减持股份结果公告,,0,https://www.cninfo.com.cn/new/disclosure/detail?annoId=1225335574,2026-08-25 19:57:45
600744,20260825,20260529,大唐华银电力股份有限公司关于持股5%以上股东权益变动触及1%刻度的提示性公告,,0,https://www.cninfo.com.cn/new/disclosure/detail?annoId=1225335568,2026-08-25 19:57:45
600744,20260825,20260605,关于大唐华银电力股份有限公司2025年年度股东会法律意见书,,0,https://www.cninfo.com.cn/new/disclosure/detail?annoId=1225351673,2026-08-25 19:57:45
600744,20260825,20260605,大唐华银电力股份有限公司2025年年度股东会决议公告,,0,https://www.cninfo.com.cn/new/disclosure/detail?annoId=1225351669,2026-08-25 19:57:45
600744,20260825,20260613,大唐华银电力股份有限公司关于2026年度第三期中期票据发行情况公告,,0,https://www.cninfo.com.cn/new/disclosure/detail?annoId=1225367980,2026-08-25 19:57:45
600744,20260825,20260618,大唐华银电力股份有限公司关于向特定对象发行股票募集说明书（注册稿）更新的提示性公告,,0,https://www.cninfo.com.cn/new/disclosure/detail?annoId=1225375824,2026-08-25 19:57:45
600744,20260825,20260618,大唐华银电力股份有限公司向特定对象发行股票证券募集说明书（注册稿）,,0,https://www.cninfo.com.cn/new/disclosure/detail?annoId=1225375808,2026-08-25 19:57:45
600744,20260825,20260704,大唐华银电力股份有限公司2026年半年度业绩预告,,0,https://www.cninfo.com.cn/new/disclosure/detail?annoId=1225408903,2026-08-25 19:57:45
600744,20260825,20260717,大唐华银电力股份有限公司关于2026年度第四期中期票据发行情况公告,,0,https://www.cninfo.com.cn/new/disclosure/detail?annoId=1225428075,2026-08-25 19:57:45
600744,20260825,20260721,大唐华银电力股份有限公司股票交易异常波动公告,,2,https://www.cninfo.com.cn/new/disclosure/detail?annoId=1225432637,2026-08-25 19:57:45
600744,20260825,20260722,大唐华银电力股份有限公司股票交易风险提示公告,,1,https://www.cninfo.com.cn/new/disclosure/detail?annoId=1225435860,2026-08-25 19:57:45
600744,20260825,20260821,大唐华银电力股份有限公司高级管理人员离任的公告,,0,https://www.cninfo.com.cn/new/disclosure/detail?annoId=1225485062,2026-08-25 19:57:45
600744,20260825,20260821,大唐华银电力股份有限公司关于更换职工董事的公告,,0,https://www.cninfo.com.cn/new/disclosure/detail?annoId=1225485030,2026-08-25 19:57:45
600744,20260826,20260527,大唐华银电力股份有限公司2025年年度股东会会议资料,,0,https://www.cninfo.com.cn/new/disclosure/detail?annoId=1225330493,2026-08-27 00:11:37
600744,20260826,20260529,大唐华银电力股份有限公司股东减持股份结果公告,,0,https://www.cninfo.com.cn/new/disclosure/detail?annoId=1225335574,2026-08-27 00:11:37
600744,20260826,20260529,大唐华银电力股份有限公司关于持股5%以上股东权益变动触及1%刻度的提示性公告,,0,https://www.cninfo.com.cn/new/disclosure/detail?annoId=1225335568,2026-08-27 00:11:37
600744,20260826,20260605,关于大唐华银电力股份有限公司2025年年度股东会法律意见书,,0,https://www.cninfo.com.cn/new/disclosure/detail?annoId=1225351673,2026-08-27 00:11:37
600744,20260826,20260605,大唐华银电力股份有限公司2025年年度股东会决议公告,,0,https://www.cninfo.com.cn/new/disclosure/detail?annoId=1225351669,2026-08-27 00:11:37
600744,20260826,20260613,大唐华银电力股份有限公司关于2026年度第三期中期票据发行情况公告,,0,https://www.cninfo.com.cn/new/disclosure/detail?annoId=1225367980,2026-08-27 00:11:37
600744,20260826,20260618,大唐华银电力股份有限公司关于向特定对象发行股票募集说明书（注册稿）更新的提示性公告,,0,https://www.cninfo.com.cn/new/disclosure/detail?annoId=1225375824,2026-08-27 00:11:37
600744,20260826,20260618,大唐华银电力股份有限公司向特定对象发行股票证券募集说明书（注册稿）,,0,https://www.cninfo.com.cn/new/disclosure/detail?annoId=1225375808,2026-08-27 00:11:37
600744,20260826,20260704,大唐华银电力股份有限公司2026年半年度业绩预告,,0,https://www.cninfo.com.cn/new/disclosure/detail?annoId=1225408903,2026-08-27 00:11:37
600744,20260826,20260717,大唐华银电力股份有限公司关于2026年度第四期中期票据发行情况公告,,0,https://www.cninfo.com.cn/new/disclosure/detail?annoId=1225428075,2026-08-27 00:11:37
600744,20260826,20260721,大唐华银电力股份有限公司股票交易异常波动公告,,2,https://www.cninfo.com.cn/new/disclosure/detail?annoId=1225432637,2026-08-27 00:11:37
600744,20260826,20260722,大唐华银电力股份有限公司股票交易风险提示公告,,1,https://www.cninfo.com.cn/new/disclosure/detail?annoId=1225435860,2026-08-27 00:11:37
600744,20260826,20260821,大唐华银电力股份有限公司高级管理人员离任的公告,,0,https://www.cninfo.com.cn/new/disclosure/detail?annoId=1225485062,2026-08-27 00:11:37
600744,20260826,20260821,大唐华银电力股份有限公司关于更换职工董事的公告,,0,https://www.cninfo.com.cn/new/disclosure/detail?annoId=1225485030,2026-08-27 00:11:37
600744,20260826,20260827,大唐华银电力股份有限公司2026年半年度报告摘要,,0,https://www.cninfo.com.cn/new/disclosure/detail?annoId=1225512637,2026-08-27 00:11:37
600744,20260826,20260827,大唐华银电力股份有限公司2026年度提质增效重回报专项行动方案（2.0版）的公告,,0,https://www.cninfo.com.cn/new/disclosure/detail?annoId=1225512595,2026-08-27 00:11:37
600744,20260826,20260827,大唐华银电力股份有限公司董事会2026年第3次会议决议公告,,0,https://www.cninfo.com.cn/new/disclosure/detail?annoId=1225512591,2026-08-27 00:11:37
600744,20260826,20260827,大唐华银电力股份有限公司关于参加2026年湖南辖区上市公司投资者网上集体接待日暨半年度业绩说明会活动的公告,,0,https://www.cninfo.com.cn/new/disclosure/detail?annoId=1225512590,2026-08-27 00:11:37
600744,20260826,20260827,大唐华银电力股份有限公司2026年半年度报告,,0,https://www.cninfo.com.cn/new/disclosure/detail?annoId=1225512575,2026-08-27 00:11:37
600744,20260826,20260827,大唐华银电力股份有限公司关于对中国大唐集团财务有限公司风险评估报告的公告,,0,https://www.cninfo.com.cn/new/disclosure/detail?annoId=1225512571,2026-08-27 00:11:37
600744,20260827,20260527,大唐华银电力股份有限公司2025年年度股东会会议资料,,0,https://www.cninfo.com.cn/new/disclosure/detail?annoId=1225330493,2026-08-27 21:27:35
600744,20260827,20260529,大唐华银电力股份有限公司股东减持股份结果公告,,0,https://www.cninfo.com.cn/new/disclosure/detail?annoId=1225335574,2026-08-27 21:27:35
600744,20260827,20260529,大唐华银电力股份有限公司关于持股5%以上股东权益变动触及1%刻度的提示性公告,,0,https://www.cninfo.com.cn/new/disclosure/detail?annoId=1225335568,2026-08-27 21:27:35
600744,20260827,20260605,关于大唐华银电力股份有限公司2025年年度股东会法律意见书,,0,https://www.cninfo.com.cn/new/disclosure/detail?annoId=1225351673,2026-08-27 21:27:35
600744,20260827,20260605,大唐华银电力股份有限公司2025年年度股东会决议公告,,0,https://www.cninfo.com.cn/new/disclosure/detail?annoId=1225351669,2026-08-27 21:27:35
600744,20260827,20260613,大唐华银电力股份有限公司关于2026年度第三期中期票据发行情况公告,,0,https://www.cninfo.com.cn/new/disclosure/detail?annoId=1225367980,2026-08-27 21:27:35
600744,20260827,20260618,大唐华银电力股份有限公司关于向特定对象发行股票募集说明书（注册稿）更新的提示性公告,,0,https://www.cninfo.com.cn/new/disclosure/detail?annoId=1225375824,2026-08-27 21:27:35
600744,20260827,20260618,大唐华银电力股份有限公司向特定对象发行股票证券募集说明书（注册稿）,,0,https://www.cninfo.com.cn/new/disclosure/detail?annoId=1225375808,2026-08-27 21:27:35
600744,20260827,20260704,大唐华银电力股份有限公司2026年半年度业绩预告,,0,https://www.cninfo.com.cn/new/disclosure/detail?annoId=1225408903,2026-08-27 21:27:35
600744,20260827,20260717,大唐华银电力股份有限公司关于2026年度第四期中期票据发行情况公告,,0,https://www.cninfo.com.cn/new/disclosure/detail?annoId=1225428075,2026-08-27 21:27:35
600744,20260827,20260721,大唐华银电力股份有限公司股票交易异常波动公告,,2,https://www.cninfo.com.cn/new/disclosure/detail?annoId=1225432637,2026-08-27 21:27:35
600744,20260827,20260722,大唐华银电力股份有限公司股票交易风险提示公告,,1,https://www.cninfo.com.cn/new/disclosure/detail?annoId=1225435860,2026-08-27 21:27:35
600744,20260827,20260821,大唐华银电力股份有限公司高级管理人员离任的公告,,0,https://www.cninfo.com.cn/new/disclosure/detail?annoId=1225485062,2026-08-27 21:27:35
600744,20260827,20260821,大唐华银电力股份有限公司关于更换职工董事的公告,,0,https://www.cninfo.com.cn/new/disclosure/detail?annoId=1225485030,2026-08-27 21:27:35
600744,20260827,20260827,大唐华银电力股份有限公司2026年半年度报告摘要,,0,https://www.cninfo.com.cn/new/disclosure/detail?annoId=1225512637,2026-08-27 21:27:35
600744,20260827,20260827,大唐华银电力股份有限公司2026年度提质增效重回报专项行动方案（2.0版）的公告,,0,https://www.cninfo.com.cn/new/disclosure/detail?annoId=1225512595,2026-08-27 21:27:35
600744,20260827,20260827,大唐华银电力股份有限公司董事会2026年第3次会议决议公告,,0,https://www.cninfo.com.cn/new/disclosure/detail?annoId=1225512591,2026-08-27 21:27:35
600744,20260827,20260827,大唐华银电力股份有限公司关于参加2026年湖南辖区上市公司投资者网上集体接待日暨半年度业绩说明会活动的公告,,0,https://www.cninfo.com.cn/new/disclosure/detail?annoId=1225512590,2026-08-27 21:27:35
600744,20260827,20260827,大唐华银电力股份有限公司2026年半年度报告,,0,https://www.cninfo.com.cn/new/disclosure/detail?annoId=1225512575,2026-08-27 21:27:35
600744,20260827,20260827,大唐华银电力股份有限公司关于对中国大唐集团财务有限公司风险评估报告的公告,,0,https://www.cninfo.com.cn/new/disclosure/detail?annoId=1225512571,2026-08-27 21:27:35
600744,20260831,20260605,关于大唐华银电力股份有限公司2025年年度股东会法律意见书,,0,https://www.cninfo.com.cn/new/disclosure/detail?annoId=1225351673,2026-08-31 21:10:30
600744,20260831,20260613,大唐华银电力股份有限公司关于2026年度第三期中期票据发行情况公告,,0,https://www.cninfo.com.cn/new/disclosure/detail?annoId=1225367980,2026-08-31 21:10:30
600744,20260831,20260618,大唐华银电力股份有限公司关于向特定对象发行股票募集说明书（注册稿）更新的提示性公告,,0,https://www.cninfo.com.cn/new/disclosure/detail?annoId=1225375824,2026-08-31 21:10:30
600744,20260831,20260618,大唐华银电力股份有限公司向特定对象发行股票证券募集说明书（注册稿）,,0,https://www.cninfo.com.cn/new/disclosure/detail?annoId=1225375808,2026-08-31 21:10:30
600744,20260831,20260704,大唐华银电力股份有限公司2026年半年度业绩预告,,0,https://www.cninfo.com.cn/new/disclosure/detail?annoId=1225408903,2026-08-31 21:10:30
600744,20260831,20260717,大唐华银电力股份有限公司关于2026年度第四期中期票据发行情况公告,,0,https://www.cninfo.com.cn/new/disclosure/detail?annoId=1225428075,2026-08-31 21:10:30
600744,20260831,20260721,大唐华银电力股份有限公司股票交易异常波动公告,,2,https://www.cninfo.com.cn/new/disclosure/detail?annoId=1225432637,2026-08-31 21:10:30
600744,20260831,20260722,大唐华银电力股份有限公司股票交易风险提示公告,,1,https://www.cninfo.com.cn/new/disclosure/detail?annoId=1225435860,2026-08-31 21:10:30
600744,20260831,20260821,大唐华银电力股份有限公司高级管理人员离任的公告,,0,https://www.cninfo.com.cn/new/disclosure/detail?annoId=1225485062,2026-08-31 21:10:30
600744,20260831,20260821,大唐华银电力股份有限公司关于更换职工董事的公告,,0,https://www.cninfo.com.cn/new/disclosure/detail?annoId=1225485030,2026-08-31 21:10:30
600744,20260831,20260827,大唐华银电力股份有限公司2026年半年度报告摘要,,0,https://www.cninfo.com.cn/new/disclosure/detail?annoId=1225512637,2026-08-31 21:10:30
600744,20260831,20260827,大唐华银电力股份有限公司2026年度提质增效重回报专项行动方案（2.0版）的公告,,0,https://www.cninfo.com.cn/new/disclosure/detail?annoId=1225512595,2026-08-31 21:10:30
600744,20260831,20260827,大唐华银电力股份有限公司董事会2026年第3次会议决议公告,,0,https://www.cninfo.com.cn/new/disclosure/detail?annoId=1225512591,2026-08-31 21:10:30
600744,20260831,20260827,大唐华银电力股份有限公司关于参加2026年湖南辖区上市公司投资者网上集体接待日暨半年度业绩说明会活动的公告,,0,https://www.cninfo.com.cn/new/disclosure/detail?annoId=1225512590,2026-08-31 21:10:30
600744,20260831,20260827,大唐华银电力股份有限公司2026年半年度报告,,0,https://www.cninfo.com.cn/new/disclosure/detail?annoId=1225512575,2026-08-31 21:10:30
600744,20260831,20260827,大唐华银电力股份有限公司关于对中国大唐集团财务有限公司风险评估报告的公告,,0,https://www.cninfo.com.cn/new/disclosure/detail?annoId=1225512571,2026-08-31 21:10:30
600744,20260831,20260901,大唐华银电力股份有限公司关于向特定对象发行股票项目变更签字律师的公告,,0,https://www.cninfo.com.cn/new/disclosure/detail?annoId=1225538090,2026-08-31 21:10:30
600744,20260831,20260901,北京德恒律师事务所关于变更签字律师的承诺函,,0,https://www.cninfo.com.cn/new/disclosure/detail?annoId=1225538065,2026-08-31 21:10:30
600744,20260831,20260901,大唐华银电力股份有限公司关于变更签字律师的专项说明,,0,https://www.cninfo.com.cn/new/disclosure/detail?annoId=1225538058,2026-08-31 21:10:30
600744,20260831,20260901,申万宏源证券承销保荐有限责任公司关于大唐华银电力股份有限公司向特定对象发行股票项目变更签字律师的变更签字律师的专项说明,,0,https://www.cninfo.com.cn/new/disclosure/detail?annoId=1225538045,2026-08-31 21:10:30
600892,20260807,20260723,第十二届董事会第十五次会议决议公告,,0,https://www.cninfo.com.cn/new/disclosure/detail?annoId=1225437552,2026-08-27 20:11:58
600892,20260807,20260723,关于召开2026年第二次临时股东会的通知,,0,https://www.cninfo.com.cn/new/disclosure/detail?annoId=1225437551,2026-08-27 20:11:58
600892,20260807,20260723,关于向控股股东借款展期暨关联交易的公告,,0,https://www.cninfo.com.cn/new/disclosure/detail?annoId=1225437496,2026-08-27 20:11:58
600892,20260807,20260801,2026年第二次临时股东会会议资料,,0,https://www.cninfo.com.cn/new/disclosure/detail?annoId=1225450844,2026-08-27 20:11:58
600892,20260807,20260801,关于公司财务总监辞职的公告,,0,https://www.cninfo.com.cn/new/disclosure/detail?annoId=1225450648,2026-08-27 20:11:58
600892,20260807,20260806,股票交易异常波动公告,,2,https://www.cninfo.com.cn/new/disclosure/detail?annoId=1225460023,2026-08-27 20:11:58
600892,20260807,20260808,北京因诺律师事务所关于大晟时代文化投资股份有限公司2026年第二次临时股东会的法律意见书,,0,https://www.cninfo.com.cn/new/disclosure/detail?annoId=1225464311,2026-08-27 20:11:58
600892,20260807,20260808,2026年第二次临时股东会决议公告,,0,https://www.cninfo.com.cn/new/disclosure/detail?annoId=1225464309,2026-08-27 20:11:58
600892,20260807,20260813,第十二届董事会第十六次会议决议公告,,0,https://www.cninfo.com.cn/new/disclosure/detail?annoId=1225470176,2026-08-27 20:11:58
600892,20260807,20260813,无锡中联传动文化传播有限公司2025年度审计报告,,0,https://www.cninfo.com.cn/new/disclosure/detail?annoId=1225470169,2026-08-27 20:11:58
600892,20260807,20260813,无锡中联传动文化传播有限公司2026半年度审计报告,,0,https://www.cninfo.com.cn/new/disclosure/detail?annoId=1225470165,2026-08-27 20:11:58
600892,20260807,20260813,关于召开2026年第三次临时股东会的通知,,0,https://www.cninfo.com.cn/new/disclosure/detail?annoId=1225470164,2026-08-27 20:11:58
600892,20260807,20260813,关于公开挂牌转让中联传动100%股权的公告,,0,https://www.cninfo.com.cn/new/disclosure/detail?annoId=1225470163,2026-08-27 20:11:58
600892,20260807,20260821,2026年第三次临时股东会会议资料,,0,https://www.cninfo.com.cn/new/disclosure/detail?annoId=1225486144,2026-08-27 20:11:58
600892,20260807,20260827,关于续聘会计师事务所的公告,,0,https://www.cninfo.com.cn/new/disclosure/detail?annoId=1225513017,2026-08-27 20:11:58
600892,20260807,20260827,2026年半年度报告摘要,,0,https://www.cninfo.com.cn/new/disclosure/detail?annoId=1225513012,2026-08-27 20:11:58
600892,20260807,20260827,第十二届董事会第十七次会议决议公告,,0,https://www.cninfo.com.cn/new/disclosure/detail?annoId=1225513004,2026-08-27 20:11:58
600892,20260807,20260827,关于召开2026年第四次临时股东会的通知,,0,https://www.cninfo.com.cn/new/disclosure/detail?annoId=1225512995,2026-08-27 20:11:58
600892,20260807,20260827,《董事、高级管理人员离职管理制度》,,0,https://www.cninfo.com.cn/new/disclosure/detail?annoId=1225512992,2026-08-27 20:11:58
600892,20260807,20260827,2026年半年度报告,,0,https://www.cninfo.com.cn/new/disclosure/detail?annoId=1225512989,2026-08-27 20:11:58
600892,20260827,20260723,第十二届董事会第十五次会议决议公告,,0,https://www.cninfo.com.cn/new/disclosure/detail?annoId=1225437552,2026-08-27 21:27:35
600892,20260827,20260723,关于召开2026年第二次临时股东会的通知,,0,https://www.cninfo.com.cn/new/disclosure/detail?annoId=1225437551,2026-08-27 21:27:35
600892,20260827,20260723,关于向控股股东借款展期暨关联交易的公告,,0,https://www.cninfo.com.cn/new/disclosure/detail?annoId=1225437496,2026-08-27 21:27:35
600892,20260827,20260801,2026年第二次临时股东会会议资料,,0,https://www.cninfo.com.cn/new/disclosure/detail?annoId=1225450844,2026-08-27 21:27:35
600892,20260827,20260801,关于公司财务总监辞职的公告,,0,https://www.cninfo.com.cn/new/disclosure/detail?annoId=1225450648,2026-08-27 21:27:35
600892,20260827,20260806,股票交易异常波动公告,,2,https://www.cninfo.com.cn/new/disclosure/detail?annoId=1225460023,2026-08-27 21:27:35
600892,20260827,20260808,北京因诺律师事务所关于大晟时代文化投资股份有限公司2026年第二次临时股东会的法律意见书,,0,https://www.cninfo.com.cn/new/disclosure/detail?annoId=1225464311,2026-08-27 21:27:35
600892,20260827,20260808,2026年第二次临时股东会决议公告,,0,https://www.cninfo.com.cn/new/disclosure/detail?annoId=1225464309,2026-08-27 21:27:35
600892,20260827,20260813,第十二届董事会第十六次会议决议公告,,0,https://www.cninfo.com.cn/new/disclosure/detail?annoId=1225470176,2026-08-27 21:27:35
600892,20260827,20260813,无锡中联传动文化传播有限公司2025年度审计报告,,0,https://www.cninfo.com.cn/new/disclosure/detail?annoId=1225470169,2026-08-27 21:27:35
600892,20260827,20260813,无锡中联传动文化传播有限公司2026半年度审计报告,,0,https://www.cninfo.com.cn/new/disclosure/detail?annoId=1225470165,2026-08-27 21:27:35
600892,20260827,20260813,关于召开2026年第三次临时股东会的通知,,0,https://www.cninfo.com.cn/new/disclosure/detail?annoId=1225470164,2026-08-27 21:27:35
600892,20260827,20260813,关于公开挂牌转让中联传动100%股权的公告,,0,https://www.cninfo.com.cn/new/disclosure/detail?annoId=1225470163,2026-08-27 21:27:35
600892,20260827,20260821,2026年第三次临时股东会会议资料,,0,https://www.cninfo.com.cn/new/disclosure/detail?annoId=1225486144,2026-08-27 21:27:35
600892,20260827,20260827,关于续聘会计师事务所的公告,,0,https://www.cninfo.com.cn/new/disclosure/detail?annoId=1225513017,2026-08-27 21:27:35
600892,20260827,20260827,2026年半年度报告摘要,,0,https://www.cninfo.com.cn/new/disclosure/detail?annoId=1225513012,2026-08-27 21:27:35
600892,20260827,20260827,第十二届董事会第十七次会议决议公告,,0,https://www.cninfo.com.cn/new/disclosure/detail?annoId=1225513004,2026-08-27 21:27:35
600892,20260827,20260827,关于召开2026年第四次临时股东会的通知,,0,https://www.cninfo.com.cn/new/disclosure/detail?annoId=1225512995,2026-08-27 21:27:35
600892,20260827,20260827,《董事、高级管理人员离职管理制度》,,0,https://www.cninfo.com.cn/new/disclosure/detail?annoId=1225512992,2026-08-27 21:27:35
600892,20260827,20260827,2026年半年度报告,,0,https://www.cninfo.com.cn/new/disclosure/detail?annoId=1225512989,2026-08-27 21:27:35
600892,20260831,20260723,第十二届董事会第十五次会议决议公告,,0,https://www.cninfo.com.cn/new/disclosure/detail?annoId=1225437552,2026-08-31 21:10:30
600892,20260831,20260801,2026年第二次临时股东会会议资料,,0,https://www.cninfo.com.cn/new/disclosure/detail?annoId=1225450844,2026-08-31 21:10:30
600892,20260831,20260801,关于公司财务总监辞职的公告,,0,https://www.cninfo.com.cn/new/disclosure/detail?annoId=1225450648,2026-08-31 21:10:30
600892,20260831,20260806,股票交易异常波动公告,,2,https://www.cninfo.com.cn/new/disclosure/detail?annoId=1225460023,2026-08-31 21:10:30
600892,20260831,20260808,北京因诺律师事务所关于大晟时代文化投资股份有限公司2026年第二次临时股东会的法律意见书,,0,https://www.cninfo.com.cn/new/disclosure/detail?annoId=1225464311,2026-08-31 21:10:30
600892,20260831,20260808,2026年第二次临时股东会决议公告,,0,https://www.cninfo.com.cn/new/disclosure/detail?annoId=1225464309,2026-08-31 21:10:30
600892,20260831,20260813,第十二届董事会第十六次会议决议公告,,0,https://www.cninfo.com.cn/new/disclosure/detail?annoId=1225470176,2026-08-31 21:10:30
600892,20260831,20260813,无锡中联传动文化传播有限公司2025年度审计报告,,0,https://www.cninfo.com.cn/new/disclosure/detail?annoId=1225470169,2026-08-31 21:10:30
600892,20260831,20260813,无锡中联传动文化传播有限公司2026半年度审计报告,,0,https://www.cninfo.com.cn/new/disclosure/detail?annoId=1225470165,2026-08-31 21:10:30
600892,20260831,20260813,关于召开2026年第三次临时股东会的通知,,0,https://www.cninfo.com.cn/new/disclosure/detail?annoId=1225470164,2026-08-31 21:10:30
600892,20260831,20260813,关于公开挂牌转让中联传动100%股权的公告,,0,https://www.cninfo.com.cn/new/disclosure/detail?annoId=1225470163,2026-08-31 21:10:30
600892,20260831,20260821,2026年第三次临时股东会会议资料,,0,https://www.cninfo.com.cn/new/disclosure/detail?annoId=1225486144,2026-08-31 21:10:30
600892,20260831,20260827,关于续聘会计师事务所的公告,,0,https://www.cninfo.com.cn/new/disclosure/detail?annoId=1225513017,2026-08-31 21:10:30
600892,20260831,20260827,2026年半年度报告摘要,,0,https://www.cninfo.com.cn/new/disclosure/detail?annoId=1225513012,2026-08-31 21:10:30
600892,20260831,20260827,第十二届董事会第十七次会议决议公告,,0,https://www.cninfo.com.cn/new/disclosure/detail?annoId=1225513004,2026-08-31 21:10:30
600892,20260831,20260827,关于召开2026年第四次临时股东会的通知,,0,https://www.cninfo.com.cn/new/disclosure/detail?annoId=1225512995,2026-08-31 21:10:30
600892,20260831,20260827,《董事、高级管理人员离职管理制度》,,0,https://www.cninfo.com.cn/new/disclosure/detail?annoId=1225512992,2026-08-31 21:10:30
600892,20260831,20260827,2026年半年度报告,,0,https://www.cninfo.com.cn/new/disclosure/detail?annoId=1225512989,2026-08-31 21:10:30
600892,20260831,20260829,2026年第三次临时股东会决议公告,,0,https://www.cninfo.com.cn/new/disclosure/detail?annoId=1225526675,2026-08-31 21:10:30
600892,20260831,20260829,北京因诺律师事务所关于大晟时代文化投资股份有限公司2026年第三次临时股东会的法律意见书,,0,https://www.cninfo.com.cn/new/disclosure/detail?annoId=1225526604,2026-08-31 21:10:30
601606,20260807,20260425,安徽长城军工股份有限公司2025年可持续发展(ESG)报告摘要,,0,https://www.cninfo.com.cn/new/disclosure/detail?annoId=1225183190,2026-08-27 20:11:59
601606,20260807,20260425,安徽长城军工股份有限公司对兵器装备集团财务有限责任公司2025年风险评估报告,,0,https://www.cninfo.com.cn/new/disclosure/detail?annoId=1225183181,2026-08-27 20:11:59
601606,20260807,20260425,安徽长城军工股份有限公司2025年度内部控制自评价报告,,0,https://www.cninfo.com.cn/new/disclosure/detail?annoId=1225183180,2026-08-27 20:11:59
601606,20260807,20260425,安徽长城军工股份有限公司2025年年度报告,,0,https://www.cninfo.com.cn/new/disclosure/detail?annoId=1225183175,2026-08-27 20:11:59
601606,20260807,20260425,安徽长城军工股份有限公司董事会审计委员会对致同会计师事务所（特殊普通合伙）履职情况评估报告,,0,https://www.cninfo.com.cn/new/disclosure/detail?annoId=1225183170,2026-08-27 20:11:59
601606,20260807,20260425,安徽长城军工股份有限公司关于公司董事、高级管理人员薪酬方案的公告,,0,https://www.cninfo.com.cn/new/disclosure/detail?annoId=1225183164,2026-08-27 20:11:59
601606,20260807,20260425,关于安徽长城军工股份有限公司涉及财务公司关联交易的存款、贷款等金融业务的专项说明,,0,https://www.cninfo.com.cn/new/disclosure/detail?annoId=1225183159,2026-08-27 20:11:59
601606,20260807,20260425,安徽长城军工股份有限公司2025年ESG报告,,0,https://www.cninfo.com.cn/new/disclosure/detail?annoId=1225183152,2026-08-27 20:11:59
601606,20260807,20260515,安徽长城军工股份有限公司2025年年度股东会会议材料,,0,https://www.cninfo.com.cn/new/disclosure/detail?annoId=1225305753,2026-08-27 20:11:59
601606,20260807,20260516,安徽长城军工股份有限公司关于2025年度暨2026年一季度业绩说明会召开情况的公告,,0,https://www.cninfo.com.cn/new/disclosure/detail?annoId=1225308406,2026-08-27 20:11:59
601606,20260807,20260523,安徽长城军工股份有限公司2025年年度股东会决议公告,,0,https://www.cninfo.com.cn/new/disclosure/detail?annoId=1225327524,2026-08-27 20:11:59
601606,20260807,20260523,北京国枫律师事务所关于安徽长城军工股份有限公司2025年年度股东会的法律意见书,,0,https://www.cninfo.com.cn/new/disclosure/detail?annoId=1225327511,2026-08-27 20:11:59
601606,20260807,20260709,安徽长城军工股份有限公司2025年年度权益分派实施公告,,0,https://www.cninfo.com.cn/new/disclosure/detail?annoId=1225415168,2026-08-27 20:11:59
601606,20260807,20260714,安徽长城军工股份有限公司2026年半年度业绩预告,,0,https://www.cninfo.com.cn/new/disclosure/detail?annoId=1225420995,2026-08-27 20:11:59
601606,20260807,20260725,安徽长城军工股份有限公司股票交易异常波动公告,,2,https://www.cninfo.com.cn/new/disclosure/detail?annoId=1225441118,2026-08-27 20:11:59
601606,20260807,20260728,安徽长城军工股份有限公司股票交易风险提示公告,,1,https://www.cninfo.com.cn/new/disclosure/detail?annoId=1225443462,2026-08-27 20:11:59
601606,20260807,20260821,安徽长城军工股份有限公司2026年半年度报告摘要,,0,https://www.cninfo.com.cn/new/disclosure/detail?annoId=1225486229,2026-08-27 20:11:59
601606,20260807,20260821,安徽长城军工股份有限公司第五届董事会第十二次会议决议公告,,0,https://www.cninfo.com.cn/new/disclosure/detail?annoId=1225486221,2026-08-27 20:11:59
601606,20260807,20260821,安徽长城军工股份有限公司2026年半年度报告,,0,https://www.cninfo.com.cn/new/disclosure/detail?annoId=1225486212,2026-08-27 20:11:59
601606,20260807,20260821,安徽长城军工股份有限公司对兵器装备集团财务有限责任公司2026年半年度风险评估报告,,0,https://www.cninfo.com.cn/new/disclosure/detail?annoId=1225486206,2026-08-27 20:11:59
601606,20260827,20260425,安徽长城军工股份有限公司2025年可持续发展(ESG)报告摘要,,0,https://www.cninfo.com.cn/new/disclosure/detail?annoId=1225183190,2026-08-27 21:27:36
601606,20260827,20260425,安徽长城军工股份有限公司对兵器装备集团财务有限责任公司2025年风险评估报告,,0,https://www.cninfo.com.cn/new/disclosure/detail?annoId=1225183181,2026-08-27 21:27:36
601606,20260827,20260425,安徽长城军工股份有限公司2025年度内部控制自评价报告,,0,https://www.cninfo.com.cn/new/disclosure/detail?annoId=1225183180,2026-08-27 21:27:36
601606,20260827,20260425,安徽长城军工股份有限公司2025年年度报告,,0,https://www.cninfo.com.cn/new/disclosure/detail?annoId=1225183175,2026-08-27 21:27:36
601606,20260827,20260425,安徽长城军工股份有限公司董事会审计委员会对致同会计师事务所（特殊普通合伙）履职情况评估报告,,0,https://www.cninfo.com.cn/new/disclosure/detail?annoId=1225183170,2026-08-27 21:27:36
601606,20260827,20260425,安徽长城军工股份有限公司关于公司董事、高级管理人员薪酬方案的公告,,0,https://www.cninfo.com.cn/new/disclosure/detail?annoId=1225183164,2026-08-27 21:27:36
601606,20260827,20260425,关于安徽长城军工股份有限公司涉及财务公司关联交易的存款、贷款等金融业务的专项说明,,0,https://www.cninfo.com.cn/new/disclosure/detail?annoId=1225183159,2026-08-27 21:27:36
601606,20260827,20260425,安徽长城军工股份有限公司2025年ESG报告,,0,https://www.cninfo.com.cn/new/disclosure/detail?annoId=1225183152,2026-08-27 21:27:36
601606,20260827,20260515,安徽长城军工股份有限公司2025年年度股东会会议材料,,0,https://www.cninfo.com.cn/new/disclosure/detail?annoId=1225305753,2026-08-27 21:27:36
601606,20260827,20260516,安徽长城军工股份有限公司关于2025年度暨2026年一季度业绩说明会召开情况的公告,,0,https://www.cninfo.com.cn/new/disclosure/detail?annoId=1225308406,2026-08-27 21:27:36
601606,20260827,20260523,安徽长城军工股份有限公司2025年年度股东会决议公告,,0,https://www.cninfo.com.cn/new/disclosure/detail?annoId=1225327524,2026-08-27 21:27:36
601606,20260827,20260523,北京国枫律师事务所关于安徽长城军工股份有限公司2025年年度股东会的法律意见书,,0,https://www.cninfo.com.cn/new/disclosure/detail?annoId=1225327511,2026-08-27 21:27:36
601606,20260827,20260709,安徽长城军工股份有限公司2025年年度权益分派实施公告,,0,https://www.cninfo.com.cn/new/disclosure/detail?annoId=1225415168,2026-08-27 21:27:36
601606,20260827,20260714,安徽长城军工股份有限公司2026年半年度业绩预告,,0,https://www.cninfo.com.cn/new/disclosure/detail?annoId=1225420995,2026-08-27 21:27:36
601606,20260827,20260725,安徽长城军工股份有限公司股票交易异常波动公告,,2,https://www.cninfo.com.cn/new/disclosure/detail?annoId=1225441118,2026-08-27 21:27:36
601606,20260827,20260728,安徽长城军工股份有限公司股票交易风险提示公告,,1,https://www.cninfo.com.cn/new/disclosure/detail?annoId=1225443462,2026-08-27 21:27:36
601606,20260827,20260821,安徽长城军工股份有限公司2026年半年度报告摘要,,0,https://www.cninfo.com.cn/new/disclosure/detail?annoId=1225486229,2026-08-27 21:27:36
601606,20260827,20260821,安徽长城军工股份有限公司第五届董事会第十二次会议决议公告,,0,https://www.cninfo.com.cn/new/disclosure/detail?annoId=1225486221,2026-08-27 21:27:36
601606,20260827,20260821,安徽长城军工股份有限公司2026年半年度报告,,0,https://www.cninfo.com.cn/new/disclosure/detail?annoId=1225486212,2026-08-27 21:27:36
601606,20260827,20260821,安徽长城军工股份有限公司对兵器装备集团财务有限责任公司2026年半年度风险评估报告,,0,https://www.cninfo.com.cn/new/disclosure/detail?annoId=1225486206,2026-08-27 21:27:36
601606,20260831,20260425,安徽长城军工股份有限公司2025年可持续发展(ESG)报告摘要,,0,https://www.cninfo.com.cn/new/disclosure/detail?annoId=1225183190,2026-08-31 21:10:31
601606,20260831,20260425,安徽长城军工股份有限公司对兵器装备集团财务有限责任公司2025年风险评估报告,,0,https://www.cninfo.com.cn/new/disclosure/detail?annoId=1225183181,2026-08-31 21:10:31
601606,20260831,20260425,安徽长城军工股份有限公司2025年度内部控制自评价报告,,0,https://www.cninfo.com.cn/new/disclosure/detail?annoId=1225183180,2026-08-31 21:10:31
601606,20260831,20260425,安徽长城军工股份有限公司2025年年度报告,,0,https://www.cninfo.com.cn/new/disclosure/detail?annoId=1225183175,2026-08-31 21:10:31
601606,20260831,20260425,安徽长城军工股份有限公司董事会审计委员会对致同会计师事务所（特殊普通合伙）履职情况评估报告,,0,https://www.cninfo.com.cn/new/disclosure/detail?annoId=1225183170,2026-08-31 21:10:31
601606,20260831,20260425,安徽长城军工股份有限公司关于公司董事、高级管理人员薪酬方案的公告,,0,https://www.cninfo.com.cn/new/disclosure/detail?annoId=1225183164,2026-08-31 21:10:31
601606,20260831,20260425,关于安徽长城军工股份有限公司涉及财务公司关联交易的存款、贷款等金融业务的专项说明,,0,https://www.cninfo.com.cn/new/disclosure/detail?annoId=1225183159,2026-08-31 21:10:31
601606,20260831,20260425,安徽长城军工股份有限公司2025年ESG报告,,0,https://www.cninfo.com.cn/new/disclosure/detail?annoId=1225183152,2026-08-31 21:10:31
601606,20260831,20260515,安徽长城军工股份有限公司2025年年度股东会会议材料,,0,https://www.cninfo.com.cn/new/disclosure/detail?annoId=1225305753,2026-08-31 21:10:31
601606,20260831,20260516,安徽长城军工股份有限公司关于2025年度暨2026年一季度业绩说明会召开情况的公告,,0,https://www.cninfo.com.cn/new/disclosure/detail?annoId=1225308406,2026-08-31 21:10:31
601606,20260831,20260523,安徽长城军工股份有限公司2025年年度股东会决议公告,,0,https://www.cninfo.com.cn/new/disclosure/detail?annoId=1225327524,2026-08-31 21:10:31
601606,20260831,20260523,北京国枫律师事务所关于安徽长城军工股份有限公司2025年年度股东会的法律意见书,,0,https://www.cninfo.com.cn/new/disclosure/detail?annoId=1225327511,2026-08-31 21:10:31
601606,20260831,20260709,安徽长城军工股份有限公司2025年年度权益分派实施公告,,0,https://www.cninfo.com.cn/new/disclosure/detail?annoId=1225415168,2026-08-31 21:10:31
601606,20260831,20260714,安徽长城军工股份有限公司2026年半年度业绩预告,,0,https://www.cninfo.com.cn/new/disclosure/detail?annoId=1225420995,2026-08-31 21:10:31
601606,20260831,20260725,安徽长城军工股份有限公司股票交易异常波动公告,,2,https://www.cninfo.com.cn/new/disclosure/detail?annoId=1225441118,2026-08-31 21:10:31
601606,20260831,20260728,安徽长城军工股份有限公司股票交易风险提示公告,,1,https://www.cninfo.com.cn/new/disclosure/detail?annoId=1225443462,2026-08-31 21:10:31
601606,20260831,20260821,安徽长城军工股份有限公司2026年半年度报告摘要,,0,https://www.cninfo.com.cn/new/disclosure/detail?annoId=1225486229,2026-08-31 21:10:31
601606,20260831,20260821,安徽长城军工股份有限公司第五届董事会第十二次会议决议公告,,0,https://www.cninfo.com.cn/new/disclosure/detail?annoId=1225486221,2026-08-31 21:10:31
601606,20260831,20260821,安徽长城军工股份有限公司2026年半年度报告,,0,https://www.cninfo.com.cn/new/disclosure/detail?annoId=1225486212,2026-08-31 21:10:31
601606,20260831,20260821,安徽长城军工股份有限公司对兵器装备集团财务有限责任公司2026年半年度风险评估报告,,0,https://www.cninfo.com.cn/new/disclosure/detail?annoId=1225486206,2026-08-31 21:10:31
601700,20260807,20260523,2026年第三次临时股东会会议资料,,0,https://www.cninfo.com.cn/new/disclosure/detail?annoId=1225325598,2026-08-25 21:42:00
601700,20260807,20260528,关于为控股子公司提供担保的进展公告,,0,https://www.cninfo.com.cn/new/disclosure/detail?annoId=1225333741,2026-08-25 21:42:00
601700,20260807,20260529,风范股份2026年第三次临时股东会法律意见书,,0,https://www.cninfo.com.cn/new/disclosure/detail?annoId=1225335580,2026-08-25 21:42:00
601700,20260807,20260529,2026年第三次临时股东会决议公告,,0,https://www.cninfo.com.cn/new/disclosure/detail?annoId=1225335577,2026-08-25 21:42:00
601700,20260807,20260611,关于公开挂牌转让苏州晶樱光电科技有限公司60%股权暨关联交易的进展公告,,0,https://www.cninfo.com.cn/new/disclosure/detail?annoId=1225362071,2026-08-25 21:42:00
601700,20260807,20260616,关于项目中标的公告,,0,https://www.cninfo.com.cn/new/disclosure/detail?annoId=1225370628,2026-08-25 21:42:00
601700,20260807,20260623,关于调整2026年度担保计划的公告,,0,https://www.cninfo.com.cn/new/disclosure/detail?annoId=1225380683,2026-08-25 21:42:00
601700,20260807,20260623,第六届董事会第二十六次会议决议公告,,0,https://www.cninfo.com.cn/new/disclosure/detail?annoId=1225380680,2026-08-25 21:42:00
601700,20260807,20260623,关于召开2026年第四次临时股东会的通知,,0,https://www.cninfo.com.cn/new/disclosure/detail?annoId=1225380652,2026-08-25 21:42:00
601700,20260807,20260624,关于控股股东部分股份解除质押的公告,,0,https://www.cninfo.com.cn/new/disclosure/detail?annoId=1225383187,2026-08-25 21:42:00
601700,20260807,20260624,关于公开挂牌转让苏州晶樱光电科技有限公司60%股权暨关联交易的进展公告,,0,https://www.cninfo.com.cn/new/disclosure/detail?annoId=1225383182,2026-08-25 21:42:00
601700,20260807,20260624,关于公司高级管理人员离任的公告,,0,https://www.cninfo.com.cn/new/disclosure/detail?annoId=1225383161,2026-08-25 21:42:00
601700,20260807,20260703,2026年第四次临时股东会会议资料,,0,https://www.cninfo.com.cn/new/disclosure/detail?annoId=1225405160,2026-08-25 21:42:00
601700,20260807,20260709,2026年第四次临时股东会决议公告,,0,https://www.cninfo.com.cn/new/disclosure/detail?annoId=1225415143,2026-08-25 21:42:00
601700,20260807,20260709,风范股份2026年第四次临时股东会法律意见书,,0,https://www.cninfo.com.cn/new/disclosure/detail?annoId=1225415136,2026-08-25 21:42:00
601700,20260807,20260714,2026年半年度业绩预增公告,,0,https://www.cninfo.com.cn/new/disclosure/detail?annoId=1225420762,2026-08-25 21:42:00
601700,20260807,20260723,关于项目中标的公告,,0,https://www.cninfo.com.cn/new/disclosure/detail?annoId=1225437555,2026-08-25 21:42:00
601700,20260807,20260805,关于股票交易异常波动的公告,,2,https://www.cninfo.com.cn/new/disclosure/detail?annoId=1225456945,2026-08-25 21:42:00
601700,20260807,20260807,股票交易风险提示公告,,1,https://www.cninfo.com.cn/new/disclosure/detail?annoId=1225462276,2026-08-25 21:42:00
601700,20260807,20260820,关于项目中标的公告,,0,https://www.cninfo.com.cn/new/disclosure/detail?annoId=1225482566,2026-08-25 21:42:00
601700,20260819,20260523,2026年第三次临时股东会会议资料,,0,https://www.cninfo.com.cn/new/disclosure/detail?annoId=1225325598,2026-08-26 10:40:38
601700,20260819,20260528,关于为控股子公司提供担保的进展公告,,0,https://www.cninfo.com.cn/new/disclosure/detail?annoId=1225333741,2026-08-26 10:40:38
601700,20260819,20260529,风范股份2026年第三次临时股东会法律意见书,,0,https://www.cninfo.com.cn/new/disclosure/detail?annoId=1225335580,2026-08-26 10:40:38
601700,20260819,20260529,2026年第三次临时股东会决议公告,,0,https://www.cninfo.com.cn/new/disclosure/detail?annoId=1225335577,2026-08-26 10:40:38
601700,20260819,20260611,关于公开挂牌转让苏州晶樱光电科技有限公司60%股权暨关联交易的进展公告,,0,https://www.cninfo.com.cn/new/disclosure/detail?annoId=1225362071,2026-08-26 10:40:38
601700,20260819,20260616,关于项目中标的公告,,0,https://www.cninfo.com.cn/new/disclosure/detail?annoId=1225370628,2026-08-26 10:40:38
601700,20260819,20260623,关于调整2026年度担保计划的公告,,0,https://www.cninfo.com.cn/new/disclosure/detail?annoId=1225380683,2026-08-26 10:40:38
601700,20260819,20260623,第六届董事会第二十六次会议决议公告,,0,https://www.cninfo.com.cn/new/disclosure/detail?annoId=1225380680,2026-08-26 10:40:38
601700,20260819,20260623,关于召开2026年第四次临时股东会的通知,,0,https://www.cninfo.com.cn/new/disclosure/detail?annoId=1225380652,2026-08-26 10:40:38
601700,20260819,20260624,关于控股股东部分股份解除质押的公告,,0,https://www.cninfo.com.cn/new/disclosure/detail?annoId=1225383187,2026-08-26 10:40:38
601700,20260819,20260624,关于公开挂牌转让苏州晶樱光电科技有限公司60%股权暨关联交易的进展公告,,0,https://www.cninfo.com.cn/new/disclosure/detail?annoId=1225383182,2026-08-26 10:40:38
601700,20260819,20260624,关于公司高级管理人员离任的公告,,0,https://www.cninfo.com.cn/new/disclosure/detail?annoId=1225383161,2026-08-26 10:40:38
601700,20260819,20260703,2026年第四次临时股东会会议资料,,0,https://www.cninfo.com.cn/new/disclosure/detail?annoId=1225405160,2026-08-26 10:40:38
601700,20260819,20260709,2026年第四次临时股东会决议公告,,0,https://www.cninfo.com.cn/new/disclosure/detail?annoId=1225415143,2026-08-26 10:40:38
601700,20260819,20260709,风范股份2026年第四次临时股东会法律意见书,,0,https://www.cninfo.com.cn/new/disclosure/detail?annoId=1225415136,2026-08-26 10:40:38
601700,20260819,20260714,2026年半年度业绩预增公告,,0,https://www.cninfo.com.cn/new/disclosure/detail?annoId=1225420762,2026-08-26 10:40:38
601700,20260819,20260723,关于项目中标的公告,,0,https://www.cninfo.com.cn/new/disclosure/detail?annoId=1225437555,2026-08-26 10:40:38
601700,20260819,20260805,关于股票交易异常波动的公告,,2,https://www.cninfo.com.cn/new/disclosure/detail?annoId=1225456945,2026-08-26 10:40:38
601700,20260819,20260807,股票交易风险提示公告,,1,https://www.cninfo.com.cn/new/disclosure/detail?annoId=1225462276,2026-08-26 10:40:38
601700,20260819,20260820,关于项目中标的公告,,0,https://www.cninfo.com.cn/new/disclosure/detail?annoId=1225482566,2026-08-26 10:40:38
601700,20260821,20260523,2026年第三次临时股东会会议资料,,0,https://www.cninfo.com.cn/new/disclosure/detail?annoId=1225325598,2026-08-25 10:07:24
601700,20260821,20260528,关于为控股子公司提供担保的进展公告,,0,https://www.cninfo.com.cn/new/disclosure/detail?annoId=1225333741,2026-08-25 10:07:24
601700,20260821,20260529,风范股份2026年第三次临时股东会法律意见书,,0,https://www.cninfo.com.cn/new/disclosure/detail?annoId=1225335580,2026-08-25 10:07:24
601700,20260821,20260529,2026年第三次临时股东会决议公告,,0,https://www.cninfo.com.cn/new/disclosure/detail?annoId=1225335577,2026-08-25 10:07:24
601700,20260821,20260611,关于公开挂牌转让苏州晶樱光电科技有限公司60%股权暨关联交易的进展公告,,0,https://www.cninfo.com.cn/new/disclosure/detail?annoId=1225362071,2026-08-25 10:07:24
601700,20260821,20260616,关于项目中标的公告,,0,https://www.cninfo.com.cn/new/disclosure/detail?annoId=1225370628,2026-08-25 10:07:24
601700,20260821,20260623,关于调整2026年度担保计划的公告,,0,https://www.cninfo.com.cn/new/disclosure/detail?annoId=1225380683,2026-08-25 10:07:24
601700,20260821,20260623,第六届董事会第二十六次会议决议公告,,0,https://www.cninfo.com.cn/new/disclosure/detail?annoId=1225380680,2026-08-25 10:07:24
601700,20260821,20260623,关于召开2026年第四次临时股东会的通知,,0,https://www.cninfo.com.cn/new/disclosure/detail?annoId=1225380652,2026-08-25 10:07:24
601700,20260821,20260624,关于控股股东部分股份解除质押的公告,,0,https://www.cninfo.com.cn/new/disclosure/detail?annoId=1225383187,2026-08-25 10:07:24
601700,20260821,20260624,关于公开挂牌转让苏州晶樱光电科技有限公司60%股权暨关联交易的进展公告,,0,https://www.cninfo.com.cn/new/disclosure/detail?annoId=1225383182,2026-08-25 10:07:24
601700,20260821,20260624,关于公司高级管理人员离任的公告,,0,https://www.cninfo.com.cn/new/disclosure/detail?annoId=1225383161,2026-08-25 10:07:24
601700,20260821,20260703,2026年第四次临时股东会会议资料,,0,https://www.cninfo.com.cn/new/disclosure/detail?annoId=1225405160,2026-08-25 10:07:24
601700,20260821,20260709,2026年第四次临时股东会决议公告,,0,https://www.cninfo.com.cn/new/disclosure/detail?annoId=1225415143,2026-08-25 10:07:24
601700,20260821,20260709,风范股份2026年第四次临时股东会法律意见书,,0,https://www.cninfo.com.cn/new/disclosure/detail?annoId=1225415136,2026-08-25 10:07:24
601700,20260821,20260714,2026年半年度业绩预增公告,,0,https://www.cninfo.com.cn/new/disclosure/detail?annoId=1225420762,2026-08-25 10:07:24
601700,20260821,20260723,关于项目中标的公告,,0,https://www.cninfo.com.cn/new/disclosure/detail?annoId=1225437555,2026-08-25 10:07:24
601700,20260821,20260805,关于股票交易异常波动的公告,,2,https://www.cninfo.com.cn/new/disclosure/detail?annoId=1225456945,2026-08-25 10:07:24
601700,20260821,20260807,股票交易风险提示公告,,1,https://www.cninfo.com.cn/new/disclosure/detail?annoId=1225462276,2026-08-25 10:07:24
601700,20260821,20260820,关于项目中标的公告,,0,https://www.cninfo.com.cn/new/disclosure/detail?annoId=1225482566,2026-08-25 10:07:24
601700,20260824,20260523,2026年第三次临时股东会会议资料,,0,https://www.cninfo.com.cn/new/disclosure/detail?annoId=1225325598,2026-08-25 10:15:26
601700,20260824,20260528,关于为控股子公司提供担保的进展公告,,0,https://www.cninfo.com.cn/new/disclosure/detail?annoId=1225333741,2026-08-25 10:15:26
601700,20260824,20260529,风范股份2026年第三次临时股东会法律意见书,,0,https://www.cninfo.com.cn/new/disclosure/detail?annoId=1225335580,2026-08-25 10:15:26
601700,20260824,20260529,2026年第三次临时股东会决议公告,,0,https://www.cninfo.com.cn/new/disclosure/detail?annoId=1225335577,2026-08-25 10:15:26
601700,20260824,20260611,关于公开挂牌转让苏州晶樱光电科技有限公司60%股权暨关联交易的进展公告,,0,https://www.cninfo.com.cn/new/disclosure/detail?annoId=1225362071,2026-08-25 10:15:26
601700,20260824,20260616,关于项目中标的公告,,0,https://www.cninfo.com.cn/new/disclosure/detail?annoId=1225370628,2026-08-25 10:15:26
601700,20260824,20260623,关于调整2026年度担保计划的公告,,0,https://www.cninfo.com.cn/new/disclosure/detail?annoId=1225380683,2026-08-25 10:15:26
601700,20260824,20260623,第六届董事会第二十六次会议决议公告,,0,https://www.cninfo.com.cn/new/disclosure/detail?annoId=1225380680,2026-08-25 10:15:26
601700,20260824,20260623,关于召开2026年第四次临时股东会的通知,,0,https://www.cninfo.com.cn/new/disclosure/detail?annoId=1225380652,2026-08-25 10:15:26
601700,20260824,20260624,关于控股股东部分股份解除质押的公告,,0,https://www.cninfo.com.cn/new/disclosure/detail?annoId=1225383187,2026-08-25 10:15:26
601700,20260824,20260624,关于公开挂牌转让苏州晶樱光电科技有限公司60%股权暨关联交易的进展公告,,0,https://www.cninfo.com.cn/new/disclosure/detail?annoId=1225383182,2026-08-25 10:15:26
601700,20260824,20260624,关于公司高级管理人员离任的公告,,0,https://www.cninfo.com.cn/new/disclosure/detail?annoId=1225383161,2026-08-25 10:15:26
601700,20260824,20260703,2026年第四次临时股东会会议资料,,0,https://www.cninfo.com.cn/new/disclosure/detail?annoId=1225405160,2026-08-25 10:15:26
601700,20260824,20260709,2026年第四次临时股东会决议公告,,0,https://www.cninfo.com.cn/new/disclosure/detail?annoId=1225415143,2026-08-25 10:15:26
601700,20260824,20260709,风范股份2026年第四次临时股东会法律意见书,,0,https://www.cninfo.com.cn/new/disclosure/detail?annoId=1225415136,2026-08-25 10:15:26
601700,20260824,20260714,2026年半年度业绩预增公告,,0,https://www.cninfo.com.cn/new/disclosure/detail?annoId=1225420762,2026-08-25 10:15:26
601700,20260824,20260723,关于项目中标的公告,,0,https://www.cninfo.com.cn/new/disclosure/detail?annoId=1225437555,2026-08-25 10:15:26
601700,20260824,20260805,关于股票交易异常波动的公告,,2,https://www.cninfo.com.cn/new/disclosure/detail?annoId=1225456945,2026-08-25 10:15:26
601700,20260824,20260807,股票交易风险提示公告,,1,https://www.cninfo.com.cn/new/disclosure/detail?annoId=1225462276,2026-08-25 10:15:26
601700,20260824,20260820,关于项目中标的公告,,0,https://www.cninfo.com.cn/new/disclosure/detail?annoId=1225482566,2026-08-25 10:15:26
601700,20260825,20260523,2026年第三次临时股东会会议资料,,0,https://www.cninfo.com.cn/new/disclosure/detail?annoId=1225325598,2026-08-25 19:57:45
601700,20260825,20260528,关于为控股子公司提供担保的进展公告,,0,https://www.cninfo.com.cn/new/disclosure/detail?annoId=1225333741,2026-08-25 19:57:45
601700,20260825,20260529,风范股份2026年第三次临时股东会法律意见书,,0,https://www.cninfo.com.cn/new/disclosure/detail?annoId=1225335580,2026-08-25 19:57:45
601700,20260825,20260529,2026年第三次临时股东会决议公告,,0,https://www.cninfo.com.cn/new/disclosure/detail?annoId=1225335577,2026-08-25 19:57:45
601700,20260825,20260611,关于公开挂牌转让苏州晶樱光电科技有限公司60%股权暨关联交易的进展公告,,0,https://www.cninfo.com.cn/new/disclosure/detail?annoId=1225362071,2026-08-25 19:57:45
601700,20260825,20260616,关于项目中标的公告,,0,https://www.cninfo.com.cn/new/disclosure/detail?annoId=1225370628,2026-08-25 19:57:45
601700,20260825,20260623,关于调整2026年度担保计划的公告,,0,https://www.cninfo.com.cn/new/disclosure/detail?annoId=1225380683,2026-08-25 19:57:45
601700,20260825,20260623,第六届董事会第二十六次会议决议公告,,0,https://www.cninfo.com.cn/new/disclosure/detail?annoId=1225380680,2026-08-25 19:57:45
601700,20260825,20260623,关于召开2026年第四次临时股东会的通知,,0,https://www.cninfo.com.cn/new/disclosure/detail?annoId=1225380652,2026-08-25 19:57:45
601700,20260825,20260624,关于控股股东部分股份解除质押的公告,,0,https://www.cninfo.com.cn/new/disclosure/detail?annoId=1225383187,2026-08-25 19:57:45
601700,20260825,20260624,关于公开挂牌转让苏州晶樱光电科技有限公司60%股权暨关联交易的进展公告,,0,https://www.cninfo.com.cn/new/disclosure/detail?annoId=1225383182,2026-08-25 19:57:45
601700,20260825,20260624,关于公司高级管理人员离任的公告,,0,https://www.cninfo.com.cn/new/disclosure/detail?annoId=1225383161,2026-08-25 19:57:45
601700,20260825,20260703,2026年第四次临时股东会会议资料,,0,https://www.cninfo.com.cn/new/disclosure/detail?annoId=1225405160,2026-08-25 19:57:45
601700,20260825,20260709,2026年第四次临时股东会决议公告,,0,https://www.cninfo.com.cn/new/disclosure/detail?annoId=1225415143,2026-08-25 19:57:45
601700,20260825,20260709,风范股份2026年第四次临时股东会法律意见书,,0,https://www.cninfo.com.cn/new/disclosure/detail?annoId=1225415136,2026-08-25 19:57:45
601700,20260825,20260714,2026年半年度业绩预增公告,,0,https://www.cninfo.com.cn/new/disclosure/detail?annoId=1225420762,2026-08-25 19:57:45
601700,20260825,20260723,关于项目中标的公告,,0,https://www.cninfo.com.cn/new/disclosure/detail?annoId=1225437555,2026-08-25 19:57:45
601700,20260825,20260805,关于股票交易异常波动的公告,,2,https://www.cninfo.com.cn/new/disclosure/detail?annoId=1225456945,2026-08-25 19:57:45
601700,20260825,20260807,股票交易风险提示公告,,1,https://www.cninfo.com.cn/new/disclosure/detail?annoId=1225462276,2026-08-25 19:57:45
601700,20260825,20260820,关于项目中标的公告,,0,https://www.cninfo.com.cn/new/disclosure/detail?annoId=1225482566,2026-08-25 19:57:45
601700,20260826,20260523,2026年第三次临时股东会会议资料,,0,https://www.cninfo.com.cn/new/disclosure/detail?annoId=1225325598,2026-08-27 00:11:37
601700,20260826,20260528,关于为控股子公司提供担保的进展公告,,0,https://www.cninfo.com.cn/new/disclosure/detail?annoId=1225333741,2026-08-27 00:11:37
601700,20260826,20260529,风范股份2026年第三次临时股东会法律意见书,,0,https://www.cninfo.com.cn/new/disclosure/detail?annoId=1225335580,2026-08-27 00:11:37
601700,20260826,20260529,2026年第三次临时股东会决议公告,,0,https://www.cninfo.com.cn/new/disclosure/detail?annoId=1225335577,2026-08-27 00:11:37
601700,20260826,20260611,关于公开挂牌转让苏州晶樱光电科技有限公司60%股权暨关联交易的进展公告,,0,https://www.cninfo.com.cn/new/disclosure/detail?annoId=1225362071,2026-08-27 00:11:37
601700,20260826,20260616,关于项目中标的公告,,0,https://www.cninfo.com.cn/new/disclosure/detail?annoId=1225370628,2026-08-27 00:11:37
601700,20260826,20260623,关于调整2026年度担保计划的公告,,0,https://www.cninfo.com.cn/new/disclosure/detail?annoId=1225380683,2026-08-27 00:11:37
601700,20260826,20260623,第六届董事会第二十六次会议决议公告,,0,https://www.cninfo.com.cn/new/disclosure/detail?annoId=1225380680,2026-08-27 00:11:37
601700,20260826,20260623,关于召开2026年第四次临时股东会的通知,,0,https://www.cninfo.com.cn/new/disclosure/detail?annoId=1225380652,2026-08-27 00:11:37
601700,20260826,20260624,关于控股股东部分股份解除质押的公告,,0,https://www.cninfo.com.cn/new/disclosure/detail?annoId=1225383187,2026-08-27 00:11:37
601700,20260826,20260624,关于公开挂牌转让苏州晶樱光电科技有限公司60%股权暨关联交易的进展公告,,0,https://www.cninfo.com.cn/new/disclosure/detail?annoId=1225383182,2026-08-27 00:11:37
601700,20260826,20260624,关于公司高级管理人员离任的公告,,0,https://www.cninfo.com.cn/new/disclosure/detail?annoId=1225383161,2026-08-27 00:11:37
601700,20260826,20260703,2026年第四次临时股东会会议资料,,0,https://www.cninfo.com.cn/new/disclosure/detail?annoId=1225405160,2026-08-27 00:11:37
601700,20260826,20260709,2026年第四次临时股东会决议公告,,0,https://www.cninfo.com.cn/new/disclosure/detail?annoId=1225415143,2026-08-27 00:11:37
601700,20260826,20260709,风范股份2026年第四次临时股东会法律意见书,,0,https://www.cninfo.com.cn/new/disclosure/detail?annoId=1225415136,2026-08-27 00:11:37
601700,20260826,20260714,2026年半年度业绩预增公告,,0,https://www.cninfo.com.cn/new/disclosure/detail?annoId=1225420762,2026-08-27 00:11:37
601700,20260826,20260723,关于项目中标的公告,,0,https://www.cninfo.com.cn/new/disclosure/detail?annoId=1225437555,2026-08-27 00:11:37
601700,20260826,20260805,关于股票交易异常波动的公告,,2,https://www.cninfo.com.cn/new/disclosure/detail?annoId=1225456945,2026-08-27 00:11:37
601700,20260826,20260807,股票交易风险提示公告,,1,https://www.cninfo.com.cn/new/disclosure/detail?annoId=1225462276,2026-08-27 00:11:37
601700,20260826,20260820,关于项目中标的公告,,0,https://www.cninfo.com.cn/new/disclosure/detail?annoId=1225482566,2026-08-27 00:11:37
601700,20260827,20260820,关于项目中标的公告,,0,https://www.cninfo.com.cn/new/disclosure/detail?annoId=1225482566,2026-08-27 21:27:36
601700,20260827,20260828,苏州晶樱光电科技有限公司股权转让过渡期损益情况专项审计报告,,0,https://www.cninfo.com.cn/new/disclosure/detail?annoId=1225519572,2026-08-27 21:27:36
601700,20260827,20260828,薪酬与考核委员会工作细则（2026年8月）,,0,https://www.cninfo.com.cn/new/disclosure/detail?annoId=1225519570,2026-08-27 21:27:36
601700,20260827,20260828,董事会议事规则（2026年8月）,,0,https://www.cninfo.com.cn/new/disclosure/detail?annoId=1225519563,2026-08-27 21:27:36
601700,20260827,20260828,董事会秘书工作细则（2026年8月）,,0,https://www.cninfo.com.cn/new/disclosure/detail?annoId=1225519558,2026-08-27 21:27:36
601700,20260827,20260828,总经理工作细则（2026年8月）,,0,https://www.cninfo.com.cn/new/disclosure/detail?annoId=1225519555,2026-08-27 21:27:36
601700,20260827,20260828,第六届董事会第二十七次会议决议公告,,0,https://www.cninfo.com.cn/new/disclosure/detail?annoId=1225519552,2026-08-27 21:27:36
601700,20260827,20260828,股东会议事规则（2026年8月）,,0,https://www.cninfo.com.cn/new/disclosure/detail?annoId=1225519551,2026-08-27 21:27:36
601700,20260827,20260828,关于公司为对外担保的进展公告,,0,https://www.cninfo.com.cn/new/disclosure/detail?annoId=1225519540,2026-08-27 21:27:36
601700,20260827,20260828,常熟风范电力设备股份有限公司2026年半年度报告摘要,,0,https://www.cninfo.com.cn/new/disclosure/detail?annoId=1225519530,2026-08-27 21:27:36
601700,20260827,20260828,关于调整2026年度公司日常关联交易预计的公告,,0,https://www.cninfo.com.cn/new/disclosure/detail?annoId=1225519526,2026-08-27 21:27:36
601700,20260827,20260828,提名委员会工作细则（2026年8月）,,0,https://www.cninfo.com.cn/new/disclosure/detail?annoId=1225519525,2026-08-27 21:27:36
601700,20260827,20260828,公司章程（2026年8月）,,0,https://www.cninfo.com.cn/new/disclosure/detail?annoId=1225519514,2026-08-27 21:27:36
601700,20260827,20260828,关于转让苏州晶樱光电科技有限公司60%股权暨关联交易进展之标的资产过渡期损益情况的公告,,0,https://www.cninfo.com.cn/new/disclosure/detail?annoId=1225519513,2026-08-27 21:27:36
601700,20260827,20260828,关于召开2026年第五次临时股东会的通知,,0,https://www.cninfo.com.cn/new/disclosure/detail?annoId=1225519508,2026-08-27 21:27:36
601700,20260827,20260828,常熟风范电力设备股份有限公司2026年半年度报告,,0,https://www.cninfo.com.cn/new/disclosure/detail?annoId=1225519506,2026-08-27 21:27:36
601700,20260827,20260828,关于修订《公司章程》的公告,,0,https://www.cninfo.com.cn/new/disclosure/detail?annoId=1225519505,2026-08-27 21:27:36
601700,20260827,20260828,审计委员会工作细则（2026年8月）,,0,https://www.cninfo.com.cn/new/disclosure/detail?annoId=1225519501,2026-08-27 21:27:36
601700,20260827,20260828,关于2026 年半年度计提资产减值准备的公告,,0,https://www.cninfo.com.cn/new/disclosure/detail?annoId=1225519498,2026-08-27 21:27:36
601700,20260827,20260828,战略及可持续发展委员会工作细则（2026年8月）,,0,https://www.cninfo.com.cn/new/disclosure/detail?annoId=1225519493,2026-08-27 21:27:36
601700,20260831,20260820,关于项目中标的公告,,0,https://www.cninfo.com.cn/new/disclosure/detail?annoId=1225482566,2026-08-31 21:10:31
601700,20260831,20260828,苏州晶樱光电科技有限公司股权转让过渡期损益情况专项审计报告,,0,https://www.cninfo.com.cn/new/disclosure/detail?annoId=1225519572,2026-08-31 21:10:31
601700,20260831,20260828,薪酬与考核委员会工作细则（2026年8月）,,0,https://www.cninfo.com.cn/new/disclosure/detail?annoId=1225519570,2026-08-31 21:10:31
601700,20260831,20260828,董事会议事规则（2026年8月）,,0,https://www.cninfo.com.cn/new/disclosure/detail?annoId=1225519563,2026-08-31 21:10:31
601700,20260831,20260828,董事会秘书工作细则（2026年8月）,,0,https://www.cninfo.com.cn/new/disclosure/detail?annoId=1225519558,2026-08-31 21:10:31
601700,20260831,20260828,总经理工作细则（2026年8月）,,0,https://www.cninfo.com.cn/new/disclosure/detail?annoId=1225519555,2026-08-31 21:10:31
601700,20260831,20260828,第六届董事会第二十七次会议决议公告,,0,https://www.cninfo.com.cn/new/disclosure/detail?annoId=1225519552,2026-08-31 21:10:31
601700,20260831,20260828,股东会议事规则（2026年8月）,,0,https://www.cninfo.com.cn/new/disclosure/detail?annoId=1225519551,2026-08-31 21:10:31
601700,20260831,20260828,关于公司为对外担保的进展公告,,0,https://www.cninfo.com.cn/new/disclosure/detail?annoId=1225519540,2026-08-31 21:10:31
601700,20260831,20260828,常熟风范电力设备股份有限公司2026年半年度报告摘要,,0,https://www.cninfo.com.cn/new/disclosure/detail?annoId=1225519530,2026-08-31 21:10:31
601700,20260831,20260828,关于调整2026年度公司日常关联交易预计的公告,,0,https://www.cninfo.com.cn/new/disclosure/detail?annoId=1225519526,2026-08-31 21:10:31
601700,20260831,20260828,提名委员会工作细则（2026年8月）,,0,https://www.cninfo.com.cn/new/disclosure/detail?annoId=1225519525,2026-08-31 21:10:31
601700,20260831,20260828,公司章程（2026年8月）,,0,https://www.cninfo.com.cn/new/disclosure/detail?annoId=1225519514,2026-08-31 21:10:31
601700,20260831,20260828,关于转让苏州晶樱光电科技有限公司60%股权暨关联交易进展之标的资产过渡期损益情况的公告,,0,https://www.cninfo.com.cn/new/disclosure/detail?annoId=1225519513,2026-08-31 21:10:31
601700,20260831,20260828,关于召开2026年第五次临时股东会的通知,,0,https://www.cninfo.com.cn/new/disclosure/detail?annoId=1225519508,2026-08-31 21:10:31
601700,20260831,20260828,常熟风范电力设备股份有限公司2026年半年度报告,,0,https://www.cninfo.com.cn/new/disclosure/detail?annoId=1225519506,2026-08-31 21:10:31
601700,20260831,20260828,关于修订《公司章程》的公告,,0,https://www.cninfo.com.cn/new/disclosure/detail?annoId=1225519505,2026-08-31 21:10:31
601700,20260831,20260828,审计委员会工作细则（2026年8月）,,0,https://www.cninfo.com.cn/new/disclosure/detail?annoId=1225519501,2026-08-31 21:10:31
601700,20260831,20260828,关于2026 年半年度计提资产减值准备的公告,,0,https://www.cninfo.com.cn/new/disclosure/detail?annoId=1225519498,2026-08-31 21:10:31
601700,20260831,20260828,战略及可持续发展委员会工作细则（2026年8月）,,0,https://www.cninfo.com.cn/new/disclosure/detail?annoId=1225519493,2026-08-31 21:10:31
603137,20260807,20260708,恒尚节能：股票交易风险提示公告,,1,https://www.cninfo.com.cn/new/disclosure/detail?annoId=1225414024,2026-08-27 20:11:59
603137,20260807,20260709,恒尚节能：股票交易异常波动暨风险提示公告,,2,https://www.cninfo.com.cn/new/disclosure/detail?annoId=1225415015,2026-08-27 20:11:59
603137,20260807,20260710,恒尚节能：股票交易风险提示公告,,1,https://www.cninfo.com.cn/new/disclosure/detail?annoId=1225417248,2026-08-27 20:11:59
603137,20260807,20260711,恒尚节能：股票交易严重异常波动公告,,3,https://www.cninfo.com.cn/new/disclosure/detail?annoId=1225419353,2026-08-27 20:11:59
603137,20260807,20260714,恒尚节能：关于上海证券交易所《关于对江苏恒尚节能科技股份有限公司重大资产购买预案信息披露的问询函》的回复公告,,3,https://www.cninfo.com.cn/new/disclosure/detail?annoId=1225422655,2026-08-27 20:11:59
603137,20260807,20260714,恒尚节能：发行股份及支付现金购买资产并募集配套资金暨关联交易预案（修订稿）,,0,https://www.cninfo.com.cn/new/disclosure/detail?annoId=1225422646,2026-08-27 20:11:59
603137,20260807,20260714,恒尚节能：发行股份及支付现金购买资产并募集配套资金暨关联交易预案（摘要）（修订稿）,,0,https://www.cninfo.com.cn/new/disclosure/detail?annoId=1225422645,2026-08-27 20:11:59
603137,20260807,20260714,恒尚节能：股票交易异常波动暨严重异常波动公告,,3,https://www.cninfo.com.cn/new/disclosure/detail?annoId=1225421708,2026-08-27 20:11:59
603137,20260807,20260715,恒尚节能：股票交易风险提示公告,,1,https://www.cninfo.com.cn/new/disclosure/detail?annoId=1225424466,2026-08-27 20:11:59
603137,20260807,20260716,恒尚节能：股票交易风险提示公告,,1,https://www.cninfo.com.cn/new/disclosure/detail?annoId=1225426051,2026-08-27 20:11:59
603137,20260807,20260721,恒尚节能：股票交易异常波动公告,,2,https://www.cninfo.com.cn/new/disclosure/detail?annoId=1225432765,2026-08-27 20:11:59
603137,20260807,20260729,恒尚节能：关于发行股份及支付现金购买资产并募集配套资金暨关联交易事项的进展公告,,0,https://www.cninfo.com.cn/new/disclosure/detail?annoId=1225444239,2026-08-27 20:11:59
603137,20260807,20260730,恒尚节能：关于2026年第二季度主要经营数据的公告,,0,https://www.cninfo.com.cn/new/disclosure/detail?annoId=1225446754,2026-08-27 20:11:59
603137,20260807,20260812,恒尚节能：股票交易异常波动公告,,2,https://www.cninfo.com.cn/new/disclosure/detail?annoId=1225468603,2026-08-27 20:11:59
603137,20260807,20260828,恒尚节能：第二届董事会第二十次会议决议公告,,0,https://www.cninfo.com.cn/new/disclosure/detail?annoId=1225516401,2026-08-27 20:11:59
603137,20260807,20260828,恒尚节能：2026年半年度报告,,0,https://www.cninfo.com.cn/new/disclosure/detail?annoId=1225516379,2026-08-27 20:11:59
603137,20260807,20260828,恒尚节能：关于召开2026年半年度业绩说明会的公告,,0,https://www.cninfo.com.cn/new/disclosure/detail?annoId=1225516373,2026-08-27 20:11:59
603137,20260807,20260828,恒尚节能：2026年半年度报告摘要,,0,https://www.cninfo.com.cn/new/disclosure/detail?annoId=1225516370,2026-08-27 20:11:59
603137,20260807,20260828,恒尚节能：关于发行股份及支付现金购买资产并募集配套资金暨关联交易事项的进展公告,,0,https://www.cninfo.com.cn/new/disclosure/detail?annoId=1225516366,2026-08-27 20:11:59
603137,20260807,20260828,恒尚节能：关于2026年半年度募集资金存放、管理与实际使用情况的专项报告,,0,https://www.cninfo.com.cn/new/disclosure/detail?annoId=1225516342,2026-08-27 20:11:59
603137,20260827,20260708,恒尚节能：股票交易风险提示公告,,1,https://www.cninfo.com.cn/new/disclosure/detail?annoId=1225414024,2026-08-27 21:27:36
603137,20260827,20260709,恒尚节能：股票交易异常波动暨风险提示公告,,2,https://www.cninfo.com.cn/new/disclosure/detail?annoId=1225415015,2026-08-27 21:27:36
603137,20260827,20260710,恒尚节能：股票交易风险提示公告,,1,https://www.cninfo.com.cn/new/disclosure/detail?annoId=1225417248,2026-08-27 21:27:36
603137,20260827,20260711,恒尚节能：股票交易严重异常波动公告,,3,https://www.cninfo.com.cn/new/disclosure/detail?annoId=1225419353,2026-08-27 21:27:36
603137,20260827,20260714,恒尚节能：关于上海证券交易所《关于对江苏恒尚节能科技股份有限公司重大资产购买预案信息披露的问询函》的回复公告,,3,https://www.cninfo.com.cn/new/disclosure/detail?annoId=1225422655,2026-08-27 21:27:36
603137,20260827,20260714,恒尚节能：发行股份及支付现金购买资产并募集配套资金暨关联交易预案（修订稿）,,0,https://www.cninfo.com.cn/new/disclosure/detail?annoId=1225422646,2026-08-27 21:27:36
603137,20260827,20260714,恒尚节能：发行股份及支付现金购买资产并募集配套资金暨关联交易预案（摘要）（修订稿）,,0,https://www.cninfo.com.cn/new/disclosure/detail?annoId=1225422645,2026-08-27 21:27:36
603137,20260827,20260714,恒尚节能：股票交易异常波动暨严重异常波动公告,,3,https://www.cninfo.com.cn/new/disclosure/detail?annoId=1225421708,2026-08-27 21:27:36
603137,20260827,20260715,恒尚节能：股票交易风险提示公告,,1,https://www.cninfo.com.cn/new/disclosure/detail?annoId=1225424466,2026-08-27 21:27:36
603137,20260827,20260716,恒尚节能：股票交易风险提示公告,,1,https://www.cninfo.com.cn/new/disclosure/detail?annoId=1225426051,2026-08-27 21:27:36
603137,20260827,20260721,恒尚节能：股票交易异常波动公告,,2,https://www.cninfo.com.cn/new/disclosure/detail?annoId=1225432765,2026-08-27 21:27:36
603137,20260827,20260729,恒尚节能：关于发行股份及支付现金购买资产并募集配套资金暨关联交易事项的进展公告,,0,https://www.cninfo.com.cn/new/disclosure/detail?annoId=1225444239,2026-08-27 21:27:36
603137,20260827,20260730,恒尚节能：关于2026年第二季度主要经营数据的公告,,0,https://www.cninfo.com.cn/new/disclosure/detail?annoId=1225446754,2026-08-27 21:27:36
603137,20260827,20260812,恒尚节能：股票交易异常波动公告,,2,https://www.cninfo.com.cn/new/disclosure/detail?annoId=1225468603,2026-08-27 21:27:36
603137,20260827,20260828,恒尚节能：第二届董事会第二十次会议决议公告,,0,https://www.cninfo.com.cn/new/disclosure/detail?annoId=1225516401,2026-08-27 21:27:36
603137,20260827,20260828,恒尚节能：2026年半年度报告,,0,https://www.cninfo.com.cn/new/disclosure/detail?annoId=1225516379,2026-08-27 21:27:36
603137,20260827,20260828,恒尚节能：关于召开2026年半年度业绩说明会的公告,,0,https://www.cninfo.com.cn/new/disclosure/detail?annoId=1225516373,2026-08-27 21:27:36
603137,20260827,20260828,恒尚节能：2026年半年度报告摘要,,0,https://www.cninfo.com.cn/new/disclosure/detail?annoId=1225516370,2026-08-27 21:27:36
603137,20260827,20260828,恒尚节能：关于发行股份及支付现金购买资产并募集配套资金暨关联交易事项的进展公告,,0,https://www.cninfo.com.cn/new/disclosure/detail?annoId=1225516366,2026-08-27 21:27:36
603137,20260827,20260828,恒尚节能：关于2026年半年度募集资金存放、管理与实际使用情况的专项报告,,0,https://www.cninfo.com.cn/new/disclosure/detail?annoId=1225516342,2026-08-27 21:27:36
603137,20260831,20260708,恒尚节能：股票交易风险提示公告,,1,https://www.cninfo.com.cn/new/disclosure/detail?annoId=1225414024,2026-08-31 21:10:31
603137,20260831,20260709,恒尚节能：股票交易异常波动暨风险提示公告,,2,https://www.cninfo.com.cn/new/disclosure/detail?annoId=1225415015,2026-08-31 21:10:31
603137,20260831,20260710,恒尚节能：股票交易风险提示公告,,1,https://www.cninfo.com.cn/new/disclosure/detail?annoId=1225417248,2026-08-31 21:10:31
603137,20260831,20260711,恒尚节能：股票交易严重异常波动公告,,3,https://www.cninfo.com.cn/new/disclosure/detail?annoId=1225419353,2026-08-31 21:10:31
603137,20260831,20260714,恒尚节能：关于上海证券交易所《关于对江苏恒尚节能科技股份有限公司重大资产购买预案信息披露的问询函》的回复公告,,3,https://www.cninfo.com.cn/new/disclosure/detail?annoId=1225422655,2026-08-31 21:10:31
603137,20260831,20260714,恒尚节能：发行股份及支付现金购买资产并募集配套资金暨关联交易预案（修订稿）,,0,https://www.cninfo.com.cn/new/disclosure/detail?annoId=1225422646,2026-08-31 21:10:31
603137,20260831,20260714,恒尚节能：发行股份及支付现金购买资产并募集配套资金暨关联交易预案（摘要）（修订稿）,,0,https://www.cninfo.com.cn/new/disclosure/detail?annoId=1225422645,2026-08-31 21:10:31
603137,20260831,20260714,恒尚节能：股票交易异常波动暨严重异常波动公告,,3,https://www.cninfo.com.cn/new/disclosure/detail?annoId=1225421708,2026-08-31 21:10:31
603137,20260831,20260715,恒尚节能：股票交易风险提示公告,,1,https://www.cninfo.com.cn/new/disclosure/detail?annoId=1225424466,2026-08-31 21:10:31
603137,20260831,20260716,恒尚节能：股票交易风险提示公告,,1,https://www.cninfo.com.cn/new/disclosure/detail?annoId=1225426051,2026-08-31 21:10:31
603137,20260831,20260721,恒尚节能：股票交易异常波动公告,,2,https://www.cninfo.com.cn/new/disclosure/detail?annoId=1225432765,2026-08-31 21:10:31
603137,20260831,20260729,恒尚节能：关于发行股份及支付现金购买资产并募集配套资金暨关联交易事项的进展公告,,0,https://www.cninfo.com.cn/new/disclosure/detail?annoId=1225444239,2026-08-31 21:10:31
603137,20260831,20260730,恒尚节能：关于2026年第二季度主要经营数据的公告,,0,https://www.cninfo.com.cn/new/disclosure/detail?annoId=1225446754,2026-08-31 21:10:31
603137,20260831,20260812,恒尚节能：股票交易异常波动公告,,2,https://www.cninfo.com.cn/new/disclosure/detail?annoId=1225468603,2026-08-31 21:10:31
603137,20260831,20260828,恒尚节能：第二届董事会第二十次会议决议公告,,0,https://www.cninfo.com.cn/new/disclosure/detail?annoId=1225516401,2026-08-31 21:10:31
603137,20260831,20260828,恒尚节能：2026年半年度报告,,0,https://www.cninfo.com.cn/new/disclosure/detail?annoId=1225516379,2026-08-31 21:10:31
603137,20260831,20260828,恒尚节能：关于召开2026年半年度业绩说明会的公告,,0,https://www.cninfo.com.cn/new/disclosure/detail?annoId=1225516373,2026-08-31 21:10:31
603137,20260831,20260828,恒尚节能：2026年半年度报告摘要,,0,https://www.cninfo.com.cn/new/disclosure/detail?annoId=1225516370,2026-08-31 21:10:31
603137,20260831,20260828,恒尚节能：关于发行股份及支付现金购买资产并募集配套资金暨关联交易事项的进展公告,,0,https://www.cninfo.com.cn/new/disclosure/detail?annoId=1225516366,2026-08-31 21:10:31
603137,20260831,20260828,恒尚节能：关于2026年半年度募集资金存放、管理与实际使用情况的专项报告,,0,https://www.cninfo.com.cn/new/disclosure/detail?annoId=1225516342,2026-08-31 21:10:31
603221,20260807,20260723,爱丽家居科技股份有限公司详式权益变动报告书（受让方-赵铭及百年勤书）,,0,https://www.cninfo.com.cn/new/disclosure/detail?annoId=1225437742,2026-08-25 21:42:01
603221,20260807,20260724,爱丽家居科技股份有限公司股票交易异常波动公告,,2,https://www.cninfo.com.cn/new/disclosure/detail?annoId=1225439759,2026-08-25 21:42:01
603221,20260807,20260724,江苏世纪同仁律师事务所关于爱丽家居科技股份有限公司2026年第二次临时股东会的法律意见书,,0,https://www.cninfo.com.cn/new/disclosure/detail?annoId=1225439758,2026-08-25 21:42:01
603221,20260807,20260724,爱丽家居科技股份有限公司2026年第二次临时股东会决议公告,,0,https://www.cninfo.com.cn/new/disclosure/detail?annoId=1225439754,2026-08-25 21:42:01
603221,20260807,20260725,爱丽家居科技股份有限公司股票交易风险提示公告,,1,https://www.cninfo.com.cn/new/disclosure/detail?annoId=1225441163,2026-08-25 21:42:01
603221,20260807,20260728,爱丽家居科技股份有限公司股票交易异常波动公告,,2,https://www.cninfo.com.cn/new/disclosure/detail?annoId=1225443658,2026-08-25 21:42:01
603221,20260807,20260729,爱丽家居科技股份有限公司股票交易风险提示公告,,1,https://www.cninfo.com.cn/new/disclosure/detail?annoId=1225444792,2026-08-25 21:42:01
603221,20260807,20260730,爱丽家居科技股份有限公司股票交易异常波动暨股票交易风险提示公告,,2,https://www.cninfo.com.cn/new/disclosure/detail?annoId=1225446964,2026-08-25 21:42:01
603221,20260807,20260731,爱丽家居科技股份有限公司股票交易严重异常波动暨股票交易风险提示公告,,3,https://www.cninfo.com.cn/new/disclosure/detail?annoId=1225448447,2026-08-25 21:42:01
603221,20260807,20260801,爱丽家居科技股份有限公司股票交易异常波动、严重异常波动暨停牌核查公告,,4,https://www.cninfo.com.cn/new/disclosure/detail?annoId=1225452030,2026-08-25 21:42:01
603221,20260807,20260806,爱丽家居科技股份有限公司关于股票交易停牌核查结果、股票风险交易提示暨复牌的公告,,5,https://www.cninfo.com.cn/new/disclosure/detail?annoId=1225460704,2026-08-25 21:42:01
603221,20260807,20260806,爱丽家居科技股份有限公司关于回复上海证券交易所《关于爱丽家居科技股份有限公司现金收购资产及协议转让相关事项的监管工作函》的公告,,3,https://www.cninfo.com.cn/new/disclosure/detail?annoId=1225460703,2026-08-25 21:42:01
603221,20260807,20260806,爱丽家居科技股份有限公司2025年年度权益分派实施公告,,0,https://www.cninfo.com.cn/new/disclosure/detail?annoId=1225459981,2026-08-25 21:42:01
603221,20260807,20260807,爱丽家居科技股份有限公司股票交易风险提示公告,,1,https://www.cninfo.com.cn/new/disclosure/detail?annoId=1225462138,2026-08-25 21:42:01
603221,20260807,20260811,爱丽家居科技股份有限公司股票交易风险提示暨停牌核查公告,,4,https://www.cninfo.com.cn/new/disclosure/detail?annoId=1225467255,2026-08-25 21:42:01
603221,20260807,20260818,爱丽家居科技股份有限公司关于股票交易停牌核查结果、股票交易风险提示暨复牌的公告,,5,https://www.cninfo.com.cn/new/disclosure/detail?annoId=1225478854,2026-08-25 21:42:01
603221,20260807,20260819,爱丽家居科技股份有限公司股票交易风险提示公告,,1,https://www.cninfo.com.cn/new/disclosure/detail?annoId=1225480464,2026-08-25 21:42:01
603221,20260807,20260826,爱丽家居科技股份有限公司2026年半年度报告摘要,,0,https://www.cninfo.com.cn/new/disclosure/detail?annoId=1225505707,2026-08-25 21:42:01
603221,20260807,20260826,爱丽家居科技股份有限公司关于召开2026年半年度业绩说明会的公告,,0,https://www.cninfo.com.cn/new/disclosure/detail?annoId=1225505537,2026-08-25 21:42:01
603221,20260807,20260826,爱丽家居科技股份有限公司2026年半年度报告,,0,https://www.cninfo.com.cn/new/disclosure/detail?annoId=1225505267,2026-08-25 21:42:01
603221,20260819,20260723,爱丽家居科技股份有限公司详式权益变动报告书（受让方-赵铭及百年勤书）,,0,https://www.cninfo.com.cn/new/disclosure/detail?annoId=1225437742,2026-08-26 10:40:38
603221,20260819,20260724,爱丽家居科技股份有限公司股票交易异常波动公告,,2,https://www.cninfo.com.cn/new/disclosure/detail?annoId=1225439759,2026-08-26 10:40:38
603221,20260819,20260724,江苏世纪同仁律师事务所关于爱丽家居科技股份有限公司2026年第二次临时股东会的法律意见书,,0,https://www.cninfo.com.cn/new/disclosure/detail?annoId=1225439758,2026-08-26 10:40:38
603221,20260819,20260724,爱丽家居科技股份有限公司2026年第二次临时股东会决议公告,,0,https://www.cninfo.com.cn/new/disclosure/detail?annoId=1225439754,2026-08-26 10:40:38
603221,20260819,20260725,爱丽家居科技股份有限公司股票交易风险提示公告,,1,https://www.cninfo.com.cn/new/disclosure/detail?annoId=1225441163,2026-08-26 10:40:38
603221,20260819,20260728,爱丽家居科技股份有限公司股票交易异常波动公告,,2,https://www.cninfo.com.cn/new/disclosure/detail?annoId=1225443658,2026-08-26 10:40:38
603221,20260819,20260729,爱丽家居科技股份有限公司股票交易风险提示公告,,1,https://www.cninfo.com.cn/new/disclosure/detail?annoId=1225444792,2026-08-26 10:40:38
603221,20260819,20260730,爱丽家居科技股份有限公司股票交易异常波动暨股票交易风险提示公告,,2,https://www.cninfo.com.cn/new/disclosure/detail?annoId=1225446964,2026-08-26 10:40:38
603221,20260819,20260731,爱丽家居科技股份有限公司股票交易严重异常波动暨股票交易风险提示公告,,3,https://www.cninfo.com.cn/new/disclosure/detail?annoId=1225448447,2026-08-26 10:40:38
603221,20260819,20260801,爱丽家居科技股份有限公司股票交易异常波动、严重异常波动暨停牌核查公告,,4,https://www.cninfo.com.cn/new/disclosure/detail?annoId=1225452030,2026-08-26 10:40:38
603221,20260819,20260806,爱丽家居科技股份有限公司关于股票交易停牌核查结果、股票风险交易提示暨复牌的公告,,5,https://www.cninfo.com.cn/new/disclosure/detail?annoId=1225460704,2026-08-26 10:40:38
603221,20260819,20260806,爱丽家居科技股份有限公司关于回复上海证券交易所《关于爱丽家居科技股份有限公司现金收购资产及协议转让相关事项的监管工作函》的公告,,3,https://www.cninfo.com.cn/new/disclosure/detail?annoId=1225460703,2026-08-26 10:40:38
603221,20260819,20260806,爱丽家居科技股份有限公司2025年年度权益分派实施公告,,0,https://www.cninfo.com.cn/new/disclosure/detail?annoId=1225459981,2026-08-26 10:40:38
603221,20260819,20260807,爱丽家居科技股份有限公司股票交易风险提示公告,,1,https://www.cninfo.com.cn/new/disclosure/detail?annoId=1225462138,2026-08-26 10:40:38
603221,20260819,20260811,爱丽家居科技股份有限公司股票交易风险提示暨停牌核查公告,,4,https://www.cninfo.com.cn/new/disclosure/detail?annoId=1225467255,2026-08-26 10:40:38
603221,20260819,20260818,爱丽家居科技股份有限公司关于股票交易停牌核查结果、股票交易风险提示暨复牌的公告,,5,https://www.cninfo.com.cn/new/disclosure/detail?annoId=1225478854,2026-08-26 10:40:38
603221,20260819,20260819,爱丽家居科技股份有限公司股票交易风险提示公告,,1,https://www.cninfo.com.cn/new/disclosure/detail?annoId=1225480464,2026-08-26 10:40:38
603221,20260819,20260826,爱丽家居科技股份有限公司2026年半年度报告摘要,,0,https://www.cninfo.com.cn/new/disclosure/detail?annoId=1225505707,2026-08-26 10:40:38
603221,20260819,20260826,爱丽家居科技股份有限公司关于召开2026年半年度业绩说明会的公告,,0,https://www.cninfo.com.cn/new/disclosure/detail?annoId=1225505537,2026-08-26 10:40:38
603221,20260819,20260826,爱丽家居科技股份有限公司2026年半年度报告,,0,https://www.cninfo.com.cn/new/disclosure/detail?annoId=1225505267,2026-08-26 10:40:38
603221,20260821,20260722,爱丽家居科技股份有限公司关于部分股权激励限制性股票回购注销实施公告,,0,https://www.cninfo.com.cn/new/disclosure/detail?annoId=1225435421,2026-08-25 10:07:24
603221,20260821,20260722,北京市中伦律师事务所关于爱丽家居回购注销部分限制性股票实施的法律意见书,,0,https://www.cninfo.com.cn/new/disclosure/detail?annoId=1225435416,2026-08-25 10:07:24
603221,20260821,20260723,爱丽家居科技股份有限公司详式权益变动报告书（受让方-赵铭及百年勤书）,,0,https://www.cninfo.com.cn/new/disclosure/detail?annoId=1225437742,2026-08-25 10:07:24
603221,20260821,20260723,爱丽家居科技股份有限公司简式权益变动报告书（转让方-博华企管）,,0,https://www.cninfo.com.cn/new/disclosure/detail?annoId=1225437734,2026-08-25 10:07:24
603221,20260821,20260724,爱丽家居科技股份有限公司股票交易异常波动公告,,2,https://www.cninfo.com.cn/new/disclosure/detail?annoId=1225439759,2026-08-25 10:07:24
603221,20260821,20260724,江苏世纪同仁律师事务所关于爱丽家居科技股份有限公司2026年第二次临时股东会的法律意见书,,0,https://www.cninfo.com.cn/new/disclosure/detail?annoId=1225439758,2026-08-25 10:07:24
603221,20260821,20260724,爱丽家居科技股份有限公司2026年第二次临时股东会决议公告,,0,https://www.cninfo.com.cn/new/disclosure/detail?annoId=1225439754,2026-08-25 10:07:24
603221,20260821,20260725,爱丽家居科技股份有限公司股票交易风险提示公告,,1,https://www.cninfo.com.cn/new/disclosure/detail?annoId=1225441163,2026-08-25 10:07:24
603221,20260821,20260728,爱丽家居科技股份有限公司股票交易异常波动公告,,2,https://www.cninfo.com.cn/new/disclosure/detail?annoId=1225443658,2026-08-25 10:07:24
603221,20260821,20260729,爱丽家居科技股份有限公司股票交易风险提示公告,,1,https://www.cninfo.com.cn/new/disclosure/detail?annoId=1225444792,2026-08-25 10:07:24
603221,20260821,20260730,爱丽家居科技股份有限公司股票交易异常波动暨股票交易风险提示公告,,2,https://www.cninfo.com.cn/new/disclosure/detail?annoId=1225446964,2026-08-25 10:07:24
603221,20260821,20260731,爱丽家居科技股份有限公司股票交易严重异常波动暨股票交易风险提示公告,,3,https://www.cninfo.com.cn/new/disclosure/detail?annoId=1225448447,2026-08-25 10:07:24
603221,20260821,20260801,爱丽家居科技股份有限公司股票交易异常波动、严重异常波动暨停牌核查公告,,4,https://www.cninfo.com.cn/new/disclosure/detail?annoId=1225452030,2026-08-25 10:07:24
603221,20260821,20260806,爱丽家居科技股份有限公司关于股票交易停牌核查结果、股票风险交易提示暨复牌的公告,,5,https://www.cninfo.com.cn/new/disclosure/detail?annoId=1225460704,2026-08-25 10:07:24
603221,20260821,20260806,爱丽家居科技股份有限公司关于回复上海证券交易所《关于爱丽家居科技股份有限公司现金收购资产及协议转让相关事项的监管工作函》的公告,,3,https://www.cninfo.com.cn/new/disclosure/detail?annoId=1225460703,2026-08-25 10:07:24
603221,20260821,20260806,爱丽家居科技股份有限公司2025年年度权益分派实施公告,,0,https://www.cninfo.com.cn/new/disclosure/detail?annoId=1225459981,2026-08-25 10:07:24
603221,20260821,20260807,爱丽家居科技股份有限公司股票交易风险提示公告,,1,https://www.cninfo.com.cn/new/disclosure/detail?annoId=1225462138,2026-08-25 10:07:24
603221,20260821,20260811,爱丽家居科技股份有限公司股票交易风险提示暨停牌核查公告,,4,https://www.cninfo.com.cn/new/disclosure/detail?annoId=1225467255,2026-08-25 10:07:24
603221,20260821,20260818,爱丽家居科技股份有限公司关于股票交易停牌核查结果、股票交易风险提示暨复牌的公告,,5,https://www.cninfo.com.cn/new/disclosure/detail?annoId=1225478854,2026-08-25 10:07:24
603221,20260821,20260819,爱丽家居科技股份有限公司股票交易风险提示公告,,1,https://www.cninfo.com.cn/new/disclosure/detail?annoId=1225480464,2026-08-25 10:07:24
603221,20260824,20260722,爱丽家居科技股份有限公司关于部分股权激励限制性股票回购注销实施公告,,0,https://www.cninfo.com.cn/new/disclosure/detail?annoId=1225435421,2026-08-25 10:15:27
603221,20260824,20260722,北京市中伦律师事务所关于爱丽家居回购注销部分限制性股票实施的法律意见书,,0,https://www.cninfo.com.cn/new/disclosure/detail?annoId=1225435416,2026-08-25 10:15:27
603221,20260824,20260723,爱丽家居科技股份有限公司详式权益变动报告书（受让方-赵铭及百年勤书）,,0,https://www.cninfo.com.cn/new/disclosure/detail?annoId=1225437742,2026-08-25 10:15:27
603221,20260824,20260723,爱丽家居科技股份有限公司简式权益变动报告书（转让方-博华企管）,,0,https://www.cninfo.com.cn/new/disclosure/detail?annoId=1225437734,2026-08-25 10:15:27
603221,20260824,20260724,爱丽家居科技股份有限公司股票交易异常波动公告,,2,https://www.cninfo.com.cn/new/disclosure/detail?annoId=1225439759,2026-08-25 10:15:27
603221,20260824,20260724,江苏世纪同仁律师事务所关于爱丽家居科技股份有限公司2026年第二次临时股东会的法律意见书,,0,https://www.cninfo.com.cn/new/disclosure/detail?annoId=1225439758,2026-08-25 10:15:27
603221,20260824,20260724,爱丽家居科技股份有限公司2026年第二次临时股东会决议公告,,0,https://www.cninfo.com.cn/new/disclosure/detail?annoId=1225439754,2026-08-25 10:15:27
603221,20260824,20260725,爱丽家居科技股份有限公司股票交易风险提示公告,,1,https://www.cninfo.com.cn/new/disclosure/detail?annoId=1225441163,2026-08-25 10:15:27
603221,20260824,20260728,爱丽家居科技股份有限公司股票交易异常波动公告,,2,https://www.cninfo.com.cn/new/disclosure/detail?annoId=1225443658,2026-08-25 10:15:27
603221,20260824,20260729,爱丽家居科技股份有限公司股票交易风险提示公告,,1,https://www.cninfo.com.cn/new/disclosure/detail?annoId=1225444792,2026-08-25 10:15:27
603221,20260824,20260730,爱丽家居科技股份有限公司股票交易异常波动暨股票交易风险提示公告,,2,https://www.cninfo.com.cn/new/disclosure/detail?annoId=1225446964,2026-08-25 10:15:27
603221,20260824,20260731,爱丽家居科技股份有限公司股票交易严重异常波动暨股票交易风险提示公告,,3,https://www.cninfo.com.cn/new/disclosure/detail?annoId=1225448447,2026-08-25 10:15:27
603221,20260824,20260801,爱丽家居科技股份有限公司股票交易异常波动、严重异常波动暨停牌核查公告,,4,https://www.cninfo.com.cn/new/disclosure/detail?annoId=1225452030,2026-08-25 10:15:27
603221,20260824,20260806,爱丽家居科技股份有限公司关于股票交易停牌核查结果、股票风险交易提示暨复牌的公告,,5,https://www.cninfo.com.cn/new/disclosure/detail?annoId=1225460704,2026-08-25 10:15:27
603221,20260824,20260806,爱丽家居科技股份有限公司关于回复上海证券交易所《关于爱丽家居科技股份有限公司现金收购资产及协议转让相关事项的监管工作函》的公告,,3,https://www.cninfo.com.cn/new/disclosure/detail?annoId=1225460703,2026-08-25 10:15:27
603221,20260824,20260806,爱丽家居科技股份有限公司2025年年度权益分派实施公告,,0,https://www.cninfo.com.cn/new/disclosure/detail?annoId=1225459981,2026-08-25 10:15:27
603221,20260824,20260807,爱丽家居科技股份有限公司股票交易风险提示公告,,1,https://www.cninfo.com.cn/new/disclosure/detail?annoId=1225462138,2026-08-25 10:15:27
603221,20260824,20260811,爱丽家居科技股份有限公司股票交易风险提示暨停牌核查公告,,4,https://www.cninfo.com.cn/new/disclosure/detail?annoId=1225467255,2026-08-25 10:15:27
603221,20260824,20260818,爱丽家居科技股份有限公司关于股票交易停牌核查结果、股票交易风险提示暨复牌的公告,,5,https://www.cninfo.com.cn/new/disclosure/detail?annoId=1225478854,2026-08-25 10:15:27
603221,20260824,20260819,爱丽家居科技股份有限公司股票交易风险提示公告,,1,https://www.cninfo.com.cn/new/disclosure/detail?annoId=1225480464,2026-08-25 10:15:27
603221,20260825,20260723,爱丽家居科技股份有限公司详式权益变动报告书（受让方-赵铭及百年勤书）,,0,https://www.cninfo.com.cn/new/disclosure/detail?annoId=1225437742,2026-08-25 19:57:46
603221,20260825,20260724,爱丽家居科技股份有限公司股票交易异常波动公告,,2,https://www.cninfo.com.cn/new/disclosure/detail?annoId=1225439759,2026-08-25 19:57:46
603221,20260825,20260724,江苏世纪同仁律师事务所关于爱丽家居科技股份有限公司2026年第二次临时股东会的法律意见书,,0,https://www.cninfo.com.cn/new/disclosure/detail?annoId=1225439758,2026-08-25 19:57:46
603221,20260825,20260724,爱丽家居科技股份有限公司2026年第二次临时股东会决议公告,,0,https://www.cninfo.com.cn/new/disclosure/detail?annoId=1225439754,2026-08-25 19:57:46
603221,20260825,20260725,爱丽家居科技股份有限公司股票交易风险提示公告,,1,https://www.cninfo.com.cn/new/disclosure/detail?annoId=1225441163,2026-08-25 19:57:46
603221,20260825,20260728,爱丽家居科技股份有限公司股票交易异常波动公告,,2,https://www.cninfo.com.cn/new/disclosure/detail?annoId=1225443658,2026-08-25 19:57:46
603221,20260825,20260729,爱丽家居科技股份有限公司股票交易风险提示公告,,1,https://www.cninfo.com.cn/new/disclosure/detail?annoId=1225444792,2026-08-25 19:57:46
603221,20260825,20260730,爱丽家居科技股份有限公司股票交易异常波动暨股票交易风险提示公告,,2,https://www.cninfo.com.cn/new/disclosure/detail?annoId=1225446964,2026-08-25 19:57:46
603221,20260825,20260731,爱丽家居科技股份有限公司股票交易严重异常波动暨股票交易风险提示公告,,3,https://www.cninfo.com.cn/new/disclosure/detail?annoId=1225448447,2026-08-25 19:57:46
603221,20260825,20260801,爱丽家居科技股份有限公司股票交易异常波动、严重异常波动暨停牌核查公告,,4,https://www.cninfo.com.cn/new/disclosure/detail?annoId=1225452030,2026-08-25 19:57:46
603221,20260825,20260806,爱丽家居科技股份有限公司关于股票交易停牌核查结果、股票风险交易提示暨复牌的公告,,5,https://www.cninfo.com.cn/new/disclosure/detail?annoId=1225460704,2026-08-25 19:57:46
603221,20260825,20260806,爱丽家居科技股份有限公司关于回复上海证券交易所《关于爱丽家居科技股份有限公司现金收购资产及协议转让相关事项的监管工作函》的公告,,3,https://www.cninfo.com.cn/new/disclosure/detail?annoId=1225460703,2026-08-25 19:57:46
603221,20260825,20260806,爱丽家居科技股份有限公司2025年年度权益分派实施公告,,0,https://www.cninfo.com.cn/new/disclosure/detail?annoId=1225459981,2026-08-25 19:57:46
603221,20260825,20260807,爱丽家居科技股份有限公司股票交易风险提示公告,,1,https://www.cninfo.com.cn/new/disclosure/detail?annoId=1225462138,2026-08-25 19:57:46
603221,20260825,20260811,爱丽家居科技股份有限公司股票交易风险提示暨停牌核查公告,,4,https://www.cninfo.com.cn/new/disclosure/detail?annoId=1225467255,2026-08-25 19:57:46
603221,20260825,20260818,爱丽家居科技股份有限公司关于股票交易停牌核查结果、股票交易风险提示暨复牌的公告,,5,https://www.cninfo.com.cn/new/disclosure/detail?annoId=1225478854,2026-08-25 19:57:46
603221,20260825,20260819,爱丽家居科技股份有限公司股票交易风险提示公告,,1,https://www.cninfo.com.cn/new/disclosure/detail?annoId=1225480464,2026-08-25 19:57:46
603221,20260825,20260826,爱丽家居科技股份有限公司2026年半年度报告摘要,,0,https://www.cninfo.com.cn/new/disclosure/detail?annoId=1225505707,2026-08-25 19:57:46
603221,20260825,20260826,爱丽家居科技股份有限公司关于召开2026年半年度业绩说明会的公告,,0,https://www.cninfo.com.cn/new/disclosure/detail?annoId=1225505537,2026-08-25 19:57:46
603221,20260825,20260826,爱丽家居科技股份有限公司2026年半年度报告,,0,https://www.cninfo.com.cn/new/disclosure/detail?annoId=1225505267,2026-08-25 19:57:46
603221,20260826,20260723,爱丽家居科技股份有限公司详式权益变动报告书（受让方-赵铭及百年勤书）,,0,https://www.cninfo.com.cn/new/disclosure/detail?annoId=1225437742,2026-08-27 00:11:37
603221,20260826,20260724,爱丽家居科技股份有限公司股票交易异常波动公告,,2,https://www.cninfo.com.cn/new/disclosure/detail?annoId=1225439759,2026-08-27 00:11:37
603221,20260826,20260724,江苏世纪同仁律师事务所关于爱丽家居科技股份有限公司2026年第二次临时股东会的法律意见书,,0,https://www.cninfo.com.cn/new/disclosure/detail?annoId=1225439758,2026-08-27 00:11:37
603221,20260826,20260724,爱丽家居科技股份有限公司2026年第二次临时股东会决议公告,,0,https://www.cninfo.com.cn/new/disclosure/detail?annoId=1225439754,2026-08-27 00:11:37
603221,20260826,20260725,爱丽家居科技股份有限公司股票交易风险提示公告,,1,https://www.cninfo.com.cn/new/disclosure/detail?annoId=1225441163,2026-08-27 00:11:37
603221,20260826,20260728,爱丽家居科技股份有限公司股票交易异常波动公告,,2,https://www.cninfo.com.cn/new/disclosure/detail?annoId=1225443658,2026-08-27 00:11:37
603221,20260826,20260729,爱丽家居科技股份有限公司股票交易风险提示公告,,1,https://www.cninfo.com.cn/new/disclosure/detail?annoId=1225444792,2026-08-27 00:11:37
603221,20260826,20260730,爱丽家居科技股份有限公司股票交易异常波动暨股票交易风险提示公告,,2,https://www.cninfo.com.cn/new/disclosure/detail?annoId=1225446964,2026-08-27 00:11:37
603221,20260826,20260731,爱丽家居科技股份有限公司股票交易严重异常波动暨股票交易风险提示公告,,3,https://www.cninfo.com.cn/new/disclosure/detail?annoId=1225448447,2026-08-27 00:11:37
603221,20260826,20260801,爱丽家居科技股份有限公司股票交易异常波动、严重异常波动暨停牌核查公告,,4,https://www.cninfo.com.cn/new/disclosure/detail?annoId=1225452030,2026-08-27 00:11:37
603221,20260826,20260806,爱丽家居科技股份有限公司关于股票交易停牌核查结果、股票风险交易提示暨复牌的公告,,5,https://www.cninfo.com.cn/new/disclosure/detail?annoId=1225460704,2026-08-27 00:11:37
603221,20260826,20260806,爱丽家居科技股份有限公司关于回复上海证券交易所《关于爱丽家居科技股份有限公司现金收购资产及协议转让相关事项的监管工作函》的公告,,3,https://www.cninfo.com.cn/new/disclosure/detail?annoId=1225460703,2026-08-27 00:11:37
603221,20260826,20260806,爱丽家居科技股份有限公司2025年年度权益分派实施公告,,0,https://www.cninfo.com.cn/new/disclosure/detail?annoId=1225459981,2026-08-27 00:11:37
603221,20260826,20260807,爱丽家居科技股份有限公司股票交易风险提示公告,,1,https://www.cninfo.com.cn/new/disclosure/detail?annoId=1225462138,2026-08-27 00:11:37
603221,20260826,20260811,爱丽家居科技股份有限公司股票交易风险提示暨停牌核查公告,,4,https://www.cninfo.com.cn/new/disclosure/detail?annoId=1225467255,2026-08-27 00:11:37
603221,20260826,20260818,爱丽家居科技股份有限公司关于股票交易停牌核查结果、股票交易风险提示暨复牌的公告,,5,https://www.cninfo.com.cn/new/disclosure/detail?annoId=1225478854,2026-08-27 00:11:37
603221,20260826,20260819,爱丽家居科技股份有限公司股票交易风险提示公告,,1,https://www.cninfo.com.cn/new/disclosure/detail?annoId=1225480464,2026-08-27 00:11:37
603221,20260826,20260826,爱丽家居科技股份有限公司2026年半年度报告摘要,,0,https://www.cninfo.com.cn/new/disclosure/detail?annoId=1225505707,2026-08-27 00:11:37
603221,20260826,20260826,爱丽家居科技股份有限公司关于召开2026年半年度业绩说明会的公告,,0,https://www.cninfo.com.cn/new/disclosure/detail?annoId=1225505537,2026-08-27 00:11:37
603221,20260826,20260826,爱丽家居科技股份有限公司2026年半年度报告,,0,https://www.cninfo.com.cn/new/disclosure/detail?annoId=1225505267,2026-08-27 00:11:37
603221,20260827,20260723,爱丽家居科技股份有限公司详式权益变动报告书（受让方-赵铭及百年勤书）,,0,https://www.cninfo.com.cn/new/disclosure/detail?annoId=1225437742,2026-08-27 21:27:37
603221,20260827,20260724,爱丽家居科技股份有限公司股票交易异常波动公告,,2,https://www.cninfo.com.cn/new/disclosure/detail?annoId=1225439759,2026-08-27 21:27:37
603221,20260827,20260724,江苏世纪同仁律师事务所关于爱丽家居科技股份有限公司2026年第二次临时股东会的法律意见书,,0,https://www.cninfo.com.cn/new/disclosure/detail?annoId=1225439758,2026-08-27 21:27:37
603221,20260827,20260724,爱丽家居科技股份有限公司2026年第二次临时股东会决议公告,,0,https://www.cninfo.com.cn/new/disclosure/detail?annoId=1225439754,2026-08-27 21:27:37
603221,20260827,20260725,爱丽家居科技股份有限公司股票交易风险提示公告,,1,https://www.cninfo.com.cn/new/disclosure/detail?annoId=1225441163,2026-08-27 21:27:37
603221,20260827,20260728,爱丽家居科技股份有限公司股票交易异常波动公告,,2,https://www.cninfo.com.cn/new/disclosure/detail?annoId=1225443658,2026-08-27 21:27:37
603221,20260827,20260729,爱丽家居科技股份有限公司股票交易风险提示公告,,1,https://www.cninfo.com.cn/new/disclosure/detail?annoId=1225444792,2026-08-27 21:27:37
603221,20260827,20260730,爱丽家居科技股份有限公司股票交易异常波动暨股票交易风险提示公告,,2,https://www.cninfo.com.cn/new/disclosure/detail?annoId=1225446964,2026-08-27 21:27:37
603221,20260827,20260731,爱丽家居科技股份有限公司股票交易严重异常波动暨股票交易风险提示公告,,3,https://www.cninfo.com.cn/new/disclosure/detail?annoId=1225448447,2026-08-27 21:27:37
603221,20260827,20260801,爱丽家居科技股份有限公司股票交易异常波动、严重异常波动暨停牌核查公告,,4,https://www.cninfo.com.cn/new/disclosure/detail?annoId=1225452030,2026-08-27 21:27:37
603221,20260827,20260806,爱丽家居科技股份有限公司关于股票交易停牌核查结果、股票风险交易提示暨复牌的公告,,5,https://www.cninfo.com.cn/new/disclosure/detail?annoId=1225460704,2026-08-27 21:27:37
603221,20260827,20260806,爱丽家居科技股份有限公司关于回复上海证券交易所《关于爱丽家居科技股份有限公司现金收购资产及协议转让相关事项的监管工作函》的公告,,3,https://www.cninfo.com.cn/new/disclosure/detail?annoId=1225460703,2026-08-27 21:27:37
603221,20260827,20260806,爱丽家居科技股份有限公司2025年年度权益分派实施公告,,0,https://www.cninfo.com.cn/new/disclosure/detail?annoId=1225459981,2026-08-27 21:27:37
603221,20260827,20260807,爱丽家居科技股份有限公司股票交易风险提示公告,,1,https://www.cninfo.com.cn/new/disclosure/detail?annoId=1225462138,2026-08-27 21:27:37
603221,20260827,20260811,爱丽家居科技股份有限公司股票交易风险提示暨停牌核查公告,,4,https://www.cninfo.com.cn/new/disclosure/detail?annoId=1225467255,2026-08-27 21:27:37
603221,20260827,20260818,爱丽家居科技股份有限公司关于股票交易停牌核查结果、股票交易风险提示暨复牌的公告,,5,https://www.cninfo.com.cn/new/disclosure/detail?annoId=1225478854,2026-08-27 21:27:37
603221,20260827,20260819,爱丽家居科技股份有限公司股票交易风险提示公告,,1,https://www.cninfo.com.cn/new/disclosure/detail?annoId=1225480464,2026-08-27 21:27:37
603221,20260827,20260826,爱丽家居科技股份有限公司2026年半年度报告摘要,,0,https://www.cninfo.com.cn/new/disclosure/detail?annoId=1225505707,2026-08-27 21:27:37
603221,20260827,20260826,爱丽家居科技股份有限公司关于召开2026年半年度业绩说明会的公告,,0,https://www.cninfo.com.cn/new/disclosure/detail?annoId=1225505537,2026-08-27 21:27:37
603221,20260827,20260826,爱丽家居科技股份有限公司2026年半年度报告,,0,https://www.cninfo.com.cn/new/disclosure/detail?annoId=1225505267,2026-08-27 21:27:37
603221,20260831,20260723,爱丽家居科技股份有限公司详式权益变动报告书（受让方-赵铭及百年勤书）,,0,https://www.cninfo.com.cn/new/disclosure/detail?annoId=1225437742,2026-08-31 21:10:31
603221,20260831,20260724,爱丽家居科技股份有限公司股票交易异常波动公告,,2,https://www.cninfo.com.cn/new/disclosure/detail?annoId=1225439759,2026-08-31 21:10:31
603221,20260831,20260724,江苏世纪同仁律师事务所关于爱丽家居科技股份有限公司2026年第二次临时股东会的法律意见书,,0,https://www.cninfo.com.cn/new/disclosure/detail?annoId=1225439758,2026-08-31 21:10:31
603221,20260831,20260724,爱丽家居科技股份有限公司2026年第二次临时股东会决议公告,,0,https://www.cninfo.com.cn/new/disclosure/detail?annoId=1225439754,2026-08-31 21:10:31
603221,20260831,20260725,爱丽家居科技股份有限公司股票交易风险提示公告,,1,https://www.cninfo.com.cn/new/disclosure/detail?annoId=1225441163,2026-08-31 21:10:31
603221,20260831,20260728,爱丽家居科技股份有限公司股票交易异常波动公告,,2,https://www.cninfo.com.cn/new/disclosure/detail?annoId=1225443658,2026-08-31 21:10:31
603221,20260831,20260729,爱丽家居科技股份有限公司股票交易风险提示公告,,1,https://www.cninfo.com.cn/new/disclosure/detail?annoId=1225444792,2026-08-31 21:10:31
603221,20260831,20260730,爱丽家居科技股份有限公司股票交易异常波动暨股票交易风险提示公告,,2,https://www.cninfo.com.cn/new/disclosure/detail?annoId=1225446964,2026-08-31 21:10:31
603221,20260831,20260731,爱丽家居科技股份有限公司股票交易严重异常波动暨股票交易风险提示公告,,3,https://www.cninfo.com.cn/new/disclosure/detail?annoId=1225448447,2026-08-31 21:10:31
603221,20260831,20260801,爱丽家居科技股份有限公司股票交易异常波动、严重异常波动暨停牌核查公告,,4,https://www.cninfo.com.cn/new/disclosure/detail?annoId=1225452030,2026-08-31 21:10:31
603221,20260831,20260806,爱丽家居科技股份有限公司关于股票交易停牌核查结果、股票风险交易提示暨复牌的公告,,5,https://www.cninfo.com.cn/new/disclosure/detail?annoId=1225460704,2026-08-31 21:10:31
603221,20260831,20260806,爱丽家居科技股份有限公司关于回复上海证券交易所《关于爱丽家居科技股份有限公司现金收购资产及协议转让相关事项的监管工作函》的公告,,3,https://www.cninfo.com.cn/new/disclosure/detail?annoId=1225460703,2026-08-31 21:10:31
603221,20260831,20260806,爱丽家居科技股份有限公司2025年年度权益分派实施公告,,0,https://www.cninfo.com.cn/new/disclosure/detail?annoId=1225459981,2026-08-31 21:10:31
603221,20260831,20260807,爱丽家居科技股份有限公司股票交易风险提示公告,,1,https://www.cninfo.com.cn/new/disclosure/detail?annoId=1225462138,2026-08-31 21:10:31
603221,20260831,20260811,爱丽家居科技股份有限公司股票交易风险提示暨停牌核查公告,,4,https://www.cninfo.com.cn/new/disclosure/detail?annoId=1225467255,2026-08-31 21:10:31
603221,20260831,20260818,爱丽家居科技股份有限公司关于股票交易停牌核查结果、股票交易风险提示暨复牌的公告,,5,https://www.cninfo.com.cn/new/disclosure/detail?annoId=1225478854,2026-08-31 21:10:31
603221,20260831,20260819,爱丽家居科技股份有限公司股票交易风险提示公告,,1,https://www.cninfo.com.cn/new/disclosure/detail?annoId=1225480464,2026-08-31 21:10:31
603221,20260831,20260826,爱丽家居科技股份有限公司2026年半年度报告摘要,,0,https://www.cninfo.com.cn/new/disclosure/detail?annoId=1225505707,2026-08-31 21:10:31
603221,20260831,20260826,爱丽家居科技股份有限公司关于召开2026年半年度业绩说明会的公告,,0,https://www.cninfo.com.cn/new/disclosure/detail?annoId=1225505537,2026-08-31 21:10:31
603221,20260831,20260826,爱丽家居科技股份有限公司2026年半年度报告,,0,https://www.cninfo.com.cn/new/disclosure/detail?annoId=1225505267,2026-08-31 21:10:31
603330,20260819,20260806,天洋新材（上海）科技股份有限公司2026年第三次临时股东会会议资料,,0,https://www.cninfo.com.cn/new/disclosure/detail?annoId=1225458837,2026-08-26 10:40:38
603330,20260819,20260806,关于控股股东部分股份质押的公告,,0,https://www.cninfo.com.cn/new/disclosure/detail?annoId=1225458818,2026-08-26 10:40:38
603330,20260819,20260814,股票交易异常波动公告,,2,https://www.cninfo.com.cn/new/disclosure/detail?annoId=1225471836,2026-08-26 10:40:38
603330,20260819,20260815,股票交易风险提示公告,,1,https://www.cninfo.com.cn/new/disclosure/detail?annoId=1225473504,2026-08-26 10:40:38
603330,20260819,20260819,2026年第三次临时股东会决议公告,,0,https://www.cninfo.com.cn/new/disclosure/detail?annoId=1225479768,2026-08-26 10:40:38
603330,20260819,20260819,上海市广发律师事务所关于天洋新材2026年第三次临时股东会见证法律意见书,,0,https://www.cninfo.com.cn/new/disclosure/detail?annoId=1225479758,2026-08-26 10:40:38
603330,20260819,20260820,关于归还用于临时补充流动资金的募集资金的公告,,0,https://www.cninfo.com.cn/new/disclosure/detail?annoId=1225482738,2026-08-26 10:40:38
603330,20260819,20260821,股票交易异常波动公告,,2,https://www.cninfo.com.cn/new/disclosure/detail?annoId=1225486146,2026-08-26 10:40:38
603330,20260819,20260825,股票交易异常波动公告,,2,https://www.cninfo.com.cn/new/disclosure/detail?annoId=1225495084,2026-08-26 10:40:38
603330,20260819,20260826,第五届董事会第七次会议决议公告,,0,https://www.cninfo.com.cn/new/disclosure/detail?annoId=1225502571,2026-08-26 10:40:38
603330,20260819,20260826,2026年半年度报告,,0,https://www.cninfo.com.cn/new/disclosure/detail?annoId=1225502569,2026-08-26 10:40:38
603330,20260819,20260826,2026年半年度报告摘要,,0,https://www.cninfo.com.cn/new/disclosure/detail?annoId=1225502568,2026-08-26 10:40:38
603330,20260819,20260826,关于2026年半年度募集资金存放、管理与实际使用情况的专项报告,,0,https://www.cninfo.com.cn/new/disclosure/detail?annoId=1225502565,2026-08-26 10:40:38
603330,20260819,20260826,关于举办2026年半年度业绩说明会的公告,,0,https://www.cninfo.com.cn/new/disclosure/detail?annoId=1225502564,2026-08-26 10:40:38
603330,20260819,20260826,关于使用自有资金支付创新研究院项目相关款项并以募集资金等额置换的公告,,0,https://www.cninfo.com.cn/new/disclosure/detail?annoId=1225502561,2026-08-26 10:40:38
603330,20260819,20260826,中信证券股份有限公司关于天洋新材（上海）科技股份有限公司使用闲置募集资金暂时补充流动资金的核查意见,,0,https://www.cninfo.com.cn/new/disclosure/detail?annoId=1225502557,2026-08-26 10:40:38
603330,20260819,20260826,中信证券股份有限公司关于天洋新材使用自有资金支付创新研究院项目相关款项并以募集资金等额置换的核查意见,,0,https://www.cninfo.com.cn/new/disclosure/detail?annoId=1225502556,2026-08-26 10:40:38
603330,20260819,20260826,关于使用部分闲置募集资金临时补充流动资金的公告,,0,https://www.cninfo.com.cn/new/disclosure/detail?annoId=1225502551,2026-08-26 10:40:38
603330,20260819,20260826,2026年第二季度主要经营数据的公告,,0,https://www.cninfo.com.cn/new/disclosure/detail?annoId=1225502524,2026-08-26 10:40:38
603330,20260819,20260826,审计委员会关于第五届董事会审计委员会第五次会议有关事项的意见,,0,https://www.cninfo.com.cn/new/disclosure/detail?annoId=1225502518,2026-08-26 10:40:38
603330,20260821,20260703,股票交易异常波动公告,,2,https://www.cninfo.com.cn/new/disclosure/detail?annoId=1225406305,2026-08-25 10:07:24
603330,20260821,20260711,关于控股股东协议转让股份完成过户登记的公告,,0,https://www.cninfo.com.cn/new/disclosure/detail?annoId=1225418346,2026-08-25 10:07:24
603330,20260821,20260715,2026年半年度业绩预盈公告,,0,https://www.cninfo.com.cn/new/disclosure/detail?annoId=1225422771,2026-08-25 10:07:24
603330,20260821,20260724,关于签订募集资金专户存储三方监管协议的公告,,0,https://www.cninfo.com.cn/new/disclosure/detail?annoId=1225438798,2026-08-25 10:07:24
603330,20260821,20260724,关于归还用于临时补充流动资金的募集资金的公告,,0,https://www.cninfo.com.cn/new/disclosure/detail?annoId=1225438782,2026-08-25 10:07:24
603330,20260821,20260731,中信证券股份有限公司关于天洋新材（上海）科技股份有限公司使用闲置募集资金暂时补充流动资金的核查意见,,0,https://www.cninfo.com.cn/new/disclosure/detail?annoId=1225447747,2026-08-25 10:07:24
603330,20260821,20260731,关于使用部分闲置募集资金临时补充流动资金的公告,,0,https://www.cninfo.com.cn/new/disclosure/detail?annoId=1225447745,2026-08-25 10:07:24
603330,20260821,20260731,关于出售全资子公司德法瑞100%股权的公告,,0,https://www.cninfo.com.cn/new/disclosure/detail?annoId=1225447742,2026-08-25 10:07:24
603330,20260821,20260731,第五届董事会第六次会议决议公告,,0,https://www.cninfo.com.cn/new/disclosure/detail?annoId=1225447739,2026-08-25 10:07:24
603330,20260821,20260731,关于召开2026年第三次临时股东会的通知,,0,https://www.cninfo.com.cn/new/disclosure/detail?annoId=1225447734,2026-08-25 10:07:24
603330,20260821,20260731,审计委员会关于第五届董事会审计委员会第四次会议有关事项的意见,,0,https://www.cninfo.com.cn/new/disclosure/detail?annoId=1225447733,2026-08-25 10:07:24
603330,20260821,20260806,天洋新材（上海）科技股份有限公司2026年第三次临时股东会会议资料,,0,https://www.cninfo.com.cn/new/disclosure/detail?annoId=1225458837,2026-08-25 10:07:24
603330,20260821,20260806,关于控股股东部分股份质押的公告,,0,https://www.cninfo.com.cn/new/disclosure/detail?annoId=1225458818,2026-08-25 10:07:24
603330,20260821,20260814,股票交易异常波动公告,,2,https://www.cninfo.com.cn/new/disclosure/detail?annoId=1225471836,2026-08-25 10:07:24
603330,20260821,20260815,股票交易风险提示公告,,1,https://www.cninfo.com.cn/new/disclosure/detail?annoId=1225473504,2026-08-25 10:07:24
603330,20260821,20260819,2026年第三次临时股东会决议公告,,0,https://www.cninfo.com.cn/new/disclosure/detail?annoId=1225479768,2026-08-25 10:07:24
603330,20260821,20260819,上海市广发律师事务所关于天洋新材2026年第三次临时股东会见证法律意见书,,0,https://www.cninfo.com.cn/new/disclosure/detail?annoId=1225479758,2026-08-25 10:07:24
603330,20260821,20260820,关于归还用于临时补充流动资金的募集资金的公告,,0,https://www.cninfo.com.cn/new/disclosure/detail?annoId=1225482738,2026-08-25 10:07:24
603330,20260821,20260821,股票交易异常波动公告,,2,https://www.cninfo.com.cn/new/disclosure/detail?annoId=1225486146,2026-08-25 10:07:24
603330,20260821,20260825,股票交易异常波动公告,,2,https://www.cninfo.com.cn/new/disclosure/detail?annoId=1225495084,2026-08-25 10:07:24
603330,20260824,20260703,股票交易异常波动公告,,2,https://www.cninfo.com.cn/new/disclosure/detail?annoId=1225406305,2026-08-25 10:15:27
603330,20260824,20260711,关于控股股东协议转让股份完成过户登记的公告,,0,https://www.cninfo.com.cn/new/disclosure/detail?annoId=1225418346,2026-08-25 10:15:27
603330,20260824,20260715,2026年半年度业绩预盈公告,,0,https://www.cninfo.com.cn/new/disclosure/detail?annoId=1225422771,2026-08-25 10:15:27
603330,20260824,20260724,关于签订募集资金专户存储三方监管协议的公告,,0,https://www.cninfo.com.cn/new/disclosure/detail?annoId=1225438798,2026-08-25 10:15:27
603330,20260824,20260724,关于归还用于临时补充流动资金的募集资金的公告,,0,https://www.cninfo.com.cn/new/disclosure/detail?annoId=1225438782,2026-08-25 10:15:27
603330,20260824,20260731,中信证券股份有限公司关于天洋新材（上海）科技股份有限公司使用闲置募集资金暂时补充流动资金的核查意见,,0,https://www.cninfo.com.cn/new/disclosure/detail?annoId=1225447747,2026-08-25 10:15:27
603330,20260824,20260731,关于使用部分闲置募集资金临时补充流动资金的公告,,0,https://www.cninfo.com.cn/new/disclosure/detail?annoId=1225447745,2026-08-25 10:15:27
603330,20260824,20260731,关于出售全资子公司德法瑞100%股权的公告,,0,https://www.cninfo.com.cn/new/disclosure/detail?annoId=1225447742,2026-08-25 10:15:27
603330,20260824,20260731,第五届董事会第六次会议决议公告,,0,https://www.cninfo.com.cn/new/disclosure/detail?annoId=1225447739,2026-08-25 10:15:27
603330,20260824,20260731,关于召开2026年第三次临时股东会的通知,,0,https://www.cninfo.com.cn/new/disclosure/detail?annoId=1225447734,2026-08-25 10:15:27
603330,20260824,20260731,审计委员会关于第五届董事会审计委员会第四次会议有关事项的意见,,0,https://www.cninfo.com.cn/new/disclosure/detail?annoId=1225447733,2026-08-25 10:15:27
603330,20260824,20260806,天洋新材（上海）科技股份有限公司2026年第三次临时股东会会议资料,,0,https://www.cninfo.com.cn/new/disclosure/detail?annoId=1225458837,2026-08-25 10:15:27
603330,20260824,20260806,关于控股股东部分股份质押的公告,,0,https://www.cninfo.com.cn/new/disclosure/detail?annoId=1225458818,2026-08-25 10:15:27
603330,20260824,20260814,股票交易异常波动公告,,2,https://www.cninfo.com.cn/new/disclosure/detail?annoId=1225471836,2026-08-25 10:15:27
603330,20260824,20260815,股票交易风险提示公告,,1,https://www.cninfo.com.cn/new/disclosure/detail?annoId=1225473504,2026-08-25 10:15:27
603330,20260824,20260819,2026年第三次临时股东会决议公告,,0,https://www.cninfo.com.cn/new/disclosure/detail?annoId=1225479768,2026-08-25 10:15:27
603330,20260824,20260819,上海市广发律师事务所关于天洋新材2026年第三次临时股东会见证法律意见书,,0,https://www.cninfo.com.cn/new/disclosure/detail?annoId=1225479758,2026-08-25 10:15:27
603330,20260824,20260820,关于归还用于临时补充流动资金的募集资金的公告,,0,https://www.cninfo.com.cn/new/disclosure/detail?annoId=1225482738,2026-08-25 10:15:27
603330,20260824,20260821,股票交易异常波动公告,,2,https://www.cninfo.com.cn/new/disclosure/detail?annoId=1225486146,2026-08-25 10:15:27
603330,20260824,20260825,股票交易异常波动公告,,2,https://www.cninfo.com.cn/new/disclosure/detail?annoId=1225495084,2026-08-25 10:15:27
603330,20260825,20260806,天洋新材（上海）科技股份有限公司2026年第三次临时股东会会议资料,,0,https://www.cninfo.com.cn/new/disclosure/detail?annoId=1225458837,2026-08-25 19:57:46
603330,20260825,20260806,关于控股股东部分股份质押的公告,,0,https://www.cninfo.com.cn/new/disclosure/detail?annoId=1225458818,2026-08-25 19:57:46
603330,20260825,20260814,股票交易异常波动公告,,2,https://www.cninfo.com.cn/new/disclosure/detail?annoId=1225471836,2026-08-25 19:57:46
603330,20260825,20260815,股票交易风险提示公告,,1,https://www.cninfo.com.cn/new/disclosure/detail?annoId=1225473504,2026-08-25 19:57:46
603330,20260825,20260819,2026年第三次临时股东会决议公告,,0,https://www.cninfo.com.cn/new/disclosure/detail?annoId=1225479768,2026-08-25 19:57:46
603330,20260825,20260819,上海市广发律师事务所关于天洋新材2026年第三次临时股东会见证法律意见书,,0,https://www.cninfo.com.cn/new/disclosure/detail?annoId=1225479758,2026-08-25 19:57:46
603330,20260825,20260820,关于归还用于临时补充流动资金的募集资金的公告,,0,https://www.cninfo.com.cn/new/disclosure/detail?annoId=1225482738,2026-08-25 19:57:46
603330,20260825,20260821,股票交易异常波动公告,,2,https://www.cninfo.com.cn/new/disclosure/detail?annoId=1225486146,2026-08-25 19:57:46
603330,20260825,20260825,股票交易异常波动公告,,2,https://www.cninfo.com.cn/new/disclosure/detail?annoId=1225495084,2026-08-25 19:57:46
603330,20260825,20260826,第五届董事会第七次会议决议公告,,0,https://www.cninfo.com.cn/new/disclosure/detail?annoId=1225502571,2026-08-25 19:57:46
603330,20260825,20260826,2026年半年度报告,,0,https://www.cninfo.com.cn/new/disclosure/detail?annoId=1225502569,2026-08-25 19:57:46
603330,20260825,20260826,2026年半年度报告摘要,,0,https://www.cninfo.com.cn/new/disclosure/detail?annoId=1225502568,2026-08-25 19:57:46
603330,20260825,20260826,关于2026年半年度募集资金存放、管理与实际使用情况的专项报告,,0,https://www.cninfo.com.cn/new/disclosure/detail?annoId=1225502565,2026-08-25 19:57:46
603330,20260825,20260826,关于举办2026年半年度业绩说明会的公告,,0,https://www.cninfo.com.cn/new/disclosure/detail?annoId=1225502564,2026-08-25 19:57:46
603330,20260825,20260826,关于使用自有资金支付创新研究院项目相关款项并以募集资金等额置换的公告,,0,https://www.cninfo.com.cn/new/disclosure/detail?annoId=1225502561,2026-08-25 19:57:46
603330,20260825,20260826,中信证券股份有限公司关于天洋新材（上海）科技股份有限公司使用闲置募集资金暂时补充流动资金的核查意见,,0,https://www.cninfo.com.cn/new/disclosure/detail?annoId=1225502557,2026-08-25 19:57:46
603330,20260825,20260826,中信证券股份有限公司关于天洋新材使用自有资金支付创新研究院项目相关款项并以募集资金等额置换的核查意见,,0,https://www.cninfo.com.cn/new/disclosure/detail?annoId=1225502556,2026-08-25 19:57:46
603330,20260825,20260826,关于使用部分闲置募集资金临时补充流动资金的公告,,0,https://www.cninfo.com.cn/new/disclosure/detail?annoId=1225502551,2026-08-25 19:57:46
603330,20260825,20260826,2026年第二季度主要经营数据的公告,,0,https://www.cninfo.com.cn/new/disclosure/detail?annoId=1225502524,2026-08-25 19:57:46
603330,20260825,20260826,审计委员会关于第五届董事会审计委员会第五次会议有关事项的意见,,0,https://www.cninfo.com.cn/new/disclosure/detail?annoId=1225502518,2026-08-25 19:57:46
603330,20260826,20260806,天洋新材（上海）科技股份有限公司2026年第三次临时股东会会议资料,,0,https://www.cninfo.com.cn/new/disclosure/detail?annoId=1225458837,2026-08-27 00:11:37
603330,20260826,20260806,关于控股股东部分股份质押的公告,,0,https://www.cninfo.com.cn/new/disclosure/detail?annoId=1225458818,2026-08-27 00:11:37
603330,20260826,20260814,股票交易异常波动公告,,2,https://www.cninfo.com.cn/new/disclosure/detail?annoId=1225471836,2026-08-27 00:11:37
603330,20260826,20260815,股票交易风险提示公告,,1,https://www.cninfo.com.cn/new/disclosure/detail?annoId=1225473504,2026-08-27 00:11:37
603330,20260826,20260819,2026年第三次临时股东会决议公告,,0,https://www.cninfo.com.cn/new/disclosure/detail?annoId=1225479768,2026-08-27 00:11:37
603330,20260826,20260819,上海市广发律师事务所关于天洋新材2026年第三次临时股东会见证法律意见书,,0,https://www.cninfo.com.cn/new/disclosure/detail?annoId=1225479758,2026-08-27 00:11:37
603330,20260826,20260820,关于归还用于临时补充流动资金的募集资金的公告,,0,https://www.cninfo.com.cn/new/disclosure/detail?annoId=1225482738,2026-08-27 00:11:37
603330,20260826,20260821,股票交易异常波动公告,,2,https://www.cninfo.com.cn/new/disclosure/detail?annoId=1225486146,2026-08-27 00:11:37
603330,20260826,20260825,股票交易异常波动公告,,2,https://www.cninfo.com.cn/new/disclosure/detail?annoId=1225495084,2026-08-27 00:11:37
603330,20260826,20260826,第五届董事会第七次会议决议公告,,0,https://www.cninfo.com.cn/new/disclosure/detail?annoId=1225502571,2026-08-27 00:11:37
603330,20260826,20260826,2026年半年度报告,,0,https://www.cninfo.com.cn/new/disclosure/detail?annoId=1225502569,2026-08-27 00:11:37
603330,20260826,20260826,2026年半年度报告摘要,,0,https://www.cninfo.com.cn/new/disclosure/detail?annoId=1225502568,2026-08-27 00:11:37
603330,20260826,20260826,关于2026年半年度募集资金存放、管理与实际使用情况的专项报告,,0,https://www.cninfo.com.cn/new/disclosure/detail?annoId=1225502565,2026-08-27 00:11:37
603330,20260826,20260826,关于举办2026年半年度业绩说明会的公告,,0,https://www.cninfo.com.cn/new/disclosure/detail?annoId=1225502564,2026-08-27 00:11:37
603330,20260826,20260826,关于使用自有资金支付创新研究院项目相关款项并以募集资金等额置换的公告,,0,https://www.cninfo.com.cn/new/disclosure/detail?annoId=1225502561,2026-08-27 00:11:37
603330,20260826,20260826,中信证券股份有限公司关于天洋新材（上海）科技股份有限公司使用闲置募集资金暂时补充流动资金的核查意见,,0,https://www.cninfo.com.cn/new/disclosure/detail?annoId=1225502557,2026-08-27 00:11:37
603330,20260826,20260826,中信证券股份有限公司关于天洋新材使用自有资金支付创新研究院项目相关款项并以募集资金等额置换的核查意见,,0,https://www.cninfo.com.cn/new/disclosure/detail?annoId=1225502556,2026-08-27 00:11:37
603330,20260826,20260826,关于使用部分闲置募集资金临时补充流动资金的公告,,0,https://www.cninfo.com.cn/new/disclosure/detail?annoId=1225502551,2026-08-27 00:11:37
603330,20260826,20260826,2026年第二季度主要经营数据的公告,,0,https://www.cninfo.com.cn/new/disclosure/detail?annoId=1225502524,2026-08-27 00:11:37
603330,20260826,20260826,审计委员会关于第五届董事会审计委员会第五次会议有关事项的意见,,0,https://www.cninfo.com.cn/new/disclosure/detail?annoId=1225502518,2026-08-27 00:11:37
603330,20260827,20260806,天洋新材（上海）科技股份有限公司2026年第三次临时股东会会议资料,,0,https://www.cninfo.com.cn/new/disclosure/detail?annoId=1225458837,2026-08-27 21:27:37
603330,20260827,20260806,关于控股股东部分股份质押的公告,,0,https://www.cninfo.com.cn/new/disclosure/detail?annoId=1225458818,2026-08-27 21:27:37
603330,20260827,20260814,股票交易异常波动公告,,2,https://www.cninfo.com.cn/new/disclosure/detail?annoId=1225471836,2026-08-27 21:27:37
603330,20260827,20260815,股票交易风险提示公告,,1,https://www.cninfo.com.cn/new/disclosure/detail?annoId=1225473504,2026-08-27 21:27:37
603330,20260827,20260819,2026年第三次临时股东会决议公告,,0,https://www.cninfo.com.cn/new/disclosure/detail?annoId=1225479768,2026-08-27 21:27:37
603330,20260827,20260819,上海市广发律师事务所关于天洋新材2026年第三次临时股东会见证法律意见书,,0,https://www.cninfo.com.cn/new/disclosure/detail?annoId=1225479758,2026-08-27 21:27:37
603330,20260827,20260820,关于归还用于临时补充流动资金的募集资金的公告,,0,https://www.cninfo.com.cn/new/disclosure/detail?annoId=1225482738,2026-08-27 21:27:37
603330,20260827,20260821,股票交易异常波动公告,,2,https://www.cninfo.com.cn/new/disclosure/detail?annoId=1225486146,2026-08-27 21:27:37
603330,20260827,20260825,股票交易异常波动公告,,2,https://www.cninfo.com.cn/new/disclosure/detail?annoId=1225495084,2026-08-27 21:27:37
603330,20260827,20260826,第五届董事会第七次会议决议公告,,0,https://www.cninfo.com.cn/new/disclosure/detail?annoId=1225502571,2026-08-27 21:27:37
603330,20260827,20260826,2026年半年度报告,,0,https://www.cninfo.com.cn/new/disclosure/detail?annoId=1225502569,2026-08-27 21:27:37
603330,20260827,20260826,2026年半年度报告摘要,,0,https://www.cninfo.com.cn/new/disclosure/detail?annoId=1225502568,2026-08-27 21:27:37
603330,20260827,20260826,关于2026年半年度募集资金存放、管理与实际使用情况的专项报告,,0,https://www.cninfo.com.cn/new/disclosure/detail?annoId=1225502565,2026-08-27 21:27:37
603330,20260827,20260826,关于举办2026年半年度业绩说明会的公告,,0,https://www.cninfo.com.cn/new/disclosure/detail?annoId=1225502564,2026-08-27 21:27:37
603330,20260827,20260826,关于使用自有资金支付创新研究院项目相关款项并以募集资金等额置换的公告,,0,https://www.cninfo.com.cn/new/disclosure/detail?annoId=1225502561,2026-08-27 21:27:37
603330,20260827,20260826,中信证券股份有限公司关于天洋新材（上海）科技股份有限公司使用闲置募集资金暂时补充流动资金的核查意见,,0,https://www.cninfo.com.cn/new/disclosure/detail?annoId=1225502557,2026-08-27 21:27:37
603330,20260827,20260826,中信证券股份有限公司关于天洋新材使用自有资金支付创新研究院项目相关款项并以募集资金等额置换的核查意见,,0,https://www.cninfo.com.cn/new/disclosure/detail?annoId=1225502556,2026-08-27 21:27:37
603330,20260827,20260826,关于使用部分闲置募集资金临时补充流动资金的公告,,0,https://www.cninfo.com.cn/new/disclosure/detail?annoId=1225502551,2026-08-27 21:27:37
603330,20260827,20260826,2026年第二季度主要经营数据的公告,,0,https://www.cninfo.com.cn/new/disclosure/detail?annoId=1225502524,2026-08-27 21:27:37
603330,20260827,20260826,审计委员会关于第五届董事会审计委员会第五次会议有关事项的意见,,0,https://www.cninfo.com.cn/new/disclosure/detail?annoId=1225502518,2026-08-27 21:27:37
603330,20260831,20260806,天洋新材（上海）科技股份有限公司2026年第三次临时股东会会议资料,,0,https://www.cninfo.com.cn/new/disclosure/detail?annoId=1225458837,2026-08-31 21:10:31
603330,20260831,20260806,关于控股股东部分股份质押的公告,,0,https://www.cninfo.com.cn/new/disclosure/detail?annoId=1225458818,2026-08-31 21:10:31
603330,20260831,20260814,股票交易异常波动公告,,2,https://www.cninfo.com.cn/new/disclosure/detail?annoId=1225471836,2026-08-31 21:10:31
603330,20260831,20260815,股票交易风险提示公告,,1,https://www.cninfo.com.cn/new/disclosure/detail?annoId=1225473504,2026-08-31 21:10:31
603330,20260831,20260819,2026年第三次临时股东会决议公告,,0,https://www.cninfo.com.cn/new/disclosure/detail?annoId=1225479768,2026-08-31 21:10:31
603330,20260831,20260819,上海市广发律师事务所关于天洋新材2026年第三次临时股东会见证法律意见书,,0,https://www.cninfo.com.cn/new/disclosure/detail?annoId=1225479758,2026-08-31 21:10:31
603330,20260831,20260820,关于归还用于临时补充流动资金的募集资金的公告,,0,https://www.cninfo.com.cn/new/disclosure/detail?annoId=1225482738,2026-08-31 21:10:31
603330,20260831,20260821,股票交易异常波动公告,,2,https://www.cninfo.com.cn/new/disclosure/detail?annoId=1225486146,2026-08-31 21:10:31
603330,20260831,20260825,股票交易异常波动公告,,2,https://www.cninfo.com.cn/new/disclosure/detail?annoId=1225495084,2026-08-31 21:10:31
603330,20260831,20260826,第五届董事会第七次会议决议公告,,0,https://www.cninfo.com.cn/new/disclosure/detail?annoId=1225502571,2026-08-31 21:10:31
603330,20260831,20260826,2026年半年度报告,,0,https://www.cninfo.com.cn/new/disclosure/detail?annoId=1225502569,2026-08-31 21:10:31
603330,20260831,20260826,2026年半年度报告摘要,,0,https://www.cninfo.com.cn/new/disclosure/detail?annoId=1225502568,2026-08-31 21:10:31
603330,20260831,20260826,关于2026年半年度募集资金存放、管理与实际使用情况的专项报告,,0,https://www.cninfo.com.cn/new/disclosure/detail?annoId=1225502565,2026-08-31 21:10:31
603330,20260831,20260826,关于举办2026年半年度业绩说明会的公告,,0,https://www.cninfo.com.cn/new/disclosure/detail?annoId=1225502564,2026-08-31 21:10:31
603330,20260831,20260826,关于使用自有资金支付创新研究院项目相关款项并以募集资金等额置换的公告,,0,https://www.cninfo.com.cn/new/disclosure/detail?annoId=1225502561,2026-08-31 21:10:31
603330,20260831,20260826,中信证券股份有限公司关于天洋新材（上海）科技股份有限公司使用闲置募集资金暂时补充流动资金的核查意见,,0,https://www.cninfo.com.cn/new/disclosure/detail?annoId=1225502557,2026-08-31 21:10:31
603330,20260831,20260826,中信证券股份有限公司关于天洋新材使用自有资金支付创新研究院项目相关款项并以募集资金等额置换的核查意见,,0,https://www.cninfo.com.cn/new/disclosure/detail?annoId=1225502556,2026-08-31 21:10:31
603330,20260831,20260826,关于使用部分闲置募集资金临时补充流动资金的公告,,0,https://www.cninfo.com.cn/new/disclosure/detail?annoId=1225502551,2026-08-31 21:10:31
603330,20260831,20260826,2026年第二季度主要经营数据的公告,,0,https://www.cninfo.com.cn/new/disclosure/detail?annoId=1225502524,2026-08-31 21:10:31
603330,20260831,20260826,审计委员会关于第五届董事会审计委员会第五次会议有关事项的意见,,0,https://www.cninfo.com.cn/new/disclosure/detail?annoId=1225502518,2026-08-31 21:10:31
603580,20260722,20260717,艾艾精工股票交易异常波动公告,,2,https://www.cninfo.com.cn/new/disclosure/detail?annoId=1225428792,2026-08-26 22:20:14
603580,20260722,20260718,艾艾精工股票交易风险提示公告,,1,https://www.cninfo.com.cn/new/disclosure/detail?annoId=1225430025,2026-08-26 22:20:14
603580,20260722,20260722,艾艾精工股票交易异常波动公告,,2,https://www.cninfo.com.cn/new/disclosure/detail?annoId=1225435800,2026-08-26 22:20:14
603580,20260722,20260723,艾艾精工股票交易风险提示公告,,1,https://www.cninfo.com.cn/new/disclosure/detail?annoId=1225437749,2026-08-26 22:20:14
603580,20260722,20260725,艾艾精工股票交易异常波动公告,,2,https://www.cninfo.com.cn/new/disclosure/detail?annoId=1225441317,2026-08-26 22:20:14
603580,20260722,20260729,艾艾精工股票交易风险提示公告,,1,https://www.cninfo.com.cn/new/disclosure/detail?annoId=1225445017,2026-08-26 22:20:14
603580,20260722,20260730,艾艾精工股票交易异常波动公告,,2,https://www.cninfo.com.cn/new/disclosure/detail?annoId=1225447354,2026-08-26 22:20:14
603580,20260722,20260805,艾艾精工股票交易风险提示公告,,1,https://www.cninfo.com.cn/new/disclosure/detail?annoId=1225457916,2026-08-26 22:20:14
603580,20260722,20260806,艾艾精工为控股子公司提供担保额度的进展公告,,0,https://www.cninfo.com.cn/new/disclosure/detail?annoId=1225459703,2026-08-26 22:20:14
603580,20260722,20260808,艾艾精工2025年年度权益分派实施公告,,0,https://www.cninfo.com.cn/new/disclosure/detail?annoId=1225463681,2026-08-26 22:20:14
603580,20260722,20260815,艾艾精工关于控股股东签署《股份转让协议之补充协议》《预受要约协议之补充协议》暨控制权拟发生变更的进展公告,,0,https://www.cninfo.com.cn/new/disclosure/detail?annoId=1225475904,2026-08-26 22:20:14
603580,20260722,20260818,艾艾精工第五届董事会第九次会议决议公告,,0,https://www.cninfo.com.cn/new/disclosure/detail?annoId=1225476741,2026-08-26 22:20:14
603580,20260722,20260818,艾艾精工2026年半年度报告摘要,,0,https://www.cninfo.com.cn/new/disclosure/detail?annoId=1225476739,2026-08-26 22:20:14
603580,20260722,20260818,对外投资管理制度,,0,https://www.cninfo.com.cn/new/disclosure/detail?annoId=1225476737,2026-08-26 22:20:14
603580,20260722,20260818,艾艾精工2026年半年度报告,,0,https://www.cninfo.com.cn/new/disclosure/detail?annoId=1225476736,2026-08-26 22:20:14
603580,20260722,20260819,艾艾精工股票交易风险提示公告,,1,https://www.cninfo.com.cn/new/disclosure/detail?annoId=1225480834,2026-08-26 22:20:14
603580,20260722,20260820,艾艾精工股票交易异常波动公告,,2,https://www.cninfo.com.cn/new/disclosure/detail?annoId=1225482572,2026-08-26 22:20:14
603580,20260722,20260821,艾艾精工股票交易风险提示公告,,1,https://www.cninfo.com.cn/new/disclosure/detail?annoId=1225485994,2026-08-26 22:20:14
603580,20260722,20260822,艾艾精工股票交易风险提示公告,,1,https://www.cninfo.com.cn/new/disclosure/detail?annoId=1225493534,2026-08-26 22:20:14
603580,20260722,20260822,艾艾精工关于收到收购方《关于不存在借壳上市计划及开展业务合作的说明》的公告,,0,https://www.cninfo.com.cn/new/disclosure/detail?annoId=1225493420,2026-08-26 22:20:14
603580,20260807,20260717,艾艾精工股票交易异常波动公告,,2,https://www.cninfo.com.cn/new/disclosure/detail?annoId=1225428792,2026-08-25 21:42:01
603580,20260807,20260718,艾艾精工股票交易风险提示公告,,1,https://www.cninfo.com.cn/new/disclosure/detail?annoId=1225430025,2026-08-25 21:42:01
603580,20260807,20260722,艾艾精工股票交易异常波动公告,,2,https://www.cninfo.com.cn/new/disclosure/detail?annoId=1225435800,2026-08-25 21:42:01
603580,20260807,20260723,艾艾精工股票交易风险提示公告,,1,https://www.cninfo.com.cn/new/disclosure/detail?annoId=1225437749,2026-08-25 21:42:01
603580,20260807,20260725,艾艾精工股票交易异常波动公告,,2,https://www.cninfo.com.cn/new/disclosure/detail?annoId=1225441317,2026-08-25 21:42:01
603580,20260807,20260729,艾艾精工股票交易风险提示公告,,1,https://www.cninfo.com.cn/new/disclosure/detail?annoId=1225445017,2026-08-25 21:42:01
603580,20260807,20260730,艾艾精工股票交易异常波动公告,,2,https://www.cninfo.com.cn/new/disclosure/detail?annoId=1225447354,2026-08-25 21:42:01
603580,20260807,20260805,艾艾精工股票交易风险提示公告,,1,https://www.cninfo.com.cn/new/disclosure/detail?annoId=1225457916,2026-08-25 21:42:01
603580,20260807,20260806,艾艾精工为控股子公司提供担保额度的进展公告,,0,https://www.cninfo.com.cn/new/disclosure/detail?annoId=1225459703,2026-08-25 21:42:01
603580,20260807,20260808,艾艾精工2025年年度权益分派实施公告,,0,https://www.cninfo.com.cn/new/disclosure/detail?annoId=1225463681,2026-08-25 21:42:01
603580,20260807,20260815,艾艾精工关于控股股东签署《股份转让协议之补充协议》《预受要约协议之补充协议》暨控制权拟发生变更的进展公告,,0,https://www.cninfo.com.cn/new/disclosure/detail?annoId=1225475904,2026-08-25 21:42:01
603580,20260807,20260818,艾艾精工第五届董事会第九次会议决议公告,,0,https://www.cninfo.com.cn/new/disclosure/detail?annoId=1225476741,2026-08-25 21:42:01
603580,20260807,20260818,艾艾精工2026年半年度报告摘要,,0,https://www.cninfo.com.cn/new/disclosure/detail?annoId=1225476739,2026-08-25 21:42:01
603580,20260807,20260818,对外投资管理制度,,0,https://www.cninfo.com.cn/new/disclosure/detail?annoId=1225476737,2026-08-25 21:42:01
603580,20260807,20260818,艾艾精工2026年半年度报告,,0,https://www.cninfo.com.cn/new/disclosure/detail?annoId=1225476736,2026-08-25 21:42:01
603580,20260807,20260819,艾艾精工股票交易风险提示公告,,1,https://www.cninfo.com.cn/new/disclosure/detail?annoId=1225480834,2026-08-25 21:42:01
603580,20260807,20260820,艾艾精工股票交易异常波动公告,,2,https://www.cninfo.com.cn/new/disclosure/detail?annoId=1225482572,2026-08-25 21:42:01
603580,20260807,20260821,艾艾精工股票交易风险提示公告,,1,https://www.cninfo.com.cn/new/disclosure/detail?annoId=1225485994,2026-08-25 21:42:01
603580,20260807,20260822,艾艾精工股票交易风险提示公告,,1,https://www.cninfo.com.cn/new/disclosure/detail?annoId=1225493534,2026-08-25 21:42:01
603580,20260807,20260822,艾艾精工关于收到收购方《关于不存在借壳上市计划及开展业务合作的说明》的公告,,0,https://www.cninfo.com.cn/new/disclosure/detail?annoId=1225493420,2026-08-25 21:42:01
603580,20260819,20260717,艾艾精工股票交易异常波动公告,,2,https://www.cninfo.com.cn/new/disclosure/detail?annoId=1225428792,2026-08-26 10:40:39
603580,20260819,20260718,艾艾精工股票交易风险提示公告,,1,https://www.cninfo.com.cn/new/disclosure/detail?annoId=1225430025,2026-08-26 10:40:39
603580,20260819,20260722,艾艾精工股票交易异常波动公告,,2,https://www.cninfo.com.cn/new/disclosure/detail?annoId=1225435800,2026-08-26 10:40:39
603580,20260819,20260723,艾艾精工股票交易风险提示公告,,1,https://www.cninfo.com.cn/new/disclosure/detail?annoId=1225437749,2026-08-26 10:40:39
603580,20260819,20260725,艾艾精工股票交易异常波动公告,,2,https://www.cninfo.com.cn/new/disclosure/detail?annoId=1225441317,2026-08-26 10:40:39
603580,20260819,20260729,艾艾精工股票交易风险提示公告,,1,https://www.cninfo.com.cn/new/disclosure/detail?annoId=1225445017,2026-08-26 10:40:39
603580,20260819,20260730,艾艾精工股票交易异常波动公告,,2,https://www.cninfo.com.cn/new/disclosure/detail?annoId=1225447354,2026-08-26 10:40:39
603580,20260819,20260805,艾艾精工股票交易风险提示公告,,1,https://www.cninfo.com.cn/new/disclosure/detail?annoId=1225457916,2026-08-26 10:40:39
603580,20260819,20260806,艾艾精工为控股子公司提供担保额度的进展公告,,0,https://www.cninfo.com.cn/new/disclosure/detail?annoId=1225459703,2026-08-26 10:40:39
603580,20260819,20260808,艾艾精工2025年年度权益分派实施公告,,0,https://www.cninfo.com.cn/new/disclosure/detail?annoId=1225463681,2026-08-26 10:40:39
603580,20260819,20260815,艾艾精工关于控股股东签署《股份转让协议之补充协议》《预受要约协议之补充协议》暨控制权拟发生变更的进展公告,,0,https://www.cninfo.com.cn/new/disclosure/detail?annoId=1225475904,2026-08-26 10:40:39
603580,20260819,20260818,艾艾精工第五届董事会第九次会议决议公告,,0,https://www.cninfo.com.cn/new/disclosure/detail?annoId=1225476741,2026-08-26 10:40:39
603580,20260819,20260818,艾艾精工2026年半年度报告摘要,,0,https://www.cninfo.com.cn/new/disclosure/detail?annoId=1225476739,2026-08-26 10:40:39
603580,20260819,20260818,对外投资管理制度,,0,https://www.cninfo.com.cn/new/disclosure/detail?annoId=1225476737,2026-08-26 10:40:39
603580,20260819,20260818,艾艾精工2026年半年度报告,,0,https://www.cninfo.com.cn/new/disclosure/detail?annoId=1225476736,2026-08-26 10:40:39
603580,20260819,20260819,艾艾精工股票交易风险提示公告,,1,https://www.cninfo.com.cn/new/disclosure/detail?annoId=1225480834,2026-08-26 10:40:39
603580,20260819,20260820,艾艾精工股票交易异常波动公告,,2,https://www.cninfo.com.cn/new/disclosure/detail?annoId=1225482572,2026-08-26 10:40:39
603580,20260819,20260821,艾艾精工股票交易风险提示公告,,1,https://www.cninfo.com.cn/new/disclosure/detail?annoId=1225485994,2026-08-26 10:40:39
603580,20260819,20260822,艾艾精工股票交易风险提示公告,,1,https://www.cninfo.com.cn/new/disclosure/detail?annoId=1225493534,2026-08-26 10:40:39
603580,20260819,20260822,艾艾精工关于收到收购方《关于不存在借壳上市计划及开展业务合作的说明》的公告,,0,https://www.cninfo.com.cn/new/disclosure/detail?annoId=1225493420,2026-08-26 10:40:39
603580,20260821,20260717,艾艾精工股票交易异常波动公告,,2,https://www.cninfo.com.cn/new/disclosure/detail?annoId=1225428792,2026-08-25 10:07:24
603580,20260821,20260718,艾艾精工股票交易风险提示公告,,1,https://www.cninfo.com.cn/new/disclosure/detail?annoId=1225430025,2026-08-25 10:07:24
603580,20260821,20260722,艾艾精工股票交易异常波动公告,,2,https://www.cninfo.com.cn/new/disclosure/detail?annoId=1225435800,2026-08-25 10:07:24
603580,20260821,20260723,艾艾精工股票交易风险提示公告,,1,https://www.cninfo.com.cn/new/disclosure/detail?annoId=1225437749,2026-08-25 10:07:24
603580,20260821,20260725,艾艾精工股票交易异常波动公告,,2,https://www.cninfo.com.cn/new/disclosure/detail?annoId=1225441317,2026-08-25 10:07:24
603580,20260821,20260729,艾艾精工股票交易风险提示公告,,1,https://www.cninfo.com.cn/new/disclosure/detail?annoId=1225445017,2026-08-25 10:07:24
603580,20260821,20260730,艾艾精工股票交易异常波动公告,,2,https://www.cninfo.com.cn/new/disclosure/detail?annoId=1225447354,2026-08-25 10:07:24
603580,20260821,20260805,艾艾精工股票交易风险提示公告,,1,https://www.cninfo.com.cn/new/disclosure/detail?annoId=1225457916,2026-08-25 10:07:24
603580,20260821,20260806,艾艾精工为控股子公司提供担保额度的进展公告,,0,https://www.cninfo.com.cn/new/disclosure/detail?annoId=1225459703,2026-08-25 10:07:24
603580,20260821,20260808,艾艾精工2025年年度权益分派实施公告,,0,https://www.cninfo.com.cn/new/disclosure/detail?annoId=1225463681,2026-08-25 10:07:24
603580,20260821,20260815,艾艾精工关于控股股东签署《股份转让协议之补充协议》《预受要约协议之补充协议》暨控制权拟发生变更的进展公告,,0,https://www.cninfo.com.cn/new/disclosure/detail?annoId=1225475904,2026-08-25 10:07:24
603580,20260821,20260818,艾艾精工第五届董事会第九次会议决议公告,,0,https://www.cninfo.com.cn/new/disclosure/detail?annoId=1225476741,2026-08-25 10:07:24
603580,20260821,20260818,艾艾精工2026年半年度报告摘要,,0,https://www.cninfo.com.cn/new/disclosure/detail?annoId=1225476739,2026-08-25 10:07:24
603580,20260821,20260818,对外投资管理制度,,0,https://www.cninfo.com.cn/new/disclosure/detail?annoId=1225476737,2026-08-25 10:07:24
603580,20260821,20260818,艾艾精工2026年半年度报告,,0,https://www.cninfo.com.cn/new/disclosure/detail?annoId=1225476736,2026-08-25 10:07:24
603580,20260821,20260819,艾艾精工股票交易风险提示公告,,1,https://www.cninfo.com.cn/new/disclosure/detail?annoId=1225480834,2026-08-25 10:07:24
603580,20260821,20260820,艾艾精工股票交易异常波动公告,,2,https://www.cninfo.com.cn/new/disclosure/detail?annoId=1225482572,2026-08-25 10:07:24
603580,20260821,20260821,艾艾精工股票交易风险提示公告,,1,https://www.cninfo.com.cn/new/disclosure/detail?annoId=1225485994,2026-08-25 10:07:24
603580,20260821,20260822,艾艾精工股票交易风险提示公告,,1,https://www.cninfo.com.cn/new/disclosure/detail?annoId=1225493534,2026-08-25 10:07:24
603580,20260821,20260822,艾艾精工关于收到收购方《关于不存在借壳上市计划及开展业务合作的说明》的公告,,0,https://www.cninfo.com.cn/new/disclosure/detail?annoId=1225493420,2026-08-25 10:07:24
603580,20260824,20260717,艾艾精工股票交易异常波动公告,,2,https://www.cninfo.com.cn/new/disclosure/detail?annoId=1225428792,2026-08-25 10:15:27
603580,20260824,20260718,艾艾精工股票交易风险提示公告,,1,https://www.cninfo.com.cn/new/disclosure/detail?annoId=1225430025,2026-08-25 10:15:27
603580,20260824,20260722,艾艾精工股票交易异常波动公告,,2,https://www.cninfo.com.cn/new/disclosure/detail?annoId=1225435800,2026-08-25 10:15:27
603580,20260824,20260723,艾艾精工股票交易风险提示公告,,1,https://www.cninfo.com.cn/new/disclosure/detail?annoId=1225437749,2026-08-25 10:15:27
603580,20260824,20260725,艾艾精工股票交易异常波动公告,,2,https://www.cninfo.com.cn/new/disclosure/detail?annoId=1225441317,2026-08-25 10:15:27
603580,20260824,20260729,艾艾精工股票交易风险提示公告,,1,https://www.cninfo.com.cn/new/disclosure/detail?annoId=1225445017,2026-08-25 10:15:27
603580,20260824,20260730,艾艾精工股票交易异常波动公告,,2,https://www.cninfo.com.cn/new/disclosure/detail?annoId=1225447354,2026-08-25 10:15:27
603580,20260824,20260805,艾艾精工股票交易风险提示公告,,1,https://www.cninfo.com.cn/new/disclosure/detail?annoId=1225457916,2026-08-25 10:15:27
603580,20260824,20260806,艾艾精工为控股子公司提供担保额度的进展公告,,0,https://www.cninfo.com.cn/new/disclosure/detail?annoId=1225459703,2026-08-25 10:15:27
603580,20260824,20260808,艾艾精工2025年年度权益分派实施公告,,0,https://www.cninfo.com.cn/new/disclosure/detail?annoId=1225463681,2026-08-25 10:15:27
603580,20260824,20260815,艾艾精工关于控股股东签署《股份转让协议之补充协议》《预受要约协议之补充协议》暨控制权拟发生变更的进展公告,,0,https://www.cninfo.com.cn/new/disclosure/detail?annoId=1225475904,2026-08-25 10:15:27
603580,20260824,20260818,艾艾精工第五届董事会第九次会议决议公告,,0,https://www.cninfo.com.cn/new/disclosure/detail?annoId=1225476741,2026-08-25 10:15:27
603580,20260824,20260818,艾艾精工2026年半年度报告摘要,,0,https://www.cninfo.com.cn/new/disclosure/detail?annoId=1225476739,2026-08-25 10:15:27
603580,20260824,20260818,对外投资管理制度,,0,https://www.cninfo.com.cn/new/disclosure/detail?annoId=1225476737,2026-08-25 10:15:27
603580,20260824,20260818,艾艾精工2026年半年度报告,,0,https://www.cninfo.com.cn/new/disclosure/detail?annoId=1225476736,2026-08-25 10:15:27
603580,20260824,20260819,艾艾精工股票交易风险提示公告,,1,https://www.cninfo.com.cn/new/disclosure/detail?annoId=1225480834,2026-08-25 10:15:27
603580,20260824,20260820,艾艾精工股票交易异常波动公告,,2,https://www.cninfo.com.cn/new/disclosure/detail?annoId=1225482572,2026-08-25 10:15:27
603580,20260824,20260821,艾艾精工股票交易风险提示公告,,1,https://www.cninfo.com.cn/new/disclosure/detail?annoId=1225485994,2026-08-25 10:15:27
603580,20260824,20260822,艾艾精工股票交易风险提示公告,,1,https://www.cninfo.com.cn/new/disclosure/detail?annoId=1225493534,2026-08-25 10:15:27
603580,20260824,20260822,艾艾精工关于收到收购方《关于不存在借壳上市计划及开展业务合作的说明》的公告,,0,https://www.cninfo.com.cn/new/disclosure/detail?annoId=1225493420,2026-08-25 10:15:27
603580,20260825,20260717,艾艾精工股票交易异常波动公告,,2,https://www.cninfo.com.cn/new/disclosure/detail?annoId=1225428792,2026-08-25 19:57:46
603580,20260825,20260718,艾艾精工股票交易风险提示公告,,1,https://www.cninfo.com.cn/new/disclosure/detail?annoId=1225430025,2026-08-25 19:57:46
603580,20260825,20260722,艾艾精工股票交易异常波动公告,,2,https://www.cninfo.com.cn/new/disclosure/detail?annoId=1225435800,2026-08-25 19:57:46
603580,20260825,20260723,艾艾精工股票交易风险提示公告,,1,https://www.cninfo.com.cn/new/disclosure/detail?annoId=1225437749,2026-08-25 19:57:46
603580,20260825,20260725,艾艾精工股票交易异常波动公告,,2,https://www.cninfo.com.cn/new/disclosure/detail?annoId=1225441317,2026-08-25 19:57:46
603580,20260825,20260729,艾艾精工股票交易风险提示公告,,1,https://www.cninfo.com.cn/new/disclosure/detail?annoId=1225445017,2026-08-25 19:57:46
603580,20260825,20260730,艾艾精工股票交易异常波动公告,,2,https://www.cninfo.com.cn/new/disclosure/detail?annoId=1225447354,2026-08-25 19:57:46
603580,20260825,20260805,艾艾精工股票交易风险提示公告,,1,https://www.cninfo.com.cn/new/disclosure/detail?annoId=1225457916,2026-08-25 19:57:46
603580,20260825,20260806,艾艾精工为控股子公司提供担保额度的进展公告,,0,https://www.cninfo.com.cn/new/disclosure/detail?annoId=1225459703,2026-08-25 19:57:46
603580,20260825,20260808,艾艾精工2025年年度权益分派实施公告,,0,https://www.cninfo.com.cn/new/disclosure/detail?annoId=1225463681,2026-08-25 19:57:46
603580,20260825,20260815,艾艾精工关于控股股东签署《股份转让协议之补充协议》《预受要约协议之补充协议》暨控制权拟发生变更的进展公告,,0,https://www.cninfo.com.cn/new/disclosure/detail?annoId=1225475904,2026-08-25 19:57:46
603580,20260825,20260818,艾艾精工第五届董事会第九次会议决议公告,,0,https://www.cninfo.com.cn/new/disclosure/detail?annoId=1225476741,2026-08-25 19:57:46
603580,20260825,20260818,艾艾精工2026年半年度报告摘要,,0,https://www.cninfo.com.cn/new/disclosure/detail?annoId=1225476739,2026-08-25 19:57:46
603580,20260825,20260818,对外投资管理制度,,0,https://www.cninfo.com.cn/new/disclosure/detail?annoId=1225476737,2026-08-25 19:57:46
603580,20260825,20260818,艾艾精工2026年半年度报告,,0,https://www.cninfo.com.cn/new/disclosure/detail?annoId=1225476736,2026-08-25 19:57:46
603580,20260825,20260819,艾艾精工股票交易风险提示公告,,1,https://www.cninfo.com.cn/new/disclosure/detail?annoId=1225480834,2026-08-25 19:57:46
603580,20260825,20260820,艾艾精工股票交易异常波动公告,,2,https://www.cninfo.com.cn/new/disclosure/detail?annoId=1225482572,2026-08-25 19:57:46
603580,20260825,20260821,艾艾精工股票交易风险提示公告,,1,https://www.cninfo.com.cn/new/disclosure/detail?annoId=1225485994,2026-08-25 19:57:46
603580,20260825,20260822,艾艾精工股票交易风险提示公告,,1,https://www.cninfo.com.cn/new/disclosure/detail?annoId=1225493534,2026-08-25 19:57:46
603580,20260825,20260822,艾艾精工关于收到收购方《关于不存在借壳上市计划及开展业务合作的说明》的公告,,0,https://www.cninfo.com.cn/new/disclosure/detail?annoId=1225493420,2026-08-25 19:57:46
603580,20260826,20260717,艾艾精工股票交易异常波动公告,,2,https://www.cninfo.com.cn/new/disclosure/detail?annoId=1225428792,2026-08-27 00:11:38
603580,20260826,20260718,艾艾精工股票交易风险提示公告,,1,https://www.cninfo.com.cn/new/disclosure/detail?annoId=1225430025,2026-08-27 00:11:38
603580,20260826,20260722,艾艾精工股票交易异常波动公告,,2,https://www.cninfo.com.cn/new/disclosure/detail?annoId=1225435800,2026-08-27 00:11:38
603580,20260826,20260723,艾艾精工股票交易风险提示公告,,1,https://www.cninfo.com.cn/new/disclosure/detail?annoId=1225437749,2026-08-27 00:11:38
603580,20260826,20260725,艾艾精工股票交易异常波动公告,,2,https://www.cninfo.com.cn/new/disclosure/detail?annoId=1225441317,2026-08-27 00:11:38
603580,20260826,20260729,艾艾精工股票交易风险提示公告,,1,https://www.cninfo.com.cn/new/disclosure/detail?annoId=1225445017,2026-08-27 00:11:38
603580,20260826,20260730,艾艾精工股票交易异常波动公告,,2,https://www.cninfo.com.cn/new/disclosure/detail?annoId=1225447354,2026-08-27 00:11:38
603580,20260826,20260805,艾艾精工股票交易风险提示公告,,1,https://www.cninfo.com.cn/new/disclosure/detail?annoId=1225457916,2026-08-27 00:11:38
603580,20260826,20260806,艾艾精工为控股子公司提供担保额度的进展公告,,0,https://www.cninfo.com.cn/new/disclosure/detail?annoId=1225459703,2026-08-27 00:11:38
603580,20260826,20260808,艾艾精工2025年年度权益分派实施公告,,0,https://www.cninfo.com.cn/new/disclosure/detail?annoId=1225463681,2026-08-27 00:11:38
603580,20260826,20260815,艾艾精工关于控股股东签署《股份转让协议之补充协议》《预受要约协议之补充协议》暨控制权拟发生变更的进展公告,,0,https://www.cninfo.com.cn/new/disclosure/detail?annoId=1225475904,2026-08-27 00:11:38
603580,20260826,20260818,艾艾精工第五届董事会第九次会议决议公告,,0,https://www.cninfo.com.cn/new/disclosure/detail?annoId=1225476741,2026-08-27 00:11:38
603580,20260826,20260818,艾艾精工2026年半年度报告摘要,,0,https://www.cninfo.com.cn/new/disclosure/detail?annoId=1225476739,2026-08-27 00:11:38
603580,20260826,20260818,对外投资管理制度,,0,https://www.cninfo.com.cn/new/disclosure/detail?annoId=1225476737,2026-08-27 00:11:38
603580,20260826,20260818,艾艾精工2026年半年度报告,,0,https://www.cninfo.com.cn/new/disclosure/detail?annoId=1225476736,2026-08-27 00:11:38
603580,20260826,20260819,艾艾精工股票交易风险提示公告,,1,https://www.cninfo.com.cn/new/disclosure/detail?annoId=1225480834,2026-08-27 00:11:38
603580,20260826,20260820,艾艾精工股票交易异常波动公告,,2,https://www.cninfo.com.cn/new/disclosure/detail?annoId=1225482572,2026-08-27 00:11:38
603580,20260826,20260821,艾艾精工股票交易风险提示公告,,1,https://www.cninfo.com.cn/new/disclosure/detail?annoId=1225485994,2026-08-27 00:11:38
603580,20260826,20260822,艾艾精工股票交易风险提示公告,,1,https://www.cninfo.com.cn/new/disclosure/detail?annoId=1225493534,2026-08-27 00:11:38
603580,20260826,20260822,艾艾精工关于收到收购方《关于不存在借壳上市计划及开展业务合作的说明》的公告,,0,https://www.cninfo.com.cn/new/disclosure/detail?annoId=1225493420,2026-08-27 00:11:38
603580,20260827,20260718,艾艾精工股票交易风险提示公告,,1,https://www.cninfo.com.cn/new/disclosure/detail?annoId=1225430025,2026-08-27 21:27:37
603580,20260827,20260722,艾艾精工股票交易异常波动公告,,2,https://www.cninfo.com.cn/new/disclosure/detail?annoId=1225435800,2026-08-27 21:27:37
603580,20260827,20260723,艾艾精工股票交易风险提示公告,,1,https://www.cninfo.com.cn/new/disclosure/detail?annoId=1225437749,2026-08-27 21:27:37
603580,20260827,20260725,艾艾精工股票交易异常波动公告,,2,https://www.cninfo.com.cn/new/disclosure/detail?annoId=1225441317,2026-08-27 21:27:37
603580,20260827,20260729,艾艾精工股票交易风险提示公告,,1,https://www.cninfo.com.cn/new/disclosure/detail?annoId=1225445017,2026-08-27 21:27:37
603580,20260827,20260730,艾艾精工股票交易异常波动公告,,2,https://www.cninfo.com.cn/new/disclosure/detail?annoId=1225447354,2026-08-27 21:27:37
603580,20260827,20260805,艾艾精工股票交易风险提示公告,,1,https://www.cninfo.com.cn/new/disclosure/detail?annoId=1225457916,2026-08-27 21:27:37
603580,20260827,20260806,艾艾精工为控股子公司提供担保额度的进展公告,,0,https://www.cninfo.com.cn/new/disclosure/detail?annoId=1225459703,2026-08-27 21:27:37
603580,20260827,20260808,艾艾精工2025年年度权益分派实施公告,,0,https://www.cninfo.com.cn/new/disclosure/detail?annoId=1225463681,2026-08-27 21:27:37
603580,20260827,20260815,艾艾精工关于控股股东签署《股份转让协议之补充协议》《预受要约协议之补充协议》暨控制权拟发生变更的进展公告,,0,https://www.cninfo.com.cn/new/disclosure/detail?annoId=1225475904,2026-08-27 21:27:37
603580,20260827,20260818,艾艾精工第五届董事会第九次会议决议公告,,0,https://www.cninfo.com.cn/new/disclosure/detail?annoId=1225476741,2026-08-27 21:27:37
603580,20260827,20260818,艾艾精工2026年半年度报告摘要,,0,https://www.cninfo.com.cn/new/disclosure/detail?annoId=1225476739,2026-08-27 21:27:37
603580,20260827,20260818,对外投资管理制度,,0,https://www.cninfo.com.cn/new/disclosure/detail?annoId=1225476737,2026-08-27 21:27:37
603580,20260827,20260818,艾艾精工2026年半年度报告,,0,https://www.cninfo.com.cn/new/disclosure/detail?annoId=1225476736,2026-08-27 21:27:37
603580,20260827,20260819,艾艾精工股票交易风险提示公告,,1,https://www.cninfo.com.cn/new/disclosure/detail?annoId=1225480834,2026-08-27 21:27:37
603580,20260827,20260820,艾艾精工股票交易异常波动公告,,2,https://www.cninfo.com.cn/new/disclosure/detail?annoId=1225482572,2026-08-27 21:27:37
603580,20260827,20260821,艾艾精工股票交易风险提示公告,,1,https://www.cninfo.com.cn/new/disclosure/detail?annoId=1225485994,2026-08-27 21:27:37
603580,20260827,20260822,艾艾精工股票交易风险提示公告,,1,https://www.cninfo.com.cn/new/disclosure/detail?annoId=1225493534,2026-08-27 21:27:37
603580,20260827,20260822,艾艾精工关于收到收购方《关于不存在借壳上市计划及开展业务合作的说明》的公告,,0,https://www.cninfo.com.cn/new/disclosure/detail?annoId=1225493420,2026-08-27 21:27:37
603580,20260827,20260828,艾艾精工股票交易风险提示公告,,1,https://www.cninfo.com.cn/new/disclosure/detail?annoId=1225521235,2026-08-27 21:27:37
603580,20260831,20260718,艾艾精工股票交易风险提示公告,,1,https://www.cninfo.com.cn/new/disclosure/detail?annoId=1225430025,2026-08-31 21:10:32
603580,20260831,20260722,艾艾精工股票交易异常波动公告,,2,https://www.cninfo.com.cn/new/disclosure/detail?annoId=1225435800,2026-08-31 21:10:32
603580,20260831,20260723,艾艾精工股票交易风险提示公告,,1,https://www.cninfo.com.cn/new/disclosure/detail?annoId=1225437749,2026-08-31 21:10:32
603580,20260831,20260725,艾艾精工股票交易异常波动公告,,2,https://www.cninfo.com.cn/new/disclosure/detail?annoId=1225441317,2026-08-31 21:10:32
603580,20260831,20260729,艾艾精工股票交易风险提示公告,,1,https://www.cninfo.com.cn/new/disclosure/detail?annoId=1225445017,2026-08-31 21:10:32
603580,20260831,20260730,艾艾精工股票交易异常波动公告,,2,https://www.cninfo.com.cn/new/disclosure/detail?annoId=1225447354,2026-08-31 21:10:32
603580,20260831,20260805,艾艾精工股票交易风险提示公告,,1,https://www.cninfo.com.cn/new/disclosure/detail?annoId=1225457916,2026-08-31 21:10:32
603580,20260831,20260806,艾艾精工为控股子公司提供担保额度的进展公告,,0,https://www.cninfo.com.cn/new/disclosure/detail?annoId=1225459703,2026-08-31 21:10:32
603580,20260831,20260808,艾艾精工2025年年度权益分派实施公告,,0,https://www.cninfo.com.cn/new/disclosure/detail?annoId=1225463681,2026-08-31 21:10:32
603580,20260831,20260815,艾艾精工关于控股股东签署《股份转让协议之补充协议》《预受要约协议之补充协议》暨控制权拟发生变更的进展公告,,0,https://www.cninfo.com.cn/new/disclosure/detail?annoId=1225475904,2026-08-31 21:10:32
603580,20260831,20260818,艾艾精工第五届董事会第九次会议决议公告,,0,https://www.cninfo.com.cn/new/disclosure/detail?annoId=1225476741,2026-08-31 21:10:32
603580,20260831,20260818,艾艾精工2026年半年度报告摘要,,0,https://www.cninfo.com.cn/new/disclosure/detail?annoId=1225476739,2026-08-31 21:10:32
603580,20260831,20260818,对外投资管理制度,,0,https://www.cninfo.com.cn/new/disclosure/detail?annoId=1225476737,2026-08-31 21:10:32
603580,20260831,20260818,艾艾精工2026年半年度报告,,0,https://www.cninfo.com.cn/new/disclosure/detail?annoId=1225476736,2026-08-31 21:10:32
603580,20260831,20260819,艾艾精工股票交易风险提示公告,,1,https://www.cninfo.com.cn/new/disclosure/detail?annoId=1225480834,2026-08-31 21:10:32
603580,20260831,20260820,艾艾精工股票交易异常波动公告,,2,https://www.cninfo.com.cn/new/disclosure/detail?annoId=1225482572,2026-08-31 21:10:32
603580,20260831,20260821,艾艾精工股票交易风险提示公告,,1,https://www.cninfo.com.cn/new/disclosure/detail?annoId=1225485994,2026-08-31 21:10:32
603580,20260831,20260822,艾艾精工股票交易风险提示公告,,1,https://www.cninfo.com.cn/new/disclosure/detail?annoId=1225493534,2026-08-31 21:10:32
603580,20260831,20260822,艾艾精工关于收到收购方《关于不存在借壳上市计划及开展业务合作的说明》的公告,,0,https://www.cninfo.com.cn/new/disclosure/detail?annoId=1225493420,2026-08-31 21:10:32
603580,20260831,20260828,艾艾精工股票交易风险提示公告,,1,https://www.cninfo.com.cn/new/disclosure/detail?annoId=1225521235,2026-08-31 21:10:32
603758,20260819,20260711,秦安股份独立董事提名人声明与承诺（欧家福）,,0,https://www.cninfo.com.cn/new/disclosure/detail?annoId=1225418300,2026-08-26 10:40:39
603758,20260819,20260711,秦安股份独立董事候选人声明与承诺（欧家福）,,0,https://www.cninfo.com.cn/new/disclosure/detail?annoId=1225418299,2026-08-26 10:40:39
603758,20260819,20260711,秦安股份ESG管理办法（2026年7月）,,0,https://www.cninfo.com.cn/new/disclosure/detail?annoId=1225418297,2026-08-26 10:40:39
603758,20260819,20260711,秦安股份第五届董事会第二十四次会议决议公告,,0,https://www.cninfo.com.cn/new/disclosure/detail?annoId=1225418296,2026-08-26 10:40:39
603758,20260819,20260711,秦安股份战略与ESG委员会议事规则（2026年7月修订）,,0,https://www.cninfo.com.cn/new/disclosure/detail?annoId=1225418295,2026-08-26 10:40:39
603758,20260819,20260716,秦安股份关于实施回购股份注销暨股份变动的公告,,0,https://www.cninfo.com.cn/new/disclosure/detail?annoId=1225426097,2026-08-26 10:40:39
603758,20260819,20260728,秦安股份关于董事会完成换届选举暨聘任高级管理人员及证券事务代表的公告,,0,https://www.cninfo.com.cn/new/disclosure/detail?annoId=1225443482,2026-08-26 10:40:39
603758,20260819,20260728,秦安股份第六届董事会第一次会议决议公告,,0,https://www.cninfo.com.cn/new/disclosure/detail?annoId=1225443479,2026-08-26 10:40:39
603758,20260819,20260728,秦安股份关于选举职工代表董事的公告,,0,https://www.cninfo.com.cn/new/disclosure/detail?annoId=1225443478,2026-08-26 10:40:39
603758,20260819,20260728,秦安股份2026年第二次临时股东会决议公告,,0,https://www.cninfo.com.cn/new/disclosure/detail?annoId=1225443476,2026-08-26 10:40:39
603758,20260819,20260728,北京市万商天勤律师事务所关于重庆秦安机电股份有限公司2026年第二次临时股东会的法律意见书,,0,https://www.cninfo.com.cn/new/disclosure/detail?annoId=1225443475,2026-08-26 10:40:39
603758,20260819,20260801,秦安股份关于完成工商变更登记并换发营业执照的公告,,0,https://www.cninfo.com.cn/new/disclosure/detail?annoId=1225450031,2026-08-26 10:40:39
603758,20260819,20260811,秦安股份股票交易异常波动公告,,2,https://www.cninfo.com.cn/new/disclosure/detail?annoId=1225466726,2026-08-26 10:40:39
603758,20260819,20260812,秦安股份关于股票交易风险提示性公告,,1,https://www.cninfo.com.cn/new/disclosure/detail?annoId=1225469002,2026-08-26 10:40:39
603758,20260819,20260813,秦安股份股票交易异常波动公告,,2,https://www.cninfo.com.cn/new/disclosure/detail?annoId=1225470331,2026-08-26 10:40:39
603758,20260819,20260814,秦安股份关于股票交易风险提示性公告,,1,https://www.cninfo.com.cn/new/disclosure/detail?annoId=1225472871,2026-08-26 10:40:39
603758,20260819,20260818,秦安股份关于召开2026年半年度业绩说明会的公告,,0,https://www.cninfo.com.cn/new/disclosure/detail?annoId=1225476315,2026-08-26 10:40:39
603758,20260819,20260821,秦安股份股票交易异常波动公告,,2,https://www.cninfo.com.cn/new/disclosure/detail?annoId=1225486050,2026-08-26 10:40:39
603758,20260819,20260822,秦安股份2026年半年度报告摘要,,0,https://www.cninfo.com.cn/new/disclosure/detail?annoId=1225493283,2026-08-26 10:40:39
603758,20260819,20260822,秦安股份2026年半年度报告,,0,https://www.cninfo.com.cn/new/disclosure/detail?annoId=1225493162,2026-08-26 10:40:39
603758,20260821,20260711,秦安股份独立董事提名人声明与承诺（欧家福）,,0,https://www.cninfo.com.cn/new/disclosure/detail?annoId=1225418300,2026-08-25 10:07:24
603758,20260821,20260711,秦安股份独立董事候选人声明与承诺（欧家福）,,0,https://www.cninfo.com.cn/new/disclosure/detail?annoId=1225418299,2026-08-25 10:07:24
603758,20260821,20260711,秦安股份ESG管理办法（2026年7月）,,0,https://www.cninfo.com.cn/new/disclosure/detail?annoId=1225418297,2026-08-25 10:07:24
603758,20260821,20260711,秦安股份第五届董事会第二十四次会议决议公告,,0,https://www.cninfo.com.cn/new/disclosure/detail?annoId=1225418296,2026-08-25 10:07:24
603758,20260821,20260711,秦安股份战略与ESG委员会议事规则（2026年7月修订）,,0,https://www.cninfo.com.cn/new/disclosure/detail?annoId=1225418295,2026-08-25 10:07:24
603758,20260821,20260716,秦安股份关于实施回购股份注销暨股份变动的公告,,0,https://www.cninfo.com.cn/new/disclosure/detail?annoId=1225426097,2026-08-25 10:07:24
603758,20260821,20260728,秦安股份关于董事会完成换届选举暨聘任高级管理人员及证券事务代表的公告,,0,https://www.cninfo.com.cn/new/disclosure/detail?annoId=1225443482,2026-08-25 10:07:24
603758,20260821,20260728,秦安股份第六届董事会第一次会议决议公告,,0,https://www.cninfo.com.cn/new/disclosure/detail?annoId=1225443479,2026-08-25 10:07:24
603758,20260821,20260728,秦安股份关于选举职工代表董事的公告,,0,https://www.cninfo.com.cn/new/disclosure/detail?annoId=1225443478,2026-08-25 10:07:24
603758,20260821,20260728,秦安股份2026年第二次临时股东会决议公告,,0,https://www.cninfo.com.cn/new/disclosure/detail?annoId=1225443476,2026-08-25 10:07:24
603758,20260821,20260728,北京市万商天勤律师事务所关于重庆秦安机电股份有限公司2026年第二次临时股东会的法律意见书,,0,https://www.cninfo.com.cn/new/disclosure/detail?annoId=1225443475,2026-08-25 10:07:24
603758,20260821,20260801,秦安股份关于完成工商变更登记并换发营业执照的公告,,0,https://www.cninfo.com.cn/new/disclosure/detail?annoId=1225450031,2026-08-25 10:07:24
603758,20260821,20260811,秦安股份股票交易异常波动公告,,2,https://www.cninfo.com.cn/new/disclosure/detail?annoId=1225466726,2026-08-25 10:07:24
603758,20260821,20260812,秦安股份关于股票交易风险提示性公告,,1,https://www.cninfo.com.cn/new/disclosure/detail?annoId=1225469002,2026-08-25 10:07:24
603758,20260821,20260813,秦安股份股票交易异常波动公告,,2,https://www.cninfo.com.cn/new/disclosure/detail?annoId=1225470331,2026-08-25 10:07:24
603758,20260821,20260814,秦安股份关于股票交易风险提示性公告,,1,https://www.cninfo.com.cn/new/disclosure/detail?annoId=1225472871,2026-08-25 10:07:24
603758,20260821,20260818,秦安股份关于召开2026年半年度业绩说明会的公告,,0,https://www.cninfo.com.cn/new/disclosure/detail?annoId=1225476315,2026-08-25 10:07:24
603758,20260821,20260821,秦安股份股票交易异常波动公告,,2,https://www.cninfo.com.cn/new/disclosure/detail?annoId=1225486050,2026-08-25 10:07:24
603758,20260821,20260822,秦安股份2026年半年度报告摘要,,0,https://www.cninfo.com.cn/new/disclosure/detail?annoId=1225493283,2026-08-25 10:07:24
603758,20260821,20260822,秦安股份2026年半年度报告,,0,https://www.cninfo.com.cn/new/disclosure/detail?annoId=1225493162,2026-08-25 10:07:24
603758,20260824,20260711,秦安股份独立董事提名人声明与承诺（欧家福）,,0,https://www.cninfo.com.cn/new/disclosure/detail?annoId=1225418300,2026-08-25 10:15:27
603758,20260824,20260711,秦安股份独立董事候选人声明与承诺（欧家福）,,0,https://www.cninfo.com.cn/new/disclosure/detail?annoId=1225418299,2026-08-25 10:15:27
603758,20260824,20260711,秦安股份ESG管理办法（2026年7月）,,0,https://www.cninfo.com.cn/new/disclosure/detail?annoId=1225418297,2026-08-25 10:15:27
603758,20260824,20260711,秦安股份第五届董事会第二十四次会议决议公告,,0,https://www.cninfo.com.cn/new/disclosure/detail?annoId=1225418296,2026-08-25 10:15:27
603758,20260824,20260711,秦安股份战略与ESG委员会议事规则（2026年7月修订）,,0,https://www.cninfo.com.cn/new/disclosure/detail?annoId=1225418295,2026-08-25 10:15:27
603758,20260824,20260716,秦安股份关于实施回购股份注销暨股份变动的公告,,0,https://www.cninfo.com.cn/new/disclosure/detail?annoId=1225426097,2026-08-25 10:15:27
603758,20260824,20260728,秦安股份关于董事会完成换届选举暨聘任高级管理人员及证券事务代表的公告,,0,https://www.cninfo.com.cn/new/disclosure/detail?annoId=1225443482,2026-08-25 10:15:27
603758,20260824,20260728,秦安股份第六届董事会第一次会议决议公告,,0,https://www.cninfo.com.cn/new/disclosure/detail?annoId=1225443479,2026-08-25 10:15:27
603758,20260824,20260728,秦安股份关于选举职工代表董事的公告,,0,https://www.cninfo.com.cn/new/disclosure/detail?annoId=1225443478,2026-08-25 10:15:27
603758,20260824,20260728,秦安股份2026年第二次临时股东会决议公告,,0,https://www.cninfo.com.cn/new/disclosure/detail?annoId=1225443476,2026-08-25 10:15:27
603758,20260824,20260728,北京市万商天勤律师事务所关于重庆秦安机电股份有限公司2026年第二次临时股东会的法律意见书,,0,https://www.cninfo.com.cn/new/disclosure/detail?annoId=1225443475,2026-08-25 10:15:27
603758,20260824,20260801,秦安股份关于完成工商变更登记并换发营业执照的公告,,0,https://www.cninfo.com.cn/new/disclosure/detail?annoId=1225450031,2026-08-25 10:15:27
603758,20260824,20260811,秦安股份股票交易异常波动公告,,2,https://www.cninfo.com.cn/new/disclosure/detail?annoId=1225466726,2026-08-25 10:15:27
603758,20260824,20260812,秦安股份关于股票交易风险提示性公告,,1,https://www.cninfo.com.cn/new/disclosure/detail?annoId=1225469002,2026-08-25 10:15:27
603758,20260824,20260813,秦安股份股票交易异常波动公告,,2,https://www.cninfo.com.cn/new/disclosure/detail?annoId=1225470331,2026-08-25 10:15:27
603758,20260824,20260814,秦安股份关于股票交易风险提示性公告,,1,https://www.cninfo.com.cn/new/disclosure/detail?annoId=1225472871,2026-08-25 10:15:27
603758,20260824,20260818,秦安股份关于召开2026年半年度业绩说明会的公告,,0,https://www.cninfo.com.cn/new/disclosure/detail?annoId=1225476315,2026-08-25 10:15:27
603758,20260824,20260821,秦安股份股票交易异常波动公告,,2,https://www.cninfo.com.cn/new/disclosure/detail?annoId=1225486050,2026-08-25 10:15:27
603758,20260824,20260822,秦安股份2026年半年度报告摘要,,0,https://www.cninfo.com.cn/new/disclosure/detail?annoId=1225493283,2026-08-25 10:15:27
603758,20260824,20260822,秦安股份2026年半年度报告,,0,https://www.cninfo.com.cn/new/disclosure/detail?annoId=1225493162,2026-08-25 10:15:27
603758,20260825,20260711,秦安股份独立董事提名人声明与承诺（欧家福）,,0,https://www.cninfo.com.cn/new/disclosure/detail?annoId=1225418300,2026-08-25 19:57:46
603758,20260825,20260711,秦安股份独立董事候选人声明与承诺（欧家福）,,0,https://www.cninfo.com.cn/new/disclosure/detail?annoId=1225418299,2026-08-25 19:57:46
603758,20260825,20260711,秦安股份ESG管理办法（2026年7月）,,0,https://www.cninfo.com.cn/new/disclosure/detail?annoId=1225418297,2026-08-25 19:57:46
603758,20260825,20260711,秦安股份第五届董事会第二十四次会议决议公告,,0,https://www.cninfo.com.cn/new/disclosure/detail?annoId=1225418296,2026-08-25 19:57:46
603758,20260825,20260711,秦安股份战略与ESG委员会议事规则（2026年7月修订）,,0,https://www.cninfo.com.cn/new/disclosure/detail?annoId=1225418295,2026-08-25 19:57:46
603758,20260825,20260716,秦安股份关于实施回购股份注销暨股份变动的公告,,0,https://www.cninfo.com.cn/new/disclosure/detail?annoId=1225426097,2026-08-25 19:57:46
603758,20260825,20260728,秦安股份关于董事会完成换届选举暨聘任高级管理人员及证券事务代表的公告,,0,https://www.cninfo.com.cn/new/disclosure/detail?annoId=1225443482,2026-08-25 19:57:46
603758,20260825,20260728,秦安股份第六届董事会第一次会议决议公告,,0,https://www.cninfo.com.cn/new/disclosure/detail?annoId=1225443479,2026-08-25 19:57:46
603758,20260825,20260728,秦安股份关于选举职工代表董事的公告,,0,https://www.cninfo.com.cn/new/disclosure/detail?annoId=1225443478,2026-08-25 19:57:46
603758,20260825,20260728,秦安股份2026年第二次临时股东会决议公告,,0,https://www.cninfo.com.cn/new/disclosure/detail?annoId=1225443476,2026-08-25 19:57:46
603758,20260825,20260728,北京市万商天勤律师事务所关于重庆秦安机电股份有限公司2026年第二次临时股东会的法律意见书,,0,https://www.cninfo.com.cn/new/disclosure/detail?annoId=1225443475,2026-08-25 19:57:46
603758,20260825,20260801,秦安股份关于完成工商变更登记并换发营业执照的公告,,0,https://www.cninfo.com.cn/new/disclosure/detail?annoId=1225450031,2026-08-25 19:57:46
603758,20260825,20260811,秦安股份股票交易异常波动公告,,2,https://www.cninfo.com.cn/new/disclosure/detail?annoId=1225466726,2026-08-25 19:57:46
603758,20260825,20260812,秦安股份关于股票交易风险提示性公告,,1,https://www.cninfo.com.cn/new/disclosure/detail?annoId=1225469002,2026-08-25 19:57:46
603758,20260825,20260813,秦安股份股票交易异常波动公告,,2,https://www.cninfo.com.cn/new/disclosure/detail?annoId=1225470331,2026-08-25 19:57:46
603758,20260825,20260814,秦安股份关于股票交易风险提示性公告,,1,https://www.cninfo.com.cn/new/disclosure/detail?annoId=1225472871,2026-08-25 19:57:46
603758,20260825,20260818,秦安股份关于召开2026年半年度业绩说明会的公告,,0,https://www.cninfo.com.cn/new/disclosure/detail?annoId=1225476315,2026-08-25 19:57:46
603758,20260825,20260821,秦安股份股票交易异常波动公告,,2,https://www.cninfo.com.cn/new/disclosure/detail?annoId=1225486050,2026-08-25 19:57:46
603758,20260825,20260822,秦安股份2026年半年度报告摘要,,0,https://www.cninfo.com.cn/new/disclosure/detail?annoId=1225493283,2026-08-25 19:57:46
603758,20260825,20260822,秦安股份2026年半年度报告,,0,https://www.cninfo.com.cn/new/disclosure/detail?annoId=1225493162,2026-08-25 19:57:46
603758,20260826,20260711,秦安股份独立董事提名人声明与承诺（欧家福）,,0,https://www.cninfo.com.cn/new/disclosure/detail?annoId=1225418300,2026-08-27 00:11:38
603758,20260826,20260711,秦安股份独立董事候选人声明与承诺（欧家福）,,0,https://www.cninfo.com.cn/new/disclosure/detail?annoId=1225418299,2026-08-27 00:11:38
603758,20260826,20260711,秦安股份ESG管理办法（2026年7月）,,0,https://www.cninfo.com.cn/new/disclosure/detail?annoId=1225418297,2026-08-27 00:11:38
603758,20260826,20260711,秦安股份第五届董事会第二十四次会议决议公告,,0,https://www.cninfo.com.cn/new/disclosure/detail?annoId=1225418296,2026-08-27 00:11:38
603758,20260826,20260711,秦安股份战略与ESG委员会议事规则（2026年7月修订）,,0,https://www.cninfo.com.cn/new/disclosure/detail?annoId=1225418295,2026-08-27 00:11:38
603758,20260826,20260716,秦安股份关于实施回购股份注销暨股份变动的公告,,0,https://www.cninfo.com.cn/new/disclosure/detail?annoId=1225426097,2026-08-27 00:11:38
603758,20260826,20260728,秦安股份关于董事会完成换届选举暨聘任高级管理人员及证券事务代表的公告,,0,https://www.cninfo.com.cn/new/disclosure/detail?annoId=1225443482,2026-08-27 00:11:38
603758,20260826,20260728,秦安股份第六届董事会第一次会议决议公告,,0,https://www.cninfo.com.cn/new/disclosure/detail?annoId=1225443479,2026-08-27 00:11:38
603758,20260826,20260728,秦安股份关于选举职工代表董事的公告,,0,https://www.cninfo.com.cn/new/disclosure/detail?annoId=1225443478,2026-08-27 00:11:38
603758,20260826,20260728,秦安股份2026年第二次临时股东会决议公告,,0,https://www.cninfo.com.cn/new/disclosure/detail?annoId=1225443476,2026-08-27 00:11:38
603758,20260826,20260728,北京市万商天勤律师事务所关于重庆秦安机电股份有限公司2026年第二次临时股东会的法律意见书,,0,https://www.cninfo.com.cn/new/disclosure/detail?annoId=1225443475,2026-08-27 00:11:38
603758,20260826,20260801,秦安股份关于完成工商变更登记并换发营业执照的公告,,0,https://www.cninfo.com.cn/new/disclosure/detail?annoId=1225450031,2026-08-27 00:11:38
603758,20260826,20260811,秦安股份股票交易异常波动公告,,2,https://www.cninfo.com.cn/new/disclosure/detail?annoId=1225466726,2026-08-27 00:11:38
603758,20260826,20260812,秦安股份关于股票交易风险提示性公告,,1,https://www.cninfo.com.cn/new/disclosure/detail?annoId=1225469002,2026-08-27 00:11:38
603758,20260826,20260813,秦安股份股票交易异常波动公告,,2,https://www.cninfo.com.cn/new/disclosure/detail?annoId=1225470331,2026-08-27 00:11:38
603758,20260826,20260814,秦安股份关于股票交易风险提示性公告,,1,https://www.cninfo.com.cn/new/disclosure/detail?annoId=1225472871,2026-08-27 00:11:38
603758,20260826,20260818,秦安股份关于召开2026年半年度业绩说明会的公告,,0,https://www.cninfo.com.cn/new/disclosure/detail?annoId=1225476315,2026-08-27 00:11:38
603758,20260826,20260821,秦安股份股票交易异常波动公告,,2,https://www.cninfo.com.cn/new/disclosure/detail?annoId=1225486050,2026-08-27 00:11:38
603758,20260826,20260822,秦安股份2026年半年度报告摘要,,0,https://www.cninfo.com.cn/new/disclosure/detail?annoId=1225493283,2026-08-27 00:11:38
603758,20260826,20260822,秦安股份2026年半年度报告,,0,https://www.cninfo.com.cn/new/disclosure/detail?annoId=1225493162,2026-08-27 00:11:38
603758,20260827,20260711,秦安股份独立董事提名人声明与承诺（欧家福）,,0,https://www.cninfo.com.cn/new/disclosure/detail?annoId=1225418300,2026-08-27 21:27:38
603758,20260827,20260711,秦安股份独立董事候选人声明与承诺（欧家福）,,0,https://www.cninfo.com.cn/new/disclosure/detail?annoId=1225418299,2026-08-27 21:27:38
603758,20260827,20260711,秦安股份ESG管理办法（2026年7月）,,0,https://www.cninfo.com.cn/new/disclosure/detail?annoId=1225418297,2026-08-27 21:27:38
603758,20260827,20260711,秦安股份第五届董事会第二十四次会议决议公告,,0,https://www.cninfo.com.cn/new/disclosure/detail?annoId=1225418296,2026-08-27 21:27:38
603758,20260827,20260711,秦安股份战略与ESG委员会议事规则（2026年7月修订）,,0,https://www.cninfo.com.cn/new/disclosure/detail?annoId=1225418295,2026-08-27 21:27:38
603758,20260827,20260716,秦安股份关于实施回购股份注销暨股份变动的公告,,0,https://www.cninfo.com.cn/new/disclosure/detail?annoId=1225426097,2026-08-27 21:27:38
603758,20260827,20260728,秦安股份关于董事会完成换届选举暨聘任高级管理人员及证券事务代表的公告,,0,https://www.cninfo.com.cn/new/disclosure/detail?annoId=1225443482,2026-08-27 21:27:38
603758,20260827,20260728,秦安股份第六届董事会第一次会议决议公告,,0,https://www.cninfo.com.cn/new/disclosure/detail?annoId=1225443479,2026-08-27 21:27:38
603758,20260827,20260728,秦安股份关于选举职工代表董事的公告,,0,https://www.cninfo.com.cn/new/disclosure/detail?annoId=1225443478,2026-08-27 21:27:38
603758,20260827,20260728,秦安股份2026年第二次临时股东会决议公告,,0,https://www.cninfo.com.cn/new/disclosure/detail?annoId=1225443476,2026-08-27 21:27:38
603758,20260827,20260728,北京市万商天勤律师事务所关于重庆秦安机电股份有限公司2026年第二次临时股东会的法律意见书,,0,https://www.cninfo.com.cn/new/disclosure/detail?annoId=1225443475,2026-08-27 21:27:38
603758,20260827,20260801,秦安股份关于完成工商变更登记并换发营业执照的公告,,0,https://www.cninfo.com.cn/new/disclosure/detail?annoId=1225450031,2026-08-27 21:27:38
603758,20260827,20260811,秦安股份股票交易异常波动公告,,2,https://www.cninfo.com.cn/new/disclosure/detail?annoId=1225466726,2026-08-27 21:27:38
603758,20260827,20260812,秦安股份关于股票交易风险提示性公告,,1,https://www.cninfo.com.cn/new/disclosure/detail?annoId=1225469002,2026-08-27 21:27:38
603758,20260827,20260813,秦安股份股票交易异常波动公告,,2,https://www.cninfo.com.cn/new/disclosure/detail?annoId=1225470331,2026-08-27 21:27:38
603758,20260827,20260814,秦安股份关于股票交易风险提示性公告,,1,https://www.cninfo.com.cn/new/disclosure/detail?annoId=1225472871,2026-08-27 21:27:38
603758,20260827,20260818,秦安股份关于召开2026年半年度业绩说明会的公告,,0,https://www.cninfo.com.cn/new/disclosure/detail?annoId=1225476315,2026-08-27 21:27:38
603758,20260827,20260821,秦安股份股票交易异常波动公告,,2,https://www.cninfo.com.cn/new/disclosure/detail?annoId=1225486050,2026-08-27 21:27:38
603758,20260827,20260822,秦安股份2026年半年度报告摘要,,0,https://www.cninfo.com.cn/new/disclosure/detail?annoId=1225493283,2026-08-27 21:27:38
603758,20260827,20260822,秦安股份2026年半年度报告,,0,https://www.cninfo.com.cn/new/disclosure/detail?annoId=1225493162,2026-08-27 21:27:38
603758,20260831,20260711,秦安股份独立董事提名人声明与承诺（欧家福）,,0,https://www.cninfo.com.cn/new/disclosure/detail?annoId=1225418300,2026-08-31 21:10:32
603758,20260831,20260711,秦安股份独立董事候选人声明与承诺（欧家福）,,0,https://www.cninfo.com.cn/new/disclosure/detail?annoId=1225418299,2026-08-31 21:10:32
603758,20260831,20260711,秦安股份ESG管理办法（2026年7月）,,0,https://www.cninfo.com.cn/new/disclosure/detail?annoId=1225418297,2026-08-31 21:10:32
603758,20260831,20260711,秦安股份第五届董事会第二十四次会议决议公告,,0,https://www.cninfo.com.cn/new/disclosure/detail?annoId=1225418296,2026-08-31 21:10:32
603758,20260831,20260711,秦安股份战略与ESG委员会议事规则（2026年7月修订）,,0,https://www.cninfo.com.cn/new/disclosure/detail?annoId=1225418295,2026-08-31 21:10:32
603758,20260831,20260716,秦安股份关于实施回购股份注销暨股份变动的公告,,0,https://www.cninfo.com.cn/new/disclosure/detail?annoId=1225426097,2026-08-31 21:10:32
603758,20260831,20260728,秦安股份关于董事会完成换届选举暨聘任高级管理人员及证券事务代表的公告,,0,https://www.cninfo.com.cn/new/disclosure/detail?annoId=1225443482,2026-08-31 21:10:32
603758,20260831,20260728,秦安股份第六届董事会第一次会议决议公告,,0,https://www.cninfo.com.cn/new/disclosure/detail?annoId=1225443479,2026-08-31 21:10:32
603758,20260831,20260728,秦安股份关于选举职工代表董事的公告,,0,https://www.cninfo.com.cn/new/disclosure/detail?annoId=1225443478,2026-08-31 21:10:32
603758,20260831,20260728,秦安股份2026年第二次临时股东会决议公告,,0,https://www.cninfo.com.cn/new/disclosure/detail?annoId=1225443476,2026-08-31 21:10:32
603758,20260831,20260728,北京市万商天勤律师事务所关于重庆秦安机电股份有限公司2026年第二次临时股东会的法律意见书,,0,https://www.cninfo.com.cn/new/disclosure/detail?annoId=1225443475,2026-08-31 21:10:32
603758,20260831,20260801,秦安股份关于完成工商变更登记并换发营业执照的公告,,0,https://www.cninfo.com.cn/new/disclosure/detail?annoId=1225450031,2026-08-31 21:10:32
603758,20260831,20260811,秦安股份股票交易异常波动公告,,2,https://www.cninfo.com.cn/new/disclosure/detail?annoId=1225466726,2026-08-31 21:10:32
603758,20260831,20260812,秦安股份关于股票交易风险提示性公告,,1,https://www.cninfo.com.cn/new/disclosure/detail?annoId=1225469002,2026-08-31 21:10:32
603758,20260831,20260813,秦安股份股票交易异常波动公告,,2,https://www.cninfo.com.cn/new/disclosure/detail?annoId=1225470331,2026-08-31 21:10:32
603758,20260831,20260814,秦安股份关于股票交易风险提示性公告,,1,https://www.cninfo.com.cn/new/disclosure/detail?annoId=1225472871,2026-08-31 21:10:32
603758,20260831,20260818,秦安股份关于召开2026年半年度业绩说明会的公告,,0,https://www.cninfo.com.cn/new/disclosure/detail?annoId=1225476315,2026-08-31 21:10:32
603758,20260831,20260821,秦安股份股票交易异常波动公告,,2,https://www.cninfo.com.cn/new/disclosure/detail?annoId=1225486050,2026-08-31 21:10:32
603758,20260831,20260822,秦安股份2026年半年度报告摘要,,0,https://www.cninfo.com.cn/new/disclosure/detail?annoId=1225493283,2026-08-31 21:10:32
603758,20260831,20260822,秦安股份2026年半年度报告,,0,https://www.cninfo.com.cn/new/disclosure/detail?annoId=1225493162,2026-08-31 21:10:32
603773,20260807,20260616,江西沃格光电集团股份有限公司关于控股股东部分股份质押续期的公告,,0,https://www.cninfo.com.cn/new/disclosure/detail?annoId=1225371215,2026-08-27 20:12:00
603773,20260807,20260618,江西沃格光电集团股份有限公司股票交易异常波动公告,,2,https://www.cninfo.com.cn/new/disclosure/detail?annoId=1225376184,2026-08-27 20:12:00
603773,20260807,20260623,江西沃格光电集团股份有限公司关于2023年股票期权与限制性股票激励计划部分股票期权注销完成的公告,,0,https://www.cninfo.com.cn/new/disclosure/detail?annoId=1225380372,2026-08-27 20:12:00
603773,20260807,20260702,江西沃格光电集团股份有限公司关于2023年股票期权与限制性股票激励计划2026年第二季度自主行权结果暨股份变动的公告,,0,https://www.cninfo.com.cn/new/disclosure/detail?annoId=1225403009,2026-08-27 20:12:00
603773,20260807,20260714,江西沃格光电集团股份有限公司2026年半年度业绩预告,,0,https://www.cninfo.com.cn/new/disclosure/detail?annoId=1225421935,2026-08-27 20:12:00
603773,20260807,20260718,江西沃格光电集团股份有限公司关于担保实施的进展公告,,0,https://www.cninfo.com.cn/new/disclosure/detail?annoId=1225430640,2026-08-27 20:12:00
603773,20260807,20260721,江西沃格光电集团股份有限公司关于子公司引入员工持股平台的进展公告,,0,https://www.cninfo.com.cn/new/disclosure/detail?annoId=1225432768,2026-08-27 20:12:00
603773,20260807,20260731,江西沃格光电集团股份有限公司股票交易异常波动公告,,2,https://www.cninfo.com.cn/new/disclosure/detail?annoId=1225448453,2026-08-27 20:12:00
603773,20260807,20260807,江西沃格光电集团股份有限公司股票交易异常波动公告,,2,https://www.cninfo.com.cn/new/disclosure/detail?annoId=1225462077,2026-08-27 20:12:00
603773,20260807,20260808,江西沃格光电集团股份有限公司股票交易风险提示公告,,1,https://www.cninfo.com.cn/new/disclosure/detail?annoId=1225464612,2026-08-27 20:12:00
603773,20260807,20260808,江西沃格光电集团股份有限公司关于控股股东、实际控制人及持股5%以上股东相关方收到《行政处罚事先告知书》的公告,,0,https://www.cninfo.com.cn/new/disclosure/detail?annoId=1225464610,2026-08-27 20:12:00
603773,20260807,20260814,国浩律师（上海）事务所关于公司2023年股票期权与限制性股票激励计划部分限制性股票回购注销实施情况的法律意见书,,0,https://www.cninfo.com.cn/new/disclosure/detail?annoId=1225472874,2026-08-27 20:12:00
603773,20260807,20260814,江西沃格光电集团股份有限公司2025年员工持股计划第二次持有人会议决议公告,,0,https://www.cninfo.com.cn/new/disclosure/detail?annoId=1225472873,2026-08-27 20:12:00
603773,20260807,20260814,江西沃格光电集团股份有限公司关于2023年股票期权与限制性股票激励计划部分限制性股票回购注销的实施公告,,0,https://www.cninfo.com.cn/new/disclosure/detail?annoId=1225472872,2026-08-27 20:12:00
603773,20260807,20260820,江西沃格光电集团股份有限公司关于2023年股票期权与限制性股票激励计划部分限制性股票回购注销完成的公告,,0,https://www.cninfo.com.cn/new/disclosure/detail?annoId=1225481551,2026-08-27 20:12:00
603773,20260807,20260822,江西沃格光电集团股份有限公司关于控股股东、实际控制人及持股5%以上股东相关方收到《行政处罚决定书》的公告,,0,https://www.cninfo.com.cn/new/disclosure/detail?annoId=1225493214,2026-08-27 20:12:00
603773,20260807,20260826,江西沃格光电集团股份有限公司关于计提资产减值准备及坏账核销的公告,,0,https://www.cninfo.com.cn/new/disclosure/detail?annoId=1225506011,2026-08-27 20:12:00
603773,20260807,20260826,江西沃格光电集团股份有限公司第五届董事会第九次会议决议公告,,0,https://www.cninfo.com.cn/new/disclosure/detail?annoId=1225505613,2026-08-27 20:12:00
603773,20260807,20260826,江西沃格光电集团股份有限公司2026年半年度报告摘要,,0,https://www.cninfo.com.cn/new/disclosure/detail?annoId=1225505396,2026-08-27 20:12:00
603773,20260807,20260826,江西沃格光电集团股份有限公司2026年半年度报告,,0,https://www.cninfo.com.cn/new/disclosure/detail?annoId=1225505147,2026-08-27 20:12:00
603773,20260827,20260616,江西沃格光电集团股份有限公司关于控股股东部分股份质押续期的公告,,0,https://www.cninfo.com.cn/new/disclosure/detail?annoId=1225371215,2026-08-27 21:27:38
603773,20260827,20260618,江西沃格光电集团股份有限公司股票交易异常波动公告,,2,https://www.cninfo.com.cn/new/disclosure/detail?annoId=1225376184,2026-08-27 21:27:38
603773,20260827,20260623,江西沃格光电集团股份有限公司关于2023年股票期权与限制性股票激励计划部分股票期权注销完成的公告,,0,https://www.cninfo.com.cn/new/disclosure/detail?annoId=1225380372,2026-08-27 21:27:38
603773,20260827,20260702,江西沃格光电集团股份有限公司关于2023年股票期权与限制性股票激励计划2026年第二季度自主行权结果暨股份变动的公告,,0,https://www.cninfo.com.cn/new/disclosure/detail?annoId=1225403009,2026-08-27 21:27:38
603773,20260827,20260714,江西沃格光电集团股份有限公司2026年半年度业绩预告,,0,https://www.cninfo.com.cn/new/disclosure/detail?annoId=1225421935,2026-08-27 21:27:38
603773,20260827,20260718,江西沃格光电集团股份有限公司关于担保实施的进展公告,,0,https://www.cninfo.com.cn/new/disclosure/detail?annoId=1225430640,2026-08-27 21:27:38
603773,20260827,20260721,江西沃格光电集团股份有限公司关于子公司引入员工持股平台的进展公告,,0,https://www.cninfo.com.cn/new/disclosure/detail?annoId=1225432768,2026-08-27 21:27:38
603773,20260827,20260731,江西沃格光电集团股份有限公司股票交易异常波动公告,,2,https://www.cninfo.com.cn/new/disclosure/detail?annoId=1225448453,2026-08-27 21:27:38
603773,20260827,20260807,江西沃格光电集团股份有限公司股票交易异常波动公告,,2,https://www.cninfo.com.cn/new/disclosure/detail?annoId=1225462077,2026-08-27 21:27:38
603773,20260827,20260808,江西沃格光电集团股份有限公司股票交易风险提示公告,,1,https://www.cninfo.com.cn/new/disclosure/detail?annoId=1225464612,2026-08-27 21:27:38
603773,20260827,20260808,江西沃格光电集团股份有限公司关于控股股东、实际控制人及持股5%以上股东相关方收到《行政处罚事先告知书》的公告,,0,https://www.cninfo.com.cn/new/disclosure/detail?annoId=1225464610,2026-08-27 21:27:38
603773,20260827,20260814,国浩律师（上海）事务所关于公司2023年股票期权与限制性股票激励计划部分限制性股票回购注销实施情况的法律意见书,,0,https://www.cninfo.com.cn/new/disclosure/detail?annoId=1225472874,2026-08-27 21:27:38
603773,20260827,20260814,江西沃格光电集团股份有限公司2025年员工持股计划第二次持有人会议决议公告,,0,https://www.cninfo.com.cn/new/disclosure/detail?annoId=1225472873,2026-08-27 21:27:38
603773,20260827,20260814,江西沃格光电集团股份有限公司关于2023年股票期权与限制性股票激励计划部分限制性股票回购注销的实施公告,,0,https://www.cninfo.com.cn/new/disclosure/detail?annoId=1225472872,2026-08-27 21:27:38
603773,20260827,20260820,江西沃格光电集团股份有限公司关于2023年股票期权与限制性股票激励计划部分限制性股票回购注销完成的公告,,0,https://www.cninfo.com.cn/new/disclosure/detail?annoId=1225481551,2026-08-27 21:27:38
603773,20260827,20260822,江西沃格光电集团股份有限公司关于控股股东、实际控制人及持股5%以上股东相关方收到《行政处罚决定书》的公告,,0,https://www.cninfo.com.cn/new/disclosure/detail?annoId=1225493214,2026-08-27 21:27:38
603773,20260827,20260826,江西沃格光电集团股份有限公司关于计提资产减值准备及坏账核销的公告,,0,https://www.cninfo.com.cn/new/disclosure/detail?annoId=1225506011,2026-08-27 21:27:38
603773,20260827,20260826,江西沃格光电集团股份有限公司第五届董事会第九次会议决议公告,,0,https://www.cninfo.com.cn/new/disclosure/detail?annoId=1225505613,2026-08-27 21:27:38
603773,20260827,20260826,江西沃格光电集团股份有限公司2026年半年度报告摘要,,0,https://www.cninfo.com.cn/new/disclosure/detail?annoId=1225505396,2026-08-27 21:27:38
603773,20260827,20260826,江西沃格光电集团股份有限公司2026年半年度报告,,0,https://www.cninfo.com.cn/new/disclosure/detail?annoId=1225505147,2026-08-27 21:27:38
603773,20260831,20260616,江西沃格光电集团股份有限公司关于控股股东部分股份质押续期的公告,,0,https://www.cninfo.com.cn/new/disclosure/detail?annoId=1225371215,2026-08-31 21:10:32
603773,20260831,20260618,江西沃格光电集团股份有限公司股票交易异常波动公告,,2,https://www.cninfo.com.cn/new/disclosure/detail?annoId=1225376184,2026-08-31 21:10:32
603773,20260831,20260623,江西沃格光电集团股份有限公司关于2023年股票期权与限制性股票激励计划部分股票期权注销完成的公告,,0,https://www.cninfo.com.cn/new/disclosure/detail?annoId=1225380372,2026-08-31 21:10:32
603773,20260831,20260702,江西沃格光电集团股份有限公司关于2023年股票期权与限制性股票激励计划2026年第二季度自主行权结果暨股份变动的公告,,0,https://www.cninfo.com.cn/new/disclosure/detail?annoId=1225403009,2026-08-31 21:10:32
603773,20260831,20260714,江西沃格光电集团股份有限公司2026年半年度业绩预告,,0,https://www.cninfo.com.cn/new/disclosure/detail?annoId=1225421935,2026-08-31 21:10:32
603773,20260831,20260718,江西沃格光电集团股份有限公司关于担保实施的进展公告,,0,https://www.cninfo.com.cn/new/disclosure/detail?annoId=1225430640,2026-08-31 21:10:32
603773,20260831,20260721,江西沃格光电集团股份有限公司关于子公司引入员工持股平台的进展公告,,0,https://www.cninfo.com.cn/new/disclosure/detail?annoId=1225432768,2026-08-31 21:10:32
603773,20260831,20260731,江西沃格光电集团股份有限公司股票交易异常波动公告,,2,https://www.cninfo.com.cn/new/disclosure/detail?annoId=1225448453,2026-08-31 21:10:32
603773,20260831,20260807,江西沃格光电集团股份有限公司股票交易异常波动公告,,2,https://www.cninfo.com.cn/new/disclosure/detail?annoId=1225462077,2026-08-31 21:10:32
603773,20260831,20260808,江西沃格光电集团股份有限公司股票交易风险提示公告,,1,https://www.cninfo.com.cn/new/disclosure/detail?annoId=1225464612,2026-08-31 21:10:32
603773,20260831,20260808,江西沃格光电集团股份有限公司关于控股股东、实际控制人及持股5%以上股东相关方收到《行政处罚事先告知书》的公告,,0,https://www.cninfo.com.cn/new/disclosure/detail?annoId=1225464610,2026-08-31 21:10:32
603773,20260831,20260814,国浩律师（上海）事务所关于公司2023年股票期权与限制性股票激励计划部分限制性股票回购注销实施情况的法律意见书,,0,https://www.cninfo.com.cn/new/disclosure/detail?annoId=1225472874,2026-08-31 21:10:32
603773,20260831,20260814,江西沃格光电集团股份有限公司2025年员工持股计划第二次持有人会议决议公告,,0,https://www.cninfo.com.cn/new/disclosure/detail?annoId=1225472873,2026-08-31 21:10:32
603773,20260831,20260814,江西沃格光电集团股份有限公司关于2023年股票期权与限制性股票激励计划部分限制性股票回购注销的实施公告,,0,https://www.cninfo.com.cn/new/disclosure/detail?annoId=1225472872,2026-08-31 21:10:32
603773,20260831,20260820,江西沃格光电集团股份有限公司关于2023年股票期权与限制性股票激励计划部分限制性股票回购注销完成的公告,,0,https://www.cninfo.com.cn/new/disclosure/detail?annoId=1225481551,2026-08-31 21:10:32
603773,20260831,20260822,江西沃格光电集团股份有限公司关于控股股东、实际控制人及持股5%以上股东相关方收到《行政处罚决定书》的公告,,0,https://www.cninfo.com.cn/new/disclosure/detail?annoId=1225493214,2026-08-31 21:10:32
603773,20260831,20260826,江西沃格光电集团股份有限公司关于计提资产减值准备及坏账核销的公告,,0,https://www.cninfo.com.cn/new/disclosure/detail?annoId=1225506011,2026-08-31 21:10:32
603773,20260831,20260826,江西沃格光电集团股份有限公司第五届董事会第九次会议决议公告,,0,https://www.cninfo.com.cn/new/disclosure/detail?annoId=1225505613,2026-08-31 21:10:32
603773,20260831,20260826,江西沃格光电集团股份有限公司2026年半年度报告摘要,,0,https://www.cninfo.com.cn/new/disclosure/detail?annoId=1225505396,2026-08-31 21:10:32
603773,20260831,20260826,江西沃格光电集团股份有限公司2026年半年度报告,,0,https://www.cninfo.com.cn/new/disclosure/detail?annoId=1225505147,2026-08-31 21:10:32
605068,20260807,20260626,明新旭腾新材料股份有限公司公开发行可转换公司债券受托管理事务报告（2025年度）,,0,https://www.cninfo.com.cn/new/disclosure/detail?annoId=1225389794,2026-08-25 21:42:01
605068,20260807,20260626,明新旭腾关于“明新转债”2026年跟踪评级结果的公告,,0,https://www.cninfo.com.cn/new/disclosure/detail?annoId=1225387917,2026-08-25 21:42:01
605068,20260807,20260626,明新旭腾新材料股份有限公司相关债券2026年跟踪评级报告,,0,https://www.cninfo.com.cn/new/disclosure/detail?annoId=1225387908,2026-08-25 21:42:01
605068,20260807,20260630,明新旭腾2025年年度权益分派实施公告,,0,https://www.cninfo.com.cn/new/disclosure/detail?annoId=1225395555,2026-08-25 21:42:01
605068,20260807,20260630,明新旭腾关于权益分派调整“明新转债”转股价格的公告,,0,https://www.cninfo.com.cn/new/disclosure/detail?annoId=1225395553,2026-08-25 21:42:01
605068,20260807,20260630,明新旭腾第四届董事会第十五次会议决议公告,,0,https://www.cninfo.com.cn/new/disclosure/detail?annoId=1225395543,2026-08-25 21:42:01
605068,20260807,20260630,明新旭腾关于不向下修正“明新转债”转股价格的公告,,0,https://www.cninfo.com.cn/new/disclosure/detail?annoId=1225395542,2026-08-25 21:42:01
605068,20260807,20260702,明新旭腾可转债转股结果暨股份变动公告,,0,https://www.cninfo.com.cn/new/disclosure/detail?annoId=1225402780,2026-08-25 21:42:01
605068,20260807,20260708,明新旭腾持股5%以上股东提前终止减持计划暨减持股份结果公告,,0,https://www.cninfo.com.cn/new/disclosure/detail?annoId=1225412854,2026-08-25 21:42:01
605068,20260807,20260715,明新旭腾2026年半年度业绩预告,,0,https://www.cninfo.com.cn/new/disclosure/detail?annoId=1225422904,2026-08-25 21:42:01
605068,20260807,20260722,明新旭腾关于使用部分闲置募集资金进行现金管理到期赎回的进展公告,,0,https://www.cninfo.com.cn/new/disclosure/detail?annoId=1225434680,2026-08-25 21:42:01
605068,20260807,20260723,明新旭腾关于为控股子公司提供担保的进展公告,,0,https://www.cninfo.com.cn/new/disclosure/detail?annoId=1225437633,2026-08-25 21:42:01
605068,20260807,20260728,明新旭腾关于公司控股子公司辽宁富新新材料有限公司停产的公告,,0,https://www.cninfo.com.cn/new/disclosure/detail?annoId=1225443573,2026-08-25 21:42:01
605068,20260807,20260729,明新旭腾新材料股份有限公司股票交易异常波动公告,,2,https://www.cninfo.com.cn/new/disclosure/detail?annoId=1225444412,2026-08-25 21:42:01
605068,20260807,20260730,明新旭腾新材料股份有限公司股票交易风险提示公告,,1,https://www.cninfo.com.cn/new/disclosure/detail?annoId=1225446759,2026-08-25 21:42:01
605068,20260807,20260731,明新旭腾新材料股份有限公司股票交易异常波动暨风险提示的公告,,2,https://www.cninfo.com.cn/new/disclosure/detail?annoId=1225449350,2026-08-25 21:42:01
605068,20260807,20260801,明新旭腾关于使用部分闲置募集资金进行现金管理的进展公告,,0,https://www.cninfo.com.cn/new/disclosure/detail?annoId=1225450109,2026-08-25 21:42:01
605068,20260807,20260806,中证鹏元关于关注明新旭腾新材料股份有限公司控股子公司停产事项的公告,,0,https://www.cninfo.com.cn/new/disclosure/detail?annoId=1225458905,2026-08-25 21:42:01
605068,20260807,20260818,明新旭腾2025年员工持股计划第二次持有人会议决议公告,,0,https://www.cninfo.com.cn/new/disclosure/detail?annoId=1225476450,2026-08-25 21:42:01
605068,20260807,20260821,明新旭腾关于“明新转债”预计满足转股价格修正条件的提示性公告,,0,https://www.cninfo.com.cn/new/disclosure/detail?annoId=1225484580,2026-08-25 21:42:01
605068,20260819,20260626,明新旭腾新材料股份有限公司公开发行可转换公司债券受托管理事务报告（2025年度）,,0,https://www.cninfo.com.cn/new/disclosure/detail?annoId=1225389794,2026-08-26 10:40:39
605068,20260819,20260626,明新旭腾关于“明新转债”2026年跟踪评级结果的公告,,0,https://www.cninfo.com.cn/new/disclosure/detail?annoId=1225387917,2026-08-26 10:40:39
605068,20260819,20260626,明新旭腾新材料股份有限公司相关债券2026年跟踪评级报告,,0,https://www.cninfo.com.cn/new/disclosure/detail?annoId=1225387908,2026-08-26 10:40:39
605068,20260819,20260630,明新旭腾2025年年度权益分派实施公告,,0,https://www.cninfo.com.cn/new/disclosure/detail?annoId=1225395555,2026-08-26 10:40:39
605068,20260819,20260630,明新旭腾关于权益分派调整“明新转债”转股价格的公告,,0,https://www.cninfo.com.cn/new/disclosure/detail?annoId=1225395553,2026-08-26 10:40:39
605068,20260819,20260630,明新旭腾第四届董事会第十五次会议决议公告,,0,https://www.cninfo.com.cn/new/disclosure/detail?annoId=1225395543,2026-08-26 10:40:39
605068,20260819,20260630,明新旭腾关于不向下修正“明新转债”转股价格的公告,,0,https://www.cninfo.com.cn/new/disclosure/detail?annoId=1225395542,2026-08-26 10:40:39
605068,20260819,20260702,明新旭腾可转债转股结果暨股份变动公告,,0,https://www.cninfo.com.cn/new/disclosure/detail?annoId=1225402780,2026-08-26 10:40:39
605068,20260819,20260708,明新旭腾持股5%以上股东提前终止减持计划暨减持股份结果公告,,0,https://www.cninfo.com.cn/new/disclosure/detail?annoId=1225412854,2026-08-26 10:40:39
605068,20260819,20260715,明新旭腾2026年半年度业绩预告,,0,https://www.cninfo.com.cn/new/disclosure/detail?annoId=1225422904,2026-08-26 10:40:39
605068,20260819,20260722,明新旭腾关于使用部分闲置募集资金进行现金管理到期赎回的进展公告,,0,https://www.cninfo.com.cn/new/disclosure/detail?annoId=1225434680,2026-08-26 10:40:39
605068,20260819,20260723,明新旭腾关于为控股子公司提供担保的进展公告,,0,https://www.cninfo.com.cn/new/disclosure/detail?annoId=1225437633,2026-08-26 10:40:39
605068,20260819,20260728,明新旭腾关于公司控股子公司辽宁富新新材料有限公司停产的公告,,0,https://www.cninfo.com.cn/new/disclosure/detail?annoId=1225443573,2026-08-26 10:40:39
605068,20260819,20260729,明新旭腾新材料股份有限公司股票交易异常波动公告,,2,https://www.cninfo.com.cn/new/disclosure/detail?annoId=1225444412,2026-08-26 10:40:39
605068,20260819,20260730,明新旭腾新材料股份有限公司股票交易风险提示公告,,1,https://www.cninfo.com.cn/new/disclosure/detail?annoId=1225446759,2026-08-26 10:40:39
605068,20260819,20260731,明新旭腾新材料股份有限公司股票交易异常波动暨风险提示的公告,,2,https://www.cninfo.com.cn/new/disclosure/detail?annoId=1225449350,2026-08-26 10:40:39
605068,20260819,20260801,明新旭腾关于使用部分闲置募集资金进行现金管理的进展公告,,0,https://www.cninfo.com.cn/new/disclosure/detail?annoId=1225450109,2026-08-26 10:40:39
605068,20260819,20260806,中证鹏元关于关注明新旭腾新材料股份有限公司控股子公司停产事项的公告,,0,https://www.cninfo.com.cn/new/disclosure/detail?annoId=1225458905,2026-08-26 10:40:39
605068,20260819,20260818,明新旭腾2025年员工持股计划第二次持有人会议决议公告,,0,https://www.cninfo.com.cn/new/disclosure/detail?annoId=1225476450,2026-08-26 10:40:39
605068,20260819,20260821,明新旭腾关于“明新转债”预计满足转股价格修正条件的提示性公告,,0,https://www.cninfo.com.cn/new/disclosure/detail?annoId=1225484580,2026-08-26 10:40:39
605068,20260821,20260626,明新旭腾新材料股份有限公司公开发行可转换公司债券受托管理事务报告（2025年度）,,0,https://www.cninfo.com.cn/new/disclosure/detail?annoId=1225389794,2026-08-25 10:07:24
605068,20260821,20260626,明新旭腾关于“明新转债”2026年跟踪评级结果的公告,,0,https://www.cninfo.com.cn/new/disclosure/detail?annoId=1225387917,2026-08-25 10:07:24
605068,20260821,20260626,明新旭腾新材料股份有限公司相关债券2026年跟踪评级报告,,0,https://www.cninfo.com.cn/new/disclosure/detail?annoId=1225387908,2026-08-25 10:07:24
605068,20260821,20260630,明新旭腾2025年年度权益分派实施公告,,0,https://www.cninfo.com.cn/new/disclosure/detail?annoId=1225395555,2026-08-25 10:07:24
605068,20260821,20260630,明新旭腾关于权益分派调整“明新转债”转股价格的公告,,0,https://www.cninfo.com.cn/new/disclosure/detail?annoId=1225395553,2026-08-25 10:07:24
605068,20260821,20260630,明新旭腾第四届董事会第十五次会议决议公告,,0,https://www.cninfo.com.cn/new/disclosure/detail?annoId=1225395543,2026-08-25 10:07:24
605068,20260821,20260630,明新旭腾关于不向下修正“明新转债”转股价格的公告,,0,https://www.cninfo.com.cn/new/disclosure/detail?annoId=1225395542,2026-08-25 10:07:24
605068,20260821,20260702,明新旭腾可转债转股结果暨股份变动公告,,0,https://www.cninfo.com.cn/new/disclosure/detail?annoId=1225402780,2026-08-25 10:07:24
605068,20260821,20260708,明新旭腾持股5%以上股东提前终止减持计划暨减持股份结果公告,,0,https://www.cninfo.com.cn/new/disclosure/detail?annoId=1225412854,2026-08-25 10:07:24
605068,20260821,20260715,明新旭腾2026年半年度业绩预告,,0,https://www.cninfo.com.cn/new/disclosure/detail?annoId=1225422904,2026-08-25 10:07:24
605068,20260821,20260722,明新旭腾关于使用部分闲置募集资金进行现金管理到期赎回的进展公告,,0,https://www.cninfo.com.cn/new/disclosure/detail?annoId=1225434680,2026-08-25 10:07:24
605068,20260821,20260723,明新旭腾关于为控股子公司提供担保的进展公告,,0,https://www.cninfo.com.cn/new/disclosure/detail?annoId=1225437633,2026-08-25 10:07:24
605068,20260821,20260728,明新旭腾关于公司控股子公司辽宁富新新材料有限公司停产的公告,,0,https://www.cninfo.com.cn/new/disclosure/detail?annoId=1225443573,2026-08-25 10:07:24
605068,20260821,20260729,明新旭腾新材料股份有限公司股票交易异常波动公告,,2,https://www.cninfo.com.cn/new/disclosure/detail?annoId=1225444412,2026-08-25 10:07:24
605068,20260821,20260730,明新旭腾新材料股份有限公司股票交易风险提示公告,,1,https://www.cninfo.com.cn/new/disclosure/detail?annoId=1225446759,2026-08-25 10:07:24
605068,20260821,20260731,明新旭腾新材料股份有限公司股票交易异常波动暨风险提示的公告,,2,https://www.cninfo.com.cn/new/disclosure/detail?annoId=1225449350,2026-08-25 10:07:24
605068,20260821,20260801,明新旭腾关于使用部分闲置募集资金进行现金管理的进展公告,,0,https://www.cninfo.com.cn/new/disclosure/detail?annoId=1225450109,2026-08-25 10:07:24
605068,20260821,20260806,中证鹏元关于关注明新旭腾新材料股份有限公司控股子公司停产事项的公告,,0,https://www.cninfo.com.cn/new/disclosure/detail?annoId=1225458905,2026-08-25 10:07:24
605068,20260821,20260818,明新旭腾2025年员工持股计划第二次持有人会议决议公告,,0,https://www.cninfo.com.cn/new/disclosure/detail?annoId=1225476450,2026-08-25 10:07:24
605068,20260821,20260821,明新旭腾关于“明新转债”预计满足转股价格修正条件的提示性公告,,0,https://www.cninfo.com.cn/new/disclosure/detail?annoId=1225484580,2026-08-25 10:07:24
605068,20260824,20260626,明新旭腾新材料股份有限公司公开发行可转换公司债券受托管理事务报告（2025年度）,,0,https://www.cninfo.com.cn/new/disclosure/detail?annoId=1225389794,2026-08-25 10:15:28
605068,20260824,20260626,明新旭腾关于“明新转债”2026年跟踪评级结果的公告,,0,https://www.cninfo.com.cn/new/disclosure/detail?annoId=1225387917,2026-08-25 10:15:28
605068,20260824,20260626,明新旭腾新材料股份有限公司相关债券2026年跟踪评级报告,,0,https://www.cninfo.com.cn/new/disclosure/detail?annoId=1225387908,2026-08-25 10:15:28
605068,20260824,20260630,明新旭腾2025年年度权益分派实施公告,,0,https://www.cninfo.com.cn/new/disclosure/detail?annoId=1225395555,2026-08-25 10:15:28
605068,20260824,20260630,明新旭腾关于权益分派调整“明新转债”转股价格的公告,,0,https://www.cninfo.com.cn/new/disclosure/detail?annoId=1225395553,2026-08-25 10:15:28
605068,20260824,20260630,明新旭腾第四届董事会第十五次会议决议公告,,0,https://www.cninfo.com.cn/new/disclosure/detail?annoId=1225395543,2026-08-25 10:15:28
605068,20260824,20260630,明新旭腾关于不向下修正“明新转债”转股价格的公告,,0,https://www.cninfo.com.cn/new/disclosure/detail?annoId=1225395542,2026-08-25 10:15:28
605068,20260824,20260702,明新旭腾可转债转股结果暨股份变动公告,,0,https://www.cninfo.com.cn/new/disclosure/detail?annoId=1225402780,2026-08-25 10:15:28
605068,20260824,20260708,明新旭腾持股5%以上股东提前终止减持计划暨减持股份结果公告,,0,https://www.cninfo.com.cn/new/disclosure/detail?annoId=1225412854,2026-08-25 10:15:28
605068,20260824,20260715,明新旭腾2026年半年度业绩预告,,0,https://www.cninfo.com.cn/new/disclosure/detail?annoId=1225422904,2026-08-25 10:15:28
605068,20260824,20260722,明新旭腾关于使用部分闲置募集资金进行现金管理到期赎回的进展公告,,0,https://www.cninfo.com.cn/new/disclosure/detail?annoId=1225434680,2026-08-25 10:15:28
605068,20260824,20260723,明新旭腾关于为控股子公司提供担保的进展公告,,0,https://www.cninfo.com.cn/new/disclosure/detail?annoId=1225437633,2026-08-25 10:15:28
605068,20260824,20260728,明新旭腾关于公司控股子公司辽宁富新新材料有限公司停产的公告,,0,https://www.cninfo.com.cn/new/disclosure/detail?annoId=1225443573,2026-08-25 10:15:28
605068,20260824,20260729,明新旭腾新材料股份有限公司股票交易异常波动公告,,2,https://www.cninfo.com.cn/new/disclosure/detail?annoId=1225444412,2026-08-25 10:15:28
605068,20260824,20260730,明新旭腾新材料股份有限公司股票交易风险提示公告,,1,https://www.cninfo.com.cn/new/disclosure/detail?annoId=1225446759,2026-08-25 10:15:28
605068,20260824,20260731,明新旭腾新材料股份有限公司股票交易异常波动暨风险提示的公告,,2,https://www.cninfo.com.cn/new/disclosure/detail?annoId=1225449350,2026-08-25 10:15:28
605068,20260824,20260801,明新旭腾关于使用部分闲置募集资金进行现金管理的进展公告,,0,https://www.cninfo.com.cn/new/disclosure/detail?annoId=1225450109,2026-08-25 10:15:28
605068,20260824,20260806,中证鹏元关于关注明新旭腾新材料股份有限公司控股子公司停产事项的公告,,0,https://www.cninfo.com.cn/new/disclosure/detail?annoId=1225458905,2026-08-25 10:15:28
605068,20260824,20260818,明新旭腾2025年员工持股计划第二次持有人会议决议公告,,0,https://www.cninfo.com.cn/new/disclosure/detail?annoId=1225476450,2026-08-25 10:15:28
605068,20260824,20260821,明新旭腾关于“明新转债”预计满足转股价格修正条件的提示性公告,,0,https://www.cninfo.com.cn/new/disclosure/detail?annoId=1225484580,2026-08-25 10:15:28
605068,20260825,20260626,明新旭腾新材料股份有限公司公开发行可转换公司债券受托管理事务报告（2025年度）,,0,https://www.cninfo.com.cn/new/disclosure/detail?annoId=1225389794,2026-08-25 19:57:47
605068,20260825,20260626,明新旭腾关于“明新转债”2026年跟踪评级结果的公告,,0,https://www.cninfo.com.cn/new/disclosure/detail?annoId=1225387917,2026-08-25 19:57:47
605068,20260825,20260626,明新旭腾新材料股份有限公司相关债券2026年跟踪评级报告,,0,https://www.cninfo.com.cn/new/disclosure/detail?annoId=1225387908,2026-08-25 19:57:47
605068,20260825,20260630,明新旭腾2025年年度权益分派实施公告,,0,https://www.cninfo.com.cn/new/disclosure/detail?annoId=1225395555,2026-08-25 19:57:47
605068,20260825,20260630,明新旭腾关于权益分派调整“明新转债”转股价格的公告,,0,https://www.cninfo.com.cn/new/disclosure/detail?annoId=1225395553,2026-08-25 19:57:47
605068,20260825,20260630,明新旭腾第四届董事会第十五次会议决议公告,,0,https://www.cninfo.com.cn/new/disclosure/detail?annoId=1225395543,2026-08-25 19:57:47
605068,20260825,20260630,明新旭腾关于不向下修正“明新转债”转股价格的公告,,0,https://www.cninfo.com.cn/new/disclosure/detail?annoId=1225395542,2026-08-25 19:57:47
605068,20260825,20260702,明新旭腾可转债转股结果暨股份变动公告,,0,https://www.cninfo.com.cn/new/disclosure/detail?annoId=1225402780,2026-08-25 19:57:47
605068,20260825,20260708,明新旭腾持股5%以上股东提前终止减持计划暨减持股份结果公告,,0,https://www.cninfo.com.cn/new/disclosure/detail?annoId=1225412854,2026-08-25 19:57:47
605068,20260825,20260715,明新旭腾2026年半年度业绩预告,,0,https://www.cninfo.com.cn/new/disclosure/detail?annoId=1225422904,2026-08-25 19:57:47
605068,20260825,20260722,明新旭腾关于使用部分闲置募集资金进行现金管理到期赎回的进展公告,,0,https://www.cninfo.com.cn/new/disclosure/detail?annoId=1225434680,2026-08-25 19:57:47
605068,20260825,20260723,明新旭腾关于为控股子公司提供担保的进展公告,,0,https://www.cninfo.com.cn/new/disclosure/detail?annoId=1225437633,2026-08-25 19:57:47
605068,20260825,20260728,明新旭腾关于公司控股子公司辽宁富新新材料有限公司停产的公告,,0,https://www.cninfo.com.cn/new/disclosure/detail?annoId=1225443573,2026-08-25 19:57:47
605068,20260825,20260729,明新旭腾新材料股份有限公司股票交易异常波动公告,,2,https://www.cninfo.com.cn/new/disclosure/detail?annoId=1225444412,2026-08-25 19:57:47
605068,20260825,20260730,明新旭腾新材料股份有限公司股票交易风险提示公告,,1,https://www.cninfo.com.cn/new/disclosure/detail?annoId=1225446759,2026-08-25 19:57:47
605068,20260825,20260731,明新旭腾新材料股份有限公司股票交易异常波动暨风险提示的公告,,2,https://www.cninfo.com.cn/new/disclosure/detail?annoId=1225449350,2026-08-25 19:57:47
605068,20260825,20260801,明新旭腾关于使用部分闲置募集资金进行现金管理的进展公告,,0,https://www.cninfo.com.cn/new/disclosure/detail?annoId=1225450109,2026-08-25 19:57:47
605068,20260825,20260806,中证鹏元关于关注明新旭腾新材料股份有限公司控股子公司停产事项的公告,,0,https://www.cninfo.com.cn/new/disclosure/detail?annoId=1225458905,2026-08-25 19:57:47
605068,20260825,20260818,明新旭腾2025年员工持股计划第二次持有人会议决议公告,,0,https://www.cninfo.com.cn/new/disclosure/detail?annoId=1225476450,2026-08-25 19:57:47
605068,20260825,20260821,明新旭腾关于“明新转债”预计满足转股价格修正条件的提示性公告,,0,https://www.cninfo.com.cn/new/disclosure/detail?annoId=1225484580,2026-08-25 19:57:47
605068,20260826,20260702,明新旭腾可转债转股结果暨股份变动公告,,0,https://www.cninfo.com.cn/new/disclosure/detail?annoId=1225402780,2026-08-27 00:11:38
605068,20260826,20260708,明新旭腾持股5%以上股东提前终止减持计划暨减持股份结果公告,,0,https://www.cninfo.com.cn/new/disclosure/detail?annoId=1225412854,2026-08-27 00:11:38
605068,20260826,20260715,明新旭腾2026年半年度业绩预告,,0,https://www.cninfo.com.cn/new/disclosure/detail?annoId=1225422904,2026-08-27 00:11:38
605068,20260826,20260722,明新旭腾关于使用部分闲置募集资金进行现金管理到期赎回的进展公告,,0,https://www.cninfo.com.cn/new/disclosure/detail?annoId=1225434680,2026-08-27 00:11:38
605068,20260826,20260723,明新旭腾关于为控股子公司提供担保的进展公告,,0,https://www.cninfo.com.cn/new/disclosure/detail?annoId=1225437633,2026-08-27 00:11:38
605068,20260826,20260728,明新旭腾关于公司控股子公司辽宁富新新材料有限公司停产的公告,,0,https://www.cninfo.com.cn/new/disclosure/detail?annoId=1225443573,2026-08-27 00:11:38
605068,20260826,20260729,明新旭腾新材料股份有限公司股票交易异常波动公告,,2,https://www.cninfo.com.cn/new/disclosure/detail?annoId=1225444412,2026-08-27 00:11:38
605068,20260826,20260730,明新旭腾新材料股份有限公司股票交易风险提示公告,,1,https://www.cninfo.com.cn/new/disclosure/detail?annoId=1225446759,2026-08-27 00:11:38
605068,20260826,20260731,明新旭腾新材料股份有限公司股票交易异常波动暨风险提示的公告,,2,https://www.cninfo.com.cn/new/disclosure/detail?annoId=1225449350,2026-08-27 00:11:38
605068,20260826,20260801,明新旭腾关于使用部分闲置募集资金进行现金管理的进展公告,,0,https://www.cninfo.com.cn/new/disclosure/detail?annoId=1225450109,2026-08-27 00:11:38
605068,20260826,20260806,中证鹏元关于关注明新旭腾新材料股份有限公司控股子公司停产事项的公告,,0,https://www.cninfo.com.cn/new/disclosure/detail?annoId=1225458905,2026-08-27 00:11:38
605068,20260826,20260818,明新旭腾2025年员工持股计划第二次持有人会议决议公告,,0,https://www.cninfo.com.cn/new/disclosure/detail?annoId=1225476450,2026-08-27 00:11:38
605068,20260826,20260821,明新旭腾关于“明新转债”预计满足转股价格修正条件的提示性公告,,0,https://www.cninfo.com.cn/new/disclosure/detail?annoId=1225484580,2026-08-27 00:11:38
605068,20260826,20260827,明新旭腾关于变更证券事务代表的公告,,0,https://www.cninfo.com.cn/new/disclosure/detail?annoId=1225511050,2026-08-27 00:11:38
605068,20260826,20260827,明新旭腾2026年半年度报告摘要,,0,https://www.cninfo.com.cn/new/disclosure/detail?annoId=1225511036,2026-08-27 00:11:38
605068,20260826,20260827,明新旭腾关于2026年半年度计提资产减值准备的公告,,0,https://www.cninfo.com.cn/new/disclosure/detail?annoId=1225511017,2026-08-27 00:11:38
605068,20260826,20260827,明新旭腾第四届董事会第十六次会议决议公告,,0,https://www.cninfo.com.cn/new/disclosure/detail?annoId=1225511013,2026-08-27 00:11:38
605068,20260826,20260827,明新旭腾关于公司2026年半年度募集资金存放、管理与实际使用情况的专项报告,,0,https://www.cninfo.com.cn/new/disclosure/detail?annoId=1225511003,2026-08-27 00:11:38
605068,20260826,20260827,明新旭腾关于召开2026年半年度业绩说明会的公告,,0,https://www.cninfo.com.cn/new/disclosure/detail?annoId=1225510966,2026-08-27 00:11:38
605068,20260826,20260827,明新旭腾2026年半年度报告,,0,https://www.cninfo.com.cn/new/disclosure/detail?annoId=1225510964,2026-08-27 00:11:38
605068,20260827,20260723,明新旭腾关于为控股子公司提供担保的进展公告,,0,https://www.cninfo.com.cn/new/disclosure/detail?annoId=1225437633,2026-08-27 21:27:38
605068,20260827,20260728,明新旭腾关于公司控股子公司辽宁富新新材料有限公司停产的公告,,0,https://www.cninfo.com.cn/new/disclosure/detail?annoId=1225443573,2026-08-27 21:27:38
605068,20260827,20260729,明新旭腾新材料股份有限公司股票交易异常波动公告,,2,https://www.cninfo.com.cn/new/disclosure/detail?annoId=1225444412,2026-08-27 21:27:38
605068,20260827,20260730,明新旭腾新材料股份有限公司股票交易风险提示公告,,1,https://www.cninfo.com.cn/new/disclosure/detail?annoId=1225446759,2026-08-27 21:27:38
605068,20260827,20260731,明新旭腾新材料股份有限公司股票交易异常波动暨风险提示的公告,,2,https://www.cninfo.com.cn/new/disclosure/detail?annoId=1225449350,2026-08-27 21:27:38
605068,20260827,20260801,明新旭腾关于使用部分闲置募集资金进行现金管理的进展公告,,0,https://www.cninfo.com.cn/new/disclosure/detail?annoId=1225450109,2026-08-27 21:27:38
605068,20260827,20260806,中证鹏元关于关注明新旭腾新材料股份有限公司控股子公司停产事项的公告,,0,https://www.cninfo.com.cn/new/disclosure/detail?annoId=1225458905,2026-08-27 21:27:38
605068,20260827,20260818,明新旭腾2025年员工持股计划第二次持有人会议决议公告,,0,https://www.cninfo.com.cn/new/disclosure/detail?annoId=1225476450,2026-08-27 21:27:38
605068,20260827,20260821,明新旭腾关于“明新转债”预计满足转股价格修正条件的提示性公告,,0,https://www.cninfo.com.cn/new/disclosure/detail?annoId=1225484580,2026-08-27 21:27:38
605068,20260827,20260827,明新旭腾关于变更证券事务代表的公告,,0,https://www.cninfo.com.cn/new/disclosure/detail?annoId=1225511050,2026-08-27 21:27:38
605068,20260827,20260827,明新旭腾2026年半年度报告摘要,,0,https://www.cninfo.com.cn/new/disclosure/detail?annoId=1225511036,2026-08-27 21:27:38
605068,20260827,20260827,明新旭腾关于2026年半年度计提资产减值准备的公告,,0,https://www.cninfo.com.cn/new/disclosure/detail?annoId=1225511017,2026-08-27 21:27:38
605068,20260827,20260827,明新旭腾第四届董事会第十六次会议决议公告,,0,https://www.cninfo.com.cn/new/disclosure/detail?annoId=1225511013,2026-08-27 21:27:38
605068,20260827,20260827,明新旭腾关于公司2026年半年度募集资金存放、管理与实际使用情况的专项报告,,0,https://www.cninfo.com.cn/new/disclosure/detail?annoId=1225511003,2026-08-27 21:27:38
605068,20260827,20260827,明新旭腾关于召开2026年半年度业绩说明会的公告,,0,https://www.cninfo.com.cn/new/disclosure/detail?annoId=1225510966,2026-08-27 21:27:38
605068,20260827,20260827,明新旭腾2026年半年度报告,,0,https://www.cninfo.com.cn/new/disclosure/detail?annoId=1225510964,2026-08-27 21:27:38
605068,20260827,20260828,明新旭腾关于召开2026年第一次临时股东会的通知,,0,https://www.cninfo.com.cn/new/disclosure/detail?annoId=1225519359,2026-08-27 21:27:38
605068,20260827,20260828,明新旭腾关于2025年员工持股计划持有人份额调整的公告,,0,https://www.cninfo.com.cn/new/disclosure/detail?annoId=1225519331,2026-08-27 21:27:38
605068,20260827,20260828,明新旭腾第四届董事会第十七次会议决议公告,,0,https://www.cninfo.com.cn/new/disclosure/detail?annoId=1225519271,2026-08-27 21:27:38
605068,20260827,20260828,明新旭腾关于董事会提议向下修正“明新转债”转股价格的公告,,0,https://www.cninfo.com.cn/new/disclosure/detail?annoId=1225519128,2026-08-27 21:27:38
605068,20260831,20260728,明新旭腾关于公司控股子公司辽宁富新新材料有限公司停产的公告,,0,https://www.cninfo.com.cn/new/disclosure/detail?annoId=1225443573,2026-08-31 21:10:32
605068,20260831,20260729,明新旭腾新材料股份有限公司股票交易异常波动公告,,2,https://www.cninfo.com.cn/new/disclosure/detail?annoId=1225444412,2026-08-31 21:10:32
605068,20260831,20260730,明新旭腾新材料股份有限公司股票交易风险提示公告,,1,https://www.cninfo.com.cn/new/disclosure/detail?annoId=1225446759,2026-08-31 21:10:32
605068,20260831,20260731,明新旭腾新材料股份有限公司股票交易异常波动暨风险提示的公告,,2,https://www.cninfo.com.cn/new/disclosure/detail?annoId=1225449350,2026-08-31 21:10:32
605068,20260831,20260801,明新旭腾关于使用部分闲置募集资金进行现金管理的进展公告,,0,https://www.cninfo.com.cn/new/disclosure/detail?annoId=1225450109,2026-08-31 21:10:32
605068,20260831,20260806,中证鹏元关于关注明新旭腾新材料股份有限公司控股子公司停产事项的公告,,0,https://www.cninfo.com.cn/new/disclosure/detail?annoId=1225458905,2026-08-31 21:10:32
605068,20260831,20260818,明新旭腾2025年员工持股计划第二次持有人会议决议公告,,0,https://www.cninfo.com.cn/new/disclosure/detail?annoId=1225476450,2026-08-31 21:10:32
605068,20260831,20260821,明新旭腾关于“明新转债”预计满足转股价格修正条件的提示性公告,,0,https://www.cninfo.com.cn/new/disclosure/detail?annoId=1225484580,2026-08-31 21:10:32
605068,20260831,20260827,明新旭腾关于变更证券事务代表的公告,,0,https://www.cninfo.com.cn/new/disclosure/detail?annoId=1225511050,2026-08-31 21:10:32
605068,20260831,20260827,明新旭腾2026年半年度报告摘要,,0,https://www.cninfo.com.cn/new/disclosure/detail?annoId=1225511036,2026-08-31 21:10:32
605068,20260831,20260827,明新旭腾关于2026年半年度计提资产减值准备的公告,,0,https://www.cninfo.com.cn/new/disclosure/detail?annoId=1225511017,2026-08-31 21:10:32
605068,20260831,20260827,明新旭腾第四届董事会第十六次会议决议公告,,0,https://www.cninfo.com.cn/new/disclosure/detail?annoId=1225511013,2026-08-31 21:10:32
605068,20260831,20260827,明新旭腾关于公司2026年半年度募集资金存放、管理与实际使用情况的专项报告,,0,https://www.cninfo.com.cn/new/disclosure/detail?annoId=1225511003,2026-08-31 21:10:32
605068,20260831,20260827,明新旭腾关于召开2026年半年度业绩说明会的公告,,0,https://www.cninfo.com.cn/new/disclosure/detail?annoId=1225510966,2026-08-31 21:10:32
605068,20260831,20260827,明新旭腾2026年半年度报告,,0,https://www.cninfo.com.cn/new/disclosure/detail?annoId=1225510964,2026-08-31 21:10:32
605068,20260831,20260828,明新旭腾关于召开2026年第一次临时股东会的通知,,0,https://www.cninfo.com.cn/new/disclosure/detail?annoId=1225519359,2026-08-31 21:10:32
605068,20260831,20260828,明新旭腾关于2025年员工持股计划持有人份额调整的公告,,0,https://www.cninfo.com.cn/new/disclosure/detail?annoId=1225519331,2026-08-31 21:10:32
605068,20260831,20260828,明新旭腾第四届董事会第十七次会议决议公告,,0,https://www.cninfo.com.cn/new/disclosure/detail?annoId=1225519271,2026-08-31 21:10:32
605068,20260831,20260828,明新旭腾关于董事会提议向下修正“明新转债”转股价格的公告,,0,https://www.cninfo.com.cn/new/disclosure/detail?annoId=1225519128,2026-08-31 21:10:32
605068,20260831,20260829,明新旭腾关于使用部分闲置募集资金进行现金管理到期赎回的进展公告,,0,https://www.cninfo.com.cn/new/disclosure/detail?annoId=1225525543,2026-08-31 21:10:32
605179,20260807,20260711,关于董事会完成换届选举及聘任高级管理人员、证券事务代表的公告,,0,https://www.cninfo.com.cn/new/disclosure/detail?annoId=1225418975,2026-08-25 21:42:01
605179,20260807,20260711,第八届董事会第一次会议决议公告,,0,https://www.cninfo.com.cn/new/disclosure/detail?annoId=1225418972,2026-08-25 21:42:01
605179,20260807,20260711,2026年第一次临时股东会决议公告,,0,https://www.cninfo.com.cn/new/disclosure/detail?annoId=1225418960,2026-08-25 21:42:01
605179,20260807,20260721,关于股票交易异常波动的公告,,2,https://www.cninfo.com.cn/new/disclosure/detail?annoId=1225433149,2026-08-25 21:42:01
605179,20260807,20260730,关于股票交易异常波动的公告,,2,https://www.cninfo.com.cn/new/disclosure/detail?annoId=1225446520,2026-08-25 21:42:01
605179,20260807,20260731,关于股票交易风险提示性公告,,1,https://www.cninfo.com.cn/new/disclosure/detail?annoId=1225449494,2026-08-25 21:42:01
605179,20260807,20260801,股票交易异常波动公告,,2,https://www.cninfo.com.cn/new/disclosure/detail?annoId=1225450999,2026-08-25 21:42:01
605179,20260807,20260804,关于股票交易风险提示性公告,,1,https://www.cninfo.com.cn/new/disclosure/detail?annoId=1225455339,2026-08-25 21:42:01
605179,20260807,20260812,股票交易异常波动公告,,2,https://www.cninfo.com.cn/new/disclosure/detail?annoId=1225468699,2026-08-25 21:42:01
605179,20260807,20260813,关于股票交易风险提示性公告,,1,https://www.cninfo.com.cn/new/disclosure/detail?annoId=1225470332,2026-08-25 21:42:01
605179,20260807,20260814,股票交易异常波动公告,,2,https://www.cninfo.com.cn/new/disclosure/detail?annoId=1225472579,2026-08-25 21:42:01
605179,20260807,20260819,股票交易严重异常波动暨风险提示公告,,3,https://www.cninfo.com.cn/new/disclosure/detail?annoId=1225480589,2026-08-25 21:42:01
605179,20260807,20260825,关于公司未来三年股东回报规划（2026-2028年）,,0,https://www.cninfo.com.cn/new/disclosure/detail?annoId=1225497601,2026-08-25 21:42:01
605179,20260807,20260825,关于2026年半年度利润分配的公告,,0,https://www.cninfo.com.cn/new/disclosure/detail?annoId=1225497212,2026-08-25 21:42:01
605179,20260807,20260825,一鸣食品2026年半年度报告,,0,https://www.cninfo.com.cn/new/disclosure/detail?annoId=1225497196,2026-08-25 21:42:01
605179,20260807,20260825,第八届董事会第二次会议决议公告,,0,https://www.cninfo.com.cn/new/disclosure/detail?annoId=1225497125,2026-08-25 21:42:01
605179,20260807,20260825,关于召开2026年第二次临时股东会的通知,,0,https://www.cninfo.com.cn/new/disclosure/detail?annoId=1225497103,2026-08-25 21:42:01
605179,20260807,20260825,公司2026年度“提质增效重回报”行动方案的半年度评估报告,,0,https://www.cninfo.com.cn/new/disclosure/detail?annoId=1225497017,2026-08-25 21:42:01
605179,20260807,20260825,关于2026年半年度主要经营数据的公告,,0,https://www.cninfo.com.cn/new/disclosure/detail?annoId=1225496958,2026-08-25 21:42:01
605179,20260807,20260825,2025年半年度报告摘要,,0,https://www.cninfo.com.cn/new/disclosure/detail?annoId=1225496866,2026-08-25 21:42:01
605179,20260819,20260711,关于董事会完成换届选举及聘任高级管理人员、证券事务代表的公告,,0,https://www.cninfo.com.cn/new/disclosure/detail?annoId=1225418975,2026-08-26 10:40:40
605179,20260819,20260711,第八届董事会第一次会议决议公告,,0,https://www.cninfo.com.cn/new/disclosure/detail?annoId=1225418972,2026-08-26 10:40:40
605179,20260819,20260711,2026年第一次临时股东会决议公告,,0,https://www.cninfo.com.cn/new/disclosure/detail?annoId=1225418960,2026-08-26 10:40:40
605179,20260819,20260721,关于股票交易异常波动的公告,,2,https://www.cninfo.com.cn/new/disclosure/detail?annoId=1225433149,2026-08-26 10:40:40
605179,20260819,20260730,关于股票交易异常波动的公告,,2,https://www.cninfo.com.cn/new/disclosure/detail?annoId=1225446520,2026-08-26 10:40:40
605179,20260819,20260731,关于股票交易风险提示性公告,,1,https://www.cninfo.com.cn/new/disclosure/detail?annoId=1225449494,2026-08-26 10:40:40
605179,20260819,20260801,股票交易异常波动公告,,2,https://www.cninfo.com.cn/new/disclosure/detail?annoId=1225450999,2026-08-26 10:40:40
605179,20260819,20260804,关于股票交易风险提示性公告,,1,https://www.cninfo.com.cn/new/disclosure/detail?annoId=1225455339,2026-08-26 10:40:40
605179,20260819,20260812,股票交易异常波动公告,,2,https://www.cninfo.com.cn/new/disclosure/detail?annoId=1225468699,2026-08-26 10:40:40
605179,20260819,20260813,关于股票交易风险提示性公告,,1,https://www.cninfo.com.cn/new/disclosure/detail?annoId=1225470332,2026-08-26 10:40:40
605179,20260819,20260814,股票交易异常波动公告,,2,https://www.cninfo.com.cn/new/disclosure/detail?annoId=1225472579,2026-08-26 10:40:40
605179,20260819,20260819,股票交易严重异常波动暨风险提示公告,,3,https://www.cninfo.com.cn/new/disclosure/detail?annoId=1225480589,2026-08-26 10:40:40
605179,20260819,20260825,关于公司未来三年股东回报规划（2026-2028年）,,0,https://www.cninfo.com.cn/new/disclosure/detail?annoId=1225497601,2026-08-26 10:40:40
605179,20260819,20260825,关于2026年半年度利润分配的公告,,0,https://www.cninfo.com.cn/new/disclosure/detail?annoId=1225497212,2026-08-26 10:40:40
605179,20260819,20260825,一鸣食品2026年半年度报告,,0,https://www.cninfo.com.cn/new/disclosure/detail?annoId=1225497196,2026-08-26 10:40:40
605179,20260819,20260825,第八届董事会第二次会议决议公告,,0,https://www.cninfo.com.cn/new/disclosure/detail?annoId=1225497125,2026-08-26 10:40:40
605179,20260819,20260825,关于召开2026年第二次临时股东会的通知,,0,https://www.cninfo.com.cn/new/disclosure/detail?annoId=1225497103,2026-08-26 10:40:40
605179,20260819,20260825,公司2026年度“提质增效重回报”行动方案的半年度评估报告,,0,https://www.cninfo.com.cn/new/disclosure/detail?annoId=1225497017,2026-08-26 10:40:40
605179,20260819,20260825,关于2026年半年度主要经营数据的公告,,0,https://www.cninfo.com.cn/new/disclosure/detail?annoId=1225496958,2026-08-26 10:40:40
605179,20260819,20260825,2025年半年度报告摘要,,0,https://www.cninfo.com.cn/new/disclosure/detail?annoId=1225496866,2026-08-26 10:40:40
605179,20260824,20260711,关于董事会完成换届选举及聘任高级管理人员、证券事务代表的公告,,0,https://www.cninfo.com.cn/new/disclosure/detail?annoId=1225418975,2026-08-25 10:15:28
605179,20260824,20260711,第八届董事会第一次会议决议公告,,0,https://www.cninfo.com.cn/new/disclosure/detail?annoId=1225418972,2026-08-25 10:15:28
605179,20260824,20260711,2026年第一次临时股东会决议公告,,0,https://www.cninfo.com.cn/new/disclosure/detail?annoId=1225418960,2026-08-25 10:15:28
605179,20260824,20260721,关于股票交易异常波动的公告,,2,https://www.cninfo.com.cn/new/disclosure/detail?annoId=1225433149,2026-08-25 10:15:28
605179,20260824,20260730,关于股票交易异常波动的公告,,2,https://www.cninfo.com.cn/new/disclosure/detail?annoId=1225446520,2026-08-25 10:15:28
605179,20260824,20260731,关于股票交易风险提示性公告,,1,https://www.cninfo.com.cn/new/disclosure/detail?annoId=1225449494,2026-08-25 10:15:28
605179,20260824,20260801,股票交易异常波动公告,,2,https://www.cninfo.com.cn/new/disclosure/detail?annoId=1225450999,2026-08-25 10:15:28
605179,20260824,20260804,关于股票交易风险提示性公告,,1,https://www.cninfo.com.cn/new/disclosure/detail?annoId=1225455339,2026-08-25 10:15:28
605179,20260824,20260812,股票交易异常波动公告,,2,https://www.cninfo.com.cn/new/disclosure/detail?annoId=1225468699,2026-08-25 10:15:28
605179,20260824,20260813,关于股票交易风险提示性公告,,1,https://www.cninfo.com.cn/new/disclosure/detail?annoId=1225470332,2026-08-25 10:15:28
605179,20260824,20260814,股票交易异常波动公告,,2,https://www.cninfo.com.cn/new/disclosure/detail?annoId=1225472579,2026-08-25 10:15:28
605179,20260824,20260819,股票交易严重异常波动暨风险提示公告,,3,https://www.cninfo.com.cn/new/disclosure/detail?annoId=1225480589,2026-08-25 10:15:28
605179,20260824,20260825,关于公司未来三年股东回报规划（2026-2028年）,,0,https://www.cninfo.com.cn/new/disclosure/detail?annoId=1225497601,2026-08-25 10:15:28
605179,20260824,20260825,关于2026年半年度利润分配的公告,,0,https://www.cninfo.com.cn/new/disclosure/detail?annoId=1225497212,2026-08-25 10:15:28
605179,20260824,20260825,一鸣食品2026年半年度报告,,0,https://www.cninfo.com.cn/new/disclosure/detail?annoId=1225497196,2026-08-25 10:15:28
605179,20260824,20260825,第八届董事会第二次会议决议公告,,0,https://www.cninfo.com.cn/new/disclosure/detail?annoId=1225497125,2026-08-25 10:15:28
605179,20260824,20260825,关于召开2026年第二次临时股东会的通知,,0,https://www.cninfo.com.cn/new/disclosure/detail?annoId=1225497103,2026-08-25 10:15:28
605179,20260824,20260825,公司2026年度“提质增效重回报”行动方案的半年度评估报告,,0,https://www.cninfo.com.cn/new/disclosure/detail?annoId=1225497017,2026-08-25 10:15:28
605179,20260824,20260825,关于2026年半年度主要经营数据的公告,,0,https://www.cninfo.com.cn/new/disclosure/detail?annoId=1225496958,2026-08-25 10:15:28
605179,20260824,20260825,2025年半年度报告摘要,,0,https://www.cninfo.com.cn/new/disclosure/detail?annoId=1225496866,2026-08-25 10:15:28
605179,20260825,20260711,关于董事会完成换届选举及聘任高级管理人员、证券事务代表的公告,,0,https://www.cninfo.com.cn/new/disclosure/detail?annoId=1225418975,2026-08-25 19:57:47
605179,20260825,20260711,第八届董事会第一次会议决议公告,,0,https://www.cninfo.com.cn/new/disclosure/detail?annoId=1225418972,2026-08-25 19:57:47
605179,20260825,20260711,2026年第一次临时股东会决议公告,,0,https://www.cninfo.com.cn/new/disclosure/detail?annoId=1225418960,2026-08-25 19:57:47
605179,20260825,20260721,关于股票交易异常波动的公告,,2,https://www.cninfo.com.cn/new/disclosure/detail?annoId=1225433149,2026-08-25 19:57:47
605179,20260825,20260730,关于股票交易异常波动的公告,,2,https://www.cninfo.com.cn/new/disclosure/detail?annoId=1225446520,2026-08-25 19:57:47
605179,20260825,20260731,关于股票交易风险提示性公告,,1,https://www.cninfo.com.cn/new/disclosure/detail?annoId=1225449494,2026-08-25 19:57:47
605179,20260825,20260801,股票交易异常波动公告,,2,https://www.cninfo.com.cn/new/disclosure/detail?annoId=1225450999,2026-08-25 19:57:47
605179,20260825,20260804,关于股票交易风险提示性公告,,1,https://www.cninfo.com.cn/new/disclosure/detail?annoId=1225455339,2026-08-25 19:57:47
605179,20260825,20260812,股票交易异常波动公告,,2,https://www.cninfo.com.cn/new/disclosure/detail?annoId=1225468699,2026-08-25 19:57:47
605179,20260825,20260813,关于股票交易风险提示性公告,,1,https://www.cninfo.com.cn/new/disclosure/detail?annoId=1225470332,2026-08-25 19:57:47
605179,20260825,20260814,股票交易异常波动公告,,2,https://www.cninfo.com.cn/new/disclosure/detail?annoId=1225472579,2026-08-25 19:57:47
605179,20260825,20260819,股票交易严重异常波动暨风险提示公告,,3,https://www.cninfo.com.cn/new/disclosure/detail?annoId=1225480589,2026-08-25 19:57:47
605179,20260825,20260825,关于公司未来三年股东回报规划（2026-2028年）,,0,https://www.cninfo.com.cn/new/disclosure/detail?annoId=1225497601,2026-08-25 19:57:47
605179,20260825,20260825,关于2026年半年度利润分配的公告,,0,https://www.cninfo.com.cn/new/disclosure/detail?annoId=1225497212,2026-08-25 19:57:47
605179,20260825,20260825,一鸣食品2026年半年度报告,,0,https://www.cninfo.com.cn/new/disclosure/detail?annoId=1225497196,2026-08-25 19:57:47
605179,20260825,20260825,第八届董事会第二次会议决议公告,,0,https://www.cninfo.com.cn/new/disclosure/detail?annoId=1225497125,2026-08-25 19:57:47
605179,20260825,20260825,关于召开2026年第二次临时股东会的通知,,0,https://www.cninfo.com.cn/new/disclosure/detail?annoId=1225497103,2026-08-25 19:57:47
605179,20260825,20260825,公司2026年度“提质增效重回报”行动方案的半年度评估报告,,0,https://www.cninfo.com.cn/new/disclosure/detail?annoId=1225497017,2026-08-25 19:57:47
605179,20260825,20260825,关于2026年半年度主要经营数据的公告,,0,https://www.cninfo.com.cn/new/disclosure/detail?annoId=1225496958,2026-08-25 19:57:47
605179,20260825,20260825,2025年半年度报告摘要,,0,https://www.cninfo.com.cn/new/disclosure/detail?annoId=1225496866,2026-08-25 19:57:47
605179,20260826,20260711,关于董事会完成换届选举及聘任高级管理人员、证券事务代表的公告,,0,https://www.cninfo.com.cn/new/disclosure/detail?annoId=1225418975,2026-08-27 00:11:38
605179,20260826,20260711,第八届董事会第一次会议决议公告,,0,https://www.cninfo.com.cn/new/disclosure/detail?annoId=1225418972,2026-08-27 00:11:38
605179,20260826,20260711,2026年第一次临时股东会决议公告,,0,https://www.cninfo.com.cn/new/disclosure/detail?annoId=1225418960,2026-08-27 00:11:38
605179,20260826,20260721,关于股票交易异常波动的公告,,2,https://www.cninfo.com.cn/new/disclosure/detail?annoId=1225433149,2026-08-27 00:11:38
605179,20260826,20260730,关于股票交易异常波动的公告,,2,https://www.cninfo.com.cn/new/disclosure/detail?annoId=1225446520,2026-08-27 00:11:38
605179,20260826,20260731,关于股票交易风险提示性公告,,1,https://www.cninfo.com.cn/new/disclosure/detail?annoId=1225449494,2026-08-27 00:11:38
605179,20260826,20260801,股票交易异常波动公告,,2,https://www.cninfo.com.cn/new/disclosure/detail?annoId=1225450999,2026-08-27 00:11:38
605179,20260826,20260804,关于股票交易风险提示性公告,,1,https://www.cninfo.com.cn/new/disclosure/detail?annoId=1225455339,2026-08-27 00:11:38
605179,20260826,20260812,股票交易异常波动公告,,2,https://www.cninfo.com.cn/new/disclosure/detail?annoId=1225468699,2026-08-27 00:11:38
605179,20260826,20260813,关于股票交易风险提示性公告,,1,https://www.cninfo.com.cn/new/disclosure/detail?annoId=1225470332,2026-08-27 00:11:38
605179,20260826,20260814,股票交易异常波动公告,,2,https://www.cninfo.com.cn/new/disclosure/detail?annoId=1225472579,2026-08-27 00:11:38
605179,20260826,20260819,股票交易严重异常波动暨风险提示公告,,3,https://www.cninfo.com.cn/new/disclosure/detail?annoId=1225480589,2026-08-27 00:11:38
605179,20260826,20260825,关于公司未来三年股东回报规划（2026-2028年）,,0,https://www.cninfo.com.cn/new/disclosure/detail?annoId=1225497601,2026-08-27 00:11:38
605179,20260826,20260825,关于2026年半年度利润分配的公告,,0,https://www.cninfo.com.cn/new/disclosure/detail?annoId=1225497212,2026-08-27 00:11:38
605179,20260826,20260825,一鸣食品2026年半年度报告,,0,https://www.cninfo.com.cn/new/disclosure/detail?annoId=1225497196,2026-08-27 00:11:38
605179,20260826,20260825,第八届董事会第二次会议决议公告,,0,https://www.cninfo.com.cn/new/disclosure/detail?annoId=1225497125,2026-08-27 00:11:38
605179,20260826,20260825,关于召开2026年第二次临时股东会的通知,,0,https://www.cninfo.com.cn/new/disclosure/detail?annoId=1225497103,2026-08-27 00:11:38
605179,20260826,20260825,公司2026年度“提质增效重回报”行动方案的半年度评估报告,,0,https://www.cninfo.com.cn/new/disclosure/detail?annoId=1225497017,2026-08-27 00:11:38
605179,20260826,20260825,关于2026年半年度主要经营数据的公告,,0,https://www.cninfo.com.cn/new/disclosure/detail?annoId=1225496958,2026-08-27 00:11:38
605179,20260826,20260825,2025年半年度报告摘要,,0,https://www.cninfo.com.cn/new/disclosure/detail?annoId=1225496866,2026-08-27 00:11:38
605179,20260827,20260711,关于董事会完成换届选举及聘任高级管理人员、证券事务代表的公告,,0,https://www.cninfo.com.cn/new/disclosure/detail?annoId=1225418975,2026-08-27 21:27:39
605179,20260827,20260711,第八届董事会第一次会议决议公告,,0,https://www.cninfo.com.cn/new/disclosure/detail?annoId=1225418972,2026-08-27 21:27:39
605179,20260827,20260711,2026年第一次临时股东会决议公告,,0,https://www.cninfo.com.cn/new/disclosure/detail?annoId=1225418960,2026-08-27 21:27:39
605179,20260827,20260721,关于股票交易异常波动的公告,,2,https://www.cninfo.com.cn/new/disclosure/detail?annoId=1225433149,2026-08-27 21:27:39
605179,20260827,20260730,关于股票交易异常波动的公告,,2,https://www.cninfo.com.cn/new/disclosure/detail?annoId=1225446520,2026-08-27 21:27:39
605179,20260827,20260731,关于股票交易风险提示性公告,,1,https://www.cninfo.com.cn/new/disclosure/detail?annoId=1225449494,2026-08-27 21:27:39
605179,20260827,20260801,股票交易异常波动公告,,2,https://www.cninfo.com.cn/new/disclosure/detail?annoId=1225450999,2026-08-27 21:27:39
605179,20260827,20260804,关于股票交易风险提示性公告,,1,https://www.cninfo.com.cn/new/disclosure/detail?annoId=1225455339,2026-08-27 21:27:39
605179,20260827,20260812,股票交易异常波动公告,,2,https://www.cninfo.com.cn/new/disclosure/detail?annoId=1225468699,2026-08-27 21:27:39
605179,20260827,20260813,关于股票交易风险提示性公告,,1,https://www.cninfo.com.cn/new/disclosure/detail?annoId=1225470332,2026-08-27 21:27:39
605179,20260827,20260814,股票交易异常波动公告,,2,https://www.cninfo.com.cn/new/disclosure/detail?annoId=1225472579,2026-08-27 21:27:39
605179,20260827,20260819,股票交易严重异常波动暨风险提示公告,,3,https://www.cninfo.com.cn/new/disclosure/detail?annoId=1225480589,2026-08-27 21:27:39
605179,20260827,20260825,关于公司未来三年股东回报规划（2026-2028年）,,0,https://www.cninfo.com.cn/new/disclosure/detail?annoId=1225497601,2026-08-27 21:27:39
605179,20260827,20260825,关于2026年半年度利润分配的公告,,0,https://www.cninfo.com.cn/new/disclosure/detail?annoId=1225497212,2026-08-27 21:27:39
605179,20260827,20260825,一鸣食品2026年半年度报告,,0,https://www.cninfo.com.cn/new/disclosure/detail?annoId=1225497196,2026-08-27 21:27:39
605179,20260827,20260825,第八届董事会第二次会议决议公告,,0,https://www.cninfo.com.cn/new/disclosure/detail?annoId=1225497125,2026-08-27 21:27:39
605179,20260827,20260825,关于召开2026年第二次临时股东会的通知,,0,https://www.cninfo.com.cn/new/disclosure/detail?annoId=1225497103,2026-08-27 21:27:39
605179,20260827,20260825,公司2026年度“提质增效重回报”行动方案的半年度评估报告,,0,https://www.cninfo.com.cn/new/disclosure/detail?annoId=1225497017,2026-08-27 21:27:39
605179,20260827,20260825,关于2026年半年度主要经营数据的公告,,0,https://www.cninfo.com.cn/new/disclosure/detail?annoId=1225496958,2026-08-27 21:27:39
605179,20260827,20260825,2025年半年度报告摘要,,0,https://www.cninfo.com.cn/new/disclosure/detail?annoId=1225496866,2026-08-27 21:27:39
605179,20260831,20260711,关于董事会完成换届选举及聘任高级管理人员、证券事务代表的公告,,0,https://www.cninfo.com.cn/new/disclosure/detail?annoId=1225418975,2026-08-31 21:10:33
605179,20260831,20260711,第八届董事会第一次会议决议公告,,0,https://www.cninfo.com.cn/new/disclosure/detail?annoId=1225418972,2026-08-31 21:10:33
605179,20260831,20260711,2026年第一次临时股东会决议公告,,0,https://www.cninfo.com.cn/new/disclosure/detail?annoId=1225418960,2026-08-31 21:10:33
605179,20260831,20260721,关于股票交易异常波动的公告,,2,https://www.cninfo.com.cn/new/disclosure/detail?annoId=1225433149,2026-08-31 21:10:33
605179,20260831,20260730,关于股票交易异常波动的公告,,2,https://www.cninfo.com.cn/new/disclosure/detail?annoId=1225446520,2026-08-31 21:10:33
605179,20260831,20260731,关于股票交易风险提示性公告,,1,https://www.cninfo.com.cn/new/disclosure/detail?annoId=1225449494,2026-08-31 21:10:33
605179,20260831,20260801,股票交易异常波动公告,,2,https://www.cninfo.com.cn/new/disclosure/detail?annoId=1225450999,2026-08-31 21:10:33
605179,20260831,20260804,关于股票交易风险提示性公告,,1,https://www.cninfo.com.cn/new/disclosure/detail?annoId=1225455339,2026-08-31 21:10:33
605179,20260831,20260812,股票交易异常波动公告,,2,https://www.cninfo.com.cn/new/disclosure/detail?annoId=1225468699,2026-08-31 21:10:33
605179,20260831,20260813,关于股票交易风险提示性公告,,1,https://www.cninfo.com.cn/new/disclosure/detail?annoId=1225470332,2026-08-31 21:10:33
605179,20260831,20260814,股票交易异常波动公告,,2,https://www.cninfo.com.cn/new/disclosure/detail?annoId=1225472579,2026-08-31 21:10:33
605179,20260831,20260819,股票交易严重异常波动暨风险提示公告,,3,https://www.cninfo.com.cn/new/disclosure/detail?annoId=1225480589,2026-08-31 21:10:33
605179,20260831,20260825,关于公司未来三年股东回报规划（2026-2028年）,,0,https://www.cninfo.com.cn/new/disclosure/detail?annoId=1225497601,2026-08-31 21:10:33
605179,20260831,20260825,关于2026年半年度利润分配的公告,,0,https://www.cninfo.com.cn/new/disclosure/detail?annoId=1225497212,2026-08-31 21:10:33
605179,20260831,20260825,一鸣食品2026年半年度报告,,0,https://www.cninfo.com.cn/new/disclosure/detail?annoId=1225497196,2026-08-31 21:10:33
605179,20260831,20260825,第八届董事会第二次会议决议公告,,0,https://www.cninfo.com.cn/new/disclosure/detail?annoId=1225497125,2026-08-31 21:10:33
605179,20260831,20260825,关于召开2026年第二次临时股东会的通知,,0,https://www.cninfo.com.cn/new/disclosure/detail?annoId=1225497103,2026-08-31 21:10:33
605179,20260831,20260825,公司2026年度“提质增效重回报”行动方案的半年度评估报告,,0,https://www.cninfo.com.cn/new/disclosure/detail?annoId=1225497017,2026-08-31 21:10:33
605179,20260831,20260825,关于2026年半年度主要经营数据的公告,,0,https://www.cninfo.com.cn/new/disclosure/detail?annoId=1225496958,2026-08-31 21:10:33
605179,20260831,20260825,2025年半年度报告摘要,,0,https://www.cninfo.com.cn/new/disclosure/detail?annoId=1225496866,2026-08-31 21:10:33
605286,20260819,20260409,同力天启2025年度内部控制审计报告,,0,https://www.cninfo.com.cn/new/disclosure/detail?annoId=1225084894,2026-08-26 10:40:40
605286,20260819,20260409,董事和高级管理人员薪酬管理制度,,0,https://www.cninfo.com.cn/new/disclosure/detail?annoId=1225084892,2026-08-26 10:40:40
605286,20260819,20260409,同力天启关于使用自有资金进行现金管理的公告,,0,https://www.cninfo.com.cn/new/disclosure/detail?annoId=1225084891,2026-08-26 10:40:40
605286,20260819,20260409,天衡会计师事务所（特殊普通合伙）关于同力天启2025年度非经营性资金占用及其他关联资金往来情况的专项说明,,0,https://www.cninfo.com.cn/new/disclosure/detail?annoId=1225084889,2026-08-26 10:40:40
605286,20260819,20260409,独立董事2025年度述职报告（眭鸿明）,,0,https://www.cninfo.com.cn/new/disclosure/detail?annoId=1225084888,2026-08-26 10:40:40
605286,20260819,20260409,同力天启2025年年度报告摘要,,0,https://www.cninfo.com.cn/new/disclosure/detail?annoId=1225084887,2026-08-26 10:40:40
605286,20260819,20260415,同力天启2025年年度股东会资料,,0,https://www.cninfo.com.cn/new/disclosure/detail?annoId=1225100782,2026-08-26 10:40:40
605286,20260819,20260430,北京市中伦（上海）律师事务所关于江苏同力天启科技股份有限公司2025年年度股东会的法律意见书,,0,https://www.cninfo.com.cn/new/disclosure/detail?annoId=1225259186,2026-08-26 10:40:40
605286,20260819,20260430,同力天启2026年第一季度报告,,0,https://www.cninfo.com.cn/new/disclosure/detail?annoId=1225258944,2026-08-26 10:40:40
605286,20260819,20260430,同力天启2025年年度股东会决议公告,,0,https://www.cninfo.com.cn/new/disclosure/detail?annoId=1225258884,2026-08-26 10:40:40
605286,20260819,20260507,同力天启关于召开2025年度暨2026年第一季度业绩说明会的公告,,0,https://www.cninfo.com.cn/new/disclosure/detail?annoId=1225278273,2026-08-26 10:40:40
605286,20260819,20260515,同力天启2025年年度权益分派实施公告,,0,https://www.cninfo.com.cn/new/disclosure/detail?annoId=1225306369,2026-08-26 10:40:40
605286,20260819,20260715,同力天启2026年半年度业绩预告公告,,0,https://www.cninfo.com.cn/new/disclosure/detail?annoId=1225422844,2026-08-26 10:40:40
605286,20260819,20260812,同力天启关于股票交易异常波动的公告,,2,https://www.cninfo.com.cn/new/disclosure/detail?annoId=1225467814,2026-08-26 10:40:40
605286,20260819,20260813,同力天启关于股票交易风险提示公告,,1,https://www.cninfo.com.cn/new/disclosure/detail?annoId=1225469920,2026-08-26 10:40:40
605286,20260819,20260814,同力天启关于股票交易异常波动的公告,,2,https://www.cninfo.com.cn/new/disclosure/detail?annoId=1225471815,2026-08-26 10:40:40
605286,20260819,20260818,同力天启关于控股股东、实际控制人股份解除质押的公告,,0,https://www.cninfo.com.cn/new/disclosure/detail?annoId=1225476299,2026-08-26 10:40:40
605286,20260819,20260819,同力天启关于股票交易异常波动的公告,,2,https://www.cninfo.com.cn/new/disclosure/detail?annoId=1225479949,2026-08-26 10:40:40
605286,20260819,20260826,同力天启2026年半年度报告,,0,https://www.cninfo.com.cn/new/disclosure/detail?annoId=1225501938,2026-08-26 10:40:40
605286,20260819,20260826,同力天启2026年半年度报告摘要,,0,https://www.cninfo.com.cn/new/disclosure/detail?annoId=1225501929,2026-08-26 10:40:40
605286,20260821,20260409,同力天启2025年度内部控制审计报告,,0,https://www.cninfo.com.cn/new/disclosure/detail?annoId=1225084894,2026-08-25 10:07:34
605286,20260821,20260409,董事和高级管理人员薪酬管理制度,,0,https://www.cninfo.com.cn/new/disclosure/detail?annoId=1225084892,2026-08-25 10:07:34
605286,20260821,20260409,同力天启关于使用自有资金进行现金管理的公告,,0,https://www.cninfo.com.cn/new/disclosure/detail?annoId=1225084891,2026-08-25 10:07:34
605286,20260821,20260409,天衡会计师事务所（特殊普通合伙）关于同力天启2025年度非经营性资金占用及其他关联资金往来情况的专项说明,,0,https://www.cninfo.com.cn/new/disclosure/detail?annoId=1225084889,2026-08-25 10:07:34
605286,20260821,20260409,独立董事2025年度述职报告（眭鸿明）,,0,https://www.cninfo.com.cn/new/disclosure/detail?annoId=1225084888,2026-08-25 10:07:34
605286,20260821,20260409,同力天启2025年年度报告摘要,,0,https://www.cninfo.com.cn/new/disclosure/detail?annoId=1225084887,2026-08-25 10:07:34
605286,20260821,20260409,同力天启关于公司融资额度及担保事项的公告,,0,https://www.cninfo.com.cn/new/disclosure/detail?annoId=1225084886,2026-08-25 10:07:34
605286,20260821,20260409,2025年度内部控制评价报告,,0,https://www.cninfo.com.cn/new/disclosure/detail?annoId=1225084884,2026-08-25 10:07:34
605286,20260821,20260415,同力天启2025年年度股东会资料,,0,https://www.cninfo.com.cn/new/disclosure/detail?annoId=1225100782,2026-08-25 10:07:34
605286,20260821,20260430,北京市中伦（上海）律师事务所关于江苏同力天启科技股份有限公司2025年年度股东会的法律意见书,,0,https://www.cninfo.com.cn/new/disclosure/detail?annoId=1225259186,2026-08-25 10:07:34
605286,20260821,20260430,同力天启2026年第一季度报告,,0,https://www.cninfo.com.cn/new/disclosure/detail?annoId=1225258944,2026-08-25 10:07:34
605286,20260821,20260430,同力天启2025年年度股东会决议公告,,0,https://www.cninfo.com.cn/new/disclosure/detail?annoId=1225258884,2026-08-25 10:07:34
605286,20260821,20260507,同力天启关于召开2025年度暨2026年第一季度业绩说明会的公告,,0,https://www.cninfo.com.cn/new/disclosure/detail?annoId=1225278273,2026-08-25 10:07:34
605286,20260821,20260515,同力天启2025年年度权益分派实施公告,,0,https://www.cninfo.com.cn/new/disclosure/detail?annoId=1225306369,2026-08-25 10:07:34
605286,20260821,20260715,同力天启2026年半年度业绩预告公告,,0,https://www.cninfo.com.cn/new/disclosure/detail?annoId=1225422844,2026-08-25 10:07:34
605286,20260821,20260812,同力天启关于股票交易异常波动的公告,,2,https://www.cninfo.com.cn/new/disclosure/detail?annoId=1225467814,2026-08-25 10:07:34
605286,20260821,20260813,同力天启关于股票交易风险提示公告,,1,https://www.cninfo.com.cn/new/disclosure/detail?annoId=1225469920,2026-08-25 10:07:34
605286,20260821,20260814,同力天启关于股票交易异常波动的公告,,2,https://www.cninfo.com.cn/new/disclosure/detail?annoId=1225471815,2026-08-25 10:07:34
605286,20260821,20260818,同力天启关于控股股东、实际控制人股份解除质押的公告,,0,https://www.cninfo.com.cn/new/disclosure/detail?annoId=1225476299,2026-08-25 10:07:34
605286,20260821,20260819,同力天启关于股票交易异常波动的公告,,2,https://www.cninfo.com.cn/new/disclosure/detail?annoId=1225479949,2026-08-25 10:07:34
605286,20260824,20260409,同力天启2025年度内部控制审计报告,,0,https://www.cninfo.com.cn/new/disclosure/detail?annoId=1225084894,2026-08-25 10:15:28
605286,20260824,20260409,董事和高级管理人员薪酬管理制度,,0,https://www.cninfo.com.cn/new/disclosure/detail?annoId=1225084892,2026-08-25 10:15:28
605286,20260824,20260409,同力天启关于使用自有资金进行现金管理的公告,,0,https://www.cninfo.com.cn/new/disclosure/detail?annoId=1225084891,2026-08-25 10:15:28
605286,20260824,20260409,天衡会计师事务所（特殊普通合伙）关于同力天启2025年度非经营性资金占用及其他关联资金往来情况的专项说明,,0,https://www.cninfo.com.cn/new/disclosure/detail?annoId=1225084889,2026-08-25 10:15:28
605286,20260824,20260409,独立董事2025年度述职报告（眭鸿明）,,0,https://www.cninfo.com.cn/new/disclosure/detail?annoId=1225084888,2026-08-25 10:15:28
605286,20260824,20260409,同力天启2025年年度报告摘要,,0,https://www.cninfo.com.cn/new/disclosure/detail?annoId=1225084887,2026-08-25 10:15:28
605286,20260824,20260409,同力天启关于公司融资额度及担保事项的公告,,0,https://www.cninfo.com.cn/new/disclosure/detail?annoId=1225084886,2026-08-25 10:15:28
605286,20260824,20260409,2025年度内部控制评价报告,,0,https://www.cninfo.com.cn/new/disclosure/detail?annoId=1225084884,2026-08-25 10:15:28
605286,20260824,20260415,同力天启2025年年度股东会资料,,0,https://www.cninfo.com.cn/new/disclosure/detail?annoId=1225100782,2026-08-25 10:15:28
605286,20260824,20260430,北京市中伦（上海）律师事务所关于江苏同力天启科技股份有限公司2025年年度股东会的法律意见书,,0,https://www.cninfo.com.cn/new/disclosure/detail?annoId=1225259186,2026-08-25 10:15:28
605286,20260824,20260430,同力天启2026年第一季度报告,,0,https://www.cninfo.com.cn/new/disclosure/detail?annoId=1225258944,2026-08-25 10:15:28
605286,20260824,20260430,同力天启2025年年度股东会决议公告,,0,https://www.cninfo.com.cn/new/disclosure/detail?annoId=1225258884,2026-08-25 10:15:28
605286,20260824,20260507,同力天启关于召开2025年度暨2026年第一季度业绩说明会的公告,,0,https://www.cninfo.com.cn/new/disclosure/detail?annoId=1225278273,2026-08-25 10:15:28
605286,20260824,20260515,同力天启2025年年度权益分派实施公告,,0,https://www.cninfo.com.cn/new/disclosure/detail?annoId=1225306369,2026-08-25 10:15:28
605286,20260824,20260715,同力天启2026年半年度业绩预告公告,,0,https://www.cninfo.com.cn/new/disclosure/detail?annoId=1225422844,2026-08-25 10:15:28
605286,20260824,20260812,同力天启关于股票交易异常波动的公告,,2,https://www.cninfo.com.cn/new/disclosure/detail?annoId=1225467814,2026-08-25 10:15:28
605286,20260824,20260813,同力天启关于股票交易风险提示公告,,1,https://www.cninfo.com.cn/new/disclosure/detail?annoId=1225469920,2026-08-25 10:15:28
605286,20260824,20260814,同力天启关于股票交易异常波动的公告,,2,https://www.cninfo.com.cn/new/disclosure/detail?annoId=1225471815,2026-08-25 10:15:28
605286,20260824,20260818,同力天启关于控股股东、实际控制人股份解除质押的公告,,0,https://www.cninfo.com.cn/new/disclosure/detail?annoId=1225476299,2026-08-25 10:15:28
605286,20260824,20260819,同力天启关于股票交易异常波动的公告,,2,https://www.cninfo.com.cn/new/disclosure/detail?annoId=1225479949,2026-08-25 10:15:28
605286,20260825,20260409,同力天启2025年度内部控制审计报告,,0,https://www.cninfo.com.cn/new/disclosure/detail?annoId=1225084894,2026-08-25 19:57:47
605286,20260825,20260409,董事和高级管理人员薪酬管理制度,,0,https://www.cninfo.com.cn/new/disclosure/detail?annoId=1225084892,2026-08-25 19:57:47
605286,20260825,20260409,同力天启关于使用自有资金进行现金管理的公告,,0,https://www.cninfo.com.cn/new/disclosure/detail?annoId=1225084891,2026-08-25 19:57:47
605286,20260825,20260409,天衡会计师事务所（特殊普通合伙）关于同力天启2025年度非经营性资金占用及其他关联资金往来情况的专项说明,,0,https://www.cninfo.com.cn/new/disclosure/detail?annoId=1225084889,2026-08-25 19:57:47
605286,20260825,20260409,独立董事2025年度述职报告（眭鸿明）,,0,https://www.cninfo.com.cn/new/disclosure/detail?annoId=1225084888,2026-08-25 19:57:47
605286,20260825,20260409,同力天启2025年年度报告摘要,,0,https://www.cninfo.com.cn/new/disclosure/detail?annoId=1225084887,2026-08-25 19:57:47
605286,20260825,20260415,同力天启2025年年度股东会资料,,0,https://www.cninfo.com.cn/new/disclosure/detail?annoId=1225100782,2026-08-25 19:57:47
605286,20260825,20260430,北京市中伦（上海）律师事务所关于江苏同力天启科技股份有限公司2025年年度股东会的法律意见书,,0,https://www.cninfo.com.cn/new/disclosure/detail?annoId=1225259186,2026-08-25 19:57:47
605286,20260825,20260430,同力天启2026年第一季度报告,,0,https://www.cninfo.com.cn/new/disclosure/detail?annoId=1225258944,2026-08-25 19:57:47
605286,20260825,20260430,同力天启2025年年度股东会决议公告,,0,https://www.cninfo.com.cn/new/disclosure/detail?annoId=1225258884,2026-08-25 19:57:47
605286,20260825,20260507,同力天启关于召开2025年度暨2026年第一季度业绩说明会的公告,,0,https://www.cninfo.com.cn/new/disclosure/detail?annoId=1225278273,2026-08-25 19:57:47
605286,20260825,20260515,同力天启2025年年度权益分派实施公告,,0,https://www.cninfo.com.cn/new/disclosure/detail?annoId=1225306369,2026-08-25 19:57:47
605286,20260825,20260715,同力天启2026年半年度业绩预告公告,,0,https://www.cninfo.com.cn/new/disclosure/detail?annoId=1225422844,2026-08-25 19:57:47
605286,20260825,20260812,同力天启关于股票交易异常波动的公告,,2,https://www.cninfo.com.cn/new/disclosure/detail?annoId=1225467814,2026-08-25 19:57:47
605286,20260825,20260813,同力天启关于股票交易风险提示公告,,1,https://www.cninfo.com.cn/new/disclosure/detail?annoId=1225469920,2026-08-25 19:57:47
605286,20260825,20260814,同力天启关于股票交易异常波动的公告,,2,https://www.cninfo.com.cn/new/disclosure/detail?annoId=1225471815,2026-08-25 19:57:47
605286,20260825,20260818,同力天启关于控股股东、实际控制人股份解除质押的公告,,0,https://www.cninfo.com.cn/new/disclosure/detail?annoId=1225476299,2026-08-25 19:57:47
605286,20260825,20260819,同力天启关于股票交易异常波动的公告,,2,https://www.cninfo.com.cn/new/disclosure/detail?annoId=1225479949,2026-08-25 19:57:47
605286,20260825,20260826,同力天启2026年半年度报告,,0,https://www.cninfo.com.cn/new/disclosure/detail?annoId=1225501938,2026-08-25 19:57:47
605286,20260825,20260826,同力天启2026年半年度报告摘要,,0,https://www.cninfo.com.cn/new/disclosure/detail?annoId=1225501929,2026-08-25 19:57:47
605286,20260826,20260409,同力天启2025年度内部控制审计报告,,0,https://www.cninfo.com.cn/new/disclosure/detail?annoId=1225084894,2026-08-27 00:11:38
605286,20260826,20260409,董事和高级管理人员薪酬管理制度,,0,https://www.cninfo.com.cn/new/disclosure/detail?annoId=1225084892,2026-08-27 00:11:38
605286,20260826,20260409,同力天启关于使用自有资金进行现金管理的公告,,0,https://www.cninfo.com.cn/new/disclosure/detail?annoId=1225084891,2026-08-27 00:11:38
605286,20260826,20260409,天衡会计师事务所（特殊普通合伙）关于同力天启2025年度非经营性资金占用及其他关联资金往来情况的专项说明,,0,https://www.cninfo.com.cn/new/disclosure/detail?annoId=1225084889,2026-08-27 00:11:38
605286,20260826,20260409,独立董事2025年度述职报告（眭鸿明）,,0,https://www.cninfo.com.cn/new/disclosure/detail?annoId=1225084888,2026-08-27 00:11:38
605286,20260826,20260409,同力天启2025年年度报告摘要,,0,https://www.cninfo.com.cn/new/disclosure/detail?annoId=1225084887,2026-08-27 00:11:38
605286,20260826,20260415,同力天启2025年年度股东会资料,,0,https://www.cninfo.com.cn/new/disclosure/detail?annoId=1225100782,2026-08-27 00:11:38
605286,20260826,20260430,北京市中伦（上海）律师事务所关于江苏同力天启科技股份有限公司2025年年度股东会的法律意见书,,0,https://www.cninfo.com.cn/new/disclosure/detail?annoId=1225259186,2026-08-27 00:11:38
605286,20260826,20260430,同力天启2026年第一季度报告,,0,https://www.cninfo.com.cn/new/disclosure/detail?annoId=1225258944,2026-08-27 00:11:38
605286,20260826,20260430,同力天启2025年年度股东会决议公告,,0,https://www.cninfo.com.cn/new/disclosure/detail?annoId=1225258884,2026-08-27 00:11:38
605286,20260826,20260507,同力天启关于召开2025年度暨2026年第一季度业绩说明会的公告,,0,https://www.cninfo.com.cn/new/disclosure/detail?annoId=1225278273,2026-08-27 00:11:38
605286,20260826,20260515,同力天启2025年年度权益分派实施公告,,0,https://www.cninfo.com.cn/new/disclosure/detail?annoId=1225306369,2026-08-27 00:11:38
605286,20260826,20260715,同力天启2026年半年度业绩预告公告,,0,https://www.cninfo.com.cn/new/disclosure/detail?annoId=1225422844,2026-08-27 00:11:38
605286,20260826,20260812,同力天启关于股票交易异常波动的公告,,2,https://www.cninfo.com.cn/new/disclosure/detail?annoId=1225467814,2026-08-27 00:11:38
605286,20260826,20260813,同力天启关于股票交易风险提示公告,,1,https://www.cninfo.com.cn/new/disclosure/detail?annoId=1225469920,2026-08-27 00:11:38
605286,20260826,20260814,同力天启关于股票交易异常波动的公告,,2,https://www.cninfo.com.cn/new/disclosure/detail?annoId=1225471815,2026-08-27 00:11:38
605286,20260826,20260818,同力天启关于控股股东、实际控制人股份解除质押的公告,,0,https://www.cninfo.com.cn/new/disclosure/detail?annoId=1225476299,2026-08-27 00:11:38
605286,20260826,20260819,同力天启关于股票交易异常波动的公告,,2,https://www.cninfo.com.cn/new/disclosure/detail?annoId=1225479949,2026-08-27 00:11:38
605286,20260826,20260826,同力天启2026年半年度报告,,0,https://www.cninfo.com.cn/new/disclosure/detail?annoId=1225501938,2026-08-27 00:11:38
605286,20260826,20260826,同力天启2026年半年度报告摘要,,0,https://www.cninfo.com.cn/new/disclosure/detail?annoId=1225501929,2026-08-27 00:11:38
605286,20260827,20260409,同力天启2025年度内部控制审计报告,,0,https://www.cninfo.com.cn/new/disclosure/detail?annoId=1225084894,2026-08-27 21:27:39
605286,20260827,20260409,董事和高级管理人员薪酬管理制度,,0,https://www.cninfo.com.cn/new/disclosure/detail?annoId=1225084892,2026-08-27 21:27:39
605286,20260827,20260409,同力天启关于使用自有资金进行现金管理的公告,,0,https://www.cninfo.com.cn/new/disclosure/detail?annoId=1225084891,2026-08-27 21:27:39
605286,20260827,20260409,天衡会计师事务所（特殊普通合伙）关于同力天启2025年度非经营性资金占用及其他关联资金往来情况的专项说明,,0,https://www.cninfo.com.cn/new/disclosure/detail?annoId=1225084889,2026-08-27 21:27:39
605286,20260827,20260409,独立董事2025年度述职报告（眭鸿明）,,0,https://www.cninfo.com.cn/new/disclosure/detail?annoId=1225084888,2026-08-27 21:27:39
605286,20260827,20260409,同力天启2025年年度报告摘要,,0,https://www.cninfo.com.cn/new/disclosure/detail?annoId=1225084887,2026-08-27 21:27:39
605286,20260827,20260415,同力天启2025年年度股东会资料,,0,https://www.cninfo.com.cn/new/disclosure/detail?annoId=1225100782,2026-08-27 21:27:39
605286,20260827,20260430,北京市中伦（上海）律师事务所关于江苏同力天启科技股份有限公司2025年年度股东会的法律意见书,,0,https://www.cninfo.com.cn/new/disclosure/detail?annoId=1225259186,2026-08-27 21:27:39
605286,20260827,20260430,同力天启2026年第一季度报告,,0,https://www.cninfo.com.cn/new/disclosure/detail?annoId=1225258944,2026-08-27 21:27:39
605286,20260827,20260430,同力天启2025年年度股东会决议公告,,0,https://www.cninfo.com.cn/new/disclosure/detail?annoId=1225258884,2026-08-27 21:27:39
605286,20260827,20260507,同力天启关于召开2025年度暨2026年第一季度业绩说明会的公告,,0,https://www.cninfo.com.cn/new/disclosure/detail?annoId=1225278273,2026-08-27 21:27:39
605286,20260827,20260515,同力天启2025年年度权益分派实施公告,,0,https://www.cninfo.com.cn/new/disclosure/detail?annoId=1225306369,2026-08-27 21:27:39
605286,20260827,20260715,同力天启2026年半年度业绩预告公告,,0,https://www.cninfo.com.cn/new/disclosure/detail?annoId=1225422844,2026-08-27 21:27:39
605286,20260827,20260812,同力天启关于股票交易异常波动的公告,,2,https://www.cninfo.com.cn/new/disclosure/detail?annoId=1225467814,2026-08-27 21:27:39
605286,20260827,20260813,同力天启关于股票交易风险提示公告,,1,https://www.cninfo.com.cn/new/disclosure/detail?annoId=1225469920,2026-08-27 21:27:39
605286,20260827,20260814,同力天启关于股票交易异常波动的公告,,2,https://www.cninfo.com.cn/new/disclosure/detail?annoId=1225471815,2026-08-27 21:27:39
605286,20260827,20260818,同力天启关于控股股东、实际控制人股份解除质押的公告,,0,https://www.cninfo.com.cn/new/disclosure/detail?annoId=1225476299,2026-08-27 21:27:39
605286,20260827,20260819,同力天启关于股票交易异常波动的公告,,2,https://www.cninfo.com.cn/new/disclosure/detail?annoId=1225479949,2026-08-27 21:27:39
605286,20260827,20260826,同力天启2026年半年度报告,,0,https://www.cninfo.com.cn/new/disclosure/detail?annoId=1225501938,2026-08-27 21:27:39
605286,20260827,20260826,同力天启2026年半年度报告摘要,,0,https://www.cninfo.com.cn/new/disclosure/detail?annoId=1225501929,2026-08-27 21:27:39
605286,20260831,20260409,同力天启2025年度内部控制审计报告,,0,https://www.cninfo.com.cn/new/disclosure/detail?annoId=1225084894,2026-08-31 21:10:35
605286,20260831,20260409,董事和高级管理人员薪酬管理制度,,0,https://www.cninfo.com.cn/new/disclosure/detail?annoId=1225084892,2026-08-31 21:10:35
605286,20260831,20260409,同力天启关于使用自有资金进行现金管理的公告,,0,https://www.cninfo.com.cn/new/disclosure/detail?annoId=1225084891,2026-08-31 21:10:35
605286,20260831,20260409,天衡会计师事务所（特殊普通合伙）关于同力天启2025年度非经营性资金占用及其他关联资金往来情况的专项说明,,0,https://www.cninfo.com.cn/new/disclosure/detail?annoId=1225084889,2026-08-31 21:10:35
605286,20260831,20260409,独立董事2025年度述职报告（眭鸿明）,,0,https://www.cninfo.com.cn/new/disclosure/detail?annoId=1225084888,2026-08-31 21:10:35
605286,20260831,20260409,同力天启2025年年度报告摘要,,0,https://www.cninfo.com.cn/new/disclosure/detail?annoId=1225084887,2026-08-31 21:10:35
605286,20260831,20260415,同力天启2025年年度股东会资料,,0,https://www.cninfo.com.cn/new/disclosure/detail?annoId=1225100782,2026-08-31 21:10:35
605286,20260831,20260430,北京市中伦（上海）律师事务所关于江苏同力天启科技股份有限公司2025年年度股东会的法律意见书,,0,https://www.cninfo.com.cn/new/disclosure/detail?annoId=1225259186,2026-08-31 21:10:35
605286,20260831,20260430,同力天启2026年第一季度报告,,0,https://www.cninfo.com.cn/new/disclosure/detail?annoId=1225258944,2026-08-31 21:10:35
605286,20260831,20260430,同力天启2025年年度股东会决议公告,,0,https://www.cninfo.com.cn/new/disclosure/detail?annoId=1225258884,2026-08-31 21:10:35
605286,20260831,20260507,同力天启关于召开2025年度暨2026年第一季度业绩说明会的公告,,0,https://www.cninfo.com.cn/new/disclosure/detail?annoId=1225278273,2026-08-31 21:10:35
605286,20260831,20260515,同力天启2025年年度权益分派实施公告,,0,https://www.cninfo.com.cn/new/disclosure/detail?annoId=1225306369,2026-08-31 21:10:35
605286,20260831,20260715,同力天启2026年半年度业绩预告公告,,0,https://www.cninfo.com.cn/new/disclosure/detail?annoId=1225422844,2026-08-31 21:10:35
605286,20260831,20260812,同力天启关于股票交易异常波动的公告,,2,https://www.cninfo.com.cn/new/disclosure/detail?annoId=1225467814,2026-08-31 21:10:35
605286,20260831,20260813,同力天启关于股票交易风险提示公告,,1,https://www.cninfo.com.cn/new/disclosure/detail?annoId=1225469920,2026-08-31 21:10:35
605286,20260831,20260814,同力天启关于股票交易异常波动的公告,,2,https://www.cninfo.com.cn/new/disclosure/detail?annoId=1225471815,2026-08-31 21:10:35
605286,20260831,20260818,同力天启关于控股股东、实际控制人股份解除质押的公告,,0,https://www.cninfo.com.cn/new/disclosure/detail?annoId=1225476299,2026-08-31 21:10:35
605286,20260831,20260819,同力天启关于股票交易异常波动的公告,,2,https://www.cninfo.com.cn/new/disclosure/detail?annoId=1225479949,2026-08-31 21:10:35
605286,20260831,20260826,同力天启2026年半年度报告,,0,https://www.cninfo.com.cn/new/disclosure/detail?annoId=1225501938,2026-08-31 21:10:35
605286,20260831,20260826,同力天启2026年半年度报告摘要,,0,https://www.cninfo.com.cn/new/disclosure/detail?annoId=1225501929,2026-08-31 21:10:35
920305,20260722,20260715,关于公司股票进入退市整理期交易的第六次风险提示公告,,1,https://www.cninfo.com.cn/new/disclosure/detail?annoId=1225426950,2026-08-26 22:20:14
920305,20260722,20260715,关于持股5%以上股东权益变动触及5%整数倍的提示性公告,,0,https://www.cninfo.com.cn/new/disclosure/detail?annoId=1225426949,2026-08-26 22:20:14
920305,20260722,20260716,关于聘请主办券商的公告,,0,https://www.cninfo.com.cn/new/disclosure/detail?annoId=1225428885,2026-08-26 22:20:14
920305,20260722,20260716,股票交易异常波动暨严重异常波动公告,,3,https://www.cninfo.com.cn/new/disclosure/detail?annoId=1225428877,2026-08-26 22:20:14
920305,20260722,20260716,关于公司股票进入退市整理期交易的第七次风险提示公告,,1,https://www.cninfo.com.cn/new/disclosure/detail?annoId=1225428876,2026-08-26 22:20:14
920305,20260722,20260717,关于公司股票进入退市整理期交易的第八次风险提示公告,,1,https://www.cninfo.com.cn/new/disclosure/detail?annoId=1225430686,2026-08-26 22:20:14
920305,20260722,20260720,关于公司股票进入退市整理期交易的第九次风险提示公告,,1,https://www.cninfo.com.cn/new/disclosure/detail?annoId=1225432699,2026-08-26 22:20:14
920305,20260722,20260721,关于公司股票进入退市整理期交易的第十次风险提示公告,,1,https://www.cninfo.com.cn/new/disclosure/detail?annoId=1225436102,2026-08-26 22:20:14
920305,20260722,20260721,关于公司股票交易异常波动及风险提示公告,,2,https://www.cninfo.com.cn/new/disclosure/detail?annoId=1225436101,2026-08-26 22:20:14
920305,20260722,20260722,关于公司股票进入退市整理期交易的第十一次风险提示公告,,1,https://www.cninfo.com.cn/new/disclosure/detail?annoId=1225437713,2026-08-26 22:20:14
920305,20260722,20260723,股东减持股份结果公告,,0,https://www.cninfo.com.cn/new/disclosure/detail?annoId=1225439749,2026-08-26 22:20:14
920305,20260722,20260723,关于公司股票交易异常波动暨严重异常波动公告,,3,https://www.cninfo.com.cn/new/disclosure/detail?annoId=1225439747,2026-08-26 22:20:14
920305,20260722,20260723,关于公司股票进入退市整理期交易的第十二次风险提示公告,,1,https://www.cninfo.com.cn/new/disclosure/detail?annoId=1225439716,2026-08-26 22:20:14
920305,20260722,20260723,关于股东权益变动触及1%整数倍的提示性公告,,0,https://www.cninfo.com.cn/new/disclosure/detail?annoId=1225439715,2026-08-26 22:20:14
920305,20260722,20260724,关于公司股票进入退市整理期交易的第十三次风险提示公告,,1,https://www.cninfo.com.cn/new/disclosure/detail?annoId=1225440261,2026-08-26 22:20:14
920305,20260722,20260727,关于公司股票进入退市整理期交易的第十四次风险提示公告,,1,https://www.cninfo.com.cn/new/disclosure/detail?annoId=1225443473,2026-08-26 22:20:14
920305,20260722,20260727,股票交易异常波动及风险提示公告,,2,https://www.cninfo.com.cn/new/disclosure/detail?annoId=1225443472,2026-08-26 22:20:14
920305,20260722,20260728,关于公司股票进入退市整理期交易的第十五次风险提示公告,,1,https://www.cninfo.com.cn/new/disclosure/detail?annoId=1225445442,2026-08-26 22:20:14
920305,20260722,20260728,股票严重异常波动公告,,3,https://www.cninfo.com.cn/new/disclosure/detail?annoId=1225445441,2026-08-26 22:20:14
920305,20260722,20260729,关于公司股票终止上市暨摘牌的公告,,0,https://www.cninfo.com.cn/new/disclosure/detail?annoId=1225446929,2026-08-26 22:20:14
920305,20260807,20260715,关于公司股票进入退市整理期交易的第六次风险提示公告,,1,https://www.cninfo.com.cn/new/disclosure/detail?annoId=1225426950,2026-08-25 21:42:01
920305,20260807,20260715,关于持股5%以上股东权益变动触及5%整数倍的提示性公告,,0,https://www.cninfo.com.cn/new/disclosure/detail?annoId=1225426949,2026-08-25 21:42:01
920305,20260807,20260716,关于聘请主办券商的公告,,0,https://www.cninfo.com.cn/new/disclosure/detail?annoId=1225428885,2026-08-25 21:42:01
920305,20260807,20260716,股票交易异常波动暨严重异常波动公告,,3,https://www.cninfo.com.cn/new/disclosure/detail?annoId=1225428877,2026-08-25 21:42:01
920305,20260807,20260716,关于公司股票进入退市整理期交易的第七次风险提示公告,,1,https://www.cninfo.com.cn/new/disclosure/detail?annoId=1225428876,2026-08-25 21:42:01
920305,20260807,20260717,关于公司股票进入退市整理期交易的第八次风险提示公告,,1,https://www.cninfo.com.cn/new/disclosure/detail?annoId=1225430686,2026-08-25 21:42:01
920305,20260807,20260720,关于公司股票进入退市整理期交易的第九次风险提示公告,,1,https://www.cninfo.com.cn/new/disclosure/detail?annoId=1225432699,2026-08-25 21:42:01
920305,20260807,20260721,关于公司股票进入退市整理期交易的第十次风险提示公告,,1,https://www.cninfo.com.cn/new/disclosure/detail?annoId=1225436102,2026-08-25 21:42:01
920305,20260807,20260721,关于公司股票交易异常波动及风险提示公告,,2,https://www.cninfo.com.cn/new/disclosure/detail?annoId=1225436101,2026-08-25 21:42:01
920305,20260807,20260722,关于公司股票进入退市整理期交易的第十一次风险提示公告,,1,https://www.cninfo.com.cn/new/disclosure/detail?annoId=1225437713,2026-08-25 21:42:01
920305,20260807,20260723,股东减持股份结果公告,,0,https://www.cninfo.com.cn/new/disclosure/detail?annoId=1225439749,2026-08-25 21:42:01
920305,20260807,20260723,关于公司股票交易异常波动暨严重异常波动公告,,3,https://www.cninfo.com.cn/new/disclosure/detail?annoId=1225439747,2026-08-25 21:42:01
920305,20260807,20260723,关于公司股票进入退市整理期交易的第十二次风险提示公告,,1,https://www.cninfo.com.cn/new/disclosure/detail?annoId=1225439716,2026-08-25 21:42:01
920305,20260807,20260723,关于股东权益变动触及1%整数倍的提示性公告,,0,https://www.cninfo.com.cn/new/disclosure/detail?annoId=1225439715,2026-08-25 21:42:01
920305,20260807,20260724,关于公司股票进入退市整理期交易的第十三次风险提示公告,,1,https://www.cninfo.com.cn/new/disclosure/detail?annoId=1225440261,2026-08-25 21:42:01
920305,20260807,20260727,关于公司股票进入退市整理期交易的第十四次风险提示公告,,1,https://www.cninfo.com.cn/new/disclosure/detail?annoId=1225443473,2026-08-25 21:42:01
920305,20260807,20260727,股票交易异常波动及风险提示公告,,2,https://www.cninfo.com.cn/new/disclosure/detail?annoId=1225443472,2026-08-25 21:42:01
920305,20260807,20260728,关于公司股票进入退市整理期交易的第十五次风险提示公告,,1,https://www.cninfo.com.cn/new/disclosure/detail?annoId=1225445442,2026-08-25 21:42:01
920305,20260807,20260728,股票严重异常波动公告,,3,https://www.cninfo.com.cn/new/disclosure/detail?annoId=1225445441,2026-08-25 21:42:01
920305,20260807,20260729,关于公司股票终止上市暨摘牌的公告,,0,https://www.cninfo.com.cn/new/disclosure/detail?annoId=1225446929,2026-08-25 21:42:01
920305,20260819,20260715,关于公司股票进入退市整理期交易的第六次风险提示公告,,1,https://www.cninfo.com.cn/new/disclosure/detail?annoId=1225426950,2026-08-26 10:40:41
920305,20260819,20260715,关于持股5%以上股东权益变动触及5%整数倍的提示性公告,,0,https://www.cninfo.com.cn/new/disclosure/detail?annoId=1225426949,2026-08-26 10:40:41
920305,20260819,20260716,关于聘请主办券商的公告,,0,https://www.cninfo.com.cn/new/disclosure/detail?annoId=1225428885,2026-08-26 10:40:41
920305,20260819,20260716,股票交易异常波动暨严重异常波动公告,,3,https://www.cninfo.com.cn/new/disclosure/detail?annoId=1225428877,2026-08-26 10:40:41
920305,20260819,20260716,关于公司股票进入退市整理期交易的第七次风险提示公告,,1,https://www.cninfo.com.cn/new/disclosure/detail?annoId=1225428876,2026-08-26 10:40:41
920305,20260819,20260717,关于公司股票进入退市整理期交易的第八次风险提示公告,,1,https://www.cninfo.com.cn/new/disclosure/detail?annoId=1225430686,2026-08-26 10:40:41
920305,20260819,20260720,关于公司股票进入退市整理期交易的第九次风险提示公告,,1,https://www.cninfo.com.cn/new/disclosure/detail?annoId=1225432699,2026-08-26 10:40:41
920305,20260819,20260721,关于公司股票进入退市整理期交易的第十次风险提示公告,,1,https://www.cninfo.com.cn/new/disclosure/detail?annoId=1225436102,2026-08-26 10:40:41
920305,20260819,20260721,关于公司股票交易异常波动及风险提示公告,,2,https://www.cninfo.com.cn/new/disclosure/detail?annoId=1225436101,2026-08-26 10:40:41
920305,20260819,20260722,关于公司股票进入退市整理期交易的第十一次风险提示公告,,1,https://www.cninfo.com.cn/new/disclosure/detail?annoId=1225437713,2026-08-26 10:40:41
920305,20260819,20260723,股东减持股份结果公告,,0,https://www.cninfo.com.cn/new/disclosure/detail?annoId=1225439749,2026-08-26 10:40:41
920305,20260819,20260723,关于公司股票交易异常波动暨严重异常波动公告,,3,https://www.cninfo.com.cn/new/disclosure/detail?annoId=1225439747,2026-08-26 10:40:41
920305,20260819,20260723,关于公司股票进入退市整理期交易的第十二次风险提示公告,,1,https://www.cninfo.com.cn/new/disclosure/detail?annoId=1225439716,2026-08-26 10:40:41
920305,20260819,20260723,关于股东权益变动触及1%整数倍的提示性公告,,0,https://www.cninfo.com.cn/new/disclosure/detail?annoId=1225439715,2026-08-26 10:40:41
920305,20260819,20260724,关于公司股票进入退市整理期交易的第十三次风险提示公告,,1,https://www.cninfo.com.cn/new/disclosure/detail?annoId=1225440261,2026-08-26 10:40:41
920305,20260819,20260727,关于公司股票进入退市整理期交易的第十四次风险提示公告,,1,https://www.cninfo.com.cn/new/disclosure/detail?annoId=1225443473,2026-08-26 10:40:41
920305,20260819,20260727,股票交易异常波动及风险提示公告,,2,https://www.cninfo.com.cn/new/disclosure/detail?annoId=1225443472,2026-08-26 10:40:41
920305,20260819,20260728,关于公司股票进入退市整理期交易的第十五次风险提示公告,,1,https://www.cninfo.com.cn/new/disclosure/detail?annoId=1225445442,2026-08-26 10:40:41
920305,20260819,20260728,股票严重异常波动公告,,3,https://www.cninfo.com.cn/new/disclosure/detail?annoId=1225445441,2026-08-26 10:40:41
920305,20260819,20260729,关于公司股票终止上市暨摘牌的公告,,0,https://www.cninfo.com.cn/new/disclosure/detail?annoId=1225446929,2026-08-26 10:40:41
920305,20260821,20260715,关于公司股票进入退市整理期交易的第六次风险提示公告,,1,https://www.cninfo.com.cn/new/disclosure/detail?annoId=1225426950,2026-08-25 10:07:35
920305,20260821,20260715,关于持股5%以上股东权益变动触及5%整数倍的提示性公告,,0,https://www.cninfo.com.cn/new/disclosure/detail?annoId=1225426949,2026-08-25 10:07:35
920305,20260821,20260716,关于聘请主办券商的公告,,0,https://www.cninfo.com.cn/new/disclosure/detail?annoId=1225428885,2026-08-25 10:07:35
920305,20260821,20260716,股票交易异常波动暨严重异常波动公告,,3,https://www.cninfo.com.cn/new/disclosure/detail?annoId=1225428877,2026-08-25 10:07:35
920305,20260821,20260716,关于公司股票进入退市整理期交易的第七次风险提示公告,,1,https://www.cninfo.com.cn/new/disclosure/detail?annoId=1225428876,2026-08-25 10:07:35
920305,20260821,20260717,关于公司股票进入退市整理期交易的第八次风险提示公告,,1,https://www.cninfo.com.cn/new/disclosure/detail?annoId=1225430686,2026-08-25 10:07:35
920305,20260821,20260720,关于公司股票进入退市整理期交易的第九次风险提示公告,,1,https://www.cninfo.com.cn/new/disclosure/detail?annoId=1225432699,2026-08-25 10:07:35
920305,20260821,20260721,关于公司股票进入退市整理期交易的第十次风险提示公告,,1,https://www.cninfo.com.cn/new/disclosure/detail?annoId=1225436102,2026-08-25 10:07:35
920305,20260821,20260721,关于公司股票交易异常波动及风险提示公告,,2,https://www.cninfo.com.cn/new/disclosure/detail?annoId=1225436101,2026-08-25 10:07:35
920305,20260821,20260722,关于公司股票进入退市整理期交易的第十一次风险提示公告,,1,https://www.cninfo.com.cn/new/disclosure/detail?annoId=1225437713,2026-08-25 10:07:35
920305,20260821,20260723,股东减持股份结果公告,,0,https://www.cninfo.com.cn/new/disclosure/detail?annoId=1225439749,2026-08-25 10:07:35
920305,20260821,20260723,关于公司股票交易异常波动暨严重异常波动公告,,3,https://www.cninfo.com.cn/new/disclosure/detail?annoId=1225439747,2026-08-25 10:07:35
920305,20260821,20260723,关于公司股票进入退市整理期交易的第十二次风险提示公告,,1,https://www.cninfo.com.cn/new/disclosure/detail?annoId=1225439716,2026-08-25 10:07:35
920305,20260821,20260723,关于股东权益变动触及1%整数倍的提示性公告,,0,https://www.cninfo.com.cn/new/disclosure/detail?annoId=1225439715,2026-08-25 10:07:35
920305,20260821,20260724,关于公司股票进入退市整理期交易的第十三次风险提示公告,,1,https://www.cninfo.com.cn/new/disclosure/detail?annoId=1225440261,2026-08-25 10:07:35
920305,20260821,20260727,关于公司股票进入退市整理期交易的第十四次风险提示公告,,1,https://www.cninfo.com.cn/new/disclosure/detail?annoId=1225443473,2026-08-25 10:07:35
920305,20260821,20260727,股票交易异常波动及风险提示公告,,2,https://www.cninfo.com.cn/new/disclosure/detail?annoId=1225443472,2026-08-25 10:07:35
920305,20260821,20260728,关于公司股票进入退市整理期交易的第十五次风险提示公告,,1,https://www.cninfo.com.cn/new/disclosure/detail?annoId=1225445442,2026-08-25 10:07:35
920305,20260821,20260728,股票严重异常波动公告,,3,https://www.cninfo.com.cn/new/disclosure/detail?annoId=1225445441,2026-08-25 10:07:35
920305,20260821,20260729,关于公司股票终止上市暨摘牌的公告,,0,https://www.cninfo.com.cn/new/disclosure/detail?annoId=1225446929,2026-08-25 10:07:35
920305,20260824,20260715,关于公司股票进入退市整理期交易的第六次风险提示公告,,1,https://www.cninfo.com.cn/new/disclosure/detail?annoId=1225426950,2026-08-25 10:15:28
920305,20260824,20260715,关于持股5%以上股东权益变动触及5%整数倍的提示性公告,,0,https://www.cninfo.com.cn/new/disclosure/detail?annoId=1225426949,2026-08-25 10:15:28
920305,20260824,20260716,关于聘请主办券商的公告,,0,https://www.cninfo.com.cn/new/disclosure/detail?annoId=1225428885,2026-08-25 10:15:28
920305,20260824,20260716,股票交易异常波动暨严重异常波动公告,,3,https://www.cninfo.com.cn/new/disclosure/detail?annoId=1225428877,2026-08-25 10:15:28
920305,20260824,20260716,关于公司股票进入退市整理期交易的第七次风险提示公告,,1,https://www.cninfo.com.cn/new/disclosure/detail?annoId=1225428876,2026-08-25 10:15:28
920305,20260824,20260717,关于公司股票进入退市整理期交易的第八次风险提示公告,,1,https://www.cninfo.com.cn/new/disclosure/detail?annoId=1225430686,2026-08-25 10:15:28
920305,20260824,20260720,关于公司股票进入退市整理期交易的第九次风险提示公告,,1,https://www.cninfo.com.cn/new/disclosure/detail?annoId=1225432699,2026-08-25 10:15:28
920305,20260824,20260721,关于公司股票进入退市整理期交易的第十次风险提示公告,,1,https://www.cninfo.com.cn/new/disclosure/detail?annoId=1225436102,2026-08-25 10:15:28
920305,20260824,20260721,关于公司股票交易异常波动及风险提示公告,,2,https://www.cninfo.com.cn/new/disclosure/detail?annoId=1225436101,2026-08-25 10:15:28
920305,20260824,20260722,关于公司股票进入退市整理期交易的第十一次风险提示公告,,1,https://www.cninfo.com.cn/new/disclosure/detail?annoId=1225437713,2026-08-25 10:15:28
920305,20260824,20260723,股东减持股份结果公告,,0,https://www.cninfo.com.cn/new/disclosure/detail?annoId=1225439749,2026-08-25 10:15:28
920305,20260824,20260723,关于公司股票交易异常波动暨严重异常波动公告,,3,https://www.cninfo.com.cn/new/disclosure/detail?annoId=1225439747,2026-08-25 10:15:28
920305,20260824,20260723,关于公司股票进入退市整理期交易的第十二次风险提示公告,,1,https://www.cninfo.com.cn/new/disclosure/detail?annoId=1225439716,2026-08-25 10:15:28
920305,20260824,20260723,关于股东权益变动触及1%整数倍的提示性公告,,0,https://www.cninfo.com.cn/new/disclosure/detail?annoId=1225439715,2026-08-25 10:15:28
920305,20260824,20260724,关于公司股票进入退市整理期交易的第十三次风险提示公告,,1,https://www.cninfo.com.cn/new/disclosure/detail?annoId=1225440261,2026-08-25 10:15:28
920305,20260824,20260727,关于公司股票进入退市整理期交易的第十四次风险提示公告,,1,https://www.cninfo.com.cn/new/disclosure/detail?annoId=1225443473,2026-08-25 10:15:28
920305,20260824,20260727,股票交易异常波动及风险提示公告,,2,https://www.cninfo.com.cn/new/disclosure/detail?annoId=1225443472,2026-08-25 10:15:28
920305,20260824,20260728,关于公司股票进入退市整理期交易的第十五次风险提示公告,,1,https://www.cninfo.com.cn/new/disclosure/detail?annoId=1225445442,2026-08-25 10:15:28
920305,20260824,20260728,股票严重异常波动公告,,3,https://www.cninfo.com.cn/new/disclosure/detail?annoId=1225445441,2026-08-25 10:15:28
920305,20260824,20260729,关于公司股票终止上市暨摘牌的公告,,0,https://www.cninfo.com.cn/new/disclosure/detail?annoId=1225446929,2026-08-25 10:15:28
920305,20260825,20260715,关于公司股票进入退市整理期交易的第六次风险提示公告,,1,https://www.cninfo.com.cn/new/disclosure/detail?annoId=1225426950,2026-08-25 19:57:47
920305,20260825,20260715,关于持股5%以上股东权益变动触及5%整数倍的提示性公告,,0,https://www.cninfo.com.cn/new/disclosure/detail?annoId=1225426949,2026-08-25 19:57:47
920305,20260825,20260716,关于聘请主办券商的公告,,0,https://www.cninfo.com.cn/new/disclosure/detail?annoId=1225428885,2026-08-25 19:57:47
920305,20260825,20260716,股票交易异常波动暨严重异常波动公告,,3,https://www.cninfo.com.cn/new/disclosure/detail?annoId=1225428877,2026-08-25 19:57:47
920305,20260825,20260716,关于公司股票进入退市整理期交易的第七次风险提示公告,,1,https://www.cninfo.com.cn/new/disclosure/detail?annoId=1225428876,2026-08-25 19:57:47
920305,20260825,20260717,关于公司股票进入退市整理期交易的第八次风险提示公告,,1,https://www.cninfo.com.cn/new/disclosure/detail?annoId=1225430686,2026-08-25 19:57:47
920305,20260825,20260720,关于公司股票进入退市整理期交易的第九次风险提示公告,,1,https://www.cninfo.com.cn/new/disclosure/detail?annoId=1225432699,2026-08-25 19:57:47
920305,20260825,20260721,关于公司股票进入退市整理期交易的第十次风险提示公告,,1,https://www.cninfo.com.cn/new/disclosure/detail?annoId=1225436102,2026-08-25 19:57:47
920305,20260825,20260721,关于公司股票交易异常波动及风险提示公告,,2,https://www.cninfo.com.cn/new/disclosure/detail?annoId=1225436101,2026-08-25 19:57:47
920305,20260825,20260722,关于公司股票进入退市整理期交易的第十一次风险提示公告,,1,https://www.cninfo.com.cn/new/disclosure/detail?annoId=1225437713,2026-08-25 19:57:47
920305,20260825,20260723,股东减持股份结果公告,,0,https://www.cninfo.com.cn/new/disclosure/detail?annoId=1225439749,2026-08-25 19:57:47
920305,20260825,20260723,关于公司股票交易异常波动暨严重异常波动公告,,3,https://www.cninfo.com.cn/new/disclosure/detail?annoId=1225439747,2026-08-25 19:57:47
920305,20260825,20260723,关于公司股票进入退市整理期交易的第十二次风险提示公告,,1,https://www.cninfo.com.cn/new/disclosure/detail?annoId=1225439716,2026-08-25 19:57:47
920305,20260825,20260723,关于股东权益变动触及1%整数倍的提示性公告,,0,https://www.cninfo.com.cn/new/disclosure/detail?annoId=1225439715,2026-08-25 19:57:47
920305,20260825,20260724,关于公司股票进入退市整理期交易的第十三次风险提示公告,,1,https://www.cninfo.com.cn/new/disclosure/detail?annoId=1225440261,2026-08-25 19:57:47
920305,20260825,20260727,关于公司股票进入退市整理期交易的第十四次风险提示公告,,1,https://www.cninfo.com.cn/new/disclosure/detail?annoId=1225443473,2026-08-25 19:57:47
920305,20260825,20260727,股票交易异常波动及风险提示公告,,2,https://www.cninfo.com.cn/new/disclosure/detail?annoId=1225443472,2026-08-25 19:57:47
920305,20260825,20260728,关于公司股票进入退市整理期交易的第十五次风险提示公告,,1,https://www.cninfo.com.cn/new/disclosure/detail?annoId=1225445442,2026-08-25 19:57:47
920305,20260825,20260728,股票严重异常波动公告,,3,https://www.cninfo.com.cn/new/disclosure/detail?annoId=1225445441,2026-08-25 19:57:47
920305,20260825,20260729,关于公司股票终止上市暨摘牌的公告,,0,https://www.cninfo.com.cn/new/disclosure/detail?annoId=1225446929,2026-08-25 19:57:47
920305,20260826,20260715,关于公司股票进入退市整理期交易的第六次风险提示公告,,1,https://www.cninfo.com.cn/new/disclosure/detail?annoId=1225426950,2026-08-27 00:11:38
920305,20260826,20260715,关于持股5%以上股东权益变动触及5%整数倍的提示性公告,,0,https://www.cninfo.com.cn/new/disclosure/detail?annoId=1225426949,2026-08-27 00:11:38
920305,20260826,20260716,关于聘请主办券商的公告,,0,https://www.cninfo.com.cn/new/disclosure/detail?annoId=1225428885,2026-08-27 00:11:38
920305,20260826,20260716,股票交易异常波动暨严重异常波动公告,,3,https://www.cninfo.com.cn/new/disclosure/detail?annoId=1225428877,2026-08-27 00:11:38
920305,20260826,20260716,关于公司股票进入退市整理期交易的第七次风险提示公告,,1,https://www.cninfo.com.cn/new/disclosure/detail?annoId=1225428876,2026-08-27 00:11:38
920305,20260826,20260717,关于公司股票进入退市整理期交易的第八次风险提示公告,,1,https://www.cninfo.com.cn/new/disclosure/detail?annoId=1225430686,2026-08-27 00:11:38
920305,20260826,20260720,关于公司股票进入退市整理期交易的第九次风险提示公告,,1,https://www.cninfo.com.cn/new/disclosure/detail?annoId=1225432699,2026-08-27 00:11:38
920305,20260826,20260721,关于公司股票进入退市整理期交易的第十次风险提示公告,,1,https://www.cninfo.com.cn/new/disclosure/detail?annoId=1225436102,2026-08-27 00:11:38
920305,20260826,20260721,关于公司股票交易异常波动及风险提示公告,,2,https://www.cninfo.com.cn/new/disclosure/detail?annoId=1225436101,2026-08-27 00:11:38
920305,20260826,20260722,关于公司股票进入退市整理期交易的第十一次风险提示公告,,1,https://www.cninfo.com.cn/new/disclosure/detail?annoId=1225437713,2026-08-27 00:11:38
920305,20260826,20260723,股东减持股份结果公告,,0,https://www.cninfo.com.cn/new/disclosure/detail?annoId=1225439749,2026-08-27 00:11:38
920305,20260826,20260723,关于公司股票交易异常波动暨严重异常波动公告,,3,https://www.cninfo.com.cn/new/disclosure/detail?annoId=1225439747,2026-08-27 00:11:38
920305,20260826,20260723,关于公司股票进入退市整理期交易的第十二次风险提示公告,,1,https://www.cninfo.com.cn/new/disclosure/detail?annoId=1225439716,2026-08-27 00:11:38
920305,20260826,20260723,关于股东权益变动触及1%整数倍的提示性公告,,0,https://www.cninfo.com.cn/new/disclosure/detail?annoId=1225439715,2026-08-27 00:11:38
920305,20260826,20260724,关于公司股票进入退市整理期交易的第十三次风险提示公告,,1,https://www.cninfo.com.cn/new/disclosure/detail?annoId=1225440261,2026-08-27 00:11:38
920305,20260826,20260727,关于公司股票进入退市整理期交易的第十四次风险提示公告,,1,https://www.cninfo.com.cn/new/disclosure/detail?annoId=1225443473,2026-08-27 00:11:38
920305,20260826,20260727,股票交易异常波动及风险提示公告,,2,https://www.cninfo.com.cn/new/disclosure/detail?annoId=1225443472,2026-08-27 00:11:38
920305,20260826,20260728,关于公司股票进入退市整理期交易的第十五次风险提示公告,,1,https://www.cninfo.com.cn/new/disclosure/detail?annoId=1225445442,2026-08-27 00:11:38
920305,20260826,20260728,股票严重异常波动公告,,3,https://www.cninfo.com.cn/new/disclosure/detail?annoId=1225445441,2026-08-27 00:11:38
920305,20260826,20260729,关于公司股票终止上市暨摘牌的公告,,0,https://www.cninfo.com.cn/new/disclosure/detail?annoId=1225446929,2026-08-27 00:11:38
920305,20260827,20260715,关于公司股票进入退市整理期交易的第六次风险提示公告,,1,https://www.cninfo.com.cn/new/disclosure/detail?annoId=1225426950,2026-08-27 21:27:40
920305,20260827,20260715,关于持股5%以上股东权益变动触及5%整数倍的提示性公告,,0,https://www.cninfo.com.cn/new/disclosure/detail?annoId=1225426949,2026-08-27 21:27:40
920305,20260827,20260716,关于聘请主办券商的公告,,0,https://www.cninfo.com.cn/new/disclosure/detail?annoId=1225428885,2026-08-27 21:27:40
920305,20260827,20260716,股票交易异常波动暨严重异常波动公告,,3,https://www.cninfo.com.cn/new/disclosure/detail?annoId=1225428877,2026-08-27 21:27:40
920305,20260827,20260716,关于公司股票进入退市整理期交易的第七次风险提示公告,,1,https://www.cninfo.com.cn/new/disclosure/detail?annoId=1225428876,2026-08-27 21:27:40
920305,20260827,20260717,关于公司股票进入退市整理期交易的第八次风险提示公告,,1,https://www.cninfo.com.cn/new/disclosure/detail?annoId=1225430686,2026-08-27 21:27:40
920305,20260827,20260720,关于公司股票进入退市整理期交易的第九次风险提示公告,,1,https://www.cninfo.com.cn/new/disclosure/detail?annoId=1225432699,2026-08-27 21:27:40
920305,20260827,20260721,关于公司股票进入退市整理期交易的第十次风险提示公告,,1,https://www.cninfo.com.cn/new/disclosure/detail?annoId=1225436102,2026-08-27 21:27:40
920305,20260827,20260721,关于公司股票交易异常波动及风险提示公告,,2,https://www.cninfo.com.cn/new/disclosure/detail?annoId=1225436101,2026-08-27 21:27:40
920305,20260827,20260722,关于公司股票进入退市整理期交易的第十一次风险提示公告,,1,https://www.cninfo.com.cn/new/disclosure/detail?annoId=1225437713,2026-08-27 21:27:40
920305,20260827,20260723,股东减持股份结果公告,,0,https://www.cninfo.com.cn/new/disclosure/detail?annoId=1225439749,2026-08-27 21:27:40
920305,20260827,20260723,关于公司股票交易异常波动暨严重异常波动公告,,3,https://www.cninfo.com.cn/new/disclosure/detail?annoId=1225439747,2026-08-27 21:27:40
920305,20260827,20260723,关于公司股票进入退市整理期交易的第十二次风险提示公告,,1,https://www.cninfo.com.cn/new/disclosure/detail?annoId=1225439716,2026-08-27 21:27:40
920305,20260827,20260723,关于股东权益变动触及1%整数倍的提示性公告,,0,https://www.cninfo.com.cn/new/disclosure/detail?annoId=1225439715,2026-08-27 21:27:40
920305,20260827,20260724,关于公司股票进入退市整理期交易的第十三次风险提示公告,,1,https://www.cninfo.com.cn/new/disclosure/detail?annoId=1225440261,2026-08-27 21:27:40
920305,20260827,20260727,关于公司股票进入退市整理期交易的第十四次风险提示公告,,1,https://www.cninfo.com.cn/new/disclosure/detail?annoId=1225443473,2026-08-27 21:27:40
920305,20260827,20260727,股票交易异常波动及风险提示公告,,2,https://www.cninfo.com.cn/new/disclosure/detail?annoId=1225443472,2026-08-27 21:27:40
920305,20260827,20260728,关于公司股票进入退市整理期交易的第十五次风险提示公告,,1,https://www.cninfo.com.cn/new/disclosure/detail?annoId=1225445442,2026-08-27 21:27:40
920305,20260827,20260728,股票严重异常波动公告,,3,https://www.cninfo.com.cn/new/disclosure/detail?annoId=1225445441,2026-08-27 21:27:40
920305,20260827,20260729,关于公司股票终止上市暨摘牌的公告,,0,https://www.cninfo.com.cn/new/disclosure/detail?annoId=1225446929,2026-08-27 21:27:40
920305,20260831,20260715,关于公司股票进入退市整理期交易的第六次风险提示公告,,1,https://www.cninfo.com.cn/new/disclosure/detail?annoId=1225426950,2026-08-31 21:10:35
920305,20260831,20260715,关于持股5%以上股东权益变动触及5%整数倍的提示性公告,,0,https://www.cninfo.com.cn/new/disclosure/detail?annoId=1225426949,2026-08-31 21:10:35
920305,20260831,20260716,关于聘请主办券商的公告,,0,https://www.cninfo.com.cn/new/disclosure/detail?annoId=1225428885,2026-08-31 21:10:35
920305,20260831,20260716,股票交易异常波动暨严重异常波动公告,,3,https://www.cninfo.com.cn/new/disclosure/detail?annoId=1225428877,2026-08-31 21:10:35
920305,20260831,20260716,关于公司股票进入退市整理期交易的第七次风险提示公告,,1,https://www.cninfo.com.cn/new/disclosure/detail?annoId=1225428876,2026-08-31 21:10:35
920305,20260831,20260717,关于公司股票进入退市整理期交易的第八次风险提示公告,,1,https://www.cninfo.com.cn/new/disclosure/detail?annoId=1225430686,2026-08-31 21:10:35
920305,20260831,20260720,关于公司股票进入退市整理期交易的第九次风险提示公告,,1,https://www.cninfo.com.cn/new/disclosure/detail?annoId=1225432699,2026-08-31 21:10:35
920305,20260831,20260721,关于公司股票进入退市整理期交易的第十次风险提示公告,,1,https://www.cninfo.com.cn/new/disclosure/detail?annoId=1225436102,2026-08-31 21:10:35
920305,20260831,20260721,关于公司股票交易异常波动及风险提示公告,,2,https://www.cninfo.com.cn/new/disclosure/detail?annoId=1225436101,2026-08-31 21:10:35
920305,20260831,20260722,关于公司股票进入退市整理期交易的第十一次风险提示公告,,1,https://www.cninfo.com.cn/new/disclosure/detail?annoId=1225437713,2026-08-31 21:10:35
920305,20260831,20260723,股东减持股份结果公告,,0,https://www.cninfo.com.cn/new/disclosure/detail?annoId=1225439749,2026-08-31 21:10:35
920305,20260831,20260723,关于公司股票交易异常波动暨严重异常波动公告,,3,https://www.cninfo.com.cn/new/disclosure/detail?annoId=1225439747,2026-08-31 21:10:35
920305,20260831,20260723,关于公司股票进入退市整理期交易的第十二次风险提示公告,,1,https://www.cninfo.com.cn/new/disclosure/detail?annoId=1225439716,2026-08-31 21:10:35
920305,20260831,20260723,关于股东权益变动触及1%整数倍的提示性公告,,0,https://www.cninfo.com.cn/new/disclosure/detail?annoId=1225439715,2026-08-31 21:10:35
920305,20260831,20260724,关于公司股票进入退市整理期交易的第十三次风险提示公告,,1,https://www.cninfo.com.cn/new/disclosure/detail?annoId=1225440261,2026-08-31 21:10:35
920305,20260831,20260727,关于公司股票进入退市整理期交易的第十四次风险提示公告,,1,https://www.cninfo.com.cn/new/disclosure/detail?annoId=1225443473,2026-08-31 21:10:35
920305,20260831,20260727,股票交易异常波动及风险提示公告,,2,https://www.cninfo.com.cn/new/disclosure/detail?annoId=1225443472,2026-08-31 21:10:35
920305,20260831,20260728,关于公司股票进入退市整理期交易的第十五次风险提示公告,,1,https://www.cninfo.com.cn/new/disclosure/detail?annoId=1225445442,2026-08-31 21:10:35
920305,20260831,20260728,股票严重异常波动公告,,3,https://www.cninfo.com.cn/new/disclosure/detail?annoId=1225445441,2026-08-31 21:10:35
920305,20260831,20260729,关于公司股票终止上市暨摘牌的公告,,0,https://www.cninfo.com.cn/new/disclosure/detail?annoId=1225446929,2026-08-31 21:10:35
