date,code,sub,mainline
20260907,bj920001,,
20260907,bj920006,军工,军工航天
20260907,bj920021,传媒,AI应用
20260907,bj920035,算力,AI算力
20260907,bj920075,AI应用,AI应用
20260907,bj920083,化工,周期资源
20260907,bj920087,,
20260907,bj920090,AI应用,AI应用
20260907,bj920092,AI应用,AI应用
20260907,bj920117,储能,新能源电网
20260907,bj920122,,
20260907,bj920125,PCB,AI算力
20260907,bj920128,储能,新能源电网
20260907,bj920130,AI应用,AI应用
20260907,bj920152,电力,新能源电网
20260907,bj920161,化工,周期资源
20260907,bj920176,,
20260907,bj920178,消费电子,AI算力
20260907,bj920181,半导体,AI算力
20260907,bj920190,消费电子,AI算力
20260907,bj920193,电力,新能源电网
20260907,bj920211,机器人,机器人
20260907,bj920212,消费电子,AI算力
20260907,bj920221,减速器,机器人
20260907,bj920222,电网,新能源电网
20260907,bj920223,算力,AI算力
20260907,bj920249,储能,新能源电网
20260907,bj920270,,
20260907,bj920344,医药,医药
20260907,bj920357,消费电子,AI算力
20260907,bj920367,医药,医药
20260907,bj920394,化工,周期资源
20260907,bj920469,化工,周期资源
20260907,bj920510,机器人,机器人
20260907,bj920580,储能,新能源电网
20260907,bj920592,AI应用,AI应用
20260907,bj920634,有色,周期资源
20260907,bj920662,算力,AI算力
20260907,bj920685,,
20260907,bj920699,消费电子,AI算力
20260907,bj920725,半导体,AI算力
20260907,bj920790,,
20260907,bj920821,光通信,AI算力
20260907,bj920855,,
20260907,bj920856,机器人,机器人
20260907,bj920857,消费电子,AI算力
20260907,bj920876,消费电子,AI算力
20260907,bj920895,,
20260907,bj920961,卫星,军工航天
20260907,sh600052,储能,新能源电网
20260907,sh600053,机器人,机器人
20260907,sh600059,,
20260907,sh600080,医药,医药
20260907,sh600082,,
20260907,sh600084,,
20260907,sh600088,传媒,AI应用
20260907,sh600095,,
20260907,sh600107,油气,周期资源
20260907,sh600108,,
20260907,sh600113,,
20260907,sh600119,,
20260907,sh600120,,
20260907,sh600127,,
20260907,sh600130,消费电子,AI算力
20260907,sh600158,算力,AI算力
20260907,sh600162,算力,AI算力
20260907,sh600165,化工,周期资源
20260907,sh600172,新材料,周期资源
20260907,sh600178,低空经济,军工航天
20260907,sh600180,,
20260907,sh600182,,
20260907,sh600185,,
20260907,sh600187,储能,新能源电网
20260907,sh600191,,
20260907,sh600199,,
20260907,sh600206,半导体,AI算力
20260907,sh600227,化工,周期资源
20260907,sh600228,传媒,AI应用
20260907,sh600233,,
20260907,sh600238,,
20260907,sh600239,,
20260907,sh600243,,
20260907,sh600246,算力,AI算力
20260907,sh600250,,
20260907,sh600251,电力,新能源电网
20260907,sh600257,,
20260907,sh600265,算力,AI算力
20260907,sh600266,航天,军工航天
20260907,sh600280,,
20260907,sh600289,AI应用,AI应用
20260907,sh600293,化工,周期资源
20260907,sh600301,有色,周期资源
20260907,sh600302,,
20260907,sh600303,氢能,新能源电网
20260907,sh600313,,
20260907,sh600318,,
20260907,sh600322,,
20260907,sh600326,化工,周期资源
20260907,sh600327,,
20260907,sh600337,AI应用,AI应用
20260907,sh600340,低空经济,军工航天
20260907,sh600343,氢能,新能源电网
20260907,sh600345,航天,军工航天
20260907,sh600350,,
20260907,sh600353,军工,军工航天
20260907,sh600354,,
20260907,sh600359,医药,医药
20260907,sh600360,半导体,AI算力
20260907,sh600365,,
20260907,sh600367,储能,新能源电网
20260907,sh600370,化工,周期资源
20260907,sh600371,,
20260907,sh600375,氢能,新能源电网
20260907,sh600376,,
20260907,sh600379,电网,新能源电网
20260907,sh600381,医药,医药
20260907,sh600382,黑色,周期资源
20260907,sh600391,军工,军工航天
20260907,sh600400,AI应用,AI应用
20260907,sh600410,AI应用,AI应用
20260907,sh600418,智能驾驶,AI应用
20260907,sh600419,,
20260907,sh600423,化工,周期资源
20260907,sh600429,,
20260907,sh600433,化工,周期资源
20260907,sh600439,,
20260907,sh600459,有色,周期资源
20260907,sh600463,,
20260907,sh600476,算力,AI算力
20260907,sh600491,,
20260907,sh600500,储能,新能源电网
20260907,sh600508,煤炭,周期资源
20260907,sh600509,电力,新能源电网
20260907,sh600510,元件,AI算力
20260907,sh600516,储能,新能源电网
20260907,sh600527,,
20260907,sh600530,,
20260907,sh600536,,
20260907,sh600537,光伏,新能源电网
20260907,sh600539,PCB,AI算力
20260907,sh600540,,
20260907,sh600543,,
20260907,sh600567,化工,周期资源
20260907,sh600568,医药,医药
20260907,sh600573,,
20260907,sh600576,低空经济,军工航天
20260907,sh600581,黑色,周期资源
20260907,sh600584,半导体,AI算力
20260907,sh600589,算力,AI算力
20260907,sh600593,,
20260907,sh600595,有色,周期资源
20260907,sh600598,,
20260907,sh600603,,
20260907,sh600606,AI应用,AI应用
20260907,sh600611,算力,AI算力
20260907,sh600624,医药,医药
20260907,sh600626,,
20260907,sh600629,消费电子,AI算力
20260907,sh600630,,
20260907,sh600637,传媒,AI应用
20260907,sh600654,消费电子,AI算力
20260907,sh600657,,
20260907,sh600661,,
20260907,sh600663,,
20260907,sh600665,,
20260907,sh600667,光伏,新能源电网
20260907,sh600673,算力,AI算力
20260907,sh600676,,
20260907,sh600678,化工,周期资源
20260907,sh600679,,
20260907,sh600682,,
20260907,sh600683,,
20260907,sh600689,,
20260907,sh600693,,
20260907,sh600698,,
20260907,sh600702,,
20260907,sh600703,半导体,AI算力
20260907,sh600708,,
20260907,sh600712,,
20260907,sh600714,化工,周期资源
20260907,sh600721,医药,医药
20260907,sh600724,,
20260907,sh600730,AI应用,AI应用
20260907,sh600733,储能,新能源电网
20260907,sh600734,算力,AI算力
20260907,sh600735,医药,医药
20260907,sh600737,,
20260907,sh600743,,
20260907,sh600745,半导体,AI算力
20260907,sh600746,化工,周期资源
20260907,sh600748,,
20260907,sh600749,,
20260907,sh600753,,
20260907,sh600758,煤炭,周期资源
20260907,sh600759,油气,周期资源
20260907,sh600769,,
20260907,sh600770,半导体,AI算力
20260907,sh600777,油气,周期资源
20260907,sh600779,,
20260907,sh600785,,
20260907,sh600791,,
20260907,sh600815,,
20260907,sh600816,,
20260907,sh600818,,
20260907,sh600824,有色,周期资源
20260907,sh600828,,
20260907,sh600829,医药,医药
20260907,sh600830,,
20260907,sh600838,,
20260907,sh600844,化工,周期资源
20260907,sh600846,,
20260907,sh600847,电力,新能源电网
20260907,sh600857,有色,周期资源
20260907,sh600865,,
20260907,sh600881,医药,医药
20260907,sh600889,机器人,机器人
20260907,sh600892,传媒,AI应用
20260907,sh600903,油气,周期资源
20260907,sh600906,,
20260907,sh600909,,
20260907,sh600936,机器人,机器人
20260907,sh600965,,
20260907,sh600975,,
20260907,sh600980,机器人,机器人
20260907,sh600984,化工,周期资源
20260907,sh600985,煤炭,周期资源
20260907,sh601002,,
20260907,sh601003,黑色,周期资源
20260907,sh601010,,
20260907,sh601038,智能驾驶,AI应用
20260907,sh601066,,
20260907,sh601086,,
20260907,sh601101,煤炭,周期资源
20260907,sh601108,,
20260907,sh601116,,
20260907,sh601121,黑色,周期资源
20260907,sh601136,,
20260907,sh601155,,
20260907,sh601162,,
20260907,sh601177,核电,新能源电网
20260907,sh601199,,
20260907,sh601233,油气,周期资源
20260907,sh601336,,
20260907,sh601366,,
20260907,sh601368,,
20260907,sh601566,,
20260907,sh601579,,
20260907,sh601588,,
20260907,sh601616,电网,新能源电网
20260907,sh601666,煤炭,周期资源
20260907,sh601686,黑色,周期资源
20260907,sh601696,,
20260907,sh601699,煤炭,周期资源
20260907,sh601700,电网,新能源电网
20260907,sh601702,有色,周期资源
20260907,sh601718,军工,军工航天
20260907,sh601789,算力,AI算力
20260907,sh601798,储能,新能源电网
20260907,sh601882,,
20260907,sh601886,光伏,新能源电网
20260907,sh601933,,
20260907,sh601952,,
20260907,sh601958,有色,周期资源
20260907,sh601991,电力,新能源电网
20260907,sh601996,,
20260907,sh601999,传媒,AI应用
20260907,sh603001,,
20260907,sh603005,半导体,AI算力
20260907,sh603007,智能驾驶,AI应用
20260907,sh603008,医药,医药
20260907,sh603013,氢能,新能源电网
20260907,sh603020,化工,周期资源
20260907,sh603021,,
20260907,sh603023,智能驾驶,AI应用
20260907,sh603025,PCB,AI算力
20260907,sh603029,,
20260907,sh603030,算力,AI算力
20260907,sh603031,储能,新能源电网
20260907,sh603032,储能,新能源电网
20260907,sh603036,油气,周期资源
20260907,sh603038,,
20260907,sh603039,AI应用,AI应用
20260907,sh603042,算力,AI算力
20260907,sh603045,有色,周期资源
20260907,sh603048,,
20260907,sh603052,消费电子,AI算力
20260907,sh603057,,
20260907,sh603061,半导体,AI算力
20260907,sh603065,化工,周期资源
20260907,sh603067,储能,新能源电网
20260907,sh603068,芯片,AI算力
20260907,sh603071,电力,新能源电网
20260907,sh603076,,
20260907,sh603078,半导体,AI算力
20260907,sh603089,机器人,机器人
20260907,sh603093,,
20260907,sh603095,,
20260907,sh603102,,
20260907,sh603115,,
20260907,sh603118,算力,AI算力
20260907,sh603122,医药,医药
20260907,sh603124,有色,周期资源
20260907,sh603127,医药,医药
20260907,sh603135,机器人,机器人
20260907,sh603137,,
20260907,sh603151,,
20260907,sh603156,,
20260907,sh603159,,
20260907,sh603161,氢能,新能源电网
20260907,sh603171,算力,AI算力
20260907,sh603177,储能,新能源电网
20260907,sh603180,,
20260907,sh603189,AI应用,AI应用
20260907,sh603190,智能驾驶,AI应用
20260907,sh603191,电网,新能源电网
20260907,sh603193,,
20260907,sh603196,储能,新能源电网
20260907,sh603197,智能驾驶,AI应用
20260907,sh603201,,
20260907,sh603210,AI应用,AI应用
20260907,sh603216,AI应用,AI应用
20260907,sh603221,,
20260907,sh603222,医药,医药
20260907,sh603223,油气,周期资源
20260907,sh603226,,
20260907,sh603236,机器人,机器人
20260907,sh603237,,
20260907,sh603261,军工,军工航天
20260907,sh603267,军工,军工航天
20260907,sh603268,军工,军工航天
20260907,sh603269,算力,AI算力
20260907,sh603272,,
20260907,sh603277,,
20260907,sh603278,光伏,新能源电网
20260907,sh603285,化工,周期资源
20260907,sh603289,,
20260907,sh603303,储能,新能源电网
20260907,sh603306,光通信,AI算力
20260907,sh603311,,
20260907,sh603313,,
20260907,sh603317,,
20260907,sh603318,油气,周期资源
20260907,sh603320,电力,新能源电网
20260907,sh603325,,
20260907,sh603329,,
20260907,sh603333,电力,新能源电网
20260907,sh603335,存储,AI算力
20260907,sh603338,机器人,机器人
20260907,sh603345,,
20260907,sh603348,低空经济,军工航天
20260907,sh603352,机器人,机器人
20260907,sh603353,油气,周期资源
20260907,sh603355,,
20260907,sh603356,光伏,新能源电网
20260907,sh603359,,
20260907,sh603360,化工,周期资源
20260907,sh603363,,
20260907,sh603366,光伏,新能源电网
20260907,sh603369,,
20260907,sh603377,,
20260907,sh603378,化工,周期资源
20260907,sh603382,化工,周期资源
20260907,sh603389,新材料,周期资源
20260907,sh603398,电力,新能源电网
20260907,sh603402,,
20260907,sh603406,化工,周期资源
20260907,sh603418,机器人,机器人
20260907,sh603429,化工,周期资源
20260907,sh603435,储能,新能源电网
20260907,sh603466,AI应用,AI应用
20260907,sh603477,,
20260907,sh603489,电力,新能源电网
20260907,sh603500,,
20260907,sh603508,智能驾驶,AI应用
20260907,sh603516,芯片,AI算力
20260907,sh603517,,
20260907,sh603519,半导体,AI算力
20260907,sh603527,有色,周期资源
20260907,sh603535,,
20260907,sh603538,医药,医药
20260907,sh603557,,
20260907,sh603559,低空经济,军工航天
20260907,sh603580,化工,周期资源
20260907,sh603595,消费电子,AI算力
20260907,sh603606,电网,新能源电网
20260907,sh603608,机器人,机器人
20260907,sh603615,,
20260907,sh603618,电网,新能源电网
20260907,sh603629,消费电子,AI算力
20260907,sh603630,,
20260907,sh603636,AI应用,AI应用
20260907,sh603637,氢能,新能源电网
20260907,sh603655,,
20260907,sh603657,,
20260907,sh603661,新材料,周期资源
20260907,sh603666,机器人,机器人
20260907,sh603667,机器人,机器人
20260907,sh603668,,
20260907,sh603678,军工,军工航天
20260907,sh603682,,
20260907,sh603688,化工,周期资源
20260907,sh603696,,
20260907,sh603697,,
20260907,sh603708,,
20260907,sh603711,,
20260907,sh603713,,
20260907,sh603717,光伏,新能源电网
20260907,sh603718,医药,医药
20260907,sh603719,,
20260907,sh603721,传媒,AI应用
20260907,sh603722,化工,周期资源
20260907,sh603726,机器人,机器人
20260907,sh603727,油气,周期资源
20260907,sh603729,传媒,AI应用
20260907,sh603738,机器人,机器人
20260907,sh603739,化工,周期资源
20260907,sh603757,算力,AI算力
20260907,sh603759,储能,新能源电网
20260907,sh603773,消费电子,AI算力
20260907,sh603777,,
20260907,sh603779,,
20260907,sh603789,智能驾驶,AI应用
20260907,sh603790,化工,周期资源
20260907,sh603797,,
20260907,sh603801,AI应用,AI应用
20260907,sh603808,,
20260907,sh603813,氢能,新能源电网
20260907,sh603815,,
20260907,sh603822,化工,周期资源
20260907,sh603828,,
20260907,sh603833,,
20260907,sh603838,,
20260907,sh603839,,
20260907,sh603843,储能,新能源电网
20260907,sh603848,,
20260907,sh603869,算力,AI算力
20260907,sh603871,,
20260907,sh603877,,
20260907,sh603886,,
20260907,sh603903,芯片,AI算力
20260907,sh603919,,
20260907,sh603922,,
20260907,sh603933,机器人,机器人
20260907,sh603937,有色,周期资源
20260907,sh603938,化工,周期资源
20260907,sh603955,,
20260907,sh603956,AI应用,AI应用
20260907,sh603959,储能,新能源电网
20260907,sh603969,核电,新能源电网
20260907,sh603976,医药,医药
20260907,sh603978,化工,周期资源
20260907,sh603983,,
20260907,sh603986,芯片,AI算力
20260907,sh603989,消费电子,AI算力
20260907,sh603991,半导体,AI算力
20260907,sh603992,机器人,机器人
20260907,sh603995,黑色,周期资源
20260907,sh603997,机器人,机器人
20260907,sh603999,传媒,AI应用
20260907,sh605016,化工,周期资源
20260907,sh605028,电力,新能源电网
20260907,sh605033,化工,周期资源
20260907,sh605080,,
20260907,sh605086,化工,周期资源
20260907,sh605089,,
20260907,sh605098,AI应用,AI应用
20260907,sh605099,,
20260907,sh605108,,
20260907,sh605151,,
20260907,sh605155,,
20260907,sh605158,有色,周期资源
20260907,sh605166,化工,周期资源
20260907,sh605169,油气,周期资源
20260907,sh605178,存储,AI算力
20260907,sh605179,,
20260907,sh605180,元件,AI算力
20260907,sh605188,,
20260907,sh605189,机器人,机器人
20260907,sh605198,,
20260907,sh605199,医药,医药
20260907,sh605218,医药,医药
20260907,sh605255,氢能,新能源电网
20260907,sh605277,消费电子,AI算力
20260907,sh605287,AI应用,AI应用
20260907,sh605296,,
20260907,sh605298,,
20260907,sh605299,消费电子,AI算力
20260907,sh605300,,
20260907,sh605319,半导体,AI算力
20260907,sh605336,电网,新能源电网
20260907,sh605337,,
20260907,sh605339,,
20260907,sh605358,半导体,AI算力
20260907,sh605388,,
20260907,sh605499,,
20260907,sh605580,电力,新能源电网
20260907,sh688069,氢能,新能源电网
20260907,sh688152,航天,军工航天
20260907,sh688169,机器人,机器人
20260907,sh688172,半导体,AI算力
20260907,sh688209,芯片,AI算力
20260907,sh688258,消费电子,AI算力
20260907,sh688281,军工,军工航天
20260907,sh688328,消费电子,AI算力
20260907,sh688333,低空经济,军工航天
20260907,sh688335,氢能,新能源电网
20260907,sh688367,,
20260907,sh688371,消费电子,AI算力
20260907,sh688432,半导体,AI算力
20260907,sh688478,半导体,AI算力
20260907,sh688496,消费电子,AI算力
20260907,sh688531,储能,新能源电网
20260907,sh688584,半导体,AI算力
20260907,sh688610,机器人,机器人
20260907,sh688622,医药,医药
20260907,sh688720,半导体,AI算力
20260907,sh688790,芯片,AI算力
20260907,sz000006,,
20260907,sz000007,,
20260907,sz000008,,
20260907,sz000009,储能,新能源电网
20260907,sz000010,,
20260907,sz000011,,
20260907,sz000016,半导体,AI算力
20260907,sz000019,,
20260907,sz000020,,
20260907,sz000021,消费电子,AI算力
20260907,sz000025,有色,周期资源
20260907,sz000029,,
20260907,sz000031,,
20260907,sz000035,氢能,新能源电网
20260907,sz000036,,
20260907,sz000039,油气,周期资源
20260907,sz000042,,
20260907,sz000048,机器人,机器人
20260907,sz000055,光伏,新能源电网
20260907,sz000056,半导体,AI算力
20260907,sz000060,有色,周期资源
20260907,sz000062,半导体,AI算力
20260907,sz000065,光伏,新能源电网
20260907,sz000068,新材料,周期资源
20260907,sz000078,医药,医药
20260907,sz000090,光伏,新能源电网
20260907,sz000151,电力,新能源电网
20260907,sz000153,医药,医药
20260907,sz000158,算力,AI算力
20260907,sz000301,化工,周期资源
20260907,sz000402,,
20260907,sz000417,有色,周期资源
20260907,sz000428,,
20260907,sz000488,化工,周期资源
20260907,sz000505,,
20260907,sz000509,,
20260907,sz000510,化工,周期资源
20260907,sz000517,,
20260907,sz000518,医药,医药
20260907,sz000520,航运,周期资源
20260907,sz000521,医药,医药
20260907,sz000523,,
20260907,sz000524,低空经济,军工航天
20260907,sz000526,AI应用,AI应用
20260907,sz000532,储能,新能源电网
20260907,sz000551,智能驾驶,AI应用
20260907,sz000553,化工,周期资源
20260907,sz000554,油气,周期资源
20260907,sz000558,传媒,AI应用
20260907,sz000560,AI应用,AI应用
20260907,sz000564,,
20260907,sz000567,,
20260907,sz000572,储能,新能源电网
20260907,sz000576,军工,军工航天
20260907,sz000582,航运,周期资源
20260907,sz000592,,
20260907,sz000593,储能,新能源电网
20260907,sz000595,电力,新能源电网
20260907,sz000596,,
20260907,sz000601,电力,新能源电网
20260907,sz000608,算力,AI算力
20260907,sz000609,半导体,AI算力
20260907,sz000610,,
20260907,sz000620,算力,AI算力
20260907,sz000626,医药,医药
20260907,sz000632,,
20260907,sz000635,化工,周期资源
20260907,sz000639,,
20260907,sz000656,,
20260907,sz000659,,
20260907,sz000668,,
20260907,sz000669,油气,周期资源
20260907,sz000672,化工,周期资源
20260907,sz000676,传媒,AI应用
20260907,sz000677,化工,周期资源
20260907,sz000679,,
20260907,sz000691,化工,周期资源
20260907,sz000692,电力,新能源电网
20260907,sz000697,军工,军工航天
20260907,sz000698,化工,周期资源
20260907,sz000702,,
20260907,sz000711,,
20260907,sz000712,,
20260907,sz000713,化工,周期资源
20260907,sz000715,,
20260907,sz000716,储能,新能源电网
20260907,sz000718,,
20260907,sz000720,电力,新能源电网
20260907,sz000721,,
20260907,sz000722,电力,新能源电网
20260907,sz000735,,
20260907,sz000736,,
20260907,sz000757,消费电子,AI算力
20260907,sz000759,,
20260907,sz000776,,
20260907,sz000783,,
20260907,sz000790,医药,医药
20260907,sz000791,电力,新能源电网
20260907,sz000793,传媒,AI应用
20260907,sz000796,金融科技,AI应用
20260907,sz000798,,
20260907,sz000802,传媒,AI应用
20260907,sz000803,电力,新能源电网
20260907,sz000809,风电,新能源电网
20260907,sz000811,氢能,新能源电网
20260907,sz000815,算力,AI算力
20260907,sz000820,,
20260907,sz000821,光伏,新能源电网
20260907,sz000826,储能,新能源电网
20260907,sz000838,,
20260907,sz000839,AI应用,AI应用
20260907,sz000852,油气,周期资源
20260907,sz000863,AI应用,AI应用
20260907,sz000876,,
20260907,sz000882,,
20260907,sz000889,金融科技,AI应用
20260907,sz000890,,
20260907,sz000892,传媒,AI应用
20260907,sz000903,氢能,新能源电网
20260907,sz000908,医药,医药
20260907,sz000909,储能,新能源电网
20260907,sz000911,,
20260907,sz000921,,
20260907,sz000926,,
20260907,sz000929,,
20260907,sz000935,创新药,医药
20260907,sz000951,智能驾驶,AI应用
20260907,sz000965,,
20260907,sz000972,医药,医药
20260907,sz000973,储能,新能源电网
20260907,sz000978,,
20260907,sz000980,智能驾驶,AI应用
20260907,sz000987,电力,新能源电网
20260907,sz000995,,
20260907,sz000998,,
20260907,sz001206,,
20260907,sz001207,化工,周期资源
20260907,sz001211,,
20260907,sz001215,,
20260907,sz001218,化工,周期资源
20260907,sz001221,,
20260907,sz001222,,
20260907,sz001225,,
20260907,sz001233,,
20260907,sz001237,,
20260907,sz001256,,
20260907,sz001259,,
20260907,sz001260,,
20260907,sz001266,储能,新能源电网
20260907,sz001267,光通信,AI算力
20260907,sz001270,军工,军工航天
20260907,sz001279,化工,周期资源
20260907,sz001296,化工,周期资源
20260907,sz001300,,
20260907,sz001301,储能,新能源电网
20260907,sz001316,油气,周期资源
20260907,sz001317,,
20260907,sz001318,,
20260907,sz001323,消费电子,AI算力
20260907,sz001328,医药,医药
20260907,sz001336,,
20260907,sz001338,,
20260907,sz001359,储能,新能源电网
20260907,sz001366,,
20260907,sz001378,化工,周期资源
20260907,sz001387,PCB,AI算力
20260907,sz001388,电网,新能源电网
20260907,sz001395,,
20260907,sz001400,航天,军工航天
20260907,sz001896,电力,新能源电网
20260907,sz002005,,
20260907,sz002012,化工,周期资源
20260907,sz002014,,
20260907,sz002024,,
20260907,sz002030,医药,医药
20260907,sz002031,机器人,机器人
20260907,sz002037,化工,周期资源
20260907,sz002040,航运,周期资源
20260907,sz002041,,
20260907,sz002042,电力,新能源电网
20260907,sz002045,消费电子,AI算力
20260907,sz002046,机器人,机器人
20260907,sz002047,,
20260907,sz002051,算力,AI算力
20260907,sz002052,储能,新能源电网
20260907,sz002055,消费电子,AI算力
20260907,sz002056,光伏,新能源电网
20260907,sz002058,电力,新能源电网
20260907,sz002066,,
20260907,sz002067,化工,周期资源
20260907,sz002072,存储,AI算力
20260907,sz002076,储能,新能源电网
20260907,sz002079,光伏,新能源电网
20260907,sz002082,医药,医药
20260907,sz002083,化工,周期资源
20260907,sz002084,,
20260907,sz002088,储能,新能源电网
20260907,sz002098,金融科技,AI应用
20260907,sz002102,医药,医药
20260907,sz002109,化工,周期资源
20260907,sz002111,军工,军工航天
20260907,sz002122,,
20260907,sz002124,,
20260907,sz002125,储能,新能源电网
20260907,sz002133,,
20260907,sz002138,消费电子,AI算力
20260907,sz002146,低空经济,军工航天
20260907,sz002156,半导体,AI算力
20260907,sz002159,,
20260907,sz002160,有色,周期资源
20260907,sz002168,电网,新能源电网
20260907,sz002172,医药,医药
20260907,sz002174,传媒,AI应用
20260907,sz002175,芯片,AI算力
20260907,sz002180,芯片,AI算力
20260907,sz002181,AI应用,AI应用
20260907,sz002185,半导体,AI算力
20260907,sz002190,军工,军工航天
20260907,sz002192,储能,新能源电网
20260907,sz002193,,
20260907,sz002198,医药,医药
20260907,sz002199,,
20260907,sz002200,,
20260907,sz002201,化工,周期资源
20260907,sz002207,油气,周期资源
20260907,sz002208,,
20260907,sz002209,机器人,机器人
20260907,sz002210,电力,新能源电网
20260907,sz002211,化工,周期资源
20260907,sz002212,AI应用,AI应用
20260907,sz002214,军工,军工航天
20260907,sz002217,PCB,AI算力
20260907,sz002225,氢能,新能源电网
20260907,sz002227,电力,新能源电网
20260907,sz002235,化工,周期资源
20260907,sz002243,新材料,周期资源
20260907,sz002244,储能,新能源电网
20260907,sz002245,储能,新能源电网
20260907,sz002248,芯片,AI算力
20260907,sz002250,化工,周期资源
20260907,sz002251,,
20260907,sz002253,军工,军工航天
20260907,sz002254,储能,新能源电网
20260907,sz002258,化工,周期资源
20260907,sz002274,化工,周期资源
20260907,sz002277,机器人,机器人
20260907,sz002279,AI应用,AI应用
20260907,sz002281,光通信,AI算力
20260907,sz002284,智能驾驶,AI应用
20260907,sz002286,,
20260907,sz002289,算力,AI算力
20260907,sz002292,传媒,AI应用
20260907,sz002297,军工,军工航天
20260907,sz002298,算力,AI算力
20260907,sz002300,电力,新能源电网
20260907,sz002302,化工,周期资源
20260907,sz002303,消费电子,AI算力
20260907,sz002305,,
20260907,sz002306,光伏,新能源电网
20260907,sz002309,电网,新能源电网
20260907,sz002310,光伏,新能源电网
20260907,sz002314,储能,新能源电网
20260907,sz002317,医药,医药
20260907,sz002322,电网,新能源电网
20260907,sz002323,电力,新能源电网
20260907,sz002329,光伏,新能源电网
20260907,sz002333,光伏,新能源电网
20260907,sz002346,储能,新能源电网
20260907,sz002348,算力,AI算力
20260907,sz002353,油气,周期资源
20260907,sz002354,AI应用,AI应用
20260907,sz002355,无人机,军工航天
20260907,sz002356,氢能,新能源电网
20260907,sz002357,卫星,军工航天
20260907,sz002360,化工,周期资源
20260907,sz002364,算力,AI算力
20260907,sz002365,医药,医药
20260907,sz002369,消费电子,AI算力
20260907,sz002374,,
20260907,sz002375,,
20260907,sz002377,油气,周期资源
20260907,sz002379,有色,周期资源
20260907,sz002384,消费电子,AI算力
20260907,sz002385,医药,医药
20260907,sz002396,光通信,AI算力
20260907,sz002397,,
20260907,sz002404,电力,新能源电网
20260907,sz002407,化工,周期资源
20260907,sz002409,半导体,AI算力
20260907,sz002414,军工,军工航天
20260907,sz002423,,
20260907,sz002424,医药,医药
20260907,sz002427,化工,周期资源
20260907,sz002431,,
20260907,sz002432,医药,医药
20260907,sz002436,消费电子,AI算力
20260907,sz002442,化工,周期资源
20260907,sz002445,电力,新能源电网
20260907,sz002453,化工,周期资源
20260907,sz002454,低空经济,军工航天
20260907,sz002457,,
20260907,sz002458,,
20260907,sz002468,,
20260907,sz002471,电网,新能源电网
20260907,sz002483,,
20260907,sz002484,军工,军工航天
20260907,sz002485,,
20260907,sz002490,油气,周期资源
20260907,sz002491,,
20260907,sz002496,化工,周期资源
20260907,sz002497,储能,新能源电网
20260907,sz002498,电网,新能源电网
20260907,sz002501,有色,周期资源
20260907,sz002512,算力,AI算力
20260907,sz002514,储能,新能源电网
20260907,sz002520,机器人,机器人
20260907,sz002528,消费电子,AI算力
20260907,sz002529,新材料,周期资源
20260907,sz002536,氢能,新能源电网
20260907,sz002538,化工,周期资源
20260907,sz002542,传媒,AI应用
20260907,sz002543,,
20260907,sz002546,电力,新能源电网
20260907,sz002547,储能,新能源电网
20260907,sz002548,,
20260907,sz002552,PCB,AI算力
20260907,sz002564,核电,新能源电网
20260907,sz002568,,
20260907,sz002569,,
20260907,sz002570,AI应用,AI应用
20260907,sz002579,消费电子,AI算力
20260907,sz002581,医药,医药
20260907,sz002582,,
20260907,sz002586,传媒,AI应用
20260907,sz002592,消费电子,AI算力
20260907,sz002596,化工,周期资源
20260907,sz002597,化工,周期资源
20260907,sz002598,储能,新能源电网
20260907,sz002607,AI应用,AI应用
20260907,sz002612,,
20260907,sz002613,化工,周期资源
20260907,sz002615,消费电子,AI算力
20260907,sz002617,电力,新能源电网
20260907,sz002620,电力,新能源电网
20260907,sz002622,医药,医药
20260907,sz002626,,
20260907,sz002627,,
20260907,sz002629,油气,周期资源
20260907,sz002630,电力,新能源电网
20260907,sz002632,储能,新能源电网
20260907,sz002634,新材料,周期资源
20260907,sz002638,,
20260907,sz002640,消费电子,AI算力
20260907,sz002645,有色,周期资源
20260907,sz002650,,
20260907,sz002655,消费电子,AI算力
20260907,sz002656,,
20260907,sz002659,消费电子,AI算力
20260907,sz002667,储能,新能源电网
20260907,sz002668,,
20260907,sz002670,,
20260907,sz002674,机器人,机器人
20260907,sz002677,AI应用,AI应用
20260907,sz002679,,
20260907,sz002682,氢能,新能源电网
20260907,sz002686,军工,军工航天
20260907,sz002687,,
20260907,sz002688,化工,周期资源
20260907,sz002689,机器人,机器人
20260907,sz002691,机器人,机器人
20260907,sz002693,医药,医药
20260907,sz002694,,
20260907,sz002696,,
20260907,sz002700,油气,周期资源
20260907,sz002702,,
20260907,sz002713,算力,AI算力
20260907,sz002717,消费电子,AI算力
20260907,sz002718,,
20260907,sz002719,,
20260907,sz002724,新材料,周期资源
20260907,sz002726,,
20260907,sz002731,储能,新能源电网
20260907,sz002735,低空经济,军工航天
20260907,sz002742,医药,医药
20260907,sz002743,,
20260907,sz002745,PCB,AI算力
20260907,sz002759,化工,周期资源
20260907,sz002762,,
20260907,sz002763,,
20260907,sz002774,,
20260907,sz002775,,
20260907,sz002777,AI应用,AI应用
20260907,sz002786,消费电子,AI算力
20260907,sz002789,,
20260907,sz002791,,
20260907,sz002798,算力,AI算力
20260907,sz002800,,
20260907,sz002815,消费电子,AI算力
20260907,sz002816,PCB,AI算力
20260907,sz002818,,
20260907,sz002819,医药,医药
20260907,sz002820,,
20260907,sz002821,医药,医药
20260907,sz002822,,
20260907,sz002824,有色,周期资源
20260907,sz002826,医药,医药
20260907,sz002827,化工,周期资源
20260907,sz002828,油气,周期资源
20260907,sz002829,航天,军工航天
20260907,sz002830,,
20260907,sz002832,,
20260907,sz002840,,
20260907,sz002841,消费电子,AI算力
20260907,sz002842,有色,周期资源
20260907,sz002845,消费电子,AI算力
20260907,sz002847,,
20260907,sz002848,航天,军工航天
20260907,sz002851,储能,新能源电网
20260907,sz002852,,
20260907,sz002856,,
20260907,sz002860,光伏,新能源电网
20260907,sz002867,有色,周期资源
20260907,sz002868,化工,周期资源
20260907,sz002871,算力,AI算力
20260907,sz002872,医药,医药
20260907,sz002875,,
20260907,sz002876,消费电子,AI算力
20260907,sz002879,电网,新能源电网
20260907,sz002883,低空经济,军工航天
20260907,sz002888,消费电子,AI算力
20260907,sz002891,,
20260907,sz002893,电力,新能源电网
20260907,sz002896,机器人,机器人
20260907,sz002907,医药,医药
20260907,sz002910,,
20260907,sz002915,化工,周期资源
20260907,sz002916,消费电子,AI算力
20260907,sz002918,,
20260907,sz002928,,
20260907,sz002929,算力,AI算力
20260907,sz002930,化工,周期资源
20260907,sz002945,,
20260907,sz002949,低空经济,军工航天
20260907,sz002951,电力,新能源电网
20260907,sz002955,算力,AI算力
20260907,sz002956,,
20260907,sz002957,消费电子,AI算力
20260907,sz002960,机器人,机器人
20260907,sz002961,,
20260907,sz002969,,
20260907,sz002975,消费电子,AI算力
20260907,sz002977,军工,军工航天
20260907,sz002979,机器人,机器人
20260907,sz002980,储能,新能源电网
20260907,sz002982,,
20260907,sz002983,PCB,AI算力
20260907,sz002988,有色,周期资源
20260907,sz002998,化工,周期资源
20260907,sz003001,核电,新能源电网
20260907,sz003004,AI应用,AI应用
20260907,sz003005,AI应用,AI应用
20260907,sz003006,,
20260907,sz003010,,
20260907,sz003011,,
20260907,sz003018,算力,AI算力
20260907,sz003029,AI应用,AI应用
20260907,sz003030,,
20260907,sz003032,机器人,机器人
20260907,sz003036,机器人,机器人
20260907,sz003039,电力,新能源电网
20260907,sz003041,,
20260907,sz300020,算力,AI算力
20260907,sz300044,机器人,机器人
20260907,sz300068,储能,新能源电网
20260907,sz300069,电网,新能源电网
20260907,sz300085,AI应用,AI应用
20260907,sz300103,储能,新能源电网
20260907,sz300152,氢能,新能源电网
20260907,sz300163,化工,周期资源
20260907,sz300167,算力,AI算力
20260907,sz300169,消费电子,AI算力
20260907,sz300189,,
20260907,sz300197,,
20260907,sz300212,算力,AI算力
20260907,sz300214,算力,AI算力
20260907,sz300289,医药,医药
20260907,sz300311,AI应用,AI应用
20260907,sz300313,,
20260907,sz300321,化工,周期资源
20260907,sz300334,芯片,AI算力
20260907,sz300359,AI应用,AI应用
20260907,sz300385,,
20260907,sz300401,医药,医药
20260907,sz300456,半导体,AI算力
20260907,sz300469,AI应用,AI应用
20260907,sz300515,,
20260907,sz300540,氢能,新能源电网
20260907,sz300566,消费电子,AI算力
20260907,sz300598,智能驾驶,AI应用
20260907,sz300615,储能,新能源电网
20260907,sz300616,机器人,机器人
20260907,sz300626,电力,新能源电网
20260907,sz300642,医药,医药
20260907,sz300649,,
20260907,sz300684,消费电子,AI算力
20260907,sz300720,半导体,AI算力
20260907,sz300737,,
20260907,sz300740,,
20260907,sz300779,有色,周期资源
20260907,sz300807,AI应用,AI应用
20260907,sz300834,化工,周期资源
20260907,sz300868,消费电子,AI算力
20260907,sz300897,AI应用,AI应用
20260907,sz300929,氢能,新能源电网
20260907,sz300931,,
20260907,sz300959,,
20260907,sz300961,,
20260907,sz300964,光通信,AI算力
20260907,sz300970,,
20260907,sz300981,医药,医药
20260907,sz300985,氢能,新能源电网
20260907,sz300996,AI应用,AI应用
20260907,sz300997,,
20260907,sz301019,化工,周期资源
20260907,sz301028,机器人,机器人
20260907,sz301030,光伏,新能源电网
20260907,sz301045,消费电子,AI算力
20260907,sz301081,,
20260907,sz301106,医药,医药
20260907,sz301115,光伏,新能源电网
20260907,sz301121,储能,新能源电网
20260907,sz301123,消费电子,AI算力
20260907,sz301139,储能,新能源电网
20260907,sz301151,算力,AI算力
20260907,sz301183,智能驾驶,AI应用
20260907,sz301188,医药,医药
20260907,sz301193,,
20260907,sz301197,,
20260907,sz301227,,
20260907,sz301234,医药,医药
20260907,sz301251,算力,AI算力
20260907,sz301322,半导体,AI算力
20260907,sz301349,电力,新能源电网
20260907,sz301356,,
20260907,sz301379,低空经济,军工航天
20260907,sz301396,算力,AI算力
20260907,sz301449,储能,新能源电网
20260907,sz301520,创新药,医药
20260907,sz301565,储能,新能源电网
20260907,sz301583,半导体,AI算力
20260907,sz301599,储能,新能源电网
20260907,sz301607,半导体,AI算力
20260907,sz301630,半导体,AI算力
20260907,sz301667,储能,新能源电网
20260907,bj920305,,
20260907,sh600608,,
20260907,sh600636,,
20260907,sh600696,,
20260907,sh605081,,
20260907,sz000004,,
20260907,sz002808,,
20260907,bj920008,军工,军工航天
20260907,bj920010,算力,AI算力
20260907,bj920016,化工,周期资源
20260907,bj920026,半导体,AI算力
20260907,bj920030,储能,新能源电网
20260907,bj920045,光通信,AI算力
20260907,bj920058,,
20260907,bj920066,化工,周期资源
20260907,bj920068,有色,周期资源
20260907,bj920081,算力,AI算力
20260907,bj920098,化工,周期资源
20260907,bj920118,电网,新能源电网
20260907,bj920119,储能,新能源电网
20260907,bj920123,,
20260907,bj920132,,
20260907,bj920146,减速器,机器人
20260907,bj920149,光伏,新能源电网
20260907,bj920159,化工,周期资源
20260907,bj920169,航天,军工航天
20260907,bj920174,,
20260907,bj920183,消费电子,AI算力
20260907,bj920184,AI应用,AI应用
20260907,bj920195,,
20260907,bj920206,化工,周期资源
20260907,bj920225,化工,周期资源
20260907,bj920245,,
20260907,bj920260,油气,周期资源
20260907,bj920262,,
20260907,bj920273,,
20260907,bj920274,,
20260907,bj920275,,
20260907,bj920304,储能,新能源电网
20260907,bj920351,低空经济,军工航天
20260907,bj920370,,
20260907,bj920371,,
20260907,bj920392,,
20260907,bj920403,医药,医药
20260907,bj920419,,
20260907,bj920422,化工,周期资源
20260907,bj920429,,
20260907,bj920436,智能驾驶,AI应用
20260907,bj920445,,
20260907,bj920454,军工,军工航天
20260907,bj920455,,
20260907,bj920471,化工,周期资源
20260907,bj920509,机器人,机器人
20260907,bj920519,化工,周期资源
20260907,bj920527,新材料,周期资源
20260907,bj920533,机器人,机器人
20260907,bj920553,化工,周期资源
20260907,bj920571,航运,周期资源
20260907,bj920599,智能驾驶,AI应用
20260907,bj920608,,
20260907,bj920641,储能,新能源电网
20260907,bj920651,,
20260907,bj920656,医药,医药
20260907,bj920675,化工,周期资源
20260907,bj920693,算力,AI算力
20260907,bj920694,化工,周期资源
20260907,bj920703,油气,周期资源
20260907,bj920718,,
20260907,bj920726,,
20260907,bj920729,化工,周期资源
20260907,bj920735,创新药,医药
20260907,bj920748,AI应用,AI应用
20260907,bj920786,,
20260907,bj920799,金融科技,AI应用
20260907,bj920802,,
20260907,bj920808,算力,AI算力
20260907,bj920819,化工,周期资源
20260907,bj920826,,
20260907,bj920833,,
20260907,bj920834,化工,周期资源
20260907,bj920837,,
20260907,bj920866,化工,周期资源
20260907,bj920892,低空经济,军工航天
20260907,bj920896,机器人,机器人
20260907,bj920931,油气,周期资源
20260907,bj920946,医药,医药
20260907,bj920957,化工,周期资源
20260907,bj920964,,
20260907,bj920970,,
20260907,bj920976,,
20260907,sh600012,,
20260907,sh600035,,
20260907,sh600036,金融科技,AI应用
20260907,sh600039,储能,新能源电网
20260907,sh600060,AI应用,AI应用
20260907,sh600071,储能,新能源电网
20260907,sh600073,,
20260907,sh600075,化工,周期资源
20260907,sh600097,,
20260907,sh600099,智能驾驶,AI应用
20260907,sh600148,无人机,军工航天
20260907,sh600150,军工,军工航天
20260907,sh600159,,
20260907,sh600177,,
20260907,sh600189,,
20260907,sh600195,化工,周期资源
20260907,sh600203,消费电子,AI算力
20260907,sh600212,储能,新能源电网
20260907,sh600256,煤炭,周期资源
20260907,sh600261,核电,新能源电网
20260907,sh600287,,
20260907,sh600295,黑色,周期资源
20260907,sh600333,油气,周期资源
20260907,sh600368,,
20260907,sh600388,光伏,新能源电网
20260907,sh600415,算力,AI算力
20260907,sh600448,,
20260907,sh600467,,
20260907,sh600547,有色,周期资源
20260907,sh600561,,
20260907,sh600562,军工,军工航天
20260907,sh600583,油气,周期资源
20260907,sh600616,,
20260907,sh600622,,
20260907,sh600628,医药,医药
20260907,sh600649,,
20260907,sh600692,,
20260907,sh600697,,
20260907,sh600706,AI应用,AI应用
20260907,sh600738,,
20260907,sh600740,化工,周期资源
20260907,sh600774,医药,医药
20260907,sh600778,,
20260907,sh600795,电力,新能源电网
20260907,sh600803,氢能,新能源电网
20260907,sh600814,,
20260907,sh600817,智能驾驶,AI应用
20260907,sh600834,电力,新能源电网
20260907,sh600858,,
20260907,sh600864,,
20260907,sh600883,,
20260907,sh600893,军工,军工航天
20260907,sh600897,,
20260907,sh600908,,
20260907,sh600926,,
20260907,sh601007,,
20260907,sh601009,,
20260907,sh601156,,
20260907,sh601169,,
20260907,sh601279,,
20260907,sh601288,金融科技,AI应用
20260907,sh601318,,
20260907,sh601319,,
20260907,sh601328,金融科技,AI应用
20260907,sh601333,,
20260907,sh601398,金融科技,AI应用
20260907,sh601512,储能,新能源电网
20260907,sh601577,,
20260907,sh601599,传媒,AI应用
20260907,sh601601,,
20260907,sh601658,,
20260907,sh601665,,
20260907,sh601825,,
20260907,sh601838,,
20260907,sh601890,军工,军工航天
20260907,sh601900,传媒,AI应用
20260907,sh601939,金融科技,AI应用
20260907,sh601988,金融科技,AI应用
20260907,sh601998,,
20260907,sh603022,,
20260907,sh603055,,
20260907,sh603080,油气,周期资源
20260907,sh603088,算力,AI算力
20260907,sh603098,光伏,新能源电网
20260907,sh603101,低空经济,军工航天
20260907,sh603111,AI应用,AI应用
20260907,sh603117,,
20260907,sh603128,,
20260907,sh603132,有色,周期资源
20260907,sh603168,医药,医药
20260907,sh603172,化工,周期资源
20260907,sh603176,,
20260907,sh603182,,
20260907,sh603230,传媒,AI应用
20260907,sh603231,,
20260907,sh603255,化工,周期资源
20260907,sh603257,有色,周期资源
20260907,sh603282,,
20260907,sh603321,AI应用,AI应用
20260907,sh603323,,
20260907,sh603326,,
20260907,sh603385,,
20260907,sh603391,AI应用,AI应用
20260907,sh603408,,
20260907,sh603536,,
20260907,sh603587,,
20260907,sh603600,,
20260907,sh603609,,
20260907,sh603709,AI应用,AI应用
20260907,sh603755,,
20260907,sh603836,,
20260907,sh603855,AI应用,AI应用
20260907,sh603889,,
20260907,sh603970,化工,周期资源
20260907,sh605001,,
20260907,sh605003,,
20260907,sh605008,化工,周期资源
20260907,sh605183,化工,周期资源
20260907,sh605222,电力,新能源电网
20260907,sh605567,,
20260907,sh688002,军工,军工航天
20260907,sh688022,储能,新能源电网
20260907,sh688023,AI应用,AI应用
20260907,sh688025,消费电子,AI算力
20260907,sh688026,医药,医药
20260907,sh688028,机器人,机器人
20260907,sh688029,医药,医药
20260907,sh688033,低空经济,军工航天
20260907,sh688035,消费电子,AI算力
20260907,sh688037,半导体,AI算力
20260907,sh688038,AI应用,AI应用
20260907,sh688052,芯片,AI算力
20260907,sh688053,军工,军工航天
20260907,sh688058,AI应用,AI应用
20260907,sh688060,AI应用,AI应用
20260907,sh688061,芯片,AI算力
20260907,sh688078,机器人,机器人
20260907,sh688089,化工,周期资源
20260907,sh688097,消费电子,AI算力
20260907,sh688115,机器人,机器人
20260907,sh688127,消费电子,AI算力
20260907,sh688132,军工,军工航天
20260907,sh688135,半导体,AI算力
20260907,sh688138,半导体,AI算力
20260907,sh688139,医药,医药
20260907,sh688156,,
20260907,sh688170,消费电子,AI算力
20260907,sh688178,,
20260907,sh688195,医药,医药
20260907,sh688203,化工,周期资源
20260907,sh688205,光通信,AI算力
20260907,sh688210,消费电子,AI算力
20260907,sh688212,医药,医药
20260907,sh688215,,
20260907,sh688228,AI应用,AI应用
20260907,sh688230,半导体,AI算力
20260907,sh688231,有色,周期资源
20260907,sh688239,航天,军工航天
20260907,sh688252,芯片,AI算力
20260907,sh688279,芯片,AI算力
20260907,sh688296,AI应用,AI应用
20260907,sh688309,,
20260907,sh688312,光通信,AI算力
20260907,sh688313,光通信,AI算力
20260907,sh688318,AI应用,AI应用
20260907,sh688320,机器人,机器人
20260907,sh688329,医药,医药
20260907,sh688330,电网,新能源电网
20260907,sh688332,芯片,AI算力
20260907,sh688373,医药,医药
20260907,sh688379,无人机,军工航天
20260907,sh688383,机器人,机器人
20260907,sh688392,储能,新能源电网
20260907,sh688416,芯片,AI算力
20260907,sh688428,医药,医药
20260907,sh688435,,
20260907,sh688448,,
20260907,sh688455,智能驾驶,AI应用
20260907,sh688458,半导体,AI算力
20260907,sh688479,,
20260907,sh688498,半导体,AI算力
20260907,sh688510,军工,军工航天
20260907,sh688518,储能,新能源电网
20260907,sh688528,油气,周期资源
20260907,sh688536,芯片,AI算力
20260907,sh688552,军工,军工航天
20260907,sh688559,储能,新能源电网
20260907,sh688569,,
20260907,sh688575,医药,医药
20260907,sh688583,机器人,机器人
20260907,sh688601,芯片,AI算力
20260907,sh688612,低空经济,军工航天
20260907,sh688617,医药,医药
20260907,sh688621,医药,医药
20260907,sh688627,存储,AI算力
20260907,sh688628,,
20260907,sh688656,医药,医药
20260907,sh688663,电网,新能源电网
20260907,sh688670,医药,医药
20260907,sh688678,消费电子,AI算力
20260907,sh688679,,
20260907,sh688686,储能,新能源电网
20260907,sh688696,,
20260907,sh688701,,
20260907,sh688719,电力,新能源电网
20260907,sh688781,,
20260907,sh688785,电力,新能源电网
20260907,sh688798,芯片,AI算力
20260907,sh688799,医药,医药
20260907,sh688807,半导体,AI算力
20260907,sh688825,芯片,AI算力
20260907,sz000045,,
20260907,sz000058,航天,军工航天
20260907,sz000061,,
20260907,sz000421,油气,周期资源
20260907,sz000430,,
20260907,sz000501,有色,周期资源
20260907,sz000514,,
20260907,sz000529,,
20260907,sz000550,智能驾驶,AI应用
20260907,sz000607,传媒,AI应用
20260907,sz000619,,
20260907,sz000637,油气,周期资源
20260907,sz000663,,
20260907,sz000705,医药,医药
20260907,sz000728,,
20260907,sz000731,化工,周期资源
20260907,sz000797,,
20260907,sz000812,,
20260907,sz000822,化工,周期资源
20260907,sz000856,机器人,机器人
20260907,sz000886,算力,AI算力
20260907,sz000888,,
20260907,sz000897,算力,AI算力
20260907,sz000902,化工,周期资源
20260907,sz000906,储能,新能源电网
20260907,sz000923,黑色,周期资源
20260907,sz000928,氢能,新能源电网
20260907,sz000930,,
20260907,sz000949,化工,周期资源
20260907,sz000952,医药,医药
20260907,sz000985,油气,周期资源
20260907,sz001201,,
20260907,sz001202,,
20260907,sz001209,AI应用,AI应用
20260907,sz001220,,
20260907,sz001228,,
20260907,sz001231,化工,周期资源
20260907,sz001234,,
20260907,sz001255,化工,周期资源
20260907,sz001322,消费电子,AI算力
20260907,sz001325,化工,周期资源
20260907,sz001367,医药,医药
20260907,sz001368,医药,医药
20260907,sz001380,机器人,机器人
20260907,sz001386,,
20260907,sz002003,,
20260907,sz002022,医药,医药
20260907,sz002026,储能,新能源电网
20260907,sz002033,,
20260907,sz002069,,
20260907,sz002086,医药,医药
20260907,sz002100,医药,医药
20260907,sz002105,,
20260907,sz002142,,
20260907,sz002157,,
20260907,sz002163,,
20260907,sz002186,,
20260907,sz002187,有色,周期资源
20260907,sz002224,化工,周期资源
20260907,sz002234,,
20260907,sz002238,传媒,AI应用
20260907,sz002247,,
20260907,sz002264,传媒,AI应用
20260907,sz002285,,
20260907,sz002321,,
20260907,sz002330,,
20260907,sz002343,传媒,AI应用
20260907,sz002344,光伏,新能源电网
20260907,sz002363,智能驾驶,AI应用
20260907,sz002394,AI应用,AI应用
20260907,sz002408,油气,周期资源
20260907,sz002419,AI应用,AI应用
20260907,sz002443,油气,周期资源
20260907,sz002492,,
20260907,sz002516,机器人,机器人
20260907,sz002537,金融科技,AI应用
20260907,sz002551,医药,医药
20260907,sz002556,化工,周期资源
20260907,sz002561,,
20260907,sz002567,,
20260907,sz002571,传媒,AI应用
20260907,sz002574,光伏,新能源电网
20260907,sz002602,传媒,AI应用
20260907,sz002614,医药,医药
20260907,sz002663,消费电子,AI算力
20260907,sz002681,消费电子,AI算力
20260907,sz002707,AI应用,AI应用
20260907,sz002712,传媒,AI应用
20260907,sz002714,,
20260907,sz002753,化工,周期资源
20260907,sz002758,医药,医药
20260907,sz002772,,
20260907,sz002778,,
20260907,sz002790,,
20260907,sz002802,化工,周期资源
20260907,sz002810,化工,周期资源
20260907,sz002813,智能驾驶,AI应用
20260907,sz002905,传媒,AI应用
20260907,sz002948,金融科技,AI应用
20260907,sz002966,,
20260907,sz002968,,
20260907,sz003016,AI应用,AI应用
20260907,sz003023,医药,医药
20260907,sz003042,化工,周期资源
20260907,sz003816,电力,新能源电网
20260907,sz300010,AI应用,AI应用
20260907,sz300013,卫星,军工航天
20260907,sz300021,消费电子,AI算力
20260907,sz300025,算力,AI算力
20260907,sz300050,消费电子,AI算力
20260907,sz300079,金融科技,AI应用
20260907,sz300081,传媒,AI应用
20260907,sz300082,化工,周期资源
20260907,sz300087,,
20260907,sz300094,,
20260907,sz300106,,
20260907,sz300107,化工,周期资源
20260907,sz300123,军工,军工航天
20260907,sz300126,,
20260907,sz300128,消费电子,AI算力
20260907,sz300133,传媒,AI应用
20260907,sz300153,电力,新能源电网
20260907,sz300154,机器人,机器人
20260907,sz300155,机器人,机器人
20260907,sz300180,金融科技,AI应用
20260907,sz300190,油气,周期资源
20260907,sz300191,油气,周期资源
20260907,sz300192,芯片,AI算力
20260907,sz300195,储能,新能源电网
20260907,sz300198,储能,新能源电网
20260907,sz300220,,
20260907,sz300225,化工,周期资源
20260907,sz300227,消费电子,AI算力
20260907,sz300234,氢能,新能源电网
20260907,sz300237,储能,新能源电网
20260907,sz300240,,
20260907,sz300249,算力,AI算力
20260907,sz300256,消费电子,AI算力
20260907,sz300266,储能,新能源电网
20260907,sz300268,,
20260907,sz300281,航天,军工航天
20260907,sz300300,算力,AI算力
20260907,sz300301,半导体,AI算力
20260907,sz300306,消费电子,AI算力
20260907,sz300327,芯片,AI算力
20260907,sz300338,电力,新能源电网
20260907,sz300348,金融科技,AI应用
20260907,sz300352,AI应用,AI应用
20260907,sz300366,算力,AI算力
20260907,sz300375,,
20260907,sz300382,机器人,机器人
20260907,sz300387,化工,周期资源
20260907,sz300394,消费电子,AI算力
20260907,sz300395,军工,军工航天
20260907,sz300399,算力,AI算力
20260907,sz300400,消费电子,AI算力
20260907,sz300417,,
20260907,sz300428,低空经济,军工航天
20260907,sz300457,储能,新能源电网
20260907,sz300461,消费电子,AI算力
20260907,sz300464,消费电子,AI算力
20260907,sz300468,金融科技,AI应用
20260907,sz300473,氢能,新能源电网
20260907,sz300479,机器人,机器人
20260907,sz300483,油气,周期资源
20260907,sz300491,电力,新能源电网
20260907,sz300498,消费电子,AI算力
20260907,sz300499,储能,新能源电网
20260907,sz300500,算力,AI算力
20260907,sz300504,消费电子,AI算力
20260907,sz300509,机器人,机器人
20260907,sz300514,电网,新能源电网
20260907,sz300517,,
20260907,sz300527,军工,军工航天
20260907,sz300535,化工,周期资源
20260907,sz300542,消费电子,AI算力
20260907,sz300546,金融科技,AI应用
20260907,sz300547,低空经济,军工航天
20260907,sz300550,AI应用,AI应用
20260907,sz300551,金融科技,AI应用
20260907,sz300553,低空经济,军工航天
20260907,sz300556,消费电子,AI算力
20260907,sz300559,AI应用,AI应用
20260907,sz300560,算力,AI算力
20260907,sz300562,医药,医药
20260907,sz300572,,
20260907,sz300575,化工,周期资源
20260907,sz300585,储能,新能源电网
20260907,sz300602,消费电子,AI算力
20260907,sz300611,机器人,机器人
20260907,sz300623,半导体,AI算力
20260907,sz300645,算力,AI算力
20260907,sz300647,消费电子,AI算力
20260907,sz300670,电网,新能源电网
20260907,sz300674,AI应用,AI应用
20260907,sz300677,医药,医药
20260907,sz300687,AI应用,AI应用
20260907,sz300689,算力,AI算力
20260907,sz300690,风电,新能源电网
20260907,sz300691,机器人,机器人
20260907,sz300700,半导体,AI算力
20260907,sz300703,AI应用,AI应用
20260907,sz300708,半导体,AI算力
20260907,sz300709,消费电子,AI算力
20260907,sz300719,军工,军工航天
20260907,sz300727,化工,周期资源
20260907,sz300731,化工,周期资源
20260907,sz300736,消费电子,AI算力
20260907,sz300739,芯片,AI算力
20260907,sz300741,化工,周期资源
20260907,sz300747,PCB,AI算力
20260907,sz300749,航天,军工航天
20260907,sz300751,光伏,新能源电网
20260907,sz300752,消费电子,AI算力
20260907,sz300757,光通信,AI算力
20260907,sz300760,医药,医药
20260907,sz300761,,
20260907,sz300778,低空经济,军工航天
20260907,sz300787,消费电子,AI算力
20260907,sz300790,机器人,机器人
20260907,sz300798,化工,周期资源
20260907,sz300808,,
20260907,sz300811,有色,周期资源
20260907,sz300816,算力,AI算力
20260907,sz300817,减速器,机器人
20260907,sz300820,储能,新能源电网
20260907,sz300825,AI应用,AI应用
20260907,sz300828,医药,医药
20260907,sz300829,化工,周期资源
20260907,sz300833,传媒,AI应用
20260907,sz300838,,
20260907,sz300842,光伏,新能源电网
20260907,sz300844,AI应用,AI应用
20260907,sz300845,军工,军工航天
20260907,sz300853,电网,新能源电网
20260907,sz300855,有色,周期资源
20260907,sz300857,消费电子,AI算力
20260907,sz300859,低空经济,军工航天
20260907,sz300860,低空经济,军工航天
20260907,sz300864,,
20260907,sz300865,无人机,军工航天
20260907,sz300866,消费电子,AI算力
20260907,sz300880,电力,新能源电网
20260907,sz300883,化工,周期资源
20260907,sz300884,机器人,机器人
20260907,sz300889,储能,新能源电网
20260907,sz300895,算力,AI算力
20260907,sz300899,,
20260907,sz300901,AI应用,AI应用
20260907,sz300909,消费电子,AI算力
20260907,sz300917,算力,AI算力
20260907,sz300920,化工,周期资源
20260907,sz300932,电力,新能源电网
20260907,sz300936,智能驾驶,AI应用
20260907,sz300943,油气,周期资源
20260907,sz300949,AI应用,AI应用
20260907,sz300950,氢能,新能源电网
20260907,sz300951,消费电子,AI算力
20260907,sz300958,,
20260907,sz300967,,
20260907,sz300969,机器人,机器人
20260907,sz300976,消费电子,AI算力
20260907,sz300977,半导体,AI算力
20260907,sz300987,传媒,AI应用
20260907,sz300988,机器人,机器人
20260907,sz300989,算力,AI算力
20260907,sz300990,氢能,新能源电网
20260907,sz300998,机器人,机器人
20260907,sz301001,AI应用,AI应用
20260907,sz301003,化工,周期资源
20260907,sz301007,机器人,机器人
20260907,sz301016,储能,新能源电网
20260907,sz301018,军工,军工航天
20260907,sz301021,半导体,AI算力
20260907,sz301025,传媒,AI应用
20260907,sz301031,储能,新能源电网
20260907,sz301041,军工,军工航天
20260907,sz301043,,
20260907,sz301046,机器人,机器人
20260907,sz301056,军工,军工航天
20260907,sz301058,机器人,机器人
20260907,sz301059,化工,周期资源
20260907,sz301062,光伏,新能源电网
20260907,sz301072,,
20260907,sz301073,低空经济,军工航天
20260907,sz301075,医药,医药
20260907,sz301086,消费电子,AI算力
20260907,sz301088,,
20260907,sz301090,化工,周期资源
20260907,sz301098,,
20260907,sz301105,,
20260907,sz301108,,
20260907,sz301113,,
20260907,sz301116,,
20260907,sz301119,,
20260907,sz301122,医药,医药
20260907,sz301126,医药,医药
20260907,sz301128,消费电子,AI算力
20260907,sz301133,,
20260907,sz301136,卫星,军工航天
20260907,sz301138,机器人,机器人
20260907,sz301148,,
20260907,sz301149,化工,周期资源
20260907,sz301156,化工,周期资源
20260907,sz301160,机器人,机器人
20260907,sz301161,半导体,AI算力
20260907,sz301169,AI应用,AI应用
20260907,sz301173,,
20260907,sz301181,低空经济,军工航天
20260907,sz301182,有色,周期资源
20260907,sz301189,消费电子,AI算力
20260907,sz301198,,
20260907,sz301209,化工,周期资源
20260907,sz301212,化工,周期资源
20260907,sz301216,机器人,机器人
20260907,sz301223,,
20260907,sz301225,PEEK,机器人
20260907,sz301226,机器人,机器人
20260907,sz301252,机器人,机器人
20260907,sz301266,光伏,新能源电网
20260907,sz301281,医药,医药
20260907,sz301285,消费电子,AI算力
20260907,sz301286,化工,周期资源
20260907,sz301287,,
20260907,sz301297,半导体,AI算力
20260907,sz301300,化工,周期资源
20260907,sz301305,电力,新能源电网
20260907,sz301309,,
20260907,sz301314,储能,新能源电网
20260907,sz301320,无人机,军工航天
20260907,sz301335,,
20260907,sz301337,,
20260907,sz301359,,
20260907,sz301360,消费电子,AI算力
20260907,sz301376,AI应用,AI应用
20260907,sz301383,消费电子,AI算力
20260907,sz301388,电力,新能源电网
20260907,sz301389,消费电子,AI算力
20260907,sz301390,AI应用,AI应用
20260907,sz301398,低空经济,军工航天
20260907,sz301486,消费电子,AI算力
20260907,sz301510,机器人,机器人
20260907,sz301533,电网,新能源电网
20260907,sz301538,化工,周期资源
20260907,sz301555,化工,周期资源
20260907,sz301556,,
20260907,sz301577,机器人,机器人
20260907,sz301595,化工,周期资源
20260907,sz301598,低空经济,军工航天
20260907,sz301606,消费电子,AI算力
20260907,sz301629,半导体,AI算力
20260907,sz301631,储能,新能源电网
20260907,sz301633,算力,AI算力
20260907,sz301680,电网,新能源电网
20260909,bj920001,,
20260909,bj920006,军工,军工航天
20260909,bj920021,传媒,AI应用
20260909,bj920035,算力,AI算力
20260909,bj920075,AI应用,AI应用
20260909,bj920083,化工,周期资源
20260909,bj920087,,
20260909,bj920090,AI应用,AI应用
20260909,bj920092,AI应用,AI应用
20260909,bj920117,储能,新能源电网
20260909,bj920122,,
20260909,bj920128,储能,新能源电网
20260909,bj920130,AI应用,AI应用
20260909,bj920152,电力,新能源电网
20260909,bj920161,化工,周期资源
20260909,bj920176,,
20260909,bj920178,消费电子,AI算力
20260909,bj920181,半导体,AI算力
20260909,bj920190,消费电子,AI算力
20260909,bj920193,电力,新能源电网
20260909,bj920211,机器人,机器人
20260909,bj920212,消费电子,AI算力
20260909,bj920221,减速器,机器人
20260909,bj920222,电网,新能源电网
20260909,bj920223,算力,AI算力
20260909,bj920249,储能,新能源电网
20260909,bj920270,,
20260909,bj920344,医药,医药
20260909,bj920357,消费电子,AI算力
20260909,bj920367,医药,医药
20260909,bj920371,,
20260909,bj920394,化工,周期资源
20260909,bj920469,化工,周期资源
20260909,bj920510,机器人,机器人
20260909,bj920580,储能,新能源电网
20260909,bj920592,AI应用,AI应用
20260909,bj920634,有色,周期资源
20260909,bj920662,算力,AI算力
20260909,bj920685,,
20260909,bj920699,消费电子,AI算力
20260909,bj920725,半导体,AI算力
20260909,bj920790,,
20260909,bj920821,光通信,AI算力
20260909,bj920855,,
20260909,bj920856,机器人,机器人
20260909,bj920857,消费电子,AI算力
20260909,bj920876,消费电子,AI算力
20260909,bj920895,,
20260909,bj920961,卫星,军工航天
20260909,sh600052,储能,新能源电网
20260909,sh600053,机器人,机器人
20260909,sh600059,,
20260909,sh600080,医药,医药
20260909,sh600082,,
20260909,sh600084,,
20260909,sh600088,传媒,AI应用
20260909,sh600095,,
20260909,sh600107,油气,周期资源
20260909,sh600108,,
20260909,sh600113,,
20260909,sh600119,,
20260909,sh600120,,
20260909,sh600127,,
20260909,sh600130,消费电子,AI算力
20260909,sh600162,算力,AI算力
20260909,sh600165,化工,周期资源
20260909,sh600172,新材料,周期资源
20260909,sh600178,低空经济,军工航天
20260909,sh600180,,
20260909,sh600182,,
20260909,sh600185,,
20260909,sh600187,储能,新能源电网
20260909,sh600191,,
20260909,sh600199,,
20260909,sh600206,半导体,AI算力
20260909,sh600227,化工,周期资源
20260909,sh600228,传媒,AI应用
20260909,sh600233,,
20260909,sh600238,,
20260909,sh600239,,
20260909,sh600243,,
20260909,sh600246,算力,AI算力
20260909,sh600250,,
20260909,sh600251,电力,新能源电网
20260909,sh600257,,
20260909,sh600265,算力,AI算力
20260909,sh600266,航天,军工航天
20260909,sh600280,,
20260909,sh600289,AI应用,AI应用
20260909,sh600293,化工,周期资源
20260909,sh600301,有色,周期资源
20260909,sh600302,,
20260909,sh600303,氢能,新能源电网
20260909,sh600313,,
20260909,sh600318,,
20260909,sh600322,,
20260909,sh600326,化工,周期资源
20260909,sh600327,,
20260909,sh600337,AI应用,AI应用
20260909,sh600340,低空经济,军工航天
20260909,sh600343,氢能,新能源电网
20260909,sh600345,航天,军工航天
20260909,sh600350,,
20260909,sh600353,军工,军工航天
20260909,sh600354,,
20260909,sh600359,医药,医药
20260909,sh600360,半导体,AI算力
20260909,sh600365,,
20260909,sh600367,储能,新能源电网
20260909,sh600370,化工,周期资源
20260909,sh600371,,
20260909,sh600375,氢能,新能源电网
20260909,sh600376,,
20260909,sh600379,电网,新能源电网
20260909,sh600381,医药,医药
20260909,sh600382,黑色,周期资源
20260909,sh600391,军工,军工航天
20260909,sh600400,AI应用,AI应用
20260909,sh600410,AI应用,AI应用
20260909,sh600418,智能驾驶,AI应用
20260909,sh600419,,
20260909,sh600423,化工,周期资源
20260909,sh600429,,
20260909,sh600439,,
20260909,sh600459,有色,周期资源
20260909,sh600463,,
20260909,sh600476,算力,AI算力
20260909,sh600491,,
20260909,sh600500,储能,新能源电网
20260909,sh600508,煤炭,周期资源
20260909,sh600509,电力,新能源电网
20260909,sh600510,元件,AI算力
20260909,sh600516,储能,新能源电网
20260909,sh600527,,
20260909,sh600530,,
20260909,sh600536,,
20260909,sh600537,光伏,新能源电网
20260909,sh600539,PCB,AI算力
20260909,sh600540,,
20260909,sh600543,,
20260909,sh600567,化工,周期资源
20260909,sh600568,医药,医药
20260909,sh600573,,
20260909,sh600576,低空经济,军工航天
20260909,sh600581,黑色,周期资源
20260909,sh600584,半导体,AI算力
20260909,sh600589,算力,AI算力
20260909,sh600593,,
20260909,sh600595,有色,周期资源
20260909,sh600598,,
20260909,sh600603,,
20260909,sh600611,算力,AI算力
20260909,sh600624,医药,医药
20260909,sh600626,,
20260909,sh600629,消费电子,AI算力
20260909,sh600630,,
20260909,sh600637,传媒,AI应用
20260909,sh600654,消费电子,AI算力
20260909,sh600657,,
20260909,sh600661,,
20260909,sh600663,,
20260909,sh600665,,
20260909,sh600667,光伏,新能源电网
20260909,sh600673,算力,AI算力
20260909,sh600676,,
20260909,sh600678,化工,周期资源
20260909,sh600679,,
20260909,sh600682,,
20260909,sh600683,,
20260909,sh600689,,
20260909,sh600693,,
20260909,sh600698,,
20260909,sh600702,,
20260909,sh600703,半导体,AI算力
20260909,sh600708,,
20260909,sh600712,,
20260909,sh600721,医药,医药
20260909,sh600724,,
20260909,sh600730,AI应用,AI应用
20260909,sh600733,储能,新能源电网
20260909,sh600734,算力,AI算力
20260909,sh600735,医药,医药
20260909,sh600737,,
20260909,sh600743,,
20260909,sh600745,半导体,AI算力
20260909,sh600746,化工,周期资源
20260909,sh600748,,
20260909,sh600749,,
20260909,sh600753,,
20260909,sh600758,煤炭,周期资源
20260909,sh600759,油气,周期资源
20260909,sh600769,,
20260909,sh600770,半导体,AI算力
20260909,sh600777,油气,周期资源
20260909,sh600778,,
20260909,sh600779,,
20260909,sh600785,,
20260909,sh600791,,
20260909,sh600815,,
20260909,sh600818,,
20260909,sh600824,有色,周期资源
20260909,sh600828,,
20260909,sh600829,医药,医药
20260909,sh600830,,
20260909,sh600838,,
20260909,sh600844,化工,周期资源
20260909,sh600846,,
20260909,sh600847,电力,新能源电网
20260909,sh600857,有色,周期资源
20260909,sh600865,,
20260909,sh600881,医药,医药
20260909,sh600889,机器人,机器人
20260909,sh600892,传媒,AI应用
20260909,sh600903,油气,周期资源
20260909,sh600906,,
20260909,sh600909,,
20260909,sh600936,机器人,机器人
20260909,sh600965,,
20260909,sh600975,,
20260909,sh600980,机器人,机器人
20260909,sh600984,化工,周期资源
20260909,sh600985,煤炭,周期资源
20260909,sh601002,,
20260909,sh601003,黑色,周期资源
20260909,sh601010,,
20260909,sh601038,智能驾驶,AI应用
20260909,sh601066,,
20260909,sh601086,,
20260909,sh601101,煤炭,周期资源
20260909,sh601108,,
20260909,sh601116,,
20260909,sh601121,黑色,周期资源
20260909,sh601136,,
20260909,sh601155,,
20260909,sh601162,,
20260909,sh601177,核电,新能源电网
20260909,sh601199,,
20260909,sh601233,油气,周期资源
20260909,sh601336,,
20260909,sh601366,,
20260909,sh601368,,
20260909,sh601566,,
20260909,sh601579,,
20260909,sh601588,,
20260909,sh601616,电网,新能源电网
20260909,sh601666,煤炭,周期资源
20260909,sh601686,黑色,周期资源
20260909,sh601696,,
20260909,sh601699,煤炭,周期资源
20260909,sh601700,电网,新能源电网
20260909,sh601702,有色,周期资源
20260909,sh601718,军工,军工航天
20260909,sh601789,算力,AI算力
20260909,sh601798,油气,周期资源
20260909,sh601882,,
20260909,sh601886,光伏,新能源电网
20260909,sh601933,,
20260909,sh601952,,
20260909,sh601958,有色,周期资源
20260909,sh601991,电力,新能源电网
20260909,sh601996,,
20260909,sh601999,传媒,AI应用
20260909,sh603001,,
20260909,sh603005,半导体,AI算力
20260909,sh603007,智能驾驶,AI应用
20260909,sh603008,医药,医药
20260909,sh603020,化工,周期资源
20260909,sh603021,,
20260909,sh603023,智能驾驶,AI应用
20260909,sh603025,PCB,AI算力
20260909,sh603029,,
20260909,sh603031,储能,新能源电网
20260909,sh603032,储能,新能源电网
20260909,sh603036,油气,周期资源
20260909,sh603038,,
20260909,sh603039,AI应用,AI应用
20260909,sh603042,算力,AI算力
20260909,sh603045,有色,周期资源
20260909,sh603048,,
20260909,sh603052,消费电子,AI算力
20260909,sh603057,,
20260909,sh603061,半导体,AI算力
20260909,sh603065,化工,周期资源
20260909,sh603067,储能,新能源电网
20260909,sh603068,芯片,AI算力
20260909,sh603071,电力,新能源电网
20260909,sh603075,半导体,AI算力
20260909,sh603076,,
20260909,sh603078,半导体,AI算力
20260909,sh603089,机器人,机器人
20260909,sh603093,,
20260909,sh603095,,
20260909,sh603102,,
20260909,sh603115,,
20260909,sh603118,算力,AI算力
20260909,sh603122,医药,医药
20260909,sh603124,有色,周期资源
20260909,sh603127,医药,医药
20260909,sh603135,机器人,机器人
20260909,sh603137,,
20260909,sh603151,,
20260909,sh603156,,
20260909,sh603159,,
20260909,sh603161,氢能,新能源电网
20260909,sh603171,算力,AI算力
20260909,sh603177,储能,新能源电网
20260909,sh603180,,
20260909,sh603189,AI应用,AI应用
20260909,sh603191,电网,新能源电网
20260909,sh603193,,
20260909,sh603196,储能,新能源电网
20260909,sh603197,智能驾驶,AI应用
20260909,sh603201,,
20260909,sh603210,AI应用,AI应用
20260909,sh603216,AI应用,AI应用
20260909,sh603221,,
20260909,sh603222,医药,医药
20260909,sh603223,油气,周期资源
20260909,sh603226,,
20260909,sh603236,机器人,机器人
20260909,sh603237,,
20260909,sh603261,军工,军工航天
20260909,sh603267,军工,军工航天
20260909,sh603268,军工,军工航天
20260909,sh603269,算力,AI算力
20260909,sh603272,,
20260909,sh603277,,
20260909,sh603278,光伏,新能源电网
20260909,sh603285,化工,周期资源
20260909,sh603289,,
20260909,sh603303,储能,新能源电网
20260909,sh603306,光通信,AI算力
20260909,sh603311,,
20260909,sh603313,,
20260909,sh603317,,
20260909,sh603318,油气,周期资源
20260909,sh603320,电力,新能源电网
20260909,sh603325,,
20260909,sh603329,,
20260909,sh603333,电力,新能源电网
20260909,sh603335,存储,AI算力
20260909,sh603338,机器人,机器人
20260909,sh603348,低空经济,军工航天
20260909,sh603352,机器人,机器人
20260909,sh603353,油气,周期资源
20260909,sh603355,,
20260909,sh603356,光伏,新能源电网
20260909,sh603359,,
20260909,sh603360,化工,周期资源
20260909,sh603363,,
20260909,sh603366,光伏,新能源电网
20260909,sh603369,,
20260909,sh603377,,
20260909,sh603378,化工,周期资源
20260909,sh603382,化工,周期资源
20260909,sh603389,新材料,周期资源
20260909,sh603398,电力,新能源电网
20260909,sh603402,,
20260909,sh603406,化工,周期资源
20260909,sh603418,机器人,机器人
20260909,sh603429,化工,周期资源
20260909,sh603435,储能,新能源电网
20260909,sh603466,AI应用,AI应用
20260909,sh603477,,
20260909,sh603489,电力,新能源电网
20260909,sh603500,,
20260909,sh603516,芯片,AI算力
20260909,sh603517,,
20260909,sh603519,半导体,AI算力
20260909,sh603527,有色,周期资源
20260909,sh603535,,
20260909,sh603538,医药,医药
20260909,sh603557,,
20260909,sh603559,低空经济,军工航天
20260909,sh603580,化工,周期资源
20260909,sh603595,消费电子,AI算力
20260909,sh603606,电网,新能源电网
20260909,sh603608,机器人,机器人
20260909,sh603615,,
20260909,sh603618,电网,新能源电网
20260909,sh603619,油气,周期资源
20260909,sh603629,消费电子,AI算力
20260909,sh603630,,
20260909,sh603636,AI应用,AI应用
20260909,sh603637,氢能,新能源电网
20260909,sh603655,,
20260909,sh603657,,
20260909,sh603661,新材料,周期资源
20260909,sh603666,机器人,机器人
20260909,sh603667,机器人,机器人
20260909,sh603668,,
20260909,sh603678,军工,军工航天
20260909,sh603682,,
20260909,sh603688,化工,周期资源
20260909,sh603696,,
20260909,sh603697,,
20260909,sh603708,,
20260909,sh603711,,
20260909,sh603713,,
20260909,sh603717,光伏,新能源电网
20260909,sh603718,医药,医药
20260909,sh603719,,
20260909,sh603721,传媒,AI应用
20260909,sh603722,化工,周期资源
20260909,sh603726,机器人,机器人
20260909,sh603727,油气,周期资源
20260909,sh603729,传媒,AI应用
20260909,sh603738,机器人,机器人
20260909,sh603739,化工,周期资源
20260909,sh603757,算力,AI算力
20260909,sh603759,储能,新能源电网
20260909,sh603773,消费电子,AI算力
20260909,sh603777,,
20260909,sh603779,,
20260909,sh603789,智能驾驶,AI应用
20260909,sh603790,化工,周期资源
20260909,sh603797,,
20260909,sh603801,AI应用,AI应用
20260909,sh603808,,
20260909,sh603813,氢能,新能源电网
20260909,sh603815,,
20260909,sh603822,化工,周期资源
20260909,sh603828,,
20260909,sh603833,,
20260909,sh603838,,
20260909,sh603839,,
20260909,sh603843,储能,新能源电网
20260909,sh603848,,
20260909,sh603869,算力,AI算力
20260909,sh603871,,
20260909,sh603877,,
20260909,sh603886,,
20260909,sh603903,芯片,AI算力
20260909,sh603919,,
20260909,sh603922,,
20260909,sh603933,机器人,机器人
20260909,sh603937,有色,周期资源
20260909,sh603938,化工,周期资源
20260909,sh603955,,
20260909,sh603956,AI应用,AI应用
20260909,sh603959,储能,新能源电网
20260909,sh603969,核电,新能源电网
20260909,sh603976,医药,医药
20260909,sh603978,化工,周期资源
20260909,sh603983,,
20260909,sh603986,芯片,AI算力
20260909,sh603989,消费电子,AI算力
20260909,sh603991,半导体,AI算力
20260909,sh603992,机器人,机器人
20260909,sh603995,黑色,周期资源
20260909,sh603997,机器人,机器人
20260909,sh603999,传媒,AI应用
20260909,sh605016,化工,周期资源
20260909,sh605028,电力,新能源电网
20260909,sh605033,化工,周期资源
20260909,sh605077,化工,周期资源
20260909,sh605080,,
20260909,sh605086,化工,周期资源
20260909,sh605089,,
20260909,sh605098,AI应用,AI应用
20260909,sh605099,,
20260909,sh605108,,
20260909,sh605151,,
20260909,sh605155,,
20260909,sh605158,有色,周期资源
20260909,sh605166,化工,周期资源
20260909,sh605169,油气,周期资源
20260909,sh605178,存储,AI算力
20260909,sh605179,,
20260909,sh605180,元件,AI算力
20260909,sh605188,,
20260909,sh605189,机器人,机器人
20260909,sh605198,,
20260909,sh605199,医药,医药
20260909,sh605218,医药,医药
20260909,sh605255,氢能,新能源电网
20260909,sh605277,消费电子,AI算力
20260909,sh605287,传媒,AI应用
20260909,sh605296,,
20260909,sh605298,,
20260909,sh605299,消费电子,AI算力
20260909,sh605300,,
20260909,sh605319,半导体,AI算力
20260909,sh605336,电网,新能源电网
20260909,sh605337,,
20260909,sh605339,,
20260909,sh605358,半导体,AI算力
20260909,sh605388,,
20260909,sh605499,,
20260909,sh605580,电力,新能源电网
20260909,sh688069,氢能,新能源电网
20260909,sh688152,航天,军工航天
20260909,sh688169,机器人,机器人
20260909,sh688172,半导体,AI算力
20260909,sh688209,芯片,AI算力
20260909,sh688258,消费电子,AI算力
20260909,sh688281,军工,军工航天
20260909,sh688328,消费电子,AI算力
20260909,sh688333,低空经济,军工航天
20260909,sh688335,氢能,新能源电网
20260909,sh688367,,
20260909,sh688371,消费电子,AI算力
20260909,sh688432,半导体,AI算力
20260909,sh688478,半导体,AI算力
20260909,sh688496,消费电子,AI算力
20260909,sh688584,半导体,AI算力
20260909,sh688610,机器人,机器人
20260909,sh688622,医药,医药
20260909,sh688720,半导体,AI算力
20260909,sh688790,芯片,AI算力
20260909,sz000006,,
20260909,sz000007,,
20260909,sz000008,,
20260909,sz000009,储能,新能源电网
20260909,sz000010,,
20260909,sz000011,,
20260909,sz000016,半导体,AI算力
20260909,sz000019,,
20260909,sz000020,,
20260909,sz000021,消费电子,AI算力
20260909,sz000025,有色,周期资源
20260909,sz000029,,
20260909,sz000031,,
20260909,sz000035,氢能,新能源电网
20260909,sz000036,,
20260909,sz000042,,
20260909,sz000048,机器人,机器人
20260909,sz000055,光伏,新能源电网
20260909,sz000056,半导体,AI算力
20260909,sz000060,有色,周期资源
20260909,sz000062,半导体,AI算力
20260909,sz000065,光伏,新能源电网
20260909,sz000068,新材料,周期资源
20260909,sz000078,医药,医药
20260909,sz000090,光伏,新能源电网
20260909,sz000151,电力,新能源电网
20260909,sz000153,医药,医药
20260909,sz000158,算力,AI算力
20260909,sz000301,化工,周期资源
20260909,sz000402,,
20260909,sz000417,有色,周期资源
20260909,sz000428,,
20260909,sz000488,化工,周期资源
20260909,sz000505,,
20260909,sz000509,,
20260909,sz000510,化工,周期资源
20260909,sz000517,,
20260909,sz000518,医药,医药
20260909,sz000520,航运,周期资源
20260909,sz000521,医药,医药
20260909,sz000523,,
20260909,sz000524,低空经济,军工航天
20260909,sz000526,AI应用,AI应用
20260909,sz000532,储能,新能源电网
20260909,sz000553,化工,周期资源
20260909,sz000554,油气,周期资源
20260909,sz000558,传媒,AI应用
20260909,sz000560,AI应用,AI应用
20260909,sz000564,,
20260909,sz000567,,
20260909,sz000572,储能,新能源电网
20260909,sz000576,军工,军工航天
20260909,sz000582,航运,周期资源
20260909,sz000592,,
20260909,sz000593,储能,新能源电网
20260909,sz000595,电力,新能源电网
20260909,sz000596,,
20260909,sz000601,电力,新能源电网
20260909,sz000608,算力,AI算力
20260909,sz000609,半导体,AI算力
20260909,sz000610,,
20260909,sz000620,算力,AI算力
20260909,sz000626,医药,医药
20260909,sz000632,,
20260909,sz000635,化工,周期资源
20260909,sz000639,,
20260909,sz000656,,
20260909,sz000659,,
20260909,sz000668,,
20260909,sz000669,油气,周期资源
20260909,sz000672,化工,周期资源
20260909,sz000676,传媒,AI应用
20260909,sz000677,化工,周期资源
20260909,sz000679,,
20260909,sz000692,电力,新能源电网
20260909,sz000697,军工,军工航天
20260909,sz000698,化工,周期资源
20260909,sz000702,,
20260909,sz000711,,
20260909,sz000712,,
20260909,sz000713,化工,周期资源
20260909,sz000715,,
20260909,sz000716,储能,新能源电网
20260909,sz000718,,
20260909,sz000720,电力,新能源电网
20260909,sz000721,,
20260909,sz000722,电力,新能源电网
20260909,sz000735,,
20260909,sz000736,,
20260909,sz000757,消费电子,AI算力
20260909,sz000759,,
20260909,sz000776,,
20260909,sz000783,,
20260909,sz000791,电力,新能源电网
20260909,sz000793,传媒,AI应用
20260909,sz000796,金融科技,AI应用
20260909,sz000798,,
20260909,sz000802,传媒,AI应用
20260909,sz000803,电力,新能源电网
20260909,sz000809,风电,新能源电网
20260909,sz000811,氢能,新能源电网
20260909,sz000815,算力,AI算力
20260909,sz000820,,
20260909,sz000821,光伏,新能源电网
20260909,sz000826,储能,新能源电网
20260909,sz000833,化工,周期资源
20260909,sz000838,,
20260909,sz000839,AI应用,AI应用
20260909,sz000852,油气,周期资源
20260909,sz000863,AI应用,AI应用
20260909,sz000876,,
20260909,sz000882,,
20260909,sz000889,金融科技,AI应用
20260909,sz000890,,
20260909,sz000892,传媒,AI应用
20260909,sz000903,氢能,新能源电网
20260909,sz000908,医药,医药
20260909,sz000909,储能,新能源电网
20260909,sz000911,,
20260909,sz000921,,
20260909,sz000926,,
20260909,sz000928,氢能,新能源电网
20260909,sz000929,,
20260909,sz000930,,
20260909,sz000935,创新药,医药
20260909,sz000951,智能驾驶,AI应用
20260909,sz000965,,
20260909,sz000972,医药,医药
20260909,sz000973,储能,新能源电网
20260909,sz000978,,
20260909,sz000980,智能驾驶,AI应用
20260909,sz000987,电力,新能源电网
20260909,sz000995,,
20260909,sz000998,,
20260909,sz001206,,
20260909,sz001207,化工,周期资源
20260909,sz001211,,
20260909,sz001215,,
20260909,sz001221,,
20260909,sz001222,,
20260909,sz001225,,
20260909,sz001233,,
20260909,sz001237,,
20260909,sz001256,,
20260909,sz001259,,
20260909,sz001260,,
20260909,sz001267,光通信,AI算力
20260909,sz001270,军工,军工航天
20260909,sz001279,化工,周期资源
20260909,sz001296,化工,周期资源
20260909,sz001300,,
20260909,sz001301,储能,新能源电网
20260909,sz001317,,
20260909,sz001318,,
20260909,sz001323,消费电子,AI算力
20260909,sz001328,医药,医药
20260909,sz001338,,
20260909,sz001359,储能,新能源电网
20260909,sz001366,,
20260909,sz001378,化工,周期资源
20260909,sz001387,PCB,AI算力
20260909,sz001388,电网,新能源电网
20260909,sz001395,,
20260909,sz001400,减速器,机器人
20260909,sz001896,电力,新能源电网
20260909,sz002005,,
20260909,sz002012,化工,周期资源
20260909,sz002014,,
20260909,sz002024,,
20260909,sz002030,医药,医药
20260909,sz002031,机器人,机器人
20260909,sz002037,化工,周期资源
20260909,sz002040,航运,周期资源
20260909,sz002041,,
20260909,sz002042,电力,新能源电网
20260909,sz002045,消费电子,AI算力
20260909,sz002046,机器人,机器人
20260909,sz002047,,
20260909,sz002051,算力,AI算力
20260909,sz002052,储能,新能源电网
20260909,sz002055,消费电子,AI算力
20260909,sz002056,光伏,新能源电网
20260909,sz002058,电力,新能源电网
20260909,sz002066,,
20260909,sz002067,化工,周期资源
20260909,sz002072,存储,AI算力
20260909,sz002076,储能,新能源电网
20260909,sz002082,医药,医药
20260909,sz002083,化工,周期资源
20260909,sz002084,,
20260909,sz002088,储能,新能源电网
20260909,sz002098,金融科技,AI应用
20260909,sz002102,医药,医药
20260909,sz002109,化工,周期资源
20260909,sz002122,,
20260909,sz002124,,
20260909,sz002125,储能,新能源电网
20260909,sz002133,,
20260909,sz002138,消费电子,AI算力
20260909,sz002146,低空经济,军工航天
20260909,sz002156,半导体,AI算力
20260909,sz002159,,
20260909,sz002160,有色,周期资源
20260909,sz002162,机器人,机器人
20260909,sz002168,电网,新能源电网
20260909,sz002172,医药,医药
20260909,sz002175,芯片,AI算力
20260909,sz002180,芯片,AI算力
20260909,sz002185,半导体,AI算力
20260909,sz002190,军工,军工航天
20260909,sz002192,储能,新能源电网
20260909,sz002193,,
20260909,sz002198,医药,医药
20260909,sz002199,,
20260909,sz002200,,
20260909,sz002201,化工,周期资源
20260909,sz002207,油气,周期资源
20260909,sz002208,,
20260909,sz002209,机器人,机器人
20260909,sz002210,电力,新能源电网
20260909,sz002211,化工,周期资源
20260909,sz002212,AI应用,AI应用
20260909,sz002214,军工,军工航天
20260909,sz002217,PCB,AI算力
20260909,sz002225,氢能,新能源电网
20260909,sz002227,电力,新能源电网
20260909,sz002243,新材料,周期资源
20260909,sz002244,储能,新能源电网
20260909,sz002245,储能,新能源电网
20260909,sz002248,芯片,AI算力
20260909,sz002250,化工,周期资源
20260909,sz002251,,
20260909,sz002253,军工,军工航天
20260909,sz002254,储能,新能源电网
20260909,sz002258,化工,周期资源
20260909,sz002264,传媒,AI应用
20260909,sz002274,化工,周期资源
20260909,sz002277,机器人,机器人
20260909,sz002279,AI应用,AI应用
20260909,sz002281,光通信,AI算力
20260909,sz002284,机器人,机器人
20260909,sz002285,,
20260909,sz002286,,
20260909,sz002289,算力,AI算力
20260909,sz002292,传媒,AI应用
20260909,sz002297,军工,军工航天
20260909,sz002298,算力,AI算力
20260909,sz002300,电力,新能源电网
20260909,sz002302,化工,周期资源
20260909,sz002303,消费电子,AI算力
20260909,sz002305,,
20260909,sz002306,光伏,新能源电网
20260909,sz002309,电网,新能源电网
20260909,sz002310,光伏,新能源电网
20260909,sz002314,储能,新能源电网
20260909,sz002317,医药,医药
20260909,sz002322,电网,新能源电网
20260909,sz002323,电力,新能源电网
20260909,sz002329,光伏,新能源电网
20260909,sz002333,光伏,新能源电网
20260909,sz002346,储能,新能源电网
20260909,sz002348,算力,AI算力
20260909,sz002353,油气,周期资源
20260909,sz002355,无人机,军工航天
20260909,sz002356,氢能,新能源电网
20260909,sz002357,卫星,军工航天
20260909,sz002360,化工,周期资源
20260909,sz002364,算力,AI算力
20260909,sz002365,医药,医药
20260909,sz002369,消费电子,AI算力
20260909,sz002374,,
20260909,sz002375,,
20260909,sz002377,油气,周期资源
20260909,sz002379,有色,周期资源
20260909,sz002384,消费电子,AI算力
20260909,sz002385,医药,医药
20260909,sz002396,光通信,AI算力
20260909,sz002397,,
20260909,sz002404,电力,新能源电网
20260909,sz002407,化工,周期资源
20260909,sz002409,半导体,AI算力
20260909,sz002414,军工,军工航天
20260909,sz002423,,
20260909,sz002424,医药,医药
20260909,sz002427,化工,周期资源
20260909,sz002431,,
20260909,sz002432,医药,医药
20260909,sz002436,PCB,AI算力
20260909,sz002442,化工,周期资源
20260909,sz002445,电力,新能源电网
20260909,sz002453,化工,周期资源
20260909,sz002454,低空经济,军工航天
20260909,sz002457,,
20260909,sz002458,,
20260909,sz002468,,
20260909,sz002471,电网,新能源电网
20260909,sz002483,,
20260909,sz002484,军工,军工航天
20260909,sz002485,,
20260909,sz002490,油气,周期资源
20260909,sz002491,,
20260909,sz002496,化工,周期资源
20260909,sz002497,储能,新能源电网
20260909,sz002498,电网,新能源电网
20260909,sz002501,有色,周期资源
20260909,sz002512,算力,AI算力
20260909,sz002514,储能,新能源电网
20260909,sz002528,消费电子,AI算力
20260909,sz002529,新材料,周期资源
20260909,sz002536,氢能,新能源电网
20260909,sz002538,化工,周期资源
20260909,sz002542,传媒,AI应用
20260909,sz002543,,
20260909,sz002546,电力,新能源电网
20260909,sz002547,储能,新能源电网
20260909,sz002548,,
20260909,sz002552,PCB,AI算力
20260909,sz002564,核电,新能源电网
20260909,sz002568,,
20260909,sz002569,,
20260909,sz002570,AI应用,AI应用
20260909,sz002579,消费电子,AI算力
20260909,sz002581,医药,医药
20260909,sz002582,,
20260909,sz002586,传媒,AI应用
20260909,sz002592,消费电子,AI算力
20260909,sz002596,化工,周期资源
20260909,sz002597,化工,周期资源
20260909,sz002598,储能,新能源电网
20260909,sz002607,AI应用,AI应用
20260909,sz002612,,
20260909,sz002613,化工,周期资源
20260909,sz002615,消费电子,AI算力
20260909,sz002617,电力,新能源电网
20260909,sz002620,电力,新能源电网
20260909,sz002622,医药,医药
20260909,sz002626,,
20260909,sz002627,,
20260909,sz002629,油气,周期资源
20260909,sz002630,电力,新能源电网
20260909,sz002632,储能,新能源电网
20260909,sz002634,新材料,周期资源
20260909,sz002638,,
20260909,sz002640,消费电子,AI算力
20260909,sz002650,,
20260909,sz002655,消费电子,AI算力
20260909,sz002656,,
20260909,sz002659,消费电子,AI算力
20260909,sz002667,储能,新能源电网
20260909,sz002668,,
20260909,sz002670,,
20260909,sz002674,机器人,机器人
20260909,sz002677,AI应用,AI应用
20260909,sz002679,,
20260909,sz002682,氢能,新能源电网
20260909,sz002686,军工,军工航天
20260909,sz002687,,
20260909,sz002688,化工,周期资源
20260909,sz002689,机器人,机器人
20260909,sz002691,机器人,机器人
20260909,sz002693,医药,医药
20260909,sz002694,,
20260909,sz002696,,
20260909,sz002700,油气,周期资源
20260909,sz002702,,
20260909,sz002713,算力,AI算力
20260909,sz002717,消费电子,AI算力
20260909,sz002718,,
20260909,sz002719,,
20260909,sz002724,新材料,周期资源
20260909,sz002726,,
20260909,sz002731,储能,新能源电网
20260909,sz002735,低空经济,军工航天
20260909,sz002742,医药,医药
20260909,sz002743,,
20260909,sz002745,PCB,AI算力
20260909,sz002759,化工,周期资源
20260909,sz002762,,
20260909,sz002774,,
20260909,sz002775,,
20260909,sz002777,AI应用,AI应用
20260909,sz002786,消费电子,AI算力
20260909,sz002789,,
20260909,sz002790,,
20260909,sz002791,,
20260909,sz002798,算力,AI算力
20260909,sz002800,,
20260909,sz002815,消费电子,AI算力
20260909,sz002816,PCB,AI算力
20260909,sz002819,医药,医药
20260909,sz002820,,
20260909,sz002821,医药,医药
20260909,sz002822,,
20260909,sz002824,有色,周期资源
20260909,sz002826,医药,医药
20260909,sz002827,化工,周期资源
20260909,sz002828,油气,周期资源
20260909,sz002829,航天,军工航天
20260909,sz002830,,
20260909,sz002840,,
20260909,sz002841,消费电子,AI算力
20260909,sz002845,消费电子,AI算力
20260909,sz002848,航天,军工航天
20260909,sz002851,储能,新能源电网
20260909,sz002852,,
20260909,sz002856,,
20260909,sz002860,光伏,新能源电网
20260909,sz002868,化工,周期资源
20260909,sz002871,算力,AI算力
20260909,sz002872,医药,医药
20260909,sz002875,,
20260909,sz002876,消费电子,AI算力
20260909,sz002879,电网,新能源电网
20260909,sz002883,低空经济,军工航天
20260909,sz002888,消费电子,AI算力
20260909,sz002891,,
20260909,sz002893,电力,新能源电网
20260909,sz002896,机器人,机器人
20260909,sz002907,医药,医药
20260909,sz002910,,
20260909,sz002915,化工,周期资源
20260909,sz002916,消费电子,AI算力
20260909,sz002918,,
20260909,sz002928,,
20260909,sz002929,算力,AI算力
20260909,sz002930,化工,周期资源
20260909,sz002945,,
20260909,sz002949,AI应用,AI应用
20260909,sz002951,电力,新能源电网
20260909,sz002955,算力,AI算力
20260909,sz002956,,
20260909,sz002957,消费电子,AI算力
20260909,sz002960,机器人,机器人
20260909,sz002961,,
20260909,sz002969,,
20260909,sz002975,消费电子,AI算力
20260909,sz002977,军工,军工航天
20260909,sz002979,机器人,机器人
20260909,sz002980,储能,新能源电网
20260909,sz002982,,
20260909,sz002983,PCB,AI算力
20260909,sz002988,有色,周期资源
20260909,sz002998,化工,周期资源
20260909,sz003001,核电,新能源电网
20260909,sz003004,AI应用,AI应用
20260909,sz003005,AI应用,AI应用
20260909,sz003006,,
20260909,sz003010,,
20260909,sz003011,,
20260909,sz003018,算力,AI算力
20260909,sz003029,AI应用,AI应用
20260909,sz003030,,
20260909,sz003032,机器人,机器人
20260909,sz003036,机器人,机器人
20260909,sz003039,电力,新能源电网
20260909,sz003041,,
20260909,sz300020,算力,AI算力
20260909,sz300044,机器人,机器人
20260909,sz300068,储能,新能源电网
20260909,sz300069,电网,新能源电网
20260909,sz300085,AI应用,AI应用
20260909,sz300103,储能,新能源电网
20260909,sz300152,氢能,新能源电网
20260909,sz300163,化工,周期资源
20260909,sz300167,算力,AI算力
20260909,sz300169,消费电子,AI算力
20260909,sz300189,,
20260909,sz300197,,
20260909,sz300212,算力,AI算力
20260909,sz300214,算力,AI算力
20260909,sz300289,医药,医药
20260909,sz300311,AI应用,AI应用
20260909,sz300313,,
20260909,sz300321,化工,周期资源
20260909,sz300334,芯片,AI算力
20260909,sz300359,AI应用,AI应用
20260909,sz300385,,
20260909,sz300401,医药,医药
20260909,sz300456,半导体,AI算力
20260909,sz300469,AI应用,AI应用
20260909,sz300515,,
20260909,sz300540,氢能,新能源电网
20260909,sz300566,消费电子,AI算力
20260909,sz300598,智能驾驶,AI应用
20260909,sz300615,储能,新能源电网
20260909,sz300616,机器人,机器人
20260909,sz300626,电力,新能源电网
20260909,sz300642,医药,医药
20260909,sz300649,,
20260909,sz300684,消费电子,AI算力
20260909,sz300720,半导体,AI算力
20260909,sz300737,,
20260909,sz300740,,
20260909,sz300779,有色,周期资源
20260909,sz300807,AI应用,AI应用
20260909,sz300834,化工,周期资源
20260909,sz300868,消费电子,AI算力
20260909,sz300897,AI应用,AI应用
20260909,sz300929,氢能,新能源电网
20260909,sz300931,,
20260909,sz300959,,
20260909,sz300961,,
20260909,sz300964,光通信,AI算力
20260909,sz300970,,
20260909,sz300981,医药,医药
20260909,sz300985,氢能,新能源电网
20260909,sz300996,AI应用,AI应用
20260909,sz300997,,
20260909,sz301019,化工,周期资源
20260909,sz301028,机器人,机器人
20260909,sz301030,光伏,新能源电网
20260909,sz301045,消费电子,AI算力
20260909,sz301081,,
20260909,sz301106,医药,医药
20260909,sz301115,光伏,新能源电网
20260909,sz301121,储能,新能源电网
20260909,sz301123,消费电子,AI算力
20260909,sz301139,储能,新能源电网
20260909,sz301151,算力,AI算力
20260909,sz301183,智能驾驶,AI应用
20260909,sz301188,医药,医药
20260909,sz301193,,
20260909,sz301197,,
20260909,sz301227,,
20260909,sz301234,医药,医药
20260909,sz301251,算力,AI算力
20260909,sz301322,半导体,AI算力
20260909,sz301349,电力,新能源电网
20260909,sz301356,,
20260909,sz301379,低空经济,军工航天
20260909,sz301396,算力,AI算力
20260909,sz301449,储能,新能源电网
20260909,sz301520,创新药,医药
20260909,sz301565,储能,新能源电网
20260909,sz301583,半导体,AI算力
20260909,sz301599,储能,新能源电网
20260909,sz301607,半导体,AI算力
20260909,sz301630,半导体,AI算力
20260909,sz301667,储能,新能源电网
20260909,bj920305,,
20260909,sh600636,,
20260909,sh600696,,
20260909,sh605081,,
20260909,sz000004,,
20260909,sz002808,,
20260909,bj920008,军工,军工航天
20260909,bj920010,算力,AI算力
20260909,bj920016,化工,周期资源
20260909,bj920019,,
20260909,bj920028,化工,周期资源
20260909,bj920030,储能,新能源电网
20260909,bj920045,光通信,AI算力
20260909,bj920058,,
20260909,bj920066,化工,周期资源
20260909,bj920068,有色,周期资源
20260909,bj920081,算力,AI算力
20260909,bj920088,油气,周期资源
20260909,bj920098,化工,周期资源
20260909,bj920118,电网,新能源电网
20260909,bj920119,储能,新能源电网
20260909,bj920149,光伏,新能源电网
20260909,bj920159,化工,周期资源
20260909,bj920169,航天,军工航天
20260909,bj920174,,
20260909,bj920183,消费电子,AI算力
20260909,bj920204,,
20260909,bj920206,化工,周期资源
20260909,bj920225,化工,周期资源
20260909,bj920230,医药,医药
20260909,bj920245,,
20260909,bj920260,油气,周期资源
20260909,bj920273,,
20260909,bj920274,,
20260909,bj920275,,
20260909,bj920304,储能,新能源电网
20260909,bj920351,低空经济,军工航天
20260909,bj920403,医药,医药
20260909,bj920419,,
20260909,bj920429,,
20260909,bj920436,智能驾驶,AI应用
20260909,bj920445,,
20260909,bj920455,,
20260909,bj920471,化工,周期资源
20260909,bj920509,机器人,机器人
20260909,bj920519,化工,周期资源
20260909,bj920527,新材料,周期资源
20260909,bj920547,医药,医药
20260909,bj920571,航运,周期资源
20260909,bj920599,智能驾驶,AI应用
20260909,bj920608,,
20260909,bj920641,储能,新能源电网
20260909,bj920656,医药,医药
20260909,bj920675,化工,周期资源
20260909,bj920682,电网,新能源电网
20260909,bj920694,化工,周期资源
20260909,bj920718,,
20260909,bj920729,化工,周期资源
20260909,bj920748,AI应用,AI应用
20260909,bj920786,,
20260909,bj920799,金融科技,AI应用
20260909,bj920810,,
20260909,bj920819,化工,周期资源
20260909,bj920833,,
20260909,bj920866,化工,周期资源
20260909,bj920892,低空经济,军工航天
20260909,bj920931,油气,周期资源
20260909,bj920946,医药,医药
20260909,bj920950,,
20260909,bj920957,化工,周期资源
20260909,bj920964,,
20260909,bj920970,,
20260909,bj920974,氢能,新能源电网
20260909,bj920976,,
20260909,sh600017,航运,周期资源
20260909,sh600018,航运,周期资源
20260909,sh600027,电力,新能源电网
20260909,sh600028,油气,周期资源
20260909,sh600031,AI应用,AI应用
20260909,sh600035,,
20260909,sh600036,金融科技,AI应用
20260909,sh600039,储能,新能源电网
20260909,sh600060,AI应用,AI应用
20260909,sh600073,,
20260909,sh600075,化工,周期资源
20260909,sh600097,,
20260909,sh600099,智能驾驶,AI应用
20260909,sh600104,智能驾驶,AI应用
20260909,sh600128,有色,周期资源
20260909,sh600138,,
20260909,sh600148,无人机,军工航天
20260909,sh600149,电力,新能源电网
20260909,sh600150,军工,军工航天
20260909,sh600159,,
20260909,sh600169,航天,军工航天
20260909,sh600177,,
20260909,sh600189,,
20260909,sh600195,化工,周期资源
20260909,sh600212,储能,新能源电网
20260909,sh600217,,
20260909,sh600235,化工,周期资源
20260909,sh600256,煤炭,周期资源
20260909,sh600261,核电,新能源电网
20260909,sh600287,,
20260909,sh600295,黑色,周期资源
20260909,sh600309,化工,周期资源
20260909,sh600315,,
20260909,sh600319,化工,周期资源
20260909,sh600333,油气,周期资源
20260909,sh600336,医药,医药
20260909,sh600346,油气,周期资源
20260909,sh600348,煤炭,周期资源
20260909,sh600368,,
20260909,sh600372,军工,军工航天
20260909,sh600415,算力,AI算力
20260909,sh600435,军工,军工航天
20260909,sh600448,,
20260909,sh600467,,
20260909,sh600486,化工,周期资源
20260909,sh600493,,
20260909,sh600523,低空经济,军工航天
20260909,sh600526,机器人,机器人
20260909,sh600547,有色,周期资源
20260909,sh600561,,
20260909,sh600562,军工,军工航天
20260909,sh600569,黑色,周期资源
20260909,sh600583,油气,周期资源
20260909,sh600616,,
20260909,sh600622,,
20260909,sh600623,化工,周期资源
20260909,sh600628,医药,医药
20260909,sh600674,电力,新能源电网
20260909,sh600681,机器人,机器人
20260909,sh600685,军工,军工航天
20260909,sh600692,,
20260909,sh600697,,
20260909,sh600706,AI应用,AI应用
20260909,sh600710,光伏,新能源电网
20260909,sh600738,,
20260909,sh600740,化工,周期资源
20260909,sh600760,军工,军工航天
20260909,sh600765,军工,军工航天
20260909,sh600774,医药,医药
20260909,sh600780,电力,新能源电网
20260909,sh600794,AI应用,AI应用
20260909,sh600795,电力,新能源电网
20260909,sh600803,氢能,新能源电网
20260909,sh600814,,
20260909,sh600834,电力,新能源电网
20260909,sh600854,储能,新能源电网
20260909,sh600858,,
20260909,sh600871,油气,周期资源
20260909,sh600883,,
20260909,sh600893,军工,军工航天
20260909,sh600908,,
20260909,sh600919,,
20260909,sh600926,,
20260909,sh600963,化工,周期资源
20260909,sh600968,油气,周期资源
20260909,sh600971,煤炭,周期资源
20260909,sh600989,化工,周期资源
20260909,sh601007,,
20260909,sh601008,航运,周期资源
20260909,sh601009,,
20260909,sh601018,航运,周期资源
20260909,sh601058,,
20260909,sh601088,煤炭,周期资源
20260909,sh601107,储能,新能源电网
20260909,sh601168,有色,周期资源
20260909,sh601169,,
20260909,sh601216,化工,周期资源
20260909,sh601225,煤炭,周期资源
20260909,sh601226,氢能,新能源电网
20260909,sh601279,,
20260909,sh601288,金融科技,AI应用
20260909,sh601298,航运,周期资源
20260909,sh601318,,
20260909,sh601319,,
20260909,sh601326,航运,周期资源
20260909,sh601328,金融科技,AI应用
20260909,sh601333,,
20260909,sh601398,金融科技,AI应用
20260909,sh601512,储能,新能源电网
20260909,sh601528,金融科技,AI应用
20260909,sh601555,,
20260909,sh601568,化工,周期资源
20260909,sh601577,,
20260909,sh601599,传媒,AI应用
20260909,sh601601,,
20260909,sh601658,,
20260909,sh601665,,
20260909,sh601808,油气,周期资源
20260909,sh601825,,
20260909,sh601838,,
20260909,sh601857,油气,周期资源
20260909,sh601866,航运,周期资源
20260909,sh601919,航运,周期资源
20260909,sh601939,金融科技,AI应用
20260909,sh601988,金融科技,AI应用
20260909,sh601998,,
20260909,sh603017,低空经济,军工航天
20260909,sh603022,,
20260909,sh603041,化工,周期资源
20260909,sh603055,,
20260909,sh603066,机器人,机器人
20260909,sh603080,油气,周期资源
20260909,sh603088,算力,AI算力
20260909,sh603098,光伏,新能源电网
20260909,sh603101,低空经济,军工航天
20260909,sh603111,AI应用,AI应用
20260909,sh603117,,
20260909,sh603128,,
20260909,sh603132,有色,周期资源
20260909,sh603136,,
20260909,sh603168,医药,医药
20260909,sh603176,,
20260909,sh603182,,
20260909,sh603209,航运,周期资源
20260909,sh603214,,
20260909,sh603230,传媒,AI应用
20260909,sh603231,,
20260909,sh603235,化工,周期资源
20260909,sh603255,化工,周期资源
20260909,sh603257,有色,周期资源
20260909,sh603282,,
20260909,sh603321,AI应用,AI应用
20260909,sh603323,,
20260909,sh603326,,
20260909,sh603385,,
20260909,sh603391,AI应用,AI应用
20260909,sh603393,油气,周期资源
20260909,sh603408,,
20260909,sh603536,,
20260909,sh603583,机器人,机器人
20260909,sh603585,化工,周期资源
20260909,sh603587,,
20260909,sh603599,化工,周期资源
20260909,sh603600,,
20260909,sh603609,,
20260909,sh603689,油气,周期资源
20260909,sh603709,AI应用,AI应用
20260909,sh603755,,
20260909,sh603766,储能,新能源电网
20260909,sh603836,,
20260909,sh603889,,
20260909,sh603917,,
20260909,sh603970,化工,周期资源
20260909,sh605001,,
20260909,sh605003,,
20260909,sh605008,化工,周期资源
20260909,sh605009,医药,医药
20260909,sh605122,化工,周期资源
20260909,sh605138,,
20260909,sh605183,化工,周期资源
20260909,sh605222,电力,新能源电网
20260909,sh605567,,
20260909,sh688002,军工,军工航天
20260909,sh688022,储能,新能源电网
20260909,sh688025,消费电子,AI算力
20260909,sh688026,医药,医药
20260909,sh688028,新材料,周期资源
20260909,sh688029,医药,医药
20260909,sh688033,低空经济,军工航天
20260909,sh688035,消费电子,AI算力
20260909,sh688038,AI应用,AI应用
20260909,sh688053,军工,军工航天
20260909,sh688058,AI应用,AI应用
20260909,sh688060,AI应用,AI应用
20260909,sh688061,芯片,AI算力
20260909,sh688078,机器人,机器人
20260909,sh688089,化工,周期资源
20260909,sh688127,消费电子,AI算力
20260909,sh688132,军工,军工航天
20260909,sh688135,半导体,AI算力
20260909,sh688139,医药,医药
20260909,sh688156,,
20260909,sh688170,消费电子,AI算力
20260909,sh688195,医药,医药
20260909,sh688196,化工,周期资源
20260909,sh688203,化工,周期资源
20260909,sh688205,光通信,AI算力
20260909,sh688215,,
20260909,sh688231,有色,周期资源
20260909,sh688239,航天,军工航天
20260909,sh688279,芯片,AI算力
20260909,sh688296,AI应用,AI应用
20260909,sh688297,军工,军工航天
20260909,sh688313,光通信,AI算力
20260909,sh688318,AI应用,AI应用
20260909,sh688329,医药,医药
20260909,sh688330,电网,新能源电网
20260909,sh688379,无人机,军工航天
20260909,sh688383,机器人,机器人
20260909,sh688435,,
20260909,sh688448,,
20260909,sh688455,智能驾驶,AI应用
20260909,sh688458,半导体,AI算力
20260909,sh688498,半导体,AI算力
20260909,sh688510,军工,军工航天
20260909,sh688528,油气,周期资源
20260909,sh688531,储能,新能源电网
20260909,sh688536,芯片,AI算力
20260909,sh688543,军工,军工航天
20260909,sh688552,军工,军工航天
20260909,sh688559,储能,新能源电网
20260909,sh688563,军工,军工航天
20260909,sh688569,,
20260909,sh688586,军工,军工航天
20260909,sh688601,芯片,AI算力
20260909,sh688612,低空经济,军工航天
20260909,sh688617,医药,医药
20260909,sh688628,,
20260909,sh688646,储能,新能源电网
20260909,sh688656,医药,医药
20260909,sh688667,,
20260909,sh688670,医药,医药
20260909,sh688678,消费电子,AI算力
20260909,sh688679,,
20260909,sh688686,储能,新能源电网
20260909,sh688696,,
20260909,sh688700,PCB,AI算力
20260909,sh688701,,
20260909,sh688719,电力,新能源电网
20260909,sh688798,芯片,AI算力
20260909,sh688799,医药,医药
20260909,sh688807,半导体,AI算力
20260909,sh688825,芯片,AI算力
20260909,sz000039,油气,周期资源
20260909,sz000045,,
20260909,sz000058,航天,军工航天
20260909,sz000061,,
20260909,sz000407,油气,周期资源
20260909,sz000419,,
20260909,sz000421,油气,周期资源
20260909,sz000430,,
20260909,sz000501,有色,周期资源
20260909,sz000525,化工,周期资源
20260909,sz000529,,
20260909,sz000550,智能驾驶,AI应用
20260909,sz000570,电网,新能源电网
20260909,sz000581,氢能,新能源电网
20260909,sz000607,传媒,AI应用
20260909,sz000619,,
20260909,sz000637,油气,周期资源
20260909,sz000655,黑色,周期资源
20260909,sz000663,,
20260909,sz000690,电力,新能源电网
20260909,sz000728,,
20260909,sz000731,化工,周期资源
20260909,sz000738,军工,军工航天
20260909,sz000753,低空经济,军工航天
20260909,sz000797,,
20260909,sz000807,有色,周期资源
20260909,sz000812,,
20260909,sz000819,油气,周期资源
20260909,sz000822,化工,周期资源
20260909,sz000856,机器人,机器人
20260909,sz000878,有色,周期资源
20260909,sz000886,算力,AI算力
20260909,sz000888,,
20260909,sz000897,算力,AI算力
20260909,sz000902,化工,周期资源
20260909,sz000905,航运,周期资源
20260909,sz000906,储能,新能源电网
20260909,sz000923,黑色,周期资源
20260909,sz000933,有色,周期资源
20260909,sz000949,化工,周期资源
20260909,sz000985,油气,周期资源
20260909,sz001201,,
20260909,sz001202,,
20260909,sz001205,航运,周期资源
20260909,sz001209,AI应用,AI应用
20260909,sz001217,化工,周期资源
20260909,sz001228,,
20260909,sz001231,化工,周期资源
20260909,sz001255,化工,周期资源
20260909,sz001280,有色,周期资源
20260909,sz001324,储能,新能源电网
20260909,sz001368,医药,医药
20260909,sz001380,机器人,机器人
20260909,sz001872,航运,周期资源
20260909,sz002003,,
20260909,sz002026,储能,新能源电网
20260909,sz002033,,
20260909,sz002069,,
20260909,sz002086,医药,医药
20260909,sz002092,化工,周期资源
20260909,sz002100,医药,医药
20260909,sz002105,,
20260909,sz002111,军工,军工航天
20260909,sz002116,储能,新能源电网
20260909,sz002142,,
20260909,sz002157,,
20260909,sz002163,,
20260909,sz002171,有色,周期资源
20260909,sz002186,,
20260909,sz002187,有色,周期资源
20260909,sz002221,油气,周期资源
20260909,sz002224,化工,周期资源
20260909,sz002234,,
20260909,sz002238,传媒,AI应用
20260909,sz002247,,
20260909,sz002267,油气,周期资源
20260909,sz002299,,
20260909,sz002320,航运,周期资源
20260909,sz002321,,
20260909,sz002330,,
20260909,sz002344,光伏,新能源电网
20260909,sz002363,智能驾驶,AI应用
20260909,sz002391,化工,周期资源
20260909,sz002394,AI应用,AI应用
20260909,sz002408,油气,周期资源
20260909,sz002419,AI应用,AI应用
20260909,sz002443,油气,周期资源
20260909,sz002479,电力,新能源电网
20260909,sz002481,电力,新能源电网
20260909,sz002492,,
20260909,sz002493,油气,周期资源
20260909,sz002516,机器人,机器人
20260909,sz002537,金融科技,AI应用
20260909,sz002556,化工,周期资源
20260909,sz002561,,
20260909,sz002567,,
20260909,sz002571,传媒,AI应用
20260909,sz002574,光伏,新能源电网
20260909,sz002602,传媒,AI应用
20260909,sz002614,医药,医药
20260909,sz002661,,
20260909,sz002707,AI应用,AI应用
20260909,sz002712,传媒,AI应用
20260909,sz002714,,
20260909,sz002746,,
20260909,sz002749,化工,周期资源
20260909,sz002752,,
20260909,sz002753,化工,周期资源
20260909,sz002758,医药,医药
20260909,sz002772,,
20260909,sz002778,,
20260909,sz002802,化工,周期资源
20260909,sz002807,,
20260909,sz002810,化工,周期资源
20260909,sz002813,智能驾驶,AI应用
20260909,sz002818,,
20260909,sz002890,,
20260909,sz002905,传媒,AI应用
20260909,sz002911,储能,新能源电网
20260909,sz002948,金融科技,AI应用
20260909,sz002966,,
20260909,sz002986,油气,周期资源
20260909,sz003002,化工,周期资源
20260909,sz003016,AI应用,AI应用
20260909,sz003017,化工,周期资源
20260909,sz003042,化工,周期资源
20260909,sz003816,电力,新能源电网
20260909,sz300008,军工,军工航天
20260909,sz300010,AI应用,AI应用
20260909,sz300021,消费电子,AI算力
20260909,sz300025,算力,AI算力
20260909,sz300050,消费电子,AI算力
20260909,sz300079,金融科技,AI应用
20260909,sz300081,传媒,AI应用
20260909,sz300082,化工,周期资源
20260909,sz300087,,
20260909,sz300094,,
20260909,sz300106,,
20260909,sz300123,军工,军工航天
20260909,sz300126,,
20260909,sz300128,消费电子,AI算力
20260909,sz300135,油气,周期资源
20260909,sz300153,电力,新能源电网
20260909,sz300154,机器人,机器人
20260909,sz300180,金融科技,AI应用
20260909,sz300190,油气,周期资源
20260909,sz300191,油气,周期资源
20260909,sz300192,芯片,AI算力
20260909,sz300195,储能,新能源电网
20260909,sz300198,储能,新能源电网
20260909,sz300220,,
20260909,sz300225,化工,周期资源
20260909,sz300227,消费电子,AI算力
20260909,sz300234,氢能,新能源电网
20260909,sz300237,储能,新能源电网
20260909,sz300240,,
20260909,sz300252,军工,军工航天
20260909,sz300268,,
20260909,sz300300,算力,AI算力
20260909,sz300301,半导体,AI算力
20260909,sz300338,电力,新能源电网
20260909,sz300366,算力,AI算力
20260909,sz300382,机器人,机器人
20260909,sz300387,化工,周期资源
20260909,sz300394,消费电子,AI算力
20260909,sz300399,算力,AI算力
20260909,sz300400,消费电子,AI算力
20260909,sz300417,,
20260909,sz300428,低空经济,军工航天
20260909,sz300437,化工,周期资源
20260909,sz300440,智能驾驶,AI应用
20260909,sz300464,消费电子,AI算力
20260909,sz300468,金融科技,AI应用
20260909,sz300473,氢能,新能源电网
20260909,sz300478,化工,周期资源
20260909,sz300483,油气,周期资源
20260909,sz300491,电力,新能源电网
20260909,sz300497,医药,医药
20260909,sz300498,消费电子,AI算力
20260909,sz300499,储能,新能源电网
20260909,sz300504,消费电子,AI算力
20260909,sz300509,机器人,机器人
20260909,sz300511,,
20260909,sz300514,电网,新能源电网
20260909,sz300517,,
20260909,sz300523,机器人,机器人
20260909,sz300527,军工,军工航天
20260909,sz300546,金融科技,AI应用
20260909,sz300550,AI应用,AI应用
20260909,sz300551,金融科技,AI应用
20260909,sz300553,军工,军工航天
20260909,sz300559,AI应用,AI应用
20260909,sz300560,算力,AI算力
20260909,sz300562,医药,医药
20260909,sz300572,,
20260909,sz300575,化工,周期资源
20260909,sz300589,军工,军工航天
20260909,sz300602,消费电子,AI算力
20260909,sz300610,化工,周期资源
20260909,sz300611,机器人,机器人
20260909,sz300623,半导体,AI算力
20260909,sz300637,化工,周期资源
20260909,sz300647,消费电子,AI算力
20260909,sz300670,电网,新能源电网
20260909,sz300673,,
20260909,sz300674,AI应用,AI应用
20260909,sz300677,医药,医药
20260909,sz300689,算力,AI算力
20260909,sz300690,风电,新能源电网
20260909,sz300697,有色,周期资源
20260909,sz300703,AI应用,AI应用
20260909,sz300709,消费电子,AI算力
20260909,sz300719,军工,军工航天
20260909,sz300727,化工,周期资源
20260909,sz300731,化工,周期资源
20260909,sz300736,消费电子,AI算力
20260909,sz300739,芯片,AI算力
20260909,sz300741,化工,周期资源
20260909,sz300747,PCB,AI算力
20260909,sz300749,航天,军工航天
20260909,sz300751,光伏,新能源电网
20260909,sz300752,消费电子,AI算力
20260909,sz300757,光通信,AI算力
20260909,sz300760,医药,医药
20260909,sz300761,,
20260909,sz300774,,
20260909,sz300787,消费电子,AI算力
20260909,sz300790,机器人,机器人
20260909,sz300791,,
20260909,sz300796,化工,周期资源
20260909,sz300798,化工,周期资源
20260909,sz300808,,
20260909,sz300810,军工,军工航天
20260909,sz300811,有色,周期资源
20260909,sz300816,算力,AI算力
20260909,sz300817,减速器,机器人
20260909,sz300825,AI应用,AI应用
20260909,sz300826,无人机,军工航天
20260909,sz300828,机器人,机器人
20260909,sz300829,化工,周期资源
20260909,sz300833,传媒,AI应用
20260909,sz300838,,
20260909,sz300845,军工,军工航天
20260909,sz300855,有色,周期资源
20260909,sz300859,低空经济,军工航天
20260909,sz300860,低空经济,军工航天
20260909,sz300864,,
20260909,sz300865,无人机,军工航天
20260909,sz300867,电力,新能源电网
20260909,sz300877,储能,新能源电网
20260909,sz300880,电力,新能源电网
20260909,sz300883,化工,周期资源
20260909,sz300889,储能,新能源电网
20260909,sz300891,化工,周期资源
20260909,sz300899,,
20260909,sz300901,传媒,AI应用
20260909,sz300906,,
20260909,sz300909,消费电子,AI算力
20260909,sz300913,智能驾驶,AI应用
20260909,sz300932,电力,新能源电网
20260909,sz300943,油气,周期资源
20260909,sz300949,AI应用,AI应用
20260909,sz300950,氢能,新能源电网
20260909,sz300951,消费电子,AI算力
20260909,sz300958,,
20260909,sz300967,,
20260909,sz300969,机器人,机器人
20260909,sz300976,消费电子,AI算力
20260909,sz300977,芯片,AI算力
20260909,sz300989,算力,AI算力
20260909,sz300990,算力,AI算力
20260909,sz300998,机器人,机器人
20260909,sz300999,,
20260909,sz301001,AI应用,AI应用
20260909,sz301003,化工,周期资源
20260909,sz301007,机器人,机器人
20260909,sz301016,储能,新能源电网
20260909,sz301018,军工,军工航天
20260909,sz301021,半导体,AI算力
20260909,sz301025,传媒,AI应用
20260909,sz301035,化工,周期资源
20260909,sz301038,AI应用,AI应用
20260909,sz301041,军工,军工航天
20260909,sz301043,,
20260909,sz301046,机器人,机器人
20260909,sz301049,,
20260909,sz301056,军工,军工航天
20260909,sz301058,机器人,机器人
20260909,sz301059,化工,周期资源
20260909,sz301072,,
20260909,sz301073,低空经济,军工航天
20260909,sz301086,消费电子,AI算力
20260909,sz301088,,
20260909,sz301090,化工,周期资源
20260909,sz301098,,
20260909,sz301105,,
20260909,sz301108,,
20260909,sz301113,,
20260909,sz301116,,
20260909,sz301118,化工,周期资源
20260909,sz301119,,
20260909,sz301122,医药,医药
20260909,sz301126,医药,医药
20260909,sz301149,化工,周期资源
20260909,sz301156,化工,周期资源
20260909,sz301160,机器人,机器人
20260909,sz301169,AI应用,AI应用
20260909,sz301173,,
20260909,sz301175,电力,新能源电网
20260909,sz301181,低空经济,军工航天
20260909,sz301189,消费电子,AI算力
20260909,sz301206,化工,周期资源
20260909,sz301212,化工,周期资源
20260909,sz301216,机器人,机器人
20260909,sz301223,,
20260909,sz301226,机器人,机器人
20260909,sz301252,机器人,机器人
20260909,sz301266,光伏,新能源电网
20260909,sz301287,,
20260909,sz301297,半导体,AI算力
20260909,sz301300,化工,周期资源
20260909,sz301305,电力,新能源电网
20260909,sz301320,无人机,军工航天
20260909,sz301335,,
20260909,sz301337,,
20260909,sz301355,化工,周期资源
20260909,sz301359,,
20260909,sz301376,AI应用,AI应用
20260909,sz301383,消费电子,AI算力
20260909,sz301389,消费电子,AI算力
20260909,sz301390,AI应用,AI应用
20260909,sz301398,低空经济,军工航天
20260909,sz301448,机器人,机器人
20260909,sz301486,消费电子,AI算力
20260909,sz301505,低空经济,军工航天
20260909,sz301533,电网,新能源电网
20260909,sz301555,化工,周期资源
20260909,sz301556,,
20260909,sz301557,风电,新能源电网
20260909,sz301571,军工,军工航天
20260909,sz301595,化工,周期资源
20260909,sz301629,半导体,AI算力
20260909,sz301680,电网,新能源电网
20260909,sz302132,军工,军工航天
20260910,bj920001,,
20260910,bj920006,军工,军工航天
20260910,bj920021,传媒,AI应用
20260910,bj920035,算力,AI算力
20260910,bj920075,AI应用,AI应用
20260910,bj920083,化工,周期资源
20260910,bj920087,,
20260910,bj920090,AI应用,AI应用
20260910,bj920092,AI应用,AI应用
20260910,bj920117,储能,新能源电网
20260910,bj920122,,
20260910,bj920128,储能,新能源电网
20260910,bj920130,AI应用,AI应用
20260910,bj920152,电力,新能源电网
20260910,bj920161,化工,周期资源
20260910,bj920176,,
20260910,bj920178,消费电子,AI算力
20260910,bj920190,消费电子,AI算力
20260910,bj920193,电力,新能源电网
20260910,bj920211,机器人,机器人
20260910,bj920212,消费电子,AI算力
20260910,bj920221,减速器,机器人
20260910,bj920222,电网,新能源电网
20260910,bj920223,算力,AI算力
20260910,bj920249,储能,新能源电网
20260910,bj920268,医药,医药
20260910,bj920270,,
20260910,bj920344,医药,医药
20260910,bj920357,消费电子,AI算力
20260910,bj920367,医药,医药
20260910,bj920371,,
20260910,bj920394,化工,周期资源
20260910,bj920469,化工,周期资源
20260910,bj920510,机器人,机器人
20260910,bj920580,储能,新能源电网
20260910,bj920592,AI应用,AI应用
20260910,bj920634,有色,周期资源
20260910,bj920662,算力,AI算力
20260910,bj920685,,
20260910,bj920699,消费电子,AI算力
20260910,bj920725,半导体,AI算力
20260910,bj920790,,
20260910,bj920821,光通信,AI算力
20260910,bj920855,,
20260910,bj920856,机器人,机器人
20260910,bj920857,消费电子,AI算力
20260910,bj920876,消费电子,AI算力
20260910,bj920895,,
20260910,bj920961,卫星,军工航天
20260910,sh600052,储能,新能源电网
20260910,sh600053,机器人,机器人
20260910,sh600059,,
20260910,sh600080,医药,医药
20260910,sh600082,,
20260910,sh600084,,
20260910,sh600088,传媒,AI应用
20260910,sh600095,,
20260910,sh600107,油气,周期资源
20260910,sh600108,,
20260910,sh600113,,
20260910,sh600119,,
20260910,sh600120,,
20260910,sh600127,,
20260910,sh600130,消费电子,AI算力
20260910,sh600162,算力,AI算力
20260910,sh600165,化工,周期资源
20260910,sh600172,新材料,周期资源
20260910,sh600178,低空经济,军工航天
20260910,sh600180,,
20260910,sh600182,,
20260910,sh600185,,
20260910,sh600187,储能,新能源电网
20260910,sh600191,,
20260910,sh600199,,
20260910,sh600206,半导体,AI算力
20260910,sh600227,化工,周期资源
20260910,sh600228,传媒,AI应用
20260910,sh600233,,
20260910,sh600238,,
20260910,sh600239,,
20260910,sh600243,,
20260910,sh600246,算力,AI算力
20260910,sh600250,,
20260910,sh600251,电力,新能源电网
20260910,sh600257,,
20260910,sh600265,算力,AI算力
20260910,sh600266,航天,军工航天
20260910,sh600280,,
20260910,sh600289,AI应用,AI应用
20260910,sh600293,化工,周期资源
20260910,sh600302,,
20260910,sh600303,氢能,新能源电网
20260910,sh600313,,
20260910,sh600318,,
20260910,sh600322,,
20260910,sh600326,化工,周期资源
20260910,sh600327,,
20260910,sh600337,AI应用,AI应用
20260910,sh600340,低空经济,军工航天
20260910,sh600343,氢能,新能源电网
20260910,sh600345,航天,军工航天
20260910,sh600350,,
20260910,sh600353,军工,军工航天
20260910,sh600354,,
20260910,sh600359,医药,医药
20260910,sh600360,半导体,AI算力
20260910,sh600365,,
20260910,sh600367,储能,新能源电网
20260910,sh600370,化工,周期资源
20260910,sh600371,,
20260910,sh600375,氢能,新能源电网
20260910,sh600376,,
20260910,sh600381,医药,医药
20260910,sh600382,黑色,周期资源
20260910,sh600391,军工,军工航天
20260910,sh600400,AI应用,AI应用
20260910,sh600410,AI应用,AI应用
20260910,sh600418,智能驾驶,AI应用
20260910,sh600419,,
20260910,sh600423,化工,周期资源
20260910,sh600429,,
20260910,sh600439,,
20260910,sh600459,有色,周期资源
20260910,sh600463,,
20260910,sh600476,算力,AI算力
20260910,sh600488,医药,医药
20260910,sh600491,,
20260910,sh600500,储能,新能源电网
20260910,sh600508,煤炭,周期资源
20260910,sh600509,电力,新能源电网
20260910,sh600510,元件,AI算力
20260910,sh600516,储能,新能源电网
20260910,sh600527,,
20260910,sh600530,,
20260910,sh600536,,
20260910,sh600537,光伏,新能源电网
20260910,sh600539,PCB,AI算力
20260910,sh600540,,
20260910,sh600543,,
20260910,sh600567,化工,周期资源
20260910,sh600568,医药,医药
20260910,sh600573,,
20260910,sh600576,低空经济,军工航天
20260910,sh600581,黑色,周期资源
20260910,sh600584,半导体,AI算力
20260910,sh600589,算力,AI算力
20260910,sh600593,,
20260910,sh600595,有色,周期资源
20260910,sh600598,,
20260910,sh600603,,
20260910,sh600611,算力,AI算力
20260910,sh600624,医药,医药
20260910,sh600626,,
20260910,sh600629,消费电子,AI算力
20260910,sh600630,,
20260910,sh600637,传媒,AI应用
20260910,sh600654,消费电子,AI算力
20260910,sh600657,,
20260910,sh600661,,
20260910,sh600663,,
20260910,sh600665,,
20260910,sh600667,光伏,新能源电网
20260910,sh600673,算力,AI算力
20260910,sh600676,,
20260910,sh600678,化工,周期资源
20260910,sh600679,,
20260910,sh600682,,
20260910,sh600683,,
20260910,sh600689,,
20260910,sh600693,,
20260910,sh600698,,
20260910,sh600702,,
20260910,sh600703,半导体,AI算力
20260910,sh600708,,
20260910,sh600712,,
20260910,sh600721,医药,医药
20260910,sh600724,,
20260910,sh600730,AI应用,AI应用
20260910,sh600733,储能,新能源电网
20260910,sh600734,算力,AI算力
20260910,sh600735,医药,医药
20260910,sh600737,,
20260910,sh600743,,
20260910,sh600745,半导体,AI算力
20260910,sh600746,化工,周期资源
20260910,sh600748,,
20260910,sh600749,,
20260910,sh600753,,
20260910,sh600758,煤炭,周期资源
20260910,sh600759,油气,周期资源
20260910,sh600769,,
20260910,sh600770,半导体,AI算力
20260910,sh600777,油气,周期资源
20260910,sh600778,,
20260910,sh600779,,
20260910,sh600785,,
20260910,sh600791,,
20260910,sh600815,,
20260910,sh600818,,
20260910,sh600824,有色,周期资源
20260910,sh600828,,
20260910,sh600829,医药,医药
20260910,sh600830,,
20260910,sh600838,,
20260910,sh600844,化工,周期资源
20260910,sh600846,,
20260910,sh600847,电力,新能源电网
20260910,sh600857,有色,周期资源
20260910,sh600865,,
20260910,sh600881,医药,医药
20260910,sh600889,机器人,机器人
20260910,sh600892,传媒,AI应用
20260910,sh600903,油气,周期资源
20260910,sh600906,,
20260910,sh600909,,
20260910,sh600936,机器人,机器人
20260910,sh600965,,
20260910,sh600975,,
20260910,sh600980,机器人,机器人
20260910,sh600984,化工,周期资源
20260910,sh600985,煤炭,周期资源
20260910,sh601002,,
20260910,sh601003,黑色,周期资源
20260910,sh601010,,
20260910,sh601038,智能驾驶,AI应用
20260910,sh601066,,
20260910,sh601086,,
20260910,sh601101,煤炭,周期资源
20260910,sh601108,,
20260910,sh601116,,
20260910,sh601121,黑色,周期资源
20260910,sh601136,,
20260910,sh601155,,
20260910,sh601162,,
20260910,sh601177,核电,新能源电网
20260910,sh601199,,
20260910,sh601233,油气,周期资源
20260910,sh601336,,
20260910,sh601366,,
20260910,sh601368,,
20260910,sh601566,,
20260910,sh601579,,
20260910,sh601588,,
20260910,sh601616,电网,新能源电网
20260910,sh601666,煤炭,周期资源
20260910,sh601686,黑色,周期资源
20260910,sh601696,,
20260910,sh601699,煤炭,周期资源
20260910,sh601700,电网,新能源电网
20260910,sh601702,有色,周期资源
20260910,sh601718,军工,军工航天
20260910,sh601789,算力,AI算力
20260910,sh601798,油气,周期资源
20260910,sh601882,,
20260910,sh601886,光伏,新能源电网
20260910,sh601933,,
20260910,sh601952,,
20260910,sh601958,有色,周期资源
20260910,sh601991,电力,新能源电网
20260910,sh601996,,
20260910,sh601999,传媒,AI应用
20260910,sh603001,,
20260910,sh603005,半导体,AI算力
20260910,sh603007,智能驾驶,AI应用
20260910,sh603008,医药,医药
20260910,sh603020,化工,周期资源
20260910,sh603021,,
20260910,sh603023,智能驾驶,AI应用
20260910,sh603025,PCB,AI算力
20260910,sh603029,,
20260910,sh603031,储能,新能源电网
20260910,sh603032,储能,新能源电网
20260910,sh603036,油气,周期资源
20260910,sh603038,,
20260910,sh603039,AI应用,AI应用
20260910,sh603042,算力,AI算力
20260910,sh603045,有色,周期资源
20260910,sh603048,,
20260910,sh603052,消费电子,AI算力
20260910,sh603057,,
20260910,sh603061,半导体,AI算力
20260910,sh603065,化工,周期资源
20260910,sh603067,储能,新能源电网
20260910,sh603068,芯片,AI算力
20260910,sh603071,电力,新能源电网
20260910,sh603075,半导体,AI算力
20260910,sh603076,,
20260910,sh603078,半导体,AI算力
20260910,sh603089,机器人,机器人
20260910,sh603093,,
20260910,sh603095,,
20260910,sh603102,,
20260910,sh603115,,
20260910,sh603118,算力,AI算力
20260910,sh603122,医药,医药
20260910,sh603124,有色,周期资源
20260910,sh603127,医药,医药
20260910,sh603135,机器人,机器人
20260910,sh603137,,
20260910,sh603151,,
20260910,sh603156,,
20260910,sh603159,,
20260910,sh603161,氢能,新能源电网
20260910,sh603171,算力,AI算力
20260910,sh603177,储能,新能源电网
20260910,sh603180,,
20260910,sh603189,AI应用,AI应用
20260910,sh603191,电网,新能源电网
20260910,sh603193,,
20260910,sh603196,储能,新能源电网
20260910,sh603197,智能驾驶,AI应用
20260910,sh603201,,
20260910,sh603210,AI应用,AI应用
20260910,sh603216,AI应用,AI应用
20260910,sh603221,,
20260910,sh603222,医药,医药
20260910,sh603223,油气,周期资源
20260910,sh603226,,
20260910,sh603236,机器人,机器人
20260910,sh603237,,
20260910,sh603261,军工,军工航天
20260910,sh603267,军工,军工航天
20260910,sh603268,军工,军工航天
20260910,sh603269,算力,AI算力
20260910,sh603272,,
20260910,sh603277,,
20260910,sh603278,光伏,新能源电网
20260910,sh603285,化工,周期资源
20260910,sh603289,,
20260910,sh603303,储能,新能源电网
20260910,sh603306,光通信,AI算力
20260910,sh603311,,
20260910,sh603313,,
20260910,sh603317,,
20260910,sh603318,油气,周期资源
20260910,sh603320,电力,新能源电网
20260910,sh603325,,
20260910,sh603329,,
20260910,sh603333,电力,新能源电网
20260910,sh603335,存储,AI算力
20260910,sh603338,机器人,机器人
20260910,sh603348,低空经济,军工航天
20260910,sh603352,机器人,机器人
20260910,sh603353,油气,周期资源
20260910,sh603355,,
20260910,sh603356,光伏,新能源电网
20260910,sh603359,,
20260910,sh603360,化工,周期资源
20260910,sh603363,,
20260910,sh603366,光伏,新能源电网
20260910,sh603369,,
20260910,sh603377,,
20260910,sh603378,化工,周期资源
20260910,sh603382,化工,周期资源
20260910,sh603389,新材料,周期资源
20260910,sh603398,电力,新能源电网
20260910,sh603402,,
20260910,sh603406,化工,周期资源
20260910,sh603429,化工,周期资源
20260910,sh603435,储能,新能源电网
20260910,sh603466,AI应用,AI应用
20260910,sh603477,,
20260910,sh603489,电力,新能源电网
20260910,sh603500,,
20260910,sh603516,芯片,AI算力
20260910,sh603517,,
20260910,sh603519,半导体,AI算力
20260910,sh603527,有色,周期资源
20260910,sh603535,,
20260910,sh603538,医药,医药
20260910,sh603557,,
20260910,sh603559,低空经济,军工航天
20260910,sh603580,化工,周期资源
20260910,sh603595,消费电子,AI算力
20260910,sh603606,电网,新能源电网
20260910,sh603608,机器人,机器人
20260910,sh603615,,
20260910,sh603618,电网,新能源电网
20260910,sh603619,油气,周期资源
20260910,sh603629,消费电子,AI算力
20260910,sh603630,,
20260910,sh603636,AI应用,AI应用
20260910,sh603637,氢能,新能源电网
20260910,sh603655,,
20260910,sh603657,,
20260910,sh603661,新材料,周期资源
20260910,sh603666,机器人,机器人
20260910,sh603667,机器人,机器人
20260910,sh603668,,
20260910,sh603678,军工,军工航天
20260910,sh603682,,
20260910,sh603688,化工,周期资源
20260910,sh603696,,
20260910,sh603697,,
20260910,sh603708,,
20260910,sh603711,,
20260910,sh603713,,
20260910,sh603717,光伏,新能源电网
20260910,sh603718,医药,医药
20260910,sh603719,,
20260910,sh603721,传媒,AI应用
20260910,sh603722,化工,周期资源
20260910,sh603726,机器人,机器人
20260910,sh603727,油气,周期资源
20260910,sh603729,传媒,AI应用
20260910,sh603738,机器人,机器人
20260910,sh603739,化工,周期资源
20260910,sh603757,算力,AI算力
20260910,sh603759,储能,新能源电网
20260910,sh603773,消费电子,AI算力
20260910,sh603779,,
20260910,sh603789,智能驾驶,AI应用
20260910,sh603790,化工,周期资源
20260910,sh603797,,
20260910,sh603801,AI应用,AI应用
20260910,sh603808,,
20260910,sh603813,氢能,新能源电网
20260910,sh603815,,
20260910,sh603822,化工,周期资源
20260910,sh603828,,
20260910,sh603833,,
20260910,sh603838,,
20260910,sh603839,,
20260910,sh603843,储能,新能源电网
20260910,sh603848,,
20260910,sh603869,算力,AI算力
20260910,sh603871,,
20260910,sh603877,,
20260910,sh603886,,
20260910,sh603903,芯片,AI算力
20260910,sh603919,,
20260910,sh603922,,
20260910,sh603933,机器人,机器人
20260910,sh603937,有色,周期资源
20260910,sh603938,化工,周期资源
20260910,sh603955,,
20260910,sh603956,AI应用,AI应用
20260910,sh603959,储能,新能源电网
20260910,sh603969,核电,新能源电网
20260910,sh603976,医药,医药
20260910,sh603978,化工,周期资源
20260910,sh603983,,
20260910,sh603986,芯片,AI算力
20260910,sh603989,消费电子,AI算力
20260910,sh603991,半导体,AI算力
20260910,sh603992,机器人,机器人
20260910,sh603995,黑色,周期资源
20260910,sh603997,机器人,机器人
20260910,sh603999,传媒,AI应用
20260910,sh605016,化工,周期资源
20260910,sh605028,电力,新能源电网
20260910,sh605033,化工,周期资源
20260910,sh605077,化工,周期资源
20260910,sh605080,,
20260910,sh605086,化工,周期资源
20260910,sh605089,,
20260910,sh605098,AI应用,AI应用
20260910,sh605099,,
20260910,sh605108,,
20260910,sh605151,,
20260910,sh605155,,
20260910,sh605158,有色,周期资源
20260910,sh605166,化工,周期资源
20260910,sh605169,油气,周期资源
20260910,sh605178,存储,AI算力
20260910,sh605179,,
20260910,sh605180,元件,AI算力
20260910,sh605188,,
20260910,sh605189,机器人,机器人
20260910,sh605198,,
20260910,sh605199,医药,医药
20260910,sh605218,医药,医药
20260910,sh605255,氢能,新能源电网
20260910,sh605277,消费电子,AI算力
20260910,sh605287,传媒,AI应用
20260910,sh605296,,
20260910,sh605298,,
20260910,sh605299,消费电子,AI算力
20260910,sh605300,,
20260910,sh605319,半导体,AI算力
20260910,sh605336,电网,新能源电网
20260910,sh605337,,
20260910,sh605339,,
20260910,sh605358,半导体,AI算力
20260910,sh605388,,
20260910,sh605499,,
20260910,sh605580,电力,新能源电网
20260910,sh688069,氢能,新能源电网
20260910,sh688152,航天,军工航天
20260910,sh688169,机器人,机器人
20260910,sh688172,半导体,AI算力
20260910,sh688209,芯片,AI算力
20260910,sh688281,军工,军工航天
20260910,sh688328,消费电子,AI算力
20260910,sh688333,低空经济,军工航天
20260910,sh688335,氢能,新能源电网
20260910,sh688367,,
20260910,sh688371,消费电子,AI算力
20260910,sh688432,半导体,AI算力
20260910,sh688478,半导体,AI算力
20260910,sh688496,消费电子,AI算力
20260910,sh688584,半导体,AI算力
20260910,sh688610,机器人,机器人
20260910,sh688622,医药,医药
20260910,sh688720,半导体,AI算力
20260910,sh688790,芯片,AI算力
20260910,sz000006,,
20260910,sz000007,,
20260910,sz000008,,
20260910,sz000009,储能,新能源电网
20260910,sz000010,,
20260910,sz000011,,
20260910,sz000016,半导体,AI算力
20260910,sz000019,,
20260910,sz000020,,
20260910,sz000021,消费电子,AI算力
20260910,sz000025,有色,周期资源
20260910,sz000029,,
20260910,sz000031,,
20260910,sz000035,氢能,新能源电网
20260910,sz000036,,
20260910,sz000042,,
20260910,sz000048,机器人,机器人
20260910,sz000055,光伏,新能源电网
20260910,sz000056,半导体,AI算力
20260910,sz000062,半导体,AI算力
20260910,sz000065,光伏,新能源电网
20260910,sz000068,新材料,周期资源
20260910,sz000078,医药,医药
20260910,sz000090,光伏,新能源电网
20260910,sz000151,电力,新能源电网
20260910,sz000153,医药,医药
20260910,sz000158,算力,AI算力
20260910,sz000301,化工,周期资源
20260910,sz000417,有色,周期资源
20260910,sz000428,,
20260910,sz000488,化工,周期资源
20260910,sz000505,,
20260910,sz000509,,
20260910,sz000510,化工,周期资源
20260910,sz000517,,
20260910,sz000518,医药,医药
20260910,sz000520,航运,周期资源
20260910,sz000521,医药,医药
20260910,sz000523,,
20260910,sz000524,低空经济,军工航天
20260910,sz000526,AI应用,AI应用
20260910,sz000532,储能,新能源电网
20260910,sz000554,油气,周期资源
20260910,sz000558,传媒,AI应用
20260910,sz000560,AI应用,AI应用
20260910,sz000564,,
20260910,sz000567,,
20260910,sz000572,储能,新能源电网
20260910,sz000576,军工,军工航天
20260910,sz000582,航运,周期资源
20260910,sz000592,,
20260910,sz000593,储能,新能源电网
20260910,sz000595,电力,新能源电网
20260910,sz000596,,
20260910,sz000601,电力,新能源电网
20260910,sz000608,算力,AI算力
20260910,sz000609,半导体,AI算力
20260910,sz000610,,
20260910,sz000620,算力,AI算力
20260910,sz000626,医药,医药
20260910,sz000632,,
20260910,sz000635,化工,周期资源
20260910,sz000639,,
20260910,sz000656,,
20260910,sz000659,,
20260910,sz000668,,
20260910,sz000669,油气,周期资源
20260910,sz000672,化工,周期资源
20260910,sz000676,传媒,AI应用
20260910,sz000677,化工,周期资源
20260910,sz000679,,
20260910,sz000692,电力,新能源电网
20260910,sz000697,军工,军工航天
20260910,sz000698,化工,周期资源
20260910,sz000702,,
20260910,sz000711,,
20260910,sz000712,,
20260910,sz000713,化工,周期资源
20260910,sz000715,,
20260910,sz000716,储能,新能源电网
20260910,sz000718,,
20260910,sz000720,电力,新能源电网
20260910,sz000721,,
20260910,sz000722,电力,新能源电网
20260910,sz000735,,
20260910,sz000736,,
20260910,sz000757,消费电子,AI算力
20260910,sz000759,,
20260910,sz000776,,
20260910,sz000783,,
20260910,sz000791,电力,新能源电网
20260910,sz000793,传媒,AI应用
20260910,sz000796,金融科技,AI应用
20260910,sz000798,,
20260910,sz000802,传媒,AI应用
20260910,sz000803,电力,新能源电网
20260910,sz000809,风电,新能源电网
20260910,sz000811,算力,AI算力
20260910,sz000815,算力,AI算力
20260910,sz000820,,
20260910,sz000821,光伏,新能源电网
20260910,sz000826,储能,新能源电网
20260910,sz000833,化工,周期资源
20260910,sz000838,,
20260910,sz000839,AI应用,AI应用
20260910,sz000852,油气,周期资源
20260910,sz000863,AI应用,AI应用
20260910,sz000876,,
20260910,sz000882,,
20260910,sz000889,金融科技,AI应用
20260910,sz000890,,
20260910,sz000892,传媒,AI应用
20260910,sz000903,氢能,新能源电网
20260910,sz000908,医药,医药
20260910,sz000909,储能,新能源电网
20260910,sz000911,,
20260910,sz000921,,
20260910,sz000926,,
20260910,sz000928,氢能,新能源电网
20260910,sz000929,,
20260910,sz000930,,
20260910,sz000935,创新药,医药
20260910,sz000951,智能驾驶,AI应用
20260910,sz000965,,
20260910,sz000972,医药,医药
20260910,sz000973,储能,新能源电网
20260910,sz000978,,
20260910,sz000980,智能驾驶,AI应用
20260910,sz000987,电力,新能源电网
20260910,sz000995,,
20260910,sz000998,,
20260910,sz001206,,
20260910,sz001207,化工,周期资源
20260910,sz001211,,
20260910,sz001215,,
20260910,sz001221,,
20260910,sz001222,,
20260910,sz001225,,
20260910,sz001233,,
20260910,sz001237,,
20260910,sz001256,,
20260910,sz001259,,
20260910,sz001260,,
20260910,sz001267,光通信,AI算力
20260910,sz001270,军工,军工航天
20260910,sz001279,化工,周期资源
20260910,sz001296,化工,周期资源
20260910,sz001300,,
20260910,sz001301,储能,新能源电网
20260910,sz001317,,
20260910,sz001318,,
20260910,sz001323,消费电子,AI算力
20260910,sz001328,医药,医药
20260910,sz001338,,
20260910,sz001359,储能,新能源电网
20260910,sz001366,,
20260910,sz001378,化工,周期资源
20260910,sz001387,PCB,AI算力
20260910,sz001388,电网,新能源电网
20260910,sz001395,,
20260910,sz001400,减速器,机器人
20260910,sz001896,电力,新能源电网
20260910,sz002005,,
20260910,sz002012,化工,周期资源
20260910,sz002014,,
20260910,sz002024,,
20260910,sz002030,医药,医药
20260910,sz002031,机器人,机器人
20260910,sz002037,化工,周期资源
20260910,sz002040,航运,周期资源
20260910,sz002041,,
20260910,sz002042,电力,新能源电网
20260910,sz002045,消费电子,AI算力
20260910,sz002046,机器人,机器人
20260910,sz002047,,
20260910,sz002051,算力,AI算力
20260910,sz002052,储能,新能源电网
20260910,sz002055,消费电子,AI算力
20260910,sz002056,光伏,新能源电网
20260910,sz002058,电力,新能源电网
20260910,sz002066,,
20260910,sz002067,化工,周期资源
20260910,sz002072,存储,AI算力
20260910,sz002076,储能,新能源电网
20260910,sz002082,医药,医药
20260910,sz002083,化工,周期资源
20260910,sz002084,,
20260910,sz002088,储能,新能源电网
20260910,sz002098,金融科技,AI应用
20260910,sz002102,医药,医药
20260910,sz002109,化工,周期资源
20260910,sz002122,,
20260910,sz002124,,
20260910,sz002125,储能,新能源电网
20260910,sz002133,,
20260910,sz002138,消费电子,AI算力
20260910,sz002146,低空经济,军工航天
20260910,sz002156,半导体,AI算力
20260910,sz002159,,
20260910,sz002160,有色,周期资源
20260910,sz002162,机器人,机器人
20260910,sz002168,电网,新能源电网
20260910,sz002172,医药,医药
20260910,sz002175,芯片,AI算力
20260910,sz002180,芯片,AI算力
20260910,sz002185,半导体,AI算力
20260910,sz002190,军工,军工航天
20260910,sz002192,储能,新能源电网
20260910,sz002193,,
20260910,sz002198,医药,医药
20260910,sz002199,,
20260910,sz002200,,
20260910,sz002201,化工,周期资源
20260910,sz002207,油气,周期资源
20260910,sz002208,,
20260910,sz002209,机器人,机器人
20260910,sz002211,化工,周期资源
20260910,sz002212,AI应用,AI应用
20260910,sz002214,军工,军工航天
20260910,sz002217,PCB,AI算力
20260910,sz002225,氢能,新能源电网
20260910,sz002227,电力,新能源电网
20260910,sz002243,新材料,周期资源
20260910,sz002244,储能,新能源电网
20260910,sz002245,储能,新能源电网
20260910,sz002248,芯片,AI算力
20260910,sz002250,化工,周期资源
20260910,sz002251,,
20260910,sz002253,军工,军工航天
20260910,sz002254,储能,新能源电网
20260910,sz002258,化工,周期资源
20260910,sz002264,传媒,AI应用
20260910,sz002274,化工,周期资源
20260910,sz002277,机器人,机器人
20260910,sz002279,AI应用,AI应用
20260910,sz002281,光通信,AI算力
20260910,sz002284,机器人,机器人
20260910,sz002285,,
20260910,sz002286,,
20260910,sz002289,算力,AI算力
20260910,sz002292,传媒,AI应用
20260910,sz002297,军工,军工航天
20260910,sz002298,算力,AI算力
20260910,sz002300,电力,新能源电网
20260910,sz002302,化工,周期资源
20260910,sz002303,消费电子,AI算力
20260910,sz002305,,
20260910,sz002306,光伏,新能源电网
20260910,sz002309,电网,新能源电网
20260910,sz002310,光伏,新能源电网
20260910,sz002314,储能,新能源电网
20260910,sz002317,医药,医药
20260910,sz002322,电网,新能源电网
20260910,sz002323,电力,新能源电网
20260910,sz002329,光伏,新能源电网
20260910,sz002333,光伏,新能源电网
20260910,sz002346,储能,新能源电网
20260910,sz002348,算力,AI算力
20260910,sz002353,油气,周期资源
20260910,sz002356,氢能,新能源电网
20260910,sz002357,卫星,军工航天
20260910,sz002360,化工,周期资源
20260910,sz002364,算力,AI算力
20260910,sz002365,医药,医药
20260910,sz002369,消费电子,AI算力
20260910,sz002374,,
20260910,sz002375,,
20260910,sz002377,油气,周期资源
20260910,sz002379,有色,周期资源
20260910,sz002384,消费电子,AI算力
20260910,sz002385,医药,医药
20260910,sz002396,光通信,AI算力
20260910,sz002397,,
20260910,sz002404,电力,新能源电网
20260910,sz002407,化工,周期资源
20260910,sz002409,半导体,AI算力
20260910,sz002414,军工,军工航天
20260910,sz002423,,
20260910,sz002424,医药,医药
20260910,sz002427,化工,周期资源
20260910,sz002431,,
20260910,sz002432,医药,医药
20260910,sz002436,消费电子,AI算力
20260910,sz002442,化工,周期资源
20260910,sz002445,电力,新能源电网
20260910,sz002454,低空经济,军工航天
20260910,sz002457,,
20260910,sz002458,,
20260910,sz002468,,
20260910,sz002471,电网,新能源电网
20260910,sz002483,,
20260910,sz002484,军工,军工航天
20260910,sz002485,,
20260910,sz002490,油气,周期资源
20260910,sz002491,,
20260910,sz002496,化工,周期资源
20260910,sz002497,储能,新能源电网
20260910,sz002498,电网,新能源电网
20260910,sz002501,有色,周期资源
20260910,sz002512,算力,AI算力
20260910,sz002514,储能,新能源电网
20260910,sz002528,消费电子,AI算力
20260910,sz002529,新材料,周期资源
20260910,sz002531,风电,新能源电网
20260910,sz002536,氢能,新能源电网
20260910,sz002538,化工,周期资源
20260910,sz002542,传媒,AI应用
20260910,sz002543,,
20260910,sz002546,电力,新能源电网
20260910,sz002547,储能,新能源电网
20260910,sz002548,,
20260910,sz002552,PCB,AI算力
20260910,sz002564,核电,新能源电网
20260910,sz002568,,
20260910,sz002569,,
20260910,sz002570,AI应用,AI应用
20260910,sz002579,消费电子,AI算力
20260910,sz002581,医药,医药
20260910,sz002582,,
20260910,sz002586,传媒,AI应用
20260910,sz002592,消费电子,AI算力
20260910,sz002596,化工,周期资源
20260910,sz002597,化工,周期资源
20260910,sz002598,储能,新能源电网
20260910,sz002607,AI应用,AI应用
20260910,sz002612,,
20260910,sz002613,化工,周期资源
20260910,sz002615,消费电子,AI算力
20260910,sz002617,电力,新能源电网
20260910,sz002620,电力,新能源电网
20260910,sz002622,医药,医药
20260910,sz002626,,
20260910,sz002627,,
20260910,sz002629,油气,周期资源
20260910,sz002630,电力,新能源电网
20260910,sz002632,储能,新能源电网
20260910,sz002634,新材料,周期资源
20260910,sz002638,,
20260910,sz002640,消费电子,AI算力
20260910,sz002650,,
20260910,sz002655,消费电子,AI算力
20260910,sz002656,,
20260910,sz002659,消费电子,AI算力
20260910,sz002661,,
20260910,sz002667,储能,新能源电网
20260910,sz002668,,
20260910,sz002670,,
20260910,sz002674,机器人,机器人
20260910,sz002677,AI应用,AI应用
20260910,sz002679,,
20260910,sz002682,氢能,新能源电网
20260910,sz002686,军工,军工航天
20260910,sz002687,,
20260910,sz002688,化工,周期资源
20260910,sz002689,机器人,机器人
20260910,sz002691,机器人,机器人
20260910,sz002693,医药,医药
20260910,sz002694,,
20260910,sz002696,,
20260910,sz002700,油气,周期资源
20260910,sz002702,,
20260910,sz002713,算力,AI算力
20260910,sz002717,消费电子,AI算力
20260910,sz002718,,
20260910,sz002719,,
20260910,sz002724,新材料,周期资源
20260910,sz002726,,
20260910,sz002731,储能,新能源电网
20260910,sz002735,低空经济,军工航天
20260910,sz002742,医药,医药
20260910,sz002743,,
20260910,sz002745,PCB,AI算力
20260910,sz002759,化工,周期资源
20260910,sz002762,,
20260910,sz002774,,
20260910,sz002775,,
20260910,sz002777,AI应用,AI应用
20260910,sz002786,消费电子,AI算力
20260910,sz002789,,
20260910,sz002790,,
20260910,sz002791,,
20260910,sz002798,算力,AI算力
20260910,sz002800,,
20260910,sz002815,消费电子,AI算力
20260910,sz002816,PCB,AI算力
20260910,sz002819,医药,医药
20260910,sz002820,,
20260910,sz002821,医药,医药
20260910,sz002822,,
20260910,sz002824,有色,周期资源
20260910,sz002826,医药,医药
20260910,sz002827,化工,周期资源
20260910,sz002828,油气,周期资源
20260910,sz002829,航天,军工航天
20260910,sz002830,,
20260910,sz002840,,
20260910,sz002841,消费电子,AI算力
20260910,sz002845,消费电子,AI算力
20260910,sz002848,航天,军工航天
20260910,sz002851,储能,新能源电网
20260910,sz002852,,
20260910,sz002856,,
20260910,sz002860,光伏,新能源电网
20260910,sz002868,化工,周期资源
20260910,sz002871,算力,AI算力
20260910,sz002872,医药,医药
20260910,sz002875,,
20260910,sz002876,消费电子,AI算力
20260910,sz002879,电网,新能源电网
20260910,sz002883,低空经济,军工航天
20260910,sz002888,消费电子,AI算力
20260910,sz002891,,
20260910,sz002893,电力,新能源电网
20260910,sz002896,机器人,机器人
20260910,sz002907,医药,医药
20260910,sz002910,,
20260910,sz002915,化工,周期资源
20260910,sz002916,消费电子,AI算力
20260910,sz002918,,
20260910,sz002928,,
20260910,sz002929,算力,AI算力
20260910,sz002930,化工,周期资源
20260910,sz002945,,
20260910,sz002949,AI应用,AI应用
20260910,sz002951,电力,新能源电网
20260910,sz002955,算力,AI算力
20260910,sz002956,,
20260910,sz002957,消费电子,AI算力
20260910,sz002960,机器人,机器人
20260910,sz002961,,
20260910,sz002969,,
20260910,sz002975,消费电子,AI算力
20260910,sz002977,军工,军工航天
20260910,sz002979,机器人,机器人
20260910,sz002980,储能,新能源电网
20260910,sz002982,,
20260910,sz002983,PCB,AI算力
20260910,sz002988,有色,周期资源
20260910,sz002998,化工,周期资源
20260910,sz003001,核电,新能源电网
20260910,sz003004,AI应用,AI应用
20260910,sz003005,AI应用,AI应用
20260910,sz003006,,
20260910,sz003010,,
20260910,sz003011,,
20260910,sz003018,算力,AI算力
20260910,sz003029,AI应用,AI应用
20260910,sz003030,,
20260910,sz003032,机器人,机器人
20260910,sz003036,机器人,机器人
20260910,sz003039,电力,新能源电网
20260910,sz003041,,
20260910,sz300020,算力,AI算力
20260910,sz300044,机器人,机器人
20260910,sz300068,储能,新能源电网
20260910,sz300069,电网,新能源电网
20260910,sz300085,AI应用,AI应用
20260910,sz300103,储能,新能源电网
20260910,sz300152,氢能,新能源电网
20260910,sz300163,化工,周期资源
20260910,sz300167,算力,AI算力
20260910,sz300169,消费电子,AI算力
20260910,sz300189,,
20260910,sz300197,,
20260910,sz300212,算力,AI算力
20260910,sz300214,算力,AI算力
20260910,sz300289,医药,医药
20260910,sz300311,AI应用,AI应用
20260910,sz300313,,
20260910,sz300321,化工,周期资源
20260910,sz300334,芯片,AI算力
20260910,sz300359,AI应用,AI应用
20260910,sz300385,,
20260910,sz300401,医药,医药
20260910,sz300456,半导体,AI算力
20260910,sz300469,AI应用,AI应用
20260910,sz300515,,
20260910,sz300540,氢能,新能源电网
20260910,sz300566,消费电子,AI算力
20260910,sz300598,智能驾驶,AI应用
20260910,sz300615,储能,新能源电网
20260910,sz300616,机器人,机器人
20260910,sz300626,电力,新能源电网
20260910,sz300642,医药,医药
20260910,sz300649,,
20260910,sz300684,消费电子,AI算力
20260910,sz300720,半导体,AI算力
20260910,sz300737,,
20260910,sz300740,,
20260910,sz300779,有色,周期资源
20260910,sz300807,AI应用,AI应用
20260910,sz300834,化工,周期资源
20260910,sz300868,消费电子,AI算力
20260910,sz300897,AI应用,AI应用
20260910,sz300929,氢能,新能源电网
20260910,sz300931,,
20260910,sz300959,,
20260910,sz300961,,
20260910,sz300964,光通信,AI算力
20260910,sz300970,,
20260910,sz300981,医药,医药
20260910,sz300985,氢能,新能源电网
20260910,sz300996,AI应用,AI应用
20260910,sz300997,,
20260910,sz301019,化工,周期资源
20260910,sz301028,机器人,机器人
20260910,sz301030,光伏,新能源电网
20260910,sz301045,消费电子,AI算力
20260910,sz301081,,
20260910,sz301106,医药,医药
20260910,sz301115,光伏,新能源电网
20260910,sz301121,储能,新能源电网
20260910,sz301123,消费电子,AI算力
20260910,sz301139,储能,新能源电网
20260910,sz301151,算力,AI算力
20260910,sz301183,智能驾驶,AI应用
20260910,sz301188,医药,医药
20260910,sz301193,,
20260910,sz301197,,
20260910,sz301227,,
20260910,sz301234,医药,医药
20260910,sz301251,算力,AI算力
20260910,sz301322,半导体,AI算力
20260910,sz301349,电力,新能源电网
20260910,sz301356,,
20260910,sz301379,低空经济,军工航天
20260910,sz301396,算力,AI算力
20260910,sz301449,储能,新能源电网
20260910,sz301520,创新药,医药
20260910,sz301565,储能,新能源电网
20260910,sz301583,半导体,AI算力
20260910,sz301599,储能,新能源电网
20260910,sz301607,半导体,AI算力
20260910,sz301630,半导体,AI算力
20260910,sz301667,储能,新能源电网
20260910,bj920305,,
20260910,sh600636,,
20260910,sh600696,,
20260910,sh605081,,
20260910,sz000004,,
20260910,sz002808,,
20260910,bj920008,军工,军工航天
20260910,bj920010,算力,AI算力
20260910,bj920019,,
20260910,bj920045,光通信,AI算力
20260910,bj920060,消费电子,AI算力
20260910,bj920066,化工,周期资源
20260910,bj920068,有色,周期资源
20260910,bj920081,算力,AI算力
20260910,bj920098,化工,周期资源
20260910,bj920118,电网,新能源电网
20260910,bj920119,储能,新能源电网
20260910,bj920125,PCB,AI算力
20260910,bj920149,光伏,新能源电网
20260910,bj920159,化工,周期资源
20260910,bj920169,航天,军工航天
20260910,bj920174,,
20260910,bj920188,化工,周期资源
20260910,bj920206,化工,周期资源
20260910,bj920245,,
20260910,bj920304,储能,新能源电网
20260910,bj920351,低空经济,军工航天
20260910,bj920392,,
20260910,bj920403,医药,医药
20260910,bj920419,,
20260910,bj920429,,
20260910,bj920436,智能驾驶,AI应用
20260910,bj920445,,
20260910,bj920455,,
20260910,bj920471,化工,周期资源
20260910,bj920519,化工,周期资源
20260910,bj920527,新材料,周期资源
20260910,bj920571,航运,周期资源
20260910,bj920599,智能驾驶,AI应用
20260910,bj920651,,
20260910,bj920682,电网,新能源电网
20260910,bj920694,化工,周期资源
20260910,bj920718,,
20260910,bj920748,AI应用,AI应用
20260910,bj920786,,
20260910,bj920799,金融科技,AI应用
20260910,bj920810,,
20260910,bj920819,化工,周期资源
20260910,bj920866,化工,周期资源
20260910,bj920964,,
20260910,bj920970,,
20260910,bj920976,,
20260910,sh600016,金融科技,AI应用
20260910,sh600017,航运,周期资源
20260910,sh600018,航运,周期资源
20260910,sh600027,电力,新能源电网
20260910,sh600028,油气,周期资源
20260910,sh600031,AI应用,AI应用
20260910,sh600035,,
20260910,sh600036,金融科技,AI应用
20260910,sh600038,军工,军工航天
20260910,sh600039,储能,新能源电网
20260910,sh600060,AI应用,AI应用
20260910,sh600071,储能,新能源电网
20260910,sh600072,风电,新能源电网
20260910,sh600073,,
20260910,sh600075,化工,周期资源
20260910,sh600097,,
20260910,sh600099,智能驾驶,AI应用
20260910,sh600104,智能驾驶,AI应用
20260910,sh600128,有色,周期资源
20260910,sh600138,,
20260910,sh600148,无人机,军工航天
20260910,sh600149,电力,新能源电网
20260910,sh600150,军工,军工航天
20260910,sh600155,AI应用,AI应用
20260910,sh600159,,
20260910,sh600169,航天,军工航天
20260910,sh600177,,
20260910,sh600189,,
20260910,sh600195,化工,周期资源
20260910,sh600212,储能,新能源电网
20260910,sh600217,,
20260910,sh600231,黑色,周期资源
20260910,sh600235,化工,周期资源
20260910,sh600249,,
20260910,sh600256,煤炭,周期资源
20260910,sh600261,核电,新能源电网
20260910,sh600278,,
20260910,sh600279,航运,周期资源
20260910,sh600287,,
20260910,sh600295,黑色,周期资源
20260910,sh600299,化工,周期资源
20260910,sh600307,黑色,周期资源
20260910,sh600309,化工,周期资源
20260910,sh600315,,
20260910,sh600319,化工,周期资源
20260910,sh600320,机器人,机器人
20260910,sh600333,油气,周期资源
20260910,sh600336,医药,医药
20260910,sh600346,油气,周期资源
20260910,sh600348,煤炭,周期资源
20260910,sh600368,,
20260910,sh600372,军工,军工航天
20260910,sh600388,光伏,新能源电网
20260910,sh600425,化工,周期资源
20260910,sh600435,军工,军工航天
20260910,sh600448,,
20260910,sh600467,,
20260910,sh600483,电力,新能源电网
20260910,sh600486,化工,周期资源
20260910,sh600493,,
20260910,sh600501,核电,新能源电网
20260910,sh600523,低空经济,军工航天
20260910,sh600526,机器人,机器人
20260910,sh600533,,
20260910,sh600547,有色,周期资源
20260910,sh600561,,
20260910,sh600562,军工,军工航天
20260910,sh600569,黑色,周期资源
20260910,sh600583,油气,周期资源
20260910,sh600616,,
20260910,sh600622,,
20260910,sh600623,化工,周期资源
20260910,sh600628,医药,医药
20260910,sh600649,,
20260910,sh600674,电力,新能源电网
20260910,sh600685,军工,军工航天
20260910,sh600692,,
20260910,sh600697,,
20260910,sh600706,AI应用,AI应用
20260910,sh600710,光伏,新能源电网
20260910,sh600717,航运,周期资源
20260910,sh600738,,
20260910,sh600740,化工,周期资源
20260910,sh600760,军工,军工航天
20260910,sh600764,军工,军工航天
20260910,sh600765,军工,军工航天
20260910,sh600774,医药,医药
20260910,sh600780,电力,新能源电网
20260910,sh600794,AI应用,AI应用
20260910,sh600803,氢能,新能源电网
20260910,sh600808,黑色,周期资源
20260910,sh600810,化工,周期资源
20260910,sh600814,,
20260910,sh600822,,
20260910,sh600834,电力,新能源电网
20260910,sh600854,储能,新能源电网
20260910,sh600858,,
20260910,sh600864,,
20260910,sh600871,油气,周期资源
20260910,sh600883,,
20260910,sh600893,军工,军工航天
20260910,sh600897,,
20260910,sh600908,,
20260910,sh600917,油气,周期资源
20260910,sh600919,,
20260910,sh600926,,
20260910,sh600939,机器人,机器人
20260910,sh600963,化工,周期资源
20260910,sh600971,煤炭,周期资源
20260910,sh600989,化工,周期资源
20260910,sh601007,,
20260910,sh601008,航运,周期资源
20260910,sh601009,,
20260910,sh601018,航运,周期资源
20260910,sh601058,,
20260910,sh601088,煤炭,周期资源
20260910,sh601107,储能,新能源电网
20260910,sh601128,,
20260910,sh601156,,
20260910,sh601168,有色,周期资源
20260910,sh601169,,
20260910,sh601216,化工,周期资源
20260910,sh601226,氢能,新能源电网
20260910,sh601229,,
20260910,sh601279,,
20260910,sh601288,金融科技,AI应用
20260910,sh601298,航运,周期资源
20260910,sh601318,,
20260910,sh601319,,
20260910,sh601326,航运,周期资源
20260910,sh601328,金融科技,AI应用
20260910,sh601333,,
20260910,sh601398,金融科技,AI应用
20260910,sh601512,储能,新能源电网
20260910,sh601528,金融科技,AI应用
20260910,sh601555,,
20260910,sh601568,化工,周期资源
20260910,sh601577,,
20260910,sh601599,传媒,AI应用
20260910,sh601601,,
20260910,sh601658,,
20260910,sh601665,,
20260910,sh601808,油气,周期资源
20260910,sh601825,,
20260910,sh601838,,
20260910,sh601857,油气,周期资源
20260910,sh601860,,
20260910,sh601866,航运,周期资源
20260910,sh601899,有色,周期资源
20260910,sh601919,航运,周期资源
20260910,sh601939,金融科技,AI应用
20260910,sh601968,,
20260910,sh601988,金融科技,AI应用
20260910,sh601998,,
20260910,sh603017,低空经济,军工航天
20260910,sh603022,,
20260910,sh603069,,
20260910,sh603080,油气,周期资源
20260910,sh603088,算力,AI算力
20260910,sh603098,光伏,新能源电网
20260910,sh603101,低空经济,军工航天
20260910,sh603103,传媒,AI应用
20260910,sh603111,AI应用,AI应用
20260910,sh603117,,
20260910,sh603128,,
20260910,sh603132,有色,周期资源
20260910,sh603136,,
20260910,sh603168,医药,医药
20260910,sh603172,化工,周期资源
20260910,sh603176,,
20260910,sh603182,,
20260910,sh603209,航运,周期资源
20260910,sh603230,传媒,AI应用
20260910,sh603231,,
20260910,sh603235,化工,周期资源
20260910,sh603257,有色,周期资源
20260910,sh603282,,
20260910,sh603321,AI应用,AI应用
20260910,sh603323,,
20260910,sh603326,,
20260910,sh603385,,
20260910,sh603391,AI应用,AI应用
20260910,sh603393,油气,周期资源
20260910,sh603408,,
20260910,sh603418,机器人,机器人
20260910,sh603583,机器人,机器人
20260910,sh603585,化工,周期资源
20260910,sh603587,,
20260910,sh603599,化工,周期资源
20260910,sh603600,,
20260910,sh603609,,
20260910,sh603689,油气,周期资源
20260910,sh603709,AI应用,AI应用
20260910,sh603766,储能,新能源电网
20260910,sh603768,储能,新能源电网
20260910,sh603825,传媒,AI应用
20260910,sh603836,,
20260910,sh603889,,
20260910,sh603917,,
20260910,sh603970,化工,周期资源
20260910,sh605001,,
20260910,sh605003,,
20260910,sh605008,化工,周期资源
20260910,sh605122,化工,周期资源
20260910,sh605138,,
20260910,sh605183,化工,周期资源
20260910,sh605222,电力,新能源电网
20260910,sh605368,油气,周期资源
20260910,sh605567,,
20260910,sh688002,军工,军工航天
20260910,sh688022,储能,新能源电网
20260910,sh688023,AI应用,AI应用
20260910,sh688025,消费电子,AI算力
20260910,sh688026,医药,医药
20260910,sh688028,机器人,机器人
20260910,sh688033,低空经济,军工航天
20260910,sh688035,消费电子,AI算力
20260910,sh688053,军工,军工航天
20260910,sh688058,AI应用,AI应用
20260910,sh688060,AI应用,AI应用
20260910,sh688061,芯片,AI算力
20260910,sh688078,机器人,机器人
20260910,sh688089,化工,周期资源
20260910,sh688132,军工,军工航天
20260910,sh688135,半导体,AI算力
20260910,sh688138,半导体,AI算力
20260910,sh688139,医药,医药
20260910,sh688156,,
20260910,sh688170,消费电子,AI算力
20260910,sh688195,医药,医药
20260910,sh688203,化工,周期资源
20260910,sh688205,光通信,AI算力
20260910,sh688215,,
20260910,sh688230,半导体,AI算力
20260910,sh688231,有色,周期资源
20260910,sh688239,航天,军工航天
20260910,sh688248,电网,新能源电网
20260910,sh688252,芯片,AI算力
20260910,sh688267,化工,周期资源
20260910,sh688279,芯片,AI算力
20260910,sh688296,AI应用,AI应用
20260910,sh688297,军工,军工航天
20260910,sh688309,,
20260910,sh688313,光通信,AI算力
20260910,sh688330,电网,新能源电网
20260910,sh688379,无人机,军工航天
20260910,sh688383,机器人,机器人
20260910,sh688435,,
20260910,sh688448,,
20260910,sh688455,智能驾驶,AI应用
20260910,sh688458,半导体,AI算力
20260910,sh688498,半导体,AI算力
20260910,sh688510,军工,军工航天
20260910,sh688519,消费电子,AI算力
20260910,sh688528,油气,周期资源
20260910,sh688536,芯片,AI算力
20260910,sh688543,军工,军工航天
20260910,sh688552,军工,军工航天
20260910,sh688559,储能,新能源电网
20260910,sh688563,军工,军工航天
20260910,sh688569,,
20260910,sh688586,军工,军工航天
20260910,sh688601,芯片,AI算力
20260910,sh688605,半导体,AI算力
20260910,sh688612,低空经济,军工航天
20260910,sh688617,医药,医药
20260910,sh688621,医药,医药
20260910,sh688628,,
20260910,sh688646,储能,新能源电网
20260910,sh688656,医药,医药
20260910,sh688667,,
20260910,sh688670,医药,医药
20260910,sh688678,消费电子,AI算力
20260910,sh688679,,
20260910,sh688686,储能,新能源电网
20260910,sh688696,,
20260910,sh688700,PCB,AI算力
20260910,sh688701,,
20260910,sh688719,电力,新能源电网
20260910,sh688785,电力,新能源电网
20260910,sh688800,储能,新能源电网
20260910,sh688807,半导体,AI算力
20260910,sh688809,半导体,AI算力
20260910,sh688825,芯片,AI算力
20260910,sz000001,金融科技,AI应用
20260910,sz000039,油气,周期资源
20260910,sz000045,,
20260910,sz000061,,
20260910,sz000407,油气,周期资源
20260910,sz000419,,
20260910,sz000421,油气,周期资源
20260910,sz000430,,
20260910,sz000514,,
20260910,sz000525,化工,周期资源
20260910,sz000529,,
20260910,sz000550,智能驾驶,AI应用
20260910,sz000552,煤炭,周期资源
20260910,sz000553,化工,周期资源
20260910,sz000570,电网,新能源电网
20260910,sz000581,氢能,新能源电网
20260910,sz000619,,
20260910,sz000637,油气,周期资源
20260910,sz000655,黑色,周期资源
20260910,sz000663,,
20260910,sz000683,化工,周期资源
20260910,sz000690,电力,新能源电网
20260910,sz000728,,
20260910,sz000731,化工,周期资源
20260910,sz000738,军工,军工航天
20260910,sz000753,低空经济,军工航天
20260910,sz000761,黑色,周期资源
20260910,sz000797,,
20260910,sz000807,有色,周期资源
20260910,sz000812,,
20260910,sz000819,油气,周期资源
20260910,sz000822,化工,周期资源
20260910,sz000830,化工,周期资源
20260910,sz000856,机器人,机器人
20260910,sz000878,有色,周期资源
20260910,sz000886,算力,AI算力
20260910,sz000888,,
20260910,sz000897,算力,AI算力
20260910,sz000898,黑色,周期资源
20260910,sz000902,化工,周期资源
20260910,sz000905,航运,周期资源
20260910,sz000906,储能,新能源电网
20260910,sz000923,黑色,周期资源
20260910,sz000933,有色,周期资源
20260910,sz000949,化工,周期资源
20260910,sz000985,油气,周期资源
20260910,sz001201,,
20260910,sz001202,,
20260910,sz001205,航运,周期资源
20260910,sz001209,AI应用,AI应用
20260910,sz001217,化工,周期资源
20260910,sz001228,,
20260910,sz001231,化工,周期资源
20260910,sz001234,,
20260910,sz001236,,
20260910,sz001255,化工,周期资源
20260910,sz001280,有色,周期资源
20260910,sz001324,储能,新能源电网
20260910,sz001368,医药,医药
20260910,sz001380,机器人,机器人
20260910,sz001872,航运,周期资源
20260910,sz001965,光伏,新能源电网
20260910,sz002003,,
20260910,sz002026,储能,新能源电网
20260910,sz002069,,
20260910,sz002086,医药,医药
20260910,sz002092,化工,周期资源
20260910,sz002097,低空经济,军工航天
20260910,sz002100,医药,医药
20260910,sz002105,,
20260910,sz002111,军工,军工航天
20260910,sz002140,储能,新能源电网
20260910,sz002142,,
20260910,sz002157,,
20260910,sz002163,,
20260910,sz002166,化工,周期资源
20260910,sz002170,化工,周期资源
20260910,sz002171,有色,周期资源
20260910,sz002186,,
20260910,sz002187,有色,周期资源
20260910,sz002188,,
20260910,sz002205,化工,周期资源
20260910,sz002221,油气,周期资源
20260910,sz002224,化工,周期资源
20260910,sz002234,,
20260910,sz002238,传媒,AI应用
20260910,sz002247,,
20260910,sz002267,油气,周期资源
20260910,sz002299,,
20260910,sz002320,航运,周期资源
20260910,sz002321,,
20260910,sz002344,光伏,新能源电网
20260910,sz002363,智能驾驶,AI应用
20260910,sz002389,军工,军工航天
20260910,sz002391,化工,周期资源
20260910,sz002394,AI应用,AI应用
20260910,sz002408,油气,周期资源
20260910,sz002443,油气,周期资源
20260910,sz002479,电力,新能源电网
20260910,sz002481,电力,新能源电网
20260910,sz002482,,
20260910,sz002492,,
20260910,sz002493,油气,周期资源
20260910,sz002516,机器人,机器人
20260910,sz002537,金融科技,AI应用
20260910,sz002556,化工,周期资源
20260910,sz002561,,
20260910,sz002567,,
20260910,sz002574,光伏,新能源电网
20260910,sz002593,消费电子,AI算力
20260910,sz002602,传媒,AI应用
20260910,sz002614,医药,医药
20260910,sz002663,消费电子,AI算力
20260910,sz002692,电网,新能源电网
20260910,sz002707,AI应用,AI应用
20260910,sz002712,传媒,AI应用
20260910,sz002714,,
20260910,sz002746,,
20260910,sz002752,,
20260910,sz002753,化工,周期资源
20260910,sz002758,医药,医药
20260910,sz002772,,
20260910,sz002778,,
20260910,sz002785,核电,新能源电网
20260910,sz002802,化工,周期资源
20260910,sz002807,,
20260910,sz002810,化工,周期资源
20260910,sz002813,智能驾驶,AI应用
20260910,sz002818,,
20260910,sz002836,化工,周期资源
20260910,sz002839,,
20260910,sz002905,传媒,AI应用
20260910,sz002911,储能,新能源电网
20260910,sz002948,金融科技,AI应用
20260910,sz002966,,
20260910,sz002968,,
20260910,sz003002,化工,周期资源
20260910,sz003016,AI应用,AI应用
20260910,sz003042,化工,周期资源
20260910,sz003816,电力,新能源电网
20260910,sz300008,军工,军工航天
20260910,sz300010,AI应用,AI应用
20260910,sz300013,卫星,军工航天
20260910,sz300021,消费电子,AI算力
20260910,sz300025,算力,AI算力
20260910,sz300037,储能,新能源电网
20260910,sz300050,消费电子,AI算力
20260910,sz300079,金融科技,AI应用
20260910,sz300081,传媒,AI应用
20260910,sz300082,化工,周期资源
20260910,sz300087,,
20260910,sz300094,,
20260910,sz300095,机器人,机器人
20260910,sz300099,氢能,新能源电网
20260910,sz300106,,
20260910,sz300126,,
20260910,sz300128,消费电子,AI算力
20260910,sz300135,油气,周期资源
20260910,sz300139,有色,周期资源
20260910,sz300153,电力,新能源电网
20260910,sz300154,机器人,机器人
20260910,sz300190,油气,周期资源
20260910,sz300191,油气,周期资源
20260910,sz300192,芯片,AI算力
20260910,sz300195,储能,新能源电网
20260910,sz300198,储能,新能源电网
20260910,sz300220,,
20260910,sz300225,化工,周期资源
20260910,sz300227,消费电子,AI算力
20260910,sz300237,储能,新能源电网
20260910,sz300240,,
20260910,sz300245,算力,AI算力
20260910,sz300252,军工,军工航天
20260910,sz300268,,
20260910,sz300281,航天,军工航天
20260910,sz300290,算力,AI算力
20260910,sz300299,传媒,AI应用
20260910,sz300300,算力,AI算力
20260910,sz300332,油气,周期资源
20260910,sz300335,电力,新能源电网
20260910,sz300338,电力,新能源电网
20260910,sz300348,金融科技,AI应用
20260910,sz300352,AI应用,AI应用
20260910,sz300366,算力,AI算力
20260910,sz300387,化工,周期资源
20260910,sz300395,军工,军工航天
20260910,sz300399,算力,AI算力
20260910,sz300400,消费电子,AI算力
20260910,sz300417,,
20260910,sz300428,低空经济,军工航天
20260910,sz300464,消费电子,AI算力
20260910,sz300468,金融科技,AI应用
20260910,sz300473,氢能,新能源电网
20260910,sz300478,化工,周期资源
20260910,sz300483,油气,周期资源
20260910,sz300491,电力,新能源电网
20260910,sz300497,医药,医药
20260910,sz300498,消费电子,AI算力
20260910,sz300499,储能,新能源电网
20260910,sz300500,算力,AI算力
20260910,sz300504,消费电子,AI算力
20260910,sz300514,电网,新能源电网
20260910,sz300517,,
20260910,sz300523,机器人,机器人
20260910,sz300527,军工,军工航天
20260910,sz300535,化工,周期资源
20260910,sz300546,金融科技,AI应用
20260910,sz300550,AI应用,AI应用
20260910,sz300551,金融科技,AI应用
20260910,sz300553,军工,军工航天
20260910,sz300559,AI应用,AI应用
20260910,sz300560,算力,AI算力
20260910,sz300562,医药,医药
20260910,sz300572,,
20260910,sz300575,化工,周期资源
20260910,sz300589,军工,军工航天
20260910,sz300600,军工,军工航天
20260910,sz300610,化工,周期资源
20260910,sz300611,机器人,机器人
20260910,sz300623,半导体,AI算力
20260910,sz300629,军工,军工航天
20260910,sz300637,化工,周期资源
20260910,sz300647,消费电子,AI算力
20260910,sz300670,电网,新能源电网
20260910,sz300673,,
20260910,sz300674,AI应用,AI应用
20260910,sz300677,医药,医药
20260910,sz300689,算力,AI算力
20260910,sz300690,风电,新能源电网
20260910,sz300697,有色,周期资源
20260910,sz300703,AI应用,AI应用
20260910,sz300716,化工,周期资源
20260910,sz300719,军工,军工航天
20260910,sz300722,航天,军工航天
20260910,sz300727,化工,周期资源
20260910,sz300731,化工,周期资源
20260910,sz300736,消费电子,AI算力
20260910,sz300739,芯片,AI算力
20260910,sz300741,化工,周期资源
20260910,sz300747,PCB,AI算力
20260910,sz300749,航天,军工航天
20260910,sz300751,光伏,新能源电网
20260910,sz300752,消费电子,AI算力
20260910,sz300757,光通信,AI算力
20260910,sz300760,医药,医药
20260910,sz300761,,
20260910,sz300791,,
20260910,sz300796,化工,周期资源
20260910,sz300798,化工,周期资源
20260910,sz300806,消费电子,AI算力
20260910,sz300808,,
20260910,sz300810,军工,军工航天
20260910,sz300811,有色,周期资源
20260910,sz300816,算力,AI算力
20260910,sz300817,减速器,机器人
20260910,sz300825,AI应用,AI应用
20260910,sz300828,机器人,机器人
20260910,sz300829,化工,周期资源
20260910,sz300833,传媒,AI应用
20260910,sz300845,军工,军工航天
20260910,sz300855,有色,周期资源
20260910,sz300859,低空经济,军工航天
20260910,sz300860,AI应用,AI应用
20260910,sz300864,,
20260910,sz300865,无人机,军工航天
20260910,sz300866,消费电子,AI算力
20260910,sz300867,电力,新能源电网
20260910,sz300877,储能,新能源电网
20260910,sz300883,化工,周期资源
20260910,sz300891,化工,周期资源
20260910,sz300899,,
20260910,sz300901,AI应用,AI应用
20260910,sz300906,,
20260910,sz300909,消费电子,AI算力
20260910,sz300913,智能驾驶,AI应用
20260910,sz300920,化工,周期资源
20260910,sz300932,电力,新能源电网
20260910,sz300943,油气,周期资源
20260910,sz300949,AI应用,AI应用
20260910,sz300950,氢能,新能源电网
20260910,sz300951,消费电子,AI算力
20260910,sz300958,,
20260910,sz300967,,
20260910,sz300977,芯片,AI算力
20260910,sz300990,算力,AI算力
20260910,sz300998,机器人,机器人
20260910,sz300999,,
20260910,sz301001,AI应用,AI应用
20260910,sz301003,化工,周期资源
20260910,sz301007,机器人,机器人
20260910,sz301016,储能,新能源电网
20260910,sz301018,军工,军工航天
20260910,sz301021,半导体,AI算力
20260910,sz301035,化工,周期资源
20260910,sz301038,AI应用,AI应用
20260910,sz301041,军工,军工航天
20260910,sz301043,,
20260910,sz301046,机器人,机器人
20260910,sz301056,军工,军工航天
20260910,sz301058,机器人,机器人
20260910,sz301059,化工,周期资源
20260910,sz301062,光伏,新能源电网
20260910,sz301072,,
20260910,sz301073,低空经济,军工航天
20260910,sz301075,医药,医药
20260910,sz301086,消费电子,AI算力
20260910,sz301090,化工,周期资源
20260910,sz301098,,
20260910,sz301105,,
20260910,sz301108,,
20260910,sz301113,,
20260910,sz301116,,
20260910,sz301119,,
20260910,sz301122,医药,医药
20260910,sz301136,卫星,军工航天
20260910,sz301149,化工,周期资源
20260910,sz301156,化工,周期资源
20260910,sz301160,机器人,机器人
20260910,sz301161,半导体,AI算力
20260910,sz301169,AI应用,AI应用
20260910,sz301175,电力,新能源电网
20260910,sz301181,低空经济,军工航天
20260910,sz301189,消费电子,AI算力
20260910,sz301206,化工,周期资源
20260910,sz301212,化工,周期资源
20260910,sz301216,机器人,机器人
20260910,sz301223,,
20260910,sz301226,机器人,机器人
20260910,sz301252,机器人,机器人
20260910,sz301266,光伏,新能源电网
20260910,sz301280,机器人,机器人
20260910,sz301281,医药,医药
20260910,sz301285,消费电子,AI算力
20260910,sz301286,化工,周期资源
20260910,sz301287,,
20260910,sz301297,半导体,AI算力
20260910,sz301300,化工,周期资源
20260910,sz301305,电力,新能源电网
20260910,sz301320,无人机,军工航天
20260910,sz301337,,
20260910,sz301355,化工,周期资源
20260910,sz301359,,
20260910,sz301372,,
20260910,sz301376,AI应用,AI应用
20260910,sz301383,消费电子,AI算力
20260910,sz301389,消费电子,AI算力
20260910,sz301390,AI应用,AI应用
20260910,sz301398,低空经济,军工航天
20260910,sz301486,消费电子,AI算力
20260910,sz301500,电力,新能源电网
20260910,sz301505,低空经济,军工航天
20260910,sz301511,储能,新能源电网
20260910,sz301533,电网,新能源电网
20260910,sz301555,化工,周期资源
20260910,sz301557,风电,新能源电网
20260910,sz301571,军工,军工航天
20260910,sz301595,化工,周期资源
20260910,sz301629,半导体,AI算力
20260910,sz301680,电网,新能源电网
20260910,sz302132,军工,军工航天
20260911,bj920001,,
20260911,bj920006,军工,军工航天
20260911,bj920021,传媒,AI应用
20260911,bj920035,算力,AI算力
20260911,bj920075,AI应用,AI应用
20260911,bj920083,化工,周期资源
20260911,bj920087,,
20260911,bj920090,AI应用,AI应用
20260911,bj920092,AI应用,AI应用
20260911,bj920117,储能,新能源电网
20260911,bj920122,,
20260911,bj920128,储能,新能源电网
20260911,bj920130,AI应用,AI应用
20260911,bj920161,化工,周期资源
20260911,bj920176,,
20260911,bj920178,消费电子,AI算力
20260911,bj920190,消费电子,AI算力
20260911,bj920193,电力,新能源电网
20260911,bj920211,机器人,机器人
20260911,bj920212,消费电子,AI算力
20260911,bj920221,减速器,机器人
20260911,bj920222,电网,新能源电网
20260911,bj920223,算力,AI算力
20260911,bj920249,储能,新能源电网
20260911,bj920268,医药,医药
20260911,bj920270,,
20260911,bj920344,医药,医药
20260911,bj920357,消费电子,AI算力
20260911,bj920367,医药,医药
20260911,bj920371,,
20260911,bj920394,化工,周期资源
20260911,bj920469,化工,周期资源
20260911,bj920510,机器人,机器人
20260911,bj920580,储能,新能源电网
20260911,bj920592,AI应用,AI应用
20260911,bj920634,有色,周期资源
20260911,bj920662,算力,AI算力
20260911,bj920685,,
20260911,bj920699,消费电子,AI算力
20260911,bj920725,半导体,AI算力
20260911,bj920790,,
20260911,bj920821,光通信,AI算力
20260911,bj920855,,
20260911,bj920856,机器人,机器人
20260911,bj920857,消费电子,AI算力
20260911,bj920876,消费电子,AI算力
20260911,bj920895,,
20260911,bj920961,卫星,军工航天
20260911,sh600052,储能,新能源电网
20260911,sh600053,机器人,机器人
20260911,sh600059,,
20260911,sh600080,医药,医药
20260911,sh600082,,
20260911,sh600084,,
20260911,sh600088,传媒,AI应用
20260911,sh600095,,
20260911,sh600107,油气,周期资源
20260911,sh600108,,
20260911,sh600113,,
20260911,sh600119,,
20260911,sh600120,,
20260911,sh600127,,
20260911,sh600130,消费电子,AI算力
20260911,sh600162,算力,AI算力
20260911,sh600165,化工,周期资源
20260911,sh600172,新材料,周期资源
20260911,sh600178,低空经济,军工航天
20260911,sh600180,,
20260911,sh600182,,
20260911,sh600185,,
20260911,sh600187,储能,新能源电网
20260911,sh600191,,
20260911,sh600199,,
20260911,sh600206,半导体,AI算力
20260911,sh600227,化工,周期资源
20260911,sh600228,传媒,AI应用
20260911,sh600233,,
20260911,sh600237,,
20260911,sh600238,,
20260911,sh600239,,
20260911,sh600243,,
20260911,sh600246,算力,AI算力
20260911,sh600250,,
20260911,sh600251,电力,新能源电网
20260911,sh600257,,
20260911,sh600265,算力,AI算力
20260911,sh600266,航天,军工航天
20260911,sh600280,,
20260911,sh600289,AI应用,AI应用
20260911,sh600293,化工,周期资源
20260911,sh600302,,
20260911,sh600303,氢能,新能源电网
20260911,sh600313,,
20260911,sh600318,,
20260911,sh600322,,
20260911,sh600326,化工,周期资源
20260911,sh600327,,
20260911,sh600337,AI应用,AI应用
20260911,sh600340,低空经济,军工航天
20260911,sh600343,氢能,新能源电网
20260911,sh600345,航天,军工航天
20260911,sh600350,,
20260911,sh600353,军工,军工航天
20260911,sh600354,,
20260911,sh600359,医药,医药
20260911,sh600360,半导体,AI算力
20260911,sh600365,,
20260911,sh600367,储能,新能源电网
20260911,sh600370,化工,周期资源
20260911,sh600371,,
20260911,sh600375,氢能,新能源电网
20260911,sh600376,,
20260911,sh600381,医药,医药
20260911,sh600382,黑色,周期资源
20260911,sh600391,军工,军工航天
20260911,sh600400,AI应用,AI应用
20260911,sh600410,AI应用,AI应用
20260911,sh600418,智能驾驶,AI应用
20260911,sh600419,,
20260911,sh600423,化工,周期资源
20260911,sh600429,,
20260911,sh600439,,
20260911,sh600459,有色,周期资源
20260911,sh600463,,
20260911,sh600476,算力,AI算力
20260911,sh600488,医药,医药
20260911,sh600491,,
20260911,sh600500,储能,新能源电网
20260911,sh600508,煤炭,周期资源
20260911,sh600509,电力,新能源电网
20260911,sh600510,元件,AI算力
20260911,sh600516,储能,新能源电网
20260911,sh600527,,
20260911,sh600530,,
20260911,sh600536,,
20260911,sh600537,光伏,新能源电网
20260911,sh600539,PCB,AI算力
20260911,sh600540,,
20260911,sh600543,,
20260911,sh600567,化工,周期资源
20260911,sh600568,医药,医药
20260911,sh600573,,
20260911,sh600576,低空经济,军工航天
20260911,sh600581,黑色,周期资源
20260911,sh600584,半导体,AI算力
20260911,sh600589,算力,AI算力
20260911,sh600593,,
20260911,sh600595,有色,周期资源
20260911,sh600598,,
20260911,sh600603,,
20260911,sh600611,算力,AI算力
20260911,sh600624,医药,医药
20260911,sh600626,,
20260911,sh600629,消费电子,AI算力
20260911,sh600630,,
20260911,sh600637,传媒,AI应用
20260911,sh600654,消费电子,AI算力
20260911,sh600657,,
20260911,sh600661,,
20260911,sh600663,,
20260911,sh600665,,
20260911,sh600667,光伏,新能源电网
20260911,sh600673,算力,AI算力
20260911,sh600676,,
20260911,sh600678,化工,周期资源
20260911,sh600679,,
20260911,sh600682,,
20260911,sh600683,,
20260911,sh600689,,
20260911,sh600693,,
20260911,sh600698,,
20260911,sh600702,,
20260911,sh600703,半导体,AI算力
20260911,sh600708,,
20260911,sh600712,,
20260911,sh600721,医药,医药
20260911,sh600724,,
20260911,sh600730,AI应用,AI应用
20260911,sh600733,储能,新能源电网
20260911,sh600734,算力,AI算力
20260911,sh600735,医药,医药
20260911,sh600737,,
20260911,sh600743,,
20260911,sh600745,半导体,AI算力
20260911,sh600746,化工,周期资源
20260911,sh600748,,
20260911,sh600749,,
20260911,sh600753,,
20260911,sh600758,煤炭,周期资源
20260911,sh600759,油气,周期资源
20260911,sh600769,,
20260911,sh600770,半导体,AI算力
20260911,sh600777,油气,周期资源
20260911,sh600778,,
20260911,sh600779,,
20260911,sh600785,,
20260911,sh600791,,
20260911,sh600815,,
20260911,sh600818,,
20260911,sh600824,有色,周期资源
20260911,sh600828,,
20260911,sh600829,医药,医药
20260911,sh600830,,
20260911,sh600838,,
20260911,sh600844,化工,周期资源
20260911,sh600846,,
20260911,sh600847,电力,新能源电网
20260911,sh600857,有色,周期资源
20260911,sh600865,,
20260911,sh600881,医药,医药
20260911,sh600889,机器人,机器人
20260911,sh600892,传媒,AI应用
20260911,sh600903,油气,周期资源
20260911,sh600906,,
20260911,sh600909,,
20260911,sh600936,机器人,机器人
20260911,sh600965,,
20260911,sh600975,,
20260911,sh600980,机器人,机器人
20260911,sh600984,化工,周期资源
20260911,sh600985,煤炭,周期资源
20260911,sh601002,,
20260911,sh601003,黑色,周期资源
20260911,sh601010,,
20260911,sh601038,智能驾驶,AI应用
20260911,sh601066,,
20260911,sh601086,,
20260911,sh601101,煤炭,周期资源
20260911,sh601108,,
20260911,sh601116,,
20260911,sh601121,黑色,周期资源
20260911,sh601136,,
20260911,sh601155,,
20260911,sh601162,,
20260911,sh601177,核电,新能源电网
20260911,sh601199,,
20260911,sh601233,油气,周期资源
20260911,sh601336,,
20260911,sh601366,,
20260911,sh601368,,
20260911,sh601566,,
20260911,sh601579,,
20260911,sh601588,,
20260911,sh601616,电网,新能源电网
20260911,sh601666,煤炭,周期资源
20260911,sh601686,黑色,周期资源
20260911,sh601696,,
20260911,sh601699,煤炭,周期资源
20260911,sh601700,电网,新能源电网
20260911,sh601702,有色,周期资源
20260911,sh601718,军工,军工航天
20260911,sh601789,算力,AI算力
20260911,sh601798,油气,周期资源
20260911,sh601882,,
20260911,sh601886,光伏,新能源电网
20260911,sh601933,,
20260911,sh601952,,
20260911,sh601958,有色,周期资源
20260911,sh601991,电力,新能源电网
20260911,sh601996,,
20260911,sh601999,传媒,AI应用
20260911,sh603001,,
20260911,sh603005,半导体,AI算力
20260911,sh603007,智能驾驶,AI应用
20260911,sh603008,医药,医药
20260911,sh603020,化工,周期资源
20260911,sh603021,,
20260911,sh603023,智能驾驶,AI应用
20260911,sh603025,PCB,AI算力
20260911,sh603029,,
20260911,sh603031,储能,新能源电网
20260911,sh603032,储能,新能源电网
20260911,sh603036,油气,周期资源
20260911,sh603038,,
20260911,sh603039,AI应用,AI应用
20260911,sh603042,算力,AI算力
20260911,sh603045,有色,周期资源
20260911,sh603048,,
20260911,sh603052,消费电子,AI算力
20260911,sh603057,,
20260911,sh603061,半导体,AI算力
20260911,sh603065,化工,周期资源
20260911,sh603067,储能,新能源电网
20260911,sh603068,芯片,AI算力
20260911,sh603071,电力,新能源电网
20260911,sh603075,半导体,AI算力
20260911,sh603076,,
20260911,sh603078,半导体,AI算力
20260911,sh603089,机器人,机器人
20260911,sh603093,,
20260911,sh603095,,
20260911,sh603102,,
20260911,sh603115,,
20260911,sh603118,算力,AI算力
20260911,sh603122,医药,医药
20260911,sh603124,有色,周期资源
20260911,sh603127,医药,医药
20260911,sh603135,机器人,机器人
20260911,sh603136,,
20260911,sh603137,,
20260911,sh603151,,
20260911,sh603156,,
20260911,sh603159,,
20260911,sh603161,氢能,新能源电网
20260911,sh603171,算力,AI算力
20260911,sh603177,储能,新能源电网
20260911,sh603180,,
20260911,sh603189,AI应用,AI应用
20260911,sh603191,电网,新能源电网
20260911,sh603193,,
20260911,sh603196,储能,新能源电网
20260911,sh603197,智能驾驶,AI应用
20260911,sh603201,,
20260911,sh603210,AI应用,AI应用
20260911,sh603216,AI应用,AI应用
20260911,sh603221,,
20260911,sh603222,医药,医药
20260911,sh603223,油气,周期资源
20260911,sh603226,,
20260911,sh603236,机器人,机器人
20260911,sh603237,,
20260911,sh603261,军工,军工航天
20260911,sh603267,军工,军工航天
20260911,sh603268,军工,军工航天
20260911,sh603269,算力,AI算力
20260911,sh603272,,
20260911,sh603277,,
20260911,sh603278,光伏,新能源电网
20260911,sh603285,化工,周期资源
20260911,sh603289,,
20260911,sh603303,储能,新能源电网
20260911,sh603306,光通信,AI算力
20260911,sh603311,,
20260911,sh603313,,
20260911,sh603317,,
20260911,sh603318,油气,周期资源
20260911,sh603320,电力,新能源电网
20260911,sh603325,,
20260911,sh603329,,
20260911,sh603333,电力,新能源电网
20260911,sh603335,存储,AI算力
20260911,sh603338,机器人,机器人
20260911,sh603348,低空经济,军工航天
20260911,sh603352,机器人,机器人
20260911,sh603353,油气,周期资源
20260911,sh603355,,
20260911,sh603356,光伏,新能源电网
20260911,sh603359,,
20260911,sh603360,化工,周期资源
20260911,sh603363,,
20260911,sh603366,光伏,新能源电网
20260911,sh603369,,
20260911,sh603377,,
20260911,sh603378,化工,周期资源
20260911,sh603382,化工,周期资源
20260911,sh603389,新材料,周期资源
20260911,sh603398,电力,新能源电网
20260911,sh603402,,
20260911,sh603406,化工,周期资源
20260911,sh603429,化工,周期资源
20260911,sh603435,储能,新能源电网
20260911,sh603466,AI应用,AI应用
20260911,sh603477,,
20260911,sh603489,电力,新能源电网
20260911,sh603500,,
20260911,sh603516,芯片,AI算力
20260911,sh603517,,
20260911,sh603519,半导体,AI算力
20260911,sh603527,有色,周期资源
20260911,sh603535,,
20260911,sh603538,医药,医药
20260911,sh603557,,
20260911,sh603559,低空经济,军工航天
20260911,sh603580,化工,周期资源
20260911,sh603595,消费电子,AI算力
20260911,sh603606,电网,新能源电网
20260911,sh603608,机器人,机器人
20260911,sh603615,,
20260911,sh603618,电网,新能源电网
20260911,sh603619,油气,周期资源
20260911,sh603629,消费电子,AI算力
20260911,sh603630,,
20260911,sh603636,AI应用,AI应用
20260911,sh603637,氢能,新能源电网
20260911,sh603655,,
20260911,sh603657,,
20260911,sh603661,新材料,周期资源
20260911,sh603666,机器人,机器人
20260911,sh603667,机器人,机器人
20260911,sh603668,,
20260911,sh603678,军工,军工航天
20260911,sh603682,,
20260911,sh603688,化工,周期资源
20260911,sh603696,,
20260911,sh603697,,
20260911,sh603708,,
20260911,sh603711,,
20260911,sh603713,,
20260911,sh603717,光伏,新能源电网
20260911,sh603718,医药,医药
20260911,sh603719,,
20260911,sh603721,传媒,AI应用
20260911,sh603722,化工,周期资源
20260911,sh603726,机器人,机器人
20260911,sh603727,油气,周期资源
20260911,sh603729,传媒,AI应用
20260911,sh603738,机器人,机器人
20260911,sh603739,化工,周期资源
20260911,sh603757,算力,AI算力
20260911,sh603759,储能,新能源电网
20260911,sh603773,消费电子,AI算力
20260911,sh603779,,
20260911,sh603789,智能驾驶,AI应用
20260911,sh603790,化工,周期资源
20260911,sh603797,,
20260911,sh603801,AI应用,AI应用
20260911,sh603808,,
20260911,sh603813,氢能,新能源电网
20260911,sh603815,,
20260911,sh603822,化工,周期资源
20260911,sh603828,,
20260911,sh603833,,
20260911,sh603838,,
20260911,sh603839,,
20260911,sh603843,储能,新能源电网
20260911,sh603848,,
20260911,sh603869,算力,AI算力
20260911,sh603871,,
20260911,sh603877,,
20260911,sh603886,,
20260911,sh603903,芯片,AI算力
20260911,sh603919,,
20260911,sh603922,,
20260911,sh603933,机器人,机器人
20260911,sh603937,有色,周期资源
20260911,sh603938,化工,周期资源
20260911,sh603955,,
20260911,sh603956,AI应用,AI应用
20260911,sh603959,储能,新能源电网
20260911,sh603969,核电,新能源电网
20260911,sh603976,医药,医药
20260911,sh603978,化工,周期资源
20260911,sh603983,,
20260911,sh603986,芯片,AI算力
20260911,sh603989,消费电子,AI算力
20260911,sh603991,半导体,AI算力
20260911,sh603992,机器人,机器人
20260911,sh603995,黑色,周期资源
20260911,sh603997,机器人,机器人
20260911,sh603999,传媒,AI应用
20260911,sh605016,化工,周期资源
20260911,sh605028,电力,新能源电网
20260911,sh605033,化工,周期资源
20260911,sh605077,化工,周期资源
20260911,sh605080,,
20260911,sh605086,化工,周期资源
20260911,sh605089,,
20260911,sh605098,AI应用,AI应用
20260911,sh605099,,
20260911,sh605108,,
20260911,sh605151,,
20260911,sh605155,,
20260911,sh605158,有色,周期资源
20260911,sh605166,化工,周期资源
20260911,sh605169,油气,周期资源
20260911,sh605178,存储,AI算力
20260911,sh605179,,
20260911,sh605180,元件,AI算力
20260911,sh605188,,
20260911,sh605189,机器人,机器人
20260911,sh605198,,
20260911,sh605199,医药,医药
20260911,sh605218,医药,医药
20260911,sh605255,氢能,新能源电网
20260911,sh605277,消费电子,AI算力
20260911,sh605287,传媒,AI应用
20260911,sh605296,,
20260911,sh605298,,
20260911,sh605299,消费电子,AI算力
20260911,sh605300,,
20260911,sh605319,半导体,AI算力
20260911,sh605336,电网,新能源电网
20260911,sh605337,,
20260911,sh605339,,
20260911,sh605358,半导体,AI算力
20260911,sh605388,,
20260911,sh605499,,
20260911,sh605580,电力,新能源电网
20260911,sh688152,航天,军工航天
20260911,sh688169,机器人,机器人
20260911,sh688172,半导体,AI算力
20260911,sh688209,芯片,AI算力
20260911,sh688281,军工,军工航天
20260911,sh688328,消费电子,AI算力
20260911,sh688333,低空经济,军工航天
20260911,sh688335,氢能,新能源电网
20260911,sh688367,,
20260911,sh688371,消费电子,AI算力
20260911,sh688432,半导体,AI算力
20260911,sh688478,半导体,AI算力
20260911,sh688496,消费电子,AI算力
20260911,sh688584,半导体,AI算力
20260911,sh688610,机器人,机器人
20260911,sh688622,医药,医药
20260911,sh688720,半导体,AI算力
20260911,sh688790,芯片,AI算力
20260911,sz000006,,
20260911,sz000007,,
20260911,sz000008,,
20260911,sz000009,储能,新能源电网
20260911,sz000010,,
20260911,sz000011,,
20260911,sz000016,半导体,AI算力
20260911,sz000019,,
20260911,sz000020,,
20260911,sz000021,消费电子,AI算力
20260911,sz000025,有色,周期资源
20260911,sz000029,,
20260911,sz000031,,
20260911,sz000035,氢能,新能源电网
20260911,sz000036,,
20260911,sz000042,,
20260911,sz000048,机器人,机器人
20260911,sz000055,光伏,新能源电网
20260911,sz000056,半导体,AI算力
20260911,sz000062,半导体,AI算力
20260911,sz000065,光伏,新能源电网
20260911,sz000068,新材料,周期资源
20260911,sz000078,医药,医药
20260911,sz000090,光伏,新能源电网
20260911,sz000151,电力,新能源电网
20260911,sz000153,医药,医药
20260911,sz000158,算力,AI算力
20260911,sz000301,化工,周期资源
20260911,sz000417,有色,周期资源
20260911,sz000428,,
20260911,sz000488,化工,周期资源
20260911,sz000505,,
20260911,sz000509,,
20260911,sz000510,化工,周期资源
20260911,sz000517,,
20260911,sz000518,医药,医药
20260911,sz000520,航运,周期资源
20260911,sz000521,医药,医药
20260911,sz000523,,
20260911,sz000524,低空经济,军工航天
20260911,sz000526,AI应用,AI应用
20260911,sz000532,储能,新能源电网
20260911,sz000554,油气,周期资源
20260911,sz000558,传媒,AI应用
20260911,sz000560,AI应用,AI应用
20260911,sz000564,,
20260911,sz000567,,
20260911,sz000572,储能,新能源电网
20260911,sz000576,军工,军工航天
20260911,sz000582,航运,周期资源
20260911,sz000592,,
20260911,sz000593,储能,新能源电网
20260911,sz000595,电力,新能源电网
20260911,sz000596,,
20260911,sz000601,电力,新能源电网
20260911,sz000608,算力,AI算力
20260911,sz000609,半导体,AI算力
20260911,sz000610,,
20260911,sz000620,算力,AI算力
20260911,sz000626,医药,医药
20260911,sz000632,,
20260911,sz000635,化工,周期资源
20260911,sz000639,,
20260911,sz000656,,
20260911,sz000659,,
20260911,sz000668,,
20260911,sz000669,油气,周期资源
20260911,sz000672,化工,周期资源
20260911,sz000676,传媒,AI应用
20260911,sz000677,化工,周期资源
20260911,sz000679,,
20260911,sz000692,电力,新能源电网
20260911,sz000698,化工,周期资源
20260911,sz000702,,
20260911,sz000711,,
20260911,sz000712,,
20260911,sz000713,化工,周期资源
20260911,sz000715,,
20260911,sz000716,储能,新能源电网
20260911,sz000718,,
20260911,sz000720,电力,新能源电网
20260911,sz000721,,
20260911,sz000722,电力,新能源电网
20260911,sz000735,,
20260911,sz000736,,
20260911,sz000757,消费电子,AI算力
20260911,sz000759,,
20260911,sz000776,,
20260911,sz000783,,
20260911,sz000791,电力,新能源电网
20260911,sz000793,传媒,AI应用
20260911,sz000796,金融科技,AI应用
20260911,sz000798,,
20260911,sz000802,传媒,AI应用
20260911,sz000803,电力,新能源电网
20260911,sz000809,风电,新能源电网
20260911,sz000811,氢能,新能源电网
20260911,sz000815,算力,AI算力
20260911,sz000820,,
20260911,sz000821,光伏,新能源电网
20260911,sz000826,储能,新能源电网
20260911,sz000833,化工,周期资源
20260911,sz000838,,
20260911,sz000839,AI应用,AI应用
20260911,sz000852,油气,周期资源
20260911,sz000863,AI应用,AI应用
20260911,sz000876,,
20260911,sz000882,,
20260911,sz000889,消费电子,AI算力
20260911,sz000890,,
20260911,sz000892,传媒,AI应用
20260911,sz000903,氢能,新能源电网
20260911,sz000908,医药,医药
20260911,sz000909,储能,新能源电网
20260911,sz000911,,
20260911,sz000921,,
20260911,sz000926,,
20260911,sz000928,氢能,新能源电网
20260911,sz000930,,
20260911,sz000935,创新药,医药
20260911,sz000951,智能驾驶,AI应用
20260911,sz000965,,
20260911,sz000972,医药,医药
20260911,sz000973,储能,新能源电网
20260911,sz000978,,
20260911,sz000980,智能驾驶,AI应用
20260911,sz000987,电力,新能源电网
20260911,sz000995,,
20260911,sz000998,,
20260911,sz001206,,
20260911,sz001207,化工,周期资源
20260911,sz001211,,
20260911,sz001215,,
20260911,sz001221,,
20260911,sz001222,,
20260911,sz001225,,
20260911,sz001233,,
20260911,sz001237,,
20260911,sz001256,,
20260911,sz001259,,
20260911,sz001260,,
20260911,sz001267,光通信,AI算力
20260911,sz001279,化工,周期资源
20260911,sz001296,化工,周期资源
20260911,sz001300,,
20260911,sz001301,储能,新能源电网
20260911,sz001317,,
20260911,sz001318,,
20260911,sz001323,消费电子,AI算力
20260911,sz001328,医药,医药
20260911,sz001338,,
20260911,sz001359,储能,新能源电网
20260911,sz001366,,
20260911,sz001378,化工,周期资源
20260911,sz001387,PCB,AI算力
20260911,sz001388,电网,新能源电网
20260911,sz001395,,
20260911,sz001400,减速器,机器人
20260911,sz001896,电力,新能源电网
20260911,sz002005,,
20260911,sz002012,化工,周期资源
20260911,sz002014,,
20260911,sz002024,,
20260911,sz002030,医药,医药
20260911,sz002031,机器人,机器人
20260911,sz002037,化工,周期资源
20260911,sz002040,航运,周期资源
20260911,sz002041,,
20260911,sz002042,电力,新能源电网
20260911,sz002045,消费电子,AI算力
20260911,sz002046,机器人,机器人
20260911,sz002051,算力,AI算力
20260911,sz002052,储能,新能源电网
20260911,sz002055,消费电子,AI算力
20260911,sz002056,光伏,新能源电网
20260911,sz002066,,
20260911,sz002067,化工,周期资源
20260911,sz002072,存储,AI算力
20260911,sz002076,储能,新能源电网
20260911,sz002082,医药,医药
20260911,sz002083,化工,周期资源
20260911,sz002084,,
20260911,sz002088,储能,新能源电网
20260911,sz002098,金融科技,AI应用
20260911,sz002102,医药,医药
20260911,sz002109,化工,周期资源
20260911,sz002122,,
20260911,sz002124,,
20260911,sz002125,储能,新能源电网
20260911,sz002133,,
20260911,sz002138,消费电子,AI算力
20260911,sz002146,低空经济,军工航天
20260911,sz002156,半导体,AI算力
20260911,sz002159,,
20260911,sz002160,有色,周期资源
20260911,sz002162,机器人,机器人
20260911,sz002168,电网,新能源电网
20260911,sz002172,医药,医药
20260911,sz002175,芯片,AI算力
20260911,sz002180,芯片,AI算力
20260911,sz002185,半导体,AI算力
20260911,sz002190,军工,军工航天
20260911,sz002192,储能,新能源电网
20260911,sz002193,,
20260911,sz002198,医药,医药
20260911,sz002199,,
20260911,sz002200,,
20260911,sz002201,化工,周期资源
20260911,sz002207,油气,周期资源
20260911,sz002208,,
20260911,sz002209,机器人,机器人
20260911,sz002211,化工,周期资源
20260911,sz002212,AI应用,AI应用
20260911,sz002214,军工,军工航天
20260911,sz002217,PCB,AI算力
20260911,sz002225,氢能,新能源电网
20260911,sz002227,电力,新能源电网
20260911,sz002243,新材料,周期资源
20260911,sz002244,储能,新能源电网
20260911,sz002245,储能,新能源电网
20260911,sz002248,芯片,AI算力
20260911,sz002250,化工,周期资源
20260911,sz002251,,
20260911,sz002253,军工,军工航天
20260911,sz002254,储能,新能源电网
20260911,sz002258,化工,周期资源
20260911,sz002264,传媒,AI应用
20260911,sz002274,化工,周期资源
20260911,sz002277,机器人,机器人
20260911,sz002279,AI应用,AI应用
20260911,sz002281,光通信,AI算力
20260911,sz002284,机器人,机器人
20260911,sz002285,,
20260911,sz002286,,
20260911,sz002289,算力,AI算力
20260911,sz002292,传媒,AI应用
20260911,sz002297,军工,军工航天
20260911,sz002298,算力,AI算力
20260911,sz002300,电力,新能源电网
20260911,sz002302,化工,周期资源
20260911,sz002303,消费电子,AI算力
20260911,sz002305,,
20260911,sz002306,光伏,新能源电网
20260911,sz002309,电网,新能源电网
20260911,sz002310,光伏,新能源电网
20260911,sz002314,储能,新能源电网
20260911,sz002317,医药,医药
20260911,sz002322,电网,新能源电网
20260911,sz002323,电力,新能源电网
20260911,sz002329,光伏,新能源电网
20260911,sz002333,光伏,新能源电网
20260911,sz002346,储能,新能源电网
20260911,sz002348,算力,AI算力
20260911,sz002353,油气,周期资源
20260911,sz002356,氢能,新能源电网
20260911,sz002357,卫星,军工航天
20260911,sz002360,化工,周期资源
20260911,sz002364,算力,AI算力
20260911,sz002365,医药,医药
20260911,sz002369,消费电子,AI算力
20260911,sz002374,,
20260911,sz002375,,
20260911,sz002377,油气,周期资源
20260911,sz002379,有色,周期资源
20260911,sz002384,消费电子,AI算力
20260911,sz002385,医药,医药
20260911,sz002396,光通信,AI算力
20260911,sz002397,,
20260911,sz002404,电力,新能源电网
20260911,sz002407,化工,周期资源
20260911,sz002409,半导体,AI算力
20260911,sz002414,军工,军工航天
20260911,sz002423,,
20260911,sz002424,医药,医药
20260911,sz002427,化工,周期资源
20260911,sz002431,,
20260911,sz002432,医药,医药
20260911,sz002436,消费电子,AI算力
20260911,sz002442,化工,周期资源
20260911,sz002445,电力,新能源电网
20260911,sz002454,低空经济,军工航天
20260911,sz002457,,
20260911,sz002458,,
20260911,sz002468,,
20260911,sz002471,电网,新能源电网
20260911,sz002483,,
20260911,sz002484,军工,军工航天
20260911,sz002485,,
20260911,sz002490,油气,周期资源
20260911,sz002491,,
20260911,sz002496,化工,周期资源
20260911,sz002497,储能,新能源电网
20260911,sz002498,电网,新能源电网
20260911,sz002501,有色,周期资源
20260911,sz002512,算力,AI算力
20260911,sz002514,储能,新能源电网
20260911,sz002528,消费电子,AI算力
20260911,sz002529,新材料,周期资源
20260911,sz002531,风电,新能源电网
20260911,sz002536,氢能,新能源电网
20260911,sz002538,化工,周期资源
20260911,sz002542,传媒,AI应用
20260911,sz002543,,
20260911,sz002546,电力,新能源电网
20260911,sz002547,储能,新能源电网
20260911,sz002548,,
20260911,sz002552,PCB,AI算力
20260911,sz002564,核电,新能源电网
20260911,sz002568,,
20260911,sz002569,,
20260911,sz002570,AI应用,AI应用
20260911,sz002579,消费电子,AI算力
20260911,sz002581,医药,医药
20260911,sz002582,,
20260911,sz002586,传媒,AI应用
20260911,sz002592,消费电子,AI算力
20260911,sz002596,化工,周期资源
20260911,sz002597,化工,周期资源
20260911,sz002598,储能,新能源电网
20260911,sz002607,AI应用,AI应用
20260911,sz002612,,
20260911,sz002613,化工,周期资源
20260911,sz002615,消费电子,AI算力
20260911,sz002617,电力,新能源电网
20260911,sz002620,电力,新能源电网
20260911,sz002622,医药,医药
20260911,sz002626,,
20260911,sz002627,,
20260911,sz002629,油气,周期资源
20260911,sz002630,电力,新能源电网
20260911,sz002632,储能,新能源电网
20260911,sz002634,新材料,周期资源
20260911,sz002638,,
20260911,sz002640,消费电子,AI算力
20260911,sz002650,,
20260911,sz002655,消费电子,AI算力
20260911,sz002656,,
20260911,sz002659,消费电子,AI算力
20260911,sz002661,,
20260911,sz002667,储能,新能源电网
20260911,sz002668,,
20260911,sz002670,,
20260911,sz002674,机器人,机器人
20260911,sz002677,AI应用,AI应用
20260911,sz002679,,
20260911,sz002682,氢能,新能源电网
20260911,sz002686,军工,军工航天
20260911,sz002687,,
20260911,sz002688,化工,周期资源
20260911,sz002689,机器人,机器人
20260911,sz002691,机器人,机器人
20260911,sz002693,医药,医药
20260911,sz002694,,
20260911,sz002696,,
20260911,sz002700,油气,周期资源
20260911,sz002702,,
20260911,sz002713,算力,AI算力
20260911,sz002717,消费电子,AI算力
20260911,sz002718,,
20260911,sz002719,,
20260911,sz002724,新材料,周期资源
20260911,sz002726,,
20260911,sz002731,储能,新能源电网
20260911,sz002735,低空经济,军工航天
20260911,sz002742,医药,医药
20260911,sz002743,,
20260911,sz002745,PCB,AI算力
20260911,sz002759,化工,周期资源
20260911,sz002762,,
20260911,sz002774,,
20260911,sz002775,,
20260911,sz002777,AI应用,AI应用
20260911,sz002786,消费电子,AI算力
20260911,sz002789,,
20260911,sz002790,,
20260911,sz002791,,
20260911,sz002798,算力,AI算力
20260911,sz002800,,
20260911,sz002815,消费电子,AI算力
20260911,sz002816,PCB,AI算力
20260911,sz002819,医药,医药
20260911,sz002820,,
20260911,sz002821,医药,医药
20260911,sz002822,,
20260911,sz002824,有色,周期资源
20260911,sz002826,医药,医药
20260911,sz002827,化工,周期资源
20260911,sz002828,油气,周期资源
20260911,sz002829,航天,军工航天
20260911,sz002830,,
20260911,sz002840,,
20260911,sz002841,消费电子,AI算力
20260911,sz002845,消费电子,AI算力
20260911,sz002848,航天,军工航天
20260911,sz002851,储能,新能源电网
20260911,sz002852,,
20260911,sz002856,,
20260911,sz002860,光伏,新能源电网
20260911,sz002868,化工,周期资源
20260911,sz002871,算力,AI算力
20260911,sz002872,医药,医药
20260911,sz002875,,
20260911,sz002876,消费电子,AI算力
20260911,sz002879,电网,新能源电网
20260911,sz002883,低空经济,军工航天
20260911,sz002888,消费电子,AI算力
20260911,sz002891,,
20260911,sz002893,电力,新能源电网
20260911,sz002896,机器人,机器人
20260911,sz002907,医药,医药
20260911,sz002910,,
20260911,sz002915,化工,周期资源
20260911,sz002916,消费电子,AI算力
20260911,sz002918,,
20260911,sz002928,,
20260911,sz002929,算力,AI算力
20260911,sz002930,化工,周期资源
20260911,sz002945,,
20260911,sz002949,AI应用,AI应用
20260911,sz002951,电力,新能源电网
20260911,sz002955,算力,AI算力
20260911,sz002956,,
20260911,sz002957,消费电子,AI算力
20260911,sz002960,机器人,机器人
20260911,sz002961,,
20260911,sz002969,,
20260911,sz002975,消费电子,AI算力
20260911,sz002977,军工,军工航天
20260911,sz002979,机器人,机器人
20260911,sz002980,储能,新能源电网
20260911,sz002982,,
20260911,sz002983,PCB,AI算力
20260911,sz002988,有色,周期资源
20260911,sz002998,化工,周期资源
20260911,sz003001,核电,新能源电网
20260911,sz003004,AI应用,AI应用
20260911,sz003005,AI应用,AI应用
20260911,sz003006,,
20260911,sz003010,,
20260911,sz003011,,
20260911,sz003018,算力,AI算力
20260911,sz003029,AI应用,AI应用
20260911,sz003030,,
20260911,sz003032,机器人,机器人
20260911,sz003036,机器人,机器人
20260911,sz003039,电力,新能源电网
20260911,sz003041,,
20260911,sz300020,算力,AI算力
20260911,sz300044,机器人,机器人
20260911,sz300068,储能,新能源电网
20260911,sz300069,电网,新能源电网
20260911,sz300085,AI应用,AI应用
20260911,sz300103,储能,新能源电网
20260911,sz300152,氢能,新能源电网
20260911,sz300163,化工,周期资源
20260911,sz300167,算力,AI算力
20260911,sz300169,消费电子,AI算力
20260911,sz300189,,
20260911,sz300197,,
20260911,sz300212,算力,AI算力
20260911,sz300214,算力,AI算力
20260911,sz300289,医药,医药
20260911,sz300311,AI应用,AI应用
20260911,sz300313,,
20260911,sz300321,化工,周期资源
20260911,sz300334,芯片,AI算力
20260911,sz300359,AI应用,AI应用
20260911,sz300385,,
20260911,sz300401,医药,医药
20260911,sz300456,半导体,AI算力
20260911,sz300469,AI应用,AI应用
20260911,sz300515,,
20260911,sz300540,氢能,新能源电网
20260911,sz300566,消费电子,AI算力
20260911,sz300598,智能驾驶,AI应用
20260911,sz300615,储能,新能源电网
20260911,sz300616,机器人,机器人
20260911,sz300626,电力,新能源电网
20260911,sz300642,医药,医药
20260911,sz300649,,
20260911,sz300684,消费电子,AI算力
20260911,sz300720,半导体,AI算力
20260911,sz300737,,
20260911,sz300740,,
20260911,sz300779,有色,周期资源
20260911,sz300834,化工,周期资源
20260911,sz300897,AI应用,AI应用
20260911,sz300929,氢能,新能源电网
20260911,sz300931,,
20260911,sz300959,,
20260911,sz300961,,
20260911,sz300964,光通信,AI算力
20260911,sz300970,,
20260911,sz300981,医药,医药
20260911,sz300985,氢能,新能源电网
20260911,sz300996,AI应用,AI应用
20260911,sz300997,,
20260911,sz301019,化工,周期资源
20260911,sz301028,机器人,机器人
20260911,sz301030,光伏,新能源电网
20260911,sz301045,消费电子,AI算力
20260911,sz301081,,
20260911,sz301106,医药,医药
20260911,sz301115,光伏,新能源电网
20260911,sz301121,储能,新能源电网
20260911,sz301123,消费电子,AI算力
20260911,sz301139,储能,新能源电网
20260911,sz301151,算力,AI算力
20260911,sz301183,智能驾驶,AI应用
20260911,sz301188,医药,医药
20260911,sz301193,,
20260911,sz301197,,
20260911,sz301227,,
20260911,sz301234,医药,医药
20260911,sz301251,算力,AI算力
20260911,sz301322,半导体,AI算力
20260911,sz301349,电力,新能源电网
20260911,sz301356,,
20260911,sz301379,低空经济,军工航天
20260911,sz301396,算力,AI算力
20260911,sz301449,储能,新能源电网
20260911,sz301520,创新药,医药
20260911,sz301565,储能,新能源电网
20260911,sz301583,半导体,AI算力
20260911,sz301599,储能,新能源电网
20260911,sz301607,半导体,AI算力
20260911,sz301630,半导体,AI算力
20260911,sz301667,储能,新能源电网
20260911,bj920305,,
20260911,sh600636,,
20260911,sh600696,,
20260911,sh605081,,
20260911,sz000004,,
20260911,sz002808,,
20260911,bj920008,军工,军工航天
20260911,bj920010,算力,AI算力
20260911,bj920019,,
20260911,bj920028,化工,周期资源
20260911,bj920045,光通信,AI算力
20260911,bj920060,消费电子,AI算力
20260911,bj920066,化工,周期资源
20260911,bj920068,有色,周期资源
20260911,bj920081,算力,AI算力
20260911,bj920098,化工,周期资源
20260911,bj920118,电网,新能源电网
20260911,bj920119,储能,新能源电网
20260911,bj920125,PCB,AI算力
20260911,bj920149,光伏,新能源电网
20260911,bj920159,化工,周期资源
20260911,bj920169,航天,军工航天
20260911,bj920174,,
20260911,bj920206,化工,周期资源
20260911,bj920225,化工,周期资源
20260911,bj920245,,
20260911,bj920304,储能,新能源电网
20260911,bj920351,低空经济,军工航天
20260911,bj920370,,
20260911,bj920392,,
20260911,bj920403,医药,医药
20260911,bj920419,,
20260911,bj920429,,
20260911,bj920436,智能驾驶,AI应用
20260911,bj920455,,
20260911,bj920471,化工,周期资源
20260911,bj920519,化工,周期资源
20260911,bj920527,新材料,周期资源
20260911,bj920571,航运,周期资源
20260911,bj920694,化工,周期资源
20260911,bj920718,,
20260911,bj920748,AI应用,AI应用
20260911,bj920770,光伏,新能源电网
20260911,bj920786,,
20260911,bj920810,,
20260911,bj920819,化工,周期资源
20260911,bj920832,化工,周期资源
20260911,bj920866,化工,周期资源
20260911,bj920964,,
20260911,bj920970,,
20260911,bj920976,,
20260911,sh600016,金融科技,AI应用
20260911,sh600017,航运,周期资源
20260911,sh600018,航运,周期资源
20260911,sh600027,电力,新能源电网
20260911,sh600028,油气,周期资源
20260911,sh600031,AI应用,AI应用
20260911,sh600035,,
20260911,sh600036,金融科技,AI应用
20260911,sh600039,储能,新能源电网
20260911,sh600060,AI应用,AI应用
20260911,sh600071,储能,新能源电网
20260911,sh600073,,
20260911,sh600075,化工,周期资源
20260911,sh600097,,
20260911,sh600104,智能驾驶,AI应用
20260911,sh600150,军工,军工航天
20260911,sh600159,,
20260911,sh600163,电力,新能源电网
20260911,sh600169,航天,军工航天
20260911,sh600177,,
20260911,sh600212,储能,新能源电网
20260911,sh600217,,
20260911,sh600256,煤炭,周期资源
20260911,sh600278,,
20260911,sh600295,黑色,周期资源
20260911,sh600333,油气,周期资源
20260911,sh600336,医药,医药
20260911,sh600368,,
20260911,sh600372,军工,军工航天
20260911,sh600377,,
20260911,sh600435,军工,军工航天
20260911,sh600467,,
20260911,sh600483,电力,新能源电网
20260911,sh600523,低空经济,军工航天
20260911,sh600547,有色,周期资源
20260911,sh600562,军工,军工航天
20260911,sh600569,黑色,周期资源
20260911,sh600583,油气,周期资源
20260911,sh600622,,
20260911,sh600674,电力,新能源电网
20260911,sh600685,军工,军工航天
20260911,sh600706,AI应用,AI应用
20260911,sh600710,光伏,新能源电网
20260911,sh600738,,
20260911,sh600740,化工,周期资源
20260911,sh600760,军工,军工航天
20260911,sh600764,军工,军工航天
20260911,sh600774,医药,医药
20260911,sh600780,电力,新能源电网
20260911,sh600794,AI应用,AI应用
20260911,sh600795,电力,新能源电网
20260911,sh600803,氢能,新能源电网
20260911,sh600814,,
20260911,sh600822,,
20260911,sh600883,,
20260911,sh600893,军工,军工航天
20260911,sh600908,,
20260911,sh600917,油气,周期资源
20260911,sh600919,,
20260911,sh600926,,
20260911,sh601008,航运,周期资源
20260911,sh601009,,
20260911,sh601018,航运,周期资源
20260911,sh601068,,
20260911,sh601088,煤炭,周期资源
20260911,sh601107,储能,新能源电网
20260911,sh601112,化工,周期资源
20260911,sh601128,,
20260911,sh601156,,
20260911,sh601169,,
20260911,sh601216,化工,周期资源
20260911,sh601226,氢能,新能源电网
20260911,sh601288,金融科技,AI应用
20260911,sh601298,航运,周期资源
20260911,sh601318,,
20260911,sh601319,,
20260911,sh601326,航运,周期资源
20260911,sh601328,金融科技,AI应用
20260911,sh601333,,
20260911,sh601398,金融科技,AI应用
20260911,sh601512,储能,新能源电网
20260911,sh601555,,
20260911,sh601577,,
20260911,sh601599,传媒,AI应用
20260911,sh601601,,
20260911,sh601658,,
20260911,sh601665,,
20260911,sh601838,,
20260911,sh601857,油气,周期资源
20260911,sh601866,航运,周期资源
20260911,sh601919,航运,周期资源
20260911,sh601939,金融科技,AI应用
20260911,sh601968,,
20260911,sh601988,金融科技,AI应用
20260911,sh601998,,
20260911,sh603080,油气,周期资源
20260911,sh603088,算力,AI算力
20260911,sh603098,光伏,新能源电网
20260911,sh603101,低空经济,军工航天
20260911,sh603103,传媒,AI应用
20260911,sh603111,AI应用,AI应用
20260911,sh603117,,
20260911,sh603176,,
20260911,sh603209,航运,周期资源
20260911,sh603230,传媒,AI应用
20260911,sh603235,化工,周期资源
20260911,sh603257,有色,周期资源
20260911,sh603282,,
20260911,sh603321,AI应用,AI应用
20260911,sh603323,,
20260911,sh603326,,
20260911,sh603391,AI应用,AI应用
20260911,sh603393,油气,周期资源
20260911,sh603408,,
20260911,sh603583,机器人,机器人
20260911,sh603585,化工,周期资源
20260911,sh603587,,
20260911,sh603599,化工,周期资源
20260911,sh603600,,
20260911,sh603609,,
20260911,sh603709,AI应用,AI应用
20260911,sh603766,储能,新能源电网
20260911,sh603836,,
20260911,sh603889,,
20260911,sh603917,,
20260911,sh603970,化工,周期资源
20260911,sh605001,,
20260911,sh605003,,
20260911,sh605008,化工,周期资源
20260911,sh605183,化工,周期资源
20260911,sh605222,电力,新能源电网
20260911,sh688002,军工,军工航天
20260911,sh688022,储能,新能源电网
20260911,sh688026,医药,医药
20260911,sh688028,机器人,机器人
20260911,sh688033,低空经济,军工航天
20260911,sh688035,消费电子,AI算力
20260911,sh688053,军工,军工航天
20260911,sh688061,芯片,AI算力
20260911,sh688069,氢能,新能源电网
20260911,sh688078,机器人,机器人
20260911,sh688089,化工,周期资源
20260911,sh688132,军工,军工航天
20260911,sh688135,半导体,AI算力
20260911,sh688139,医药,医药
20260911,sh688151,医药,医药
20260911,sh688156,,
20260911,sh688170,消费电子,AI算力
20260911,sh688195,医药,医药
20260911,sh688203,化工,周期资源
20260911,sh688205,光通信,AI算力
20260911,sh688215,,
20260911,sh688231,有色,周期资源
20260911,sh688239,航天,军工航天
20260911,sh688248,电网,新能源电网
20260911,sh688267,化工,周期资源
20260911,sh688279,芯片,AI算力
20260911,sh688297,军工,军工航天
20260911,sh688313,光通信,AI算力
20260911,sh688330,电网,新能源电网
20260911,sh688448,,
20260911,sh688455,智能驾驶,AI应用
20260911,sh688498,半导体,AI算力
20260911,sh688510,军工,军工航天
20260911,sh688519,消费电子,AI算力
20260911,sh688536,芯片,AI算力
20260911,sh688543,军工,军工航天
20260911,sh688552,军工,军工航天
20260911,sh688559,储能,新能源电网
20260911,sh688563,军工,军工航天
20260911,sh688569,,
20260911,sh688586,军工,军工航天
20260911,sh688601,芯片,AI算力
20260911,sh688612,低空经济,军工航天
20260911,sh688617,医药,医药
20260911,sh688628,,
20260911,sh688656,医药,医药
20260911,sh688678,消费电子,AI算力
20260911,sh688679,,
20260911,sh688686,储能,新能源电网
20260911,sh688696,,
20260911,sh688700,PCB,AI算力
20260911,sh688701,,
20260911,sh688800,储能,新能源电网
20260911,sh688807,半导体,AI算力
20260911,sh688809,半导体,AI算力
20260911,sz000001,金融科技,AI应用
20260911,sz000045,,
20260911,sz000061,,
20260911,sz000419,,
20260911,sz000421,油气,周期资源
20260911,sz000430,,
20260911,sz000525,化工,周期资源
20260911,sz000550,智能驾驶,AI应用
20260911,sz000553,化工,周期资源
20260911,sz000581,氢能,新能源电网
20260911,sz000637,油气,周期资源
20260911,sz000655,黑色,周期资源
20260911,sz000663,,
20260911,sz000690,电力,新能源电网
20260911,sz000697,军工,军工航天
20260911,sz000728,,
20260911,sz000731,化工,周期资源
20260911,sz000738,军工,军工航天
20260911,sz000753,低空经济,军工航天
20260911,sz000789,化工,周期资源
20260911,sz000797,,
20260911,sz000807,有色,周期资源
20260911,sz000812,,
20260911,sz000856,机器人,机器人
20260911,sz000878,有色,周期资源
20260911,sz000886,算力,AI算力
20260911,sz000897,算力,AI算力
20260911,sz000902,化工,周期资源
20260911,sz000905,航运,周期资源
20260911,sz000906,储能,新能源电网
20260911,sz000923,黑色,周期资源
20260911,sz000929,,
20260911,sz000933,有色,周期资源
20260911,sz000985,油气,周期资源
20260911,sz001201,,
20260911,sz001209,AI应用,AI应用
20260911,sz001228,,
20260911,sz001234,,
20260911,sz001368,医药,医药
20260911,sz001380,机器人,机器人
20260911,sz001872,航运,周期资源
20260911,sz001965,光伏,新能源电网
20260911,sz002003,,
20260911,sz002026,储能,新能源电网
20260911,sz002069,,
20260911,sz002100,医药,医药
20260911,sz002108,化工,周期资源
20260911,sz002130,军工,军工航天
20260911,sz002140,储能,新能源电网
20260911,sz002142,,
20260911,sz002157,,
20260911,sz002163,,
20260911,sz002171,有色,周期资源
20260911,sz002187,有色,周期资源
20260911,sz002221,油气,周期资源
20260911,sz002224,化工,周期资源
20260911,sz002234,,
20260911,sz002238,传媒,AI应用
20260911,sz002320,航运,周期资源
20260911,sz002321,,
20260911,sz002344,光伏,新能源电网
20260911,sz002389,军工,军工航天
20260911,sz002394,AI应用,AI应用
20260911,sz002408,油气,周期资源
20260911,sz002443,油气,周期资源
20260911,sz002492,,
20260911,sz002493,油气,周期资源
20260911,sz002508,,
20260911,sz002510,低空经济,军工航天
20260911,sz002516,机器人,机器人
20260911,sz002556,化工,周期资源
20260911,sz002561,,
20260911,sz002567,,
20260911,sz002574,光伏,新能源电网
20260911,sz002602,传媒,AI应用
20260911,sz002614,医药,医药
20260911,sz002692,电网,新能源电网
20260911,sz002707,AI应用,AI应用
20260911,sz002712,传媒,AI应用
20260911,sz002714,,
20260911,sz002746,,
20260911,sz002752,,
20260911,sz002753,化工,周期资源
20260911,sz002758,医药,医药
20260911,sz002772,,
20260911,sz002807,,
20260911,sz002905,传媒,AI应用
20260911,sz002911,储能,新能源电网
20260911,sz002948,金融科技,AI应用
20260911,sz002966,,
20260911,sz003002,化工,周期资源
20260911,sz003042,化工,周期资源
20260911,sz003816,电力,新能源电网
20260911,sz300008,军工,军工航天
20260911,sz300010,AI应用,AI应用
20260911,sz300013,卫星,军工航天
20260911,sz300021,消费电子,AI算力
20260911,sz300025,算力,AI算力
20260911,sz300027,传媒,AI应用
20260911,sz300037,储能,新能源电网
20260911,sz300050,消费电子,AI算力
20260911,sz300061,AI应用,AI应用
20260911,sz300079,金融科技,AI应用
20260911,sz300081,传媒,AI应用
20260911,sz300087,,
20260911,sz300094,,
20260911,sz300095,机器人,机器人
20260911,sz300099,氢能,新能源电网
20260911,sz300106,,
20260911,sz300125,光伏,新能源电网
20260911,sz300128,消费电子,AI算力
20260911,sz300135,油气,周期资源
20260911,sz300139,有色,周期资源
20260911,sz300153,电力,新能源电网
20260911,sz300154,机器人,机器人
20260911,sz300183,消费电子,AI算力
20260911,sz300190,油气,周期资源
20260911,sz300192,芯片,AI算力
20260911,sz300195,储能,新能源电网
20260911,sz300227,消费电子,AI算力
20260911,sz300237,储能,新能源电网
20260911,sz300240,,
20260911,sz300245,算力,AI算力
20260911,sz300252,军工,军工航天
20260911,sz300268,,
20260911,sz300281,航天,军工航天
20260911,sz300290,算力,AI算力
20260911,sz300292,智能驾驶,AI应用
20260911,sz300300,算力,AI算力
20260911,sz300332,油气,周期资源
20260911,sz300335,电力,新能源电网
20260911,sz300338,电力,新能源电网
20260911,sz300352,AI应用,AI应用
20260911,sz300366,算力,AI算力
20260911,sz300387,化工,周期资源
20260911,sz300399,算力,AI算力
20260911,sz300400,消费电子,AI算力
20260911,sz300410,储能,新能源电网
20260911,sz300428,低空经济,军工航天
20260911,sz300464,消费电子,AI算力
20260911,sz300468,金融科技,AI应用
20260911,sz300473,氢能,新能源电网
20260911,sz300478,化工,周期资源
20260911,sz300483,油气,周期资源
20260911,sz300497,医药,医药
20260911,sz300498,消费电子,AI算力
20260911,sz300499,储能,新能源电网
20260911,sz300504,消费电子,AI算力
20260911,sz300517,,
20260911,sz300527,军工,军工航天
20260911,sz300550,AI应用,AI应用
20260911,sz300551,金融科技,AI应用
20260911,sz300553,低空经济,军工航天
20260911,sz300559,AI应用,AI应用
20260911,sz300560,算力,AI算力
20260911,sz300572,,
20260911,sz300589,军工,军工航天
20260911,sz300600,军工,军工航天
20260911,sz300611,机器人,机器人
20260911,sz300623,半导体,AI算力
20260911,sz300647,消费电子,AI算力
20260911,sz300662,,
20260911,sz300670,电网,新能源电网
20260911,sz300673,,
20260911,sz300677,医药,医药
20260911,sz300690,风电,新能源电网
20260911,sz300716,化工,周期资源
20260911,sz300719,军工,军工航天
20260911,sz300722,航天,军工航天
20260911,sz300727,化工,周期资源
20260911,sz300731,化工,周期资源
20260911,sz300739,PCB,AI算力
20260911,sz300741,化工,周期资源
20260911,sz300747,PCB,AI算力
20260911,sz300751,光伏,新能源电网
20260911,sz300752,消费电子,AI算力
20260911,sz300757,光通信,AI算力
20260911,sz300760,医药,医药
20260911,sz300761,,
20260911,sz300798,化工,周期资源
20260911,sz300806,消费电子,AI算力
20260911,sz300808,,
20260911,sz300810,军工,军工航天
20260911,sz300811,有色,周期资源
20260911,sz300816,算力,AI算力
20260911,sz300825,AI应用,AI应用
20260911,sz300829,化工,周期资源
20260911,sz300833,传媒,AI应用
20260911,sz300845,军工,军工航天
20260911,sz300850,风电,新能源电网
20260911,sz300855,有色,周期资源
20260911,sz300860,AI应用,AI应用
20260911,sz300864,,
20260911,sz300865,无人机,军工航天
20260911,sz300866,消费电子,AI算力
20260911,sz300867,电力,新能源电网
20260911,sz300875,军工,军工航天
20260911,sz300877,储能,新能源电网
20260911,sz300909,消费电子,AI算力
20260911,sz300913,智能驾驶,AI应用
20260911,sz300943,油气,周期资源
20260911,sz300950,氢能,新能源电网
20260911,sz300951,消费电子,AI算力
20260911,sz300967,,
20260911,sz300977,芯片,AI算力
20260911,sz300990,算力,AI算力
20260911,sz300998,机器人,机器人
20260911,sz300999,,
20260911,sz301003,化工,周期资源
20260911,sz301007,机器人,机器人
20260911,sz301016,储能,新能源电网
20260911,sz301025,传媒,AI应用
20260911,sz301035,化工,周期资源
20260911,sz301038,AI应用,AI应用
20260911,sz301041,军工,军工航天
20260911,sz301043,,
20260911,sz301046,机器人,机器人
20260911,sz301056,军工,军工航天
20260911,sz301058,机器人,机器人
20260911,sz301059,化工,周期资源
20260911,sz301072,,
20260911,sz301086,消费电子,AI算力
20260911,sz301087,医药,医药
20260911,sz301090,化工,周期资源
20260911,sz301108,,
20260911,sz301119,,
20260911,sz301122,医药,医药
20260911,sz301148,,
20260911,sz301149,化工,周期资源
20260911,sz301175,电力,新能源电网
20260911,sz301189,消费电子,AI算力
20260911,sz301212,化工,周期资源
20260911,sz301223,,
20260911,sz301252,机器人,机器人
20260911,sz301266,光伏,新能源电网
20260911,sz301281,医药,医药
20260911,sz301297,半导体,AI算力
20260911,sz301305,电力,新能源电网
20260911,sz301355,化工,周期资源
20260911,sz301359,,
20260911,sz301372,,
20260911,sz301376,AI应用,AI应用
20260911,sz301390,AI应用,AI应用
20260911,sz301398,低空经济,军工航天
20260911,sz301505,低空经济,军工航天
20260911,sz301511,储能,新能源电网
20260911,sz301533,电网,新能源电网
20260911,sz301539,机器人,机器人
20260911,sz302132,军工,军工航天
20260915,bj920001,,
20260915,bj920006,军工,军工航天
20260915,bj920021,传媒,AI应用
20260915,bj920035,算力,AI算力
20260915,bj920075,AI应用,AI应用
20260915,bj920083,化工,周期资源
20260915,bj920087,,
20260915,bj920090,AI应用,AI应用
20260915,bj920092,AI应用,AI应用
20260915,bj920117,储能,新能源电网
20260915,bj920122,,
20260915,bj920128,储能,新能源电网
20260915,bj920130,AI应用,AI应用
20260915,bj920161,化工,周期资源
20260915,bj920176,,
20260915,bj920178,消费电子,AI算力
20260915,bj920190,消费电子,AI算力
20260915,bj920193,电力,新能源电网
20260915,bj920211,机器人,机器人
20260915,bj920212,消费电子,AI算力
20260915,bj920221,减速器,机器人
20260915,bj920222,电网,新能源电网
20260915,bj920223,算力,AI算力
20260915,bj920249,储能,新能源电网
20260915,bj920268,医药,医药
20260915,bj920344,医药,医药
20260915,bj920357,消费电子,AI算力
20260915,bj920367,医药,医药
20260915,bj920371,,
20260915,bj920394,化工,周期资源
20260915,bj920469,化工,周期资源
20260915,bj920510,机器人,机器人
20260915,bj920580,储能,新能源电网
20260915,bj920592,AI应用,AI应用
20260915,bj920634,有色,周期资源
20260915,bj920662,算力,AI算力
20260915,bj920685,,
20260915,bj920699,消费电子,AI算力
20260915,bj920725,半导体,AI算力
20260915,bj920790,,
20260915,bj920821,光通信,AI算力
20260915,bj920855,,
20260915,bj920856,机器人,机器人
20260915,bj920857,消费电子,AI算力
20260915,bj920876,消费电子,AI算力
20260915,bj920895,,
20260915,bj920961,卫星,军工航天
20260915,sh600052,储能,新能源电网
20260915,sh600053,机器人,机器人
20260915,sh600059,,
20260915,sh600080,医药,医药
20260915,sh600082,,
20260915,sh600084,,
20260915,sh600088,传媒,AI应用
20260915,sh600095,,
20260915,sh600107,油气,周期资源
20260915,sh600108,,
20260915,sh600113,,
20260915,sh600119,,
20260915,sh600120,,
20260915,sh600127,,
20260915,sh600130,消费电子,AI算力
20260915,sh600162,算力,AI算力
20260915,sh600165,化工,周期资源
20260915,sh600172,新材料,周期资源
20260915,sh600178,低空经济,军工航天
20260915,sh600180,,
20260915,sh600182,,
20260915,sh600185,,
20260915,sh600187,储能,新能源电网
20260915,sh600191,,
20260915,sh600199,,
20260915,sh600206,半导体,AI算力
20260915,sh600227,化工,周期资源
20260915,sh600228,传媒,AI应用
20260915,sh600233,,
20260915,sh600237,,
20260915,sh600238,,
20260915,sh600239,,
20260915,sh600243,,
20260915,sh600246,算力,AI算力
20260915,sh600250,,
20260915,sh600251,电力,新能源电网
20260915,sh600257,,
20260915,sh600265,算力,AI算力
20260915,sh600266,航天,军工航天
20260915,sh600280,,
20260915,sh600289,AI应用,AI应用
20260915,sh600293,化工,周期资源
20260915,sh600302,,
20260915,sh600303,氢能,新能源电网
20260915,sh600313,,
20260915,sh600318,,
20260915,sh600322,,
20260915,sh600326,化工,周期资源
20260915,sh600327,,
20260915,sh600337,AI应用,AI应用
20260915,sh600340,低空经济,军工航天
20260915,sh600350,,
20260915,sh600353,军工,军工航天
20260915,sh600354,,
20260915,sh600359,医药,医药
20260915,sh600360,半导体,AI算力
20260915,sh600365,,
20260915,sh600367,储能,新能源电网
20260915,sh600370,化工,周期资源
20260915,sh600371,,
20260915,sh600375,氢能,新能源电网
20260915,sh600376,,
20260915,sh600381,医药,医药
20260915,sh600382,黑色,周期资源
20260915,sh600400,AI应用,AI应用
20260915,sh600410,AI应用,AI应用
20260915,sh600418,智能驾驶,AI应用
20260915,sh600419,,
20260915,sh600423,化工,周期资源
20260915,sh600429,,
20260915,sh600439,,
20260915,sh600459,有色,周期资源
20260915,sh600463,,
20260915,sh600476,算力,AI算力
20260915,sh600488,医药,医药
20260915,sh600491,,
20260915,sh600500,储能,新能源电网
20260915,sh600508,煤炭,周期资源
20260915,sh600509,电力,新能源电网
20260915,sh600510,元件,AI算力
20260915,sh600516,储能,新能源电网
20260915,sh600527,,
20260915,sh600530,,
20260915,sh600536,,
20260915,sh600537,光伏,新能源电网
20260915,sh600539,PCB,AI算力
20260915,sh600540,,
20260915,sh600543,,
20260915,sh600567,化工,周期资源
20260915,sh600568,医药,医药
20260915,sh600573,,
20260915,sh600576,低空经济,军工航天
20260915,sh600581,黑色,周期资源
20260915,sh600584,半导体,AI算力
20260915,sh600593,,
20260915,sh600595,有色,周期资源
20260915,sh600598,,
20260915,sh600603,,
20260915,sh600611,算力,AI算力
20260915,sh600624,医药,医药
20260915,sh600626,,
20260915,sh600629,消费电子,AI算力
20260915,sh600630,,
20260915,sh600637,传媒,AI应用
20260915,sh600654,消费电子,AI算力
20260915,sh600657,,
20260915,sh600661,,
20260915,sh600663,,
20260915,sh600665,,
20260915,sh600667,光伏,新能源电网
20260915,sh600673,算力,AI算力
20260915,sh600676,,
20260915,sh600678,化工,周期资源
20260915,sh600679,,
20260915,sh600682,,
20260915,sh600683,,
20260915,sh600689,,
20260915,sh600693,,
20260915,sh600697,,
20260915,sh600698,,
20260915,sh600702,,
20260915,sh600703,半导体,AI算力
20260915,sh600708,,
20260915,sh600712,,
20260915,sh600721,医药,医药
20260915,sh600724,,
20260915,sh600730,AI应用,AI应用
20260915,sh600733,储能,新能源电网
20260915,sh600734,算力,AI算力
20260915,sh600735,医药,医药
20260915,sh600737,,
20260915,sh600743,,
20260915,sh600745,半导体,AI算力
20260915,sh600746,化工,周期资源
20260915,sh600749,,
20260915,sh600753,,
20260915,sh600758,煤炭,周期资源
20260915,sh600759,油气,周期资源
20260915,sh600769,,
20260915,sh600770,半导体,AI算力
20260915,sh600777,油气,周期资源
20260915,sh600778,,
20260915,sh600779,,
20260915,sh600785,,
20260915,sh600791,,
20260915,sh600815,,
20260915,sh600818,,
20260915,sh600824,有色,周期资源
20260915,sh600828,,
20260915,sh600829,医药,医药
20260915,sh600830,,
20260915,sh600838,,
20260915,sh600844,化工,周期资源
20260915,sh600846,,
20260915,sh600847,电力,新能源电网
20260915,sh600857,有色,周期资源
20260915,sh600865,,
20260915,sh600881,医药,医药
20260915,sh600889,机器人,机器人
20260915,sh600892,传媒,AI应用
20260915,sh600903,油气,周期资源
20260915,sh600906,,
20260915,sh600909,,
20260915,sh600936,机器人,机器人
20260915,sh600965,,
20260915,sh600975,,
20260915,sh600980,机器人,机器人
20260915,sh600984,化工,周期资源
20260915,sh600985,煤炭,周期资源
20260915,sh601002,,
20260915,sh601003,黑色,周期资源
20260915,sh601010,,
20260915,sh601038,智能驾驶,AI应用
20260915,sh601066,,
20260915,sh601086,,
20260915,sh601101,煤炭,周期资源
20260915,sh601108,,
20260915,sh601116,,
20260915,sh601121,黑色,周期资源
20260915,sh601123,黑色,周期资源
20260915,sh601136,,
20260915,sh601155,,
20260915,sh601162,,
20260915,sh601177,核电,新能源电网
20260915,sh601199,,
20260915,sh601233,油气,周期资源
20260915,sh601336,,
20260915,sh601366,,
20260915,sh601368,,
20260915,sh601566,,
20260915,sh601579,,
20260915,sh601588,,
20260915,sh601616,电网,新能源电网
20260915,sh601666,煤炭,周期资源
20260915,sh601686,黑色,周期资源
20260915,sh601696,,
20260915,sh601699,煤炭,周期资源
20260915,sh601700,电网,新能源电网
20260915,sh601702,有色,周期资源
20260915,sh601718,军工,军工航天
20260915,sh601789,算力,AI算力
20260915,sh601798,油气,周期资源
20260915,sh601882,,
20260915,sh601886,光伏,新能源电网
20260915,sh601933,,
20260915,sh601952,,
20260915,sh601958,有色,周期资源
20260915,sh601996,,
20260915,sh601999,传媒,AI应用
20260915,sh603001,,
20260915,sh603005,半导体,AI算力
20260915,sh603007,智能驾驶,AI应用
20260915,sh603008,医药,医药
20260915,sh603020,化工,周期资源
20260915,sh603021,,
20260915,sh603023,智能驾驶,AI应用
20260915,sh603025,PCB,AI算力
20260915,sh603029,,
20260915,sh603031,储能,新能源电网
20260915,sh603032,储能,新能源电网
20260915,sh603036,油气,周期资源
20260915,sh603038,,
20260915,sh603039,AI应用,AI应用
20260915,sh603042,算力,AI算力
20260915,sh603048,,
20260915,sh603052,消费电子,AI算力
20260915,sh603057,,
20260915,sh603061,半导体,AI算力
20260915,sh603065,化工,周期资源
20260915,sh603067,储能,新能源电网
20260915,sh603068,芯片,AI算力
20260915,sh603071,电力,新能源电网
20260915,sh603075,半导体,AI算力
20260915,sh603076,,
20260915,sh603078,半导体,AI算力
20260915,sh603089,机器人,机器人
20260915,sh603093,,
20260915,sh603095,,
20260915,sh603102,,
20260915,sh603115,,
20260915,sh603118,算力,AI算力
20260915,sh603122,医药,医药
20260915,sh603124,有色,周期资源
20260915,sh603127,医药,医药
20260915,sh603135,机器人,机器人
20260915,sh603136,,
20260915,sh603137,,
20260915,sh603151,,
20260915,sh603156,,
20260915,sh603159,,
20260915,sh603161,氢能,新能源电网
20260915,sh603171,算力,AI算力
20260915,sh603177,储能,新能源电网
20260915,sh603180,,
20260915,sh603189,AI应用,AI应用
20260915,sh603191,电网,新能源电网
20260915,sh603193,,
20260915,sh603196,储能,新能源电网
20260915,sh603197,智能驾驶,AI应用
20260915,sh603201,,
20260915,sh603210,AI应用,AI应用
20260915,sh603216,AI应用,AI应用
20260915,sh603221,,
20260915,sh603222,医药,医药
20260915,sh603223,油气,周期资源
20260915,sh603226,,
20260915,sh603236,机器人,机器人
20260915,sh603237,,
20260915,sh603261,军工,军工航天
20260915,sh603267,军工,军工航天
20260915,sh603268,军工,军工航天
20260915,sh603269,算力,AI算力
20260915,sh603272,,
20260915,sh603277,,
20260915,sh603285,化工,周期资源
20260915,sh603289,,
20260915,sh603303,储能,新能源电网
20260915,sh603306,光通信,AI算力
20260915,sh603311,,
20260915,sh603313,,
20260915,sh603317,,
20260915,sh603318,油气,周期资源
20260915,sh603320,电力,新能源电网
20260915,sh603325,,
20260915,sh603329,,
20260915,sh603333,电力,新能源电网
20260915,sh603335,存储,AI算力
20260915,sh603338,机器人,机器人
20260915,sh603348,储能,新能源电网
20260915,sh603352,机器人,机器人
20260915,sh603353,油气,周期资源
20260915,sh603355,,
20260915,sh603356,光伏,新能源电网
20260915,sh603359,,
20260915,sh603360,化工,周期资源
20260915,sh603363,,
20260915,sh603366,光伏,新能源电网
20260915,sh603369,,
20260915,sh603377,,
20260915,sh603378,化工,周期资源
20260915,sh603382,化工,周期资源
20260915,sh603389,新材料,周期资源
20260915,sh603398,电力,新能源电网
20260915,sh603402,,
20260915,sh603406,化工,周期资源
20260915,sh603429,化工,周期资源
20260915,sh603435,储能,新能源电网
20260915,sh603466,AI应用,AI应用
20260915,sh603477,,
20260915,sh603489,电力,新能源电网
20260915,sh603500,,
20260915,sh603516,芯片,AI算力
20260915,sh603517,,
20260915,sh603519,半导体,AI算力
20260915,sh603527,有色,周期资源
20260915,sh603535,,
20260915,sh603538,医药,医药
20260915,sh603557,,
20260915,sh603559,低空经济,军工航天
20260915,sh603580,化工,周期资源
20260915,sh603595,消费电子,AI算力
20260915,sh603606,电网,新能源电网
20260915,sh603608,机器人,机器人
20260915,sh603615,,
20260915,sh603618,电网,新能源电网
20260915,sh603619,油气,周期资源
20260915,sh603629,消费电子,AI算力
20260915,sh603630,,
20260915,sh603637,氢能,新能源电网
20260915,sh603655,,
20260915,sh603657,,
20260915,sh603661,新材料,周期资源
20260915,sh603666,机器人,机器人
20260915,sh603668,,
20260915,sh603678,军工,军工航天
20260915,sh603682,,
20260915,sh603688,化工,周期资源
20260915,sh603696,,
20260915,sh603697,,
20260915,sh603708,,
20260915,sh603711,,
20260915,sh603713,,
20260915,sh603717,光伏,新能源电网
20260915,sh603718,医药,医药
20260915,sh603719,,
20260915,sh603721,传媒,AI应用
20260915,sh603722,化工,周期资源
20260915,sh603726,机器人,机器人
20260915,sh603727,油气,周期资源
20260915,sh603729,传媒,AI应用
20260915,sh603738,机器人,机器人
20260915,sh603739,化工,周期资源
20260915,sh603757,算力,AI算力
20260915,sh603759,储能,新能源电网
20260915,sh603773,消费电子,AI算力
20260915,sh603779,,
20260915,sh603789,智能驾驶,AI应用
20260915,sh603790,化工,周期资源
20260915,sh603797,,
20260915,sh603801,AI应用,AI应用
20260915,sh603808,,
20260915,sh603813,氢能,新能源电网
20260915,sh603815,,
20260915,sh603822,化工,周期资源
20260915,sh603828,,
20260915,sh603833,,
20260915,sh603838,,
20260915,sh603839,,
20260915,sh603843,储能,新能源电网
20260915,sh603848,,
20260915,sh603871,,
20260915,sh603877,,
20260915,sh603886,,
20260915,sh603903,芯片,AI算力
20260915,sh603919,,
20260915,sh603922,,
20260915,sh603933,机器人,机器人
20260915,sh603938,化工,周期资源
20260915,sh603955,,
20260915,sh603956,AI应用,AI应用
20260915,sh603959,储能,新能源电网
20260915,sh603969,核电,新能源电网
20260915,sh603976,医药,医药
20260915,sh603978,化工,周期资源
20260915,sh603983,,
20260915,sh603986,芯片,AI算力
20260915,sh603989,消费电子,AI算力
20260915,sh603991,半导体,AI算力
20260915,sh603992,机器人,机器人
20260915,sh603995,黑色,周期资源
20260915,sh603997,机器人,机器人
20260915,sh603999,传媒,AI应用
20260915,sh605016,化工,周期资源
20260915,sh605028,电力,新能源电网
20260915,sh605033,化工,周期资源
20260915,sh605077,化工,周期资源
20260915,sh605080,,
20260915,sh605089,,
20260915,sh605098,AI应用,AI应用
20260915,sh605099,,
20260915,sh605108,,
20260915,sh605151,,
20260915,sh605155,,
20260915,sh605158,有色,周期资源
20260915,sh605166,化工,周期资源
20260915,sh605169,油气,周期资源
20260915,sh605178,存储,AI算力
20260915,sh605179,,
20260915,sh605180,元件,AI算力
20260915,sh605188,,
20260915,sh605189,机器人,机器人
20260915,sh605198,,
20260915,sh605199,医药,医药
20260915,sh605218,医药,医药
20260915,sh605255,氢能,新能源电网
20260915,sh605277,消费电子,AI算力
20260915,sh605287,传媒,AI应用
20260915,sh605296,,
20260915,sh605298,,
20260915,sh605299,消费电子,AI算力
20260915,sh605300,,
20260915,sh605319,半导体,AI算力
20260915,sh605336,电网,新能源电网
20260915,sh605337,,
20260915,sh605339,,
20260915,sh605358,半导体,AI算力
20260915,sh605388,,
20260915,sh605499,,
20260915,sh605507,医药,医药
20260915,sh605580,电力,新能源电网
20260915,sh688004,传媒,AI应用
20260915,sh688152,航天,军工航天
20260915,sh688169,机器人,机器人
20260915,sh688172,半导体,AI算力
20260915,sh688209,芯片,AI算力
20260915,sh688244,军工,军工航天
20260915,sh688281,军工,军工航天
20260915,sh688328,消费电子,AI算力
20260915,sh688333,低空经济,军工航天
20260915,sh688335,氢能,新能源电网
20260915,sh688367,,
20260915,sh688371,消费电子,AI算力
20260915,sh688432,半导体,AI算力
20260915,sh688478,半导体,AI算力
20260915,sh688496,消费电子,AI算力
20260915,sh688584,半导体,AI算力
20260915,sh688610,机器人,机器人
20260915,sh688622,医药,医药
20260915,sh688720,半导体,AI算力
20260915,sh688790,芯片,AI算力
20260915,sz000006,,
20260915,sz000007,,
20260915,sz000008,,
20260915,sz000009,储能,新能源电网
20260915,sz000010,,
20260915,sz000011,,
20260915,sz000016,半导体,AI算力
20260915,sz000019,,
20260915,sz000020,,
20260915,sz000021,消费电子,AI算力
20260915,sz000025,有色,周期资源
20260915,sz000029,,
20260915,sz000031,,
20260915,sz000035,氢能,新能源电网
20260915,sz000036,,
20260915,sz000042,,
20260915,sz000048,机器人,机器人
20260915,sz000055,光伏,新能源电网
20260915,sz000056,半导体,AI算力
20260915,sz000062,半导体,AI算力
20260915,sz000065,光伏,新能源电网
20260915,sz000068,新材料,周期资源
20260915,sz000078,医药,医药
20260915,sz000090,光伏,新能源电网
20260915,sz000151,电力,新能源电网
20260915,sz000153,医药,医药
20260915,sz000158,算力,AI算力
20260915,sz000301,化工,周期资源
20260915,sz000417,有色,周期资源
20260915,sz000428,,
20260915,sz000488,化工,周期资源
20260915,sz000505,,
20260915,sz000509,,
20260915,sz000510,化工,周期资源
20260915,sz000517,,
20260915,sz000518,医药,医药
20260915,sz000520,航运,周期资源
20260915,sz000521,医药,医药
20260915,sz000523,,
20260915,sz000524,低空经济,军工航天
20260915,sz000526,AI应用,AI应用
20260915,sz000532,储能,新能源电网
20260915,sz000554,油气,周期资源
20260915,sz000558,传媒,AI应用
20260915,sz000560,AI应用,AI应用
20260915,sz000564,,
20260915,sz000567,,
20260915,sz000572,储能,新能源电网
20260915,sz000576,军工,军工航天
20260915,sz000592,,
20260915,sz000593,储能,新能源电网
20260915,sz000595,电力,新能源电网
20260915,sz000596,,
20260915,sz000601,电力,新能源电网
20260915,sz000608,算力,AI算力
20260915,sz000609,半导体,AI算力
20260915,sz000610,,
20260915,sz000620,算力,AI算力
20260915,sz000626,医药,医药
20260915,sz000632,,
20260915,sz000635,化工,周期资源
20260915,sz000639,,
20260915,sz000656,,
20260915,sz000659,,
20260915,sz000668,,
20260915,sz000669,油气,周期资源
20260915,sz000672,化工,周期资源
20260915,sz000676,传媒,AI应用
20260915,sz000677,化工,周期资源
20260915,sz000679,,
20260915,sz000692,电力,新能源电网
20260915,sz000698,化工,周期资源
20260915,sz000702,,
20260915,sz000711,,
20260915,sz000712,,
20260915,sz000713,化工,周期资源
20260915,sz000715,,
20260915,sz000716,储能,新能源电网
20260915,sz000718,,
20260915,sz000721,,
20260915,sz000722,电力,新能源电网
20260915,sz000735,,
20260915,sz000736,,
20260915,sz000757,消费电子,AI算力
20260915,sz000759,,
20260915,sz000776,,
20260915,sz000783,,
20260915,sz000791,电力,新能源电网
20260915,sz000793,传媒,AI应用
20260915,sz000796,金融科技,AI应用
20260915,sz000798,,
20260915,sz000802,传媒,AI应用
20260915,sz000803,电力,新能源电网
20260915,sz000809,风电,新能源电网
20260915,sz000811,氢能,新能源电网
20260915,sz000812,,
20260915,sz000815,算力,AI算力
20260915,sz000820,,
20260915,sz000821,光伏,新能源电网
20260915,sz000826,储能,新能源电网
20260915,sz000833,化工,周期资源
20260915,sz000838,,
20260915,sz000839,AI应用,AI应用
20260915,sz000852,油气,周期资源
20260915,sz000863,AI应用,AI应用
20260915,sz000868,氢能,新能源电网
20260915,sz000876,,
20260915,sz000882,,
20260915,sz000889,金融科技,AI应用
20260915,sz000890,,
20260915,sz000892,传媒,AI应用
20260915,sz000903,氢能,新能源电网
20260915,sz000908,医药,医药
20260915,sz000909,储能,新能源电网
20260915,sz000911,,
20260915,sz000921,,
20260915,sz000926,,
20260915,sz000928,氢能,新能源电网
20260915,sz000930,,
20260915,sz000935,创新药,医药
20260915,sz000951,智能驾驶,AI应用
20260915,sz000962,核电,新能源电网
20260915,sz000965,,
20260915,sz000972,医药,医药
20260915,sz000973,储能,新能源电网
20260915,sz000978,,
20260915,sz000980,智能驾驶,AI应用
20260915,sz000981,智能驾驶,AI应用
20260915,sz000987,电力,新能源电网
20260915,sz000995,,
20260915,sz000998,,
20260915,sz001206,,
20260915,sz001207,化工,周期资源
20260915,sz001211,,
20260915,sz001215,,
20260915,sz001221,,
20260915,sz001222,,
20260915,sz001225,,
20260915,sz001233,,
20260915,sz001237,,
20260915,sz001256,,
20260915,sz001259,,
20260915,sz001260,,
20260915,sz001267,光通信,AI算力
20260915,sz001279,化工,周期资源
20260915,sz001296,化工,周期资源
20260915,sz001300,,
20260915,sz001301,储能,新能源电网
20260915,sz001317,,
20260915,sz001318,,
20260915,sz001323,消费电子,AI算力
20260915,sz001328,医药,医药
20260915,sz001338,,
20260915,sz001359,储能,新能源电网
20260915,sz001366,,
20260915,sz001378,化工,周期资源
20260915,sz001387,PCB,AI算力
20260915,sz001388,电网,新能源电网
20260915,sz001395,,
20260915,sz001400,减速器,机器人
20260915,sz001896,电力,新能源电网
20260915,sz002005,,
20260915,sz002012,化工,周期资源
20260915,sz002014,,
20260915,sz002024,,
20260915,sz002030,医药,医药
20260915,sz002037,化工,周期资源
20260915,sz002040,航运,周期资源
20260915,sz002041,,
20260915,sz002042,电力,新能源电网
20260915,sz002045,消费电子,AI算力
20260915,sz002046,机器人,机器人
20260915,sz002051,算力,AI算力
20260915,sz002052,储能,新能源电网
20260915,sz002055,消费电子,AI算力
20260915,sz002056,光伏,新能源电网
20260915,sz002066,,
20260915,sz002067,化工,周期资源
20260915,sz002072,存储,AI算力
20260915,sz002076,储能,新能源电网
20260915,sz002082,医药,医药
20260915,sz002083,储能,新能源电网
20260915,sz002084,,
20260915,sz002088,储能,新能源电网
20260915,sz002098,金融科技,AI应用
20260915,sz002102,医药,医药
20260915,sz002109,化工,周期资源
20260915,sz002122,,
20260915,sz002124,,
20260915,sz002125,储能,新能源电网
20260915,sz002133,,
20260915,sz002138,消费电子,AI算力
20260915,sz002146,低空经济,军工航天
20260915,sz002156,半导体,AI算力
20260915,sz002159,,
20260915,sz002160,有色,周期资源
20260915,sz002162,机器人,机器人
20260915,sz002168,电网,新能源电网
20260915,sz002172,医药,医药
20260915,sz002175,芯片,AI算力
20260915,sz002180,芯片,AI算力
20260915,sz002185,半导体,AI算力
20260915,sz002190,军工,军工航天
20260915,sz002192,储能,新能源电网
20260915,sz002193,,
20260915,sz002198,医药,医药
20260915,sz002199,,
20260915,sz002200,,
20260915,sz002201,化工,周期资源
20260915,sz002207,油气,周期资源
20260915,sz002208,,
20260915,sz002209,机器人,机器人
20260915,sz002211,化工,周期资源
20260915,sz002212,AI应用,AI应用
20260915,sz002214,军工,军工航天
20260915,sz002217,PCB,AI算力
20260915,sz002225,氢能,新能源电网
20260915,sz002227,电力,新能源电网
20260915,sz002232,AI应用,AI应用
20260915,sz002243,新材料,周期资源
20260915,sz002244,储能,新能源电网
20260915,sz002245,储能,新能源电网
20260915,sz002248,芯片,AI算力
20260915,sz002250,化工,周期资源
20260915,sz002251,,
20260915,sz002253,军工,军工航天
20260915,sz002254,储能,新能源电网
20260915,sz002258,化工,周期资源
20260915,sz002264,传媒,AI应用
20260915,sz002274,化工,周期资源
20260915,sz002277,机器人,机器人
20260915,sz002279,AI应用,AI应用
20260915,sz002281,光通信,AI算力
20260915,sz002284,机器人,机器人
20260915,sz002285,,
20260915,sz002286,,
20260915,sz002289,算力,AI算力
20260915,sz002292,传媒,AI应用
20260915,sz002297,军工,军工航天
20260915,sz002298,算力,AI算力
20260915,sz002300,电力,新能源电网
20260915,sz002302,化工,周期资源
20260915,sz002303,消费电子,AI算力
20260915,sz002305,,
20260915,sz002306,光伏,新能源电网
20260915,sz002309,电网,新能源电网
20260915,sz002310,光伏,新能源电网
20260915,sz002314,储能,新能源电网
20260915,sz002322,电网,新能源电网
20260915,sz002323,电力,新能源电网
20260915,sz002329,光伏,新能源电网
20260915,sz002333,光伏,新能源电网
20260915,sz002346,储能,新能源电网
20260915,sz002348,算力,AI算力
20260915,sz002353,油气,周期资源
20260915,sz002356,氢能,新能源电网
20260915,sz002357,卫星,军工航天
20260915,sz002360,化工,周期资源
20260915,sz002362,机器人,机器人
20260915,sz002364,算力,AI算力
20260915,sz002365,医药,医药
20260915,sz002369,消费电子,AI算力
20260915,sz002374,,
20260915,sz002375,,
20260915,sz002377,油气,周期资源
20260915,sz002379,有色,周期资源
20260915,sz002384,消费电子,AI算力
20260915,sz002385,医药,医药
20260915,sz002396,光通信,AI算力
20260915,sz002397,,
20260915,sz002404,电力,新能源电网
20260915,sz002407,化工,周期资源
20260915,sz002409,半导体,AI算力
20260915,sz002414,军工,军工航天
20260915,sz002423,,
20260915,sz002424,医药,医药
20260915,sz002427,化工,周期资源
20260915,sz002431,,
20260915,sz002432,医药,医药
20260915,sz002436,消费电子,AI算力
20260915,sz002442,化工,周期资源
20260915,sz002445,电力,新能源电网
20260915,sz002454,低空经济,军工航天
20260915,sz002457,,
20260915,sz002458,,
20260915,sz002468,,
20260915,sz002471,电网,新能源电网
20260915,sz002483,船舶,军工航天
20260915,sz002484,军工,军工航天
20260915,sz002485,,
20260915,sz002490,油气,周期资源
20260915,sz002491,,
20260915,sz002496,化工,周期资源
20260915,sz002497,储能,新能源电网
20260915,sz002498,电网,新能源电网
20260915,sz002501,有色,周期资源
20260915,sz002512,算力,AI算力
20260915,sz002514,储能,新能源电网
20260915,sz002528,消费电子,AI算力
20260915,sz002529,新材料,周期资源
20260915,sz002531,风电,新能源电网
20260915,sz002536,氢能,新能源电网
20260915,sz002538,化工,周期资源
20260915,sz002542,传媒,AI应用
20260915,sz002543,,
20260915,sz002546,电力,新能源电网
20260915,sz002547,储能,新能源电网
20260915,sz002548,,
20260915,sz002552,PCB,AI算力
20260915,sz002564,核电,新能源电网
20260915,sz002568,,
20260915,sz002569,,
20260915,sz002570,AI应用,AI应用
20260915,sz002579,消费电子,AI算力
20260915,sz002581,医药,医药
20260915,sz002582,,
20260915,sz002586,传媒,AI应用
20260915,sz002592,消费电子,AI算力
20260915,sz002596,化工,周期资源
20260915,sz002597,化工,周期资源
20260915,sz002598,储能,新能源电网
20260915,sz002607,AI应用,AI应用
20260915,sz002612,,
20260915,sz002613,化工,周期资源
20260915,sz002615,消费电子,AI算力
20260915,sz002617,电力,新能源电网
20260915,sz002620,电力,新能源电网
20260915,sz002622,医药,医药
20260915,sz002626,,
20260915,sz002627,,
20260915,sz002629,油气,周期资源
20260915,sz002630,电力,新能源电网
20260915,sz002632,储能,新能源电网
20260915,sz002634,新材料,周期资源
20260915,sz002638,,
20260915,sz002640,消费电子,AI算力
20260915,sz002650,,
20260915,sz002656,,
20260915,sz002659,消费电子,AI算力
20260915,sz002661,,
20260915,sz002667,储能,新能源电网
20260915,sz002668,,
20260915,sz002670,,
20260915,sz002674,机器人,机器人
20260915,sz002677,AI应用,AI应用
20260915,sz002679,,
20260915,sz002682,氢能,新能源电网
20260915,sz002686,军工,军工航天
20260915,sz002687,,
20260915,sz002688,化工,周期资源
20260915,sz002689,机器人,机器人
20260915,sz002691,机器人,机器人
20260915,sz002693,医药,医药
20260915,sz002694,,
20260915,sz002696,,
20260915,sz002700,油气,周期资源
20260915,sz002702,,
20260915,sz002713,算力,AI算力
20260915,sz002717,消费电子,AI算力
20260915,sz002718,,
20260915,sz002719,,
20260915,sz002724,新材料,周期资源
20260915,sz002726,,
20260915,sz002731,储能,新能源电网
20260915,sz002735,低空经济,军工航天
20260915,sz002742,医药,医药
20260915,sz002743,,
20260915,sz002745,PCB,AI算力
20260915,sz002759,化工,周期资源
20260915,sz002762,,
20260915,sz002774,,
20260915,sz002775,,
20260915,sz002777,AI应用,AI应用
20260915,sz002786,消费电子,AI算力
20260915,sz002789,,
20260915,sz002790,,
20260915,sz002791,,
20260915,sz002800,,
20260915,sz002815,消费电子,AI算力
20260915,sz002816,PCB,AI算力
20260915,sz002819,医药,医药
20260915,sz002820,,
20260915,sz002821,医药,医药
20260915,sz002822,,
20260915,sz002824,有色,周期资源
20260915,sz002826,医药,医药
20260915,sz002827,化工,周期资源
20260915,sz002828,油气,周期资源
20260915,sz002829,航天,军工航天
20260915,sz002830,,
20260915,sz002840,,
20260915,sz002841,消费电子,AI算力
20260915,sz002845,消费电子,AI算力
20260915,sz002848,航天,军工航天
20260915,sz002851,储能,新能源电网
20260915,sz002852,,
20260915,sz002856,,
20260915,sz002860,光伏,新能源电网
20260915,sz002868,化工,周期资源
20260915,sz002871,算力,AI算力
20260915,sz002872,医药,医药
20260915,sz002875,,
20260915,sz002876,消费电子,AI算力
20260915,sz002879,电网,新能源电网
20260915,sz002883,低空经济,军工航天
20260915,sz002888,消费电子,AI算力
20260915,sz002891,,
20260915,sz002893,电力,新能源电网
20260915,sz002896,机器人,机器人
20260915,sz002907,医药,医药
20260915,sz002910,,
20260915,sz002912,AI应用,AI应用
20260915,sz002915,化工,周期资源
20260915,sz002916,消费电子,AI算力
20260915,sz002928,,
20260915,sz002929,算力,AI算力
20260915,sz002945,,
20260915,sz002949,AI应用,AI应用
20260915,sz002951,电力,新能源电网
20260915,sz002955,算力,AI算力
20260915,sz002956,,
20260915,sz002957,消费电子,AI算力
20260915,sz002960,机器人,机器人
20260915,sz002961,,
20260915,sz002969,,
20260915,sz002975,消费电子,AI算力
20260915,sz002977,军工,军工航天
20260915,sz002979,机器人,机器人
20260915,sz002980,储能,新能源电网
20260915,sz002982,,
20260915,sz002983,PCB,AI算力
20260915,sz002988,有色,周期资源
20260915,sz002998,化工,周期资源
20260915,sz003001,核电,新能源电网
20260915,sz003004,AI应用,AI应用
20260915,sz003005,AI应用,AI应用
20260915,sz003006,,
20260915,sz003010,,
20260915,sz003011,,
20260915,sz003018,算力,AI算力
20260915,sz003029,AI应用,AI应用
20260915,sz003030,,
20260915,sz003032,机器人,机器人
20260915,sz003036,机器人,机器人
20260915,sz003039,电力,新能源电网
20260915,sz003041,,
20260915,sz300020,算力,AI算力
20260915,sz300044,机器人,机器人
20260915,sz300068,储能,新能源电网
20260915,sz300069,电网,新能源电网
20260915,sz300085,AI应用,AI应用
20260915,sz300103,储能,新能源电网
20260915,sz300152,氢能,新能源电网
20260915,sz300163,化工,周期资源
20260915,sz300167,算力,AI算力
20260915,sz300169,消费电子,AI算力
20260915,sz300189,,
20260915,sz300197,,
20260915,sz300212,算力,AI算力
20260915,sz300214,算力,AI算力
20260915,sz300289,医药,医药
20260915,sz300311,AI应用,AI应用
20260915,sz300313,,
20260915,sz300321,化工,周期资源
20260915,sz300334,芯片,AI算力
20260915,sz300359,AI应用,AI应用
20260915,sz300385,,
20260915,sz300401,医药,医药
20260915,sz300456,半导体,AI算力
20260915,sz300469,AI应用,AI应用
20260915,sz300515,,
20260915,sz300540,氢能,新能源电网
20260915,sz300566,消费电子,AI算力
20260915,sz300598,智能驾驶,AI应用
20260915,sz300615,储能,新能源电网
20260915,sz300616,机器人,机器人
20260915,sz300626,电力,新能源电网
20260915,sz300642,医药,医药
20260915,sz300649,,
20260915,sz300684,消费电子,AI算力
20260915,sz300720,半导体,AI算力
20260915,sz300737,,
20260915,sz300740,,
20260915,sz300779,有色,周期资源
20260915,sz300834,化工,周期资源
20260915,sz300897,AI应用,AI应用
20260915,sz300929,氢能,新能源电网
20260915,sz300931,,
20260915,sz300959,,
20260915,sz300961,,
20260915,sz300964,光通信,AI算力
20260915,sz300970,,
20260915,sz300981,医药,医药
20260915,sz300985,氢能,新能源电网
20260915,sz300996,AI应用,AI应用
20260915,sz300997,,
20260915,sz301019,化工,周期资源
20260915,sz301030,光伏,新能源电网
20260915,sz301045,消费电子,AI算力
20260915,sz301081,,
20260915,sz301106,医药,医药
20260915,sz301115,光伏,新能源电网
20260915,sz301121,储能,新能源电网
20260915,sz301123,消费电子,AI算力
20260915,sz301139,储能,新能源电网
20260915,sz301151,算力,AI算力
20260915,sz301188,医药,医药
20260915,sz301193,,
20260915,sz301197,,
20260915,sz301227,,
20260915,sz301234,医药,医药
20260915,sz301251,消费电子,AI算力
20260915,sz301322,半导体,AI算力
20260915,sz301349,电力,新能源电网
20260915,sz301356,,
20260915,sz301379,低空经济,军工航天
20260915,sz301396,算力,AI算力
20260915,sz301449,储能,新能源电网
20260915,sz301520,创新药,医药
20260915,sz301565,储能,新能源电网
20260915,sz301583,半导体,AI算力
20260915,sz301599,储能,新能源电网
20260915,sz301607,半导体,AI算力
20260915,sz301630,半导体,AI算力
20260915,sz301667,储能,新能源电网
20260915,bj920305,,
20260915,sh600636,,
20260915,sh600696,,
20260915,sh605081,,
20260915,sz000004,,
20260915,sz002808,,
20260915,bj920008,军工,军工航天
20260915,bj920010,算力,AI算力
20260915,bj920016,化工,周期资源
20260915,bj920028,化工,周期资源
20260915,bj920045,光通信,AI算力
20260915,bj920060,消费电子,AI算力
20260915,bj920066,化工,周期资源
20260915,bj920119,储能,新能源电网
20260915,bj920125,PCB,AI算力
20260915,bj920169,航天,军工航天
20260915,bj920206,化工,周期资源
20260915,bj920225,化工,周期资源
20260915,bj920694,化工,周期资源
20260915,bj920718,,
20260915,bj920748,AI应用,AI应用
20260915,bj920976,,
20260915,sh600016,金融科技,AI应用
20260915,sh600017,航运,周期资源
20260915,sh600018,航运,周期资源
20260915,sh600027,电力,新能源电网
20260915,sh600035,,
20260915,sh600036,金融科技,AI应用
20260915,sh600039,储能,新能源电网
20260915,sh600060,AI应用,AI应用
20260915,sh600104,智能驾驶,AI应用
20260915,sh600150,军工,军工航天
20260915,sh600177,,
20260915,sh600210,储能,新能源电网
20260915,sh600256,煤炭,周期资源
20260915,sh600295,黑色,周期资源
20260915,sh600368,,
20260915,sh600377,,
20260915,sh600483,电力,新能源电网
20260915,sh600547,有色,周期资源
20260915,sh600566,医药,医药
20260915,sh600685,军工,军工航天
20260915,sh600710,光伏,新能源电网
20260915,sh600740,化工,周期资源
20260915,sh600780,电力,新能源电网
20260915,sh600795,电力,新能源电网
20260915,sh600803,氢能,新能源电网
20260915,sh600886,电力,新能源电网
20260915,sh600893,军工,军工航天
20260915,sh600908,,
20260915,sh600919,,
20260915,sh600926,,
20260915,sh601009,,
20260915,sh601018,航运,周期资源
20260915,sh601107,储能,新能源电网
20260915,sh601169,,
20260915,sh601216,化工,周期资源
20260915,sh601298,航运,周期资源
20260915,sh601318,,
20260915,sh601319,,
20260915,sh601326,航运,周期资源
20260915,sh601328,金融科技,AI应用
20260915,sh601333,,
20260915,sh601398,金融科技,AI应用
20260915,sh601512,储能,新能源电网
20260915,sh601555,,
20260915,sh601577,,
20260915,sh601601,,
20260915,sh601658,,
20260915,sh601665,,
20260915,sh601838,,
20260915,sh601988,金融科技,AI应用
20260915,sh601998,,
20260915,sh603000,AI应用,AI应用
20260915,sh603088,算力,AI算力
20260915,sh603209,航运,周期资源
20260915,sh603230,传媒,AI应用
20260915,sh603235,化工,周期资源
20260915,sh603257,有色,周期资源
20260915,sh603291,,
20260915,sh603323,,
20260915,sh603393,油气,周期资源
20260915,sh603408,,
20260915,sh603686,智能驾驶,AI应用
20260915,sh603766,储能,新能源电网
20260915,sh603889,,
20260915,sh605008,化工,周期资源
20260915,sh605183,化工,周期资源
20260915,sh605222,电力,新能源电网
20260915,sh688022,储能,新能源电网
20260915,sh688023,AI应用,AI应用
20260915,sh688026,医药,医药
20260915,sh688028,机器人,机器人
20260915,sh688029,医药,医药
20260915,sh688033,低空经济,军工航天
20260915,sh688053,军工,军工航天
20260915,sh688061,芯片,AI算力
20260915,sh688069,氢能,新能源电网
20260915,sh688078,机器人,机器人
20260915,sh688089,化工,周期资源
20260915,sh688132,军工,军工航天
20260915,sh688135,半导体,AI算力
20260915,sh688139,医药,医药
20260915,sh688156,,
20260915,sh688170,消费电子,AI算力
20260915,sh688203,化工,周期资源
20260915,sh688205,光通信,AI算力
20260915,sh688225,卫星,军工航天
20260915,sh688239,航天,军工航天
20260915,sh688455,智能驾驶,AI应用
20260915,sh688458,半导体,AI算力
20260915,sh688519,消费电子,AI算力
20260915,sh688536,芯片,AI算力
20260915,sh688543,军工,军工航天
20260915,sh688552,军工,军工航天
20260915,sh688561,AI应用,AI应用
20260915,sh688563,军工,军工航天
20260915,sh688581,医药,医药
20260915,sh688601,芯片,AI算力
20260915,sh688617,医药,医药
20260915,sh688621,医药,医药
20260915,sh688625,化工,周期资源
20260915,sh688656,医药,医药
20260915,sh688660,风电,新能源电网
20260915,sh688670,医药,医药
20260915,sh688678,消费电子,AI算力
20260915,sh688686,储能,新能源电网
20260915,sh688696,,
20260915,sh688700,PCB,AI算力
20260915,sh688785,电力,新能源电网
20260915,sh688799,医药,医药
20260915,sz000001,金融科技,AI应用
20260915,sz000045,,
20260915,sz000550,智能驾驶,AI应用
20260915,sz000690,电力,新能源电网
20260915,sz000728,,
20260915,sz000731,化工,周期资源
20260915,sz000738,军工,军工航天
20260915,sz000906,储能,新能源电网
20260915,sz001201,,
20260915,sz001228,,
20260915,sz001368,医药,医药
20260915,sz001380,机器人,机器人
20260915,sz001965,光伏,新能源电网
20260915,sz002003,,
20260915,sz002026,储能,新能源电网
20260915,sz002100,医药,医药
20260915,sz002142,,
20260915,sz002171,有色,周期资源
20260915,sz002394,AI应用,AI应用
20260915,sz002443,油气,周期资源
20260915,sz002492,,
20260915,sz002561,,
20260915,sz002574,光伏,新能源电网
20260915,sz002614,医药,医药
20260915,sz002714,,
20260915,sz002746,,
20260915,sz002807,,
20260915,sz002905,传媒,AI应用
20260915,sz002948,金融科技,AI应用
20260915,sz002966,,
20260915,sz003002,化工,周期资源
20260915,sz003816,电力,新能源电网
20260915,sz300010,AI应用,AI应用
20260915,sz300025,算力,AI算力
20260915,sz300027,传媒,AI应用
20260915,sz300037,储能,新能源电网
20260915,sz300049,医药,医药
20260915,sz300079,金融科技,AI应用
20260915,sz300081,传媒,AI应用
20260915,sz300095,机器人,机器人
20260915,sz300151,半导体,AI算力
20260915,sz300154,机器人,机器人
20260915,sz300192,芯片,AI算力
20260915,sz300237,储能,新能源电网
20260915,sz300245,算力,AI算力
20260915,sz300252,军工,军工航天
20260915,sz300290,算力,AI算力
20260915,sz300292,智能驾驶,AI应用
20260915,sz300300,算力,AI算力
20260915,sz300352,AI应用,AI应用
20260915,sz300366,算力,AI算力
20260915,sz300399,算力,AI算力
20260915,sz300400,消费电子,AI算力
20260915,sz300410,储能,新能源电网
20260915,sz300430,医药,医药
20260915,sz300464,消费电子,AI算力
20260915,sz300468,金融科技,AI应用
20260915,sz300473,氢能,新能源电网
20260915,sz300497,医药,医药
20260915,sz300498,消费电子,AI算力
20260915,sz300499,储能,新能源电网
20260915,sz300504,消费电子,AI算力
20260915,sz300517,,
20260915,sz300523,机器人,机器人
20260915,sz300527,军工,军工航天
20260915,sz300550,AI应用,AI应用
20260915,sz300551,金融科技,AI应用
20260915,sz300553,低空经济,军工航天
20260915,sz300559,AI应用,AI应用
20260915,sz300568,储能,新能源电网
20260915,sz300569,风电,新能源电网
20260915,sz300572,,
20260915,sz300579,AI应用,AI应用
20260915,sz300611,机器人,机器人
20260915,sz300647,消费电子,AI算力
20260915,sz300659,军工,军工航天
20260915,sz300674,AI应用,AI应用
20260915,sz300677,医药,医药
20260915,sz300690,风电,新能源电网
20260915,sz300708,半导体,AI算力
20260915,sz300716,化工,周期资源
20260915,sz300727,化工,周期资源
20260915,sz300731,化工,周期资源
20260915,sz300736,消费电子,AI算力
20260915,sz300739,芯片,AI算力
20260915,sz300741,化工,周期资源
20260915,sz300747,PCB,AI算力
20260915,sz300752,消费电子,AI算力
20260915,sz300757,光通信,AI算力
20260915,sz300760,医药,医药
20260915,sz300761,,
20260915,sz300798,化工,周期资源
20260915,sz300806,消费电子,AI算力
20260915,sz300816,算力,AI算力
20260915,sz300820,储能,新能源电网
20260915,sz300825,AI应用,AI应用
20260915,sz300829,化工,周期资源
20260915,sz300833,传媒,AI应用
20260915,sz300845,军工,军工航天
20260915,sz300850,风电,新能源电网
20260915,sz300855,有色,周期资源
20260915,sz300864,,
20260915,sz300865,无人机,军工航天
20260915,sz300866,消费电子,AI算力
20260915,sz300913,智能驾驶,AI应用
20260915,sz300951,消费电子,AI算力
20260915,sz300977,半导体,AI算力
20260915,sz300990,算力,AI算力
20260915,sz300991,有色,周期资源
20260915,sz300998,机器人,机器人
20260915,sz301007,机器人,机器人
20260915,sz301016,储能,新能源电网
20260915,sz301041,军工,军工航天
20260915,sz301043,,
20260915,sz301046,机器人,机器人
20260915,sz301056,军工,军工航天
20260915,sz301059,化工,周期资源
20260915,sz301061,,
20260915,sz301075,医药,医药
20260915,sz301086,消费电子,AI算力
20260915,sz301108,,
20260915,sz301119,,
20260915,sz301122,医药,医药
20260915,sz301148,,
20260915,sz301149,化工,周期资源
20260915,sz301183,智能驾驶,AI应用
20260915,sz301189,消费电子,AI算力
20260915,sz301212,化工,周期资源
20260915,sz301220,化工,周期资源
20260915,sz301266,光伏,新能源电网
20260915,sz301281,医药,医药
20260915,sz301297,半导体,AI算力
20260915,sz301355,化工,周期资源
20260915,sz301372,,
20260915,sz301376,AI应用,AI应用
20260915,sz301390,AI应用,AI应用
20260915,sz301398,低空经济,军工航天
20260915,sz301456,风电,新能源电网
20260915,sz301500,电力,新能源电网
20260915,sz301505,低空经济,军工航天
20260915,sz301511,储能,新能源电网
20260915,sz301555,化工,周期资源
20260916,bj920001,,
20260916,bj920006,军工,军工航天
20260916,bj920021,传媒,AI应用
20260916,bj920035,算力,AI算力
20260916,bj920075,AI应用,AI应用
20260916,bj920083,化工,周期资源
20260916,bj920087,,
20260916,bj920090,AI应用,AI应用
20260916,bj920092,AI应用,AI应用
20260916,bj920117,储能,新能源电网
20260916,bj920122,,
20260916,bj920128,储能,新能源电网
20260916,bj920130,AI应用,AI应用
20260916,bj920161,化工,周期资源
20260916,bj920176,,
20260916,bj920178,消费电子,AI算力
20260916,bj920190,消费电子,AI算力
20260916,bj920193,电力,新能源电网
20260916,bj920211,机器人,机器人
20260916,bj920212,消费电子,AI算力
20260916,bj920221,减速器,机器人
20260916,bj920222,电网,新能源电网
20260916,bj920223,算力,AI算力
20260916,bj920249,储能,新能源电网
20260916,bj920268,医药,医药
20260916,bj920344,医药,医药
20260916,bj920357,消费电子,AI算力
20260916,bj920367,医药,医药
20260916,bj920371,,
20260916,bj920394,化工,周期资源
20260916,bj920469,化工,周期资源
20260916,bj920510,机器人,机器人
20260916,bj920580,储能,新能源电网
20260916,bj920592,AI应用,AI应用
20260916,bj920634,有色,周期资源
20260916,bj920662,算力,AI算力
20260916,bj920685,,
20260916,bj920699,消费电子,AI算力
20260916,bj920725,半导体,AI算力
20260916,bj920790,,
20260916,bj920821,光通信,AI算力
20260916,bj920855,,
20260916,bj920856,机器人,机器人
20260916,bj920857,消费电子,AI算力
20260916,bj920876,消费电子,AI算力
20260916,bj920895,,
20260916,bj920961,卫星,军工航天
20260916,sh600052,储能,新能源电网
20260916,sh600053,机器人,机器人
20260916,sh600059,,
20260916,sh600080,医药,医药
20260916,sh600082,,
20260916,sh600084,,
20260916,sh600088,传媒,AI应用
20260916,sh600095,,
20260916,sh600107,油气,周期资源
20260916,sh600108,,
20260916,sh600113,,
20260916,sh600119,,
20260916,sh600120,,
20260916,sh600127,,
20260916,sh600130,消费电子,AI算力
20260916,sh600162,算力,AI算力
20260916,sh600165,化工,周期资源
20260916,sh600172,新材料,周期资源
20260916,sh600178,低空经济,军工航天
20260916,sh600180,,
20260916,sh600182,,
20260916,sh600185,,
20260916,sh600187,储能,新能源电网
20260916,sh600191,,
20260916,sh600199,,
20260916,sh600206,半导体,AI算力
20260916,sh600227,化工,周期资源
20260916,sh600228,传媒,AI应用
20260916,sh600233,,
20260916,sh600237,,
20260916,sh600238,,
20260916,sh600239,,
20260916,sh600243,,
20260916,sh600246,算力,AI算力
20260916,sh600250,,
20260916,sh600251,电力,新能源电网
20260916,sh600257,,
20260916,sh600265,算力,AI算力
20260916,sh600266,航天,军工航天
20260916,sh600280,,
20260916,sh600289,AI应用,AI应用
20260916,sh600293,化工,周期资源
20260916,sh600302,,
20260916,sh600303,氢能,新能源电网
20260916,sh600313,,
20260916,sh600318,,
20260916,sh600322,,
20260916,sh600326,化工,周期资源
20260916,sh600327,,
20260916,sh600337,AI应用,AI应用
20260916,sh600340,低空经济,军工航天
20260916,sh600350,,
20260916,sh600353,军工,军工航天
20260916,sh600354,,
20260916,sh600359,医药,医药
20260916,sh600360,半导体,AI算力
20260916,sh600365,,
20260916,sh600367,储能,新能源电网
20260916,sh600370,化工,周期资源
20260916,sh600371,,
20260916,sh600375,氢能,新能源电网
20260916,sh600376,,
20260916,sh600381,医药,医药
20260916,sh600382,黑色,周期资源
20260916,sh600400,AI应用,AI应用
20260916,sh600410,算力,AI算力
20260916,sh600418,智能驾驶,AI应用
20260916,sh600419,,
20260916,sh600423,化工,周期资源
20260916,sh600429,,
20260916,sh600439,,
20260916,sh600459,有色,周期资源
20260916,sh600463,,
20260916,sh600476,算力,AI算力
20260916,sh600488,医药,医药
20260916,sh600491,,
20260916,sh600500,储能,新能源电网
20260916,sh600508,煤炭,周期资源
20260916,sh600509,电力,新能源电网
20260916,sh600510,元件,AI算力
20260916,sh600516,储能,新能源电网
20260916,sh600527,,
20260916,sh600530,,
20260916,sh600536,,
20260916,sh600537,光伏,新能源电网
20260916,sh600539,PCB,AI算力
20260916,sh600540,,
20260916,sh600543,,
20260916,sh600567,化工,周期资源
20260916,sh600568,医药,医药
20260916,sh600573,,
20260916,sh600576,低空经济,军工航天
20260916,sh600581,黑色,周期资源
20260916,sh600584,半导体,AI算力
20260916,sh600593,,
20260916,sh600595,有色,周期资源
20260916,sh600598,,
20260916,sh600603,,
20260916,sh600611,算力,AI算力
20260916,sh600616,,
20260916,sh600624,医药,医药
20260916,sh600626,,
20260916,sh600629,消费电子,AI算力
20260916,sh600630,,
20260916,sh600637,传媒,AI应用
20260916,sh600644,电力,新能源电网
20260916,sh600654,消费电子,AI算力
20260916,sh600657,,
20260916,sh600661,,
20260916,sh600663,,
20260916,sh600665,,
20260916,sh600667,光伏,新能源电网
20260916,sh600673,算力,AI算力
20260916,sh600676,,
20260916,sh600678,化工,周期资源
20260916,sh600679,,
20260916,sh600682,,
20260916,sh600689,,
20260916,sh600693,,
20260916,sh600697,,
20260916,sh600698,,
20260916,sh600702,,
20260916,sh600703,半导体,AI算力
20260916,sh600708,,
20260916,sh600712,,
20260916,sh600721,医药,医药
20260916,sh600724,,
20260916,sh600730,AI应用,AI应用
20260916,sh600733,储能,新能源电网
20260916,sh600734,算力,AI算力
20260916,sh600735,医药,医药
20260916,sh600737,,
20260916,sh600743,,
20260916,sh600745,半导体,AI算力
20260916,sh600746,化工,周期资源
20260916,sh600749,,
20260916,sh600753,,
20260916,sh600758,煤炭,周期资源
20260916,sh600759,油气,周期资源
20260916,sh600769,,
20260916,sh600770,半导体,AI算力
20260916,sh600777,油气,周期资源
20260916,sh600778,,
20260916,sh600779,,
20260916,sh600785,,
20260916,sh600791,,
20260916,sh600815,,
20260916,sh600818,,
20260916,sh600824,有色,周期资源
20260916,sh600828,,
20260916,sh600829,医药,医药
20260916,sh600830,,
20260916,sh600838,,
20260916,sh600844,化工,周期资源
20260916,sh600846,,
20260916,sh600847,电力,新能源电网
20260916,sh600857,有色,周期资源
20260916,sh600865,,
20260916,sh600881,医药,医药
20260916,sh600889,机器人,机器人
20260916,sh600892,传媒,AI应用
20260916,sh600903,油气,周期资源
20260916,sh600906,,
20260916,sh600909,,
20260916,sh600936,机器人,机器人
20260916,sh600965,,
20260916,sh600975,,
20260916,sh600980,机器人,机器人
20260916,sh600984,化工,周期资源
20260916,sh600985,煤炭,周期资源
20260916,sh601002,,
20260916,sh601003,黑色,周期资源
20260916,sh601010,,
20260916,sh601038,智能驾驶,AI应用
20260916,sh601066,,
20260916,sh601086,,
20260916,sh601101,煤炭,周期资源
20260916,sh601108,,
20260916,sh601116,,
20260916,sh601121,黑色,周期资源
20260916,sh601123,黑色,周期资源
20260916,sh601136,,
20260916,sh601155,,
20260916,sh601162,,
20260916,sh601177,核电,新能源电网
20260916,sh601199,,
20260916,sh601233,油气,周期资源
20260916,sh601336,,
20260916,sh601366,,
20260916,sh601368,,
20260916,sh601566,,
20260916,sh601579,,
20260916,sh601588,,
20260916,sh601616,电网,新能源电网
20260916,sh601666,煤炭,周期资源
20260916,sh601686,黑色,周期资源
20260916,sh601696,,
20260916,sh601699,煤炭,周期资源
20260916,sh601700,电网,新能源电网
20260916,sh601702,有色,周期资源
20260916,sh601718,军工,军工航天
20260916,sh601789,算力,AI算力
20260916,sh601798,油气,周期资源
20260916,sh601882,,
20260916,sh601886,光伏,新能源电网
20260916,sh601933,,
20260916,sh601952,,
20260916,sh601958,有色,周期资源
20260916,sh601996,,
20260916,sh601999,传媒,AI应用
20260916,sh603001,,
20260916,sh603005,半导体,AI算力
20260916,sh603008,医药,医药
20260916,sh603020,化工,周期资源
20260916,sh603021,,
20260916,sh603023,智能驾驶,AI应用
20260916,sh603025,PCB,AI算力
20260916,sh603029,,
20260916,sh603031,储能,新能源电网
20260916,sh603032,储能,新能源电网
20260916,sh603036,油气,周期资源
20260916,sh603038,,
20260916,sh603039,AI应用,AI应用
20260916,sh603042,算力,AI算力
20260916,sh603048,,
20260916,sh603052,消费电子,AI算力
20260916,sh603057,,
20260916,sh603061,半导体,AI算力
20260916,sh603065,化工,周期资源
20260916,sh603067,储能,新能源电网
20260916,sh603068,芯片,AI算力
20260916,sh603071,电力,新能源电网
20260916,sh603075,半导体,AI算力
20260916,sh603076,,
20260916,sh603078,半导体,AI算力
20260916,sh603089,机器人,机器人
20260916,sh603093,,
20260916,sh603095,,
20260916,sh603102,,
20260916,sh603115,,
20260916,sh603118,算力,AI算力
20260916,sh603122,医药,医药
20260916,sh603124,有色,周期资源
20260916,sh603127,医药,医药
20260916,sh603135,机器人,机器人
20260916,sh603136,,
20260916,sh603137,,
20260916,sh603151,,
20260916,sh603156,,
20260916,sh603159,,
20260916,sh603161,氢能,新能源电网
20260916,sh603171,算力,AI算力
20260916,sh603177,储能,新能源电网
20260916,sh603180,,
20260916,sh603189,AI应用,AI应用
20260916,sh603191,电网,新能源电网
20260916,sh603193,,
20260916,sh603196,储能,新能源电网
20260916,sh603197,智能驾驶,AI应用
20260916,sh603201,,
20260916,sh603210,AI应用,AI应用
20260916,sh603216,AI应用,AI应用
20260916,sh603221,,
20260916,sh603222,医药,医药
20260916,sh603223,油气,周期资源
20260916,sh603226,,
20260916,sh603236,机器人,机器人
20260916,sh603237,,
20260916,sh603261,军工,军工航天
20260916,sh603267,军工,军工航天
20260916,sh603268,军工,军工航天
20260916,sh603269,算力,AI算力
20260916,sh603272,,
20260916,sh603277,,
20260916,sh603285,化工,周期资源
20260916,sh603289,,
20260916,sh603303,储能,新能源电网
20260916,sh603306,光通信,AI算力
20260916,sh603311,,
20260916,sh603313,,
20260916,sh603317,,
20260916,sh603318,油气,周期资源
20260916,sh603325,,
20260916,sh603329,,
20260916,sh603333,电力,新能源电网
20260916,sh603335,存储,AI算力
20260916,sh603338,机器人,机器人
20260916,sh603348,储能,新能源电网
20260916,sh603352,机器人,机器人
20260916,sh603353,油气,周期资源
20260916,sh603355,,
20260916,sh603356,光伏,新能源电网
20260916,sh603359,,
20260916,sh603360,化工,周期资源
20260916,sh603363,,
20260916,sh603366,光伏,新能源电网
20260916,sh603369,,
20260916,sh603377,,
20260916,sh603378,化工,周期资源
20260916,sh603382,化工,周期资源
20260916,sh603389,新材料,周期资源
20260916,sh603398,电力,新能源电网
20260916,sh603402,,
20260916,sh603406,化工,周期资源
20260916,sh603429,化工,周期资源
20260916,sh603435,储能,新能源电网
20260916,sh603466,AI应用,AI应用
20260916,sh603477,,
20260916,sh603489,电力,新能源电网
20260916,sh603500,,
20260916,sh603516,芯片,AI算力
20260916,sh603517,,
20260916,sh603519,半导体,AI算力
20260916,sh603527,有色,周期资源
20260916,sh603535,,
20260916,sh603538,医药,医药
20260916,sh603557,,
20260916,sh603559,低空经济,军工航天
20260916,sh603580,化工,周期资源
20260916,sh603595,消费电子,AI算力
20260916,sh603606,电网,新能源电网
20260916,sh603608,机器人,机器人
20260916,sh603615,,
20260916,sh603618,电网,新能源电网
20260916,sh603619,油气,周期资源
20260916,sh603629,消费电子,AI算力
20260916,sh603630,,
20260916,sh603637,氢能,新能源电网
20260916,sh603655,,
20260916,sh603657,,
20260916,sh603661,新材料,周期资源
20260916,sh603666,机器人,机器人
20260916,sh603668,,
20260916,sh603678,军工,军工航天
20260916,sh603682,,
20260916,sh603688,化工,周期资源
20260916,sh603696,,
20260916,sh603697,,
20260916,sh603708,,
20260916,sh603711,,
20260916,sh603713,,
20260916,sh603717,光伏,新能源电网
20260916,sh603718,医药,医药
20260916,sh603719,,
20260916,sh603721,传媒,AI应用
20260916,sh603722,化工,周期资源
20260916,sh603726,机器人,机器人
20260916,sh603727,油气,周期资源
20260916,sh603729,传媒,AI应用
20260916,sh603738,机器人,机器人
20260916,sh603739,化工,周期资源
20260916,sh603757,算力,AI算力
20260916,sh603759,储能,新能源电网
20260916,sh603773,消费电子,AI算力
20260916,sh603779,,
20260916,sh603789,智能驾驶,AI应用
20260916,sh603790,化工,周期资源
20260916,sh603797,,
20260916,sh603801,AI应用,AI应用
20260916,sh603808,,
20260916,sh603813,氢能,新能源电网
20260916,sh603815,,
20260916,sh603822,化工,周期资源
20260916,sh603828,,
20260916,sh603833,,
20260916,sh603838,,
20260916,sh603839,,
20260916,sh603843,储能,新能源电网
20260916,sh603848,,
20260916,sh603871,,
20260916,sh603877,,
20260916,sh603886,,
20260916,sh603903,芯片,AI算力
20260916,sh603919,,
20260916,sh603922,,
20260916,sh603933,机器人,机器人
20260916,sh603938,化工,周期资源
20260916,sh603955,,
20260916,sh603956,AI应用,AI应用
20260916,sh603959,储能,新能源电网
20260916,sh603969,核电,新能源电网
20260916,sh603976,医药,医药
20260916,sh603978,化工,周期资源
20260916,sh603983,,
20260916,sh603986,芯片,AI算力
20260916,sh603989,消费电子,AI算力
20260916,sh603991,半导体,AI算力
20260916,sh603992,机器人,机器人
20260916,sh603995,黑色,周期资源
20260916,sh603997,机器人,机器人
20260916,sh603999,传媒,AI应用
20260916,sh605016,化工,周期资源
20260916,sh605028,电力,新能源电网
20260916,sh605033,化工,周期资源
20260916,sh605077,化工,周期资源
20260916,sh605080,,
20260916,sh605089,,
20260916,sh605098,AI应用,AI应用
20260916,sh605099,,
20260916,sh605108,,
20260916,sh605151,,
20260916,sh605155,,
20260916,sh605158,有色,周期资源
20260916,sh605166,化工,周期资源
20260916,sh605169,油气,周期资源
20260916,sh605178,存储,AI算力
20260916,sh605179,,
20260916,sh605180,元件,AI算力
20260916,sh605188,,
20260916,sh605189,机器人,机器人
20260916,sh605198,,
20260916,sh605199,医药,医药
20260916,sh605218,医药,医药
20260916,sh605255,氢能,新能源电网
20260916,sh605277,消费电子,AI算力
20260916,sh605287,传媒,AI应用
20260916,sh605296,,
20260916,sh605298,,
20260916,sh605299,消费电子,AI算力
20260916,sh605300,,
20260916,sh605319,半导体,AI算力
20260916,sh605336,电网,新能源电网
20260916,sh605337,,
20260916,sh605339,,
20260916,sh605358,半导体,AI算力
20260916,sh605388,,
20260916,sh605499,,
20260916,sh605507,医药,医药
20260916,sh605580,电力,新能源电网
20260916,sh688004,传媒,AI应用
20260916,sh688152,航天,军工航天
20260916,sh688169,机器人,机器人
20260916,sh688172,半导体,AI算力
20260916,sh688209,芯片,AI算力
20260916,sh688244,军工,军工航天
20260916,sh688281,军工,军工航天
20260916,sh688328,消费电子,AI算力
20260916,sh688333,低空经济,军工航天
20260916,sh688335,氢能,新能源电网
20260916,sh688367,,
20260916,sh688371,消费电子,AI算力
20260916,sh688432,半导体,AI算力
20260916,sh688478,半导体,AI算力
20260916,sh688496,消费电子,AI算力
20260916,sh688584,半导体,AI算力
20260916,sh688610,机器人,机器人
20260916,sh688622,医药,医药
20260916,sh688720,半导体,AI算力
20260916,sh688790,芯片,AI算力
20260916,sz000006,,
20260916,sz000007,,
20260916,sz000008,,
20260916,sz000009,储能,新能源电网
20260916,sz000010,,
20260916,sz000011,,
20260916,sz000016,半导体,AI算力
20260916,sz000019,,
20260916,sz000020,,
20260916,sz000021,消费电子,AI算力
20260916,sz000025,有色,周期资源
20260916,sz000029,,
20260916,sz000031,,
20260916,sz000035,氢能,新能源电网
20260916,sz000036,,
20260916,sz000042,,
20260916,sz000048,机器人,机器人
20260916,sz000055,光伏,新能源电网
20260916,sz000056,半导体,AI算力
20260916,sz000062,半导体,AI算力
20260916,sz000065,光伏,新能源电网
20260916,sz000068,新材料,周期资源
20260916,sz000078,医药,医药
20260916,sz000090,光伏,新能源电网
20260916,sz000151,电力,新能源电网
20260916,sz000153,医药,医药
20260916,sz000158,算力,AI算力
20260916,sz000301,化工,周期资源
20260916,sz000417,有色,周期资源
20260916,sz000428,,
20260916,sz000488,化工,周期资源
20260916,sz000505,,
20260916,sz000509,,
20260916,sz000510,化工,周期资源
20260916,sz000517,,
20260916,sz000518,医药,医药
20260916,sz000520,航运,周期资源
20260916,sz000521,医药,医药
20260916,sz000523,,
20260916,sz000524,低空经济,军工航天
20260916,sz000526,AI应用,AI应用
20260916,sz000532,储能,新能源电网
20260916,sz000554,油气,周期资源
20260916,sz000558,传媒,AI应用
20260916,sz000560,AI应用,AI应用
20260916,sz000564,,
20260916,sz000567,,
20260916,sz000572,储能,新能源电网
20260916,sz000576,军工,军工航天
20260916,sz000592,,
20260916,sz000593,储能,新能源电网
20260916,sz000595,电力,新能源电网
20260916,sz000596,,
20260916,sz000601,电力,新能源电网
20260916,sz000608,算力,AI算力
20260916,sz000609,半导体,AI算力
20260916,sz000610,,
20260916,sz000620,存储,AI算力
20260916,sz000626,医药,医药
20260916,sz000632,,
20260916,sz000635,化工,周期资源
20260916,sz000639,,
20260916,sz000656,,
20260916,sz000659,,
20260916,sz000668,,
20260916,sz000669,油气,周期资源
20260916,sz000672,化工,周期资源
20260916,sz000676,传媒,AI应用
20260916,sz000677,化工,周期资源
20260916,sz000679,,
20260916,sz000692,电力,新能源电网
20260916,sz000698,化工,周期资源
20260916,sz000702,,
20260916,sz000711,,
20260916,sz000712,,
20260916,sz000713,化工,周期资源
20260916,sz000715,,
20260916,sz000716,储能,新能源电网
20260916,sz000718,,
20260916,sz000721,,
20260916,sz000722,电力,新能源电网
20260916,sz000735,,
20260916,sz000736,,
20260916,sz000753,低空经济,军工航天
20260916,sz000757,消费电子,AI算力
20260916,sz000759,,
20260916,sz000776,,
20260916,sz000783,,
20260916,sz000791,电力,新能源电网
20260916,sz000793,传媒,AI应用
20260916,sz000796,金融科技,AI应用
20260916,sz000798,,
20260916,sz000802,传媒,AI应用
20260916,sz000803,电力,新能源电网
20260916,sz000809,风电,新能源电网
20260916,sz000811,氢能,新能源电网
20260916,sz000812,,
20260916,sz000815,算力,AI算力
20260916,sz000820,,
20260916,sz000821,光伏,新能源电网
20260916,sz000826,储能,新能源电网
20260916,sz000833,化工,周期资源
20260916,sz000838,,
20260916,sz000839,AI应用,AI应用
20260916,sz000852,油气,周期资源
20260916,sz000863,AI应用,AI应用
20260916,sz000868,氢能,新能源电网
20260916,sz000876,,
20260916,sz000882,,
20260916,sz000889,金融科技,AI应用
20260916,sz000890,,
20260916,sz000892,传媒,AI应用
20260916,sz000903,氢能,新能源电网
20260916,sz000908,医药,医药
20260916,sz000909,储能,新能源电网
20260916,sz000911,,
20260916,sz000921,,
20260916,sz000926,,
20260916,sz000928,氢能,新能源电网
20260916,sz000930,,
20260916,sz000935,创新药,医药
20260916,sz000951,智能驾驶,AI应用
20260916,sz000962,核电,新能源电网
20260916,sz000965,,
20260916,sz000972,医药,医药
20260916,sz000973,储能,新能源电网
20260916,sz000978,,
20260916,sz000980,智能驾驶,AI应用
20260916,sz000981,智能驾驶,AI应用
20260916,sz000987,电力,新能源电网
20260916,sz000995,,
20260916,sz000998,,
20260916,sz001206,,
20260916,sz001207,化工,周期资源
20260916,sz001209,AI应用,AI应用
20260916,sz001211,,
20260916,sz001215,,
20260916,sz001221,,
20260916,sz001222,,
20260916,sz001225,,
20260916,sz001233,,
20260916,sz001237,,
20260916,sz001256,,
20260916,sz001259,,
20260916,sz001260,,
20260916,sz001267,光通信,AI算力
20260916,sz001279,化工,周期资源
20260916,sz001296,化工,周期资源
20260916,sz001300,,
20260916,sz001301,储能,新能源电网
20260916,sz001317,,
20260916,sz001318,,
20260916,sz001323,消费电子,AI算力
20260916,sz001328,医药,医药
20260916,sz001338,,
20260916,sz001359,储能,新能源电网
20260916,sz001366,,
20260916,sz001378,化工,周期资源
20260916,sz001387,PCB,AI算力
20260916,sz001388,电网,新能源电网
20260916,sz001395,,
20260916,sz001400,减速器,机器人
20260916,sz001896,电力,新能源电网
20260916,sz002005,,
20260916,sz002012,化工,周期资源
20260916,sz002014,,
20260916,sz002024,,
20260916,sz002030,医药,医药
20260916,sz002037,化工,周期资源
20260916,sz002040,航运,周期资源
20260916,sz002041,,
20260916,sz002042,电力,新能源电网
20260916,sz002045,消费电子,AI算力
20260916,sz002046,机器人,机器人
20260916,sz002051,算力,AI算力
20260916,sz002052,储能,新能源电网
20260916,sz002055,消费电子,AI算力
20260916,sz002056,光伏,新能源电网
20260916,sz002066,,
20260916,sz002067,化工,周期资源
20260916,sz002068,化工,周期资源
20260916,sz002072,存储,AI算力
20260916,sz002076,储能,新能源电网
20260916,sz002082,医药,医药
20260916,sz002083,储能,新能源电网
20260916,sz002084,,
20260916,sz002088,储能,新能源电网
20260916,sz002095,传媒,AI应用
20260916,sz002098,金融科技,AI应用
20260916,sz002102,医药,医药
20260916,sz002109,化工,周期资源
20260916,sz002122,,
20260916,sz002124,,
20260916,sz002125,储能,新能源电网
20260916,sz002133,,
20260916,sz002138,消费电子,AI算力
20260916,sz002146,低空经济,军工航天
20260916,sz002156,半导体,AI算力
20260916,sz002159,,
20260916,sz002160,有色,周期资源
20260916,sz002162,机器人,机器人
20260916,sz002168,电网,新能源电网
20260916,sz002172,医药,医药
20260916,sz002175,芯片,AI算力
20260916,sz002180,芯片,AI算力
20260916,sz002185,半导体,AI算力
20260916,sz002192,储能,新能源电网
20260916,sz002193,,
20260916,sz002198,医药,医药
20260916,sz002199,,
20260916,sz002200,,
20260916,sz002201,化工,周期资源
20260916,sz002207,油气,周期资源
20260916,sz002208,,
20260916,sz002209,机器人,机器人
20260916,sz002211,化工,周期资源
20260916,sz002212,AI应用,AI应用
20260916,sz002214,军工,军工航天
20260916,sz002217,PCB,AI算力
20260916,sz002225,氢能,新能源电网
20260916,sz002227,电力,新能源电网
20260916,sz002232,AI应用,AI应用
20260916,sz002243,新材料,周期资源
20260916,sz002244,储能,新能源电网
20260916,sz002245,储能,新能源电网
20260916,sz002248,芯片,AI算力
20260916,sz002250,化工,周期资源
20260916,sz002251,,
20260916,sz002253,军工,军工航天
20260916,sz002254,储能,新能源电网
20260916,sz002258,化工,周期资源
20260916,sz002264,传媒,AI应用
20260916,sz002274,化工,周期资源
20260916,sz002277,机器人,机器人
20260916,sz002279,AI应用,AI应用
20260916,sz002281,光通信,AI算力
20260916,sz002284,机器人,机器人
20260916,sz002285,,
20260916,sz002286,,
20260916,sz002289,算力,AI算力
20260916,sz002292,传媒,AI应用
20260916,sz002297,军工,军工航天
20260916,sz002298,算力,AI算力
20260916,sz002300,电力,新能源电网
20260916,sz002302,化工,周期资源
20260916,sz002303,消费电子,AI算力
20260916,sz002305,,
20260916,sz002306,光伏,新能源电网
20260916,sz002309,电网,新能源电网
20260916,sz002310,光伏,新能源电网
20260916,sz002314,储能,新能源电网
20260916,sz002322,电网,新能源电网
20260916,sz002323,电力,新能源电网
20260916,sz002329,光伏,新能源电网
20260916,sz002333,光伏,新能源电网
20260916,sz002346,储能,新能源电网
20260916,sz002348,算力,AI算力
20260916,sz002353,油气,周期资源
20260916,sz002356,氢能,新能源电网
20260916,sz002357,卫星,军工航天
20260916,sz002360,化工,周期资源
20260916,sz002362,AI应用,AI应用
20260916,sz002364,算力,AI算力
20260916,sz002365,医药,医药
20260916,sz002369,消费电子,AI算力
20260916,sz002374,,
20260916,sz002375,,
20260916,sz002377,油气,周期资源
20260916,sz002379,有色,周期资源
20260916,sz002384,消费电子,AI算力
20260916,sz002385,医药,医药
20260916,sz002396,光通信,AI算力
20260916,sz002397,,
20260916,sz002404,电力,新能源电网
20260916,sz002407,化工,周期资源
20260916,sz002409,半导体,AI算力
20260916,sz002414,军工,军工航天
20260916,sz002423,,
20260916,sz002424,医药,医药
20260916,sz002427,化工,周期资源
20260916,sz002431,,
20260916,sz002432,医药,医药
20260916,sz002436,消费电子,AI算力
20260916,sz002442,化工,周期资源
20260916,sz002445,电力,新能源电网
20260916,sz002454,低空经济,军工航天
20260916,sz002457,,
20260916,sz002458,,
20260916,sz002468,,
20260916,sz002471,电网,新能源电网
20260916,sz002483,船舶,军工航天
20260916,sz002484,军工,军工航天
20260916,sz002485,,
20260916,sz002490,油气,周期资源
20260916,sz002491,,
20260916,sz002496,化工,周期资源
20260916,sz002497,储能,新能源电网
20260916,sz002498,电网,新能源电网
20260916,sz002501,有色,周期资源
20260916,sz002512,算力,AI算力
20260916,sz002514,储能,新能源电网
20260916,sz002528,消费电子,AI算力
20260916,sz002529,新材料,周期资源
20260916,sz002531,风电,新能源电网
20260916,sz002536,氢能,新能源电网
20260916,sz002538,化工,周期资源
20260916,sz002542,传媒,AI应用
20260916,sz002543,,
20260916,sz002546,电力,新能源电网
20260916,sz002547,储能,新能源电网
20260916,sz002548,,
20260916,sz002552,PCB,AI算力
20260916,sz002564,核电,新能源电网
20260916,sz002568,,
20260916,sz002569,,
20260916,sz002570,AI应用,AI应用
20260916,sz002579,消费电子,AI算力
20260916,sz002581,医药,医药
20260916,sz002582,,
20260916,sz002586,传媒,AI应用
20260916,sz002592,消费电子,AI算力
20260916,sz002596,化工,周期资源
20260916,sz002597,化工,周期资源
20260916,sz002598,储能,新能源电网
20260916,sz002607,AI应用,AI应用
20260916,sz002612,,
20260916,sz002613,化工,周期资源
20260916,sz002615,消费电子,AI算力
20260916,sz002617,电力,新能源电网
20260916,sz002620,电力,新能源电网
20260916,sz002622,医药,医药
20260916,sz002626,,
20260916,sz002627,,
20260916,sz002629,油气,周期资源
20260916,sz002630,电力,新能源电网
20260916,sz002632,储能,新能源电网
20260916,sz002634,新材料,周期资源
20260916,sz002638,,
20260916,sz002640,消费电子,AI算力
20260916,sz002650,,
20260916,sz002656,,
20260916,sz002659,消费电子,AI算力
20260916,sz002661,,
20260916,sz002667,储能,新能源电网
20260916,sz002668,,
20260916,sz002670,,
20260916,sz002674,机器人,机器人
20260916,sz002677,AI应用,AI应用
20260916,sz002679,,
20260916,sz002682,氢能,新能源电网
20260916,sz002686,军工,军工航天
20260916,sz002687,,
20260916,sz002688,化工,周期资源
20260916,sz002689,机器人,机器人
20260916,sz002691,机器人,机器人
20260916,sz002693,医药,医药
20260916,sz002694,,
20260916,sz002696,,
20260916,sz002700,油气,周期资源
20260916,sz002702,,
20260916,sz002713,算力,AI算力
20260916,sz002717,消费电子,AI算力
20260916,sz002718,,
20260916,sz002719,,
20260916,sz002724,新材料,周期资源
20260916,sz002726,,
20260916,sz002731,储能,新能源电网
20260916,sz002735,低空经济,军工航天
20260916,sz002742,医药,医药
20260916,sz002743,,
20260916,sz002745,PCB,AI算力
20260916,sz002759,化工,周期资源
20260916,sz002762,,
20260916,sz002774,,
20260916,sz002775,,
20260916,sz002777,AI应用,AI应用
20260916,sz002786,消费电子,AI算力
20260916,sz002789,,
20260916,sz002790,,
20260916,sz002791,,
20260916,sz002800,,
20260916,sz002815,消费电子,AI算力
20260916,sz002816,PCB,AI算力
20260916,sz002819,医药,医药
20260916,sz002820,,
20260916,sz002821,医药,医药
20260916,sz002822,,
20260916,sz002824,有色,周期资源
20260916,sz002826,医药,医药
20260916,sz002827,化工,周期资源
20260916,sz002828,油气,周期资源
20260916,sz002829,航天,军工航天
20260916,sz002830,,
20260916,sz002840,,
20260916,sz002841,消费电子,AI算力
20260916,sz002845,消费电子,AI算力
20260916,sz002848,航天,军工航天
20260916,sz002851,储能,新能源电网
20260916,sz002852,,
20260916,sz002856,,
20260916,sz002860,光伏,新能源电网
20260916,sz002868,化工,周期资源
20260916,sz002871,算力,AI算力
20260916,sz002872,医药,医药
20260916,sz002875,,
20260916,sz002876,消费电子,AI算力
20260916,sz002879,电网,新能源电网
20260916,sz002883,低空经济,军工航天
20260916,sz002888,消费电子,AI算力
20260916,sz002891,,
20260916,sz002893,电力,新能源电网
20260916,sz002896,机器人,机器人
20260916,sz002907,医药,医药
20260916,sz002910,,
20260916,sz002912,AI应用,AI应用
20260916,sz002915,化工,周期资源
20260916,sz002916,消费电子,AI算力
20260916,sz002928,,
20260916,sz002929,算力,AI算力
20260916,sz002945,,
20260916,sz002949,AI应用,AI应用
20260916,sz002951,电力,新能源电网
20260916,sz002955,算力,AI算力
20260916,sz002956,,
20260916,sz002957,消费电子,AI算力
20260916,sz002960,机器人,机器人
20260916,sz002961,,
20260916,sz002969,,
20260916,sz002975,消费电子,AI算力
20260916,sz002977,军工,军工航天
20260916,sz002979,机器人,机器人
20260916,sz002980,储能,新能源电网
20260916,sz002982,,
20260916,sz002983,PCB,AI算力
20260916,sz002988,有色,周期资源
20260916,sz002998,化工,周期资源
20260916,sz003001,核电,新能源电网
20260916,sz003004,AI应用,AI应用
20260916,sz003005,AI应用,AI应用
20260916,sz003006,,
20260916,sz003010,,
20260916,sz003011,,
20260916,sz003018,算力,AI算力
20260916,sz003029,AI应用,AI应用
20260916,sz003030,,
20260916,sz003032,机器人,机器人
20260916,sz003036,机器人,机器人
20260916,sz003039,电力,新能源电网
20260916,sz003041,,
20260916,sz300020,算力,AI算力
20260916,sz300044,机器人,机器人
20260916,sz300068,储能,新能源电网
20260916,sz300069,电网,新能源电网
20260916,sz300085,AI应用,AI应用
20260916,sz300103,储能,新能源电网
20260916,sz300152,氢能,新能源电网
20260916,sz300163,化工,周期资源
20260916,sz300167,算力,AI算力
20260916,sz300169,消费电子,AI算力
20260916,sz300189,,
20260916,sz300197,,
20260916,sz300212,算力,AI算力
20260916,sz300214,算力,AI算力
20260916,sz300289,医药,医药
20260916,sz300311,AI应用,AI应用
20260916,sz300313,,
20260916,sz300321,化工,周期资源
20260916,sz300334,芯片,AI算力
20260916,sz300359,AI应用,AI应用
20260916,sz300385,,
20260916,sz300401,医药,医药
20260916,sz300456,半导体,AI算力
20260916,sz300469,AI应用,AI应用
20260916,sz300515,,
20260916,sz300540,氢能,新能源电网
20260916,sz300566,消费电子,AI算力
20260916,sz300598,智能驾驶,AI应用
20260916,sz300615,储能,新能源电网
20260916,sz300616,机器人,机器人
20260916,sz300626,电力,新能源电网
20260916,sz300642,医药,医药
20260916,sz300649,,
20260916,sz300684,消费电子,AI算力
20260916,sz300720,半导体,AI算力
20260916,sz300737,,
20260916,sz300740,,
20260916,sz300779,有色,周期资源
20260916,sz300834,化工,周期资源
20260916,sz300897,AI应用,AI应用
20260916,sz300929,氢能,新能源电网
20260916,sz300931,,
20260916,sz300959,,
20260916,sz300961,,
20260916,sz300964,光通信,AI算力
20260916,sz300970,,
20260916,sz300981,医药,医药
20260916,sz300985,氢能,新能源电网
20260916,sz300996,AI应用,AI应用
20260916,sz300997,,
20260916,sz301019,化工,周期资源
20260916,sz301030,光伏,新能源电网
20260916,sz301045,消费电子,AI算力
20260916,sz301081,,
20260916,sz301106,医药,医药
20260916,sz301115,光伏,新能源电网
20260916,sz301121,储能,新能源电网
20260916,sz301123,消费电子,AI算力
20260916,sz301139,储能,新能源电网
20260916,sz301151,算力,AI算力
20260916,sz301188,医药,医药
20260916,sz301193,,
20260916,sz301227,,
20260916,sz301234,医药,医药
20260916,sz301251,算力,AI算力
20260916,sz301322,半导体,AI算力
20260916,sz301349,电力,新能源电网
20260916,sz301356,,
20260916,sz301379,低空经济,军工航天
20260916,sz301396,算力,AI算力
20260916,sz301449,储能,新能源电网
20260916,sz301520,创新药,医药
20260916,sz301565,储能,新能源电网
20260916,sz301583,半导体,AI算力
20260916,sz301599,储能,新能源电网
20260916,sz301607,半导体,AI算力
20260916,sz301630,半导体,AI算力
20260916,sz301667,储能,新能源电网
20260916,bj920305,,
20260916,sh600636,,
20260916,sh600696,,
20260916,sh605081,,
20260916,sz000004,,
20260916,sz002808,,
20260916,bj920008,军工,军工航天
20260916,bj920010,算力,AI算力
20260916,bj920016,化工,周期资源
20260916,bj920019,,
20260916,bj920028,化工,周期资源
20260916,bj920036,,
20260916,bj920038,化工,周期资源
20260916,bj920045,光通信,AI算力
20260916,bj920060,消费电子,AI算力
20260916,bj920066,化工,周期资源
20260916,bj920098,化工,周期资源
20260916,bj920119,储能,新能源电网
20260916,bj920125,PCB,AI算力
20260916,bj920149,光伏,新能源电网
20260916,bj920174,,
20260916,bj920179,半导体,AI算力
20260916,bj920198,AI应用,AI应用
20260916,bj920200,风电,新能源电网
20260916,bj920225,化工,周期资源
20260916,bj920238,,
20260916,bj920436,智能驾驶,AI应用
20260916,bj920445,,
20260916,bj920455,,
20260916,bj920519,化工,周期资源
20260916,bj920527,新材料,周期资源
20260916,bj920694,化工,周期资源
20260916,bj920706,,
20260916,bj920718,,
20260916,bj920748,AI应用,AI应用
20260916,bj920770,光伏,新能源电网
20260916,bj920802,,
20260916,bj920892,低空经济,军工航天
20260916,bj920957,化工,周期资源
20260916,bj920971,PCB,AI算力
20260916,bj920976,,
20260916,sh600017,航运,周期资源
20260916,sh600018,航运,周期资源
20260916,sh600023,核电,新能源电网
20260916,sh600027,电力,新能源电网
20260916,sh600035,,
20260916,sh600060,AI应用,AI应用
20260916,sh600071,储能,新能源电网
20260916,sh600097,,
20260916,sh600104,智能驾驶,AI应用
20260916,sh600136,传媒,AI应用
20260916,sh600150,军工,军工航天
20260916,sh600159,,
20260916,sh600169,航天,军工航天
20260916,sh600203,消费电子,AI算力
20260916,sh600210,储能,新能源电网
20260916,sh600212,储能,新能源电网
20260916,sh600217,,
20260916,sh600249,,
20260916,sh600256,煤炭,周期资源
20260916,sh600307,黑色,周期资源
20260916,sh600368,,
20260916,sh600377,,
20260916,sh600483,电力,新能源电网
20260916,sh600498,算力,AI算力
20260916,sh600501,核电,新能源电网
20260916,sh600522,储能,新能源电网
20260916,sh600547,有色,周期资源
20260916,sh600562,军工,军工航天
20260916,sh600569,黑色,周期资源
20260916,sh600571,金融科技,AI应用
20260916,sh600622,,
20260916,sh600685,军工,军工航天
20260916,sh600710,光伏,新能源电网
20260916,sh600764,军工,军工航天
20260916,sh600780,电力,新能源电网
20260916,sh600803,氢能,新能源电网
20260916,sh600855,军工,军工航天
20260916,sh600864,,
20260916,sh600893,军工,军工航天
20260916,sh600908,,
20260916,sh600977,传媒,AI应用
20260916,sh601107,储能,新能源电网
20260916,sh601169,,
20260916,sh601216,化工,周期资源
20260916,sh601226,氢能,新能源电网
20260916,sh601279,,
20260916,sh601298,航运,周期资源
20260916,sh601319,,
20260916,sh601326,航运,周期资源
20260916,sh601328,金融科技,AI应用
20260916,sh601333,,
20260916,sh601512,储能,新能源电网
20260916,sh601555,,
20260916,sh601599,传媒,AI应用
20260916,sh601601,,
20260916,sh601658,,
20260916,sh601665,,
20260916,sh601838,,
20260916,sh601988,金融科技,AI应用
20260916,sh601998,,
20260916,sh603000,AI应用,AI应用
20260916,sh603017,低空经济,军工航天
20260916,sh603055,,
20260916,sh603088,算力,AI算力
20260916,sh603098,光伏,新能源电网
20260916,sh603103,传媒,AI应用
20260916,sh603111,AI应用,AI应用
20260916,sh603117,,
20260916,sh603158,氢能,新能源电网
20260916,sh603172,化工,周期资源
20260916,sh603176,,
20260916,sh603205,医药,医药
20260916,sh603209,航运,周期资源
20260916,sh603235,化工,周期资源
20260916,sh603257,有色,周期资源
20260916,sh603282,,
20260916,sh603320,电力,新能源电网
20260916,sh603321,AI应用,AI应用
20260916,sh603323,,
20260916,sh603326,,
20260916,sh603393,油气,周期资源
20260916,sh603408,,
20260916,sh603558,,
20260916,sh603583,机器人,机器人
20260916,sh603613,AI应用,AI应用
20260916,sh603648,机器人,机器人
20260916,sh603686,智能驾驶,AI应用
20260916,sh603709,AI应用,AI应用
20260916,sh603755,,
20260916,sh603766,储能,新能源电网
20260916,sh603829,电网,新能源电网
20260916,sh603889,,
20260916,sh603917,,
20260916,sh605003,,
20260916,sh605008,化工,周期资源
20260916,sh605183,化工,周期资源
20260916,sh605222,电力,新能源电网
20260916,sh688002,军工,军工航天
20260916,sh688022,储能,新能源电网
20260916,sh688023,AI应用,AI应用
20260916,sh688025,消费电子,AI算力
20260916,sh688026,医药,医药
20260916,sh688028,机器人,机器人
20260916,sh688029,医药,医药
20260916,sh688030,消费电子,AI算力
20260916,sh688033,低空经济,军工航天
20260916,sh688035,消费电子,AI算力
20260916,sh688052,芯片,AI算力
20260916,sh688053,军工,军工航天
20260916,sh688058,AI应用,AI应用
20260916,sh688061,芯片,AI算力
20260916,sh688069,氢能,新能源电网
20260916,sh688078,机器人,机器人
20260916,sh688089,化工,周期资源
20260916,sh688103,储能,新能源电网
20260916,sh688116,储能,新能源电网
20260916,sh688132,军工,军工航天
20260916,sh688135,半导体,AI算力
20260916,sh688138,半导体,AI算力
20260916,sh688139,医药,医药
20260916,sh688150,消费电子,AI算力
20260916,sh688156,,
20260916,sh688159,电网,新能源电网
20260916,sh688168,AI应用,AI应用
20260916,sh688170,消费电子,AI算力
20260916,sh688181,半导体,AI算力
20260916,sh688195,医药,医药
20260916,sh688199,化工,周期资源
20260916,sh688201,金融科技,AI应用
20260916,sh688203,化工,周期资源
20260916,sh688205,光通信,AI算力
20260916,sh688218,机器人,机器人
20260916,sh688225,卫星,军工航天
20260916,sh688228,AI应用,AI应用
20260916,sh688230,半导体,AI算力
20260916,sh688231,有色,周期资源
20260916,sh688239,航天,军工航天
20260916,sh688248,电网,新能源电网
20260916,sh688256,芯片,AI算力
20260916,sh688267,化工,周期资源
20260916,sh688279,芯片,AI算力
20260916,sh688292,AI应用,AI应用
20260916,sh688297,军工,军工航天
20260916,sh688312,光通信,AI算力
20260916,sh688313,光通信,AI算力
20260916,sh688329,医药,医药
20260916,sh688330,电网,新能源电网
20260916,sh688359,储能,新能源电网
20260916,sh688370,,
20260916,sh688379,无人机,军工航天
20260916,sh688383,机器人,机器人
20260916,sh688395,,
20260916,sh688416,芯片,AI算力
20260916,sh688448,,
20260916,sh688455,智能驾驶,AI应用
20260916,sh688458,半导体,AI算力
20260916,sh688486,芯片,AI算力
20260916,sh688498,半导体,AI算力
20260916,sh688501,,
20260916,sh688508,芯片,AI算力
20260916,sh688511,军工,军工航天
20260916,sh688518,储能,新能源电网
20260916,sh688519,消费电子,AI算力
20260916,sh688531,储能,新能源电网
20260916,sh688535,半导体,AI算力
20260916,sh688536,芯片,AI算力
20260916,sh688543,军工,军工航天
20260916,sh688552,军工,军工航天
20260916,sh688559,储能,新能源电网
20260916,sh688561,AI应用,AI应用
20260916,sh688563,军工,军工航天
20260916,sh688581,医药,医药
20260916,sh688586,军工,军工航天
20260916,sh688595,芯片,AI算力
20260916,sh688601,芯片,AI算力
20260916,sh688605,半导体,AI算力
20260916,sh688609,AI应用,AI应用
20260916,sh688611,电网,新能源电网
20260916,sh688612,低空经济,军工航天
20260916,sh688617,医药,医药
20260916,sh688619,AI应用,AI应用
20260916,sh688620,芯片,AI算力
20260916,sh688621,医药,医药
20260916,sh688625,化工,周期资源
20260916,sh688636,军工,军工航天
20260916,sh688653,芯片,AI算力
20260916,sh688656,医药,医药
20260916,sh688660,风电,新能源电网
20260916,sh688667,,
20260916,sh688670,医药,医药
20260916,sh688678,消费电子,AI算力
20260916,sh688679,,
20260916,sh688683,储能,新能源电网
20260916,sh688686,储能,新能源电网
20260916,sh688696,,
20260916,sh688699,芯片,AI算力
20260916,sh688700,PCB,AI算力
20260916,sh688701,,
20260916,sh688719,电力,新能源电网
20260916,sh688758,医药,医药
20260916,sh688785,电力,新能源电网
20260916,sh688788,军工,军工航天
20260916,sh688799,医药,医药
20260916,sh688800,储能,新能源电网
20260916,sh688807,半导体,AI算力
20260916,sh688809,半导体,AI算力
20260916,sz000045,,
20260916,sz000058,航天,军工航天
20260916,sz000550,智能驾驶,AI应用
20260916,sz000561,军工,军工航天
20260916,sz000607,传媒,AI应用
20260916,sz000663,,
20260916,sz000690,电力,新能源电网
20260916,sz000697,军工,军工航天
20260916,sz000728,,
20260916,sz000738,军工,军工航天
20260916,sz000797,,
20260916,sz000856,机器人,机器人
20260916,sz000878,有色,周期资源
20260916,sz000897,算力,AI算力
20260916,sz000905,航运,周期资源
20260916,sz000906,储能,新能源电网
20260916,sz000923,黑色,周期资源
20260916,sz000949,化工,周期资源
20260916,sz001201,,
20260916,sz001228,,
20260916,sz001236,,
20260916,sz001285,智能驾驶,AI应用
20260916,sz001324,储能,新能源电网
20260916,sz001368,医药,医药
20260916,sz001380,机器人,机器人
20260916,sz001965,光伏,新能源电网
20260916,sz002003,,
20260916,sz002026,储能,新能源电网
20260916,sz002034,算力,AI算力
20260916,sz002069,,
20260916,sz002100,医药,医药
20260916,sz002108,化工,周期资源
20260916,sz002127,,
20260916,sz002130,军工,军工航天
20260916,sz002163,,
20260916,sz002171,有色,周期资源
20260916,sz002177,,
20260916,sz002222,智能驾驶,AI应用
20260916,sz002224,化工,周期资源
20260916,sz002238,传媒,AI应用
20260916,sz002296,卫星,军工航天
20260916,sz002363,智能驾驶,AI应用
20260916,sz002389,军工,军工航天
20260916,sz002394,AI应用,AI应用
20260916,sz002408,油气,周期资源
20260916,sz002413,军工,军工航天
20260916,sz002441,电网,新能源电网
20260916,sz002443,油气,周期资源
20260916,sz002492,,
20260916,sz002516,机器人,机器人
20260916,sz002537,金融科技,AI应用
20260916,sz002561,,
20260916,sz002574,光伏,新能源电网
20260916,sz002602,传媒,AI应用
20260916,sz002614,医药,医药
20260916,sz002663,消费电子,AI算力
20260916,sz002692,电网,新能源电网
20260916,sz002712,传媒,AI应用
20260916,sz002714,,
20260916,sz002746,,
20260916,sz002752,,
20260916,sz002758,医药,医药
20260916,sz002785,核电,新能源电网
20260916,sz002807,,
20260916,sz002813,智能驾驶,AI应用
20260916,sz002905,传媒,AI应用
20260916,sz002911,储能,新能源电网
20260916,sz002966,,
20260916,sz003816,电力,新能源电网
20260916,sz300005,芯片,AI算力
20260916,sz300008,军工,军工航天
20260916,sz300010,AI应用,AI应用
20260916,sz300013,卫星,军工航天
20260916,sz300025,算力,AI算力
20260916,sz300027,传媒,AI应用
20260916,sz300032,消费电子,AI算力
20260916,sz300037,储能,新能源电网
20260916,sz300049,医药,医药
20260916,sz300050,消费电子,AI算力
20260916,sz300077,芯片,AI算力
20260916,sz300079,金融科技,AI应用
20260916,sz300081,传媒,AI应用
20260916,sz300082,化工,周期资源
20260916,sz300095,机器人,机器人
20260916,sz300106,,
20260916,sz300107,化工,周期资源
20260916,sz300123,军工,军工航天
20260916,sz300125,光伏,新能源电网
20260916,sz300128,消费电子,AI算力
20260916,sz300133,传媒,AI应用
20260916,sz300134,消费电子,AI算力
20260916,sz300135,油气,周期资源
20260916,sz300139,有色,周期资源
20260916,sz300148,传媒,AI应用
20260916,sz300151,半导体,AI算力
20260916,sz300153,电力,新能源电网
20260916,sz300154,机器人,机器人
20260916,sz300180,金融科技,AI应用
20260916,sz300183,消费电子,AI算力
20260916,sz300185,风电,新能源电网
20260916,sz300192,芯片,AI算力
20260916,sz300195,储能,新能源电网
20260916,sz300207,储能,新能源电网
20260916,sz300213,AI应用,AI应用
20260916,sz300215,电网,新能源电网
20260916,sz300225,化工,周期资源
20260916,sz300226,AI应用,AI应用
20260916,sz300232,消费电子,AI算力
20260916,sz300234,氢能,新能源电网
20260916,sz300235,AI应用,AI应用
20260916,sz300237,储能,新能源电网
20260916,sz300245,算力,AI算力
20260916,sz300249,算力,AI算力
20260916,sz300252,军工,军工航天
20260916,sz300271,AI应用,AI应用
20260916,sz300279,机器人,机器人
20260916,sz300281,航天,军工航天
20260916,sz300285,元件,AI算力
20260916,sz300290,算力,AI算力
20260916,sz300292,智能驾驶,AI应用
20260916,sz300299,传媒,AI应用
20260916,sz300300,算力,AI算力
20260916,sz300305,化工,周期资源
20260916,sz300327,芯片,AI算力
20260916,sz300335,电力,新能源电网
20260916,sz300347,医药,医药
20260916,sz300348,金融科技,AI应用
20260916,sz300352,AI应用,AI应用
20260916,sz300366,算力,AI算力
20260916,sz300395,军工,军工航天
20260916,sz300399,算力,AI算力
20260916,sz300400,消费电子,AI算力
20260916,sz300408,氢能,新能源电网
20260916,sz300410,储能,新能源电网
20260916,sz300424,军工,军工航天
20260916,sz300427,电网,新能源电网
20260916,sz300428,低空经济,军工航天
20260916,sz300429,半导体,AI算力
20260916,sz300430,医药,医药
20260916,sz300447,军工,军工航天
20260916,sz300457,储能,新能源电网
20260916,sz300468,金融科技,AI应用
20260916,sz300472,光伏,新能源电网
20260916,sz300473,氢能,新能源电网
20260916,sz300477,储能,新能源电网
20260916,sz300478,化工,周期资源
20260916,sz300488,机器人,机器人
20260916,sz300491,电力,新能源电网
20260916,sz300493,芯片,AI算力
20260916,sz300497,医药,医药
20260916,sz300498,消费电子,AI算力
20260916,sz300499,储能,新能源电网
20260916,sz300504,消费电子,AI算力
20260916,sz300517,,
20260916,sz300523,机器人,机器人
20260916,sz300527,军工,军工航天
20260916,sz300537,半导体,AI算力
20260916,sz300547,低空经济,军工航天
20260916,sz300550,AI应用,AI应用
20260916,sz300551,金融科技,AI应用
20260916,sz300553,低空经济,军工航天
20260916,sz300554,半导体,AI算力
20260916,sz300559,AI应用,AI应用
20260916,sz300560,算力,AI算力
20260916,sz300562,医药,医药
20260916,sz300565,储能,新能源电网
20260916,sz300568,储能,新能源电网
20260916,sz300569,风电,新能源电网
20260916,sz300572,,
20260916,sz300579,AI应用,AI应用
20260916,sz300586,储能,新能源电网
20260916,sz300590,卫星,军工航天
20260916,sz300600,军工,军工航天
20260916,sz300611,机器人,机器人
20260916,sz300623,半导体,AI算力
20260916,sz300629,军工,军工航天
20260916,sz300637,化工,周期资源
20260916,sz300647,消费电子,AI算力
20260916,sz300648,储能,新能源电网
20260916,sz300659,军工,军工航天
20260916,sz300667,军工,军工航天
20260916,sz300670,电网,新能源电网
20260916,sz300672,芯片,AI算力
20260916,sz300673,,
20260916,sz300674,AI应用,AI应用
20260916,sz300689,算力,AI算力
20260916,sz300690,风电,新能源电网
20260916,sz300691,机器人,机器人
20260916,sz300697,有色,周期资源
20260916,sz300698,算力,AI算力
20260916,sz300708,半导体,AI算力
20260916,sz300716,化工,周期资源
20260916,sz300719,军工,军工航天
20260916,sz300722,航天,军工航天
20260916,sz300727,化工,周期资源
20260916,sz300731,化工,周期资源
20260916,sz300736,消费电子,AI算力
20260916,sz300739,芯片,AI算力
20260916,sz300741,化工,周期资源
20260916,sz300747,PCB,AI算力
20260916,sz300749,航天,军工航天
20260916,sz300752,消费电子,AI算力
20260916,sz300757,光通信,AI算力
20260916,sz300758,化工,周期资源
20260916,sz300761,,
20260916,sz300790,机器人,机器人
20260916,sz300793,消费电子,AI算力
20260916,sz300798,化工,周期资源
20260916,sz300804,化工,周期资源
20260916,sz300806,消费电子,AI算力
20260916,sz300810,军工,军工航天
20260916,sz300811,有色,周期资源
20260916,sz300812,消费电子,AI算力
20260916,sz300814,PCB,AI算力
20260916,sz300816,算力,AI算力
20260916,sz300817,减速器,机器人
20260916,sz300820,储能,新能源电网
20260916,sz300825,AI应用,AI应用
20260916,sz300829,化工,周期资源
20260916,sz300833,传媒,AI应用
20260916,sz300836,机器人,机器人
20260916,sz300842,光伏,新能源电网
20260916,sz300845,军工,军工航天
20260916,sz300850,风电,新能源电网
20260916,sz300853,电网,新能源电网
20260916,sz300855,有色,周期资源
20260916,sz300860,AI应用,AI应用
20260916,sz300864,,
20260916,sz300866,消费电子,AI算力
20260916,sz300889,储能,新能源电网
20260916,sz300891,化工,周期资源
20260916,sz300899,,
20260916,sz300901,AI应用,AI应用
20260916,sz300902,低空经济,军工航天
20260916,sz300904,风电,新能源电网
20260916,sz300905,化工,周期资源
20260916,sz300909,消费电子,AI算力
20260916,sz300913,智能驾驶,AI应用
20260916,sz300920,化工,周期资源
20260916,sz300921,算力,AI算力
20260916,sz300936,半导体,AI算力
20260916,sz300943,油气,周期资源
20260916,sz300950,氢能,新能源电网
20260916,sz300951,消费电子,AI算力
20260916,sz300969,机器人,机器人
20260916,sz300976,消费电子,AI算力
20260916,sz300977,半导体,AI算力
20260916,sz300978,,
20260916,sz300987,传媒,AI应用
20260916,sz300988,算力,AI算力
20260916,sz300989,算力,AI算力
20260916,sz300990,算力,AI算力
20260916,sz300991,有色,周期资源
20260916,sz300998,机器人,机器人
20260916,sz301007,机器人,机器人
20260916,sz301016,储能,新能源电网
20260916,sz301018,军工,军工航天
20260916,sz301021,半导体,AI算力
20260916,sz301025,传媒,AI应用
20260916,sz301031,储能,新能源电网
20260916,sz301038,AI应用,AI应用
20260916,sz301041,军工,军工航天
20260916,sz301043,,
20260916,sz301046,机器人,机器人
20260916,sz301056,军工,军工航天
20260916,sz301059,化工,周期资源
20260916,sz301061,,
20260916,sz301062,光伏,新能源电网
20260916,sz301067,消费电子,AI算力
20260916,sz301070,AI应用,AI应用
20260916,sz301072,,
20260916,sz301075,医药,医药
20260916,sz301086,消费电子,AI算力
20260916,sz301087,医药,医药
20260916,sz301090,化工,周期资源
20260916,sz301096,医药,医药
20260916,sz301105,,
20260916,sz301108,,
20260916,sz301119,,
20260916,sz301122,医药,医药
20260916,sz301125,机器人,机器人
20260916,sz301128,消费电子,AI算力
20260916,sz301136,卫星,军工航天
20260916,sz301138,机器人,机器人
20260916,sz301148,,
20260916,sz301149,化工,周期资源
20260916,sz301150,储能,新能源电网
20260916,sz301161,半导体,AI算力
20260916,sz301172,AI应用,AI应用
20260916,sz301175,电力,新能源电网
20260916,sz301183,智能驾驶,AI应用
20260916,sz301189,消费电子,AI算力
20260916,sz301197,,
20260916,sz301210,储能,新能源电网
20260916,sz301212,化工,周期资源
20260916,sz301216,机器人,机器人
20260916,sz301220,化工,周期资源
20260916,sz301223,,
20260916,sz301252,机器人,机器人
20260916,sz301265,存储,AI算力
20260916,sz301266,光伏,新能源电网
20260916,sz301280,机器人,机器人
20260916,sz301281,医药,医药
20260916,sz301285,消费电子,AI算力
20260916,sz301297,半导体,AI算力
20260916,sz301299,AI应用,AI应用
20260916,sz301300,化工,周期资源
20260916,sz301306,军工,军工航天
20260916,sz301314,储能,新能源电网
20260916,sz301320,机器人,机器人
20260916,sz301330,机器人,机器人
20260916,sz301333,医药,医药
20260916,sz301338,消费电子,AI算力
20260916,sz301355,化工,周期资源
20260916,sz301359,,
20260916,sz301360,消费电子,AI算力
20260916,sz301372,,
20260916,sz301376,AI应用,AI应用
20260916,sz301389,消费电子,AI算力
20260916,sz301390,AI应用,AI应用
20260916,sz301392,储能,新能源电网
20260916,sz301398,低空经济,军工航天
20260916,sz301448,机器人,机器人
20260916,sz301456,风电,新能源电网
20260916,sz301479,机器人,机器人
20260916,sz301500,电力,新能源电网
20260916,sz301505,低空经济,军工航天
20260916,sz301511,储能,新能源电网
20260916,sz301551,传媒,AI应用
20260916,sz301555,化工,周期资源
20260916,sz301568,机器人,机器人
20260916,sz301571,军工,军工航天
20260916,sz301577,机器人,机器人
20260916,sz301585,化工,周期资源
20260916,sz301589,芯片,AI算力
20260916,sz301592,军工,军工航天
20260916,sz301595,化工,周期资源
20260916,sz301598,低空经济,军工航天
20260916,sz301603,机器人,机器人
20260916,sz301606,消费电子,AI算力
20260916,sz301608,智能驾驶,AI应用
20260916,sz301617,化工,周期资源
20260916,sz301629,半导体,AI算力
20260916,sz301680,电网,新能源电网
20260917,bj920001,,
20260917,bj920006,军工,军工航天
20260917,bj920021,传媒,AI应用
20260917,bj920035,算力,AI算力
20260917,bj920075,AI应用,AI应用
20260917,bj920083,化工,周期资源
20260917,bj920087,,
20260917,bj920090,AI应用,AI应用
20260917,bj920092,AI应用,AI应用
20260917,bj920117,储能,新能源电网
20260917,bj920122,,
20260917,bj920128,储能,新能源电网
20260917,bj920130,AI应用,AI应用
20260917,bj920161,化工,周期资源
20260917,bj920176,,
20260917,bj920178,消费电子,AI算力
20260917,bj920190,消费电子,AI算力
20260917,bj920193,电力,新能源电网
20260917,bj920211,机器人,机器人
20260917,bj920212,消费电子,AI算力
20260917,bj920221,减速器,机器人
20260917,bj920222,电网,新能源电网
20260917,bj920223,算力,AI算力
20260917,bj920249,储能,新能源电网
20260917,bj920268,医药,医药
20260917,bj920344,医药,医药
20260917,bj920357,消费电子,AI算力
20260917,bj920367,医药,医药
20260917,bj920371,,
20260917,bj920394,化工,周期资源
20260917,bj920510,机器人,机器人
20260917,bj920580,储能,新能源电网
20260917,bj920592,AI应用,AI应用
20260917,bj920634,有色,周期资源
20260917,bj920662,算力,AI算力
20260917,bj920685,,
20260917,bj920699,消费电子,AI算力
20260917,bj920725,半导体,AI算力
20260917,bj920790,,
20260917,bj920821,光通信,AI算力
20260917,bj920855,,
20260917,bj920856,机器人,机器人
20260917,bj920857,消费电子,AI算力
20260917,bj920876,消费电子,AI算力
20260917,bj920895,,
20260917,bj920961,卫星,军工航天
20260917,sh600052,储能,新能源电网
20260917,sh600053,机器人,机器人
20260917,sh600059,,
20260917,sh600080,医药,医药
20260917,sh600082,,
20260917,sh600084,,
20260917,sh600088,传媒,AI应用
20260917,sh600095,,
20260917,sh600107,油气,周期资源
20260917,sh600108,,
20260917,sh600113,,
20260917,sh600119,,
20260917,sh600120,,
20260917,sh600127,,
20260917,sh600130,消费电子,AI算力
20260917,sh600162,算力,AI算力
20260917,sh600165,化工,周期资源
20260917,sh600172,新材料,周期资源
20260917,sh600178,低空经济,军工航天
20260917,sh600180,,
20260917,sh600182,,
20260917,sh600185,,
20260917,sh600187,储能,新能源电网
20260917,sh600191,,
20260917,sh600199,,
20260917,sh600206,半导体,AI算力
20260917,sh600227,化工,周期资源
20260917,sh600228,传媒,AI应用
20260917,sh600233,,
20260917,sh600237,,
20260917,sh600238,,
20260917,sh600239,,
20260917,sh600243,,
20260917,sh600246,算力,AI算力
20260917,sh600250,,
20260917,sh600251,电力,新能源电网
20260917,sh600257,,
20260917,sh600265,算力,AI算力
20260917,sh600266,航天,军工航天
20260917,sh600280,,
20260917,sh600289,AI应用,AI应用
20260917,sh600293,化工,周期资源
20260917,sh600302,,
20260917,sh600303,氢能,新能源电网
20260917,sh600313,,
20260917,sh600318,,
20260917,sh600322,,
20260917,sh600326,化工,周期资源
20260917,sh600327,,
20260917,sh600337,AI应用,AI应用
20260917,sh600340,低空经济,军工航天
20260917,sh600350,,
20260917,sh600353,军工,军工航天
20260917,sh600354,,
20260917,sh600356,化工,周期资源
20260917,sh600359,医药,医药
20260917,sh600360,半导体,AI算力
20260917,sh600365,,
20260917,sh600367,储能,新能源电网
20260917,sh600370,化工,周期资源
20260917,sh600371,,
20260917,sh600375,氢能,新能源电网
20260917,sh600376,,
20260917,sh600381,医药,医药
20260917,sh600382,黑色,周期资源
20260917,sh600400,AI应用,AI应用
20260917,sh600410,AI应用,AI应用
20260917,sh600418,智能驾驶,AI应用
20260917,sh600419,,
20260917,sh600423,化工,周期资源
20260917,sh600429,,
20260917,sh600439,,
20260917,sh600448,,
20260917,sh600459,有色,周期资源
20260917,sh600463,,
20260917,sh600476,算力,AI算力
20260917,sh600488,医药,医药
20260917,sh600491,,
20260917,sh600500,储能,新能源电网
20260917,sh600508,煤炭,周期资源
20260917,sh600509,电力,新能源电网
20260917,sh600510,元件,AI算力
20260917,sh600516,储能,新能源电网
20260917,sh600527,,
20260917,sh600530,,
20260917,sh600536,,
20260917,sh600537,光伏,新能源电网
20260917,sh600539,PCB,AI算力
20260917,sh600540,,
20260917,sh600543,,
20260917,sh600567,化工,周期资源
20260917,sh600568,医药,医药
20260917,sh600573,,
20260917,sh600576,低空经济,军工航天
20260917,sh600581,黑色,周期资源
20260917,sh600584,半导体,AI算力
20260917,sh600593,,
20260917,sh600595,有色,周期资源
20260917,sh600598,,
20260917,sh600603,,
20260917,sh600611,算力,AI算力
20260917,sh600616,,
20260917,sh600624,医药,医药
20260917,sh600626,,
20260917,sh600629,消费电子,AI算力
20260917,sh600630,,
20260917,sh600637,传媒,AI应用
20260917,sh600644,电力,新能源电网
20260917,sh600654,消费电子,AI算力
20260917,sh600657,,
20260917,sh600661,,
20260917,sh600663,,
20260917,sh600665,,
20260917,sh600667,光伏,新能源电网
20260917,sh600673,算力,AI算力
20260917,sh600676,,
20260917,sh600678,化工,周期资源
20260917,sh600679,,
20260917,sh600682,,
20260917,sh600689,,
20260917,sh600693,,
20260917,sh600697,,
20260917,sh600698,,
20260917,sh600702,,
20260917,sh600703,半导体,AI算力
20260917,sh600708,,
20260917,sh600712,,
20260917,sh600721,医药,医药
20260917,sh600724,,
20260917,sh600730,AI应用,AI应用
20260917,sh600733,储能,新能源电网
20260917,sh600734,算力,AI算力
20260917,sh600735,医药,医药
20260917,sh600737,,
20260917,sh600743,,
20260917,sh600745,半导体,AI算力
20260917,sh600746,化工,周期资源
20260917,sh600749,,
20260917,sh600753,,
20260917,sh600758,煤炭,周期资源
20260917,sh600759,油气,周期资源
20260917,sh600769,,
20260917,sh600770,半导体,AI算力
20260917,sh600777,油气,周期资源
20260917,sh600778,,
20260917,sh600779,,
20260917,sh600785,,
20260917,sh600791,,
20260917,sh600815,,
20260917,sh600818,,
20260917,sh600822,,
20260917,sh600824,有色,周期资源
20260917,sh600828,,
20260917,sh600829,医药,医药
20260917,sh600830,,
20260917,sh600838,,
20260917,sh600844,化工,周期资源
20260917,sh600846,,
20260917,sh600847,电力,新能源电网
20260917,sh600857,有色,周期资源
20260917,sh600865,,
20260917,sh600881,医药,医药
20260917,sh600889,机器人,机器人
20260917,sh600892,传媒,AI应用
20260917,sh600903,油气,周期资源
20260917,sh600906,,
20260917,sh600909,,
20260917,sh600929,化工,周期资源
20260917,sh600936,机器人,机器人
20260917,sh600965,,
20260917,sh600975,,
20260917,sh600980,机器人,机器人
20260917,sh600984,化工,周期资源
20260917,sh600985,煤炭,周期资源
20260917,sh601002,,
20260917,sh601003,黑色,周期资源
20260917,sh601010,,
20260917,sh601038,智能驾驶,AI应用
20260917,sh601066,,
20260917,sh601086,,
20260917,sh601101,煤炭,周期资源
20260917,sh601108,,
20260917,sh601116,,
20260917,sh601121,黑色,周期资源
20260917,sh601123,黑色,周期资源
20260917,sh601136,,
20260917,sh601155,,
20260917,sh601162,,
20260917,sh601177,核电,新能源电网
20260917,sh601199,,
20260917,sh601233,油气,周期资源
20260917,sh601336,,
20260917,sh601366,,
20260917,sh601368,,
20260917,sh601566,,
20260917,sh601579,,
20260917,sh601588,,
20260917,sh601616,电网,新能源电网
20260917,sh601666,煤炭,周期资源
20260917,sh601686,黑色,周期资源
20260917,sh601696,,
20260917,sh601699,煤炭,周期资源
20260917,sh601700,电网,新能源电网
20260917,sh601702,有色,周期资源
20260917,sh601718,军工,军工航天
20260917,sh601789,算力,AI算力
20260917,sh601798,油气,周期资源
20260917,sh601872,航运,周期资源
20260917,sh601882,,
20260917,sh601886,光伏,新能源电网
20260917,sh601933,,
20260917,sh601952,,
20260917,sh601958,有色,周期资源
20260917,sh601996,,
20260917,sh601999,传媒,AI应用
20260917,sh603001,,
20260917,sh603005,半导体,AI算力
20260917,sh603008,医药,医药
20260917,sh603020,化工,周期资源
20260917,sh603021,,
20260917,sh603025,PCB,AI算力
20260917,sh603029,,
20260917,sh603032,储能,新能源电网
20260917,sh603036,油气,周期资源
20260917,sh603038,,
20260917,sh603039,AI应用,AI应用
20260917,sh603042,算力,AI算力
20260917,sh603048,,
20260917,sh603057,,
20260917,sh603061,半导体,AI算力
20260917,sh603065,化工,周期资源
20260917,sh603067,储能,新能源电网
20260917,sh603068,芯片,AI算力
20260917,sh603071,电力,新能源电网
20260917,sh603075,半导体,AI算力
20260917,sh603076,,
20260917,sh603078,半导体,AI算力
20260917,sh603089,机器人,机器人
20260917,sh603093,,
20260917,sh603095,,
20260917,sh603102,,
20260917,sh603115,,
20260917,sh603118,算力,AI算力
20260917,sh603122,医药,医药
20260917,sh603124,有色,周期资源
20260917,sh603127,医药,医药
20260917,sh603135,机器人,机器人
20260917,sh603136,,
20260917,sh603137,,
20260917,sh603151,,
20260917,sh603156,,
20260917,sh603159,,
20260917,sh603161,氢能,新能源电网
20260917,sh603171,算力,AI算力
20260917,sh603177,储能,新能源电网
20260917,sh603180,,
20260917,sh603189,AI应用,AI应用
20260917,sh603191,电网,新能源电网
20260917,sh603193,,
20260917,sh603196,储能,新能源电网
20260917,sh603197,智能驾驶,AI应用
20260917,sh603201,,
20260917,sh603210,AI应用,AI应用
20260917,sh603216,AI应用,AI应用
20260917,sh603221,,
20260917,sh603222,医药,医药
20260917,sh603223,油气,周期资源
20260917,sh603226,,
20260917,sh603236,机器人,机器人
20260917,sh603237,,
20260917,sh603261,军工,军工航天
20260917,sh603267,军工,军工航天
20260917,sh603268,军工,军工航天
20260917,sh603269,算力,AI算力
20260917,sh603272,,
20260917,sh603277,,
20260917,sh603285,化工,周期资源
20260917,sh603289,,
20260917,sh603303,储能,新能源电网
20260917,sh603306,光通信,AI算力
20260917,sh603311,,
20260917,sh603313,,
20260917,sh603317,,
20260917,sh603318,油气,周期资源
20260917,sh603325,,
20260917,sh603329,,
20260917,sh603333,电力,新能源电网
20260917,sh603335,存储,AI算力
20260917,sh603338,机器人,机器人
20260917,sh603348,储能,新能源电网
20260917,sh603352,机器人,机器人
20260917,sh603353,油气,周期资源
20260917,sh603355,,
20260917,sh603356,光伏,新能源电网
20260917,sh603359,,
20260917,sh603360,化工,周期资源
20260917,sh603363,,
20260917,sh603366,光伏,新能源电网
20260917,sh603369,,
20260917,sh603377,,
20260917,sh603378,化工,周期资源
20260917,sh603382,化工,周期资源
20260917,sh603389,新材料,周期资源
20260917,sh603398,电力,新能源电网
20260917,sh603402,,
20260917,sh603406,化工,周期资源
20260917,sh603429,化工,周期资源
20260917,sh603435,储能,新能源电网
20260917,sh603466,AI应用,AI应用
20260917,sh603477,,
20260917,sh603489,电力,新能源电网
20260917,sh603500,,
20260917,sh603516,芯片,AI算力
20260917,sh603517,,
20260917,sh603519,半导体,AI算力
20260917,sh603527,有色,周期资源
20260917,sh603538,医药,医药
20260917,sh603557,,
20260917,sh603559,低空经济,军工航天
20260917,sh603580,化工,周期资源
20260917,sh603595,消费电子,AI算力
20260917,sh603606,电网,新能源电网
20260917,sh603608,机器人,机器人
20260917,sh603615,,
20260917,sh603618,电网,新能源电网
20260917,sh603619,油气,周期资源
20260917,sh603629,消费电子,AI算力
20260917,sh603630,,
20260917,sh603637,氢能,新能源电网
20260917,sh603655,,
20260917,sh603657,,
20260917,sh603661,新材料,周期资源
20260917,sh603666,机器人,机器人
20260917,sh603668,,
20260917,sh603678,军工,军工航天
20260917,sh603682,,
20260917,sh603688,化工,周期资源
20260917,sh603696,,
20260917,sh603697,,
20260917,sh603708,,
20260917,sh603711,,
20260917,sh603713,,
20260917,sh603717,光伏,新能源电网
20260917,sh603718,医药,医药
20260917,sh603719,,
20260917,sh603721,传媒,AI应用
20260917,sh603722,化工,周期资源
20260917,sh603726,机器人,机器人
20260917,sh603727,油气,周期资源
20260917,sh603729,传媒,AI应用
20260917,sh603738,机器人,机器人
20260917,sh603739,化工,周期资源
20260917,sh603757,算力,AI算力
20260917,sh603759,储能,新能源电网
20260917,sh603773,消费电子,AI算力
20260917,sh603779,,
20260917,sh603789,智能驾驶,AI应用
20260917,sh603790,化工,周期资源
20260917,sh603797,,
20260917,sh603801,AI应用,AI应用
20260917,sh603808,,
20260917,sh603813,氢能,新能源电网
20260917,sh603815,,
20260917,sh603822,化工,周期资源
20260917,sh603828,,
20260917,sh603833,,
20260917,sh603838,,
20260917,sh603839,,
20260917,sh603843,储能,新能源电网
20260917,sh603848,,
20260917,sh603871,,
20260917,sh603877,,
20260917,sh603886,,
20260917,sh603903,芯片,AI算力
20260917,sh603919,,
20260917,sh603922,,
20260917,sh603933,机器人,机器人
20260917,sh603938,化工,周期资源
20260917,sh603955,,
20260917,sh603956,AI应用,AI应用
20260917,sh603959,储能,新能源电网
20260917,sh603969,核电,新能源电网
20260917,sh603976,医药,医药
20260917,sh603978,化工,周期资源
20260917,sh603983,,
20260917,sh603986,芯片,AI算力
20260917,sh603989,消费电子,AI算力
20260917,sh603991,半导体,AI算力
20260917,sh603992,机器人,机器人
20260917,sh603995,黑色,周期资源
20260917,sh603997,机器人,机器人
20260917,sh603999,传媒,AI应用
20260917,sh605016,化工,周期资源
20260917,sh605028,电力,新能源电网
20260917,sh605033,化工,周期资源
20260917,sh605077,化工,周期资源
20260917,sh605080,,
20260917,sh605089,,
20260917,sh605098,AI应用,AI应用
20260917,sh605099,,
20260917,sh605108,,
20260917,sh605151,,
20260917,sh605155,,
20260917,sh605166,化工,周期资源
20260917,sh605169,油气,周期资源
20260917,sh605178,存储,AI算力
20260917,sh605179,,
20260917,sh605180,元件,AI算力
20260917,sh605188,,
20260917,sh605189,机器人,机器人
20260917,sh605198,,
20260917,sh605199,医药,医药
20260917,sh605218,医药,医药
20260917,sh605255,氢能,新能源电网
20260917,sh605277,消费电子,AI算力
20260917,sh605287,传媒,AI应用
20260917,sh605296,,
20260917,sh605298,,
20260917,sh605299,消费电子,AI算力
20260917,sh605300,,
20260917,sh605319,半导体,AI算力
20260917,sh605336,电网,新能源电网
20260917,sh605337,,
20260917,sh605339,,
20260917,sh605358,半导体,AI算力
20260917,sh605388,,
20260917,sh605499,,
20260917,sh605507,医药,医药
20260917,sh605580,电力,新能源电网
20260917,sh688004,传媒,AI应用
20260917,sh688152,航天,军工航天
20260917,sh688169,机器人,机器人
20260917,sh688172,半导体,AI算力
20260917,sh688209,芯片,AI算力
20260917,sh688244,AI应用,AI应用
20260917,sh688281,军工,军工航天
20260917,sh688328,消费电子,AI算力
20260917,sh688333,低空经济,军工航天
20260917,sh688335,氢能,新能源电网
20260917,sh688367,,
20260917,sh688371,消费电子,AI算力
20260917,sh688432,半导体,AI算力
20260917,sh688478,半导体,AI算力
20260917,sh688496,消费电子,AI算力
20260917,sh688584,半导体,AI算力
20260917,sh688610,机器人,机器人
20260917,sh688622,医药,医药
20260917,sh688720,半导体,AI算力
20260917,sh688790,芯片,AI算力
20260917,sz000006,,
20260917,sz000007,,
20260917,sz000008,,
20260917,sz000009,储能,新能源电网
20260917,sz000010,,
20260917,sz000011,,
20260917,sz000016,半导体,AI算力
20260917,sz000019,,
20260917,sz000020,,
20260917,sz000021,消费电子,AI算力
20260917,sz000025,有色,周期资源
20260917,sz000029,,
20260917,sz000031,,
20260917,sz000035,氢能,新能源电网
20260917,sz000036,,
20260917,sz000042,,
20260917,sz000048,机器人,机器人
20260917,sz000055,光伏,新能源电网
20260917,sz000056,半导体,AI算力
20260917,sz000062,半导体,AI算力
20260917,sz000065,光伏,新能源电网
20260917,sz000068,新材料,周期资源
20260917,sz000078,医药,医药
20260917,sz000090,光伏,新能源电网
20260917,sz000151,电力,新能源电网
20260917,sz000153,医药,医药
20260917,sz000158,算力,AI算力
20260917,sz000301,化工,周期资源
20260917,sz000417,有色,周期资源
20260917,sz000428,,
20260917,sz000488,化工,周期资源
20260917,sz000505,,
20260917,sz000509,,
20260917,sz000510,化工,周期资源
20260917,sz000517,,
20260917,sz000518,医药,医药
20260917,sz000520,航运,周期资源
20260917,sz000521,医药,医药
20260917,sz000523,,
20260917,sz000524,低空经济,军工航天
20260917,sz000526,AI应用,AI应用
20260917,sz000532,储能,新能源电网
20260917,sz000554,油气,周期资源
20260917,sz000558,传媒,AI应用
20260917,sz000560,AI应用,AI应用
20260917,sz000564,,
20260917,sz000567,,
20260917,sz000572,储能,新能源电网
20260917,sz000576,军工,军工航天
20260917,sz000592,,
20260917,sz000593,储能,新能源电网
20260917,sz000595,电力,新能源电网
20260917,sz000596,,
20260917,sz000601,电力,新能源电网
20260917,sz000608,算力,AI算力
20260917,sz000609,半导体,AI算力
20260917,sz000610,,
20260917,sz000620,算力,AI算力
20260917,sz000626,医药,医药
20260917,sz000632,,
20260917,sz000635,化工,周期资源
20260917,sz000639,,
20260917,sz000656,,
20260917,sz000659,,
20260917,sz000668,,
20260917,sz000669,油气,周期资源
20260917,sz000672,化工,周期资源
20260917,sz000676,传媒,AI应用
20260917,sz000677,化工,周期资源
20260917,sz000679,,
20260917,sz000692,电力,新能源电网
20260917,sz000698,化工,周期资源
20260917,sz000702,,
20260917,sz000711,,
20260917,sz000712,,
20260917,sz000713,化工,周期资源
20260917,sz000715,,
20260917,sz000716,储能,新能源电网
20260917,sz000718,,
20260917,sz000721,,
20260917,sz000722,电力,新能源电网
20260917,sz000735,,
20260917,sz000736,,
20260917,sz000753,储能,新能源电网
20260917,sz000757,消费电子,AI算力
20260917,sz000759,,
20260917,sz000776,,
20260917,sz000783,,
20260917,sz000791,电力,新能源电网
20260917,sz000793,传媒,AI应用
20260917,sz000796,金融科技,AI应用
20260917,sz000798,,
20260917,sz000802,传媒,AI应用
20260917,sz000803,电力,新能源电网
20260917,sz000809,风电,新能源电网
20260917,sz000811,氢能,新能源电网
20260917,sz000812,,
20260917,sz000815,算力,AI算力
20260917,sz000820,,
20260917,sz000821,光伏,新能源电网
20260917,sz000826,储能,新能源电网
20260917,sz000833,化工,周期资源
20260917,sz000838,,
20260917,sz000839,AI应用,AI应用
20260917,sz000852,油气,周期资源
20260917,sz000863,AI应用,AI应用
20260917,sz000868,氢能,新能源电网
20260917,sz000876,,
20260917,sz000882,,
20260917,sz000889,金融科技,AI应用
20260917,sz000890,,
20260917,sz000892,传媒,AI应用
20260917,sz000903,氢能,新能源电网
20260917,sz000908,医药,医药
20260917,sz000909,储能,新能源电网
20260917,sz000911,,
20260917,sz000921,,
20260917,sz000926,,
20260917,sz000928,氢能,新能源电网
20260917,sz000930,,
20260917,sz000935,创新药,医药
20260917,sz000951,智能驾驶,AI应用
20260917,sz000962,核电,新能源电网
20260917,sz000965,,
20260917,sz000972,医药,医药
20260917,sz000973,储能,新能源电网
20260917,sz000978,,
20260917,sz000980,智能驾驶,AI应用
20260917,sz000981,智能驾驶,AI应用
20260917,sz000987,电力,新能源电网
20260917,sz000995,,
20260917,sz000998,,
20260917,sz001206,,
20260917,sz001207,化工,周期资源
20260917,sz001209,AI应用,AI应用
20260917,sz001211,,
20260917,sz001215,,
20260917,sz001221,,
20260917,sz001222,,
20260917,sz001225,,
20260917,sz001233,,
20260917,sz001237,,
20260917,sz001256,,
20260917,sz001259,,
20260917,sz001260,,
20260917,sz001267,光通信,AI算力
20260917,sz001279,化工,周期资源
20260917,sz001296,化工,周期资源
20260917,sz001300,,
20260917,sz001301,储能,新能源电网
20260917,sz001317,,
20260917,sz001318,,
20260917,sz001323,消费电子,AI算力
20260917,sz001328,医药,医药
20260917,sz001338,,
20260917,sz001359,储能,新能源电网
20260917,sz001366,,
20260917,sz001378,化工,周期资源
20260917,sz001387,PCB,AI算力
20260917,sz001388,电网,新能源电网
20260917,sz001395,,
20260917,sz001400,减速器,机器人
20260917,sz001896,电力,新能源电网
20260917,sz002005,,
20260917,sz002012,化工,周期资源
20260917,sz002014,,
20260917,sz002024,,
20260917,sz002030,医药,医药
20260917,sz002037,化工,周期资源
20260917,sz002040,航运,周期资源
20260917,sz002041,,
20260917,sz002042,电力,新能源电网
20260917,sz002045,消费电子,AI算力
20260917,sz002046,机器人,机器人
20260917,sz002051,算力,AI算力
20260917,sz002052,储能,新能源电网
20260917,sz002055,消费电子,AI算力
20260917,sz002056,光伏,新能源电网
20260917,sz002066,,
20260917,sz002067,化工,周期资源
20260917,sz002068,化工,周期资源
20260917,sz002072,存储,AI算力
20260917,sz002076,储能,新能源电网
20260917,sz002082,医药,医药
20260917,sz002083,储能,新能源电网
20260917,sz002084,,
20260917,sz002088,储能,新能源电网
20260917,sz002095,传媒,AI应用
20260917,sz002098,金融科技,AI应用
20260917,sz002102,医药,医药
20260917,sz002109,化工,周期资源
20260917,sz002122,,
20260917,sz002124,,
20260917,sz002125,储能,新能源电网
20260917,sz002133,,
20260917,sz002138,消费电子,AI算力
20260917,sz002146,低空经济,军工航天
20260917,sz002156,半导体,AI算力
20260917,sz002159,,
20260917,sz002160,有色,周期资源
20260917,sz002162,机器人,机器人
20260917,sz002168,电网,新能源电网
20260917,sz002172,医药,医药
20260917,sz002175,芯片,AI算力
20260917,sz002180,芯片,AI算力
20260917,sz002185,半导体,AI算力
20260917,sz002192,储能,新能源电网
20260917,sz002193,,
20260917,sz002198,医药,医药
20260917,sz002199,,
20260917,sz002200,,
20260917,sz002201,化工,周期资源
20260917,sz002207,油气,周期资源
20260917,sz002208,,
20260917,sz002209,机器人,机器人
20260917,sz002211,化工,周期资源
20260917,sz002212,AI应用,AI应用
20260917,sz002214,军工,军工航天
20260917,sz002217,PCB,AI算力
20260917,sz002225,氢能,新能源电网
20260917,sz002227,电力,新能源电网
20260917,sz002232,AI应用,AI应用
20260917,sz002243,新材料,周期资源
20260917,sz002244,储能,新能源电网
20260917,sz002245,储能,新能源电网
20260917,sz002248,芯片,AI算力
20260917,sz002250,化工,周期资源
20260917,sz002251,,
20260917,sz002253,军工,军工航天
20260917,sz002254,储能,新能源电网
20260917,sz002258,化工,周期资源
20260917,sz002264,传媒,AI应用
20260917,sz002274,化工,周期资源
20260917,sz002277,机器人,机器人
20260917,sz002279,AI应用,AI应用
20260917,sz002281,光通信,AI算力
20260917,sz002284,机器人,机器人
20260917,sz002285,,
20260917,sz002286,,
20260917,sz002289,算力,AI算力
20260917,sz002292,传媒,AI应用
20260917,sz002298,算力,AI算力
20260917,sz002300,电网,新能源电网
20260917,sz002302,化工,周期资源
20260917,sz002303,消费电子,AI算力
20260917,sz002305,,
20260917,sz002306,光伏,新能源电网
20260917,sz002309,电网,新能源电网
20260917,sz002310,光伏,新能源电网
20260917,sz002314,储能,新能源电网
20260917,sz002321,,
20260917,sz002322,电网,新能源电网
20260917,sz002323,电力,新能源电网
20260917,sz002329,光伏,新能源电网
20260917,sz002333,光伏,新能源电网
20260917,sz002346,储能,新能源电网
20260917,sz002348,算力,AI算力
20260917,sz002353,油气,周期资源
20260917,sz002356,氢能,新能源电网
20260917,sz002357,卫星,军工航天
20260917,sz002360,化工,周期资源
20260917,sz002362,机器人,机器人
20260917,sz002364,算力,AI算力
20260917,sz002365,医药,医药
20260917,sz002369,消费电子,AI算力
20260917,sz002374,,
20260917,sz002375,,
20260917,sz002377,油气,周期资源
20260917,sz002379,有色,周期资源
20260917,sz002384,消费电子,AI算力
20260917,sz002385,医药,医药
20260917,sz002396,光通信,AI算力
20260917,sz002397,,
20260917,sz002404,电力,新能源电网
20260917,sz002407,化工,周期资源
20260917,sz002409,半导体,AI算力
20260917,sz002414,军工,军工航天
20260917,sz002423,,
20260917,sz002424,医药,医药
20260917,sz002427,化工,周期资源
20260917,sz002431,,
20260917,sz002432,医药,医药
20260917,sz002436,消费电子,AI算力
20260917,sz002442,化工,周期资源
20260917,sz002445,电力,新能源电网
20260917,sz002457,,
20260917,sz002458,,
20260917,sz002468,,
20260917,sz002471,电网,新能源电网
20260917,sz002483,船舶,军工航天
20260917,sz002484,军工,军工航天
20260917,sz002485,,
20260917,sz002490,油气,周期资源
20260917,sz002491,,
20260917,sz002496,化工,周期资源
20260917,sz002497,储能,新能源电网
20260917,sz002498,电网,新能源电网
20260917,sz002501,有色,周期资源
20260917,sz002512,算力,AI算力
20260917,sz002514,储能,新能源电网
20260917,sz002528,消费电子,AI算力
20260917,sz002531,风电,新能源电网
20260917,sz002536,氢能,新能源电网
20260917,sz002538,化工,周期资源
20260917,sz002542,传媒,AI应用
20260917,sz002543,,
20260917,sz002546,电力,新能源电网
20260917,sz002547,储能,新能源电网
20260917,sz002548,,
20260917,sz002552,PCB,AI算力
20260917,sz002564,核电,新能源电网
20260917,sz002568,,
20260917,sz002569,,
20260917,sz002570,AI应用,AI应用
20260917,sz002579,消费电子,AI算力
20260917,sz002581,医药,医药
20260917,sz002582,,
20260917,sz002586,传媒,AI应用
20260917,sz002592,消费电子,AI算力
20260917,sz002596,化工,周期资源
20260917,sz002597,化工,周期资源
20260917,sz002598,储能,新能源电网
20260917,sz002607,AI应用,AI应用
20260917,sz002612,,
20260917,sz002613,化工,周期资源
20260917,sz002615,消费电子,AI算力
20260917,sz002617,电力,新能源电网
20260917,sz002620,电力,新能源电网
20260917,sz002622,医药,医药
20260917,sz002626,,
20260917,sz002627,,
20260917,sz002629,油气,周期资源
20260917,sz002630,电力,新能源电网
20260917,sz002632,储能,新能源电网
20260917,sz002634,新材料,周期资源
20260917,sz002638,,
20260917,sz002640,消费电子,AI算力
20260917,sz002650,,
20260917,sz002656,,
20260917,sz002659,消费电子,AI算力
20260917,sz002661,,
20260917,sz002667,储能,新能源电网
20260917,sz002668,,
20260917,sz002670,,
20260917,sz002674,机器人,机器人
20260917,sz002677,AI应用,AI应用
20260917,sz002679,,
20260917,sz002682,氢能,新能源电网
20260917,sz002686,军工,军工航天
20260917,sz002687,,
20260917,sz002688,化工,周期资源
20260917,sz002689,机器人,机器人
20260917,sz002691,机器人,机器人
20260917,sz002693,医药,医药
20260917,sz002694,,
20260917,sz002696,,
20260917,sz002700,油气,周期资源
20260917,sz002702,,
20260917,sz002713,算力,AI算力
20260917,sz002717,消费电子,AI算力
20260917,sz002718,,
20260917,sz002719,,
20260917,sz002724,军工,军工航天
20260917,sz002726,,
20260917,sz002731,储能,新能源电网
20260917,sz002735,低空经济,军工航天
20260917,sz002742,医药,医药
20260917,sz002743,,
20260917,sz002745,PCB,AI算力
20260917,sz002759,化工,周期资源
20260917,sz002762,,
20260917,sz002774,,
20260917,sz002775,,
20260917,sz002786,消费电子,AI算力
20260917,sz002789,,
20260917,sz002790,,
20260917,sz002791,,
20260917,sz002800,,
20260917,sz002815,消费电子,AI算力
20260917,sz002816,PCB,AI算力
20260917,sz002819,医药,医药
20260917,sz002820,,
20260917,sz002821,医药,医药
20260917,sz002822,,
20260917,sz002824,有色,周期资源
20260917,sz002826,医药,医药
20260917,sz002827,化工,周期资源
20260917,sz002828,油气,周期资源
20260917,sz002829,航天,军工航天
20260917,sz002830,,
20260917,sz002836,化工,周期资源
20260917,sz002840,,
20260917,sz002841,消费电子,AI算力
20260917,sz002845,消费电子,AI算力
20260917,sz002848,航天,军工航天
20260917,sz002851,储能,新能源电网
20260917,sz002852,,
20260917,sz002856,,
20260917,sz002860,光伏,新能源电网
20260917,sz002868,化工,周期资源
20260917,sz002871,算力,AI算力
20260917,sz002872,医药,医药
20260917,sz002875,,
20260917,sz002876,消费电子,AI算力
20260917,sz002879,电网,新能源电网
20260917,sz002883,低空经济,军工航天
20260917,sz002888,消费电子,AI算力
20260917,sz002891,,
20260917,sz002893,电力,新能源电网
20260917,sz002896,机器人,机器人
20260917,sz002907,医药,医药
20260917,sz002910,,
20260917,sz002912,AI应用,AI应用
20260917,sz002915,化工,周期资源
20260917,sz002916,消费电子,AI算力
20260917,sz002928,,
20260917,sz002929,算力,AI算力
20260917,sz002945,,
20260917,sz002949,AI应用,AI应用
20260917,sz002951,电力,新能源电网
20260917,sz002955,算力,AI算力
20260917,sz002956,,
20260917,sz002957,消费电子,AI算力
20260917,sz002960,机器人,机器人
20260917,sz002961,,
20260917,sz002969,,
20260917,sz002975,消费电子,AI算力
20260917,sz002977,军工,军工航天
20260917,sz002979,机器人,机器人
20260917,sz002980,储能,新能源电网
20260917,sz002982,,
20260917,sz002983,PCB,AI算力
20260917,sz002988,有色,周期资源
20260917,sz002998,化工,周期资源
20260917,sz003001,核电,新能源电网
20260917,sz003004,AI应用,AI应用
20260917,sz003005,AI应用,AI应用
20260917,sz003006,,
20260917,sz003010,,
20260917,sz003011,,
20260917,sz003018,算力,AI算力
20260917,sz003029,AI应用,AI应用
20260917,sz003030,,
20260917,sz003032,机器人,机器人
20260917,sz003036,机器人,机器人
20260917,sz003039,电力,新能源电网
20260917,sz003041,,
20260917,sz300020,算力,AI算力
20260917,sz300044,机器人,机器人
20260917,sz300068,储能,新能源电网
20260917,sz300069,电网,新能源电网
20260917,sz300085,AI应用,AI应用
20260917,sz300103,储能,新能源电网
20260917,sz300152,氢能,新能源电网
20260917,sz300163,化工,周期资源
20260917,sz300167,算力,AI算力
20260917,sz300169,消费电子,AI算力
20260917,sz300189,,
20260917,sz300197,,
20260917,sz300212,算力,AI算力
20260917,sz300214,算力,AI算力
20260917,sz300289,医药,医药
20260917,sz300311,AI应用,AI应用
20260917,sz300313,,
20260917,sz300321,化工,周期资源
20260917,sz300334,芯片,AI算力
20260917,sz300359,AI应用,AI应用
20260917,sz300385,,
20260917,sz300401,医药,医药
20260917,sz300456,半导体,AI算力
20260917,sz300469,AI应用,AI应用
20260917,sz300515,,
20260917,sz300540,氢能,新能源电网
20260917,sz300566,消费电子,AI算力
20260917,sz300598,智能驾驶,AI应用
20260917,sz300615,储能,新能源电网
20260917,sz300616,机器人,机器人
20260917,sz300626,电力,新能源电网
20260917,sz300642,医药,医药
20260917,sz300649,,
20260917,sz300684,消费电子,AI算力
20260917,sz300720,半导体,AI算力
20260917,sz300737,,
20260917,sz300740,,
20260917,sz300741,化工,周期资源
20260917,sz300779,有色,周期资源
20260917,sz300834,化工,周期资源
20260917,sz300897,AI应用,AI应用
20260917,sz300929,氢能,新能源电网
20260917,sz300931,,
20260917,sz300961,,
20260917,sz300964,光通信,AI算力
20260917,sz300970,,
20260917,sz300981,医药,医药
20260917,sz300985,氢能,新能源电网
20260917,sz300996,AI应用,AI应用
20260917,sz300997,,
20260917,sz301019,化工,周期资源
20260917,sz301030,光伏,新能源电网
20260917,sz301045,消费电子,AI算力
20260917,sz301081,,
20260917,sz301106,医药,医药
20260917,sz301115,光伏,新能源电网
20260917,sz301121,储能,新能源电网
20260917,sz301123,消费电子,AI算力
20260917,sz301139,储能,新能源电网
20260917,sz301151,算力,AI算力
20260917,sz301188,医药,医药
20260917,sz301193,,
20260917,sz301227,,
20260917,sz301234,医药,医药
20260917,sz301251,消费电子,AI算力
20260917,sz301322,半导体,AI算力
20260917,sz301349,电力,新能源电网
20260917,sz301356,,
20260917,sz301379,低空经济,军工航天
20260917,sz301390,AI应用,AI应用
20260917,sz301396,算力,AI算力
20260917,sz301449,储能,新能源电网
20260917,sz301520,创新药,医药
20260917,sz301565,储能,新能源电网
20260917,sz301583,半导体,AI算力
20260917,sz301599,储能,新能源电网
20260917,sz301607,半导体,AI算力
20260917,sz301630,半导体,AI算力
20260917,sz301667,储能,新能源电网
20260917,bj920305,,
20260917,sh600636,,
20260917,sh600696,,
20260917,sh605081,,
20260917,sz000004,,
20260917,sz002808,,
20260917,bj920008,军工,军工航天
20260917,bj920010,算力,AI算力
20260917,bj920016,化工,周期资源
20260917,bj920030,储能,新能源电网
20260917,bj920036,,
20260917,bj920045,光通信,AI算力
20260917,bj920060,消费电子,AI算力
20260917,bj920098,化工,周期资源
20260917,bj920119,储能,新能源电网
20260917,bj920125,PCB,AI算力
20260917,bj920149,光伏,新能源电网
20260917,bj920179,半导体,AI算力
20260917,bj920200,风电,新能源电网
20260917,bj920225,化工,周期资源
20260917,bj920455,,
20260917,bj920469,化工,周期资源
20260917,bj920527,新材料,周期资源
20260917,bj920694,化工,周期资源
20260917,bj920706,,
20260917,bj920718,,
20260917,bj920748,AI应用,AI应用
20260917,bj920786,,
20260917,bj920957,化工,周期资源
20260917,bj920976,,
20260917,sh600007,,
20260917,sh600017,航运,周期资源
20260917,sh600027,电力,新能源电网
20260917,sh600035,,
20260917,sh600039,储能,新能源电网
20260917,sh600060,AI应用,AI应用
20260917,sh600097,,
20260917,sh600104,智能驾驶,AI应用
20260917,sh600150,军工,军工航天
20260917,sh600159,,
20260917,sh600212,储能,新能源电网
20260917,sh600256,煤炭,周期资源
20260917,sh600333,油气,周期资源
20260917,sh600377,,
20260917,sh600435,军工,军工航天
20260917,sh600483,电力,新能源电网
20260917,sh600498,算力,AI算力
20260917,sh600501,核电,新能源电网
20260917,sh600522,储能,新能源电网
20260917,sh600562,军工,军工航天
20260917,sh600622,,
20260917,sh600685,军工,军工航天
20260917,sh600710,光伏,新能源电网
20260917,sh600740,化工,周期资源
20260917,sh600764,军工,军工航天
20260917,sh600780,电力,新能源电网
20260917,sh600803,氢能,新能源电网
20260917,sh600855,军工,军工航天
20260917,sh600864,,
20260917,sh600893,军工,军工航天
20260917,sh600908,,
20260917,sh600977,传媒,AI应用
20260917,sh601107,储能,新能源电网
20260917,sh601112,化工,周期资源
20260917,sh601169,,
20260917,sh601226,氢能,新能源电网
20260917,sh601279,,
20260917,sh601298,航运,周期资源
20260917,sh601319,,
20260917,sh601326,航运,周期资源
20260917,sh601328,金融科技,AI应用
20260917,sh601333,,
20260917,sh601512,储能,新能源电网
20260917,sh601599,传媒,AI应用
20260917,sh601601,,
20260917,sh601658,,
20260917,sh601665,,
20260917,sh601838,,
20260917,sh601988,金融科技,AI应用
20260917,sh601998,,
20260917,sh603000,AI应用,AI应用
20260917,sh603055,,
20260917,sh603088,算力,AI算力
20260917,sh603103,传媒,AI应用
20260917,sh603117,,
20260917,sh603158,氢能,新能源电网
20260917,sh603172,化工,周期资源
20260917,sh603176,,
20260917,sh603235,化工,周期资源
20260917,sh603257,有色,周期资源
20260917,sh603320,电力,新能源电网
20260917,sh603321,AI应用,AI应用
20260917,sh603323,,
20260917,sh603408,,
20260917,sh603418,机器人,机器人
20260917,sh603558,,
20260917,sh603583,机器人,机器人
20260917,sh603613,AI应用,AI应用
20260917,sh603683,消费电子,AI算力
20260917,sh603686,智能驾驶,AI应用
20260917,sh603766,储能,新能源电网
20260917,sh603868,,
20260917,sh603889,,
20260917,sh603917,,
20260917,sh605003,,
20260917,sh605008,化工,周期资源
20260917,sh605158,有色,周期资源
20260917,sh605183,化工,周期资源
20260917,sh605222,电力,新能源电网
20260917,sh688002,军工,军工航天
20260917,sh688023,AI应用,AI应用
20260917,sh688025,消费电子,AI算力
20260917,sh688026,医药,医药
20260917,sh688028,机器人,机器人
20260917,sh688029,医药,医药
20260917,sh688030,消费电子,AI算力
20260917,sh688033,低空经济,军工航天
20260917,sh688035,消费电子,AI算力
20260917,sh688053,军工,军工航天
20260917,sh688061,芯片,AI算力
20260917,sh688069,氢能,新能源电网
20260917,sh688078,机器人,机器人
20260917,sh688089,化工,周期资源
20260917,sh688116,储能,新能源电网
20260917,sh688132,军工,军工航天
20260917,sh688135,半导体,AI算力
20260917,sh688138,半导体,AI算力
20260917,sh688150,消费电子,AI算力
20260917,sh688156,,
20260917,sh688159,电网,新能源电网
20260917,sh688168,AI应用,AI应用
20260917,sh688170,消费电子,AI算力
20260917,sh688181,半导体,AI算力
20260917,sh688195,医药,医药
20260917,sh688199,化工,周期资源
20260917,sh688201,金融科技,AI应用
20260917,sh688203,化工,周期资源
20260917,sh688205,光通信,AI算力
20260917,sh688215,,
20260917,sh688218,机器人,机器人
20260917,sh688225,卫星,军工航天
20260917,sh688230,半导体,AI算力
20260917,sh688239,航天,军工航天
20260917,sh688248,电网,新能源电网
20260917,sh688256,芯片,AI算力
20260917,sh688267,化工,周期资源
20260917,sh688279,芯片,AI算力
20260917,sh688292,AI应用,AI应用
20260917,sh688297,军工,军工航天
20260917,sh688330,电网,新能源电网
20260917,sh688359,储能,新能源电网
20260917,sh688370,,
20260917,sh688383,机器人,机器人
20260917,sh688448,,
20260917,sh688455,智能驾驶,AI应用
20260917,sh688458,半导体,AI算力
20260917,sh688498,半导体,AI算力
20260917,sh688501,,
20260917,sh688508,芯片,AI算力
20260917,sh688510,军工,军工航天
20260917,sh688511,军工,军工航天
20260917,sh688518,储能,新能源电网
20260917,sh688519,消费电子,AI算力
20260917,sh688521,芯片,AI算力
20260917,sh688531,储能,新能源电网
20260917,sh688535,半导体,AI算力
20260917,sh688536,芯片,AI算力
20260917,sh688543,军工,军工航天
20260917,sh688552,军工,军工航天
20260917,sh688559,储能,新能源电网
20260917,sh688561,AI应用,AI应用
20260917,sh688563,军工,军工航天
20260917,sh688585,机器人,机器人
20260917,sh688586,军工,军工航天
20260917,sh688591,芯片,AI算力
20260917,sh688595,芯片,AI算力
20260917,sh688601,芯片,AI算力
20260917,sh688605,半导体,AI算力
20260917,sh688609,AI应用,AI应用
20260917,sh688611,电网,新能源电网
20260917,sh688612,低空经济,军工航天
20260917,sh688613,医药,医药
20260917,sh688620,芯片,AI算力
20260917,sh688621,医药,医药
20260917,sh688625,化工,周期资源
20260917,sh688646,储能,新能源电网
20260917,sh688656,医药,医药
20260917,sh688660,风电,新能源电网
20260917,sh688678,消费电子,AI算力
20260917,sh688679,,
20260917,sh688686,储能,新能源电网
20260917,sh688696,,
20260917,sh688699,芯片,AI算力
20260917,sh688700,PCB,AI算力
20260917,sh688719,电力,新能源电网
20260917,sh688758,医药,医药
20260917,sh688785,电力,新能源电网
20260917,sh688799,医药,医药
20260917,sh688800,储能,新能源电网
20260917,sh688807,半导体,AI算力
20260917,sh688809,半导体,AI算力
20260917,sz000045,,
20260917,sz000550,智能驾驶,AI应用
20260917,sz000561,军工,军工航天
20260917,sz000607,传媒,AI应用
20260917,sz000663,,
20260917,sz000690,电力,新能源电网
20260917,sz000697,军工,军工航天
20260917,sz000728,,
20260917,sz000738,军工,军工航天
20260917,sz000807,有色,周期资源
20260917,sz000828,储能,新能源电网
20260917,sz000905,航运,周期资源
20260917,sz000906,储能,新能源电网
20260917,sz000923,黑色,周期资源
20260917,sz000985,油气,周期资源
20260917,sz001201,,
20260917,sz001228,,
20260917,sz001368,医药,医药
20260917,sz001380,机器人,机器人
20260917,sz001965,光伏,新能源电网
20260917,sz002003,,
20260917,sz002026,储能,新能源电网
20260917,sz002069,,
20260917,sz002100,医药,医药
20260917,sz002127,,
20260917,sz002145,化工,周期资源
20260917,sz002171,有色,周期资源
20260917,sz002222,智能驾驶,AI应用
20260917,sz002363,智能驾驶,AI应用
20260917,sz002389,军工,军工航天
20260917,sz002394,AI应用,AI应用
20260917,sz002413,军工,军工航天
20260917,sz002443,油气,周期资源
20260917,sz002492,,
20260917,sz002510,低空经济,军工航天
20260917,sz002516,机器人,机器人
20260917,sz002561,,
20260917,sz002574,光伏,新能源电网
20260917,sz002602,传媒,AI应用
20260917,sz002614,医药,医药
20260917,sz002712,传媒,AI应用
20260917,sz002752,,
20260917,sz002758,医药,医药
20260917,sz002785,核电,新能源电网
20260917,sz002807,,
20260917,sz002813,智能驾驶,AI应用
20260917,sz002905,传媒,AI应用
20260917,sz003816,电力,新能源电网
20260917,sz300008,军工,军工航天
20260917,sz300010,AI应用,AI应用
20260917,sz300013,卫星,军工航天
20260917,sz300025,算力,AI算力
20260917,sz300032,消费电子,AI算力
20260917,sz300037,储能,新能源电网
20260917,sz300049,医药,医药
20260917,sz300050,消费电子,AI算力
20260917,sz300061,AI应用,AI应用
20260917,sz300079,金融科技,AI应用
20260917,sz300081,传媒,AI应用
20260917,sz300095,机器人,机器人
20260917,sz300106,,
20260917,sz300123,军工,军工航天
20260917,sz300125,光伏,新能源电网
20260917,sz300128,消费电子,AI算力
20260917,sz300135,油气,周期资源
20260917,sz300151,半导体,AI算力
20260917,sz300153,电力,新能源电网
20260917,sz300154,机器人,机器人
20260917,sz300192,芯片,AI算力
20260917,sz300195,储能,新能源电网
20260917,sz300207,储能,新能源电网
20260917,sz300225,化工,周期资源
20260917,sz300232,消费电子,AI算力
20260917,sz300234,氢能,新能源电网
20260917,sz300235,AI应用,AI应用
20260917,sz300237,储能,新能源电网
20260917,sz300245,算力,AI算力
20260917,sz300252,军工,军工航天
20260917,sz300281,航天,军工航天
20260917,sz300285,元件,AI算力
20260917,sz300290,算力,AI算力
20260917,sz300292,智能驾驶,AI应用
20260917,sz300300,算力,AI算力
20260917,sz300301,半导体,AI算力
20260917,sz300305,化工,周期资源
20260917,sz300327,芯片,AI算力
20260917,sz300338,电力,新能源电网
20260917,sz300352,AI应用,AI应用
20260917,sz300395,军工,军工航天
20260917,sz300399,算力,AI算力
20260917,sz300400,消费电子,AI算力
20260917,sz300408,氢能,新能源电网
20260917,sz300410,储能,新能源电网
20260917,sz300424,军工,军工航天
20260917,sz300428,低空经济,军工航天
20260917,sz300429,半导体,AI算力
20260917,sz300430,医药,医药
20260917,sz300447,军工,军工航天
20260917,sz300457,储能,新能源电网
20260917,sz300461,消费电子,AI算力
20260917,sz300473,氢能,新能源电网
20260917,sz300477,储能,新能源电网
20260917,sz300478,化工,周期资源
20260917,sz300488,机器人,机器人
20260917,sz300491,电力,新能源电网
20260917,sz300497,医药,医药
20260917,sz300498,消费电子,AI算力
20260917,sz300499,储能,新能源电网
20260917,sz300504,消费电子,AI算力
20260917,sz300517,,
20260917,sz300523,机器人,机器人
20260917,sz300537,半导体,AI算力
20260917,sz300550,AI应用,AI应用
20260917,sz300551,金融科技,AI应用
20260917,sz300553,军工,军工航天
20260917,sz300554,半导体,AI算力
20260917,sz300559,AI应用,AI应用
20260917,sz300562,医药,医药
20260917,sz300569,风电,新能源电网
20260917,sz300572,,
20260917,sz300575,化工,周期资源
20260917,sz300579,AI应用,AI应用
20260917,sz300585,储能,新能源电网
20260917,sz300586,储能,新能源电网
20260917,sz300600,军工,军工航天
20260917,sz300611,机器人,机器人
20260917,sz300613,芯片,AI算力
20260917,sz300623,半导体,AI算力
20260917,sz300629,军工,军工航天
20260917,sz300647,消费电子,AI算力
20260917,sz300648,储能,新能源电网
20260917,sz300662,,
20260917,sz300670,电网,新能源电网
20260917,sz300672,芯片,AI算力
20260917,sz300673,,
20260917,sz300674,AI应用,AI应用
20260917,sz300689,算力,AI算力
20260917,sz300690,风电,新能源电网
20260917,sz300708,半导体,AI算力
20260917,sz300716,化工,周期资源
20260917,sz300727,化工,周期资源
20260917,sz300729,,
20260917,sz300731,化工,周期资源
20260917,sz300736,消费电子,AI算力
20260917,sz300739,芯片,AI算力
20260917,sz300747,PCB,AI算力
20260917,sz300749,航天,军工航天
20260917,sz300752,消费电子,AI算力
20260917,sz300756,机器人,机器人
20260917,sz300757,光通信,AI算力
20260917,sz300761,,
20260917,sz300767,化工,周期资源
20260917,sz300776,光伏,新能源电网
20260917,sz300798,化工,周期资源
20260917,sz300806,消费电子,AI算力
20260917,sz300808,,
20260917,sz300811,有色,周期资源
20260917,sz300816,算力,AI算力
20260917,sz300817,减速器,机器人
20260917,sz300820,储能,新能源电网
20260917,sz300825,AI应用,AI应用
20260917,sz300829,化工,周期资源
20260917,sz300833,传媒,AI应用
20260917,sz300836,机器人,机器人
20260917,sz300842,光伏,新能源电网
20260917,sz300845,军工,军工航天
20260917,sz300850,风电,新能源电网
20260917,sz300855,有色,周期资源
20260917,sz300857,消费电子,AI算力
20260917,sz300864,,
20260917,sz300866,消费电子,AI算力
20260917,sz300889,储能,新能源电网
20260917,sz300891,化工,周期资源
20260917,sz300900,军工,军工航天
20260917,sz300902,低空经济,军工航天
20260917,sz300904,风电,新能源电网
20260917,sz300905,化工,周期资源
20260917,sz300909,消费电子,AI算力
20260917,sz300913,智能驾驶,AI应用
20260917,sz300917,算力,AI算力
20260917,sz300938,低空经济,军工航天
20260917,sz300943,油气,周期资源
20260917,sz300950,氢能,新能源电网
20260917,sz300951,消费电子,AI算力
20260917,sz300969,机器人,机器人
20260917,sz300977,半导体,AI算力
20260917,sz300987,传媒,AI应用
20260917,sz300988,算力,AI算力
20260917,sz300989,算力,AI算力
20260917,sz300990,算力,AI算力
20260917,sz300991,有色,周期资源
20260917,sz300998,机器人,机器人
20260917,sz301007,机器人,机器人
20260917,sz301016,储能,新能源电网
20260917,sz301018,军工,军工航天
20260917,sz301021,半导体,AI算力
20260917,sz301025,传媒,AI应用
20260917,sz301027,AI应用,AI应用
20260917,sz301031,储能,新能源电网
20260917,sz301038,AI应用,AI应用
20260917,sz301041,军工,军工航天
20260917,sz301043,,
20260917,sz301046,机器人,机器人
20260917,sz301056,军工,军工航天
20260917,sz301059,化工,周期资源
20260917,sz301061,,
20260917,sz301067,消费电子,AI算力
20260917,sz301075,医药,医药
20260917,sz301086,消费电子,AI算力
20260917,sz301087,医药,医药
20260917,sz301108,,
20260917,sz301119,,
20260917,sz301122,医药,医药
20260917,sz301125,机器人,机器人
20260917,sz301128,消费电子,AI算力
20260917,sz301148,,
20260917,sz301149,化工,周期资源
20260917,sz301182,有色,周期资源
20260917,sz301183,智能驾驶,AI应用
20260917,sz301189,消费电子,AI算力
20260917,sz301210,储能,新能源电网
20260917,sz301212,化工,周期资源
20260917,sz301220,化工,周期资源
20260917,sz301225,PEEK,机器人
20260917,sz301252,机器人,机器人
20260917,sz301265,存储,AI算力
20260917,sz301280,机器人,机器人
20260917,sz301281,医药,医药
20260917,sz301286,化工,周期资源
20260917,sz301287,,
20260917,sz301297,半导体,AI算力
20260917,sz301300,化工,周期资源
20260917,sz301306,军工,军工航天
20260917,sz301320,机器人,机器人
20260917,sz301325,储能,新能源电网
20260917,sz301330,机器人,机器人
20260917,sz301355,化工,周期资源
20260917,sz301359,,
20260917,sz301360,消费电子,AI算力
20260917,sz301372,,
20260917,sz301376,AI应用,AI应用
20260917,sz301380,AI应用,AI应用
20260917,sz301389,消费电子,AI算力
20260917,sz301392,储能,新能源电网
20260917,sz301398,低空经济,军工航天
20260917,sz301446,,
20260917,sz301448,机器人,机器人
20260917,sz301456,风电,新能源电网
20260917,sz301479,机器人,机器人
20260917,sz301500,电力,新能源电网
20260917,sz301505,低空经济,军工航天
20260917,sz301511,储能,新能源电网
20260917,sz301533,电网,新能源电网
20260917,sz301551,传媒,AI应用
20260917,sz301555,化工,周期资源
20260917,sz301571,军工,军工航天
20260917,sz301585,化工,周期资源
20260917,sz301589,芯片,AI算力
20260917,sz301592,军工,军工航天
20260917,sz301595,化工,周期资源
20260917,sz301617,化工,周期资源
20260917,sz301629,半导体,AI算力
20260917,sz301633,算力,AI算力
20260917,sz301678,半导体,AI算力
20260917,sz301680,电网,新能源电网
20260918,bj920001,,
20260918,bj920006,军工,军工航天
20260918,bj920021,传媒,AI应用
20260918,bj920035,算力,AI算力
20260918,bj920075,AI应用,AI应用
20260918,bj920083,化工,周期资源
20260918,bj920087,,
20260918,bj920090,AI应用,AI应用
20260918,bj920092,AI应用,AI应用
20260918,bj920117,储能,新能源电网
20260918,bj920122,,
20260918,bj920128,储能,新能源电网
20260918,bj920130,AI应用,AI应用
20260918,bj920161,化工,周期资源
20260918,bj920176,,
20260918,bj920178,消费电子,AI算力
20260918,bj920190,消费电子,AI算力
20260918,bj920193,电力,新能源电网
20260918,bj920211,机器人,机器人
20260918,bj920212,消费电子,AI算力
20260918,bj920221,减速器,机器人
20260918,bj920222,电网,新能源电网
20260918,bj920223,算力,AI算力
20260918,bj920249,储能,新能源电网
20260918,bj920268,医药,医药
20260918,bj920298,半导体,AI算力
20260918,bj920344,医药,医药
20260918,bj920357,消费电子,AI算力
20260918,bj920367,医药,医药
20260918,bj920371,,
20260918,bj920394,化工,周期资源
20260918,bj920510,机器人,机器人
20260918,bj920592,AI应用,AI应用
20260918,bj920634,有色,周期资源
20260918,bj920662,算力,AI算力
20260918,bj920685,,
20260918,bj920699,消费电子,AI算力
20260918,bj920725,半导体,AI算力
20260918,bj920790,,
20260918,bj920821,光通信,AI算力
20260918,bj920855,,
20260918,bj920856,机器人,机器人
20260918,bj920857,消费电子,AI算力
20260918,bj920876,消费电子,AI算力
20260918,bj920895,,
20260918,bj920961,卫星,军工航天
20260918,sh600052,储能,新能源电网
20260918,sh600053,机器人,机器人
20260918,sh600059,,
20260918,sh600080,医药,医药
20260918,sh600082,,
20260918,sh600084,,
20260918,sh600088,传媒,AI应用
20260918,sh600095,,
20260918,sh600107,油气,周期资源
20260918,sh600108,,
20260918,sh600113,,
20260918,sh600119,,
20260918,sh600120,,
20260918,sh600127,,
20260918,sh600130,消费电子,AI算力
20260918,sh600162,算力,AI算力
20260918,sh600165,化工,周期资源
20260918,sh600172,新材料,周期资源
20260918,sh600178,低空经济,军工航天
20260918,sh600180,,
20260918,sh600182,,
20260918,sh600185,,
20260918,sh600187,储能,新能源电网
20260918,sh600191,,
20260918,sh600199,,
20260918,sh600206,半导体,AI算力
20260918,sh600227,化工,周期资源
20260918,sh600228,传媒,AI应用
20260918,sh600233,,
20260918,sh600237,,
20260918,sh600238,,
20260918,sh600239,,
20260918,sh600243,,
20260918,sh600246,算力,AI算力
20260918,sh600250,,
20260918,sh600251,电力,新能源电网
20260918,sh600257,,
20260918,sh600261,核电,新能源电网
20260918,sh600265,算力,AI算力
20260918,sh600266,航天,军工航天
20260918,sh600280,,
20260918,sh600289,AI应用,AI应用
20260918,sh600293,化工,周期资源
20260918,sh600302,,
20260918,sh600303,氢能,新能源电网
20260918,sh600313,,
20260918,sh600318,,
20260918,sh600322,,
20260918,sh600326,化工,周期资源
20260918,sh600327,,
20260918,sh600337,AI应用,AI应用
20260918,sh600340,低空经济,军工航天
20260918,sh600350,,
20260918,sh600353,军工,军工航天
20260918,sh600354,,
20260918,sh600356,化工,周期资源
20260918,sh600359,医药,医药
20260918,sh600360,半导体,AI算力
20260918,sh600365,,
20260918,sh600367,储能,新能源电网
20260918,sh600370,化工,周期资源
20260918,sh600371,,
20260918,sh600375,氢能,新能源电网
20260918,sh600376,,
20260918,sh600381,医药,医药
20260918,sh600382,黑色,周期资源
20260918,sh600400,AI应用,AI应用
20260918,sh600410,AI应用,AI应用
20260918,sh600418,智能驾驶,AI应用
20260918,sh600419,,
20260918,sh600423,化工,周期资源
20260918,sh600429,,
20260918,sh600439,,
20260918,sh600448,,
20260918,sh600459,有色,周期资源
20260918,sh600463,,
20260918,sh600476,算力,AI算力
20260918,sh600488,医药,医药
20260918,sh600491,,
20260918,sh600500,储能,新能源电网
20260918,sh600508,煤炭,周期资源
20260918,sh600510,元件,AI算力
20260918,sh600516,储能,新能源电网
20260918,sh600527,,
20260918,sh600530,,
20260918,sh600536,,
20260918,sh600537,光伏,新能源电网
20260918,sh600539,PCB,AI算力
20260918,sh600540,,
20260918,sh600543,,
20260918,sh600567,化工,周期资源
20260918,sh600568,医药,医药
20260918,sh600573,,
20260918,sh600576,低空经济,军工航天
20260918,sh600581,黑色,周期资源
20260918,sh600584,半导体,AI算力
20260918,sh600593,,
20260918,sh600595,有色,周期资源
20260918,sh600598,,
20260918,sh600603,,
20260918,sh600606,AI应用,AI应用
20260918,sh600611,算力,AI算力
20260918,sh600616,,
20260918,sh600621,,
20260918,sh600624,医药,医药
20260918,sh600626,,
20260918,sh600629,消费电子,AI算力
20260918,sh600630,,
20260918,sh600637,传媒,AI应用
20260918,sh600644,电力,新能源电网
20260918,sh600654,消费电子,AI算力
20260918,sh600657,,
20260918,sh600661,,
20260918,sh600663,,
20260918,sh600665,,
20260918,sh600667,光伏,新能源电网
20260918,sh600673,算力,AI算力
20260918,sh600676,,
20260918,sh600678,化工,周期资源
20260918,sh600679,,
20260918,sh600682,,
20260918,sh600689,,
20260918,sh600693,,
20260918,sh600697,,
20260918,sh600698,,
20260918,sh600702,,
20260918,sh600703,半导体,AI算力
20260918,sh600708,,
20260918,sh600712,,
20260918,sh600719,电力,新能源电网
20260918,sh600721,医药,医药
20260918,sh600724,,
20260918,sh600730,AI应用,AI应用
20260918,sh600733,储能,新能源电网
20260918,sh600734,算力,AI算力
20260918,sh600735,医药,医药
20260918,sh600737,,
20260918,sh600743,,
20260918,sh600745,半导体,AI算力
20260918,sh600746,化工,周期资源
20260918,sh600749,,
20260918,sh600753,,
20260918,sh600758,煤炭,周期资源
20260918,sh600759,油气,周期资源
20260918,sh600769,,
20260918,sh600770,半导体,AI算力
20260918,sh600777,油气,周期资源
20260918,sh600778,,
20260918,sh600779,,
20260918,sh600785,,
20260918,sh600791,,
20260918,sh600815,,
20260918,sh600818,,
20260918,sh600822,,
20260918,sh600824,有色,周期资源
20260918,sh600828,,
20260918,sh600829,医药,医药
20260918,sh600830,,
20260918,sh600838,,
20260918,sh600844,化工,周期资源
20260918,sh600846,,
20260918,sh600847,电力,新能源电网
20260918,sh600857,有色,周期资源
20260918,sh600865,,
20260918,sh600881,医药,医药
20260918,sh600889,机器人,机器人
20260918,sh600892,传媒,AI应用
20260918,sh600903,油气,周期资源
20260918,sh600906,,
20260918,sh600909,,
20260918,sh600929,化工,周期资源
20260918,sh600936,机器人,机器人
20260918,sh600965,,
20260918,sh600975,,
20260918,sh600980,机器人,机器人
20260918,sh600984,化工,周期资源
20260918,sh600985,煤炭,周期资源
20260918,sh601002,,
20260918,sh601003,黑色,周期资源
20260918,sh601010,,
20260918,sh601038,智能驾驶,AI应用
20260918,sh601066,,
20260918,sh601086,,
20260918,sh601101,煤炭,周期资源
20260918,sh601108,,
20260918,sh601116,,
20260918,sh601121,黑色,周期资源
20260918,sh601123,黑色,周期资源
20260918,sh601136,,
20260918,sh601155,,
20260918,sh601162,,
20260918,sh601177,核电,新能源电网
20260918,sh601199,,
20260918,sh601233,油气,周期资源
20260918,sh601336,,
20260918,sh601366,,
20260918,sh601368,,
20260918,sh601566,,
20260918,sh601579,,
20260918,sh601588,,
20260918,sh601616,电网,新能源电网
20260918,sh601666,煤炭,周期资源
20260918,sh601686,黑色,周期资源
20260918,sh601696,,
20260918,sh601699,煤炭,周期资源
20260918,sh601700,电网,新能源电网
20260918,sh601702,有色,周期资源
20260918,sh601718,军工,军工航天
20260918,sh601789,算力,AI算力
20260918,sh601798,油气,周期资源
20260918,sh601872,航运,周期资源
20260918,sh601882,,
20260918,sh601886,光伏,新能源电网
20260918,sh601933,,
20260918,sh601952,,
20260918,sh601958,有色,周期资源
20260918,sh601996,,
20260918,sh601999,传媒,AI应用
20260918,sh603001,,
20260918,sh603005,半导体,AI算力
20260918,sh603008,医药,医药
20260918,sh603020,化工,周期资源
20260918,sh603021,,
20260918,sh603025,PCB,AI算力
20260918,sh603029,,
20260918,sh603032,储能,新能源电网
20260918,sh603036,油气,周期资源
20260918,sh603038,,
20260918,sh603039,AI应用,AI应用
20260918,sh603042,算力,AI算力
20260918,sh603048,,
20260918,sh603057,,
20260918,sh603061,半导体,AI算力
20260918,sh603065,化工,周期资源
20260918,sh603067,储能,新能源电网
20260918,sh603068,芯片,AI算力
20260918,sh603071,电力,新能源电网
20260918,sh603075,半导体,AI算力
20260918,sh603076,,
20260918,sh603078,半导体,AI算力
20260918,sh603089,机器人,机器人
20260918,sh603093,,
20260918,sh603095,,
20260918,sh603102,,
20260918,sh603115,,
20260918,sh603118,算力,AI算力
20260918,sh603122,医药,医药
20260918,sh603124,有色,周期资源
20260918,sh603127,医药,医药
20260918,sh603135,机器人,机器人
20260918,sh603136,,
20260918,sh603137,,
20260918,sh603138,算力,AI算力
20260918,sh603151,,
20260918,sh603156,,
20260918,sh603159,,
20260918,sh603161,氢能,新能源电网
20260918,sh603171,算力,AI算力
20260918,sh603177,储能,新能源电网
20260918,sh603180,,
20260918,sh603189,AI应用,AI应用
20260918,sh603191,电网,新能源电网
20260918,sh603193,,
20260918,sh603196,储能,新能源电网
20260918,sh603197,智能驾驶,AI应用
20260918,sh603201,,
20260918,sh603210,AI应用,AI应用
20260918,sh603216,AI应用,AI应用
20260918,sh603221,,
20260918,sh603222,医药,医药
20260918,sh603223,油气,周期资源
20260918,sh603226,,
20260918,sh603232,军工,军工航天
20260918,sh603236,机器人,机器人
20260918,sh603237,,
20260918,sh603261,军工,军工航天
20260918,sh603267,军工,军工航天
20260918,sh603268,军工,军工航天
20260918,sh603269,算力,AI算力
20260918,sh603272,,
20260918,sh603277,,
20260918,sh603285,化工,周期资源
20260918,sh603289,,
20260918,sh603303,储能,新能源电网
20260918,sh603306,光通信,AI算力
20260918,sh603311,,
20260918,sh603313,,
20260918,sh603317,,
20260918,sh603318,油气,周期资源
20260918,sh603325,,
20260918,sh603329,,
20260918,sh603333,电力,新能源电网
20260918,sh603335,存储,AI算力
20260918,sh603338,机器人,机器人
20260918,sh603348,储能,新能源电网
20260918,sh603352,机器人,机器人
20260918,sh603353,油气,周期资源
20260918,sh603355,,
20260918,sh603356,光伏,新能源电网
20260918,sh603359,,
20260918,sh603360,化工,周期资源
20260918,sh603363,,
20260918,sh603366,光伏,新能源电网
20260918,sh603369,,
20260918,sh603377,,
20260918,sh603378,化工,周期资源
20260918,sh603382,化工,周期资源
20260918,sh603389,新材料,周期资源
20260918,sh603398,电力,新能源电网
20260918,sh603402,,
20260918,sh603406,化工,周期资源
20260918,sh603429,化工,周期资源
20260918,sh603435,储能,新能源电网
20260918,sh603466,AI应用,AI应用
20260918,sh603477,,
20260918,sh603489,电力,新能源电网
20260918,sh603500,,
20260918,sh603516,芯片,AI算力
20260918,sh603517,,
20260918,sh603519,半导体,AI算力
20260918,sh603527,有色,周期资源
20260918,sh603538,医药,医药
20260918,sh603557,,
20260918,sh603559,低空经济,军工航天
20260918,sh603580,化工,周期资源
20260918,sh603595,消费电子,AI算力
20260918,sh603606,电网,新能源电网
20260918,sh603608,机器人,机器人
20260918,sh603615,,
20260918,sh603618,电网,新能源电网
20260918,sh603619,油气,周期资源
20260918,sh603629,消费电子,AI算力
20260918,sh603630,,
20260918,sh603637,氢能,新能源电网
20260918,sh603655,,
20260918,sh603657,,
20260918,sh603661,新材料,周期资源
20260918,sh603666,机器人,机器人
20260918,sh603668,,
20260918,sh603678,军工,军工航天
20260918,sh603682,,
20260918,sh603686,智能驾驶,AI应用
20260918,sh603688,化工,周期资源
20260918,sh603696,,
20260918,sh603697,,
20260918,sh603708,,
20260918,sh603711,,
20260918,sh603713,,
20260918,sh603717,光伏,新能源电网
20260918,sh603718,医药,医药
20260918,sh603719,,
20260918,sh603721,传媒,AI应用
20260918,sh603722,化工,周期资源
20260918,sh603726,机器人,机器人
20260918,sh603727,油气,周期资源
20260918,sh603729,传媒,AI应用
20260918,sh603738,机器人,机器人
20260918,sh603739,化工,周期资源
20260918,sh603757,算力,AI算力
20260918,sh603759,储能,新能源电网
20260918,sh603773,消费电子,AI算力
20260918,sh603779,,
20260918,sh603789,智能驾驶,AI应用
20260918,sh603790,化工,周期资源
20260918,sh603797,,
20260918,sh603801,AI应用,AI应用
20260918,sh603808,,
20260918,sh603813,氢能,新能源电网
20260918,sh603815,,
20260918,sh603822,化工,周期资源
20260918,sh603828,,
20260918,sh603833,,
20260918,sh603838,,
20260918,sh603839,,
20260918,sh603843,储能,新能源电网
20260918,sh603848,,
20260918,sh603871,,
20260918,sh603877,,
20260918,sh603886,,
20260918,sh603903,芯片,AI算力
20260918,sh603919,,
20260918,sh603922,,
20260918,sh603933,机器人,机器人
20260918,sh603938,化工,周期资源
20260918,sh603955,,
20260918,sh603956,AI应用,AI应用
20260918,sh603959,储能,新能源电网
20260918,sh603969,核电,新能源电网
20260918,sh603976,医药,医药
20260918,sh603978,化工,周期资源
20260918,sh603983,,
20260918,sh603986,芯片,AI算力
20260918,sh603989,消费电子,AI算力
20260918,sh603991,半导体,AI算力
20260918,sh603992,机器人,机器人
20260918,sh603995,黑色,周期资源
20260918,sh603997,机器人,机器人
20260918,sh603999,传媒,AI应用
20260918,sh605016,化工,周期资源
20260918,sh605028,电力,新能源电网
20260918,sh605033,化工,周期资源
20260918,sh605077,化工,周期资源
20260918,sh605080,,
20260918,sh605089,,
20260918,sh605098,AI应用,AI应用
20260918,sh605099,,
20260918,sh605108,,
20260918,sh605151,,
20260918,sh605155,,
20260918,sh605166,化工,周期资源
20260918,sh605169,油气,周期资源
20260918,sh605178,存储,AI算力
20260918,sh605179,,
20260918,sh605180,元件,AI算力
20260918,sh605188,,
20260918,sh605189,机器人,机器人
20260918,sh605198,,
20260918,sh605199,医药,医药
20260918,sh605218,医药,医药
20260918,sh605255,氢能,新能源电网
20260918,sh605277,消费电子,AI算力
20260918,sh605287,传媒,AI应用
20260918,sh605296,,
20260918,sh605298,,
20260918,sh605299,消费电子,AI算力
20260918,sh605300,,
20260918,sh605319,半导体,AI算力
20260918,sh605336,电网,新能源电网
20260918,sh605337,,
20260918,sh605339,,
20260918,sh605358,半导体,AI算力
20260918,sh605388,,
20260918,sh605499,,
20260918,sh605507,医药,医药
20260918,sh605580,电力,新能源电网
20260918,sh688004,传媒,AI应用
20260918,sh688152,航天,军工航天
20260918,sh688169,机器人,机器人
20260918,sh688172,半导体,AI算力
20260918,sh688175,军工,军工航天
20260918,sh688209,芯片,AI算力
20260918,sh688244,军工,军工航天
20260918,sh688292,AI应用,AI应用
20260918,sh688328,消费电子,AI算力
20260918,sh688333,低空经济,军工航天
20260918,sh688335,氢能,新能源电网
20260918,sh688367,,
20260918,sh688371,消费电子,AI算力
20260918,sh688432,半导体,AI算力
20260918,sh688496,消费电子,AI算力
20260918,sh688584,半导体,AI算力
20260918,sh688610,机器人,机器人
20260918,sh688622,医药,医药
20260918,sh688720,半导体,AI算力
20260918,sh688790,芯片,AI算力
20260918,sz000002,,
20260918,sz000006,,
20260918,sz000007,,
20260918,sz000008,,
20260918,sz000009,储能,新能源电网
20260918,sz000010,,
20260918,sz000011,,
20260918,sz000016,半导体,AI算力
20260918,sz000019,,
20260918,sz000020,,
20260918,sz000021,消费电子,AI算力
20260918,sz000025,有色,周期资源
20260918,sz000029,,
20260918,sz000031,,
20260918,sz000035,氢能,新能源电网
20260918,sz000036,,
20260918,sz000042,,
20260918,sz000048,机器人,机器人
20260918,sz000055,光伏,新能源电网
20260918,sz000056,半导体,AI算力
20260918,sz000062,半导体,AI算力
20260918,sz000065,光伏,新能源电网
20260918,sz000068,新材料,周期资源
20260918,sz000078,医药,医药
20260918,sz000090,光伏,新能源电网
20260918,sz000151,电力,新能源电网
20260918,sz000153,医药,医药
20260918,sz000158,算力,AI算力
20260918,sz000301,化工,周期资源
20260918,sz000417,有色,周期资源
20260918,sz000428,,
20260918,sz000488,化工,周期资源
20260918,sz000505,,
20260918,sz000509,,
20260918,sz000510,化工,周期资源
20260918,sz000517,,
20260918,sz000518,医药,医药
20260918,sz000520,航运,周期资源
20260918,sz000521,医药,医药
20260918,sz000523,,
20260918,sz000524,低空经济,军工航天
20260918,sz000526,AI应用,AI应用
20260918,sz000532,储能,新能源电网
20260918,sz000554,油气,周期资源
20260918,sz000558,传媒,AI应用
20260918,sz000560,AI应用,AI应用
20260918,sz000564,,
20260918,sz000567,,
20260918,sz000572,储能,新能源电网
20260918,sz000576,军工,军工航天
20260918,sz000592,,
20260918,sz000593,储能,新能源电网
20260918,sz000595,电力,新能源电网
20260918,sz000596,,
20260918,sz000601,电力,新能源电网
20260918,sz000608,算力,AI算力
20260918,sz000609,半导体,AI算力
20260918,sz000610,,
20260918,sz000620,算力,AI算力
20260918,sz000626,医药,医药
20260918,sz000632,,
20260918,sz000635,化工,周期资源
20260918,sz000639,,
20260918,sz000656,,
20260918,sz000659,,
20260918,sz000668,,
20260918,sz000669,油气,周期资源
20260918,sz000672,化工,周期资源
20260918,sz000676,传媒,AI应用
20260918,sz000677,化工,周期资源
20260918,sz000679,,
20260918,sz000692,电力,新能源电网
20260918,sz000698,化工,周期资源
20260918,sz000702,,
20260918,sz000711,,
20260918,sz000712,,
20260918,sz000713,化工,周期资源
20260918,sz000715,,
20260918,sz000716,储能,新能源电网
20260918,sz000718,,
20260918,sz000721,,
20260918,sz000722,电力,新能源电网
20260918,sz000735,,
20260918,sz000736,,
20260918,sz000753,储能,新能源电网
20260918,sz000757,消费电子,AI算力
20260918,sz000759,,
20260918,sz000776,,
20260918,sz000783,,
20260918,sz000791,电力,新能源电网
20260918,sz000793,传媒,AI应用
20260918,sz000796,金融科技,AI应用
20260918,sz000798,,
20260918,sz000802,传媒,AI应用
20260918,sz000803,电力,新能源电网
20260918,sz000809,风电,新能源电网
20260918,sz000811,氢能,新能源电网
20260918,sz000812,,
20260918,sz000815,算力,AI算力
20260918,sz000820,,
20260918,sz000821,光伏,新能源电网
20260918,sz000826,储能,新能源电网
20260918,sz000833,化工,周期资源
20260918,sz000838,,
20260918,sz000839,AI应用,AI应用
20260918,sz000852,油气,周期资源
20260918,sz000863,AI应用,AI应用
20260918,sz000868,氢能,新能源电网
20260918,sz000876,,
20260918,sz000882,,
20260918,sz000889,金融科技,AI应用
20260918,sz000890,,
20260918,sz000892,传媒,AI应用
20260918,sz000903,氢能,新能源电网
20260918,sz000908,医药,医药
20260918,sz000909,储能,新能源电网
20260918,sz000911,,
20260918,sz000921,,
20260918,sz000926,,
20260918,sz000928,氢能,新能源电网
20260918,sz000930,,
20260918,sz000935,创新药,医药
20260918,sz000951,智能驾驶,AI应用
20260918,sz000962,核电,新能源电网
20260918,sz000965,,
20260918,sz000972,医药,医药
20260918,sz000973,储能,新能源电网
20260918,sz000978,,
20260918,sz000980,智能驾驶,AI应用
20260918,sz000981,智能驾驶,AI应用
20260918,sz000987,电力,新能源电网
20260918,sz000995,,
20260918,sz000998,,
20260918,sz001206,,
20260918,sz001207,化工,周期资源
20260918,sz001209,AI应用,AI应用
20260918,sz001211,,
20260918,sz001215,,
20260918,sz001221,,
20260918,sz001222,,
20260918,sz001225,,
20260918,sz001233,,
20260918,sz001237,,
20260918,sz001238,,
20260918,sz001256,,
20260918,sz001259,,
20260918,sz001260,,
20260918,sz001267,光通信,AI算力
20260918,sz001279,化工,周期资源
20260918,sz001296,化工,周期资源
20260918,sz001300,,
20260918,sz001301,储能,新能源电网
20260918,sz001317,,
20260918,sz001318,,
20260918,sz001323,消费电子,AI算力
20260918,sz001328,医药,医药
20260918,sz001338,,
20260918,sz001359,储能,新能源电网
20260918,sz001366,,
20260918,sz001378,化工,周期资源
20260918,sz001387,PCB,AI算力
20260918,sz001388,电网,新能源电网
20260918,sz001395,,
20260918,sz001400,减速器,机器人
20260918,sz001896,电力,新能源电网
20260918,sz002005,,
20260918,sz002012,化工,周期资源
20260918,sz002014,,
20260918,sz002024,,
20260918,sz002029,,
20260918,sz002030,医药,医药
20260918,sz002037,化工,周期资源
20260918,sz002040,航运,周期资源
20260918,sz002041,,
20260918,sz002042,电力,新能源电网
20260918,sz002045,消费电子,AI算力
20260918,sz002046,机器人,机器人
20260918,sz002051,算力,AI算力
20260918,sz002052,储能,新能源电网
20260918,sz002055,消费电子,AI算力
20260918,sz002056,光伏,新能源电网
20260918,sz002066,,
20260918,sz002067,化工,周期资源
20260918,sz002068,化工,周期资源
20260918,sz002072,存储,AI算力
20260918,sz002076,储能,新能源电网
20260918,sz002082,医药,医药
20260918,sz002083,储能,新能源电网
20260918,sz002084,,
20260918,sz002088,储能,新能源电网
20260918,sz002095,传媒,AI应用
20260918,sz002098,金融科技,AI应用
20260918,sz002102,医药,医药
20260918,sz002109,化工,周期资源
20260918,sz002122,,
20260918,sz002124,,
20260918,sz002125,储能,新能源电网
20260918,sz002133,,
20260918,sz002138,消费电子,AI算力
20260918,sz002146,低空经济,军工航天
20260918,sz002156,半导体,AI算力
20260918,sz002159,,
20260918,sz002160,有色,周期资源
20260918,sz002162,机器人,机器人
20260918,sz002168,电网,新能源电网
20260918,sz002172,医药,医药
20260918,sz002175,芯片,AI算力
20260918,sz002180,芯片,AI算力
20260918,sz002185,半导体,AI算力
20260918,sz002192,储能,新能源电网
20260918,sz002193,,
20260918,sz002198,医药,医药
20260918,sz002199,,
20260918,sz002200,,
20260918,sz002201,化工,周期资源
20260918,sz002207,油气,周期资源
20260918,sz002208,,
20260918,sz002209,机器人,机器人
20260918,sz002211,化工,周期资源
20260918,sz002212,AI应用,AI应用
20260918,sz002214,军工,军工航天
20260918,sz002217,PCB,AI算力
20260918,sz002225,氢能,新能源电网
20260918,sz002227,电力,新能源电网
20260918,sz002232,AI应用,AI应用
20260918,sz002243,新材料,周期资源
20260918,sz002244,储能,新能源电网
20260918,sz002245,储能,新能源电网
20260918,sz002248,芯片,AI算力
20260918,sz002250,化工,周期资源
20260918,sz002251,,
20260918,sz002253,军工,军工航天
20260918,sz002254,储能,新能源电网
20260918,sz002258,化工,周期资源
20260918,sz002264,传媒,AI应用
20260918,sz002274,化工,周期资源
20260918,sz002277,机器人,机器人
20260918,sz002279,AI应用,AI应用
20260918,sz002281,光通信,AI算力
20260918,sz002284,机器人,机器人
20260918,sz002285,,
20260918,sz002286,,
20260918,sz002289,算力,AI算力
20260918,sz002292,传媒,AI应用
20260918,sz002298,算力,AI算力
20260918,sz002300,电力,新能源电网
20260918,sz002302,化工,周期资源
20260918,sz002303,消费电子,AI算力
20260918,sz002305,,
20260918,sz002306,光伏,新能源电网
20260918,sz002309,电网,新能源电网
20260918,sz002310,光伏,新能源电网
20260918,sz002314,储能,新能源电网
20260918,sz002321,,
20260918,sz002322,电网,新能源电网
20260918,sz002323,电力,新能源电网
20260918,sz002329,光伏,新能源电网
20260918,sz002333,光伏,新能源电网
20260918,sz002346,储能,新能源电网
20260918,sz002348,算力,AI算力
20260918,sz002353,油气,周期资源
20260918,sz002356,氢能,新能源电网
20260918,sz002357,卫星,军工航天
20260918,sz002360,化工,周期资源
20260918,sz002362,机器人,机器人
20260918,sz002364,算力,AI算力
20260918,sz002365,医药,医药
20260918,sz002369,消费电子,AI算力
20260918,sz002374,,
20260918,sz002375,,
20260918,sz002377,油气,周期资源
20260918,sz002379,有色,周期资源
20260918,sz002384,消费电子,AI算力
20260918,sz002385,医药,医药
20260918,sz002396,光通信,AI算力
20260918,sz002397,,
20260918,sz002404,电力,新能源电网
20260918,sz002407,化工,周期资源
20260918,sz002409,半导体,AI算力
20260918,sz002414,军工,军工航天
20260918,sz002423,,
20260918,sz002424,医药,医药
20260918,sz002427,化工,周期资源
20260918,sz002431,,
20260918,sz002432,医药,医药
20260918,sz002436,消费电子,AI算力
20260918,sz002442,化工,周期资源
20260918,sz002445,电力,新能源电网
20260918,sz002457,,
20260918,sz002458,,
20260918,sz002468,,
20260918,sz002471,电网,新能源电网
20260918,sz002483,船舶,军工航天
20260918,sz002484,军工,军工航天
20260918,sz002485,,
20260918,sz002490,油气,周期资源
20260918,sz002491,,
20260918,sz002496,化工,周期资源
20260918,sz002497,储能,新能源电网
20260918,sz002498,电网,新能源电网
20260918,sz002501,有色,周期资源
20260918,sz002512,算力,AI算力
20260918,sz002514,储能,新能源电网
20260918,sz002528,消费电子,AI算力
20260918,sz002531,风电,新能源电网
20260918,sz002536,氢能,新能源电网
20260918,sz002538,化工,周期资源
20260918,sz002542,传媒,AI应用
20260918,sz002543,,
20260918,sz002546,电力,新能源电网
20260918,sz002547,储能,新能源电网
20260918,sz002548,,
20260918,sz002552,PCB,AI算力
20260918,sz002564,核电,新能源电网
20260918,sz002568,,
20260918,sz002569,,
20260918,sz002570,AI应用,AI应用
20260918,sz002579,消费电子,AI算力
20260918,sz002581,医药,医药
20260918,sz002582,,
20260918,sz002586,传媒,AI应用
20260918,sz002592,消费电子,AI算力
20260918,sz002596,化工,周期资源
20260918,sz002597,化工,周期资源
20260918,sz002598,储能,新能源电网
20260918,sz002607,AI应用,AI应用
20260918,sz002612,,
20260918,sz002613,化工,周期资源
20260918,sz002615,消费电子,AI算力
20260918,sz002620,电力,新能源电网
20260918,sz002622,医药,医药
20260918,sz002626,,
20260918,sz002627,,
20260918,sz002629,油气,周期资源
20260918,sz002630,电力,新能源电网
20260918,sz002632,储能,新能源电网
20260918,sz002634,新材料,周期资源
20260918,sz002638,,
20260918,sz002640,消费电子,AI算力
20260918,sz002650,,
20260918,sz002656,,
20260918,sz002659,消费电子,AI算力
20260918,sz002661,,
20260918,sz002667,储能,新能源电网
20260918,sz002668,,
20260918,sz002670,,
20260918,sz002674,机器人,机器人
20260918,sz002677,AI应用,AI应用
20260918,sz002679,,
20260918,sz002682,氢能,新能源电网
20260918,sz002686,军工,军工航天
20260918,sz002687,,
20260918,sz002688,化工,周期资源
20260918,sz002689,机器人,机器人
20260918,sz002691,机器人,机器人
20260918,sz002693,医药,医药
20260918,sz002694,,
20260918,sz002696,,
20260918,sz002700,油气,周期资源
20260918,sz002702,,
20260918,sz002713,算力,AI算力
20260918,sz002717,消费电子,AI算力
20260918,sz002718,,
20260918,sz002719,,
20260918,sz002724,新材料,周期资源
20260918,sz002726,,
20260918,sz002731,储能,新能源电网
20260918,sz002735,低空经济,军工航天
20260918,sz002742,医药,医药
20260918,sz002743,,
20260918,sz002745,PCB,AI算力
20260918,sz002759,化工,周期资源
20260918,sz002762,,
20260918,sz002774,,
20260918,sz002775,,
20260918,sz002786,消费电子,AI算力
20260918,sz002789,,
20260918,sz002790,,
20260918,sz002791,,
20260918,sz002800,,
20260918,sz002815,消费电子,AI算力
20260918,sz002816,PCB,AI算力
20260918,sz002819,医药,医药
20260918,sz002820,,
20260918,sz002821,医药,医药
20260918,sz002822,,
20260918,sz002824,有色,周期资源
20260918,sz002826,医药,医药
20260918,sz002827,化工,周期资源
20260918,sz002828,油气,周期资源
20260918,sz002829,航天,军工航天
20260918,sz002830,,
20260918,sz002836,化工,周期资源
20260918,sz002840,,
20260918,sz002841,消费电子,AI算力
20260918,sz002845,消费电子,AI算力
20260918,sz002848,航天,军工航天
20260918,sz002851,储能,新能源电网
20260918,sz002852,,
20260918,sz002856,,
20260918,sz002860,光伏,新能源电网
20260918,sz002868,化工,周期资源
20260918,sz002871,算力,AI算力
20260918,sz002872,医药,医药
20260918,sz002875,,
20260918,sz002876,消费电子,AI算力
20260918,sz002879,电网,新能源电网
20260918,sz002883,低空经济,军工航天
20260918,sz002888,消费电子,AI算力
20260918,sz002891,,
20260918,sz002893,电力,新能源电网
20260918,sz002896,机器人,机器人
20260918,sz002907,医药,医药
20260918,sz002910,,
20260918,sz002912,AI应用,AI应用
20260918,sz002915,化工,周期资源
20260918,sz002916,消费电子,AI算力
20260918,sz002928,,
20260918,sz002929,算力,AI算力
20260918,sz002945,,
20260918,sz002949,AI应用,AI应用
20260918,sz002951,电力,新能源电网
20260918,sz002955,算力,AI算力
20260918,sz002956,,
20260918,sz002957,消费电子,AI算力
20260918,sz002960,机器人,机器人
20260918,sz002961,,
20260918,sz002969,,
20260918,sz002975,消费电子,AI算力
20260918,sz002977,军工,军工航天
20260918,sz002979,机器人,机器人
20260918,sz002980,储能,新能源电网
20260918,sz002982,,
20260918,sz002983,PCB,AI算力
20260918,sz002988,有色,周期资源
20260918,sz002998,化工,周期资源
20260918,sz003001,核电,新能源电网
20260918,sz003004,AI应用,AI应用
20260918,sz003005,AI应用,AI应用
20260918,sz003006,,
20260918,sz003010,,
20260918,sz003011,,
20260918,sz003018,算力,AI算力
20260918,sz003029,AI应用,AI应用
20260918,sz003030,,
20260918,sz003032,机器人,机器人
20260918,sz003036,机器人,机器人
20260918,sz003039,电力,新能源电网
20260918,sz003041,,
20260918,sz300020,算力,AI算力
20260918,sz300044,机器人,机器人
20260918,sz300068,储能,新能源电网
20260918,sz300069,电网,新能源电网
20260918,sz300085,AI应用,AI应用
20260918,sz300103,储能,新能源电网
20260918,sz300152,氢能,新能源电网
20260918,sz300163,化工,周期资源
20260918,sz300167,算力,AI算力
20260918,sz300169,消费电子,AI算力
20260918,sz300189,,
20260918,sz300197,,
20260918,sz300212,算力,AI算力
20260918,sz300214,算力,AI算力
20260918,sz300289,医药,医药
20260918,sz300311,AI应用,AI应用
20260918,sz300313,,
20260918,sz300321,化工,周期资源
20260918,sz300334,芯片,AI算力
20260918,sz300359,AI应用,AI应用
20260918,sz300385,,
20260918,sz300401,医药,医药
20260918,sz300456,半导体,AI算力
20260918,sz300469,AI应用,AI应用
20260918,sz300515,,
20260918,sz300540,氢能,新能源电网
20260918,sz300566,消费电子,AI算力
20260918,sz300598,智能驾驶,AI应用
20260918,sz300615,储能,新能源电网
20260918,sz300616,机器人,机器人
20260918,sz300626,电力,新能源电网
20260918,sz300642,医药,医药
20260918,sz300649,,
20260918,sz300684,消费电子,AI算力
20260918,sz300720,半导体,AI算力
20260918,sz300737,,
20260918,sz300740,,
20260918,sz300741,化工,周期资源
20260918,sz300779,有色,周期资源
20260918,sz300834,化工,周期资源
20260918,sz300897,AI应用,AI应用
20260918,sz300929,氢能,新能源电网
20260918,sz300931,,
20260918,sz300961,,
20260918,sz300964,光通信,AI算力
20260918,sz300970,,
20260918,sz300981,医药,医药
20260918,sz300985,氢能,新能源电网
20260918,sz300996,AI应用,AI应用
20260918,sz300997,,
20260918,sz301019,化工,周期资源
20260918,sz301030,光伏,新能源电网
20260918,sz301045,消费电子,AI算力
20260918,sz301081,,
20260918,sz301106,医药,医药
20260918,sz301115,光伏,新能源电网
20260918,sz301121,储能,新能源电网
20260918,sz301123,消费电子,AI算力
20260918,sz301139,储能,新能源电网
20260918,sz301151,算力,AI算力
20260918,sz301188,医药,医药
20260918,sz301193,,
20260918,sz301227,,
20260918,sz301234,医药,医药
20260918,sz301251,消费电子,AI算力
20260918,sz301322,半导体,AI算力
20260918,sz301349,电力,新能源电网
20260918,sz301356,,
20260918,sz301379,低空经济,军工航天
20260918,sz301390,AI应用,AI应用
20260918,sz301396,算力,AI算力
20260918,sz301449,储能,新能源电网
20260918,sz301520,创新药,医药
20260918,sz301565,储能,新能源电网
20260918,sz301583,半导体,AI算力
20260918,sz301599,储能,新能源电网
20260918,sz301607,半导体,AI算力
20260918,sz301630,半导体,AI算力
20260918,sz301667,储能,新能源电网
20260918,bj920305,,
20260918,sh600636,,
20260918,sh600696,,
20260918,sh605081,,
20260918,sz000004,,
20260918,sz002808,,
20260918,bj920008,军工,军工航天
20260918,bj920016,化工,周期资源
20260918,bj920028,化工,周期资源
20260918,bj920030,储能,新能源电网
20260918,bj920036,,
20260918,bj920045,光通信,AI算力
20260918,bj920060,消费电子,AI算力
20260918,bj920065,消费电子,AI算力
20260918,bj920066,化工,周期资源
20260918,bj920098,化工,周期资源
20260918,bj920118,电网,新能源电网
20260918,bj920119,储能,新能源电网
20260918,bj920125,PCB,AI算力
20260918,bj920132,,
20260918,bj920136,,
20260918,bj920149,光伏,新能源电网
20260918,bj920174,,
20260918,bj920179,半导体,AI算力
20260918,bj920183,消费电子,AI算力
20260918,bj920184,AI应用,AI应用
20260918,bj920200,风电,新能源电网
20260918,bj920204,,
20260918,bj920220,机器人,机器人
20260918,bj920225,化工,周期资源
20260918,bj920245,,
20260918,bj920262,,
20260918,bj920370,,
20260918,bj920403,医药,医药
20260918,bj920436,智能驾驶,AI应用
20260918,bj920455,,
20260918,bj920469,化工,周期资源
20260918,bj920509,机器人,机器人
20260918,bj920519,化工,周期资源
20260918,bj920527,新材料,周期资源
20260918,bj920706,,
20260918,bj920718,,
20260918,bj920748,AI应用,AI应用
20260918,bj920779,储能,新能源电网
20260918,bj920866,化工,周期资源
20260918,bj920892,低空经济,军工航天
20260918,bj920950,,
20260918,bj920957,化工,周期资源
20260918,bj920970,,
20260918,bj920976,,
20260918,sh600007,,
20260918,sh600017,航运,周期资源
20260918,sh600027,电力,新能源电网
20260918,sh600035,,
20260918,sh600060,AI应用,AI应用
20260918,sh600073,,
20260918,sh600097,,
20260918,sh600104,智能驾驶,AI应用
20260918,sh600136,传媒,AI应用
20260918,sh600150,军工,军工航天
20260918,sh600159,,
20260918,sh600189,,
20260918,sh600212,储能,新能源电网
20260918,sh600256,煤炭,周期资源
20260918,sh600278,,
20260918,sh600325,,
20260918,sh600333,油气,周期资源
20260918,sh600372,军工,军工航天
20260918,sh600373,传媒,AI应用
20260918,sh600377,,
20260918,sh600435,军工,军工航天
20260918,sh600483,电力,新能源电网
20260918,sh600498,算力,AI算力
20260918,sh600501,核电,新能源电网
20260918,sh600522,储能,新能源电网
20260918,sh600562,军工,军工航天
20260918,sh600622,,
20260918,sh600639,,
20260918,sh600648,,
20260918,sh600685,军工,军工航天
20260918,sh600710,光伏,新能源电网
20260918,sh600738,,
20260918,sh600764,军工,军工航天
20260918,sh600780,电力,新能源电网
20260918,sh600790,,
20260918,sh600803,氢能,新能源电网
20260918,sh600855,军工,军工航天
20260918,sh600864,,
20260918,sh600893,军工,军工航天
20260918,sh600908,,
20260918,sh600977,传媒,AI应用
20260918,sh601107,储能,新能源电网
20260918,sh601112,化工,周期资源
20260918,sh601169,,
20260918,sh601216,化工,周期资源
20260918,sh601226,氢能,新能源电网
20260918,sh601279,,
20260918,sh601298,航运,周期资源
20260918,sh601319,,
20260918,sh601326,航运,周期资源
20260918,sh601333,,
20260918,sh601512,储能,新能源电网
20260918,sh601555,,
20260918,sh601599,传媒,AI应用
20260918,sh601601,,
20260918,sh601658,,
20260918,sh601665,,
20260918,sh601988,金融科技,AI应用
20260918,sh601998,,
20260918,sh603000,AI应用,AI应用
20260918,sh603055,,
20260918,sh603069,,
20260918,sh603088,算力,AI算力
20260918,sh603098,光伏,新能源电网
20260918,sh603103,传媒,AI应用
20260918,sh603172,化工,周期资源
20260918,sh603176,,
20260918,sh603235,化工,周期资源
20260918,sh603257,有色,周期资源
20260918,sh603320,电力,新能源电网
20260918,sh603321,AI应用,AI应用
20260918,sh603323,,
20260918,sh603408,,
20260918,sh603418,机器人,机器人
20260918,sh603558,,
20260918,sh603583,机器人,机器人
20260918,sh603600,,
20260918,sh603613,AI应用,AI应用
20260918,sh603766,储能,新能源电网
20260918,sh603818,,
20260918,sh603868,,
20260918,sh603889,,
20260918,sh603917,,
20260918,sh603918,消费电子,AI算力
20260918,sh605003,,
20260918,sh605008,化工,周期资源
20260918,sh605183,化工,周期资源
20260918,sh605222,电力,新能源电网
20260918,sh688002,军工,军工航天
20260918,sh688023,AI应用,AI应用
20260918,sh688025,消费电子,AI算力
20260918,sh688026,医药,医药
20260918,sh688028,机器人,机器人
20260918,sh688029,医药,医药
20260918,sh688030,消费电子,AI算力
20260918,sh688033,低空经济,军工航天
20260918,sh688035,消费电子,AI算力
20260918,sh688049,芯片,AI算力
20260918,sh688053,军工,军工航天
20260918,sh688058,AI应用,AI应用
20260918,sh688061,芯片,AI算力
20260918,sh688066,航天,军工航天
20260918,sh688069,氢能,新能源电网
20260918,sh688072,半导体,AI算力
20260918,sh688076,创新药,医药
20260918,sh688078,机器人,机器人
20260918,sh688089,化工,周期资源
20260918,sh688103,储能,新能源电网
20260918,sh688116,储能,新能源电网
20260918,sh688127,消费电子,AI算力
20260918,sh688130,芯片,AI算力
20260918,sh688132,军工,军工航天
20260918,sh688135,半导体,AI算力
20260918,sh688138,半导体,AI算力
20260918,sh688139,医药,医药
20260918,sh688150,消费电子,AI算力
20260918,sh688156,,
20260918,sh688159,电网,新能源电网
20260918,sh688162,储能,新能源电网
20260918,sh688168,AI应用,AI应用
20260918,sh688170,消费电子,AI算力
20260918,sh688181,半导体,AI算力
20260918,sh688195,医药,医药
20260918,sh688199,化工,周期资源
20260918,sh688201,金融科技,AI应用
20260918,sh688202,医药,医药
20260918,sh688203,化工,周期资源
20260918,sh688205,光通信,AI算力
20260918,sh688215,,
20260918,sh688222,医药,医药
20260918,sh688225,卫星,军工航天
20260918,sh688230,半导体,AI算力
20260918,sh688231,有色,周期资源
20260918,sh688239,航天,军工航天
20260918,sh688248,电网,新能源电网
20260918,sh688252,芯片,AI算力
20260918,sh688256,芯片,AI算力
20260918,sh688261,半导体,AI算力
20260918,sh688267,化工,周期资源
20260918,sh688279,芯片,AI算力
20260918,sh688281,军工,军工航天
20260918,sh688297,军工,军工航天
20260918,sh688313,光通信,AI算力
20260918,sh688318,AI应用,AI应用
20260918,sh688330,电网,新能源电网
20260918,sh688343,算力,AI算力
20260918,sh688359,储能,新能源电网
20260918,sh688361,半导体,AI算力
20260918,sh688370,,
20260918,sh688383,机器人,机器人
20260918,sh688385,芯片,AI算力
20260918,sh688395,,
20260918,sh688398,化工,周期资源
20260918,sh688416,芯片,AI算力
20260918,sh688448,,
20260918,sh688458,半导体,AI算力
20260918,sh688498,半导体,AI算力
20260918,sh688501,,
20260918,sh688508,芯片,AI算力
20260918,sh688511,军工,军工航天
20260918,sh688513,医药,医药
20260918,sh688516,光伏,新能源电网
20260918,sh688518,储能,新能源电网
20260918,sh688519,消费电子,AI算力
20260918,sh688521,芯片,AI算力
20260918,sh688531,储能,新能源电网
20260918,sh688535,半导体,AI算力
20260918,sh688536,芯片,AI算力
20260918,sh688543,军工,军工航天
20260918,sh688552,军工,军工航天
20260918,sh688559,储能,新能源电网
20260918,sh688561,AI应用,AI应用
20260918,sh688563,军工,军工航天
20260918,sh688581,医药,医药
20260918,sh688585,机器人,机器人
20260918,sh688586,军工,军工航天
20260918,sh688591,芯片,AI算力
20260918,sh688595,芯片,AI算力
20260918,sh688601,芯片,AI算力
20260918,sh688605,半导体,AI算力
20260918,sh688609,AI应用,AI应用
20260918,sh688611,电网,新能源电网
20260918,sh688612,低空经济,军工航天
20260918,sh688613,医药,医药
20260918,sh688620,芯片,AI算力
20260918,sh688621,医药,医药
20260918,sh688625,化工,周期资源
20260918,sh688646,储能,新能源电网
20260918,sh688652,半导体,AI算力
20260918,sh688656,医药,医药
20260918,sh688660,风电,新能源电网
20260918,sh688667,,
20260918,sh688670,医药,医药
20260918,sh688678,消费电子,AI算力
20260918,sh688679,,
20260918,sh688683,储能,新能源电网
20260918,sh688686,储能,新能源电网
20260918,sh688690,医药,医药
20260918,sh688696,,
20260918,sh688699,芯片,AI算力
20260918,sh688700,PCB,AI算力
20260918,sh688719,电力,新能源电网
20260918,sh688758,医药,医药
20260918,sh688781,,
20260918,sh688785,电力,新能源电网
20260918,sh688799,医药,医药
20260918,sh688800,储能,新能源电网
20260918,sh688807,半导体,AI算力
20260918,sh688809,半导体,AI算力
20260918,sh688820,半导体,AI算力
20260918,sz000045,,
20260918,sz000061,,
20260918,sz000156,AI应用,AI应用
20260918,sz000430,,
20260918,sz000514,,
20260918,sz000525,化工,周期资源
20260918,sz000561,军工,军工航天
20260918,sz000607,传媒,AI应用
20260918,sz000663,,
20260918,sz000690,电力,新能源电网
20260918,sz000697,军工,军工航天
20260918,sz000726,,
20260918,sz000728,,
20260918,sz000738,军工,军工航天
20260918,sz000782,化工,周期资源
20260918,sz000797,,
20260918,sz000807,有色,周期资源
20260918,sz000828,储能,新能源电网
20260918,sz000897,算力,AI算力
20260918,sz000901,军工,军工航天
20260918,sz000905,航运,周期资源
20260918,sz000906,储能,新能源电网
20260918,sz000923,黑色,周期资源
20260918,sz001201,,
20260918,sz001202,,
20260918,sz001228,,
20260918,sz001234,,
20260918,sz001285,智能驾驶,AI应用
20260918,sz001312,,
20260918,sz001324,储能,新能源电网
20260918,sz001368,医药,医药
20260918,sz001380,机器人,机器人
20260918,sz001965,光伏,新能源电网
20260918,sz002003,,
20260918,sz002026,储能,新能源电网
20260918,sz002034,算力,AI算力
20260918,sz002069,,
20260918,sz002100,医药,医药
20260918,sz002120,低空经济,军工航天
20260918,sz002127,,
20260918,sz002130,军工,军工航天
20260918,sz002145,化工,周期资源
20260918,sz002171,有色,周期资源
20260918,sz002187,有色,周期资源
20260918,sz002222,智能驾驶,AI应用
20260918,sz002389,军工,军工航天
20260918,sz002394,AI应用,AI应用
20260918,sz002413,军工,军工航天
20260918,sz002443,油气,周期资源
20260918,sz002482,,
20260918,sz002510,低空经济,军工航天
20260918,sz002516,机器人,机器人
20260918,sz002561,,
20260918,sz002574,光伏,新能源电网
20260918,sz002602,传媒,AI应用
20260918,sz002614,医药,医药
20260918,sz002712,传媒,AI应用
20260918,sz002714,,
20260918,sz002723,医药,医药
20260918,sz002752,,
20260918,sz002758,医药,医药
20260918,sz002772,,
20260918,sz002785,核电,新能源电网
20260918,sz002813,智能驾驶,AI应用
20260918,sz002818,,
20260918,sz002825,氢能,新能源电网
20260918,sz002832,,
20260918,sz002905,传媒,AI应用
20260918,sz002966,,
20260918,sz003016,AI应用,AI应用
20260918,sz003816,电力,新能源电网
20260918,sz300008,军工,军工航天
20260918,sz300010,AI应用,AI应用
20260918,sz300013,卫星,军工航天
20260918,sz300025,算力,AI算力
20260918,sz300037,储能,新能源电网
20260918,sz300049,医药,医药
20260918,sz300061,AI应用,AI应用
20260918,sz300077,芯片,AI算力
20260918,sz300079,金融科技,AI应用
20260918,sz300081,传媒,AI应用
20260918,sz300082,化工,周期资源
20260918,sz300095,机器人,机器人
20260918,sz300106,,
20260918,sz300125,光伏,新能源电网
20260918,sz300151,半导体,AI算力
20260918,sz300153,电力,新能源电网
20260918,sz300154,机器人,机器人
20260918,sz300171,医药,医药
20260918,sz300192,芯片,AI算力
20260918,sz300195,储能,新能源电网
20260918,sz300207,储能,新能源电网
20260918,sz300215,电网,新能源电网
20260918,sz300225,化工,周期资源
20260918,sz300226,AI应用,AI应用
20260918,sz300234,氢能,新能源电网
20260918,sz300235,AI应用,AI应用
20260918,sz300237,储能,新能源电网
20260918,sz300245,算力,AI算力
20260918,sz300249,算力,AI算力
20260918,sz300252,军工,军工航天
20260918,sz300257,氢能,新能源电网
20260918,sz300277,消费电子,AI算力
20260918,sz300279,机器人,机器人
20260918,sz300281,航天,军工航天
20260918,sz300290,算力,AI算力
20260918,sz300292,智能驾驶,AI应用
20260918,sz300300,算力,AI算力
20260918,sz300305,化工,周期资源
20260918,sz300327,芯片,AI算力
20260918,sz300335,电力,新能源电网
20260918,sz300338,电力,新能源电网
20260918,sz300347,医药,医药
20260918,sz300352,AI应用,AI应用
20260918,sz300366,算力,AI算力
20260918,sz300395,军工,军工航天
20260918,sz300398,半导体,AI算力
20260918,sz300400,消费电子,AI算力
20260918,sz300408,氢能,新能源电网
20260918,sz300410,储能,新能源电网
20260918,sz300424,军工,军工航天
20260918,sz300427,电网,新能源电网
20260918,sz300428,低空经济,军工航天
20260918,sz300429,半导体,AI算力
20260918,sz300430,医药,医药
20260918,sz300457,储能,新能源电网
20260918,sz300461,消费电子,AI算力
20260918,sz300473,氢能,新能源电网
20260918,sz300478,化工,周期资源
20260918,sz300488,机器人,机器人
20260918,sz300491,电力,新能源电网
20260918,sz300493,芯片,AI算力
20260918,sz300497,医药,医药
20260918,sz300498,消费电子,AI算力
20260918,sz300499,储能,新能源电网
20260918,sz300504,消费电子,AI算力
20260918,sz300517,,
20260918,sz300521,,
20260918,sz300523,机器人,机器人
20260918,sz300537,半导体,AI算力
20260918,sz300550,AI应用,AI应用
20260918,sz300551,金融科技,AI应用
20260918,sz300553,军工,军工航天
20260918,sz300554,半导体,AI算力
20260918,sz300559,AI应用,AI应用
20260918,sz300562,医药,医药
20260918,sz300568,储能,新能源电网
20260918,sz300569,风电,新能源电网
20260918,sz300572,,
20260918,sz300579,AI应用,AI应用
20260918,sz300586,储能,新能源电网
20260918,sz300589,军工,军工航天
20260918,sz300600,军工,军工航天
20260918,sz300611,机器人,机器人
20260918,sz300613,芯片,AI算力
20260918,sz300623,半导体,AI算力
20260918,sz300629,军工,军工航天
20260918,sz300647,消费电子,AI算力
20260918,sz300661,芯片,AI算力
20260918,sz300662,,
20260918,sz300670,电网,新能源电网
20260918,sz300672,芯片,AI算力
20260918,sz300673,,
20260918,sz300677,医药,医药
20260918,sz300687,AI应用,AI应用
20260918,sz300689,算力,AI算力
20260918,sz300690,风电,新能源电网
20260918,sz300698,算力,AI算力
20260918,sz300708,半导体,AI算力
20260918,sz300727,化工,周期资源
20260918,sz300729,,
20260918,sz300731,化工,周期资源
20260918,sz300736,消费电子,AI算力
20260918,sz300739,芯片,AI算力
20260918,sz300746,油气,周期资源
20260918,sz300747,PCB,AI算力
20260918,sz300752,消费电子,AI算力
20260918,sz300756,机器人,机器人
20260918,sz300757,光通信,AI算力
20260918,sz300761,,
20260918,sz300767,化工,周期资源
20260918,sz300776,光伏,新能源电网
20260918,sz300787,消费电子,AI算力
20260918,sz300793,消费电子,AI算力
20260918,sz300798,化工,周期资源
20260918,sz300804,化工,周期资源
20260918,sz300805,传媒,AI应用
20260918,sz300806,消费电子,AI算力
20260918,sz300808,,
20260918,sz300811,有色,周期资源
20260918,sz300816,算力,AI算力
20260918,sz300817,减速器,机器人
20260918,sz300820,储能,新能源电网
20260918,sz300825,AI应用,AI应用
20260918,sz300829,化工,周期资源
20260918,sz300833,传媒,AI应用
20260918,sz300836,机器人,机器人
20260918,sz300845,军工,军工航天
20260918,sz300850,风电,新能源电网
20260918,sz300853,电网,新能源电网
20260918,sz300857,消费电子,AI算力
20260918,sz300864,,
20260918,sz300865,无人机,军工航天
20260918,sz300866,消费电子,AI算力
20260918,sz300889,储能,新能源电网
20260918,sz300891,化工,周期资源
20260918,sz300895,算力,AI算力
20260918,sz300900,军工,军工航天
20260918,sz300902,低空经济,军工航天
20260918,sz300904,风电,新能源电网
20260918,sz300905,化工,周期资源
20260918,sz300909,消费电子,AI算力
20260918,sz300910,化工,周期资源
20260918,sz300913,智能驾驶,AI应用
20260918,sz300917,算力,AI算力
20260918,sz300918,机器人,机器人
20260918,sz300921,算力,AI算力
20260918,sz300933,电网,新能源电网
20260918,sz300938,低空经济,军工航天
20260918,sz300943,油气,周期资源
20260918,sz300950,氢能,新能源电网
20260918,sz300951,消费电子,AI算力
20260918,sz300969,机器人,机器人
20260918,sz300976,消费电子,AI算力
20260918,sz300977,半导体,AI算力
20260918,sz300987,传媒,AI应用
20260918,sz300988,算力,AI算力
20260918,sz300989,算力,AI算力
20260918,sz300990,算力,AI算力
20260918,sz300991,有色,周期资源
20260918,sz300998,机器人,机器人
20260918,sz301007,机器人,机器人
20260918,sz301010,医药,医药
20260918,sz301011,,
20260918,sz301016,储能,新能源电网
20260918,sz301018,军工,军工航天
20260918,sz301021,半导体,AI算力
20260918,sz301025,传媒,AI应用
20260918,sz301038,AI应用,AI应用
20260918,sz301041,军工,军工航天
20260918,sz301043,,
20260918,sz301046,机器人,机器人
20260918,sz301056,军工,军工航天
20260918,sz301059,化工,周期资源
20260918,sz301061,,
20260918,sz301067,消费电子,AI算力
20260918,sz301072,,
20260918,sz301075,医药,医药
20260918,sz301086,消费电子,AI算力
20260918,sz301087,医药,医药
20260918,sz301091,智能驾驶,AI应用
20260918,sz301095,芯片,AI算力
20260918,sz301096,医药,医药
20260918,sz301108,,
20260918,sz301119,,
20260918,sz301122,医药,医药
20260918,sz301125,机器人,机器人
20260918,sz301128,消费电子,AI算力
20260918,sz301136,卫星,军工航天
20260918,sz301148,,
20260918,sz301149,化工,周期资源
20260918,sz301161,半导体,AI算力
20260918,sz301169,AI应用,AI应用
20260918,sz301172,AI应用,AI应用
20260918,sz301178,算力,AI算力
20260918,sz301183,智能驾驶,AI应用
20260918,sz301189,消费电子,AI算力
20260918,sz301210,储能,新能源电网
20260918,sz301216,机器人,机器人
20260918,sz301220,化工,周期资源
20260918,sz301223,,
20260918,sz301226,机器人,机器人
20260918,sz301235,医药,医药
20260918,sz301252,机器人,机器人
20260918,sz301265,存储,AI算力
20260918,sz301280,机器人,机器人
20260918,sz301281,医药,医药
20260918,sz301285,消费电子,AI算力
20260918,sz301286,化工,周期资源
20260918,sz301297,半导体,AI算力
20260918,sz301299,AI应用,AI应用
20260918,sz301300,化工,周期资源
20260918,sz301305,电力,新能源电网
20260918,sz301306,军工,军工航天
20260918,sz301320,机器人,机器人
20260918,sz301325,储能,新能源电网
20260918,sz301330,机器人,机器人
20260918,sz301333,医药,医药
20260918,sz301336,,
20260918,sz301355,化工,周期资源
20260918,sz301359,,
20260918,sz301360,消费电子,AI算力
20260918,sz301372,,
20260918,sz301376,AI应用,AI应用
20260918,sz301380,AI应用,AI应用
20260918,sz301381,,
20260918,sz301389,消费电子,AI算力
20260918,sz301392,储能,新能源电网
20260918,sz301398,机器人,机器人
20260918,sz301421,储能,新能源电网
20260918,sz301448,机器人,机器人
20260918,sz301456,风电,新能源电网
20260918,sz301479,机器人,机器人
20260918,sz301500,电力,新能源电网
20260918,sz301505,低空经济,军工航天
20260918,sz301511,储能,新能源电网
20260918,sz301533,电网,新能源电网
20260918,sz301536,芯片,AI算力
20260918,sz301538,化工,周期资源
20260918,sz301551,传媒,AI应用
20260918,sz301555,化工,周期资源
20260918,sz301556,,
20260918,sz301571,军工,军工航天
20260918,sz301577,机器人,机器人
20260918,sz301585,化工,周期资源
20260918,sz301589,芯片,AI算力
20260918,sz301592,军工,军工航天
20260918,sz301595,化工,周期资源
20260918,sz301598,低空经济,军工航天
20260918,sz301603,机器人,机器人
20260918,sz301606,消费电子,AI算力
20260918,sz301608,智能驾驶,AI应用
20260918,sz301617,化工,周期资源
20260918,sz301629,半导体,AI算力
20260918,sz301633,算力,AI算力
20260918,sz301678,半导体,AI算力
20260918,sz301680,电网,新能源电网
20260921,bj920001,,
20260921,bj920006,军工,军工航天
20260921,bj920021,传媒,AI应用
20260921,bj920035,算力,AI算力
20260921,bj920075,AI应用,AI应用
20260921,bj920083,化工,周期资源
20260921,bj920087,,
20260921,bj920090,AI应用,AI应用
20260921,bj920092,AI应用,AI应用
20260921,bj920117,储能,新能源电网
20260921,bj920122,,
20260921,bj920128,储能,新能源电网
20260921,bj920130,AI应用,AI应用
20260921,bj920161,化工,周期资源
20260921,bj920176,,
20260921,bj920178,消费电子,AI算力
20260921,bj920190,消费电子,AI算力
20260921,bj920193,电力,新能源电网
20260921,bj920211,机器人,机器人
20260921,bj920212,消费电子,AI算力
20260921,bj920221,减速器,机器人
20260921,bj920222,电网,新能源电网
20260921,bj920223,算力,AI算力
20260921,bj920249,储能,新能源电网
20260921,bj920268,医药,医药
20260921,bj920298,半导体,AI算力
20260921,bj920344,医药,医药
20260921,bj920357,消费电子,AI算力
20260921,bj920367,医药,医药
20260921,bj920371,,
20260921,bj920394,化工,周期资源
20260921,bj920427,低空经济,军工航天
20260921,bj920478,医药,医药
20260921,bj920510,机器人,机器人
20260921,bj920592,AI应用,AI应用
20260921,bj920634,有色,周期资源
20260921,bj920662,算力,AI算力
20260921,bj920685,,
20260921,bj920699,消费电子,AI算力
20260921,bj920725,半导体,AI算力
20260921,bj920790,,
20260921,bj920821,光通信,AI算力
20260921,bj920855,,
20260921,bj920856,机器人,机器人
20260921,bj920857,消费电子,AI算力
20260921,bj920876,消费电子,AI算力
20260921,bj920895,,
20260921,bj920961,卫星,军工航天
20260921,sh600052,储能,新能源电网
20260921,sh600053,机器人,机器人
20260921,sh600059,,
20260921,sh600080,医药,医药
20260921,sh600082,,
20260921,sh600084,,
20260921,sh600088,传媒,AI应用
20260921,sh600095,,
20260921,sh600107,油气,周期资源
20260921,sh600108,,
20260921,sh600113,,
20260921,sh600119,,
20260921,sh600120,,
20260921,sh600127,,
20260921,sh600130,消费电子,AI算力
20260921,sh600162,算力,AI算力
20260921,sh600165,化工,周期资源
20260921,sh600172,新材料,周期资源
20260921,sh600178,低空经济,军工航天
20260921,sh600180,,
20260921,sh600182,,
20260921,sh600185,,
20260921,sh600187,储能,新能源电网
20260921,sh600191,,
20260921,sh600199,,
20260921,sh600206,半导体,AI算力
20260921,sh600227,化工,周期资源
20260921,sh600228,传媒,AI应用
20260921,sh600233,,
20260921,sh600237,,
20260921,sh600238,,
20260921,sh600239,,
20260921,sh600243,,
20260921,sh600246,算力,AI算力
20260921,sh600250,,
20260921,sh600251,电力,新能源电网
20260921,sh600257,,
20260921,sh600261,氢能,新能源电网
20260921,sh600265,算力,AI算力
20260921,sh600266,航天,军工航天
20260921,sh600280,,
20260921,sh600289,AI应用,AI应用
20260921,sh600293,化工,周期资源
20260921,sh600301,有色,周期资源
20260921,sh600302,,
20260921,sh600303,氢能,新能源电网
20260921,sh600313,,
20260921,sh600318,,
20260921,sh600322,,
20260921,sh600325,,
20260921,sh600326,化工,周期资源
20260921,sh600327,,
20260921,sh600337,AI应用,AI应用
20260921,sh600340,低空经济,军工航天
20260921,sh600350,,
20260921,sh600353,军工,军工航天
20260921,sh600354,,
20260921,sh600356,化工,周期资源
20260921,sh600359,医药,医药
20260921,sh600360,半导体,AI算力
20260921,sh600365,,
20260921,sh600367,储能,新能源电网
20260921,sh600370,化工,周期资源
20260921,sh600371,,
20260921,sh600375,氢能,新能源电网
20260921,sh600376,,
20260921,sh600381,医药,医药
20260921,sh600382,黑色,周期资源
20260921,sh600400,AI应用,AI应用
20260921,sh600410,消费电子,AI算力
20260921,sh600418,智能驾驶,AI应用
20260921,sh600419,,
20260921,sh600423,化工,周期资源
20260921,sh600429,,
20260921,sh600439,,
20260921,sh600448,,
20260921,sh600459,有色,周期资源
20260921,sh600463,,
20260921,sh600476,算力,AI算力
20260921,sh600488,医药,医药
20260921,sh600491,,
20260921,sh600500,储能,新能源电网
20260921,sh600508,煤炭,周期资源
20260921,sh600516,储能,新能源电网
20260921,sh600527,,
20260921,sh600530,,
20260921,sh600536,,
20260921,sh600537,光伏,新能源电网
20260921,sh600539,PCB,AI算力
20260921,sh600540,,
20260921,sh600543,,
20260921,sh600567,化工,周期资源
20260921,sh600568,医药,医药
20260921,sh600573,,
20260921,sh600576,低空经济,军工航天
20260921,sh600581,黑色,周期资源
20260921,sh600584,半导体,AI算力
20260921,sh600593,,
20260921,sh600595,有色,周期资源
20260921,sh600598,,
20260921,sh600603,,
20260921,sh600606,金融科技,AI应用
20260921,sh600611,算力,AI算力
20260921,sh600616,,
20260921,sh600621,,
20260921,sh600624,医药,医药
20260921,sh600626,,
20260921,sh600629,消费电子,AI算力
20260921,sh600630,,
20260921,sh600637,传媒,AI应用
20260921,sh600644,电力,新能源电网
20260921,sh600654,消费电子,AI算力
20260921,sh600657,,
20260921,sh600661,,
20260921,sh600663,,
20260921,sh600665,,
20260921,sh600667,光伏,新能源电网
20260921,sh600673,算力,AI算力
20260921,sh600676,,
20260921,sh600678,化工,周期资源
20260921,sh600679,,
20260921,sh600682,,
20260921,sh600689,,
20260921,sh600693,,
20260921,sh600697,,
20260921,sh600698,,
20260921,sh600702,,
20260921,sh600703,半导体,AI算力
20260921,sh600708,,
20260921,sh600712,,
20260921,sh600719,电力,新能源电网
20260921,sh600721,医药,医药
20260921,sh600724,,
20260921,sh600730,AI应用,AI应用
20260921,sh600733,储能,新能源电网
20260921,sh600734,算力,AI算力
20260921,sh600735,医药,医药
20260921,sh600737,,
20260921,sh600743,,
20260921,sh600745,半导体,AI算力
20260921,sh600746,化工,周期资源
20260921,sh600749,,
20260921,sh600753,,
20260921,sh600758,煤炭,周期资源
20260921,sh600759,油气,周期资源
20260921,sh600769,,
20260921,sh600770,半导体,AI算力
20260921,sh600777,油气,周期资源
20260921,sh600778,,
20260921,sh600779,,
20260921,sh600785,,
20260921,sh600791,,
20260921,sh600815,,
20260921,sh600818,,
20260921,sh600822,,
20260921,sh600824,有色,周期资源
20260921,sh600828,,
20260921,sh600829,医药,医药
20260921,sh600830,,
20260921,sh600838,,
20260921,sh600844,化工,周期资源
20260921,sh600846,,
20260921,sh600847,电力,新能源电网
20260921,sh600857,有色,周期资源
20260921,sh600865,,
20260921,sh600881,医药,医药
20260921,sh600889,机器人,机器人
20260921,sh600892,传媒,AI应用
20260921,sh600903,油气,周期资源
20260921,sh600906,,
20260921,sh600909,,
20260921,sh600929,化工,周期资源
20260921,sh600936,机器人,机器人
20260921,sh600965,,
20260921,sh600975,,
20260921,sh600980,机器人,机器人
20260921,sh600984,化工,周期资源
20260921,sh600985,煤炭,周期资源
20260921,sh601002,,
20260921,sh601003,黑色,周期资源
20260921,sh601010,,
20260921,sh601038,智能驾驶,AI应用
20260921,sh601066,,
20260921,sh601086,,
20260921,sh601101,煤炭,周期资源
20260921,sh601108,,
20260921,sh601116,,
20260921,sh601121,黑色,周期资源
20260921,sh601123,黑色,周期资源
20260921,sh601136,,
20260921,sh601155,,
20260921,sh601162,,
20260921,sh601177,核电,新能源电网
20260921,sh601199,,
20260921,sh601233,油气,周期资源
20260921,sh601336,,
20260921,sh601366,,
20260921,sh601368,,
20260921,sh601566,,
20260921,sh601579,,
20260921,sh601588,,
20260921,sh601616,电网,新能源电网
20260921,sh601666,煤炭,周期资源
20260921,sh601686,黑色,周期资源
20260921,sh601696,,
20260921,sh601699,煤炭,周期资源
20260921,sh601700,电网,新能源电网
20260921,sh601702,有色,周期资源
20260921,sh601718,军工,军工航天
20260921,sh601789,算力,AI算力
20260921,sh601798,油气,周期资源
20260921,sh601872,航运,周期资源
20260921,sh601882,,
20260921,sh601886,光伏,新能源电网
20260921,sh601933,,
20260921,sh601952,,
20260921,sh601958,有色,周期资源
20260921,sh601999,传媒,AI应用
20260921,sh603001,,
20260921,sh603005,半导体,AI算力
20260921,sh603008,医药,医药
20260921,sh603020,化工,周期资源
20260921,sh603021,,
20260921,sh603025,PCB,AI算力
20260921,sh603029,,
20260921,sh603032,储能,新能源电网
20260921,sh603036,油气,周期资源
20260921,sh603038,,
20260921,sh603039,AI应用,AI应用
20260921,sh603042,算力,AI算力
20260921,sh603048,,
20260921,sh603057,,
20260921,sh603061,半导体,AI算力
20260921,sh603065,化工,周期资源
20260921,sh603067,储能,新能源电网
20260921,sh603068,芯片,AI算力
20260921,sh603071,电力,新能源电网
20260921,sh603075,半导体,AI算力
20260921,sh603076,,
20260921,sh603078,半导体,AI算力
20260921,sh603089,机器人,机器人
20260921,sh603093,,
20260921,sh603095,,
20260921,sh603102,,
20260921,sh603115,,
20260921,sh603118,算力,AI算力
20260921,sh603122,医药,医药
20260921,sh603124,有色,周期资源
20260921,sh603127,医药,医药
20260921,sh603135,机器人,机器人
20260921,sh603136,,
20260921,sh603137,,
20260921,sh603138,算力,AI算力
20260921,sh603151,,
20260921,sh603156,,
20260921,sh603159,,
20260921,sh603161,氢能,新能源电网
20260921,sh603171,算力,AI算力
20260921,sh603177,储能,新能源电网
20260921,sh603180,,
20260921,sh603189,AI应用,AI应用
20260921,sh603191,电网,新能源电网
20260921,sh603193,,
20260921,sh603196,储能,新能源电网
20260921,sh603197,智能驾驶,AI应用
20260921,sh603201,,
20260921,sh603210,AI应用,AI应用
20260921,sh603216,AI应用,AI应用
20260921,sh603221,,
20260921,sh603222,医药,医药
20260921,sh603223,油气,周期资源
20260921,sh603226,,
20260921,sh603232,消费电子,AI算力
20260921,sh603236,机器人,机器人
20260921,sh603237,,
20260921,sh603261,军工,军工航天
20260921,sh603267,军工,军工航天
20260921,sh603268,军工,军工航天
20260921,sh603269,算力,AI算力
20260921,sh603272,,
20260921,sh603277,,
20260921,sh603285,化工,周期资源
20260921,sh603289,,
20260921,sh603303,储能,新能源电网
20260921,sh603306,光通信,AI算力
20260921,sh603311,,
20260921,sh603313,,
20260921,sh603317,,
20260921,sh603318,油气,周期资源
20260921,sh603325,,
20260921,sh603329,,
20260921,sh603333,电力,新能源电网
20260921,sh603335,存储,AI算力
20260921,sh603338,机器人,机器人
20260921,sh603348,储能,新能源电网
20260921,sh603352,机器人,机器人
20260921,sh603353,油气,周期资源
20260921,sh603355,,
20260921,sh603356,光伏,新能源电网
20260921,sh603359,,
20260921,sh603360,化工,周期资源
20260921,sh603363,,
20260921,sh603366,光伏,新能源电网
20260921,sh603369,,
20260921,sh603377,,
20260921,sh603378,化工,周期资源
20260921,sh603382,化工,周期资源
20260921,sh603389,新材料,周期资源
20260921,sh603398,电力,新能源电网
20260921,sh603402,,
20260921,sh603406,化工,周期资源
20260921,sh603429,化工,周期资源
20260921,sh603435,储能,新能源电网
20260921,sh603466,AI应用,AI应用
20260921,sh603477,,
20260921,sh603489,电力,新能源电网
20260921,sh603500,,
20260921,sh603516,芯片,AI算力
20260921,sh603517,,
20260921,sh603519,半导体,AI算力
20260921,sh603527,有色,周期资源
20260921,sh603538,医药,医药
20260921,sh603557,,
20260921,sh603559,低空经济,军工航天
20260921,sh603580,化工,周期资源
20260921,sh603595,消费电子,AI算力
20260921,sh603606,电网,新能源电网
20260921,sh603608,机器人,机器人
20260921,sh603615,,
20260921,sh603618,电网,新能源电网
20260921,sh603619,油气,周期资源
20260921,sh603629,消费电子,AI算力
20260921,sh603630,,
20260921,sh603637,氢能,新能源电网
20260921,sh603655,,
20260921,sh603657,,
20260921,sh603661,新材料,周期资源
20260921,sh603666,机器人,机器人
20260921,sh603668,,
20260921,sh603678,军工,军工航天
20260921,sh603682,,
20260921,sh603686,智能驾驶,AI应用
20260921,sh603688,化工,周期资源
20260921,sh603696,,
20260921,sh603708,,
20260921,sh603711,,
20260921,sh603713,,
20260921,sh603717,光伏,新能源电网
20260921,sh603718,医药,医药
20260921,sh603719,,
20260921,sh603721,传媒,AI应用
20260921,sh603722,化工,周期资源
20260921,sh603726,机器人,机器人
20260921,sh603727,油气,周期资源
20260921,sh603729,传媒,AI应用
20260921,sh603738,机器人,机器人
20260921,sh603739,化工,周期资源
20260921,sh603757,算力,AI算力
20260921,sh603759,储能,新能源电网
20260921,sh603773,消费电子,AI算力
20260921,sh603779,,
20260921,sh603789,智能驾驶,AI应用
20260921,sh603790,化工,周期资源
20260921,sh603797,,
20260921,sh603801,AI应用,AI应用
20260921,sh603808,,
20260921,sh603813,氢能,新能源电网
20260921,sh603815,,
20260921,sh603822,化工,周期资源
20260921,sh603828,,
20260921,sh603833,,
20260921,sh603838,,
20260921,sh603839,,
20260921,sh603843,储能,新能源电网
20260921,sh603848,,
20260921,sh603871,,
20260921,sh603877,,
20260921,sh603886,,
20260921,sh603903,芯片,AI算力
20260921,sh603919,,
20260921,sh603922,,
20260921,sh603933,机器人,机器人
20260921,sh603938,化工,周期资源
20260921,sh603955,,
20260921,sh603956,AI应用,AI应用
20260921,sh603959,储能,新能源电网
20260921,sh603969,核电,新能源电网
20260921,sh603976,医药,医药
20260921,sh603978,化工,周期资源
20260921,sh603983,,
20260921,sh603986,芯片,AI算力
20260921,sh603989,消费电子,AI算力
20260921,sh603991,半导体,AI算力
20260921,sh603992,机器人,机器人
20260921,sh603995,黑色,周期资源
20260921,sh603997,机器人,机器人
20260921,sh603999,传媒,AI应用
20260921,sh605016,化工,周期资源
20260921,sh605028,电力,新能源电网
20260921,sh605033,化工,周期资源
20260921,sh605077,化工,周期资源
20260921,sh605080,,
20260921,sh605089,,
20260921,sh605098,AI应用,AI应用
20260921,sh605108,,
20260921,sh605151,,
20260921,sh605155,,
20260921,sh605166,化工,周期资源
20260921,sh605169,油气,周期资源
20260921,sh605178,存储,AI算力
20260921,sh605179,,
20260921,sh605180,元件,AI算力
20260921,sh605188,,
20260921,sh605189,机器人,机器人
20260921,sh605198,,
20260921,sh605199,医药,医药
20260921,sh605218,医药,医药
20260921,sh605255,氢能,新能源电网
20260921,sh605277,消费电子,AI算力
20260921,sh605287,传媒,AI应用
20260921,sh605296,,
20260921,sh605298,,
20260921,sh605299,消费电子,AI算力
20260921,sh605300,,
20260921,sh605319,半导体,AI算力
20260921,sh605336,电网,新能源电网
20260921,sh605337,,
20260921,sh605339,,
20260921,sh605358,半导体,AI算力
20260921,sh605388,,
20260921,sh605499,,
20260921,sh605507,医药,医药
20260921,sh605580,电力,新能源电网
20260921,sh688004,传媒,AI应用
20260921,sh688152,航天,军工航天
20260921,sh688169,机器人,机器人
20260921,sh688172,半导体,AI算力
20260921,sh688175,军工,军工航天
20260921,sh688209,芯片,AI算力
20260921,sh688244,军工,军工航天
20260921,sh688292,AI应用,AI应用
20260921,sh688328,机器人,机器人
20260921,sh688333,低空经济,军工航天
20260921,sh688335,氢能,新能源电网
20260921,sh688367,,
20260921,sh688371,消费电子,AI算力
20260921,sh688432,半导体,AI算力
20260921,sh688496,消费电子,AI算力
20260921,sh688584,半导体,AI算力
20260921,sh688610,机器人,机器人
20260921,sh688622,医药,医药
20260921,sh688720,半导体,AI算力
20260921,sh688790,芯片,AI算力
20260921,sz000002,,
20260921,sz000006,,
20260921,sz000007,,
20260921,sz000008,,
20260921,sz000009,储能,新能源电网
20260921,sz000010,,
20260921,sz000011,,
20260921,sz000016,半导体,AI算力
20260921,sz000019,,
20260921,sz000020,,
20260921,sz000021,消费电子,AI算力
20260921,sz000025,有色,周期资源
20260921,sz000029,,
20260921,sz000031,,
20260921,sz000035,氢能,新能源电网
20260921,sz000036,,
20260921,sz000042,,
20260921,sz000048,机器人,机器人
20260921,sz000055,光伏,新能源电网
20260921,sz000056,半导体,AI算力
20260921,sz000062,半导体,AI算力
20260921,sz000065,光伏,新能源电网
20260921,sz000068,新材料,周期资源
20260921,sz000078,医药,医药
20260921,sz000090,光伏,新能源电网
20260921,sz000151,电力,新能源电网
20260921,sz000153,医药,医药
20260921,sz000158,算力,AI算力
20260921,sz000301,化工,周期资源
20260921,sz000402,,
20260921,sz000417,有色,周期资源
20260921,sz000428,,
20260921,sz000488,化工,周期资源
20260921,sz000505,,
20260921,sz000509,,
20260921,sz000510,化工,周期资源
20260921,sz000517,,
20260921,sz000518,医药,医药
20260921,sz000520,航运,周期资源
20260921,sz000521,医药,医药
20260921,sz000523,,
20260921,sz000524,低空经济,军工航天
20260921,sz000526,AI应用,AI应用
20260921,sz000532,储能,新能源电网
20260921,sz000554,油气,周期资源
20260921,sz000558,传媒,AI应用
20260921,sz000560,AI应用,AI应用
20260921,sz000564,,
20260921,sz000567,,
20260921,sz000572,储能,新能源电网
20260921,sz000576,军工,军工航天
20260921,sz000592,,
20260921,sz000593,储能,新能源电网
20260921,sz000595,电力,新能源电网
20260921,sz000596,,
20260921,sz000601,电力,新能源电网
20260921,sz000608,算力,AI算力
20260921,sz000609,半导体,AI算力
20260921,sz000610,,
20260921,sz000620,算力,AI算力
20260921,sz000626,医药,医药
20260921,sz000632,,
20260921,sz000635,化工,周期资源
20260921,sz000639,,
20260921,sz000656,,
20260921,sz000659,,
20260921,sz000668,,
20260921,sz000669,油气,周期资源
20260921,sz000672,化工,周期资源
20260921,sz000676,传媒,AI应用
20260921,sz000677,化工,周期资源
20260921,sz000679,,
20260921,sz000692,电力,新能源电网
20260921,sz000698,化工,周期资源
20260921,sz000702,,
20260921,sz000711,,
20260921,sz000712,,
20260921,sz000713,化工,周期资源
20260921,sz000715,,
20260921,sz000716,储能,新能源电网
20260921,sz000718,,
20260921,sz000721,,
20260921,sz000722,电力,新能源电网
20260921,sz000735,,
20260921,sz000736,,
20260921,sz000753,低空经济,军工航天
20260921,sz000757,消费电子,AI算力
20260921,sz000759,,
20260921,sz000776,,
20260921,sz000783,,
20260921,sz000791,电力,新能源电网
20260921,sz000793,传媒,AI应用
20260921,sz000796,金融科技,AI应用
20260921,sz000798,,
20260921,sz000802,传媒,AI应用
20260921,sz000803,电力,新能源电网
20260921,sz000809,风电,新能源电网
20260921,sz000811,算力,AI算力
20260921,sz000812,,
20260921,sz000815,算力,AI算力
20260921,sz000820,,
20260921,sz000821,光伏,新能源电网
20260921,sz000826,储能,新能源电网
20260921,sz000829,消费电子,AI算力
20260921,sz000833,化工,周期资源
20260921,sz000838,,
20260921,sz000839,AI应用,AI应用
20260921,sz000852,油气,周期资源
20260921,sz000863,AI应用,AI应用
20260921,sz000868,氢能,新能源电网
20260921,sz000876,,
20260921,sz000882,,
20260921,sz000889,金融科技,AI应用
20260921,sz000890,,
20260921,sz000892,传媒,AI应用
20260921,sz000903,氢能,新能源电网
20260921,sz000908,医药,医药
20260921,sz000909,储能,新能源电网
20260921,sz000911,,
20260921,sz000921,,
20260921,sz000926,,
20260921,sz000928,氢能,新能源电网
20260921,sz000930,,
20260921,sz000935,创新药,医药
20260921,sz000951,智能驾驶,AI应用
20260921,sz000962,核电,新能源电网
20260921,sz000965,,
20260921,sz000972,医药,医药
20260921,sz000973,储能,新能源电网
20260921,sz000978,,
20260921,sz000980,智能驾驶,AI应用
20260921,sz000981,智能驾驶,AI应用
20260921,sz000987,电力,新能源电网
20260921,sz000995,,
20260921,sz000998,,
20260921,sz001201,,
20260921,sz001206,,
20260921,sz001207,化工,周期资源
20260921,sz001209,AI应用,AI应用
20260921,sz001211,,
20260921,sz001215,,
20260921,sz001221,,
20260921,sz001222,,
20260921,sz001225,,
20260921,sz001233,,
20260921,sz001234,,
20260921,sz001237,,
20260921,sz001238,,
20260921,sz001256,,
20260921,sz001259,,
20260921,sz001260,,
20260921,sz001267,光通信,AI算力
20260921,sz001279,化工,周期资源
20260921,sz001296,化工,周期资源
20260921,sz001300,,
20260921,sz001301,储能,新能源电网
20260921,sz001317,,
20260921,sz001318,,
20260921,sz001323,消费电子,AI算力
20260921,sz001328,医药,医药
20260921,sz001338,,
20260921,sz001359,储能,新能源电网
20260921,sz001366,,
20260921,sz001373,消费电子,AI算力
20260921,sz001378,化工,周期资源
20260921,sz001387,PCB,AI算力
20260921,sz001388,电网,新能源电网
20260921,sz001395,,
20260921,sz001400,减速器,机器人
20260921,sz001896,电力,新能源电网
20260921,sz002005,,
20260921,sz002012,化工,周期资源
20260921,sz002014,,
20260921,sz002024,,
20260921,sz002029,,
20260921,sz002030,医药,医药
20260921,sz002037,化工,周期资源
20260921,sz002040,航运,周期资源
20260921,sz002041,,
20260921,sz002042,电力,新能源电网
20260921,sz002045,消费电子,AI算力
20260921,sz002046,机器人,机器人
20260921,sz002051,算力,AI算力
20260921,sz002052,储能,新能源电网
20260921,sz002055,消费电子,AI算力
20260921,sz002056,光伏,新能源电网
20260921,sz002066,,
20260921,sz002067,化工,周期资源
20260921,sz002068,化工,周期资源
20260921,sz002072,存储,AI算力
20260921,sz002076,储能,新能源电网
20260921,sz002082,医药,医药
20260921,sz002083,储能,新能源电网
20260921,sz002084,,
20260921,sz002088,储能,新能源电网
20260921,sz002095,传媒,AI应用
20260921,sz002098,金融科技,AI应用
20260921,sz002102,医药,医药
20260921,sz002109,化工,周期资源
20260921,sz002122,,
20260921,sz002124,,
20260921,sz002125,储能,新能源电网
20260921,sz002133,,
20260921,sz002138,氢能,新能源电网
20260921,sz002146,低空经济,军工航天
20260921,sz002156,半导体,AI算力
20260921,sz002159,,
20260921,sz002160,有色,周期资源
20260921,sz002162,机器人,机器人
20260921,sz002168,电网,新能源电网
20260921,sz002172,医药,医药
20260921,sz002175,芯片,AI算力
20260921,sz002180,芯片,AI算力
20260921,sz002185,半导体,AI算力
20260921,sz002192,储能,新能源电网
20260921,sz002193,,
20260921,sz002198,医药,医药
20260921,sz002199,,
20260921,sz002200,,
20260921,sz002201,化工,周期资源
20260921,sz002207,油气,周期资源
20260921,sz002208,,
20260921,sz002209,机器人,机器人
20260921,sz002211,化工,周期资源
20260921,sz002212,AI应用,AI应用
20260921,sz002214,军工,军工航天
20260921,sz002217,PCB,AI算力
20260921,sz002225,氢能,新能源电网
20260921,sz002227,电力,新能源电网
20260921,sz002232,AI应用,AI应用
20260921,sz002243,新材料,周期资源
20260921,sz002244,储能,新能源电网
20260921,sz002245,储能,新能源电网
20260921,sz002248,芯片,AI算力
20260921,sz002250,化工,周期资源
20260921,sz002251,,
20260921,sz002253,军工,军工航天
20260921,sz002254,储能,新能源电网
20260921,sz002258,化工,周期资源
20260921,sz002264,传媒,AI应用
20260921,sz002274,化工,周期资源
20260921,sz002277,机器人,机器人
20260921,sz002279,AI应用,AI应用
20260921,sz002281,光通信,AI算力
20260921,sz002284,机器人,机器人
20260921,sz002285,,
20260921,sz002286,,
20260921,sz002289,算力,AI算力
20260921,sz002292,传媒,AI应用
20260921,sz002298,算力,AI算力
20260921,sz002300,电网,新能源电网
20260921,sz002302,化工,周期资源
20260921,sz002303,消费电子,AI算力
20260921,sz002305,,
20260921,sz002306,光伏,新能源电网
20260921,sz002309,电网,新能源电网
20260921,sz002310,光伏,新能源电网
20260921,sz002314,储能,新能源电网
20260921,sz002321,,
20260921,sz002322,电网,新能源电网
20260921,sz002323,电力,新能源电网
20260921,sz002329,光伏,新能源电网
20260921,sz002333,光伏,新能源电网
20260921,sz002346,储能,新能源电网
20260921,sz002348,算力,AI算力
20260921,sz002353,油气,周期资源
20260921,sz002356,氢能,新能源电网
20260921,sz002357,卫星,军工航天
20260921,sz002360,化工,周期资源
20260921,sz002362,机器人,机器人
20260921,sz002364,算力,AI算力
20260921,sz002365,医药,医药
20260921,sz002369,消费电子,AI算力
20260921,sz002374,,
20260921,sz002375,,
20260921,sz002377,油气,周期资源
20260921,sz002379,有色,周期资源
20260921,sz002384,消费电子,AI算力
20260921,sz002385,医药,医药
20260921,sz002396,光通信,AI算力
20260921,sz002397,,
20260921,sz002404,电力,新能源电网
20260921,sz002407,化工,周期资源
20260921,sz002409,半导体,AI算力
20260921,sz002414,军工,军工航天
20260921,sz002423,,
20260921,sz002424,医药,医药
20260921,sz002427,化工,周期资源
20260921,sz002431,,
20260921,sz002432,医药,医药
20260921,sz002436,消费电子,AI算力
20260921,sz002442,化工,周期资源
20260921,sz002445,电力,新能源电网
20260921,sz002457,,
20260921,sz002458,,
20260921,sz002468,,
20260921,sz002471,电网,新能源电网
20260921,sz002483,船舶,军工航天
20260921,sz002484,军工,军工航天
20260921,sz002485,,
20260921,sz002490,油气,周期资源
20260921,sz002491,,
20260921,sz002496,化工,周期资源
20260921,sz002497,储能,新能源电网
20260921,sz002498,电网,新能源电网
20260921,sz002501,有色,周期资源
20260921,sz002512,算力,AI算力
20260921,sz002514,储能,新能源电网
20260921,sz002528,消费电子,AI算力
20260921,sz002531,风电,新能源电网
20260921,sz002536,氢能,新能源电网
20260921,sz002538,化工,周期资源
20260921,sz002542,传媒,AI应用
20260921,sz002543,,
20260921,sz002546,电力,新能源电网
20260921,sz002547,储能,新能源电网
20260921,sz002548,,
20260921,sz002552,PCB,AI算力
20260921,sz002564,核电,新能源电网
20260921,sz002568,,
20260921,sz002569,,
20260921,sz002570,AI应用,AI应用
20260921,sz002579,消费电子,AI算力
20260921,sz002581,医药,医药
20260921,sz002582,,
20260921,sz002586,传媒,AI应用
20260921,sz002592,消费电子,AI算力
20260921,sz002596,化工,周期资源
20260921,sz002597,化工,周期资源
20260921,sz002598,储能,新能源电网
20260921,sz002607,AI应用,AI应用
20260921,sz002612,,
20260921,sz002613,化工,周期资源
20260921,sz002614,医药,医药
20260921,sz002615,消费电子,AI算力
20260921,sz002620,电力,新能源电网
20260921,sz002622,医药,医药
20260921,sz002626,,
20260921,sz002627,,
20260921,sz002629,油气,周期资源
20260921,sz002630,电力,新能源电网
20260921,sz002632,储能,新能源电网
20260921,sz002634,新材料,周期资源
20260921,sz002638,,
20260921,sz002640,消费电子,AI算力
20260921,sz002650,,
20260921,sz002656,,
20260921,sz002659,消费电子,AI算力
20260921,sz002661,,
20260921,sz002667,储能,新能源电网
20260921,sz002668,,
20260921,sz002670,,
20260921,sz002674,机器人,机器人
20260921,sz002677,AI应用,AI应用
20260921,sz002679,,
20260921,sz002682,氢能,新能源电网
20260921,sz002686,军工,军工航天
20260921,sz002687,,
20260921,sz002688,化工,周期资源
20260921,sz002689,机器人,机器人
20260921,sz002691,机器人,机器人
20260921,sz002693,医药,医药
20260921,sz002694,,
20260921,sz002696,,
20260921,sz002700,油气,周期资源
20260921,sz002702,,
20260921,sz002713,算力,AI算力
20260921,sz002717,消费电子,AI算力
20260921,sz002718,,
20260921,sz002719,,
20260921,sz002724,军工,军工航天
20260921,sz002726,,
20260921,sz002731,储能,新能源电网
20260921,sz002735,低空经济,军工航天
20260921,sz002742,医药,医药
20260921,sz002743,,
20260921,sz002745,PCB,AI算力
20260921,sz002759,化工,周期资源
20260921,sz002762,,
20260921,sz002774,,
20260921,sz002775,,
20260921,sz002786,消费电子,AI算力
20260921,sz002789,,
20260921,sz002790,,
20260921,sz002791,,
20260921,sz002800,,
20260921,sz002815,消费电子,AI算力
20260921,sz002816,PCB,AI算力
20260921,sz002819,医药,医药
20260921,sz002820,,
20260921,sz002821,医药,医药
20260921,sz002822,,
20260921,sz002824,有色,周期资源
20260921,sz002826,医药,医药
20260921,sz002827,化工,周期资源
20260921,sz002828,油气,周期资源
20260921,sz002829,航天,军工航天
20260921,sz002830,,
20260921,sz002836,化工,周期资源
20260921,sz002840,,
20260921,sz002841,消费电子,AI算力
20260921,sz002845,消费电子,AI算力
20260921,sz002848,航天,军工航天
20260921,sz002851,储能,新能源电网
20260921,sz002852,,
20260921,sz002856,,
20260921,sz002860,光伏,新能源电网
20260921,sz002868,化工,周期资源
20260921,sz002871,算力,AI算力
20260921,sz002872,医药,医药
20260921,sz002875,,
20260921,sz002876,消费电子,AI算力
20260921,sz002879,电网,新能源电网
20260921,sz002883,低空经济,军工航天
20260921,sz002888,消费电子,AI算力
20260921,sz002891,,
20260921,sz002893,电力,新能源电网
20260921,sz002896,机器人,机器人
20260921,sz002907,医药,医药
20260921,sz002910,,
20260921,sz002912,AI应用,AI应用
20260921,sz002915,化工,周期资源
20260921,sz002916,消费电子,AI算力
20260921,sz002928,,
20260921,sz002929,算力,AI算力
20260921,sz002945,,
20260921,sz002949,AI应用,AI应用
20260921,sz002951,电力,新能源电网
20260921,sz002955,算力,AI算力
20260921,sz002956,,
20260921,sz002957,消费电子,AI算力
20260921,sz002960,机器人,机器人
20260921,sz002961,,
20260921,sz002969,,
20260921,sz002975,消费电子,AI算力
20260921,sz002977,军工,军工航天
20260921,sz002979,机器人,机器人
20260921,sz002980,储能,新能源电网
20260921,sz002982,,
20260921,sz002983,PCB,AI算力
20260921,sz002988,有色,周期资源
20260921,sz002998,化工,周期资源
20260921,sz003001,核电,新能源电网
20260921,sz003004,AI应用,AI应用
20260921,sz003005,AI应用,AI应用
20260921,sz003006,,
20260921,sz003010,,
20260921,sz003011,,
20260921,sz003018,算力,AI算力
20260921,sz003029,金融科技,AI应用
20260921,sz003030,,
20260921,sz003032,机器人,机器人
20260921,sz003036,机器人,机器人
20260921,sz003039,电力,新能源电网
20260921,sz003041,,
20260921,sz300020,算力,AI算力
20260921,sz300044,机器人,机器人
20260921,sz300068,储能,新能源电网
20260921,sz300069,电网,新能源电网
20260921,sz300085,AI应用,AI应用
20260921,sz300103,储能,新能源电网
20260921,sz300152,氢能,新能源电网
20260921,sz300163,化工,周期资源
20260921,sz300167,算力,AI算力
20260921,sz300169,化工,周期资源
20260921,sz300189,,
20260921,sz300197,,
20260921,sz300212,算力,AI算力
20260921,sz300214,算力,AI算力
20260921,sz300289,医药,医药
20260921,sz300311,AI应用,AI应用
20260921,sz300313,,
20260921,sz300321,化工,周期资源
20260921,sz300334,芯片,AI算力
20260921,sz300359,AI应用,AI应用
20260921,sz300385,,
20260921,sz300401,医药,医药
20260921,sz300456,半导体,AI算力
20260921,sz300469,AI应用,AI应用
20260921,sz300515,,
20260921,sz300540,氢能,新能源电网
20260921,sz300566,消费电子,AI算力
20260921,sz300598,智能驾驶,AI应用
20260921,sz300615,储能,新能源电网
20260921,sz300616,机器人,机器人
20260921,sz300626,电力,新能源电网
20260921,sz300642,医药,医药
20260921,sz300649,,
20260921,sz300684,消费电子,AI算力
20260921,sz300720,半导体,AI算力
20260921,sz300737,,
20260921,sz300740,,
20260921,sz300741,化工,周期资源
20260921,sz300779,有色,周期资源
20260921,sz300829,化工,周期资源
20260921,sz300834,化工,周期资源
20260921,sz300897,AI应用,AI应用
20260921,sz300929,氢能,新能源电网
20260921,sz300931,,
20260921,sz300961,,
20260921,sz300964,光通信,AI算力
20260921,sz300970,,
20260921,sz300981,医药,医药
20260921,sz300985,氢能,新能源电网
20260921,sz300996,AI应用,AI应用
20260921,sz300997,,
20260921,sz301019,化工,周期资源
20260921,sz301030,光伏,新能源电网
20260921,sz301045,消费电子,AI算力
20260921,sz301106,医药,医药
20260921,sz301115,光伏,新能源电网
20260921,sz301121,储能,新能源电网
20260921,sz301123,消费电子,AI算力
20260921,sz301139,储能,新能源电网
20260921,sz301151,算力,AI算力
20260921,sz301188,医药,医药
20260921,sz301193,,
20260921,sz301227,,
20260921,sz301234,医药,医药
20260921,sz301251,算力,AI算力
20260921,sz301322,半导体,AI算力
20260921,sz301349,电力,新能源电网
20260921,sz301356,,
20260921,sz301379,低空经济,军工航天
20260921,sz301390,AI应用,AI应用
20260921,sz301396,算力,AI算力
20260921,sz301449,储能,新能源电网
20260921,sz301520,创新药,医药
20260921,sz301565,储能,新能源电网
20260921,sz301583,半导体,AI算力
20260921,sz301599,储能,新能源电网
20260921,sz301607,半导体,AI算力
20260921,sz301630,半导体,AI算力
20260921,sz301667,储能,新能源电网
20260921,bj920305,,
20260921,sh600636,,
20260921,sh600696,,
20260921,sh605081,,
20260921,sz000004,,
20260921,sz002808,,
20260921,bj920005,消费电子,AI算力
20260921,bj920008,军工,军工航天
20260921,bj920010,算力,AI算力
20260921,bj920016,化工,周期资源
20260921,bj920019,,
20260921,bj920028,化工,周期资源
20260921,bj920030,储能,新能源电网
20260921,bj920036,,
20260921,bj920045,光通信,AI算力
20260921,bj920060,消费电子,AI算力
20260921,bj920065,消费电子,AI算力
20260921,bj920066,化工,周期资源
20260921,bj920098,化工,周期资源
20260921,bj920119,储能,新能源电网
20260921,bj920123,,
20260921,bj920125,PCB,AI算力
20260921,bj920132,,
20260921,bj920136,,
20260921,bj920145,,
20260921,bj920146,减速器,机器人
20260921,bj920149,光伏,新能源电网
20260921,bj920159,化工,周期资源
20260921,bj920169,航天,军工航天
20260921,bj920174,,
20260921,bj920179,半导体,AI算力
20260921,bj920183,消费电子,AI算力
20260921,bj920184,AI应用,AI应用
20260921,bj920191,,
20260921,bj920195,,
20260921,bj920198,AI应用,AI应用
20260921,bj920200,风电,新能源电网
20260921,bj920204,,
20260921,bj920220,机器人,机器人
20260921,bj920225,化工,周期资源
20260921,bj920230,医药,医药
20260921,bj920245,,
20260921,bj920247,PEEK,机器人
20260921,bj920260,油气,周期资源
20260921,bj920262,,
20260921,bj920267,消费电子,AI算力
20260921,bj920273,,
20260921,bj920275,,
20260921,bj920346,消费电子,AI算力
20260921,bj920351,低空经济,军工航天
20260921,bj920370,,
20260921,bj920374,,
20260921,bj920403,医药,医药
20260921,bj920414,光伏,新能源电网
20260921,bj920415,低空经济,军工航天
20260921,bj920419,,
20260921,bj920436,智能驾驶,AI应用
20260921,bj920438,PCB,AI算力
20260921,bj920445,,
20260921,bj920454,军工,军工航天
20260921,bj920455,,
20260921,bj920469,化工,周期资源
20260921,bj920496,储能,新能源电网
20260921,bj920504,医药,医药
20260921,bj920508,电网,新能源电网
20260921,bj920509,机器人,机器人
20260921,bj920519,化工,周期资源
20260921,bj920526,半导体,AI算力
20260921,bj920527,新材料,周期资源
20260921,bj920564,AI应用,AI应用
20260921,bj920570,机器人,机器人
20260921,bj920578,机器人,机器人
20260921,bj920608,,
20260921,bj920640,军工,军工航天
20260921,bj920642,军工,军工航天
20260921,bj920675,化工,周期资源
20260921,bj920693,算力,AI算力
20260921,bj920706,,
20260921,bj920718,,
20260921,bj920735,创新药,医药
20260921,bj920748,AI应用,AI应用
20260921,bj920770,光伏,新能源电网
20260921,bj920781,油气,周期资源
20260921,bj920786,,
20260921,bj920799,金融科技,AI应用
20260921,bj920802,,
20260921,bj920832,化工,周期资源
20260921,bj920837,,
20260921,bj920866,化工,周期资源
20260921,bj920873,,
20260921,bj920885,航天,军工航天
20260921,bj920892,低空经济,军工航天
20260921,bj920896,机器人,机器人
20260921,bj920924,消费电子,AI算力
20260921,bj920942,,
20260921,bj920946,医药,医药
20260921,bj920950,,
20260921,bj920953,AI应用,AI应用
20260921,bj920957,化工,周期资源
20260921,bj920964,,
20260921,bj920970,,
20260921,bj920971,PCB,AI算力
20260921,bj920974,氢能,新能源电网
20260921,bj920976,,
20260921,bj920981,光通信,AI算力
20260921,sh600017,航运,周期资源
20260921,sh600027,电力,新能源电网
20260921,sh600035,,
20260921,sh600048,,
20260921,sh600060,AI应用,AI应用
20260921,sh600071,储能,新能源电网
20260921,sh600073,,
20260921,sh600079,医药,医药
20260921,sh600097,,
20260921,sh600104,智能驾驶,AI应用
20260921,sh600150,军工,军工航天
20260921,sh600155,AI应用,AI应用
20260921,sh600158,算力,AI算力
20260921,sh600159,,
20260921,sh600189,,
20260921,sh600249,,
20260921,sh600256,煤炭,周期资源
20260921,sh600278,,
20260921,sh600287,,
20260921,sh600307,黑色,周期资源
20260921,sh600308,化工,周期资源
20260921,sh600333,油气,周期资源
20260921,sh600336,医药,医药
20260921,sh600372,军工,军工航天
20260921,sh600373,传媒,AI应用
20260921,sh600383,,
20260921,sh600386,储能,新能源电网
20260921,sh600435,军工,军工航天
20260921,sh600467,,
20260921,sh600493,,
20260921,sh600498,算力,AI算力
20260921,sh600501,核电,新能源电网
20260921,sh600522,储能,新能源电网
20260921,sh600533,,
20260921,sh600562,军工,军工航天
20260921,sh600583,油气,周期资源
20260921,sh600590,电网,新能源电网
20260921,sh600622,,
20260921,sh600623,化工,周期资源
20260921,sh600628,医药,医药
20260921,sh600638,,
20260921,sh600639,,
20260921,sh600643,,
20260921,sh600648,,
20260921,sh600649,,
20260921,sh600653,,
20260921,sh600675,,
20260921,sh600684,,
20260921,sh600685,军工,军工航天
20260921,sh600692,,
20260921,sh600706,AI应用,AI应用
20260921,sh600710,光伏,新能源电网
20260921,sh600716,,
20260921,sh600738,,
20260921,sh600748,,
20260921,sh600764,军工,军工航天
20260921,sh600771,医药,医药
20260921,sh600774,医药,医药
20260921,sh600780,电力,新能源电网
20260921,sh600789,医药,医药
20260921,sh600790,,
20260921,sh600803,氢能,新能源电网
20260921,sh600814,,
20260921,sh600855,军工,军工航天
20260921,sh600864,,
20260921,sh600893,军工,军工航天
20260921,sh600897,,
20260921,sh600933,机器人,机器人
20260921,sh600935,化工,周期资源
20260921,sh600966,化工,周期资源
20260921,sh600977,传媒,AI应用
20260921,sh601099,,
20260921,sh601107,储能,新能源电网
20260921,sh601112,化工,周期资源
20260921,sh601138,消费电子,AI算力
20260921,sh601169,,
20260921,sh601216,化工,周期资源
20260921,sh601226,氢能,新能源电网
20260921,sh601279,,
20260921,sh601298,航运,周期资源
20260921,sh601319,,
20260921,sh601333,,
20260921,sh601360,AI应用,AI应用
20260921,sh601512,储能,新能源电网
20260921,sh601555,,
20260921,sh601599,传媒,AI应用
20260921,sh601658,,
20260921,sh601665,,
20260921,sh601828,,
20260921,sh601988,金融科技,AI应用
20260921,sh601996,,
20260921,sh603000,AI应用,AI应用
20260921,sh603017,低空经济,军工航天
20260921,sh603030,算力,AI算力
20260921,sh603055,,
20260921,sh603066,机器人,机器人
20260921,sh603069,,
20260921,sh603088,算力,AI算力
20260921,sh603092,风电,新能源电网
20260921,sh603096,传媒,AI应用
20260921,sh603098,光伏,新能源电网
20260921,sh603099,,
20260921,sh603100,航天,军工航天
20260921,sh603101,低空经济,军工航天
20260921,sh603103,传媒,AI应用
20260921,sh603117,,
20260921,sh603126,储能,新能源电网
20260921,sh603158,氢能,新能源电网
20260921,sh603168,医药,医药
20260921,sh603172,化工,周期资源
20260921,sh603176,,
20260921,sh603231,,
20260921,sh603235,化工,周期资源
20260921,sh603257,有色,周期资源
20260921,sh603275,减速器,机器人
20260921,sh603282,,
20260921,sh603320,电力,新能源电网
20260921,sh603321,AI应用,AI应用
20260921,sh603326,,
20260921,sh603393,油气,周期资源
20260921,sh603408,,
20260921,sh603536,,
20260921,sh603558,,
20260921,sh603583,机器人,机器人
20260921,sh603585,化工,周期资源
20260921,sh603587,,
20260921,sh603599,化工,周期资源
20260921,sh603600,,
20260921,sh603613,AI应用,AI应用
20260921,sh603683,消费电子,AI算力
20260921,sh603709,AI应用,AI应用
20260921,sh603712,军工,军工航天
20260921,sh603755,,
20260921,sh603818,,
20260921,sh603829,电网,新能源电网
20260921,sh603855,光伏,新能源电网
20260921,sh603889,,
20260921,sh603917,,
20260921,sh603927,金融科技,AI应用
20260921,sh603970,化工,周期资源
20260921,sh605003,,
20260921,sh605008,化工,周期资源
20260921,sh605138,,
20260921,sh605183,化工,周期资源
20260921,sh605222,电力,新能源电网
20260921,sh605228,机器人,机器人
20260921,sh688002,军工,军工航天
20260921,sh688007,消费电子,AI算力
20260921,sh688008,芯片,AI算力
20260921,sh688015,低空经济,军工航天
20260921,sh688022,储能,新能源电网
20260921,sh688023,AI应用,AI应用
20260921,sh688025,消费电子,AI算力
20260921,sh688028,机器人,机器人
20260921,sh688029,医药,医药
20260921,sh688030,消费电子,AI算力
20260921,sh688033,低空经济,军工航天
20260921,sh688035,消费电子,AI算力
20260921,sh688038,AI应用,AI应用
20260921,sh688041,芯片,AI算力
20260921,sh688046,医药,医药
20260921,sh688049,芯片,AI算力
20260921,sh688051,算力,AI算力
20260921,sh688052,芯片,AI算力
20260921,sh688053,军工,军工航天
20260921,sh688058,AI应用,AI应用
20260921,sh688060,AI应用,AI应用
20260921,sh688061,芯片,AI算力
20260921,sh688066,航天,军工航天
20260921,sh688069,氢能,新能源电网
20260921,sh688070,军工,军工航天
20260921,sh688071,机器人,机器人
20260921,sh688072,半导体,AI算力
20260921,sh688076,创新药,医药
20260921,sh688078,机器人,机器人
20260921,sh688080,AI应用,AI应用
20260921,sh688089,化工,周期资源
20260921,sh688091,医药,医药
20260921,sh688098,创新药,医药
20260921,sh688103,储能,新能源电网
20260921,sh688116,储能,新能源电网
20260921,sh688122,军工,军工航天
20260921,sh688125,芯片,AI算力
20260921,sh688127,消费电子,AI算力
20260921,sh688129,化工,周期资源
20260921,sh688130,芯片,AI算力
20260921,sh688131,医药,医药
20260921,sh688132,军工,军工航天
20260921,sh688135,半导体,AI算力
20260921,sh688138,半导体,AI算力
20260921,sh688139,医药,医药
20260921,sh688150,消费电子,AI算力
20260921,sh688151,医药,医药
20260921,sh688156,,
20260921,sh688159,电网,新能源电网
20260921,sh688162,储能,新能源电网
20260921,sh688168,AI应用,AI应用
20260921,sh688170,消费电子,AI算力
20260921,sh688176,医药,医药
20260921,sh688179,化工,周期资源
20260921,sh688181,半导体,AI算力
20260921,sh688186,核电,新能源电网
20260921,sh688189,医药,医药
20260921,sh688195,医药,医药
20260921,sh688197,医药,医药
20260921,sh688199,化工,周期资源
20260921,sh688201,金融科技,AI应用
20260921,sh688202,医药,医药
20260921,sh688203,化工,周期资源
20260921,sh688205,光通信,AI算力
20260921,sh688212,医药,医药
20260921,sh688215,,
20260921,sh688222,医药,医药
20260921,sh688225,卫星,军工航天
20260921,sh688230,半导体,AI算力
20260921,sh688231,有色,周期资源
20260921,sh688238,医药,医药
20260921,sh688239,航天,军工航天
20260921,sh688248,电网,新能源电网
20260921,sh688252,芯片,AI算力
20260921,sh688253,医药,医药
20260921,sh688255,机器人,机器人
20260921,sh688256,芯片,AI算力
20260921,sh688257,PCB,AI算力
20260921,sh688259,芯片,AI算力
20260921,sh688261,半导体,AI算力
20260921,sh688262,芯片,AI算力
20260921,sh688267,化工,周期资源
20260921,sh688279,芯片,AI算力
20260921,sh688281,军工,军工航天
20260921,sh688283,航天,军工航天
20260921,sh688289,医药,医药
20260921,sh688296,AI应用,AI应用
20260921,sh688297,军工,军工航天
20260921,sh688299,储能,新能源电网
20260921,sh688306,机器人,机器人
20260921,sh688309,,
20260921,sh688310,医药,医药
20260921,sh688312,光通信,AI算力
20260921,sh688313,光通信,AI算力
20260921,sh688318,AI应用,AI应用
20260921,sh688320,机器人,机器人
20260921,sh688329,医药,医药
20260921,sh688330,电网,新能源电网
20260921,sh688331,医药,医药
20260921,sh688332,芯片,AI算力
20260921,sh688337,光通信,AI算力
20260921,sh688343,算力,AI算力
20260921,sh688359,储能,新能源电网
20260921,sh688361,半导体,AI算力
20260921,sh688365,AI应用,AI应用
20260921,sh688370,,
20260921,sh688373,医药,医药
20260921,sh688379,无人机,军工航天
20260921,sh688383,机器人,机器人
20260921,sh688385,芯片,AI算力
20260921,sh688391,芯片,AI算力
20260921,sh688393,医药,医药
20260921,sh688395,,
20260921,sh688398,化工,周期资源
20260921,sh688416,芯片,AI算力
20260921,sh688428,医药,医药
20260921,sh688448,,
20260921,sh688455,智能驾驶,AI应用
20260921,sh688458,半导体,AI算力
20260921,sh688479,,
20260921,sh688486,芯片,AI算力
20260921,sh688489,金融科技,AI应用
20260921,sh688498,半导体,AI算力
20260921,sh688501,,
20260921,sh688508,芯片,AI算力
20260921,sh688510,军工,军工航天
20260921,sh688511,军工,军工航天
20260921,sh688513,医药,医药
20260921,sh688517,电网,新能源电网
20260921,sh688519,消费电子,AI算力
20260921,sh688521,芯片,AI算力
20260921,sh688531,储能,新能源电网
20260921,sh688535,半导体,AI算力
20260921,sh688536,芯片,AI算力
20260921,sh688543,军工,军工航天
20260921,sh688551,氢能,新能源电网
20260921,sh688552,军工,军工航天
20260921,sh688558,机器人,机器人
20260921,sh688559,储能,新能源电网
20260921,sh688560,光伏,新能源电网
20260921,sh688561,军工,军工航天
20260921,sh688563,军工,军工航天
20260921,sh688566,医药,医药
20260921,sh688575,医药,医药
20260921,sh688581,医药,医药
20260921,sh688591,芯片,AI算力
20260921,sh688595,芯片,AI算力
20260921,sh688601,芯片,AI算力
20260921,sh688602,储能,新能源电网
20260921,sh688605,半导体,AI算力
20260921,sh688609,光通信,AI算力
20260921,sh688611,电网,新能源电网
20260921,sh688612,低空经济,军工航天
20260921,sh688613,医药,医药
20260921,sh688620,芯片,AI算力
20260921,sh688621,医药,医药
20260921,sh688625,化工,周期资源
20260921,sh688627,存储,AI算力
20260921,sh688636,军工,军工航天
20260921,sh688639,化工,周期资源
20260921,sh688646,储能,新能源电网
20260921,sh688651,消费电子,AI算力
20260921,sh688656,医药,医药
20260921,sh688660,风电,新能源电网
20260921,sh688663,电网,新能源电网
20260921,sh688667,,
20260921,sh688670,医药,医药
20260921,sh688678,消费电子,AI算力
20260921,sh688680,光伏,新能源电网
20260921,sh688683,储能,新能源电网
20260921,sh688686,储能,新能源电网
20260921,sh688690,医药,医药
20260921,sh688696,,
20260921,sh688699,芯片,AI算力
20260921,sh688700,PCB,AI算力
20260921,sh688710,医药,医药
20260921,sh688719,电力,新能源电网
20260921,sh688722,化工,周期资源
20260921,sh688755,创新药,医药
20260921,sh688758,医药,医药
20260921,sh688767,医药,医药
20260921,sh688768,AI应用,AI应用
20260921,sh688781,,
20260921,sh688785,电力,新能源电网
20260921,sh688786,有色,周期资源
20260921,sh688798,芯片,AI算力
20260921,sh688799,医药,医药
20260921,sh688800,储能,新能源电网
20260921,sh688806,医药,医药
20260921,sh688807,半导体,AI算力
20260921,sh688809,半导体,AI算力
20260921,sh688820,半导体,AI算力
20260921,sz000014,,
20260921,sz000045,,
20260921,sz000058,航天,军工航天
20260921,sz000061,,
20260921,sz000069,,
20260921,sz000156,AI应用,AI应用
20260921,sz000430,,
20260921,sz000514,,
20260921,sz000516,医药,医药
20260921,sz000525,化工,周期资源
20260921,sz000548,,
20260921,sz000550,智能驾驶,AI应用
20260921,sz000559,储能,新能源电网
20260921,sz000561,军工,军工航天
20260921,sz000570,电网,新能源电网
20260921,sz000573,,
20260921,sz000619,,
20260921,sz000637,油气,周期资源
20260921,sz000663,,
20260921,sz000697,军工,军工航天
20260921,sz000701,新材料,周期资源
20260921,sz000728,,
20260921,sz000738,军工,军工航天
20260921,sz000790,医药,医药
20260921,sz000797,,
20260921,sz000856,机器人,机器人
20260921,sz000869,,
20260921,sz000886,算力,AI算力
20260921,sz000897,算力,AI算力
20260921,sz000901,军工,军工航天
20260921,sz000905,航运,周期资源
20260921,sz000906,储能,新能源电网
20260921,sz000952,医药,医药
20260921,sz000985,油气,周期资源
20260921,sz000990,化工,周期资源
20260921,sz001202,,
20260921,sz001217,化工,周期资源
20260921,sz001228,,
20260921,sz001231,化工,周期资源
20260921,sz001236,,
20260921,sz001285,智能驾驶,AI应用
20260921,sz001312,,
20260921,sz001324,储能,新能源电网
20260921,sz001335,化工,周期资源
20260921,sz001336,,
20260921,sz001368,医药,医药
20260921,sz001380,机器人,机器人
20260921,sz001386,,
20260921,sz001914,,
20260921,sz002003,,
20260921,sz002006,机器人,机器人
20260921,sz002016,船舶,军工航天
20260921,sz002026,储能,新能源电网
20260921,sz002034,算力,AI算力
20260921,sz002069,,
20260921,sz002100,医药,医药
20260921,sz002120,低空经济,军工航天
20260921,sz002127,,
20260921,sz002130,军工,军工航天
20260921,sz002140,储能,新能源电网
20260921,sz002145,化工,周期资源
20260921,sz002151,军工,军工航天
20260921,sz002171,有色,周期资源
20260921,sz002179,军工,军工航天
20260921,sz002187,有色,周期资源
20260921,sz002221,油气,周期资源
20260921,sz002222,智能驾驶,AI应用
20260921,sz002296,储能,新能源电网
20260921,sz002307,医药,医药
20260921,sz002320,航运,周期资源
20260921,sz002344,光伏,新能源电网
20260921,sz002363,智能驾驶,AI应用
20260921,sz002389,军工,军工航天
20260921,sz002394,AI应用,AI应用
20260921,sz002413,军工,军工航天
20260921,sz002439,AI应用,AI应用
20260921,sz002441,电网,新能源电网
20260921,sz002443,油气,周期资源
20260921,sz002465,军工,军工航天
20260921,sz002481,电力,新能源电网
20260921,sz002482,,
20260921,sz002492,,
20260921,sz002510,低空经济,军工航天
20260921,sz002516,机器人,机器人
20260921,sz002561,,
20260921,sz002565,算力,AI算力
20260921,sz002567,,
20260921,sz002571,传媒,AI应用
20260921,sz002574,光伏,新能源电网
20260921,sz002593,,
20260921,sz002602,传媒,AI应用
20260921,sz002663,消费电子,AI算力
20260921,sz002673,,
20260921,sz002681,消费电子,AI算力
20260921,sz002697,,
20260921,sz002705,机器人,机器人
20260921,sz002712,传媒,AI应用
20260921,sz002714,,
20260921,sz002752,,
20260921,sz002758,医药,医药
20260921,sz002761,,
20260921,sz002768,机器人,机器人
20260921,sz002772,,
20260921,sz002785,核电,新能源电网
20260921,sz002788,医药,医药
20260921,sz002813,智能驾驶,AI应用
20260921,sz002825,氢能,新能源电网
20260921,sz002832,,
20260921,sz002835,,
20260921,sz002843,储能,新能源电网
20260921,sz002899,,
20260921,sz002905,传媒,AI应用
20260921,sz002966,,
20260921,sz002968,,
20260921,sz003016,AI应用,AI应用
20260921,sz003816,电力,新能源电网
20260921,sz300005,芯片,AI算力
20260921,sz300008,军工,军工航天
20260921,sz300010,AI应用,AI应用
20260921,sz300013,卫星,军工航天
20260921,sz300018,电网,新能源电网
20260921,sz300025,算力,AI算力
20260921,sz300032,消费电子,AI算力
20260921,sz300037,储能,新能源电网
20260921,sz300041,化工,周期资源
20260921,sz300049,医药,医药
20260921,sz300050,消费电子,AI算力
20260921,sz300053,芯片,AI算力
20260921,sz300061,AI应用,AI应用
20260921,sz300065,算力,AI算力
20260921,sz300067,算力,AI算力
20260921,sz300077,芯片,AI算力
20260921,sz300079,金融科技,AI应用
20260921,sz300081,传媒,AI应用
20260921,sz300082,化工,周期资源
20260921,sz300087,,
20260921,sz300094,,
20260921,sz300095,机器人,机器人
20260921,sz300099,氢能,新能源电网
20260921,sz300106,,
20260921,sz300107,化工,周期资源
20260921,sz300111,医药,医药
20260921,sz300125,光伏,新能源电网
20260921,sz300128,消费电子,AI算力
20260921,sz300133,传媒,AI应用
20260921,sz300134,消费电子,AI算力
20260921,sz300143,医药,医药
20260921,sz300148,传媒,AI应用
20260921,sz300151,半导体,AI算力
20260921,sz300153,电力,新能源电网
20260921,sz300154,机器人,机器人
20260921,sz300158,医药,医药
20260921,sz300171,医药,医药
20260921,sz300182,传媒,AI应用
20260921,sz300183,电网,新能源电网
20260921,sz300190,油气,周期资源
20260921,sz300192,芯片,AI算力
20260921,sz300193,机器人,机器人
20260921,sz300195,储能,新能源电网
20260921,sz300199,医药,医药
20260921,sz300205,金融科技,AI应用
20260921,sz300207,储能,新能源电网
20260921,sz300213,军工,军工航天
20260921,sz300215,电网,新能源电网
20260921,sz300224,有色,周期资源
20260921,sz300225,化工,周期资源
20260921,sz300226,AI应用,AI应用
20260921,sz300233,医药,医药
20260921,sz300234,氢能,新能源电网
20260921,sz300235,AI应用,AI应用
20260921,sz300237,储能,新能源电网
20260921,sz300241,,
20260921,sz300245,算力,AI算力
20260921,sz300246,医药,医药
20260921,sz300249,算力,AI算力
20260921,sz300252,军工,军工航天
20260921,sz300257,氢能,新能源电网
20260921,sz300265,电网,新能源电网
20260921,sz300267,医药,医药
20260921,sz300271,AI应用,AI应用
20260921,sz300277,消费电子,AI算力
20260921,sz300279,机器人,机器人
20260921,sz300281,航天,军工航天
20260921,sz300285,元件,AI算力
20260921,sz300290,算力,AI算力
20260921,sz300292,智能驾驶,AI应用
20260921,sz300299,传媒,AI应用
20260921,sz300300,算力,AI算力
20260921,sz300301,半导体,AI算力
20260921,sz300305,化工,周期资源
20260921,sz300308,光通信,AI算力
20260921,sz300315,传媒,AI应用
20260921,sz300322,消费电子,AI算力
20260921,sz300324,芯片,AI算力
20260921,sz300326,医药,医药
20260921,sz300327,芯片,AI算力
20260921,sz300335,电力,新能源电网
20260921,sz300347,医药,医药
20260921,sz300350,军工,军工航天
20260921,sz300352,AI应用,AI应用
20260921,sz300354,核电,新能源电网
20260921,sz300358,医药,医药
20260921,sz300366,算力,AI算力
20260921,sz300389,消费电子,AI算力
20260921,sz300394,光通信,AI算力
20260921,sz300395,军工,军工航天
20260921,sz300398,半导体,AI算力
20260921,sz300399,算力,AI算力
20260921,sz300400,消费电子,AI算力
20260921,sz300408,氢能,新能源电网
20260921,sz300410,储能,新能源电网
20260921,sz300417,,
20260921,sz300421,机器人,机器人
20260921,sz300427,电网,新能源电网
20260921,sz300428,低空经济,军工航天
20260921,sz300429,半导体,AI算力
20260921,sz300430,医药,医药
20260921,sz300439,医药,医药
20260921,sz300441,氢能,新能源电网
20260921,sz300445,航天,军工航天
20260921,sz300447,军工,军工航天
20260921,sz300452,医药,医药
20260921,sz300459,传媒,AI应用
20260921,sz300460,卫星,军工航天
20260921,sz300461,消费电子,AI算力
20260921,sz300473,氢能,新能源电网
20260921,sz300477,储能,新能源电网
20260921,sz300478,化工,周期资源
20260921,sz300488,机器人,机器人
20260921,sz300491,电力,新能源电网
20260921,sz300493,芯片,AI算力
20260921,sz300497,医药,医药
20260921,sz300498,消费电子,AI算力
20260921,sz300499,储能,新能源电网
20260921,sz300502,光通信,AI算力
20260921,sz300504,消费电子,AI算力
20260921,sz300517,,
20260921,sz300521,,
20260921,sz300523,机器人,机器人
20260921,sz300532,机器人,机器人
20260921,sz300537,PCB,AI算力
20260921,sz300542,消费电子,AI算力
20260921,sz300550,AI应用,AI应用
20260921,sz300551,金融科技,AI应用
20260921,sz300553,军工,军工航天
20260921,sz300554,半导体,AI算力
20260921,sz300559,AI应用,AI应用
20260921,sz300562,医药,医药
20260921,sz300565,储能,新能源电网
20260921,sz300568,储能,新能源电网
20260921,sz300569,风电,新能源电网
20260921,sz300572,,
20260921,sz300575,化工,周期资源
20260921,sz300579,AI应用,AI应用
20260921,sz300583,医药,医药
20260921,sz300586,储能,新能源电网
20260921,sz300589,军工,军工航天
20260921,sz300590,卫星,军工航天
20260921,sz300591,军工,军工航天
20260921,sz300599,新材料,周期资源
20260921,sz300600,军工,军工航天
20260921,sz300603,算力,AI算力
20260921,sz300606,消费电子,AI算力
20260921,sz300611,机器人,机器人
20260921,sz300612,AI应用,AI应用
20260921,sz300613,芯片,AI算力
20260921,sz300622,消费电子,AI算力
20260921,sz300623,半导体,AI算力
20260921,sz300624,AI应用,AI应用
20260921,sz300625,,
20260921,sz300629,军工,军工航天
20260921,sz300637,化工,周期资源
20260921,sz300638,电网,新能源电网
20260921,sz300645,算力,AI算力
20260921,sz300647,消费电子,AI算力
20260921,sz300653,医药,医药
20260921,sz300655,半导体,AI算力
20260921,sz300659,军工,军工航天
20260921,sz300661,芯片,AI算力
20260921,sz300662,,
20260921,sz300667,军工,军工航天
20260921,sz300670,电网,新能源电网
20260921,sz300672,芯片,AI算力
20260921,sz300673,,
20260921,sz300674,AI应用,AI应用
20260921,sz300677,医药,医药
20260921,sz300680,机器人,机器人
20260921,sz300687,AI应用,AI应用
20260921,sz300689,算力,AI算力
20260921,sz300690,风电,新能源电网
20260921,sz300692,电力,新能源电网
20260921,sz300696,军工,军工航天
20260921,sz300698,算力,AI算力
20260921,sz300703,AI应用,AI应用
20260921,sz300708,半导体,AI算力
20260921,sz300712,电网,新能源电网
20260921,sz300713,电力,新能源电网
20260921,sz300715,半导体,AI算力
20260921,sz300717,化工,周期资源
20260921,sz300719,军工,军工航天
20260921,sz300722,航天,军工航天
20260921,sz300727,化工,周期资源
20260921,sz300729,,
20260921,sz300731,化工,周期资源
20260921,sz300736,消费电子,AI算力
20260921,sz300739,芯片,AI算力
20260921,sz300746,油气,周期资源
20260921,sz300747,PCB,AI算力
20260921,sz300749,航天,军工航天
20260921,sz300752,消费电子,AI算力
20260921,sz300755,,
20260921,sz300756,机器人,机器人
20260921,sz300757,光通信,AI算力
20260921,sz300761,,
20260921,sz300766,AI应用,AI应用
20260921,sz300767,化工,周期资源
20260921,sz300768,算力,AI算力
20260921,sz300775,军工,军工航天
20260921,sz300776,光伏,新能源电网
20260921,sz300778,低空经济,军工航天
20260921,sz300787,消费电子,AI算力
20260921,sz300792,AI应用,AI应用
20260921,sz300793,消费电子,AI算力
20260921,sz300798,化工,周期资源
20260921,sz300800,AI应用,AI应用
20260921,sz300804,化工,周期资源
20260921,sz300805,传媒,AI应用
20260921,sz300806,消费电子,AI算力
20260921,sz300808,,
20260921,sz300809,机器人,机器人
20260921,sz300810,军工,军工航天
20260921,sz300811,有色,周期资源
20260921,sz300812,消费电子,AI算力
20260921,sz300813,机器人,机器人
20260921,sz300814,PCB,AI算力
20260921,sz300816,算力,AI算力
20260921,sz300817,减速器,机器人
20260921,sz300820,储能,新能源电网
20260921,sz300822,消费电子,AI算力
20260921,sz300825,AI应用,AI应用
20260921,sz300826,无人机,军工航天
20260921,sz300828,机器人,机器人
20260921,sz300833,传媒,AI应用
20260921,sz300836,机器人,机器人
20260921,sz300840,AI应用,AI应用
20260921,sz300845,军工,军工航天
20260921,sz300846,算力,AI算力
20260921,sz300850,风电,新能源电网
20260921,sz300853,电网,新能源电网
20260921,sz300855,有色,周期资源
20260921,sz300857,消费电子,AI算力
20260921,sz300860,AI应用,AI应用
20260921,sz300865,无人机,军工航天
20260921,sz300866,消费电子,AI算力
20260921,sz300872,AI应用,AI应用
20260921,sz300875,军工,军工航天
20260921,sz300879,减速器,机器人
20260921,sz300889,储能,新能源电网
20260921,sz300891,化工,周期资源
20260921,sz300895,算力,AI算力
20260921,sz300900,军工,军工航天
20260921,sz300902,低空经济,军工航天
20260921,sz300904,风电,新能源电网
20260921,sz300905,化工,周期资源
20260921,sz300909,消费电子,AI算力
20260921,sz300910,化工,周期资源
20260921,sz300913,智能驾驶,AI应用
20260921,sz300915,,
20260921,sz300917,算力,AI算力
20260921,sz300918,机器人,机器人
20260921,sz300921,算力,AI算力
20260921,sz300932,电力,新能源电网
20260921,sz300936,半导体,AI算力
20260921,sz300938,低空经济,军工航天
20260921,sz300943,油气,周期资源
20260921,sz300947,算力,AI算力
20260921,sz300950,氢能,新能源电网
20260921,sz300951,消费电子,AI算力
20260921,sz300952,机器人,机器人
20260921,sz300959,,
20260921,sz300960,储能,新能源电网
20260921,sz300966,医药,医药
20260921,sz300969,机器人,机器人
20260921,sz300973,,
20260921,sz300976,消费电子,AI算力
20260921,sz300977,半导体,AI算力
20260921,sz300987,传媒,AI应用
20260921,sz300988,算力,AI算力
20260921,sz300989,算力,AI算力
20260921,sz300990,氢能,新能源电网
20260921,sz300991,有色,周期资源
20260921,sz300998,机器人,机器人
20260921,sz301001,AI应用,AI应用
20260921,sz301007,机器人,机器人
20260921,sz301010,医药,医药
20260921,sz301011,,
20260921,sz301015,医药,医药
20260921,sz301016,储能,新能源电网
20260921,sz301018,军工,军工航天
20260921,sz301021,半导体,AI算力
20260921,sz301025,传媒,AI应用
20260921,sz301028,机器人,机器人
20260921,sz301031,储能,新能源电网
20260921,sz301038,AI应用,AI应用
20260921,sz301041,军工,军工航天
20260921,sz301043,,
20260921,sz301046,机器人,机器人
20260921,sz301052,传媒,AI应用
20260921,sz301056,军工,军工航天
20260921,sz301057,化工,周期资源
20260921,sz301058,机器人,机器人
20260921,sz301059,化工,周期资源
20260921,sz301061,,
20260921,sz301066,AI应用,AI应用
20260921,sz301067,消费电子,AI算力
20260921,sz301070,AI应用,AI应用
20260921,sz301072,,
20260921,sz301075,医药,医药
20260921,sz301076,化工,周期资源
20260921,sz301077,化工,周期资源
20260921,sz301081,,
20260921,sz301082,储能,新能源电网
20260921,sz301086,消费电子,AI算力
20260921,sz301087,医药,医药
20260921,sz301088,,
20260921,sz301091,智能驾驶,AI应用
20260921,sz301095,芯片,AI算力
20260921,sz301096,医药,医药
20260921,sz301101,消费电子,AI算力
20260921,sz301105,,
20260921,sz301108,,
20260921,sz301110,AI应用,AI应用
20260921,sz301113,,
20260921,sz301118,化工,周期资源
20260921,sz301119,,
20260921,sz301122,医药,医药
20260921,sz301125,机器人,机器人
20260921,sz301126,医药,医药
20260921,sz301128,消费电子,AI算力
20260921,sz301136,卫星,军工航天
20260921,sz301137,核电,新能源电网
20260921,sz301148,,
20260921,sz301149,化工,周期资源
20260921,sz301150,储能,新能源电网
20260921,sz301155,风电,新能源电网
20260921,sz301157,储能,新能源电网
20260921,sz301161,半导体,AI算力
20260921,sz301169,AI应用,AI应用
20260921,sz301172,AI应用,AI应用
20260921,sz301178,算力,AI算力
20260921,sz301181,低空经济,军工航天
20260921,sz301182,有色,周期资源
20260921,sz301183,智能驾驶,AI应用
20260921,sz301186,,
20260921,sz301187,消费电子,AI算力
20260921,sz301189,消费电子,AI算力
20260921,sz301197,,
20260921,sz301198,,
20260921,sz301207,医药,医药
20260921,sz301209,化工,周期资源
20260921,sz301210,储能,新能源电网
20260921,sz301212,化工,周期资源
20260921,sz301213,军工,军工航天
20260921,sz301220,化工,周期资源
20260921,sz301223,,
20260921,sz301225,PEEK,机器人
20260921,sz301226,机器人,机器人
20260921,sz301230,创新药,医药
20260921,sz301235,医药,医药
20260921,sz301252,机器人,机器人
20260921,sz301263,医药,医药
20260921,sz301265,存储,AI算力
20260921,sz301266,光伏,新能源电网
20260921,sz301278,光伏,新能源电网
20260921,sz301281,医药,医药
20260921,sz301285,消费电子,AI算力
20260921,sz301286,化工,周期资源
20260921,sz301297,半导体,AI算力
20260921,sz301299,AI应用,AI应用
20260921,sz301300,化工,周期资源
20260921,sz301302,军工,军工航天
20260921,sz301305,电力,新能源电网
20260921,sz301306,军工,军工航天
20260921,sz301314,储能,新能源电网
20260921,sz301316,AI应用,AI应用
20260921,sz301320,机器人,机器人
20260921,sz301330,机器人,机器人
20260921,sz301333,医药,医药
20260921,sz301335,,
20260921,sz301336,,
20260921,sz301337,,
20260921,sz301338,消费电子,AI算力
20260921,sz301339,AI应用,AI应用
20260921,sz301355,化工,周期资源
20260921,sz301359,,
20260921,sz301360,消费电子,AI算力
20260921,sz301367,医药,医药
20260921,sz301372,,
20260921,sz301376,AI应用,AI应用
20260921,sz301380,AI应用,AI应用
20260921,sz301383,消费电子,AI算力
20260921,sz301386,电力,新能源电网
20260921,sz301388,电力,新能源电网
20260921,sz301389,消费电子,AI算力
20260921,sz301398,机器人,机器人
20260921,sz301408,医药,医药
20260921,sz301421,储能,新能源电网
20260921,sz301446,,
20260921,sz301448,机器人,机器人
20260921,sz301456,风电,新能源电网
20260921,sz301458,光伏,新能源电网
20260921,sz301479,机器人,机器人
20260921,sz301498,,
20260921,sz301500,电力,新能源电网
20260921,sz301502,电力,新能源电网
20260921,sz301505,低空经济,军工航天
20260921,sz301509,创新药,医药
20260921,sz301510,机器人,机器人
20260921,sz301511,储能,新能源电网
20260921,sz301518,化工,周期资源
20260921,sz301522,核电,新能源电网
20260921,sz301533,电网,新能源电网
20260921,sz301536,芯片,AI算力
20260921,sz301538,化工,周期资源
20260921,sz301551,传媒,AI应用
20260921,sz301555,化工,周期资源
20260921,sz301556,,
20260921,sz301560,算力,AI算力
20260921,sz301567,消费电子,AI算力
20260921,sz301571,军工,军工航天
20260921,sz301577,机器人,机器人
20260921,sz301585,化工,周期资源
20260921,sz301589,芯片,AI算力
20260921,sz301592,军工,军工航天
20260921,sz301595,化工,周期资源
20260921,sz301603,机器人,机器人
20260921,sz301606,消费电子,AI算力
20260921,sz301608,智能驾驶,AI应用
20260921,sz301617,化工,周期资源
20260921,sz301629,半导体,AI算力
20260921,sz301631,储能,新能源电网
20260921,sz301633,算力,AI算力
20260921,sz301678,半导体,AI算力
20260921,sz301680,电网,新能源电网
20260921,sz301682,军工,军工航天
20260921,sz302132,军工,军工航天
20260922,bj920001,,
20260922,bj920006,军工,军工航天
20260922,bj920021,传媒,AI应用
20260922,bj920035,算力,AI算力
20260922,bj920075,AI应用,AI应用
20260922,bj920083,化工,周期资源
20260922,bj920087,,
20260922,bj920090,AI应用,AI应用
20260922,bj920092,AI应用,AI应用
20260922,bj920117,储能,新能源电网
20260922,bj920122,,
20260922,bj920128,储能,新能源电网
20260922,bj920130,AI应用,AI应用
20260922,bj920161,化工,周期资源
20260922,bj920176,,
20260922,bj920190,消费电子,AI算力
20260922,bj920193,电力,新能源电网
20260922,bj920211,机器人,机器人
20260922,bj920212,消费电子,AI算力
20260922,bj920221,减速器,机器人
20260922,bj920222,电网,新能源电网
20260922,bj920223,算力,AI算力
20260922,bj920249,储能,新能源电网
20260922,bj920268,医药,医药
20260922,bj920298,半导体,AI算力
20260922,bj920344,医药,医药
20260922,bj920357,消费电子,AI算力
20260922,bj920367,医药,医药
20260922,bj920371,,
20260922,bj920394,化工,周期资源
20260922,bj920427,低空经济,军工航天
20260922,bj920478,医药,医药
20260922,bj920510,机器人,机器人
20260922,bj920526,半导体,AI算力
20260922,bj920592,AI应用,AI应用
20260922,bj920634,有色,周期资源
20260922,bj920662,算力,AI算力
20260922,bj920685,,
20260922,bj920699,消费电子,AI算力
20260922,bj920725,半导体,AI算力
20260922,bj920790,,
20260922,bj920821,光通信,AI算力
20260922,bj920855,,
20260922,bj920856,机器人,机器人
20260922,bj920857,消费电子,AI算力
20260922,bj920876,消费电子,AI算力
20260922,bj920895,,
20260922,bj920961,卫星,军工航天
20260922,sh600052,储能,新能源电网
20260922,sh600053,机器人,机器人
20260922,sh600059,,
20260922,sh600080,医药,医药
20260922,sh600082,,
20260922,sh600084,,
20260922,sh600088,传媒,AI应用
20260922,sh600095,,
20260922,sh600107,油气,周期资源
20260922,sh600108,,
20260922,sh600113,,
20260922,sh600119,,
20260922,sh600120,,
20260922,sh600127,,
20260922,sh600130,消费电子,AI算力
20260922,sh600162,算力,AI算力
20260922,sh600165,化工,周期资源
20260922,sh600172,新材料,周期资源
20260922,sh600178,低空经济,军工航天
20260922,sh600180,,
20260922,sh600182,,
20260922,sh600185,,
20260922,sh600187,储能,新能源电网
20260922,sh600191,,
20260922,sh600199,,
20260922,sh600206,半导体,AI算力
20260922,sh600227,化工,周期资源
20260922,sh600228,传媒,AI应用
20260922,sh600233,,
20260922,sh600237,,
20260922,sh600238,,
20260922,sh600239,,
20260922,sh600243,,
20260922,sh600246,算力,AI算力
20260922,sh600250,,
20260922,sh600251,电力,新能源电网
20260922,sh600257,,
20260922,sh600261,核电,新能源电网
20260922,sh600265,算力,AI算力
20260922,sh600266,航天,军工航天
20260922,sh600280,,
20260922,sh600289,AI应用,AI应用
20260922,sh600293,化工,周期资源
20260922,sh600301,有色,周期资源
20260922,sh600302,,
20260922,sh600303,氢能,新能源电网
20260922,sh600313,,
20260922,sh600318,,
20260922,sh600322,,
20260922,sh600325,,
20260922,sh600326,化工,周期资源
20260922,sh600327,,
20260922,sh600337,AI应用,AI应用
20260922,sh600340,低空经济,军工航天
20260922,sh600350,,
20260922,sh600353,军工,军工航天
20260922,sh600354,,
20260922,sh600356,化工,周期资源
20260922,sh600359,医药,医药
20260922,sh600360,半导体,AI算力
20260922,sh600365,,
20260922,sh600367,储能,新能源电网
20260922,sh600370,化工,周期资源
20260922,sh600371,,
20260922,sh600375,氢能,新能源电网
20260922,sh600376,,
20260922,sh600381,医药,医药
20260922,sh600382,黑色,周期资源
20260922,sh600400,AI应用,AI应用
20260922,sh600410,消费电子,AI算力
20260922,sh600418,智能驾驶,AI应用
20260922,sh600419,,
20260922,sh600423,化工,周期资源
20260922,sh600429,,
20260922,sh600439,,
20260922,sh600448,,
20260922,sh600459,有色,周期资源
20260922,sh600463,,
20260922,sh600476,算力,AI算力
20260922,sh600488,医药,医药
20260922,sh600491,,
20260922,sh600508,煤炭,周期资源
20260922,sh600516,储能,新能源电网
20260922,sh600527,,
20260922,sh600530,,
20260922,sh600536,,
20260922,sh600537,光伏,新能源电网
20260922,sh600539,PCB,AI算力
20260922,sh600540,,
20260922,sh600543,,
20260922,sh600567,化工,周期资源
20260922,sh600568,医药,医药
20260922,sh600573,,
20260922,sh600576,低空经济,军工航天
20260922,sh600581,黑色,周期资源
20260922,sh600584,半导体,AI算力
20260922,sh600593,,
20260922,sh600595,有色,周期资源
20260922,sh600598,,
20260922,sh600603,,
20260922,sh600606,金融科技,AI应用
20260922,sh600611,算力,AI算力
20260922,sh600616,,
20260922,sh600621,,
20260922,sh600624,医药,医药
20260922,sh600626,,
20260922,sh600629,消费电子,AI算力
20260922,sh600630,,
20260922,sh600637,传媒,AI应用
20260922,sh600644,电力,新能源电网
20260922,sh600654,消费电子,AI算力
20260922,sh600657,,
20260922,sh600661,,
20260922,sh600663,,
20260922,sh600665,,
20260922,sh600667,光伏,新能源电网
20260922,sh600673,算力,AI算力
20260922,sh600676,,
20260922,sh600678,化工,周期资源
20260922,sh600679,,
20260922,sh600682,,
20260922,sh600689,,
20260922,sh600693,,
20260922,sh600697,,
20260922,sh600698,,
20260922,sh600702,,
20260922,sh600703,半导体,AI算力
20260922,sh600708,,
20260922,sh600712,,
20260922,sh600719,电力,新能源电网
20260922,sh600721,医药,医药
20260922,sh600724,,
20260922,sh600730,AI应用,AI应用
20260922,sh600733,储能,新能源电网
20260922,sh600734,算力,AI算力
20260922,sh600735,医药,医药
20260922,sh600737,,
20260922,sh600743,,
20260922,sh600745,半导体,AI算力
20260922,sh600746,化工,周期资源
20260922,sh600749,,
20260922,sh600753,,
20260922,sh600758,煤炭,周期资源
20260922,sh600759,油气,周期资源
20260922,sh600769,,
20260922,sh600770,半导体,AI算力
20260922,sh600777,油气,周期资源
20260922,sh600778,,
20260922,sh600779,,
20260922,sh600785,,
20260922,sh600791,,
20260922,sh600815,,
20260922,sh600818,,
20260922,sh600822,,
20260922,sh600824,有色,周期资源
20260922,sh600828,,
20260922,sh600829,医药,医药
20260922,sh600830,,
20260922,sh600838,,
20260922,sh600844,化工,周期资源
20260922,sh600846,,
20260922,sh600847,电力,新能源电网
20260922,sh600857,有色,周期资源
20260922,sh600865,,
20260922,sh600881,医药,医药
20260922,sh600889,机器人,机器人
20260922,sh600892,传媒,AI应用
20260922,sh600903,油气,周期资源
20260922,sh600906,,
20260922,sh600909,,
20260922,sh600929,化工,周期资源
20260922,sh600936,机器人,机器人
20260922,sh600965,,
20260922,sh600975,,
20260922,sh600980,机器人,机器人
20260922,sh600984,化工,周期资源
20260922,sh600985,煤炭,周期资源
20260922,sh601002,,
20260922,sh601003,黑色,周期资源
20260922,sh601010,,
20260922,sh601038,智能驾驶,AI应用
20260922,sh601066,,
20260922,sh601086,,
20260922,sh601101,煤炭,周期资源
20260922,sh601108,,
20260922,sh601116,,
20260922,sh601121,黑色,周期资源
20260922,sh601123,黑色,周期资源
20260922,sh601136,,
20260922,sh601155,,
20260922,sh601162,,
20260922,sh601177,核电,新能源电网
20260922,sh601199,,
20260922,sh601233,油气,周期资源
20260922,sh601336,,
20260922,sh601366,,
20260922,sh601368,,
20260922,sh601566,,
20260922,sh601579,,
20260922,sh601588,,
20260922,sh601616,电网,新能源电网
20260922,sh601666,煤炭,周期资源
20260922,sh601686,黑色,周期资源
20260922,sh601696,,
20260922,sh601699,煤炭,周期资源
20260922,sh601700,电网,新能源电网
20260922,sh601702,有色,周期资源
20260922,sh601718,军工,军工航天
20260922,sh601789,算力,AI算力
20260922,sh601798,油气,周期资源
20260922,sh601872,航运,周期资源
20260922,sh601882,,
20260922,sh601886,光伏,新能源电网
20260922,sh601933,,
20260922,sh601952,,
20260922,sh601958,有色,周期资源
20260922,sh601999,传媒,AI应用
20260922,sh603001,,
20260922,sh603005,半导体,AI算力
20260922,sh603008,医药,医药
20260922,sh603020,化工,周期资源
20260922,sh603021,,
20260922,sh603025,PCB,AI算力
20260922,sh603029,,
20260922,sh603032,储能,新能源电网
20260922,sh603036,油气,周期资源
20260922,sh603038,,
20260922,sh603039,AI应用,AI应用
20260922,sh603042,算力,AI算力
20260922,sh603048,,
20260922,sh603057,,
20260922,sh603061,半导体,AI算力
20260922,sh603065,化工,周期资源
20260922,sh603067,储能,新能源电网
20260922,sh603068,芯片,AI算力
20260922,sh603071,电力,新能源电网
20260922,sh603075,半导体,AI算力
20260922,sh603076,,
20260922,sh603078,半导体,AI算力
20260922,sh603089,机器人,机器人
20260922,sh603093,,
20260922,sh603095,,
20260922,sh603102,,
20260922,sh603115,,
20260922,sh603118,算力,AI算力
20260922,sh603122,医药,医药
20260922,sh603124,有色,周期资源
20260922,sh603127,医药,医药
20260922,sh603135,机器人,机器人
20260922,sh603136,,
20260922,sh603137,,
20260922,sh603138,算力,AI算力
20260922,sh603151,,
20260922,sh603156,,
20260922,sh603159,,
20260922,sh603161,氢能,新能源电网
20260922,sh603171,算力,AI算力
20260922,sh603177,储能,新能源电网
20260922,sh603180,,
20260922,sh603189,AI应用,AI应用
20260922,sh603191,电网,新能源电网
20260922,sh603193,,
20260922,sh603196,储能,新能源电网
20260922,sh603197,智能驾驶,AI应用
20260922,sh603201,,
20260922,sh603210,AI应用,AI应用
20260922,sh603216,AI应用,AI应用
20260922,sh603221,,
20260922,sh603222,医药,医药
20260922,sh603223,油气,周期资源
20260922,sh603226,,
20260922,sh603232,军工,军工航天
20260922,sh603236,机器人,机器人
20260922,sh603237,,
20260922,sh603261,军工,军工航天
20260922,sh603267,军工,军工航天
20260922,sh603268,军工,军工航天
20260922,sh603269,算力,AI算力
20260922,sh603272,,
20260922,sh603277,,
20260922,sh603285,化工,周期资源
20260922,sh603289,,
20260922,sh603303,储能,新能源电网
20260922,sh603306,光通信,AI算力
20260922,sh603311,,
20260922,sh603313,,
20260922,sh603317,,
20260922,sh603318,油气,周期资源
20260922,sh603325,,
20260922,sh603329,,
20260922,sh603333,电力,新能源电网
20260922,sh603335,存储,AI算力
20260922,sh603338,机器人,机器人
20260922,sh603348,储能,新能源电网
20260922,sh603352,机器人,机器人
20260922,sh603353,油气,周期资源
20260922,sh603355,,
20260922,sh603356,光伏,新能源电网
20260922,sh603359,,
20260922,sh603360,化工,周期资源
20260922,sh603363,,
20260922,sh603366,光伏,新能源电网
20260922,sh603369,,
20260922,sh603377,,
20260922,sh603378,化工,周期资源
20260922,sh603382,化工,周期资源
20260922,sh603389,新材料,周期资源
20260922,sh603398,电力,新能源电网
20260922,sh603402,,
20260922,sh603406,化工,周期资源
20260922,sh603429,化工,周期资源
20260922,sh603435,储能,新能源电网
20260922,sh603466,AI应用,AI应用
20260922,sh603477,,
20260922,sh603489,电力,新能源电网
20260922,sh603500,,
20260922,sh603516,芯片,AI算力
20260922,sh603517,,
20260922,sh603519,半导体,AI算力
20260922,sh603527,有色,周期资源
20260922,sh603538,医药,医药
20260922,sh603557,,
20260922,sh603559,低空经济,军工航天
20260922,sh603580,化工,周期资源
20260922,sh603595,消费电子,AI算力
20260922,sh603606,电网,新能源电网
20260922,sh603608,机器人,机器人
20260922,sh603615,,
20260922,sh603618,电网,新能源电网
20260922,sh603619,油气,周期资源
20260922,sh603629,消费电子,AI算力
20260922,sh603630,,
20260922,sh603637,氢能,新能源电网
20260922,sh603655,,
20260922,sh603657,,
20260922,sh603661,新材料,周期资源
20260922,sh603666,机器人,机器人
20260922,sh603668,,
20260922,sh603678,军工,军工航天
20260922,sh603682,,
20260922,sh603686,智能驾驶,AI应用
20260922,sh603688,化工,周期资源
20260922,sh603696,,
20260922,sh603708,,
20260922,sh603711,,
20260922,sh603713,,
20260922,sh603717,光伏,新能源电网
20260922,sh603718,医药,医药
20260922,sh603719,,
20260922,sh603721,传媒,AI应用
20260922,sh603722,化工,周期资源
20260922,sh603726,机器人,机器人
20260922,sh603727,油气,周期资源
20260922,sh603729,传媒,AI应用
20260922,sh603738,机器人,机器人
20260922,sh603739,化工,周期资源
20260922,sh603757,算力,AI算力
20260922,sh603759,储能,新能源电网
20260922,sh603773,消费电子,AI算力
20260922,sh603779,,
20260922,sh603789,智能驾驶,AI应用
20260922,sh603790,化工,周期资源
20260922,sh603797,,
20260922,sh603801,AI应用,AI应用
20260922,sh603808,,
20260922,sh603813,氢能,新能源电网
20260922,sh603815,,
20260922,sh603822,化工,周期资源
20260922,sh603828,,
20260922,sh603833,,
20260922,sh603838,,
20260922,sh603839,,
20260922,sh603843,储能,新能源电网
20260922,sh603848,,
20260922,sh603871,,
20260922,sh603877,,
20260922,sh603886,,
20260922,sh603903,芯片,AI算力
20260922,sh603919,,
20260922,sh603922,,
20260922,sh603933,机器人,机器人
20260922,sh603938,化工,周期资源
20260922,sh603955,,
20260922,sh603956,AI应用,AI应用
20260922,sh603959,储能,新能源电网
20260922,sh603969,核电,新能源电网
20260922,sh603976,医药,医药
20260922,sh603978,化工,周期资源
20260922,sh603983,,
20260922,sh603986,芯片,AI算力
20260922,sh603989,消费电子,AI算力
20260922,sh603991,半导体,AI算力
20260922,sh603992,机器人,机器人
20260922,sh603995,黑色,周期资源
20260922,sh603997,机器人,机器人
20260922,sh603999,传媒,AI应用
20260922,sh605016,化工,周期资源
20260922,sh605028,电力,新能源电网
20260922,sh605033,化工,周期资源
20260922,sh605077,化工,周期资源
20260922,sh605080,,
20260922,sh605089,,
20260922,sh605098,AI应用,AI应用
20260922,sh605108,,
20260922,sh605151,,
20260922,sh605155,,
20260922,sh605166,化工,周期资源
20260922,sh605169,油气,周期资源
20260922,sh605178,存储,AI算力
20260922,sh605179,,
20260922,sh605180,元件,AI算力
20260922,sh605188,,
20260922,sh605189,机器人,机器人
20260922,sh605198,,
20260922,sh605199,医药,医药
20260922,sh605218,医药,医药
20260922,sh605255,氢能,新能源电网
20260922,sh605277,消费电子,AI算力
20260922,sh605287,传媒,AI应用
20260922,sh605296,,
20260922,sh605298,,
20260922,sh605299,消费电子,AI算力
20260922,sh605300,,
20260922,sh605319,半导体,AI算力
20260922,sh605336,电网,新能源电网
20260922,sh605337,,
20260922,sh605339,,
20260922,sh605358,半导体,AI算力
20260922,sh605388,,
20260922,sh605499,,
20260922,sh605507,医药,医药
20260922,sh605580,电力,新能源电网
20260922,sh688004,传媒,AI应用
20260922,sh688152,航天,军工航天
20260922,sh688169,机器人,机器人
20260922,sh688172,半导体,AI算力
20260922,sh688175,军工,军工航天
20260922,sh688209,芯片,AI算力
20260922,sh688244,AI应用,AI应用
20260922,sh688292,AI应用,AI应用
20260922,sh688328,机器人,机器人
20260922,sh688333,低空经济,军工航天
20260922,sh688335,氢能,新能源电网
20260922,sh688367,,
20260922,sh688371,消费电子,AI算力
20260922,sh688432,半导体,AI算力
20260922,sh688496,消费电子,AI算力
20260922,sh688584,半导体,AI算力
20260922,sh688610,机器人,机器人
20260922,sh688622,医药,医药
20260922,sh688720,半导体,AI算力
20260922,sh688790,芯片,AI算力
20260922,sz000002,,
20260922,sz000006,,
20260922,sz000007,,
20260922,sz000008,,
20260922,sz000009,储能,新能源电网
20260922,sz000010,,
20260922,sz000011,,
20260922,sz000016,半导体,AI算力
20260922,sz000019,,
20260922,sz000020,,
20260922,sz000021,消费电子,AI算力
20260922,sz000025,有色,周期资源
20260922,sz000029,,
20260922,sz000031,,
20260922,sz000035,氢能,新能源电网
20260922,sz000036,,
20260922,sz000042,,
20260922,sz000048,机器人,机器人
20260922,sz000055,光伏,新能源电网
20260922,sz000056,半导体,AI算力
20260922,sz000062,半导体,AI算力
20260922,sz000065,光伏,新能源电网
20260922,sz000068,新材料,周期资源
20260922,sz000078,医药,医药
20260922,sz000090,光伏,新能源电网
20260922,sz000151,电力,新能源电网
20260922,sz000153,医药,医药
20260922,sz000158,算力,AI算力
20260922,sz000301,化工,周期资源
20260922,sz000402,,
20260922,sz000417,有色,周期资源
20260922,sz000428,,
20260922,sz000488,化工,周期资源
20260922,sz000505,,
20260922,sz000509,,
20260922,sz000510,化工,周期资源
20260922,sz000517,,
20260922,sz000518,医药,医药
20260922,sz000520,航运,周期资源
20260922,sz000521,医药,医药
20260922,sz000523,,
20260922,sz000524,低空经济,军工航天
20260922,sz000526,AI应用,AI应用
20260922,sz000532,储能,新能源电网
20260922,sz000554,油气,周期资源
20260922,sz000558,传媒,AI应用
20260922,sz000560,AI应用,AI应用
20260922,sz000564,,
20260922,sz000567,,
20260922,sz000572,储能,新能源电网
20260922,sz000576,军工,军工航天
20260922,sz000592,,
20260922,sz000593,储能,新能源电网
20260922,sz000595,电力,新能源电网
20260922,sz000596,,
20260922,sz000601,电力,新能源电网
20260922,sz000608,算力,AI算力
20260922,sz000609,半导体,AI算力
20260922,sz000610,,
20260922,sz000620,算力,AI算力
20260922,sz000626,医药,医药
20260922,sz000632,,
20260922,sz000635,化工,周期资源
20260922,sz000639,,
20260922,sz000656,,
20260922,sz000659,,
20260922,sz000668,,
20260922,sz000669,油气,周期资源
20260922,sz000672,化工,周期资源
20260922,sz000676,传媒,AI应用
20260922,sz000677,化工,周期资源
20260922,sz000679,,
20260922,sz000692,电力,新能源电网
20260922,sz000698,化工,周期资源
20260922,sz000702,,
20260922,sz000711,,
20260922,sz000712,,
20260922,sz000713,化工,周期资源
20260922,sz000715,,
20260922,sz000716,储能,新能源电网
20260922,sz000718,,
20260922,sz000721,,
20260922,sz000722,电力,新能源电网
20260922,sz000735,,
20260922,sz000736,,
20260922,sz000753,低空经济,军工航天
20260922,sz000757,消费电子,AI算力
20260922,sz000759,,
20260922,sz000776,,
20260922,sz000783,,
20260922,sz000791,电力,新能源电网
20260922,sz000793,传媒,AI应用
20260922,sz000796,金融科技,AI应用
20260922,sz000798,,
20260922,sz000802,传媒,AI应用
20260922,sz000803,电力,新能源电网
20260922,sz000809,风电,新能源电网
20260922,sz000811,算力,AI算力
20260922,sz000812,,
20260922,sz000815,算力,AI算力
20260922,sz000820,,
20260922,sz000821,光伏,新能源电网
20260922,sz000826,储能,新能源电网
20260922,sz000829,消费电子,AI算力
20260922,sz000833,化工,周期资源
20260922,sz000838,,
20260922,sz000839,AI应用,AI应用
20260922,sz000852,油气,周期资源
20260922,sz000863,AI应用,AI应用
20260922,sz000868,氢能,新能源电网
20260922,sz000876,,
20260922,sz000882,,
20260922,sz000889,金融科技,AI应用
20260922,sz000890,,
20260922,sz000892,传媒,AI应用
20260922,sz000903,氢能,新能源电网
20260922,sz000908,医药,医药
20260922,sz000909,储能,新能源电网
20260922,sz000911,,
20260922,sz000921,,
20260922,sz000926,,
20260922,sz000928,氢能,新能源电网
20260922,sz000930,,
20260922,sz000935,创新药,医药
20260922,sz000951,智能驾驶,AI应用
20260922,sz000962,核电,新能源电网
20260922,sz000965,,
20260922,sz000972,医药,医药
20260922,sz000973,储能,新能源电网
20260922,sz000978,,
20260922,sz000980,智能驾驶,AI应用
20260922,sz000981,智能驾驶,AI应用
20260922,sz000987,电力,新能源电网
20260922,sz000995,,
20260922,sz000998,,
20260922,sz001201,,
20260922,sz001206,,
20260922,sz001207,化工,周期资源
20260922,sz001209,AI应用,AI应用
20260922,sz001211,,
20260922,sz001215,,
20260922,sz001221,,
20260922,sz001222,,
20260922,sz001225,,
20260922,sz001233,,
20260922,sz001234,,
20260922,sz001237,,
20260922,sz001238,,
20260922,sz001256,,
20260922,sz001259,,
20260922,sz001260,,
20260922,sz001267,光通信,AI算力
20260922,sz001279,化工,周期资源
20260922,sz001296,化工,周期资源
20260922,sz001300,,
20260922,sz001301,储能,新能源电网
20260922,sz001317,,
20260922,sz001318,,
20260922,sz001322,消费电子,AI算力
20260922,sz001323,消费电子,AI算力
20260922,sz001328,医药,医药
20260922,sz001338,,
20260922,sz001359,储能,新能源电网
20260922,sz001366,,
20260922,sz001373,消费电子,AI算力
20260922,sz001378,化工,周期资源
20260922,sz001387,PCB,AI算力
20260922,sz001388,电网,新能源电网
20260922,sz001395,,
20260922,sz001400,减速器,机器人
20260922,sz001896,电力,新能源电网
20260922,sz002005,,
20260922,sz002012,化工,周期资源
20260922,sz002014,,
20260922,sz002024,,
20260922,sz002029,,
20260922,sz002037,化工,周期资源
20260922,sz002040,航运,周期资源
20260922,sz002041,,
20260922,sz002042,AI应用,AI应用
20260922,sz002045,消费电子,AI算力
20260922,sz002046,机器人,机器人
20260922,sz002051,算力,AI算力
20260922,sz002052,储能,新能源电网
20260922,sz002055,消费电子,AI算力
20260922,sz002056,光伏,新能源电网
20260922,sz002066,,
20260922,sz002067,化工,周期资源
20260922,sz002068,化工,周期资源
20260922,sz002072,存储,AI算力
20260922,sz002076,储能,新能源电网
20260922,sz002082,医药,医药
20260922,sz002083,储能,新能源电网
20260922,sz002084,,
20260922,sz002088,储能,新能源电网
20260922,sz002095,传媒,AI应用
20260922,sz002098,金融科技,AI应用
20260922,sz002102,医药,医药
20260922,sz002109,化工,周期资源
20260922,sz002122,,
20260922,sz002124,,
20260922,sz002125,储能,新能源电网
20260922,sz002133,,
20260922,sz002138,氢能,新能源电网
20260922,sz002146,低空经济,军工航天
20260922,sz002156,半导体,AI算力
20260922,sz002159,,
20260922,sz002160,有色,周期资源
20260922,sz002162,机器人,机器人
20260922,sz002168,电网,新能源电网
20260922,sz002172,医药,医药
20260922,sz002175,芯片,AI算力
20260922,sz002180,芯片,AI算力
20260922,sz002185,半导体,AI算力
20260922,sz002192,储能,新能源电网
20260922,sz002193,,
20260922,sz002198,医药,医药
20260922,sz002199,,
20260922,sz002200,,
20260922,sz002201,化工,周期资源
20260922,sz002207,油气,周期资源
20260922,sz002208,,
20260922,sz002209,机器人,机器人
20260922,sz002211,化工,周期资源
20260922,sz002212,AI应用,AI应用
20260922,sz002214,军工,军工航天
20260922,sz002217,PCB,AI算力
20260922,sz002225,氢能,新能源电网
20260922,sz002227,电力,新能源电网
20260922,sz002232,AI应用,AI应用
20260922,sz002243,新材料,周期资源
20260922,sz002244,储能,新能源电网
20260922,sz002245,储能,新能源电网
20260922,sz002248,芯片,AI算力
20260922,sz002250,化工,周期资源
20260922,sz002251,,
20260922,sz002253,军工,军工航天
20260922,sz002254,储能,新能源电网
20260922,sz002258,化工,周期资源
20260922,sz002264,传媒,AI应用
20260922,sz002274,化工,周期资源
20260922,sz002277,机器人,机器人
20260922,sz002279,AI应用,AI应用
20260922,sz002281,光通信,AI算力
20260922,sz002284,机器人,机器人
20260922,sz002285,,
20260922,sz002286,,
20260922,sz002289,算力,AI算力
20260922,sz002292,传媒,AI应用
20260922,sz002298,算力,AI算力
20260922,sz002300,电力,新能源电网
20260922,sz002302,化工,周期资源
20260922,sz002303,消费电子,AI算力
20260922,sz002305,,
20260922,sz002306,光伏,新能源电网
20260922,sz002309,电网,新能源电网
20260922,sz002310,光伏,新能源电网
20260922,sz002314,储能,新能源电网
20260922,sz002321,,
20260922,sz002322,电网,新能源电网
20260922,sz002323,电力,新能源电网
20260922,sz002329,光伏,新能源电网
20260922,sz002333,光伏,新能源电网
20260922,sz002346,储能,新能源电网
20260922,sz002348,算力,AI算力
20260922,sz002353,油气,周期资源
20260922,sz002356,氢能,新能源电网
20260922,sz002357,卫星,军工航天
20260922,sz002360,化工,周期资源
20260922,sz002362,机器人,机器人
20260922,sz002364,算力,AI算力
20260922,sz002365,医药,医药
20260922,sz002369,消费电子,AI算力
20260922,sz002374,,
20260922,sz002375,,
20260922,sz002377,油气,周期资源
20260922,sz002379,有色,周期资源
20260922,sz002384,消费电子,AI算力
20260922,sz002385,医药,医药
20260922,sz002396,光通信,AI算力
20260922,sz002397,,
20260922,sz002404,电力,新能源电网
20260922,sz002407,化工,周期资源
20260922,sz002409,半导体,AI算力
20260922,sz002414,军工,军工航天
20260922,sz002423,,
20260922,sz002424,医药,医药
20260922,sz002427,化工,周期资源
20260922,sz002431,,
20260922,sz002432,医药,医药
20260922,sz002436,消费电子,AI算力
20260922,sz002442,化工,周期资源
20260922,sz002445,电力,新能源电网
20260922,sz002457,,
20260922,sz002458,,
20260922,sz002468,,
20260922,sz002471,电网,新能源电网
20260922,sz002483,船舶,军工航天
20260922,sz002484,军工,军工航天
20260922,sz002485,,
20260922,sz002490,油气,周期资源
20260922,sz002491,,
20260922,sz002496,化工,周期资源
20260922,sz002497,储能,新能源电网
20260922,sz002498,电网,新能源电网
20260922,sz002501,有色,周期资源
20260922,sz002512,算力,AI算力
20260922,sz002514,储能,新能源电网
20260922,sz002528,消费电子,AI算力
20260922,sz002531,风电,新能源电网
20260922,sz002536,氢能,新能源电网
20260922,sz002538,化工,周期资源
20260922,sz002542,传媒,AI应用
20260922,sz002543,,
20260922,sz002546,电力,新能源电网
20260922,sz002547,储能,新能源电网
20260922,sz002548,,
20260922,sz002552,PCB,AI算力
20260922,sz002564,核电,新能源电网
20260922,sz002568,,
20260922,sz002569,,
20260922,sz002570,AI应用,AI应用
20260922,sz002579,消费电子,AI算力
20260922,sz002581,医药,医药
20260922,sz002582,,
20260922,sz002586,传媒,AI应用
20260922,sz002592,消费电子,AI算力
20260922,sz002596,化工,周期资源
20260922,sz002597,化工,周期资源
20260922,sz002598,储能,新能源电网
20260922,sz002607,AI应用,AI应用
20260922,sz002612,,
20260922,sz002613,化工,周期资源
20260922,sz002614,医药,医药
20260922,sz002615,消费电子,AI算力
20260922,sz002620,电力,新能源电网
20260922,sz002622,医药,医药
20260922,sz002626,,
20260922,sz002627,,
20260922,sz002629,油气,周期资源
20260922,sz002630,电力,新能源电网
20260922,sz002632,储能,新能源电网
20260922,sz002634,新材料,周期资源
20260922,sz002638,,
20260922,sz002640,消费电子,AI算力
20260922,sz002650,,
20260922,sz002656,,
20260922,sz002659,消费电子,AI算力
20260922,sz002661,,
20260922,sz002667,储能,新能源电网
20260922,sz002668,,
20260922,sz002670,,
20260922,sz002672,有色,周期资源
20260922,sz002674,机器人,机器人
20260922,sz002677,AI应用,AI应用
20260922,sz002679,,
20260922,sz002682,氢能,新能源电网
20260922,sz002686,军工,军工航天
20260922,sz002687,,
20260922,sz002688,化工,周期资源
20260922,sz002689,机器人,机器人
20260922,sz002691,机器人,机器人
20260922,sz002693,医药,医药
20260922,sz002694,,
20260922,sz002696,,
20260922,sz002700,油气,周期资源
20260922,sz002702,,
20260922,sz002713,算力,AI算力
20260922,sz002717,消费电子,AI算力
20260922,sz002718,,
20260922,sz002719,,
20260922,sz002724,军工,军工航天
20260922,sz002726,,
20260922,sz002731,储能,新能源电网
20260922,sz002735,低空经济,军工航天
20260922,sz002742,医药,医药
20260922,sz002743,,
20260922,sz002745,PCB,AI算力
20260922,sz002759,化工,周期资源
20260922,sz002762,,
20260922,sz002774,,
20260922,sz002775,,
20260922,sz002786,消费电子,AI算力
20260922,sz002789,,
20260922,sz002790,,
20260922,sz002791,,
20260922,sz002800,,
20260922,sz002815,消费电子,AI算力
20260922,sz002816,PCB,AI算力
20260922,sz002819,医药,医药
20260922,sz002820,,
20260922,sz002821,医药,医药
20260922,sz002822,,
20260922,sz002824,有色,周期资源
20260922,sz002826,医药,医药
20260922,sz002827,化工,周期资源
20260922,sz002828,油气,周期资源
20260922,sz002829,航天,军工航天
20260922,sz002830,,
20260922,sz002836,化工,周期资源
20260922,sz002840,,
20260922,sz002841,消费电子,AI算力
20260922,sz002845,消费电子,AI算力
20260922,sz002848,航天,军工航天
20260922,sz002851,储能,新能源电网
20260922,sz002852,,
20260922,sz002856,,
20260922,sz002860,光伏,新能源电网
20260922,sz002868,化工,周期资源
20260922,sz002871,算力,AI算力
20260922,sz002872,医药,医药
20260922,sz002875,,
20260922,sz002876,消费电子,AI算力
20260922,sz002879,电网,新能源电网
20260922,sz002883,低空经济,军工航天
20260922,sz002888,消费电子,AI算力
20260922,sz002891,,
20260922,sz002893,电力,新能源电网
20260922,sz002896,机器人,机器人
20260922,sz002907,医药,医药
20260922,sz002910,,
20260922,sz002912,AI应用,AI应用
20260922,sz002915,化工,周期资源
20260922,sz002916,消费电子,AI算力
20260922,sz002928,,
20260922,sz002929,算力,AI算力
20260922,sz002945,,
20260922,sz002949,AI应用,AI应用
20260922,sz002951,电力,新能源电网
20260922,sz002955,算力,AI算力
20260922,sz002956,,
20260922,sz002957,消费电子,AI算力
20260922,sz002960,机器人,机器人
20260922,sz002961,,
20260922,sz002969,,
20260922,sz002975,消费电子,AI算力
20260922,sz002977,军工,军工航天
20260922,sz002979,机器人,机器人
20260922,sz002980,储能,新能源电网
20260922,sz002982,,
20260922,sz002983,消费电子,AI算力
20260922,sz002988,有色,周期资源
20260922,sz002998,化工,周期资源
20260922,sz003001,核电,新能源电网
20260922,sz003004,AI应用,AI应用
20260922,sz003005,AI应用,AI应用
20260922,sz003006,,
20260922,sz003010,,
20260922,sz003011,,
20260922,sz003018,算力,AI算力
20260922,sz003029,金融科技,AI应用
20260922,sz003030,,
20260922,sz003032,机器人,机器人
20260922,sz003036,机器人,机器人
20260922,sz003039,电力,新能源电网
20260922,sz003041,,
20260922,sz300020,算力,AI算力
20260922,sz300044,机器人,机器人
20260922,sz300068,储能,新能源电网
20260922,sz300069,电网,新能源电网
20260922,sz300085,AI应用,AI应用
20260922,sz300103,储能,新能源电网
20260922,sz300152,氢能,新能源电网
20260922,sz300163,化工,周期资源
20260922,sz300167,算力,AI算力
20260922,sz300169,化工,周期资源
20260922,sz300189,,
20260922,sz300197,,
20260922,sz300214,算力,AI算力
20260922,sz300289,医药,医药
20260922,sz300311,AI应用,AI应用
20260922,sz300313,,
20260922,sz300321,化工,周期资源
20260922,sz300334,芯片,AI算力
20260922,sz300359,AI应用,AI应用
20260922,sz300385,,
20260922,sz300401,医药,医药
20260922,sz300456,半导体,AI算力
20260922,sz300469,AI应用,AI应用
20260922,sz300515,,
20260922,sz300540,氢能,新能源电网
20260922,sz300566,消费电子,AI算力
20260922,sz300598,智能驾驶,AI应用
20260922,sz300615,储能,新能源电网
20260922,sz300616,机器人,机器人
20260922,sz300626,电力,新能源电网
20260922,sz300642,医药,医药
20260922,sz300649,,
20260922,sz300684,消费电子,AI算力
20260922,sz300720,半导体,AI算力
20260922,sz300737,,
20260922,sz300740,,
20260922,sz300741,化工,周期资源
20260922,sz300779,有色,周期资源
20260922,sz300829,化工,周期资源
20260922,sz300834,化工,周期资源
20260922,sz300897,AI应用,AI应用
20260922,sz300929,氢能,新能源电网
20260922,sz300931,,
20260922,sz300961,,
20260922,sz300964,光通信,AI算力
20260922,sz300970,,
20260922,sz300981,医药,医药
20260922,sz300985,氢能,新能源电网
20260922,sz300996,AI应用,AI应用
20260922,sz300997,,
20260922,sz301019,化工,周期资源
20260922,sz301030,光伏,新能源电网
20260922,sz301045,消费电子,AI算力
20260922,sz301106,医药,医药
20260922,sz301115,光伏,新能源电网
20260922,sz301121,储能,新能源电网
20260922,sz301123,消费电子,AI算力
20260922,sz301139,储能,新能源电网
20260922,sz301151,算力,AI算力
20260922,sz301188,医药,医药
20260922,sz301193,,
20260922,sz301227,,
20260922,sz301234,医药,医药
20260922,sz301251,算力,AI算力
20260922,sz301322,半导体,AI算力
20260922,sz301349,电力,新能源电网
20260922,sz301356,,
20260922,sz301379,低空经济,军工航天
20260922,sz301390,AI应用,AI应用
20260922,sz301396,算力,AI算力
20260922,sz301449,储能,新能源电网
20260922,sz301520,创新药,医药
20260922,sz301565,储能,新能源电网
20260922,sz301583,半导体,AI算力
20260922,sz301607,半导体,AI算力
20260922,sz301630,半导体,AI算力
20260922,sz301667,储能,新能源电网
20260922,bj920305,,
20260922,sh600636,,
20260922,sh600696,,
20260922,sh605081,,
20260922,sz000004,,
20260922,sz002808,,
20260922,bj920000,,
20260922,bj920005,消费电子,AI算力
20260922,bj920008,军工,军工航天
20260922,bj920010,算力,AI算力
20260922,bj920016,化工,周期资源
20260922,bj920019,,
20260922,bj920028,化工,周期资源
20260922,bj920030,储能,新能源电网
20260922,bj920036,,
20260922,bj920045,光通信,AI算力
20260922,bj920060,消费电子,AI算力
20260922,bj920065,消费电子,AI算力
20260922,bj920066,化工,周期资源
20260922,bj920098,化工,周期资源
20260922,bj920119,储能,新能源电网
20260922,bj920125,PCB,AI算力
20260922,bj920132,,
20260922,bj920145,,
20260922,bj920146,减速器,机器人
20260922,bj920149,光伏,新能源电网
20260922,bj920169,航天,军工航天
20260922,bj920174,,
20260922,bj920179,半导体,AI算力
20260922,bj920183,消费电子,AI算力
20260922,bj920184,AI应用,AI应用
20260922,bj920198,AI应用,AI应用
20260922,bj920200,风电,新能源电网
20260922,bj920204,,
20260922,bj920207,AI应用,AI应用
20260922,bj920225,化工,周期资源
20260922,bj920227,,
20260922,bj920230,医药,医药
20260922,bj920245,,
20260922,bj920247,PEEK,机器人
20260922,bj920260,油气,周期资源
20260922,bj920262,,
20260922,bj920267,消费电子,AI算力
20260922,bj920271,低空经济,军工航天
20260922,bj920275,,
20260922,bj920351,低空经济,军工航天
20260922,bj920374,,
20260922,bj920415,低空经济,军工航天
20260922,bj920419,,
20260922,bj920436,智能驾驶,AI应用
20260922,bj920454,军工,军工航天
20260922,bj920455,,
20260922,bj920469,化工,周期资源
20260922,bj920496,储能,新能源电网
20260922,bj920504,医药,医药
20260922,bj920508,电网,新能源电网
20260922,bj920509,机器人,机器人
20260922,bj920519,化工,周期资源
20260922,bj920527,新材料,周期资源
20260922,bj920564,AI应用,AI应用
20260922,bj920578,机器人,机器人
20260922,bj920640,军工,军工航天
20260922,bj920693,算力,AI算力
20260922,bj920706,,
20260922,bj920718,,
20260922,bj920735,创新药,医药
20260922,bj920748,AI应用,AI应用
20260922,bj920770,光伏,新能源电网
20260922,bj920802,,
20260922,bj920832,化工,周期资源
20260922,bj920873,,
20260922,bj920885,航天,军工航天
20260922,bj920892,低空经济,军工航天
20260922,bj920942,,
20260922,bj920950,,
20260922,bj920953,AI应用,AI应用
20260922,bj920970,,
20260922,bj920971,PCB,AI算力
20260922,bj920976,,
20260922,bj920981,光通信,AI算力
20260922,bj920992,医药,医药
20260922,sh600035,,
20260922,sh600048,,
20260922,sh600071,储能,新能源电网
20260922,sh600097,,
20260922,sh600104,智能驾驶,AI应用
20260922,sh600150,军工,军工航天
20260922,sh600159,,
20260922,sh600169,航天,军工航天
20260922,sh600189,,
20260922,sh600256,煤炭,周期资源
20260922,sh600278,,
20260922,sh600333,油气,周期资源
20260922,sh600372,军工,军工航天
20260922,sh600373,传媒,AI应用
20260922,sh600383,,
20260922,sh600435,军工,军工航天
20260922,sh600498,算力,AI算力
20260922,sh600522,储能,新能源电网
20260922,sh600562,军工,军工航天
20260922,sh600583,油气,周期资源
20260922,sh600622,,
20260922,sh600649,,
20260922,sh600675,,
20260922,sh600685,军工,军工航天
20260922,sh600706,AI应用,AI应用
20260922,sh600710,光伏,新能源电网
20260922,sh600716,,
20260922,sh600764,军工,军工航天
20260922,sh600774,医药,医药
20260922,sh600780,电力,新能源电网
20260922,sh600789,医药,医药
20260922,sh600790,,
20260922,sh600855,军工,军工航天
20260922,sh600864,,
20260922,sh600893,军工,军工航天
20260922,sh600908,,
20260922,sh600977,传媒,AI应用
20260922,sh601099,,
20260922,sh601112,化工,周期资源
20260922,sh601138,消费电子,AI算力
20260922,sh601169,,
20260922,sh601298,航运,周期资源
20260922,sh601319,,
20260922,sh601328,金融科技,AI应用
20260922,sh601360,AI应用,AI应用
20260922,sh601512,储能,新能源电网
20260922,sh601555,,
20260922,sh601599,传媒,AI应用
20260922,sh601658,,
20260922,sh601801,传媒,AI应用
20260922,sh601900,传媒,AI应用
20260922,sh601988,金融科技,AI应用
20260922,sh601996,,
20260922,sh601998,,
20260922,sh603000,AI应用,AI应用
20260922,sh603069,,
20260922,sh603088,算力,AI算力
20260922,sh603096,传媒,AI应用
20260922,sh603098,光伏,新能源电网
20260922,sh603103,传媒,AI应用
20260922,sh603172,化工,周期资源
20260922,sh603215,,
20260922,sh603231,,
20260922,sh603235,化工,周期资源
20260922,sh603257,有色,周期资源
20260922,sh603282,,
20260922,sh603321,AI应用,AI应用
20260922,sh603326,,
20260922,sh603558,,
20260922,sh603583,机器人,机器人
20260922,sh603599,化工,周期资源
20260922,sh603600,,
20260922,sh603613,AI应用,AI应用
20260922,sh603712,军工,军工航天
20260922,sh603777,,
20260922,sh603818,,
20260922,sh603889,,
20260922,sh603917,,
20260922,sh605003,,
20260922,sh605008,化工,周期资源
20260922,sh605123,军工,军工航天
20260922,sh605138,,
20260922,sh605183,化工,周期资源
20260922,sh605222,电力,新能源电网
20260922,sh605228,机器人,机器人
20260922,sh688002,军工,军工航天
20260922,sh688007,消费电子,AI算力
20260922,sh688008,芯片,AI算力
20260922,sh688015,低空经济,军工航天
20260922,sh688018,芯片,AI算力
20260922,sh688023,AI应用,AI应用
20260922,sh688025,消费电子,AI算力
20260922,sh688028,机器人,机器人
20260922,sh688029,医药,医药
20260922,sh688030,消费电子,AI算力
20260922,sh688033,低空经济,军工航天
20260922,sh688035,消费电子,AI算力
20260922,sh688038,AI应用,AI应用
20260922,sh688041,芯片,AI算力
20260922,sh688046,医药,医药
20260922,sh688049,芯片,AI算力
20260922,sh688051,算力,AI算力
20260922,sh688052,芯片,AI算力
20260922,sh688053,军工,军工航天
20260922,sh688058,AI应用,AI应用
20260922,sh688060,AI应用,AI应用
20260922,sh688061,芯片,AI算力
20260922,sh688069,氢能,新能源电网
20260922,sh688070,军工,军工航天
20260922,sh688071,机器人,机器人
20260922,sh688072,半导体,AI算力
20260922,sh688078,机器人,机器人
20260922,sh688080,AI应用,AI应用
20260922,sh688084,军工,军工航天
20260922,sh688089,化工,周期资源
20260922,sh688091,医药,医药
20260922,sh688098,创新药,医药
20260922,sh688103,储能,新能源电网
20260922,sh688122,军工,军工航天
20260922,sh688125,芯片,AI算力
20260922,sh688127,消费电子,AI算力
20260922,sh688129,化工,周期资源
20260922,sh688130,芯片,AI算力
20260922,sh688132,军工,军工航天
20260922,sh688135,半导体,AI算力
20260922,sh688136,医药,医药
20260922,sh688138,半导体,AI算力
20260922,sh688139,医药,医药
20260922,sh688143,军工,军工航天
20260922,sh688150,消费电子,AI算力
20260922,sh688151,医药,医药
20260922,sh688153,芯片,AI算力
20260922,sh688156,,
20260922,sh688159,电网,新能源电网
20260922,sh688168,AI应用,AI应用
20260922,sh688170,消费电子,AI算力
20260922,sh688176,医药,医药
20260922,sh688178,,
20260922,sh688179,化工,周期资源
20260922,sh688181,半导体,AI算力
20260922,sh688191,电网,新能源电网
20260922,sh688195,医药,医药
20260922,sh688197,医药,医药
20260922,sh688199,化工,周期资源
20260922,sh688201,金融科技,AI应用
20260922,sh688202,医药,医药
20260922,sh688203,化工,周期资源
20260922,sh688205,光通信,AI算力
20260922,sh688215,,
20260922,sh688222,医药,医药
20260922,sh688225,卫星,军工航天
20260922,sh688228,AI应用,AI应用
20260922,sh688230,半导体,AI算力
20260922,sh688231,有色,周期资源
20260922,sh688238,医药,医药
20260922,sh688239,航天,军工航天
20260922,sh688248,电网,新能源电网
20260922,sh688252,芯片,AI算力
20260922,sh688253,医药,医药
20260922,sh688256,芯片,AI算力
20260922,sh688257,PCB,AI算力
20260922,sh688259,芯片,AI算力
20260922,sh688261,半导体,AI算力
20260922,sh688262,芯片,AI算力
20260922,sh688267,化工,周期资源
20260922,sh688279,芯片,AI算力
20260922,sh688281,军工,军工航天
20260922,sh688283,航天,军工航天
20260922,sh688289,医药,医药
20260922,sh688296,AI应用,AI应用
20260922,sh688297,军工,军工航天
20260922,sh688299,储能,新能源电网
20260922,sh688306,机器人,机器人
20260922,sh688309,,
20260922,sh688312,光通信,AI算力
20260922,sh688313,光通信,AI算力
20260922,sh688317,医药,医药
20260922,sh688318,AI应用,AI应用
20260922,sh688319,医药,医药
20260922,sh688320,机器人,机器人
20260922,sh688329,医药,医药
20260922,sh688330,电网,新能源电网
20260922,sh688332,芯片,AI算力
20260922,sh688337,光通信,AI算力
20260922,sh688339,氢能,新能源电网
20260922,sh688343,算力,AI算力
20260922,sh688359,储能,新能源电网
20260922,sh688361,半导体,AI算力
20260922,sh688365,AI应用,AI应用
20260922,sh688370,,
20260922,sh688382,医药,医药
20260922,sh688383,机器人,机器人
20260922,sh688385,芯片,AI算力
20260922,sh688388,储能,新能源电网
20260922,sh688391,芯片,AI算力
20260922,sh688393,医药,医药
20260922,sh688395,,
20260922,sh688398,化工,周期资源
20260922,sh688401,半导体,AI算力
20260922,sh688416,芯片,AI算力
20260922,sh688428,医药,医药
20260922,sh688448,,
20260922,sh688455,智能驾驶,AI应用
20260922,sh688458,半导体,AI算力
20260922,sh688479,,
20260922,sh688486,芯片,AI算力
20260922,sh688488,医药,医药
20260922,sh688489,金融科技,AI应用
20260922,sh688498,半导体,AI算力
20260922,sh688501,,
20260922,sh688510,军工,军工航天
20260922,sh688511,军工,军工航天
20260922,sh688513,医药,医药
20260922,sh688519,消费电子,AI算力
20260922,sh688521,芯片,AI算力
20260922,sh688531,储能,新能源电网
20260922,sh688535,半导体,AI算力
20260922,sh688536,芯片,AI算力
20260922,sh688543,军工,军工航天
20260922,sh688551,氢能,新能源电网
20260922,sh688552,军工,军工航天
20260922,sh688558,机器人,机器人
20260922,sh688561,军工,军工航天
20260922,sh688563,军工,军工航天
20260922,sh688575,医药,医药
20260922,sh688581,医药,医药
20260922,sh688591,芯片,AI算力
20260922,sh688595,芯片,AI算力
20260922,sh688601,芯片,AI算力
20260922,sh688602,储能,新能源电网
20260922,sh688605,半导体,AI算力
20260922,sh688608,芯片,AI算力
20260922,sh688609,光通信,AI算力
20260922,sh688611,电网,新能源电网
20260922,sh688612,低空经济,军工航天
20260922,sh688613,医药,医药
20260922,sh688620,芯片,AI算力
20260922,sh688621,医药,医药
20260922,sh688625,化工,周期资源
20260922,sh688627,存储,AI算力
20260922,sh688628,,
20260922,sh688636,军工,军工航天
20260922,sh688639,化工,周期资源
20260922,sh688646,储能,新能源电网
20260922,sh688651,消费电子,AI算力
20260922,sh688653,芯片,AI算力
20260922,sh688656,医药,医药
20260922,sh688660,风电,新能源电网
20260922,sh688663,电网,新能源电网
20260922,sh688667,,
20260922,sh688670,医药,医药
20260922,sh688678,消费电子,AI算力
20260922,sh688680,光伏,新能源电网
20260922,sh688683,储能,新能源电网
20260922,sh688686,储能,新能源电网
20260922,sh688690,医药,医药
20260922,sh688696,,
20260922,sh688699,芯片,AI算力
20260922,sh688700,PCB,AI算力
20260922,sh688718,化工,周期资源
20260922,sh688719,电力,新能源电网
20260922,sh688722,化工,周期资源
20260922,sh688755,创新药,医药
20260922,sh688758,医药,医药
20260922,sh688767,医药,医药
20260922,sh688768,AI应用,AI应用
20260922,sh688785,电力,新能源电网
20260922,sh688786,有色,周期资源
20260922,sh688798,芯片,AI算力
20260922,sh688799,医药,医药
20260922,sh688800,储能,新能源电网
20260922,sh688805,医药,医药
20260922,sh688806,医药,医药
20260922,sh688809,半导体,AI算力
20260922,sh688820,半导体,AI算力
20260922,sz000058,航天,军工航天
20260922,sz000069,,
20260922,sz000156,AI应用,AI应用
20260922,sz000514,,
20260922,sz000525,化工,周期资源
20260922,sz000619,,
20260922,sz000697,军工,军工航天
20260922,sz000738,军工,军工航天
20260922,sz000790,医药,医药
20260922,sz000797,,
20260922,sz000869,,
20260922,sz000878,有色,周期资源
20260922,sz000897,算力,AI算力
20260922,sz000901,军工,军工航天
20260922,sz000905,航运,周期资源
20260922,sz000906,储能,新能源电网
20260922,sz000923,黑色,周期资源
20260922,sz000985,油气,周期资源
20260922,sz001202,,
20260922,sz001217,化工,周期资源
20260922,sz001228,,
20260922,sz001231,化工,周期资源
20260922,sz001324,储能,新能源电网
20260922,sz001336,,
20260922,sz001368,医药,医药
20260922,sz001380,机器人,机器人
20260922,sz001386,,
20260922,sz002034,算力,AI算力
20260922,sz002100,医药,医药
20260922,sz002127,,
20260922,sz002145,化工,周期资源
20260922,sz002171,有色,周期资源
20260922,sz002179,军工,军工航天
20260922,sz002222,智能驾驶,AI应用
20260922,sz002241,消费电子,AI算力
20260922,sz002296,储能,新能源电网
20260922,sz002338,军工,军工航天
20260922,sz002389,军工,军工航天
20260922,sz002413,军工,军工航天
20260922,sz002439,AI应用,AI应用
20260922,sz002443,油气,周期资源
20260922,sz002482,,
20260922,sz002492,,
20260922,sz002516,机器人,机器人
20260922,sz002561,,
20260922,sz002565,算力,AI算力
20260922,sz002681,消费电子,AI算力
20260922,sz002712,传媒,AI应用
20260922,sz002758,医药,医药
20260922,sz002785,核电,新能源电网
20260922,sz002813,智能驾驶,AI应用
20260922,sz002825,氢能,新能源电网
20260922,sz002832,,
20260922,sz002890,,
20260922,sz002899,,
20260922,sz002905,传媒,AI应用
20260922,sz002966,,
20260922,sz003016,AI应用,AI应用
20260922,sz003816,电力,新能源电网
20260922,sz300005,芯片,AI算力
20260922,sz300010,AI应用,AI应用
20260922,sz300013,卫星,军工航天
20260922,sz300018,电网,新能源电网
20260922,sz300025,算力,AI算力
20260922,sz300037,储能,新能源电网
20260922,sz300049,医药,医药
20260922,sz300050,消费电子,AI算力
20260922,sz300061,AI应用,AI应用
20260922,sz300067,算力,AI算力
20260922,sz300077,芯片,AI算力
20260922,sz300079,金融科技,AI应用
20260922,sz300081,传媒,AI应用
20260922,sz300095,机器人,机器人
20260922,sz300113,传媒,AI应用
20260922,sz300133,传媒,AI应用
20260922,sz300148,传媒,AI应用
20260922,sz300151,半导体,AI算力
20260922,sz300153,电力,新能源电网
20260922,sz300154,机器人,机器人
20260922,sz300170,AI应用,AI应用
20260922,sz300171,医药,医药
20260922,sz300182,传媒,AI应用
20260922,sz300190,油气,周期资源
20260922,sz300192,芯片,AI算力
20260922,sz300195,储能,新能源电网
20260922,sz300205,金融科技,AI应用
20260922,sz300207,储能,新能源电网
20260922,sz300215,电网,新能源电网
20260922,sz300224,有色,周期资源
20260922,sz300225,化工,周期资源
20260922,sz300234,氢能,新能源电网
20260922,sz300235,AI应用,AI应用
20260922,sz300237,储能,新能源电网
20260922,sz300244,医药,医药
20260922,sz300245,算力,AI算力
20260922,sz300252,军工,军工航天
20260922,sz300257,氢能,新能源电网
20260922,sz300271,AI应用,AI应用
20260922,sz300277,消费电子,AI算力
20260922,sz300281,航天,军工航天
20260922,sz300290,算力,AI算力
20260922,sz300292,智能驾驶,AI应用
20260922,sz300300,算力,AI算力
20260922,sz300301,半导体,AI算力
20260922,sz300304,储能,新能源电网
20260922,sz300305,化工,周期资源
20260922,sz300308,光通信,AI算力
20260922,sz300315,传媒,AI应用
20260922,sz300322,消费电子,AI算力
20260922,sz300327,芯片,AI算力
20260922,sz300347,医药,医药
20260922,sz300350,军工,军工航天
20260922,sz300352,AI应用,AI应用
20260922,sz300366,算力,AI算力
20260922,sz300389,消费电子,AI算力
20260922,sz300394,光通信,AI算力
20260922,sz300395,军工,军工航天
20260922,sz300398,半导体,AI算力
20260922,sz300399,算力,AI算力
20260922,sz300400,消费电子,AI算力
20260922,sz300408,氢能,新能源电网
20260922,sz300410,储能,新能源电网
20260922,sz300417,,
20260922,sz300428,低空经济,军工航天
20260922,sz300429,半导体,AI算力
20260922,sz300430,医药,医药
20260922,sz300439,医药,医药
20260922,sz300442,算力,AI算力
20260922,sz300443,风电,新能源电网
20260922,sz300447,军工,军工航天
20260922,sz300458,芯片,AI算力
20260922,sz300460,卫星,军工航天
20260922,sz300461,消费电子,AI算力
20260922,sz300473,氢能,新能源电网
20260922,sz300478,化工,周期资源
20260922,sz300488,机器人,机器人
20260922,sz300491,电力,新能源电网
20260922,sz300493,芯片,AI算力
20260922,sz300497,医药,医药
20260922,sz300498,消费电子,AI算力
20260922,sz300499,储能,新能源电网
20260922,sz300502,光通信,AI算力
20260922,sz300504,消费电子,AI算力
20260922,sz300517,,
20260922,sz300521,,
20260922,sz300523,机器人,机器人
20260922,sz300532,机器人,机器人
20260922,sz300537,半导体,AI算力
20260922,sz300550,AI应用,AI应用
20260922,sz300551,金融科技,AI应用
20260922,sz300553,军工,军工航天
20260922,sz300554,半导体,AI算力
20260922,sz300559,AI应用,AI应用
20260922,sz300562,医药,医药
20260922,sz300568,储能,新能源电网
20260922,sz300569,风电,新能源电网
20260922,sz300572,,
20260922,sz300575,化工,周期资源
20260922,sz300583,医药,医药
20260922,sz300589,军工,军工航天
20260922,sz300590,卫星,军工航天
20260922,sz300599,新材料,周期资源
20260922,sz300603,算力,AI算力
20260922,sz300611,机器人,机器人
20260922,sz300612,AI应用,AI应用
20260922,sz300613,芯片,AI算力
20260922,sz300622,消费电子,AI算力
20260922,sz300623,半导体,AI算力
20260922,sz300624,AI应用,AI应用
20260922,sz300629,军工,军工航天
20260922,sz300638,电网,新能源电网
20260922,sz300645,算力,AI算力
20260922,sz300647,消费电子,AI算力
20260922,sz300655,半导体,AI算力
20260922,sz300659,军工,军工航天
20260922,sz300661,芯片,AI算力
20260922,sz300662,,
20260922,sz300670,电网,新能源电网
20260922,sz300672,芯片,AI算力
20260922,sz300673,,
20260922,sz300674,AI应用,AI应用
20260922,sz300676,医药,医药
20260922,sz300685,医药,医药
20260922,sz300687,AI应用,AI应用
20260922,sz300689,算力,AI算力
20260922,sz300696,军工,军工航天
20260922,sz300698,算力,AI算力
20260922,sz300708,半导体,AI算力
20260922,sz300712,电网,新能源电网
20260922,sz300725,医药,医药
20260922,sz300727,化工,周期资源
20260922,sz300729,,
20260922,sz300731,化工,周期资源
20260922,sz300736,消费电子,AI算力
20260922,sz300739,PCB,AI算力
20260922,sz300746,油气,周期资源
20260922,sz300747,PCB,AI算力
20260922,sz300752,消费电子,AI算力
20260922,sz300756,机器人,机器人
20260922,sz300757,光通信,AI算力
20260922,sz300761,,
20260922,sz300766,AI应用,AI应用
20260922,sz300767,化工,周期资源
20260922,sz300768,算力,AI算力
20260922,sz300776,光伏,新能源电网
20260922,sz300781,AI应用,AI应用
20260922,sz300785,AI应用,AI应用
20260922,sz300787,消费电子,AI算力
20260922,sz300792,AI应用,AI应用
20260922,sz300793,消费电子,AI算力
20260922,sz300798,化工,周期资源
20260922,sz300805,传媒,AI应用
20260922,sz300806,消费电子,AI算力
20260922,sz300808,,
20260922,sz300810,军工,军工航天
20260922,sz300811,有色,周期资源
20260922,sz300812,消费电子,AI算力
20260922,sz300813,机器人,机器人
20260922,sz300816,算力,AI算力
20260922,sz300817,减速器,机器人
20260922,sz300820,储能,新能源电网
20260922,sz300822,消费电子,AI算力
20260922,sz300825,AI应用,AI应用
20260922,sz300826,无人机,军工航天
20260922,sz300833,传媒,AI应用
20260922,sz300836,机器人,机器人
20260922,sz300840,AI应用,AI应用
20260922,sz300845,军工,军工航天
20260922,sz300846,算力,AI算力
20260922,sz300850,风电,新能源电网
20260922,sz300853,电网,新能源电网
20260922,sz300857,消费电子,AI算力
20260922,sz300858,化工,周期资源
20260922,sz300860,AI应用,AI应用
20260922,sz300865,无人机,军工航天
20260922,sz300879,减速器,机器人
20260922,sz300895,算力,AI算力
20260922,sz300901,AI应用,AI应用
20260922,sz300904,风电,新能源电网
20260922,sz300905,化工,周期资源
20260922,sz300909,消费电子,AI算力
20260922,sz300910,化工,周期资源
20260922,sz300913,智能驾驶,AI应用
20260922,sz300915,,
20260922,sz300917,算力,AI算力
20260922,sz300918,机器人,机器人
20260922,sz300920,化工,周期资源
20260922,sz300921,算力,AI算力
20260922,sz300932,电力,新能源电网
20260922,sz300938,低空经济,军工航天
20260922,sz300943,油气,周期资源
20260922,sz300947,算力,AI算力
20260922,sz300950,氢能,新能源电网
20260922,sz300951,消费电子,AI算力
20260922,sz300959,,
20260922,sz300969,机器人,机器人
20260922,sz300976,消费电子,AI算力
20260922,sz300977,半导体,AI算力
20260922,sz300987,传媒,AI应用
20260922,sz300988,算力,AI算力
20260922,sz300989,算力,AI算力
20260922,sz300990,氢能,新能源电网
20260922,sz300991,有色,周期资源
20260922,sz300998,机器人,机器人
20260922,sz301001,AI应用,AI应用
20260922,sz301007,机器人,机器人
20260922,sz301010,医药,医药
20260922,sz301011,,
20260922,sz301015,医药,医药
20260922,sz301016,储能,新能源电网
20260922,sz301021,半导体,AI算力
20260922,sz301025,传媒,AI应用
20260922,sz301031,储能,新能源电网
20260922,sz301041,军工,军工航天
20260922,sz301043,,
20260922,sz301046,机器人,机器人
20260922,sz301052,传媒,AI应用
20260922,sz301056,军工,军工航天
20260922,sz301057,化工,周期资源
20260922,sz301059,化工,周期资源
20260922,sz301061,,
20260922,sz301067,消费电子,AI算力
20260922,sz301070,AI应用,AI应用
20260922,sz301072,,
20260922,sz301075,医药,医药
20260922,sz301076,化工,周期资源
20260922,sz301077,化工,周期资源
20260922,sz301081,,
20260922,sz301086,消费电子,AI算力
20260922,sz301087,医药,医药
20260922,sz301088,,
20260922,sz301091,智能驾驶,AI应用
20260922,sz301095,芯片,AI算力
20260922,sz301105,,
20260922,sz301108,,
20260922,sz301110,AI应用,AI应用
20260922,sz301119,,
20260922,sz301122,医药,医药
20260922,sz301125,机器人,机器人
20260922,sz301128,消费电子,AI算力
20260922,sz301135,机器人,机器人
20260922,sz301137,核电,新能源电网
20260922,sz301148,,
20260922,sz301149,化工,周期资源
20260922,sz301150,储能,新能源电网
20260922,sz301155,风电,新能源电网
20260922,sz301157,储能,新能源电网
20260922,sz301159,AI应用,AI应用
20260922,sz301161,半导体,AI算力
20260922,sz301169,AI应用,AI应用
20260922,sz301172,AI应用,AI应用
20260922,sz301178,算力,AI算力
20260922,sz301181,低空经济,军工航天
20260922,sz301183,智能驾驶,AI应用
20260922,sz301186,,
20260922,sz301187,消费电子,AI算力
20260922,sz301189,消费电子,AI算力
20260922,sz301197,,
20260922,sz301198,,
20260922,sz301207,医药,医药
20260922,sz301209,化工,周期资源
20260922,sz301210,储能,新能源电网
20260922,sz301212,化工,周期资源
20260922,sz301213,军工,军工航天
20260922,sz301220,化工,周期资源
20260922,sz301223,,
20260922,sz301226,机器人,机器人
20260922,sz301230,创新药,医药
20260922,sz301235,医药,医药
20260922,sz301252,机器人,机器人
20260922,sz301263,医药,医药
20260922,sz301265,存储,AI算力
20260922,sz301266,光伏,新能源电网
20260922,sz301281,医药,医药
20260922,sz301285,消费电子,AI算力
20260922,sz301286,化工,周期资源
20260922,sz301297,半导体,AI算力
20260922,sz301299,AI应用,AI应用
20260922,sz301300,化工,周期资源
20260922,sz301302,军工,军工航天
20260922,sz301305,电力,新能源电网
20260922,sz301306,军工,军工航天
20260922,sz301311,机器人,机器人
20260922,sz301314,储能,新能源电网
20260922,sz301330,机器人,机器人
20260922,sz301333,医药,医药
20260922,sz301336,,
20260922,sz301337,,
20260922,sz301338,消费电子,AI算力
20260922,sz301339,AI应用,AI应用
20260922,sz301355,化工,周期资源
20260922,sz301359,,
20260922,sz301360,消费电子,AI算力
20260922,sz301367,医药,医药
20260922,sz301369,半导体,AI算力
20260922,sz301372,,
20260922,sz301376,AI应用,AI应用
20260922,sz301380,AI应用,AI应用
20260922,sz301381,,
20260922,sz301383,消费电子,AI算力
20260922,sz301389,消费电子,AI算力
20260922,sz301393,医药,医药
20260922,sz301398,机器人,机器人
20260922,sz301421,储能,新能源电网
20260922,sz301446,,
20260922,sz301448,机器人,机器人
20260922,sz301456,风电,新能源电网
20260922,sz301458,光伏,新能源电网
20260922,sz301479,机器人,机器人
20260922,sz301498,,
20260922,sz301500,电力,新能源电网
20260922,sz301505,低空经济,军工航天
20260922,sz301510,机器人,机器人
20260922,sz301511,储能,新能源电网
20260922,sz301531,有色,周期资源
20260922,sz301533,电网,新能源电网
20260922,sz301536,芯片,AI算力
20260922,sz301538,化工,周期资源
20260922,sz301551,传媒,AI应用
20260922,sz301555,化工,周期资源
20260922,sz301556,,
20260922,sz301560,算力,AI算力
20260922,sz301571,军工,军工航天
20260922,sz301577,机器人,机器人
20260922,sz301585,化工,周期资源
20260922,sz301589,芯片,AI算力
20260922,sz301592,军工,军工航天
20260922,sz301595,化工,周期资源
20260922,sz301608,智能驾驶,AI应用
20260922,sz301617,化工,周期资源
20260922,sz301629,半导体,AI算力
20260922,sz301633,算力,AI算力
20260922,sz301678,半导体,AI算力
20260922,sz301680,电网,新能源电网
20260922,sz301682,军工,军工航天
20260922,sz302132,军工,军工航天
