code,name,market,industry,status,is_st,tradable,updated_at,source
bj920000,安徽凤凰,bj,,active,False,True,2026-08-07T01:14:17+08:00,akshare
bj920001,纬达光电,bj,,active,False,True,2026-08-07T01:14:17+08:00,akshare
bj920002,万达轴承,bj,,active,False,True,2026-08-07T01:14:17+08:00,akshare
bj920003,中诚咨询,bj,,active,False,True,2026-08-07T01:14:17+08:00,akshare
bj920005,鼎佳精密,bj,,active,False,True,2026-08-07T01:14:17+08:00,akshare
bj920006,晟楠科技,bj,,active,False,True,2026-08-07T01:14:17+08:00,akshare
bj920007,酉立智能,bj,,active,False,True,2026-08-07T01:14:17+08:00,akshare
bj920008,成电光信,bj,,active,False,True,2026-08-07T01:14:17+08:00,akshare
bj920009,丹娜生物,bj,,active,False,True,2026-08-07T01:14:17+08:00,akshare
bj920010,凯添燃气,bj,,active,False,True,2026-08-07T01:14:17+08:00,akshare
bj920011,晨光电机,bj,,active,False,True,2026-08-07T01:14:17+08:00,akshare
bj920012,创达新材,bj,,active,False,True,2026-08-07T01:14:17+08:00,akshare
bj920014,特瑞斯,bj,,active,False,True,2026-08-07T01:14:17+08:00,akshare
bj920015,锦华新材,bj,,active,False,True,2026-08-07T01:14:17+08:00,akshare
bj920016,中草香料,bj,,active,False,True,2026-08-07T01:14:17+08:00,akshare
bj920017,星昊医药,bj,,active,False,True,2026-08-07T01:14:17+08:00,akshare
bj920018,宏远股份,bj,,active,False,True,2026-08-07T01:14:17+08:00,akshare
bj920019,铜冠矿建,bj,,active,False,True,2026-08-07T01:14:17+08:00,akshare
bj920020,泰凯英,bj,,active,False,True,2026-08-07T01:14:17+08:00,akshare
bj920021,流金科技,bj,,active,False,True,2026-08-07T01:14:17+08:00,akshare
bj920022,世昌股份,bj,,active,False,True,2026-08-07T01:14:17+08:00,akshare
bj920023,*ST田野,bj,,active,True,True,2026-08-07T01:14:17+08:00,akshare
bj920026,卓兆点胶,bj,,active,False,True,2026-08-07T01:14:17+08:00,akshare
bj920027,交大铁发,bj,,active,False,True,2026-08-07T01:14:17+08:00,akshare
bj920028,新恒泰,bj,,active,False,True,2026-08-07T01:14:17+08:00,akshare
bj920029,开发科技,bj,,active,False,True,2026-08-07T01:14:17+08:00,akshare
bj920030,德众汽车,bj,,active,False,True,2026-08-07T01:14:17+08:00,akshare
bj920033,康普化学,bj,,active,False,True,2026-08-07T01:14:17+08:00,akshare
bj920035,精创电气,bj,,active,False,True,2026-08-07T01:14:17+08:00,akshare
bj920036,觅睿科技,bj,,active,False,True,2026-08-07T01:14:17+08:00,akshare
bj920037,广信科技,bj,,active,False,True,2026-08-07T01:14:17+08:00,akshare
bj920038,森合高科,bj,,active,False,True,2026-08-07T01:14:17+08:00,akshare
bj920039,国义招标,bj,,active,False,True,2026-08-07T01:14:17+08:00,akshare
bj920045,蘅东光,bj,,active,False,True,2026-08-07T01:14:17+08:00,akshare
bj920046,亿能电力,bj,,active,False,True,2026-08-07T01:14:17+08:00,akshare
bj920047,诺思兰德,bj,,active,False,True,2026-08-07T01:14:17+08:00,akshare
bj920050,爱伦医疗,bj,,active,False,True,2026-08-07T01:14:17+08:00,akshare
bj920055,隆源股份,bj,,active,False,True,2026-08-07T01:14:17+08:00,akshare
bj920056,能之光,bj,,active,False,True,2026-08-07T01:14:17+08:00,akshare
bj920057,百甲科技,bj,,active,False,True,2026-08-07T01:14:17+08:00,akshare
bj920058,华洋赛车,bj,,active,False,True,2026-08-07T01:14:17+08:00,akshare
bj920060,万源通,bj,,active,False,True,2026-08-07T01:14:17+08:00,akshare
bj920061,西磁科技,bj,,active,False,True,2026-08-07T01:14:17+08:00,akshare
bj920062,科润智控,bj,,active,False,True,2026-08-07T01:14:17+08:00,akshare
bj920065,千岸科技,bj,,active,False,True,2026-08-07T01:14:17+08:00,akshare
bj920066,科拜尔,bj,,active,False,True,2026-08-07T01:14:17+08:00,akshare
bj920068,天工股份,bj,,active,False,True,2026-08-07T01:14:17+08:00,akshare
bj920069,普昂医疗,bj,,active,False,True,2026-08-07T01:14:17+08:00,akshare
bj920072,科莱瑞迪,bj,,active,False,True,2026-08-07T01:14:17+08:00,akshare
bj920075,柏星龙,bj,,active,False,True,2026-08-07T01:14:17+08:00,akshare
bj920076,国亮新材,bj,,active,False,True,2026-08-07T01:14:17+08:00,akshare
bj920077,吉林碳谷,bj,,active,False,True,2026-08-07T01:14:17+08:00,akshare
bj920078,族兴新材,bj,,active,False,True,2026-08-07T01:14:17+08:00,akshare
bj920079,乔路铭,bj,,active,False,True,2026-08-07T01:14:17+08:00,akshare
bj920080,奥美森,bj,,active,False,True,2026-08-07T01:14:17+08:00,akshare
bj920081,欧伦电气,bj,,active,False,True,2026-08-07T01:14:17+08:00,akshare
bj920082,方正阀门,bj,,active,False,True,2026-08-07T01:14:17+08:00,akshare
bj920083,金戈新材,bj,,active,False,True,2026-08-07T01:14:17+08:00,akshare
bj920086,科马材料,bj,,active,False,True,2026-08-07T01:14:17+08:00,akshare
bj920087,秋乐种业,bj,,active,False,True,2026-08-07T01:14:17+08:00,akshare
bj920088,科力股份,bj,,active,False,True,2026-08-07T01:14:17+08:00,akshare
bj920089,禾昌聚合,bj,,active,False,True,2026-08-07T01:14:17+08:00,akshare
bj920090,*ST同辉,bj,,active,True,True,2026-08-07T01:14:17+08:00,akshare
bj920091,大鹏工业,bj,,active,False,True,2026-08-07T01:14:17+08:00,akshare
bj920092,汉鑫科技,bj,,active,False,True,2026-08-07T01:14:17+08:00,akshare
bj920096,嘉晨智能,bj,,active,False,True,2026-08-07T01:14:17+08:00,akshare
bj920098,科隆新材,bj,,active,False,True,2026-08-07T01:14:17+08:00,akshare
bj920099,瑞华技术,bj,,active,False,True,2026-08-07T01:14:17+08:00,akshare
bj920100,三协电机,bj,,active,False,True,2026-08-07T01:14:17+08:00,akshare
bj920101,志高机械,bj,,active,False,True,2026-08-07T01:14:17+08:00,akshare
bj920106,林泰新材,bj,,active,False,True,2026-08-07T01:14:17+08:00,akshare
bj920108,宏海科技,bj,,active,False,True,2026-08-07T01:14:17+08:00,akshare
bj920110,雷特科技,bj,,active,False,True,2026-08-07T01:14:17+08:00,akshare
bj920111,聚星科技,bj,,active,False,True,2026-08-07T01:14:17+08:00,akshare
bj920112,巴兰仕,bj,,active,False,True,2026-08-07T01:14:17+08:00,akshare
bj920116,星图测控,bj,,active,False,True,2026-08-07T01:14:17+08:00,akshare
bj920117,龙鑫智能,bj,,active,False,True,2026-08-07T01:14:17+08:00,akshare
bj920118,太湖远大,bj,,active,False,True,2026-08-07T01:14:17+08:00,akshare
bj920119,美德乐,bj,,active,False,True,2026-08-07T01:14:17+08:00,akshare
bj920121,江天科技,bj,,active,False,True,2026-08-07T01:14:17+08:00,akshare
bj920122,中纺标,bj,,active,False,True,2026-08-07T01:14:17+08:00,akshare
bj920123,芭薇股份,bj,,active,False,True,2026-08-07T01:14:17+08:00,akshare
bj920124,南特科技,bj,,active,False,True,2026-08-07T01:14:17+08:00,akshare
bj920125,鸿仕达,bj,,active,False,True,2026-08-07T01:14:17+08:00,akshare
bj920126,永大股份,bj,,active,False,True,2026-08-07T01:14:17+08:00,akshare
bj920128,胜业电气,bj,,active,False,True,2026-08-07T01:14:17+08:00,akshare
bj920130,立方控股,bj,,active,False,True,2026-08-07T01:14:17+08:00,akshare
bj920132,泰鹏智能,bj,,active,False,True,2026-08-07T01:14:17+08:00,akshare
bj920136,永励精密,bj,,active,False,True,2026-08-07T01:14:17+08:00,akshare
bj920139,华岭股份,bj,,active,False,True,2026-08-07T01:14:17+08:00,akshare
bj920145,恒合股份,bj,,active,False,True,2026-08-07T01:14:17+08:00,akshare
bj920146,华阳变速,bj,,active,False,True,2026-08-07T01:14:17+08:00,akshare
bj920149,旭杰科技,bj,,active,False,True,2026-08-07T01:14:17+08:00,akshare
bj920152,昆工科技,bj,,active,False,True,2026-08-07T01:14:17+08:00,akshare
bj920156,海昌智能,bj,,active,False,True,2026-08-07T01:14:17+08:00,akshare
bj920158,长江能科,bj,,active,False,True,2026-08-07T01:14:17+08:00,akshare
bj920159,农大科技,bj,,active,False,True,2026-08-07T01:14:17+08:00,akshare
bj920160,北矿检测,bj,,active,False,True,2026-08-07T01:14:17+08:00,akshare
bj920161,龙辰科技,bj,,active,False,True,2026-08-07T01:14:17+08:00,akshare
bj920163,方大新材,bj,,active,False,True,2026-08-07T01:14:17+08:00,akshare
bj920166,海圣医疗,bj,,active,False,True,2026-08-07T01:14:17+08:00,akshare
bj920167,同享科技,bj,,active,False,True,2026-08-07T01:14:17+08:00,akshare
bj920168,通宝光电,bj,,active,False,True,2026-08-07T01:14:17+08:00,akshare
bj920169,七丰精工,bj,,active,False,True,2026-08-07T01:14:17+08:00,akshare
bj920171,志晟信息,bj,,active,False,True,2026-08-07T01:14:17+08:00,akshare
bj920174,五新智能,bj,,active,False,True,2026-08-07T01:14:17+08:00,akshare
bj920175,东方碳素,bj,,active,False,True,2026-08-07T01:14:17+08:00,akshare
bj920176,维琪科技,bj,,active,False,True,2026-08-07T01:14:17+08:00,akshare
bj920177,恒道科技,bj,,active,False,True,2026-08-07T01:14:17+08:00,akshare
bj920178,锐翔智能,bj,,active,False,True,2026-08-07T01:14:17+08:00,akshare
bj920179,凯德石英,bj,,active,False,True,2026-08-07T01:14:17+08:00,akshare
bj920180,爱得科技,bj,,active,False,True,2026-08-07T01:14:17+08:00,akshare
bj920181,赛英电子,bj,,active,False,True,2026-08-07T01:14:17+08:00,akshare
bj920183,海菲曼,bj,,active,False,True,2026-08-07T01:14:17+08:00,akshare
bj920184,国源科技,bj,,active,False,True,2026-08-07T01:14:17+08:00,akshare
bj920185,贝特瑞,bj,,active,False,True,2026-08-07T01:14:17+08:00,akshare
bj920186,中科仪,bj,,active,False,True,2026-08-07T01:14:17+08:00,akshare
bj920187,通领科技,bj,,active,False,True,2026-08-07T01:14:17+08:00,akshare
bj920188,悦龙科技,bj,,active,False,True,2026-08-07T01:14:17+08:00,akshare
bj920189,康美特,bj,,active,False,True,2026-08-07T01:14:17+08:00,akshare
bj920190,雷神科技,bj,,active,False,True,2026-08-07T01:14:17+08:00,akshare
bj920191,瑞尔竞达,bj,,active,False,True,2026-08-07T01:14:17+08:00,akshare
bj920193,吉和昌,bj,,active,False,True,2026-08-07T01:14:17+08:00,akshare
bj920195,三祥科技,bj,,active,False,True,2026-08-07T01:14:17+08:00,akshare
bj920198,微创光电,bj,,active,False,True,2026-08-07T01:14:17+08:00,akshare
bj920199,倍益康,bj,,active,False,True,2026-08-07T01:14:17+08:00,akshare
bj920200,振宏股份,bj,,active,False,True,2026-08-07T01:14:17+08:00,akshare
bj920204,沪江材料,bj,,active,False,True,2026-08-07T01:14:17+08:00,akshare
bj920206,彩客科技,bj,,active,False,True,2026-08-07T01:14:17+08:00,akshare
bj920207,众诚科技,bj,,active,False,True,2026-08-07T01:14:17+08:00,akshare
bj920208,青矩技术,bj,,active,False,True,2026-08-07T01:14:17+08:00,akshare
bj920211,新睿电子,bj,,active,False,True,2026-08-07T01:14:17+08:00,akshare
bj920212,智新电子,bj,,active,False,True,2026-08-07T01:14:17+08:00,akshare
bj920218,新天力,bj,,active,False,True,2026-08-07T01:14:17+08:00,akshare
bj920220,朗信电气,bj,,active,False,True,2026-08-07T01:14:17+08:00,akshare
bj920221,易实精密,bj,,active,False,True,2026-08-07T01:14:17+08:00,akshare
bj920222,益坤电气,bj,,active,False,True,2026-08-07T01:14:17+08:00,akshare
bj920223,荣亿精密,bj,,active,False,True,2026-08-07T01:14:17+08:00,akshare
bj920225,利通科技,bj,,active,False,True,2026-08-07T01:14:17+08:00,akshare
bj920227,美登科技,bj,,active,False,True,2026-08-07T01:14:17+08:00,akshare
bj920230,欧康医药,bj,,active,False,True,2026-08-07T01:14:17+08:00,akshare
bj920237,力佳科技,bj,,active,False,True,2026-08-07T01:14:17+08:00,akshare
bj920238,长鹰硬科,bj,,active,False,True,2026-08-07T01:14:17+08:00,akshare
bj920239,长虹能源,bj,,active,False,True,2026-08-07T01:14:17+08:00,akshare
bj920242,建邦科技,bj,,active,False,True,2026-08-07T01:14:17+08:00,akshare
bj920245,威博液压,bj,,active,False,True,2026-08-07T01:14:17+08:00,akshare
bj920247,华密新材,bj,,active,False,True,2026-08-07T01:14:17+08:00,akshare
bj920249,利尔达,bj,,active,False,True,2026-08-07T01:14:17+08:00,akshare
bj920252,天宏锂电,bj,,active,False,True,2026-08-07T01:14:17+08:00,akshare
bj920258,聚仁新材,bj,,active,False,True,2026-08-07T01:14:17+08:00,akshare
bj920260,中寰股份,bj,,active,False,True,2026-08-07T01:14:17+08:00,akshare
bj920261,一诺威,bj,,active,False,True,2026-08-07T01:14:17+08:00,akshare
bj920262,太湖雪,bj,,active,False,True,2026-08-07T01:14:17+08:00,akshare
bj920263,中航泰达,bj,,active,False,True,2026-08-07T01:14:17+08:00,akshare
bj920266,生物谷,bj,,active,False,True,2026-08-07T01:14:17+08:00,akshare
bj920267,鑫汇科,bj,,active,False,True,2026-08-07T01:14:17+08:00,akshare
bj920270,天铭科技,bj,,active,False,True,2026-08-07T01:14:17+08:00,akshare
bj920271,邦德股份,bj,,active,False,True,2026-08-07T01:14:17+08:00,akshare
bj920273,一致魔芋,bj,,active,False,True,2026-08-07T01:14:17+08:00,akshare
bj920274,宏裕包材,bj,,active,False,True,2026-08-07T01:14:17+08:00,akshare
bj920275,驱动力,bj,,active,False,True,2026-08-07T01:14:17+08:00,akshare
bj920278,鹿得医疗,bj,,active,False,True,2026-08-07T01:14:17+08:00,akshare
bj920284,灵鸽科技,bj,,active,False,True,2026-08-07T01:14:17+08:00,akshare
bj920299,灿能电力,bj,,active,False,True,2026-08-07T01:14:17+08:00,akshare
bj920300,辰光医疗,bj,,active,False,True,2026-08-07T01:14:17+08:00,akshare
bj920304,迪尔化工,bj,,active,False,True,2026-08-07T01:14:17+08:00,akshare
bj920339,恒太照明,bj,,active,False,True,2026-08-07T01:14:17+08:00,akshare
bj920344,三元基因,bj,,active,False,True,2026-08-07T01:14:17+08:00,akshare
bj920346,威贸电子,bj,,active,False,True,2026-08-07T01:14:17+08:00,akshare
bj920351,华光源海,bj,,active,False,True,2026-08-07T01:14:17+08:00,akshare
bj920357,雅葆轩,bj,,active,False,True,2026-08-07T01:14:17+08:00,akshare
bj920363,莱赛激光,bj,,active,False,True,2026-08-07T01:14:17+08:00,akshare
bj920367,新赣江,bj,,active,False,True,2026-08-07T01:14:17+08:00,akshare
bj920368,连城数控,bj,,active,False,True,2026-08-07T01:14:17+08:00,akshare
bj920370,新安洁,bj,,active,False,True,2026-08-07T01:14:17+08:00,akshare
bj920371,欧福蛋业,bj,,active,False,True,2026-08-07T01:14:17+08:00,akshare
bj920374,云里物里,bj,,active,False,True,2026-08-07T01:14:17+08:00,akshare
bj920375,派诺科技,bj,,active,False,True,2026-08-07T01:14:17+08:00,akshare
bj920378,泰德股份,bj,,active,False,True,2026-08-07T01:14:17+08:00,akshare
bj920392,佳合科技,bj,,active,False,True,2026-08-07T01:14:17+08:00,akshare
bj920394,民士达,bj,,active,False,True,2026-08-07T01:14:17+08:00,akshare
bj920395,朗鸿科技,bj,,active,False,True,2026-08-07T01:14:17+08:00,akshare
bj920396,常辅股份,bj,,active,False,True,2026-08-07T01:14:17+08:00,akshare
bj920402,硅烷科技,bj,,active,False,True,2026-08-07T01:14:17+08:00,akshare
bj920403,康农种业,bj,,active,False,True,2026-08-07T01:14:17+08:00,akshare
bj920405,海希通讯,bj,,active,False,True,2026-08-07T01:14:17+08:00,akshare
bj920407,驰诚股份,bj,,active,False,True,2026-08-07T01:14:17+08:00,akshare
bj920414,欧普泰,bj,,active,False,True,2026-08-07T01:14:17+08:00,akshare
bj920415,恒拓开源,bj,,active,False,True,2026-08-07T01:14:17+08:00,akshare
bj920418,苏轴股份,bj,,active,False,True,2026-08-07T01:14:17+08:00,akshare
bj920419,路斯股份,bj,,active,False,True,2026-08-07T01:14:17+08:00,akshare
bj920422,润普食品,bj,,active,False,True,2026-08-07T01:14:17+08:00,akshare
bj920425,乐创技术,bj,,active,False,True,2026-08-07T01:14:17+08:00,akshare
bj920427,华维设计,bj,,active,False,True,2026-08-07T01:14:17+08:00,akshare
bj920429,康比特,bj,,active,False,True,2026-08-07T01:14:17+08:00,akshare
bj920433,大唐药业,bj,,active,False,True,2026-08-07T01:14:17+08:00,akshare
bj920436,大地电气,bj,,active,False,True,2026-08-07T01:14:17+08:00,akshare
bj920438,戈碧迦,bj,,active,False,True,2026-08-07T01:14:17+08:00,akshare
bj920445,龙竹科技,bj,,active,False,True,2026-08-07T01:14:17+08:00,akshare
bj920454,同心传动,bj,,active,False,True,2026-08-07T01:14:17+08:00,akshare
bj920455,汇隆活塞,bj,,active,False,True,2026-08-07T01:14:17+08:00,akshare
bj920469,富恒新材,bj,,active,False,True,2026-08-07T01:14:17+08:00,akshare
bj920471,美邦科技,bj,,active,False,True,2026-08-07T01:14:17+08:00,akshare
bj920475,三友科技,bj,,active,False,True,2026-08-07T01:14:17+08:00,akshare
bj920476,海能技术,bj,,active,False,True,2026-08-07T01:14:17+08:00,akshare
bj920478,峆一药业,bj,,active,False,True,2026-08-07T01:14:17+08:00,akshare
bj920489,佳先股份,bj,,active,False,True,2026-08-07T01:14:17+08:00,akshare
bj920491,奥迪威,bj,,active,False,True,2026-08-07T01:14:17+08:00,akshare
bj920493,并行科技,bj,,active,False,True,2026-08-07T01:14:17+08:00,akshare
bj920496,许昌智能,bj,,active,False,True,2026-08-07T01:14:17+08:00,akshare
bj920504,博迅生物,bj,,active,False,True,2026-08-07T01:14:17+08:00,akshare
bj920505,九菱科技,bj,,active,False,True,2026-08-07T01:14:17+08:00,akshare
bj920508,殷图网联,bj,,active,False,True,2026-08-07T01:14:17+08:00,akshare
bj920509,同惠电子,bj,,active,False,True,2026-08-07T01:14:17+08:00,akshare
bj920510,丰光精密,bj,,active,False,True,2026-08-07T01:14:17+08:00,akshare
bj920519,万德股份,bj,,active,False,True,2026-08-07T01:14:17+08:00,akshare
bj920522,纳科诺尔,bj,,active,False,True,2026-08-07T01:14:17+08:00,akshare
bj920523,德瑞锂电,bj,,active,False,True,2026-08-07T01:14:17+08:00,akshare
bj920526,凯华材料,bj,,active,False,True,2026-08-07T01:14:17+08:00,akshare
bj920527,夜光明,bj,,active,False,True,2026-08-07T01:14:17+08:00,akshare
bj920533,骏创科技,bj,,active,False,True,2026-08-07T01:14:17+08:00,akshare
bj920541,铁大科技,bj,,active,False,True,2026-08-07T01:14:17+08:00,akshare
bj920547,无锡晶海,bj,,active,False,True,2026-08-07T01:14:17+08:00,akshare
bj920553,凯腾精工,bj,,active,False,True,2026-08-07T01:14:17+08:00,akshare
bj920556,雅达股份,bj,,active,False,True,2026-08-07T01:14:17+08:00,akshare
bj920564,天润科技,bj,,active,False,True,2026-08-07T01:14:17+08:00,akshare
bj920566,梓橦宫,bj,,active,False,True,2026-08-07T01:14:17+08:00,akshare
bj920570,坤博精工,bj,,active,False,True,2026-08-07T01:14:17+08:00,akshare
bj920571,国航远洋,bj,,active,False,True,2026-08-07T01:14:17+08:00,akshare
bj920575,*ST康乐,bj,,active,True,True,2026-08-07T01:14:17+08:00,akshare
bj920576,天力复合,bj,,active,False,True,2026-08-07T01:14:17+08:00,akshare
bj920578,巨能股份,bj,,active,False,True,2026-08-07T01:14:17+08:00,akshare
bj920579,机科股份,bj,,active,False,True,2026-08-07T01:14:17+08:00,akshare
bj920580,科创新材,bj,,active,False,True,2026-08-07T01:14:17+08:00,akshare
bj920592,华信永道,bj,,active,False,True,2026-08-07T01:14:17+08:00,akshare
bj920593,鼎智科技,bj,,active,False,True,2026-08-07T01:14:17+08:00,akshare
bj920599,同力股份,bj,,active,False,True,2026-08-07T01:14:17+08:00,akshare
bj920608,丰安股份,bj,,active,False,True,2026-08-07T01:14:17+08:00,akshare
bj920627,力王股份,bj,,active,False,True,2026-08-07T01:14:17+08:00,akshare
bj920634,新威凌,bj,,active,False,True,2026-08-07T01:14:17+08:00,akshare
bj920639,晨光电缆,bj,,active,False,True,2026-08-07T01:14:17+08:00,akshare
bj920640,富士达,bj,,active,False,True,2026-08-07T01:14:17+08:00,akshare
bj920641,格利尔,bj,,active,False,True,2026-08-07T01:14:17+08:00,akshare
bj920642,通易航天,bj,,active,False,True,2026-08-07T01:14:17+08:00,akshare
bj920651,天罡股份,bj,,active,False,True,2026-08-07T01:14:17+08:00,akshare
bj920656,海昇药业,bj,,active,False,True,2026-08-07T01:14:17+08:00,akshare
bj920662,方盛股份,bj,,active,False,True,2026-08-07T01:14:17+08:00,akshare
bj920663,明阳科技,bj,,active,False,True,2026-08-07T01:14:17+08:00,akshare
bj920665,科强股份,bj,,active,False,True,2026-08-07T01:14:17+08:00,akshare
bj920670,数字人,bj,,active,False,True,2026-08-07T01:14:17+08:00,akshare
bj920675,秉扬科技,bj,,active,False,True,2026-08-07T01:14:17+08:00,akshare
bj920679,前进科技,bj,,active,False,True,2026-08-07T01:14:17+08:00,akshare
bj920682,球冠电缆,bj,,active,False,True,2026-08-07T01:14:17+08:00,akshare
bj920685,新芝生物,bj,,active,False,True,2026-08-07T01:14:17+08:00,akshare
bj920689,克莱特,bj,,active,False,True,2026-08-07T01:14:17+08:00,akshare
bj920690,捷众科技,bj,,active,False,True,2026-08-07T01:14:17+08:00,akshare
bj920693,阿为特,bj,,active,False,True,2026-08-07T01:14:17+08:00,akshare
bj920694,中裕科技,bj,,active,False,True,2026-08-07T01:14:17+08:00,akshare
bj920699,海达尔,bj,,active,False,True,2026-08-07T01:14:17+08:00,akshare
bj920701,豪声电子,bj,,active,False,True,2026-08-07T01:14:17+08:00,akshare
bj920703,广厦环能,bj,,active,False,True,2026-08-07T01:14:17+08:00,akshare
bj920706,铁拓机械,bj,,active,False,True,2026-08-07T01:14:17+08:00,akshare
bj920717,瑞星股份,bj,,active,False,True,2026-08-07T01:14:17+08:00,akshare
bj920718,合肥高科,bj,,active,False,True,2026-08-07T01:14:17+08:00,akshare
bj920719,宁新新材,bj,,active,False,True,2026-08-07T01:14:17+08:00,akshare
bj920720,吉冈精密,bj,,active,False,True,2026-08-07T01:14:17+08:00,akshare
bj920725,惠丰钻石,bj,,active,False,True,2026-08-07T01:14:17+08:00,akshare
bj920726,朱老六,bj,,active,False,True,2026-08-07T01:14:17+08:00,akshare
bj920729,永顺生物,bj,,active,False,True,2026-08-07T01:14:17+08:00,akshare
bj920735,德源药业,bj,,active,False,True,2026-08-07T01:14:17+08:00,akshare
bj920748,路桥信息,bj,,active,False,True,2026-08-07T01:14:17+08:00,akshare
bj920751,惠同新材,bj,,active,False,True,2026-08-07T01:14:17+08:00,akshare
bj920753,天纺标,bj,,active,False,True,2026-08-07T01:14:17+08:00,akshare
bj920765,美之高,bj,,active,False,True,2026-08-07T01:14:17+08:00,akshare
bj920768,拾比佰,bj,,active,False,True,2026-08-07T01:14:17+08:00,akshare
bj920770,艾能聚,bj,,active,False,True,2026-08-07T01:14:17+08:00,akshare
bj920779,武汉蓝电,bj,,active,False,True,2026-08-07T01:14:17+08:00,akshare
bj920781,瑞奇智造,bj,,active,False,True,2026-08-07T01:14:17+08:00,akshare
bj920786,骑士乳业,bj,,active,False,True,2026-08-07T01:14:17+08:00,akshare
bj920790,联迪信息,bj,,active,False,True,2026-08-07T01:14:17+08:00,akshare
bj920792,东和新材,bj,,active,False,True,2026-08-07T01:14:17+08:00,akshare
bj920799,艾融软件,bj,,active,False,True,2026-08-07T01:14:17+08:00,akshare
bj920802,保丽洁,bj,,active,False,True,2026-08-07T01:14:17+08:00,akshare
bj920806,云星宇,bj,,active,False,True,2026-08-07T01:14:17+08:00,akshare
bj920807,奔朗新材,bj,,active,False,True,2026-08-07T01:14:17+08:00,akshare
bj920808,曙光数创,bj,,active,False,True,2026-08-07T01:14:17+08:00,akshare
bj920809,安达科技,bj,,active,False,True,2026-08-07T01:14:17+08:00,akshare
bj920810,春光智能,bj,,active,False,True,2026-08-07T01:14:17+08:00,akshare
bj920819,颖泰生物,bj,,active,False,True,2026-08-07T01:14:17+08:00,akshare
bj920821,则成电子,bj,,active,False,True,2026-08-07T01:14:17+08:00,akshare
bj920826,盖世食品,bj,,active,False,True,2026-08-07T01:14:17+08:00,akshare
bj920832,齐鲁华信,bj,,active,False,True,2026-08-07T01:14:17+08:00,akshare
bj920833,美心翼申,bj,,active,False,True,2026-08-07T01:14:17+08:00,akshare
bj920834,三维装备,bj,,active,False,True,2026-08-07T01:14:17+08:00,akshare
bj920837,华原股份,bj,,active,False,True,2026-08-07T01:14:17+08:00,akshare
bj920839,万通液压,bj,,active,False,True,2026-08-07T01:14:17+08:00,akshare
bj920855,浙江大农,bj,,active,False,True,2026-08-07T01:14:17+08:00,akshare
bj920856,浩淼科技,bj,,active,False,True,2026-08-07T01:14:17+08:00,akshare
bj920857,泓禧科技,bj,,active,False,True,2026-08-07T01:14:17+08:00,akshare
bj920866,绿亨科技,bj,,active,False,True,2026-08-07T01:14:17+08:00,akshare
bj920870,恒进感应,bj,,active,False,True,2026-08-07T01:14:17+08:00,akshare
bj920871,派特尔,bj,,active,False,True,2026-08-07T01:14:17+08:00,akshare
bj920873,中设咨询,bj,,active,False,True,2026-08-07T01:14:17+08:00,akshare
bj920876,慧为智能,bj,,active,False,True,2026-08-07T01:14:17+08:00,akshare
bj920879,基康技术,bj,,active,False,True,2026-08-07T01:14:17+08:00,akshare
bj920885,星辰科技,bj,,active,False,True,2026-08-07T01:14:17+08:00,akshare
bj920892,广咨国际,bj,,active,False,True,2026-08-07T01:14:17+08:00,akshare
bj920895,花溪科技,bj,,active,False,True,2026-08-07T01:14:17+08:00,akshare
bj920896,旺成科技,bj,,active,False,True,2026-08-07T01:14:17+08:00,akshare
bj920906,舜宇精工,bj,,active,False,True,2026-08-07T01:14:17+08:00,akshare
bj920914,远航精密,bj,,active,False,True,2026-08-07T01:14:17+08:00,akshare
bj920924,广脉科技,bj,,active,False,True,2026-08-07T01:14:17+08:00,akshare
bj920925,锦好医疗,bj,,active,False,True,2026-08-07T01:14:17+08:00,akshare
bj920926,鸿智科技,bj,,active,False,True,2026-08-07T01:14:17+08:00,akshare
bj920931,无锡鼎邦,bj,,active,False,True,2026-08-07T01:14:17+08:00,akshare
bj920932,科达自控,bj,,active,False,True,2026-08-07T01:14:17+08:00,akshare
bj920942,恒立钻具,bj,,active,False,True,2026-08-07T01:14:17+08:00,akshare
bj920943,优机股份,bj,,active,False,True,2026-08-07T01:14:17+08:00,akshare
bj920946,森萱医药,bj,,active,False,True,2026-08-07T01:14:17+08:00,akshare
bj920950,迅安科技,bj,,active,False,True,2026-08-07T01:14:17+08:00,akshare
bj920953,国子软件,bj,,active,False,True,2026-08-07T01:14:17+08:00,akshare
bj920957,汉维科技,bj,,active,False,True,2026-08-07T01:14:17+08:00,akshare
bj920961,创远信科,bj,,active,False,True,2026-08-07T01:14:17+08:00,akshare
bj920964,润农节水,bj,,active,False,True,2026-08-07T01:14:17+08:00,akshare
bj920970,大禹生物,bj,,active,False,True,2026-08-07T01:14:17+08:00,akshare
bj920971,天马新材,bj,,active,False,True,2026-08-07T01:14:17+08:00,akshare
bj920974,凯大催化,bj,,active,False,True,2026-08-07T01:14:17+08:00,akshare
bj920976,视声智能,bj,,active,False,True,2026-08-07T01:14:17+08:00,akshare
bj920978,开特股份,bj,,active,False,True,2026-08-07T01:14:17+08:00,akshare
bj920981,晶赛科技,bj,,active,False,True,2026-08-07T01:14:17+08:00,akshare
bj920982,锦波生物,bj,,active,False,True,2026-08-07T01:14:17+08:00,akshare
bj920985,海泰新能,bj,,active,False,True,2026-08-07T01:14:17+08:00,akshare
bj920992,中科美菱,bj,,active,False,True,2026-08-07T01:14:17+08:00,akshare
sh600000,浦发银行,sh,,active,False,True,2026-08-07T01:14:17+08:00,akshare
sh600004,白云机场,sh,,active,False,True,2026-08-07T01:14:17+08:00,akshare
sh600006,东风股份,sh,,active,False,True,2026-08-07T01:14:17+08:00,akshare
sh600007,中国国贸,sh,,active,False,True,2026-08-07T01:14:17+08:00,akshare
sh600008,首创环保,sh,,active,False,True,2026-08-07T01:14:17+08:00,akshare
sh600009,上海机场,sh,,active,False,True,2026-08-07T01:14:17+08:00,akshare
sh600010,包钢股份,sh,,active,False,True,2026-08-07T01:14:17+08:00,akshare
sh600011,华能国际,sh,,active,False,True,2026-08-07T01:14:17+08:00,akshare
sh600012,皖通高速,sh,,active,False,True,2026-08-07T01:14:17+08:00,akshare
sh600015,华夏银行,sh,,active,False,True,2026-08-07T01:14:17+08:00,akshare
sh600016,民生银行,sh,,active,False,True,2026-08-07T01:14:17+08:00,akshare
sh600017,日照港,sh,,active,False,True,2026-08-07T01:14:17+08:00,akshare
sh600018,上港集团,sh,,active,False,True,2026-08-07T01:14:17+08:00,akshare
sh600019,宝钢股份,sh,,active,False,True,2026-08-07T01:14:17+08:00,akshare
sh600020,中原高速,sh,,active,False,True,2026-08-07T01:14:17+08:00,akshare
sh600021,上海电力,sh,,active,False,True,2026-08-07T01:14:17+08:00,akshare
sh600022,山东钢铁,sh,,active,False,True,2026-08-07T01:14:17+08:00,akshare
sh600023,浙能电力,sh,,active,False,True,2026-08-07T01:14:17+08:00,akshare
sh600025,华能水电,sh,,active,False,True,2026-08-07T01:14:17+08:00,akshare
sh600026,中远海能,sh,,active,False,True,2026-08-07T01:14:17+08:00,akshare
sh600027,华电国际,sh,,active,False,True,2026-08-07T01:14:17+08:00,akshare
sh600028,中国石化,sh,,active,False,True,2026-08-07T01:14:17+08:00,akshare
sh600029,南方航空,sh,,active,False,True,2026-08-07T01:14:17+08:00,akshare
sh600030,中信证券,sh,,active,False,True,2026-08-07T01:14:17+08:00,akshare
sh600031,三一重工,sh,,active,False,True,2026-08-07T01:14:17+08:00,akshare
sh600032,浙江新能,sh,,active,False,True,2026-08-07T01:14:17+08:00,akshare
sh600033,福建高速,sh,,active,False,True,2026-08-07T01:14:17+08:00,akshare
sh600035,楚天高速,sh,,active,False,True,2026-08-07T01:14:17+08:00,akshare
sh600036,招商银行,sh,,active,False,True,2026-08-07T01:14:17+08:00,akshare
sh600037,歌华有线,sh,,active,False,True,2026-08-07T01:14:17+08:00,akshare
sh600038,中直股份,sh,,active,False,True,2026-08-07T01:14:17+08:00,akshare
sh600039,四川路桥,sh,,active,False,True,2026-08-07T01:14:17+08:00,akshare
sh600048,保利发展,sh,,active,False,True,2026-08-07T01:14:17+08:00,akshare
sh600050,中国联通,sh,,active,False,True,2026-08-07T01:14:17+08:00,akshare
sh600051,宁波联合,sh,,active,False,True,2026-08-07T01:14:17+08:00,akshare
sh600052,东望时代,sh,,active,False,True,2026-08-07T01:14:17+08:00,akshare
sh600053,*ST九鼎,sh,,active,True,True,2026-08-07T01:14:17+08:00,akshare
sh600054,黄山旅游,sh,,active,False,True,2026-08-07T01:14:17+08:00,akshare
sh600055,万东医疗,sh,,active,False,True,2026-08-07T01:14:17+08:00,akshare
sh600056,中国医药,sh,,active,False,True,2026-08-07T01:14:17+08:00,akshare
sh600057,厦门象屿,sh,,active,False,True,2026-08-07T01:14:17+08:00,akshare
sh600058,五矿发展,sh,,active,False,True,2026-08-07T01:14:17+08:00,akshare
sh600059,古越龙山,sh,,active,False,True,2026-08-07T01:14:17+08:00,akshare
sh600060,海信视像,sh,,active,False,True,2026-08-07T01:14:17+08:00,akshare
sh600061,国投资本,sh,,active,False,True,2026-08-07T01:14:17+08:00,akshare
sh600062,华润双鹤,sh,,active,False,True,2026-08-07T01:14:17+08:00,akshare
sh600063,皖维高新,sh,,active,False,True,2026-08-07T01:14:17+08:00,akshare
sh600064,南京高科,sh,,active,False,True,2026-08-07T01:14:17+08:00,akshare
sh600066,宇通客车,sh,,active,False,True,2026-08-07T01:14:17+08:00,akshare
sh600067,冠城新材,sh,,active,False,True,2026-08-07T01:14:17+08:00,akshare
sh600071,凤凰光学,sh,,active,False,True,2026-08-07T01:14:17+08:00,akshare
sh600072,中船科技,sh,,active,False,True,2026-08-07T01:14:17+08:00,akshare
sh600073,光明肉业,sh,,active,False,True,2026-08-07T01:14:17+08:00,akshare
sh600075,新疆天业,sh,,active,False,True,2026-08-07T01:14:17+08:00,akshare
sh600076,康欣新材,sh,,active,False,True,2026-08-07T01:14:17+08:00,akshare
sh600078,澄星股份,sh,,active,False,True,2026-08-07T01:14:17+08:00,akshare
sh600079,ST人福,sh,,active,True,True,2026-08-07T01:14:17+08:00,akshare
sh600080,ST金花,sh,,active,True,True,2026-08-07T01:14:17+08:00,akshare
sh600081,东风科技,sh,,active,False,True,2026-08-07T01:14:17+08:00,akshare
sh600082,ST海泰,sh,,active,True,True,2026-08-07T01:14:17+08:00,akshare
sh600084,*ST尼雅,sh,,active,True,True,2026-08-07T01:14:17+08:00,akshare
sh600085,同仁堂,sh,,active,False,True,2026-08-07T01:14:17+08:00,akshare
sh600088,中视传媒,sh,,active,False,True,2026-08-07T01:14:17+08:00,akshare
sh600089,特变电工,sh,,active,False,True,2026-08-07T01:14:17+08:00,akshare
sh600094,大名城,sh,,active,False,True,2026-08-07T01:14:17+08:00,akshare
sh600095,湘财股份,sh,,active,False,True,2026-08-07T01:14:17+08:00,akshare
sh600096,云天化,sh,,active,False,True,2026-08-07T01:14:17+08:00,akshare
sh600097,开创国际,sh,,active,False,True,2026-08-07T01:14:17+08:00,akshare
sh600098,广州发展,sh,,active,False,True,2026-08-07T01:14:17+08:00,akshare
sh600099,林海股份,sh,,active,False,True,2026-08-07T01:14:17+08:00,akshare
sh600100,同方股份,sh,,active,False,True,2026-08-07T01:14:17+08:00,akshare
sh600101,明星电力,sh,,active,False,True,2026-08-07T01:14:17+08:00,akshare
sh600103,青山纸业,sh,,active,False,True,2026-08-07T01:14:17+08:00,akshare
sh600104,上汽集团,sh,,active,False,True,2026-08-07T01:14:17+08:00,akshare
sh600105,永鼎股份,sh,,active,False,True,2026-08-07T01:14:17+08:00,akshare
sh600106,重庆路桥,sh,,active,False,True,2026-08-07T01:14:17+08:00,akshare
sh600107,*ST尔雅,sh,,active,True,True,2026-08-07T01:14:17+08:00,akshare
sh600108,亚盛集团,sh,,active,False,True,2026-08-07T01:14:17+08:00,akshare
sh600109,国金证券,sh,,active,False,True,2026-08-07T01:14:17+08:00,akshare
sh600110,诺德股份,sh,,active,False,True,2026-08-07T01:14:17+08:00,akshare
sh600111,北方稀土,sh,,active,False,True,2026-08-07T01:14:17+08:00,akshare
sh600113,浙江东日,sh,,active,False,True,2026-08-07T01:14:17+08:00,akshare
sh600114,东睦股份,sh,,active,False,True,2026-08-07T01:14:17+08:00,akshare
sh600115,中国东航,sh,,active,False,True,2026-08-07T01:14:17+08:00,akshare
sh600116,三峡水利,sh,,active,False,True,2026-08-07T01:14:17+08:00,akshare
sh600117,西宁特钢,sh,,active,False,True,2026-08-07T01:14:17+08:00,akshare
sh600118,中国卫星,sh,,active,False,True,2026-08-07T01:14:17+08:00,akshare
sh600119,*ST长投,sh,,active,True,True,2026-08-07T01:14:17+08:00,akshare
sh600120,浙江东方,sh,,active,False,True,2026-08-07T01:14:17+08:00,akshare
sh600121,郑州煤电,sh,,active,False,True,2026-08-07T01:14:17+08:00,akshare
sh600123,兰花科创,sh,,active,False,True,2026-08-07T01:14:17+08:00,akshare
sh600125,铁龙物流,sh,,active,False,True,2026-08-07T01:14:17+08:00,akshare
sh600126,杭钢股份,sh,,active,False,True,2026-08-07T01:14:17+08:00,akshare
sh600127,金健米业,sh,,active,False,True,2026-08-07T01:14:17+08:00,akshare
sh600128,苏豪弘业,sh,,active,False,True,2026-08-07T01:14:17+08:00,akshare
sh600129,太极集团,sh,,active,False,True,2026-08-07T01:14:17+08:00,akshare
sh600130,波导股份,sh,,active,False,True,2026-08-07T01:14:17+08:00,akshare
sh600131,国网信通,sh,,active,False,True,2026-08-07T01:14:17+08:00,akshare
sh600132,重庆啤酒,sh,,active,False,True,2026-08-07T01:14:17+08:00,akshare
sh600133,东湖高新,sh,,active,False,True,2026-08-07T01:14:17+08:00,akshare
sh600135,乐凯胶片,sh,,active,False,True,2026-08-07T01:14:17+08:00,akshare
sh600136,ST明诚,sh,,active,True,True,2026-08-07T01:14:17+08:00,akshare
sh600137,浪莎股份,sh,,active,False,True,2026-08-07T01:14:17+08:00,akshare
sh600138,中青旅,sh,,active,False,True,2026-08-07T01:14:17+08:00,akshare
sh600141,兴发集团,sh,,active,False,True,2026-08-07T01:14:17+08:00,akshare
sh600143,金发科技,sh,,active,False,True,2026-08-07T01:14:17+08:00,akshare
sh600148,长春一东,sh,,active,False,True,2026-08-07T01:14:17+08:00,akshare
sh600149,廊坊发展,sh,,active,False,True,2026-08-07T01:14:17+08:00,akshare
sh600150,中国船舶,sh,,active,False,True,2026-08-07T01:14:17+08:00,akshare
sh600151,航天机电,sh,,active,False,True,2026-08-07T01:14:17+08:00,akshare
sh600152,维科技术,sh,,active,False,True,2026-08-07T01:14:17+08:00,akshare
sh600153,建发股份,sh,,active,False,True,2026-08-07T01:14:17+08:00,akshare
sh600155,华创云信,sh,,active,False,True,2026-08-07T01:14:17+08:00,akshare
sh600156,华升股份,sh,,active,False,True,2026-08-07T01:14:17+08:00,akshare
sh600157,永泰能源,sh,,active,False,True,2026-08-07T01:14:17+08:00,akshare
sh600158,中体产业,sh,,active,False,True,2026-08-07T01:14:17+08:00,akshare
sh600159,大龙地产,sh,,active,False,True,2026-08-07T01:14:17+08:00,akshare
sh600160,巨化股份,sh,,active,False,True,2026-08-07T01:14:17+08:00,akshare
sh600161,天坛生物,sh,,active,False,True,2026-08-07T01:14:17+08:00,akshare
sh600162,香江控股,sh,,active,False,True,2026-08-07T01:14:17+08:00,akshare
sh600163,中闽能源,sh,,active,False,True,2026-08-07T01:14:17+08:00,akshare
sh600165,ST宁科,sh,,active,True,True,2026-08-07T01:14:17+08:00,akshare
sh600166,福田汽车,sh,,active,False,True,2026-08-07T01:14:17+08:00,akshare
sh600167,联美控股,sh,,active,False,True,2026-08-07T01:14:17+08:00,akshare
sh600168,武汉控股,sh,,active,False,True,2026-08-07T01:14:17+08:00,akshare
sh600169,ST太重,sh,,active,True,True,2026-08-07T01:14:17+08:00,akshare
sh600170,上海建工,sh,,active,False,True,2026-08-07T01:14:17+08:00,akshare
sh600171,上海贝岭,sh,,active,False,True,2026-08-07T01:14:17+08:00,akshare
sh600172,黄河旋风,sh,,active,False,True,2026-08-07T01:14:17+08:00,akshare
sh600173,卧龙新能,sh,,active,False,True,2026-08-07T01:14:17+08:00,akshare
sh600176,中国巨石,sh,,active,False,True,2026-08-07T01:14:17+08:00,akshare
sh600177,雅戈尔,sh,,active,False,True,2026-08-07T01:14:17+08:00,akshare
sh600178,东安动力,sh,,active,False,True,2026-08-07T01:14:17+08:00,akshare
sh600179,安通控股,sh,,active,False,True,2026-08-07T01:14:17+08:00,akshare
sh600180,*ST瑞茂,sh,,active,True,True,2026-08-07T01:14:17+08:00,akshare
sh600182,S佳通,sh,,active,False,True,2026-08-07T01:14:17+08:00,akshare
sh600183,生益科技,sh,,active,False,True,2026-08-07T01:14:17+08:00,akshare
sh600184,光电股份,sh,,active,False,True,2026-08-07T01:14:17+08:00,akshare
sh600185,珠免集团,sh,,active,False,True,2026-08-07T01:14:17+08:00,akshare
sh600186,莲花控股,sh,,active,False,True,2026-08-07T01:14:17+08:00,akshare
sh600187,*ST国中,sh,,active,True,True,2026-08-07T01:14:17+08:00,akshare
sh600188,兖矿能源,sh,,active,False,True,2026-08-07T01:14:17+08:00,akshare
sh600189,泉阳泉,sh,,active,False,True,2026-08-07T01:14:17+08:00,akshare
sh600191,华资实业,sh,,active,False,True,2026-08-07T01:14:17+08:00,akshare
sh600192,长城电工,sh,,active,False,True,2026-08-07T01:14:17+08:00,akshare
sh600195,中牧股份,sh,,active,False,True,2026-08-07T01:14:17+08:00,akshare
sh600196,复星医药,sh,,active,False,True,2026-08-07T01:14:17+08:00,akshare
sh600197,伊力特,sh,,active,False,True,2026-08-07T01:14:17+08:00,akshare
sh600198,大唐电信,sh,,active,False,True,2026-08-07T01:14:17+08:00,akshare
sh600199,金种子酒,sh,,active,False,True,2026-08-07T01:14:17+08:00,akshare
sh600201,生物股份,sh,,active,False,True,2026-08-07T01:14:17+08:00,akshare
sh600202,哈空调,sh,,active,False,True,2026-08-07T01:14:17+08:00,akshare
sh600203,福日电子,sh,,active,False,True,2026-08-07T01:14:17+08:00,akshare
sh600206,有研新材,sh,,active,False,True,2026-08-07T01:14:17+08:00,akshare
sh600207,安彩高科,sh,,active,False,True,2026-08-07T01:14:17+08:00,akshare
sh600208,衢州发展,sh,,active,False,True,2026-08-07T01:14:17+08:00,akshare
sh600210,紫江企业,sh,,active,False,True,2026-08-07T01:14:17+08:00,akshare
sh600211,西藏药业,sh,,active,False,True,2026-08-07T01:14:17+08:00,akshare
sh600212,绿能慧充,sh,,active,False,True,2026-08-07T01:14:17+08:00,akshare
sh600215,派斯林,sh,,active,False,True,2026-08-07T01:14:17+08:00,akshare
sh600216,浙江医药,sh,,active,False,True,2026-08-07T01:14:17+08:00,akshare
sh600217,中再资环,sh,,active,False,True,2026-08-07T01:14:17+08:00,akshare
sh600218,全柴动力,sh,,active,False,True,2026-08-07T01:14:17+08:00,akshare
sh600219,南山铝业,sh,,active,False,True,2026-08-07T01:14:17+08:00,akshare
sh600221,海航控股,sh,,active,False,True,2026-08-07T01:14:17+08:00,akshare
sh600222,太龙药业,sh,,active,False,True,2026-08-07T01:14:17+08:00,akshare
sh600223,福瑞达,sh,,active,False,True,2026-08-07T01:14:17+08:00,akshare
sh600226,亨通股份,sh,,active,False,True,2026-08-07T01:14:17+08:00,akshare
sh600227,赤天化,sh,,active,False,True,2026-08-07T01:14:17+08:00,akshare
sh600228,返利科技,sh,,active,False,True,2026-08-07T01:14:17+08:00,akshare
sh600229,城市传媒,sh,,active,False,True,2026-08-07T01:14:17+08:00,akshare
sh600230,沧州大化,sh,,active,False,True,2026-08-07T01:14:17+08:00,akshare
sh600231,凌钢股份,sh,,active,False,True,2026-08-07T01:14:17+08:00,akshare
sh600232,金鹰股份,sh,,active,False,True,2026-08-07T01:14:17+08:00,akshare
sh600233,圆通速递,sh,,active,False,True,2026-08-07T01:14:17+08:00,akshare
sh600234,科新发展,sh,,active,False,True,2026-08-07T01:14:17+08:00,akshare
sh600235,民丰特纸,sh,,active,False,True,2026-08-07T01:14:17+08:00,akshare
sh600236,桂冠电力,sh,,active,False,True,2026-08-07T01:14:17+08:00,akshare
sh600237,铜峰电子,sh,,active,False,True,2026-08-07T01:14:17+08:00,akshare
sh600238,ST椰岛,sh,,active,True,True,2026-08-07T01:14:17+08:00,akshare
sh600239,ST云城,sh,,active,True,True,2026-08-07T01:14:17+08:00,akshare
sh600241,时代万恒,sh,,active,False,True,2026-08-07T01:14:17+08:00,akshare
sh600243,*ST海华,sh,,active,True,True,2026-08-07T01:14:17+08:00,akshare
sh600246,万通发展,sh,,active,False,True,2026-08-07T01:14:17+08:00,akshare
sh600248,陕建股份,sh,,active,False,True,2026-08-07T01:14:17+08:00,akshare
sh600249,两面针,sh,,active,False,True,2026-08-07T01:14:17+08:00,akshare
sh600250,南京商旅,sh,,active,False,True,2026-08-07T01:14:17+08:00,akshare
sh600251,冠农股份,sh,,active,False,True,2026-08-07T01:14:17+08:00,akshare
sh600252,中恒集团,sh,,active,False,True,2026-08-07T01:14:17+08:00,akshare
sh600255,鑫科材料,sh,,active,False,True,2026-08-07T01:14:17+08:00,akshare
sh600256,广汇能源,sh,,active,False,True,2026-08-07T01:14:17+08:00,akshare
sh600257,大湖股份,sh,,active,False,True,2026-08-07T01:14:17+08:00,akshare
sh600258,首旅酒店,sh,,active,False,True,2026-08-07T01:14:17+08:00,akshare
sh600259,中稀有色,sh,,active,False,True,2026-08-07T01:14:17+08:00,akshare
sh600261,阳光照明,sh,,active,False,True,2026-08-07T01:14:17+08:00,akshare
sh600262,北方股份,sh,,active,False,True,2026-08-07T01:14:17+08:00,akshare
sh600265,*ST景谷,sh,,active,True,True,2026-08-07T01:14:17+08:00,akshare
sh600266,城建发展,sh,,active,False,True,2026-08-07T01:14:17+08:00,akshare
sh600267,海正药业,sh,,active,False,True,2026-08-07T01:14:17+08:00,akshare
sh600268,国电南自,sh,,active,False,True,2026-08-07T01:14:17+08:00,akshare
sh600269,赣粤高速,sh,,active,False,True,2026-08-07T01:14:17+08:00,akshare
sh600271,航天信息,sh,,active,False,True,2026-08-07T01:14:17+08:00,akshare
sh600272,开开实业,sh,,active,False,True,2026-08-07T01:14:17+08:00,akshare
sh600273,嘉化能源,sh,,active,False,True,2026-08-07T01:14:17+08:00,akshare
sh600276,恒瑞医药,sh,,active,False,True,2026-08-07T01:14:17+08:00,akshare
sh600278,东方创业,sh,,active,False,True,2026-08-07T01:14:17+08:00,akshare
sh600279,重庆港,sh,,active,False,True,2026-08-07T01:14:17+08:00,akshare
sh600280,中央商场,sh,,active,False,True,2026-08-07T01:14:17+08:00,akshare
sh600281,华阳新材,sh,,active,False,True,2026-08-07T01:14:17+08:00,akshare
sh600282,南钢股份,sh,,active,False,True,2026-08-07T01:14:17+08:00,akshare
sh600283,钱江水利,sh,,active,False,True,2026-08-07T01:14:17+08:00,akshare
sh600284,浦东建设,sh,,active,False,True,2026-08-07T01:14:17+08:00,akshare
sh600285,羚锐制药,sh,,active,False,True,2026-08-07T01:14:17+08:00,akshare
sh600287,苏豪时尚,sh,,active,False,True,2026-08-07T01:14:17+08:00,akshare
sh600288,大恒科技,sh,,active,False,True,2026-08-07T01:14:17+08:00,akshare
sh600289,ST信通,sh,,active,True,True,2026-08-07T01:14:17+08:00,akshare
sh600292,电投水电,sh,,active,False,True,2026-08-07T01:14:17+08:00,akshare
sh600293,三峡新材,sh,,active,False,True,2026-08-07T01:14:17+08:00,akshare
sh600295,鄂尔多斯,sh,,active,False,True,2026-08-07T01:14:17+08:00,akshare
sh600298,安琪酵母,sh,,active,False,True,2026-08-07T01:14:17+08:00,akshare
sh600299,安迪苏,sh,,active,False,True,2026-08-07T01:14:17+08:00,akshare
sh600300,维维股份,sh,,active,False,True,2026-08-07T01:14:17+08:00,akshare
sh600301,华锡有色,sh,,active,False,True,2026-08-07T01:14:17+08:00,akshare
sh600302,ST标准,sh,,active,True,True,2026-08-07T01:14:17+08:00,akshare
sh600303,曙光股份,sh,,active,False,True,2026-08-07T01:14:17+08:00,akshare
sh600305,恒顺醋业,sh,,active,False,True,2026-08-07T01:14:17+08:00,akshare
sh600307,酒钢宏兴,sh,,active,False,True,2026-08-07T01:14:17+08:00,akshare
sh600308,华泰股份,sh,,active,False,True,2026-08-07T01:14:17+08:00,akshare
sh600309,万华化学,sh,,active,False,True,2026-08-07T01:14:17+08:00,akshare
sh600310,广西能源,sh,,active,False,True,2026-08-07T01:14:17+08:00,akshare
sh600312,平高电气,sh,,active,False,True,2026-08-07T01:14:17+08:00,akshare
sh600313,农发种业,sh,,active,False,True,2026-08-07T01:14:17+08:00,akshare
sh600315,上海家化,sh,,active,False,True,2026-08-07T01:14:17+08:00,akshare
sh600316,洪都航空,sh,,active,False,True,2026-08-07T01:14:17+08:00,akshare
sh600318,新力金融,sh,,active,False,True,2026-08-07T01:14:17+08:00,akshare
sh600319,亚星化学,sh,,active,False,True,2026-08-07T01:14:17+08:00,akshare
sh600320,振华重工,sh,,active,False,True,2026-08-07T01:14:17+08:00,akshare
sh600322,津投城开,sh,,active,False,True,2026-08-07T01:14:17+08:00,akshare
sh600323,瀚蓝环境,sh,,active,False,True,2026-08-07T01:14:17+08:00,akshare
sh600325,华发股份,sh,,active,False,True,2026-08-07T01:14:17+08:00,akshare
sh600326,西藏天路,sh,,active,False,True,2026-08-07T01:14:17+08:00,akshare
sh600327,大东方,sh,,active,False,True,2026-08-07T01:14:17+08:00,akshare
sh600328,中盐化工,sh,,active,False,True,2026-08-07T01:14:17+08:00,akshare
sh600329,达仁堂,sh,,active,False,True,2026-08-07T01:14:17+08:00,akshare
sh600330,天通股份,sh,,active,False,True,2026-08-07T01:14:17+08:00,akshare
sh600331,宏达股份,sh,,active,False,True,2026-08-07T01:14:17+08:00,akshare
sh600332,白云山,sh,,active,False,True,2026-08-07T01:14:17+08:00,akshare
sh600333,长春燃气,sh,,active,False,True,2026-08-07T01:14:17+08:00,akshare
sh600335,国机汽车,sh,,active,False,True,2026-08-07T01:14:17+08:00,akshare
sh600336,澳柯玛,sh,,active,False,True,2026-08-07T01:14:17+08:00,akshare
sh600337,ST美克,sh,,active,True,True,2026-08-07T01:14:17+08:00,akshare
sh600338,西藏珠峰,sh,,active,False,True,2026-08-07T01:14:17+08:00,akshare
sh600339,中油工程,sh,,active,False,True,2026-08-07T01:14:17+08:00,akshare
sh600340,*ST华幸,sh,,active,True,True,2026-08-07T01:14:17+08:00,akshare
sh600343,航天动力,sh,,active,False,True,2026-08-07T01:14:17+08:00,akshare
sh600345,长江通信,sh,,active,False,True,2026-08-07T01:14:17+08:00,akshare
sh600346,恒力石化,sh,,active,False,True,2026-08-07T01:14:17+08:00,akshare
sh600348,华阳股份,sh,,active,False,True,2026-08-07T01:14:17+08:00,akshare
sh600350,山东高速,sh,,active,False,True,2026-08-07T01:14:17+08:00,akshare
sh600351,亚宝药业,sh,,active,False,True,2026-08-07T01:14:17+08:00,akshare
sh600352,浙江龙盛,sh,,active,False,True,2026-08-07T01:14:17+08:00,akshare
sh600353,旭光电子,sh,,active,False,True,2026-08-07T01:14:17+08:00,akshare
sh600354,敦煌种业,sh,,active,False,True,2026-08-07T01:14:17+08:00,akshare
sh600356,恒丰纸业,sh,,active,False,True,2026-08-07T01:14:17+08:00,akshare
sh600358,国旅联合,sh,,active,False,True,2026-08-07T01:14:17+08:00,akshare
sh600359,新农开发,sh,,active,False,True,2026-08-07T01:14:17+08:00,akshare
sh600360,华微电子,sh,,active,False,True,2026-08-07T01:14:17+08:00,akshare
sh600361,创新新材,sh,,active,False,True,2026-08-07T01:14:17+08:00,akshare
sh600362,江西铜业,sh,,active,False,True,2026-08-07T01:14:17+08:00,akshare
sh600363,联创光电,sh,,active,False,True,2026-08-07T01:14:17+08:00,akshare
sh600365,ST通葡,sh,,active,True,True,2026-08-07T01:14:17+08:00,akshare
sh600366,宁波韵升,sh,,active,False,True,2026-08-07T01:14:17+08:00,akshare
sh600367,红星发展,sh,,active,False,True,2026-08-07T01:14:17+08:00,akshare
sh600368,五洲交通,sh,,active,False,True,2026-08-07T01:14:17+08:00,akshare
sh600369,西南证券,sh,,active,False,True,2026-08-07T01:14:17+08:00,akshare
sh600370,*ST三房,sh,,active,True,True,2026-08-07T01:14:17+08:00,akshare
sh600371,万向德农,sh,,active,False,True,2026-08-07T01:14:17+08:00,akshare
sh600372,中航机载,sh,,active,False,True,2026-08-07T01:14:17+08:00,akshare
sh600373,中文传媒,sh,,active,False,True,2026-08-07T01:14:17+08:00,akshare
sh600375,汉马科技,sh,,active,False,True,2026-08-07T01:14:17+08:00,akshare
sh600376,首开股份,sh,,active,False,True,2026-08-07T01:14:17+08:00,akshare
sh600377,宁沪高速,sh,,active,False,True,2026-08-07T01:14:17+08:00,akshare
sh600378,昊华科技,sh,,active,False,True,2026-08-07T01:14:17+08:00,akshare
sh600379,宝光股份,sh,,active,False,True,2026-08-07T01:14:17+08:00,akshare
sh600380,健康元,sh,,active,False,True,2026-08-07T01:14:17+08:00,akshare
sh600381,*ST春天,sh,,active,True,True,2026-08-07T01:14:17+08:00,akshare
sh600382,广东明珠,sh,,active,False,True,2026-08-07T01:14:17+08:00,akshare
sh600383,金地集团,sh,,active,False,True,2026-08-07T01:14:17+08:00,akshare
sh600386,北巴传媒,sh,,active,False,True,2026-08-07T01:14:17+08:00,akshare
sh600388,龙净环保,sh,,active,False,True,2026-08-07T01:14:17+08:00,akshare
sh600389,江山股份,sh,,active,False,True,2026-08-07T01:14:17+08:00,akshare
sh600390,五矿资本,sh,,active,False,True,2026-08-07T01:14:17+08:00,akshare
sh600391,航发科技,sh,,active,False,True,2026-08-07T01:14:17+08:00,akshare
sh600392,盛和资源,sh,,active,False,True,2026-08-07T01:14:17+08:00,akshare
sh600395,盘江股份,sh,,active,False,True,2026-08-07T01:14:17+08:00,akshare
sh600396,华电辽能,sh,,active,False,True,2026-08-07T01:14:17+08:00,akshare
sh600397,江钨装备,sh,,active,False,True,2026-08-07T01:14:17+08:00,akshare
sh600398,海澜之家,sh,,active,False,True,2026-08-07T01:14:17+08:00,akshare
sh600399,抚顺特钢,sh,,active,False,True,2026-08-07T01:14:17+08:00,akshare
sh600400,红豆股份,sh,,active,False,True,2026-08-07T01:14:17+08:00,akshare
sh600403,大有能源,sh,,active,False,True,2026-08-07T01:14:17+08:00,akshare
sh600405,动力源,sh,,active,False,True,2026-08-07T01:14:17+08:00,akshare
sh600406,国电南瑞,sh,,active,False,True,2026-08-07T01:14:17+08:00,akshare
sh600408,安泰集团,sh,,active,False,True,2026-08-07T01:14:17+08:00,akshare
sh600409,三友化工,sh,,active,False,True,2026-08-07T01:14:17+08:00,akshare
sh600410,华胜天成,sh,,active,False,True,2026-08-07T01:14:17+08:00,akshare
sh600415,小商品城,sh,,active,False,True,2026-08-07T01:14:17+08:00,akshare
sh600416,湘电股份,sh,,active,False,True,2026-08-07T01:14:17+08:00,akshare
sh600418,江淮汽车,sh,,active,False,True,2026-08-07T01:14:17+08:00,akshare
sh600419,天润乳业,sh,,active,False,True,2026-08-07T01:14:17+08:00,akshare
sh600420,国药现代,sh,,active,False,True,2026-08-07T01:14:17+08:00,akshare
sh600422,昆药集团,sh,,active,False,True,2026-08-07T01:14:17+08:00,akshare
sh600423,*ST柳化,sh,,active,True,True,2026-08-07T01:14:17+08:00,akshare
sh600425,青松建化,sh,,active,False,True,2026-08-07T01:14:17+08:00,akshare
sh600426,华鲁恒升,sh,,active,False,True,2026-08-07T01:14:17+08:00,akshare
sh600428,中远海特,sh,,active,False,True,2026-08-07T01:14:17+08:00,akshare
sh600429,三元股份,sh,,active,False,True,2026-08-07T01:14:17+08:00,akshare
sh600433,冠豪高新,sh,,active,False,True,2026-08-07T01:14:17+08:00,akshare
sh600435,北方导航,sh,,active,False,True,2026-08-07T01:14:17+08:00,akshare
sh600436,片仔癀,sh,,active,False,True,2026-08-07T01:14:17+08:00,akshare
sh600438,通威股份,sh,,active,False,True,2026-08-07T01:14:17+08:00,akshare
sh600439,ST瑞贝卡,sh,,active,True,True,2026-08-07T01:14:17+08:00,akshare
sh600444,国机通用,sh,,active,False,True,2026-08-07T01:14:17+08:00,akshare
sh600446,金证股份,sh,,active,False,True,2026-08-07T01:14:17+08:00,akshare
sh600448,华纺股份,sh,,active,False,True,2026-08-07T01:14:17+08:00,akshare
sh600449,宁夏建材,sh,,active,False,True,2026-08-07T01:14:17+08:00,akshare
sh600452,涪陵电力,sh,,active,False,True,2026-08-07T01:14:17+08:00,akshare
sh600455,博通股份,sh,,active,False,True,2026-08-07T01:14:17+08:00,akshare
sh600456,宝钛股份,sh,,active,False,True,2026-08-07T01:14:17+08:00,akshare
sh600458,时代新材,sh,,active,False,True,2026-08-07T01:14:17+08:00,akshare
sh600459,贵研铂业,sh,,active,False,True,2026-08-07T01:14:17+08:00,akshare
sh600460,士兰微,sh,,active,False,True,2026-08-07T01:14:17+08:00,akshare
sh600461,洪城环境,sh,,active,False,True,2026-08-07T01:14:17+08:00,akshare
sh600463,空港股份,sh,,active,False,True,2026-08-07T01:14:17+08:00,akshare
sh600467,好当家,sh,,active,False,True,2026-08-07T01:14:17+08:00,akshare
sh600468,百利电气,sh,,active,False,True,2026-08-07T01:14:17+08:00,akshare
sh600469,风神股份,sh,,active,False,True,2026-08-07T01:14:17+08:00,akshare
sh600470,六国化工,sh,,active,False,True,2026-08-07T01:14:17+08:00,akshare
sh600475,华光环能,sh,,active,False,True,2026-08-07T01:14:17+08:00,akshare
sh600476,*ST湘邮,sh,,active,True,True,2026-08-07T01:14:17+08:00,akshare
sh600477,杭萧钢构,sh,,active,False,True,2026-08-07T01:14:17+08:00,akshare
sh600478,科力远,sh,,active,False,True,2026-08-07T01:14:17+08:00,akshare
sh600479,千金药业,sh,,active,False,True,2026-08-07T01:14:17+08:00,akshare
sh600480,凌云股份,sh,,active,False,True,2026-08-07T01:14:17+08:00,akshare
sh600481,双良节能,sh,,active,False,True,2026-08-07T01:14:17+08:00,akshare
sh600482,中国动力,sh,,active,False,True,2026-08-07T01:14:17+08:00,akshare
sh600483,福能股份,sh,,active,False,True,2026-08-07T01:14:17+08:00,akshare
sh600486,扬农化工,sh,,active,False,True,2026-08-07T01:14:17+08:00,akshare
sh600487,亨通光电,sh,,active,False,True,2026-08-07T01:14:17+08:00,akshare
sh600488,津药药业,sh,,active,False,True,2026-08-07T01:14:17+08:00,akshare
sh600489,中金黄金,sh,,active,False,True,2026-08-07T01:14:17+08:00,akshare
sh600490,鹏欣资源,sh,,active,False,True,2026-08-07T01:14:17+08:00,akshare
sh600491,ST龙元,sh,,active,True,True,2026-08-07T01:14:17+08:00,akshare
sh600493,凤竹纺织,sh,,active,False,True,2026-08-07T01:14:17+08:00,akshare
sh600495,晋西车轴,sh,,active,False,True,2026-08-07T01:14:17+08:00,akshare
sh600496,精工钢构,sh,,active,False,True,2026-08-07T01:14:17+08:00,akshare
sh600497,驰宏锌锗,sh,,active,False,True,2026-08-07T01:14:17+08:00,akshare
sh600498,烽火通信,sh,,active,False,True,2026-08-07T01:14:17+08:00,akshare
sh600499,科达制造,sh,,active,False,True,2026-08-07T01:14:17+08:00,akshare
sh600500,中化国际,sh,,active,False,True,2026-08-07T01:14:17+08:00,akshare
sh600501,航天晨光,sh,,active,False,True,2026-08-07T01:14:17+08:00,akshare
sh600502,安徽建工,sh,,active,False,True,2026-08-07T01:14:17+08:00,akshare
sh600503,华丽家族,sh,,active,False,True,2026-08-07T01:14:17+08:00,akshare
sh600505,西昌电力,sh,,active,False,True,2026-08-07T01:14:17+08:00,akshare
sh600506,统一股份,sh,,active,False,True,2026-08-07T01:14:17+08:00,akshare
sh600507,方大特钢,sh,,active,False,True,2026-08-07T01:14:17+08:00,akshare
sh600508,上海能源,sh,,active,False,True,2026-08-07T01:14:17+08:00,akshare
sh600509,天富能源,sh,,active,False,True,2026-08-07T01:14:17+08:00,akshare
sh600510,黑牡丹,sh,,active,False,True,2026-08-07T01:14:17+08:00,akshare
sh600511,国药股份,sh,,active,False,True,2026-08-07T01:14:17+08:00,akshare
sh600512,腾达建设,sh,,active,False,True,2026-08-07T01:14:17+08:00,akshare
sh600513,联环药业,sh,,active,False,True,2026-08-07T01:14:17+08:00,akshare
sh600515,海南机场,sh,,active,False,True,2026-08-07T01:14:17+08:00,akshare
sh600516,方大炭素,sh,,active,False,True,2026-08-07T01:14:17+08:00,akshare
sh600517,国网英大,sh,,active,False,True,2026-08-07T01:14:17+08:00,akshare
sh600518,康美药业,sh,,active,False,True,2026-08-07T01:14:17+08:00,akshare
sh600519,贵州茅台,sh,,active,False,True,2026-08-07T01:14:17+08:00,akshare
sh600520,三佳科技,sh,,active,False,True,2026-08-07T01:14:17+08:00,akshare
sh600521,华海药业,sh,,active,False,True,2026-08-07T01:14:17+08:00,akshare
sh600522,中天科技,sh,,active,False,True,2026-08-07T01:14:17+08:00,akshare
sh600523,贵航股份,sh,,active,False,True,2026-08-07T01:14:17+08:00,akshare
sh600525,ST长园,sh,,active,True,True,2026-08-07T01:14:17+08:00,akshare
sh600526,菲达环保,sh,,active,False,True,2026-08-07T01:14:17+08:00,akshare
sh600527,江南高纤,sh,,active,False,True,2026-08-07T01:14:17+08:00,akshare
sh600528,中铁工业,sh,,active,False,True,2026-08-07T01:14:17+08:00,akshare
sh600529,山东药玻,sh,,active,False,True,2026-08-07T01:14:17+08:00,akshare
sh600530,ST交昂,sh,,active,True,True,2026-08-07T01:14:17+08:00,akshare
sh600531,豫光金铅,sh,,active,False,True,2026-08-07T01:14:17+08:00,akshare
sh600533,栖霞建设,sh,,active,False,True,2026-08-07T01:14:17+08:00,akshare
sh600535,天士力,sh,,active,False,True,2026-08-07T01:14:17+08:00,akshare
sh600536,中国软件,sh,,active,False,True,2026-08-07T01:14:17+08:00,akshare
sh600537,*ST亿晶,sh,,active,True,True,2026-08-07T01:14:17+08:00,akshare
sh600538,国发股份,sh,,active,False,True,2026-08-07T01:14:17+08:00,akshare
sh600539,狮头股份,sh,,active,False,True,2026-08-07T01:14:17+08:00,akshare
sh600540,新赛股份,sh,,active,False,True,2026-08-07T01:14:17+08:00,akshare
sh600543,*ST莫高,sh,,active,True,True,2026-08-07T01:14:17+08:00,akshare
sh600545,卓郎智能,sh,,active,False,True,2026-08-07T01:14:17+08:00,akshare
sh600546,山煤国际,sh,,active,False,True,2026-08-07T01:14:17+08:00,akshare
sh600547,山东黄金,sh,,active,False,True,2026-08-07T01:14:17+08:00,akshare
sh600548,深高速,sh,,active,False,True,2026-08-07T01:14:17+08:00,akshare
sh600549,厦门钨业,sh,,active,False,True,2026-08-07T01:14:17+08:00,akshare
sh600550,保变电气,sh,,active,False,True,2026-08-07T01:14:17+08:00,akshare
sh600551,时代出版,sh,,active,False,True,2026-08-07T01:14:17+08:00,akshare
sh600552,凯盛科技,sh,,active,False,True,2026-08-07T01:14:17+08:00,akshare
sh600556,天下秀,sh,,active,False,True,2026-08-07T01:14:17+08:00,akshare
sh600557,康缘药业,sh,,active,False,True,2026-08-07T01:14:17+08:00,akshare
sh600558,XD大西洋,sh,,active,False,True,2026-08-07T01:14:17+08:00,akshare
sh600559,老白干酒,sh,,active,False,True,2026-08-07T01:14:17+08:00,akshare
sh600560,金自天正,sh,,active,False,True,2026-08-07T01:14:17+08:00,akshare
sh600561,江西长运,sh,,active,False,True,2026-08-07T01:14:17+08:00,akshare
sh600562,国睿科技,sh,,active,False,True,2026-08-07T01:14:17+08:00,akshare
sh600563,法拉电子,sh,,active,False,True,2026-08-07T01:14:17+08:00,akshare
sh600566,济川药业,sh,,active,False,True,2026-08-07T01:14:17+08:00,akshare
sh600567,山鹰国际,sh,,active,False,True,2026-08-07T01:14:17+08:00,akshare
sh600568,ST中珠,sh,,active,True,True,2026-08-07T01:14:17+08:00,akshare
sh600569,安阳钢铁,sh,,active,False,True,2026-08-07T01:14:17+08:00,akshare
sh600570,恒生电子,sh,,active,False,True,2026-08-07T01:14:17+08:00,akshare
sh600571,信雅达,sh,,active,False,True,2026-08-07T01:14:17+08:00,akshare
sh600572,康恩贝,sh,,active,False,True,2026-08-07T01:14:17+08:00,akshare
sh600573,惠泉啤酒,sh,,active,False,True,2026-08-07T01:14:17+08:00,akshare
sh600575,淮河能源,sh,,active,False,True,2026-08-07T01:14:17+08:00,akshare
sh600576,祥源文旅,sh,,active,False,True,2026-08-07T01:14:17+08:00,akshare
sh600577,精达股份,sh,,active,False,True,2026-08-07T01:14:17+08:00,akshare
sh600578,京能电力,sh,,active,False,True,2026-08-07T01:14:17+08:00,akshare
sh600579,中化装备,sh,,active,False,True,2026-08-07T01:14:17+08:00,akshare
sh600580,卧龙电驱,sh,,active,False,True,2026-08-07T01:14:17+08:00,akshare
sh600581,*ST八钢,sh,,active,True,True,2026-08-07T01:14:17+08:00,akshare
sh600582,天地科技,sh,,active,False,True,2026-08-07T01:14:17+08:00,akshare
sh600583,海油工程,sh,,active,False,True,2026-08-07T01:14:17+08:00,akshare
sh600584,长电科技,sh,,active,False,True,2026-08-07T01:14:17+08:00,akshare
sh600585,海螺水泥,sh,,active,False,True,2026-08-07T01:14:17+08:00,akshare
sh600586,金晶科技,sh,,active,False,True,2026-08-07T01:14:17+08:00,akshare
sh600587,新华医疗,sh,,active,False,True,2026-08-07T01:14:17+08:00,akshare
sh600588,用友网络,sh,,active,False,True,2026-08-07T01:14:17+08:00,akshare
sh600589,大位科技,sh,,active,False,True,2026-08-07T01:14:17+08:00,akshare
sh600590,泰豪科技,sh,,active,False,True,2026-08-07T01:14:17+08:00,akshare
sh600592,龙溪股份,sh,,active,False,True,2026-08-07T01:14:17+08:00,akshare
sh600593,大连圣亚,sh,,active,False,True,2026-08-07T01:14:17+08:00,akshare
sh600594,益佰制药,sh,,active,False,True,2026-08-07T01:14:17+08:00,akshare
sh600595,中孚实业,sh,,active,False,True,2026-08-07T01:14:17+08:00,akshare
sh600596,新安股份,sh,,active,False,True,2026-08-07T01:14:17+08:00,akshare
sh600597,光明乳业,sh,,active,False,True,2026-08-07T01:14:17+08:00,akshare
sh600598,北大荒,sh,,active,False,True,2026-08-07T01:14:17+08:00,akshare
sh600600,青岛啤酒,sh,,active,False,True,2026-08-07T01:14:17+08:00,akshare
sh600601,方正科技,sh,,active,False,True,2026-08-07T01:14:17+08:00,akshare
sh600602,云赛智联,sh,,active,False,True,2026-08-07T01:14:17+08:00,akshare
sh600603,广汇物流,sh,,active,False,True,2026-08-07T01:14:17+08:00,akshare
sh600604,市北高新,sh,,active,False,True,2026-08-07T01:14:17+08:00,akshare
sh600605,汇通能源,sh,,active,False,True,2026-08-07T01:14:17+08:00,akshare
sh600606,绿地控股,sh,,active,False,True,2026-08-07T01:14:17+08:00,akshare
sh600609,金杯汽车,sh,,active,False,True,2026-08-07T01:14:17+08:00,akshare
sh600610,中毅达,sh,,active,False,True,2026-08-07T01:14:17+08:00,akshare
sh600611,大众交通,sh,,active,False,True,2026-08-07T01:14:17+08:00,akshare
sh600612,老凤祥,sh,,active,False,True,2026-08-07T01:14:17+08:00,akshare
sh600613,神奇制药,sh,,active,False,True,2026-08-07T01:14:17+08:00,akshare
sh600615,鑫源智造,sh,,active,False,True,2026-08-07T01:14:17+08:00,akshare
sh600616,金枫酒业,sh,,active,False,True,2026-08-07T01:14:17+08:00,akshare
sh600617,国新能源,sh,,active,False,True,2026-08-07T01:14:17+08:00,akshare
sh600618,氯碱化工,sh,,active,False,True,2026-08-07T01:14:17+08:00,akshare
sh600619,海立股份,sh,,active,False,True,2026-08-07T01:14:17+08:00,akshare
sh600620,天宸股份,sh,,active,False,True,2026-08-07T01:14:17+08:00,akshare
sh600621,华鑫股份,sh,,active,False,True,2026-08-07T01:14:17+08:00,akshare
sh600622,光大嘉宝,sh,,active,False,True,2026-08-07T01:14:17+08:00,akshare
sh600623,华谊集团,sh,,active,False,True,2026-08-07T01:14:17+08:00,akshare
sh600624,ST复华,sh,,active,True,True,2026-08-07T01:14:17+08:00,akshare
sh600626,申达股份,sh,,active,False,True,2026-08-07T01:14:17+08:00,akshare
sh600628,新世界,sh,,active,False,True,2026-08-07T01:14:17+08:00,akshare
sh600629,华建集团,sh,,active,False,True,2026-08-07T01:14:17+08:00,akshare
sh600630,龙头股份,sh,,active,False,True,2026-08-07T01:14:17+08:00,akshare
sh600633,浙数文化,sh,,active,False,True,2026-08-07T01:14:17+08:00,akshare
sh600635,大众公用,sh,,active,False,True,2026-08-07T01:14:17+08:00,akshare
sh600637,东方明珠,sh,,active,False,True,2026-08-07T01:14:17+08:00,akshare
sh600638,新黄浦,sh,,active,False,True,2026-08-07T01:14:17+08:00,akshare
sh600639,浦东金桥,sh,,active,False,True,2026-08-07T01:14:17+08:00,akshare
sh600640,国脉文化,sh,,active,False,True,2026-08-07T01:14:17+08:00,akshare
sh600641,先导基电,sh,,active,False,True,2026-08-07T01:14:17+08:00,akshare
sh600642,申能股份,sh,,active,False,True,2026-08-07T01:14:17+08:00,akshare
sh600643,爱建集团,sh,,active,False,True,2026-08-07T01:14:17+08:00,akshare
sh600644,乐山电力,sh,,active,False,True,2026-08-07T01:14:17+08:00,akshare
sh600645,中源协和,sh,,active,False,True,2026-08-07T01:14:17+08:00,akshare
sh600648,外高桥,sh,,active,False,True,2026-08-07T01:14:17+08:00,akshare
sh600649,城投控股,sh,,active,False,True,2026-08-07T01:14:17+08:00,akshare
sh600650,锦江在线,sh,,active,False,True,2026-08-07T01:14:17+08:00,akshare
sh600651,飞乐音响,sh,,active,False,True,2026-08-07T01:14:17+08:00,akshare
sh600653,申华控股,sh,,active,False,True,2026-08-07T01:14:17+08:00,akshare
sh600654,中安科,sh,,active,False,True,2026-08-07T01:14:17+08:00,akshare
sh600655,豫园股份,sh,,active,False,True,2026-08-07T01:14:17+08:00,akshare
sh600657,信达地产,sh,,active,False,True,2026-08-07T01:14:17+08:00,akshare
sh600658,电子城,sh,,active,False,True,2026-08-07T01:14:17+08:00,akshare
sh600660,福耀玻璃,sh,,active,False,True,2026-08-07T01:14:17+08:00,akshare
sh600661,昂立教育,sh,,active,False,True,2026-08-07T01:14:17+08:00,akshare
sh600662,外服控股,sh,,active,False,True,2026-08-07T01:14:17+08:00,akshare
sh600663,陆家嘴,sh,,active,False,True,2026-08-07T01:14:17+08:00,akshare
sh600664,哈药股份,sh,,active,False,True,2026-08-07T01:14:17+08:00,akshare
sh600665,天地源,sh,,active,False,True,2026-08-07T01:14:17+08:00,akshare
sh600666,奥瑞德,sh,,active,False,True,2026-08-07T01:14:17+08:00,akshare
sh600667,太极实业,sh,,active,False,True,2026-08-07T01:14:17+08:00,akshare
sh600668,尖峰集团,sh,,active,False,True,2026-08-07T01:14:17+08:00,akshare
sh600671,天目药业,sh,,active,False,True,2026-08-07T01:14:17+08:00,akshare
sh600673,东阳光,sh,,active,False,True,2026-08-07T01:14:17+08:00,akshare
sh600674,川投能源,sh,,active,False,True,2026-08-07T01:14:17+08:00,akshare
sh600675,中华企业,sh,,active,False,True,2026-08-07T01:14:17+08:00,akshare
sh600676,久事动娱,sh,,active,False,True,2026-08-07T01:14:17+08:00,akshare
sh600678,ST金顶,sh,,active,True,True,2026-08-07T01:14:17+08:00,akshare
sh600679,上海凤凰,sh,,active,False,True,2026-08-07T01:14:17+08:00,akshare
sh600681,百川能源,sh,,active,False,True,2026-08-07T01:14:17+08:00,akshare
sh600682,南京新百,sh,,active,False,True,2026-08-07T01:14:17+08:00,akshare
sh600683,京投发展,sh,,active,False,True,2026-08-07T01:14:17+08:00,akshare
sh600684,珠江股份,sh,,active,False,True,2026-08-07T01:14:17+08:00,akshare
sh600685,中船防务,sh,,active,False,True,2026-08-07T01:14:17+08:00,akshare
sh600686,金龙汽车,sh,,active,False,True,2026-08-07T01:14:17+08:00,akshare
sh600688,上海石化,sh,,active,False,True,2026-08-07T01:14:17+08:00,akshare
sh600689,上海三毛,sh,,active,False,True,2026-08-07T01:14:17+08:00,akshare
sh600690,海尔智家,sh,,active,False,True,2026-08-07T01:14:17+08:00,akshare
sh600691,潞化科技,sh,,active,False,True,2026-08-07T01:14:17+08:00,akshare
sh600692,亚通股份,sh,,active,False,True,2026-08-07T01:14:17+08:00,akshare
sh600693,东百集团,sh,,active,False,True,2026-08-07T01:14:17+08:00,akshare
sh600694,大商股份,sh,,active,False,True,2026-08-07T01:14:17+08:00,akshare
sh600697,欧亚集团,sh,,active,False,True,2026-08-07T01:14:17+08:00,akshare
sh600698,湖南天雁,sh,,active,False,True,2026-08-07T01:14:17+08:00,akshare
sh600699,均胜电子,sh,,active,False,True,2026-08-07T01:14:17+08:00,akshare
sh600702,舍得酒业,sh,,active,False,True,2026-08-07T01:14:17+08:00,akshare
sh600703,三安光电,sh,,active,False,True,2026-08-07T01:14:17+08:00,akshare
sh600704,物产中大,sh,,active,False,True,2026-08-07T01:14:17+08:00,akshare
sh600706,曲江文旅,sh,,active,False,True,2026-08-07T01:14:17+08:00,akshare
sh600707,彩虹股份,sh,,active,False,True,2026-08-07T01:14:17+08:00,akshare
sh600708,光明地产,sh,,active,False,True,2026-08-07T01:14:17+08:00,akshare
sh600710,苏美达,sh,,active,False,True,2026-08-07T01:14:17+08:00,akshare
sh600711,盛屯矿业,sh,,active,False,True,2026-08-07T01:14:17+08:00,akshare
sh600712,南宁百货,sh,,active,False,True,2026-08-07T01:14:17+08:00,akshare
sh600713,南京医药,sh,,active,False,True,2026-08-07T01:14:17+08:00,akshare
sh600714,金瑞矿业,sh,,active,False,True,2026-08-07T01:14:17+08:00,akshare
sh600715,文投控股,sh,,active,False,True,2026-08-07T01:14:17+08:00,akshare
sh600716,凤凰股份,sh,,active,False,True,2026-08-07T01:14:17+08:00,akshare
sh600717,天津港,sh,,active,False,True,2026-08-07T01:14:17+08:00,akshare
sh600718,东软集团,sh,,active,False,True,2026-08-07T01:14:17+08:00,akshare
sh600719,大连热电,sh,,active,False,True,2026-08-07T01:14:17+08:00,akshare
sh600720,中交设计,sh,,active,False,True,2026-08-07T01:14:17+08:00,akshare
sh600721,百花医药,sh,,active,False,True,2026-08-07T01:14:17+08:00,akshare
sh600722,金牛化工,sh,,active,False,True,2026-08-07T01:14:17+08:00,akshare
sh600724,宁波富达,sh,,active,False,True,2026-08-07T01:14:17+08:00,akshare
sh600725,云维股份,sh,,active,False,True,2026-08-07T01:14:17+08:00,akshare
sh600726,华电能源,sh,,active,False,True,2026-08-07T01:14:17+08:00,akshare
sh600727,鲁北化工,sh,,active,False,True,2026-08-07T01:14:17+08:00,akshare
sh600728,佳都科技,sh,,active,False,True,2026-08-07T01:14:17+08:00,akshare
sh600729,重百集团,sh,,active,False,True,2026-08-07T01:14:17+08:00,akshare
sh600730,*ST高科,sh,,active,True,True,2026-08-07T01:14:17+08:00,akshare
sh600731,湖南海利,sh,,active,False,True,2026-08-07T01:14:17+08:00,akshare
sh600732,爱旭股份,sh,,active,False,True,2026-08-07T01:14:17+08:00,akshare
sh600733,北汽蓝谷,sh,,active,False,True,2026-08-07T01:14:17+08:00,akshare
sh600734,*ST实达,sh,,active,True,True,2026-08-07T01:14:17+08:00,akshare
sh600735,ST新华锦,sh,,active,True,True,2026-08-07T01:14:17+08:00,akshare
sh600736,苏州高新,sh,,active,False,True,2026-08-07T01:14:17+08:00,akshare
sh600737,中粮糖业,sh,,active,False,True,2026-08-07T01:14:17+08:00,akshare
sh600738,丽尚国潮,sh,,active,False,True,2026-08-07T01:14:17+08:00,akshare
sh600739,辽宁成大,sh,,active,False,True,2026-08-07T01:14:17+08:00,akshare
sh600740,山西焦化,sh,,active,False,True,2026-08-07T01:14:17+08:00,akshare
sh600741,华域汽车,sh,,active,False,True,2026-08-07T01:14:17+08:00,akshare
sh600742,富维股份,sh,,active,False,True,2026-08-07T01:14:17+08:00,akshare
sh600743,华远控股,sh,,active,False,True,2026-08-07T01:14:17+08:00,akshare
sh600744,华银电力,sh,,active,False,True,2026-08-07T01:14:17+08:00,akshare
sh600745,*ST闻泰,sh,,active,True,True,2026-08-07T01:14:17+08:00,akshare
sh600746,江苏索普,sh,,active,False,True,2026-08-07T01:14:17+08:00,akshare
sh600748,上实发展,sh,,active,False,True,2026-08-07T01:14:17+08:00,akshare
sh600749,西藏旅游,sh,,active,False,True,2026-08-07T01:14:17+08:00,akshare
sh600750,华润江中,sh,,active,False,True,2026-08-07T01:14:17+08:00,akshare
sh600751,海航科技,sh,,active,False,True,2026-08-07T01:14:17+08:00,akshare
sh600753,ST海钦,sh,,active,True,True,2026-08-07T01:14:17+08:00,akshare
sh600754,锦江酒店,sh,,active,False,True,2026-08-07T01:14:17+08:00,akshare
sh600755,厦门国贸,sh,,active,False,True,2026-08-07T01:14:17+08:00,akshare
sh600756,浪潮软件,sh,,active,False,True,2026-08-07T01:14:17+08:00,akshare
sh600757,长江传媒,sh,,active,False,True,2026-08-07T01:14:17+08:00,akshare
sh600758,辽宁能源,sh,,active,False,True,2026-08-07T01:14:17+08:00,akshare
sh600759,ST洲际,sh,,active,True,True,2026-08-07T01:14:17+08:00,akshare
sh600760,中航沈飞,sh,,active,False,True,2026-08-07T01:14:17+08:00,akshare
sh600761,安徽合力,sh,,active,False,True,2026-08-07T01:14:17+08:00,akshare
sh600763,通策医疗,sh,,active,False,True,2026-08-07T01:14:17+08:00,akshare
sh600764,中国海防,sh,,active,False,True,2026-08-07T01:14:17+08:00,akshare
sh600765,中航重机,sh,,active,False,True,2026-08-07T01:14:17+08:00,akshare
sh600768,宁波富邦,sh,,active,False,True,2026-08-07T01:14:17+08:00,akshare
sh600769,祥龙电业,sh,,active,False,True,2026-08-07T01:14:17+08:00,akshare
sh600770,综艺股份,sh,,active,False,True,2026-08-07T01:14:17+08:00,akshare
sh600771,广誉远,sh,,active,False,True,2026-08-07T01:14:17+08:00,akshare
sh600773,西藏城投,sh,,active,False,True,2026-08-07T01:14:17+08:00,akshare
sh600774,汉商集团,sh,,active,False,True,2026-08-07T01:14:17+08:00,akshare
sh600775,南京熊猫,sh,,active,False,True,2026-08-07T01:14:17+08:00,akshare
sh600776,东方通信,sh,,active,False,True,2026-08-07T01:14:17+08:00,akshare
sh600777,新潮能源,sh,,active,False,True,2026-08-07T01:14:17+08:00,akshare
sh600778,友好集团,sh,,active,False,True,2026-08-07T01:14:17+08:00,akshare
sh600779,水井坊,sh,,active,False,True,2026-08-07T01:14:17+08:00,akshare
sh600780,通宝能源,sh,,active,False,True,2026-08-07T01:14:17+08:00,akshare
sh600782,新钢股份,sh,,active,False,True,2026-08-07T01:14:17+08:00,akshare
sh600783,鲁信创投,sh,,active,False,True,2026-08-07T01:14:17+08:00,akshare
sh600784,鲁银投资,sh,,active,False,True,2026-08-07T01:14:17+08:00,akshare
sh600785,新华百货,sh,,active,False,True,2026-08-07T01:14:17+08:00,akshare
sh600787,中储股份,sh,,active,False,True,2026-08-07T01:14:17+08:00,akshare
sh600789,鲁抗医药,sh,,active,False,True,2026-08-07T01:14:17+08:00,akshare
sh600790,轻纺城,sh,,active,False,True,2026-08-07T01:14:17+08:00,akshare
sh600791,京能置业,sh,,active,False,True,2026-08-07T01:14:17+08:00,akshare
sh600792,云煤能源,sh,,active,False,True,2026-08-07T01:14:17+08:00,akshare
sh600793,宜宾纸业,sh,,active,False,True,2026-08-07T01:14:17+08:00,akshare
sh600794,保税科技,sh,,active,False,True,2026-08-07T01:14:17+08:00,akshare
sh600795,国电电力,sh,,active,False,True,2026-08-07T01:14:17+08:00,akshare
sh600796,钱江生化,sh,,active,False,True,2026-08-07T01:14:17+08:00,akshare
sh600797,浙大网新,sh,,active,False,True,2026-08-07T01:14:17+08:00,akshare
sh600798,宁波海运,sh,,active,False,True,2026-08-07T01:14:17+08:00,akshare
sh600800,渤海化学,sh,,active,False,True,2026-08-07T01:14:17+08:00,akshare
sh600801,华新建材,sh,,active,False,True,2026-08-07T01:14:17+08:00,akshare
sh600802,福建水泥,sh,,active,False,True,2026-08-07T01:14:17+08:00,akshare
sh600803,新奥股份,sh,,active,False,True,2026-08-07T01:14:17+08:00,akshare
sh600805,悦达投资,sh,,active,False,True,2026-08-07T01:14:17+08:00,akshare
sh600807,济高发展,sh,,active,False,True,2026-08-07T01:14:17+08:00,akshare
sh600808,马钢股份,sh,,active,False,True,2026-08-07T01:14:17+08:00,akshare
sh600809,山西汾酒,sh,,active,False,True,2026-08-07T01:14:17+08:00,akshare
sh600810,神马股份,sh,,active,False,True,2026-08-07T01:14:17+08:00,akshare
sh600812,华北制药,sh,,active,False,True,2026-08-07T01:14:17+08:00,akshare
sh600814,杭州解百,sh,,active,False,True,2026-08-07T01:14:17+08:00,akshare
sh600815,厦工股份,sh,,active,False,True,2026-08-07T01:14:17+08:00,akshare
sh600816,建元信托,sh,,active,False,True,2026-08-07T01:14:17+08:00,akshare
sh600817,宇通重工,sh,,active,False,True,2026-08-07T01:14:17+08:00,akshare
sh600818,ST中路,sh,,active,True,True,2026-08-07T01:14:17+08:00,akshare
sh600819,耀皮玻璃,sh,,active,False,True,2026-08-07T01:14:17+08:00,akshare
sh600820,隧道股份,sh,,active,False,True,2026-08-07T01:14:17+08:00,akshare
sh600821,金开新能,sh,,active,False,True,2026-08-07T01:14:17+08:00,akshare
sh600822,上海物贸,sh,,active,False,True,2026-08-07T01:14:17+08:00,akshare
sh600824,益民集团,sh,,active,False,True,2026-08-07T01:14:17+08:00,akshare
sh600825,新华传媒,sh,,active,False,True,2026-08-07T01:14:17+08:00,akshare
sh600826,兰生股份,sh,,active,False,True,2026-08-07T01:14:17+08:00,akshare
sh600827,百联股份,sh,,active,False,True,2026-08-07T01:14:17+08:00,akshare
sh600828,茂业商业,sh,,active,False,True,2026-08-07T01:14:17+08:00,akshare
sh600829,人民同泰,sh,,active,False,True,2026-08-07T01:14:17+08:00,akshare
sh600830,香溢融通,sh,,active,False,True,2026-08-07T01:14:17+08:00,akshare
sh600831,广电网络,sh,,active,False,True,2026-08-07T01:14:17+08:00,akshare
sh600833,第一医药,sh,,active,False,True,2026-08-07T01:14:17+08:00,akshare
sh600834,申通地铁,sh,,active,False,True,2026-08-07T01:14:17+08:00,akshare
sh600835,上海机电,sh,,active,False,True,2026-08-07T01:14:17+08:00,akshare
sh600838,上海九百,sh,,active,False,True,2026-08-07T01:14:17+08:00,akshare
sh600839,四川长虹,sh,,active,False,True,2026-08-07T01:14:17+08:00,akshare
sh600841,动力新科,sh,,active,False,True,2026-08-07T01:14:17+08:00,akshare
sh600843,上工申贝,sh,,active,False,True,2026-08-07T01:14:17+08:00,akshare
sh600844,金煤科技,sh,,active,False,True,2026-08-07T01:14:17+08:00,akshare
sh600845,宝信软件,sh,,active,False,True,2026-08-07T01:14:17+08:00,akshare
sh600846,同济科技,sh,,active,False,True,2026-08-07T01:14:17+08:00,akshare
sh600847,万里股份,sh,,active,False,True,2026-08-07T01:14:17+08:00,akshare
sh600848,上海临港,sh,,active,False,True,2026-08-07T01:14:17+08:00,akshare
sh600850,电科数字,sh,,active,False,True,2026-08-07T01:14:17+08:00,akshare
sh600851,海欣股份,sh,,active,False,True,2026-08-07T01:14:17+08:00,akshare
sh600853,龙建股份,sh,,active,False,True,2026-08-07T01:14:17+08:00,akshare
sh600854,春兰股份,sh,,active,False,True,2026-08-07T01:14:17+08:00,akshare
sh600855,航天长峰,sh,,active,False,True,2026-08-07T01:14:17+08:00,akshare
sh600857,宁波中百,sh,,active,False,True,2026-08-07T01:14:17+08:00,akshare
sh600858,银座股份,sh,,active,False,True,2026-08-07T01:14:17+08:00,akshare
sh600859,王府井,sh,,active,False,True,2026-08-07T01:14:17+08:00,akshare
sh600860,京城股份,sh,,active,False,True,2026-08-07T01:14:17+08:00,akshare
sh600861,北京人力,sh,,active,False,True,2026-08-07T01:14:17+08:00,akshare
sh600862,中航高科,sh,,active,False,True,2026-08-07T01:14:17+08:00,akshare
sh600863,华能蒙电,sh,,active,False,True,2026-08-07T01:14:17+08:00,akshare
sh600864,哈投股份,sh,,active,False,True,2026-08-07T01:14:17+08:00,akshare
sh600865,百大集团,sh,,active,False,True,2026-08-07T01:14:17+08:00,akshare
sh600866,星湖科技,sh,,active,False,True,2026-08-07T01:14:17+08:00,akshare
sh600867,通化东宝,sh,,active,False,True,2026-08-07T01:14:17+08:00,akshare
sh600868,梅雁吉祥,sh,,active,False,True,2026-08-07T01:14:17+08:00,akshare
sh600869,远东股份,sh,,active,False,True,2026-08-07T01:14:17+08:00,akshare
sh600871,石化油服,sh,,active,False,True,2026-08-07T01:14:17+08:00,akshare
sh600872,中炬高新,sh,,active,False,True,2026-08-07T01:14:17+08:00,akshare
sh600873,梅花生物,sh,,active,False,True,2026-08-07T01:14:17+08:00,akshare
sh600874,创业环保,sh,,active,False,True,2026-08-07T01:14:17+08:00,akshare
sh600875,东方电气,sh,,active,False,True,2026-08-07T01:14:17+08:00,akshare
sh600876,凯盛新能,sh,,active,False,True,2026-08-07T01:14:17+08:00,akshare
sh600877,电科芯片,sh,,active,False,True,2026-08-07T01:14:17+08:00,akshare
sh600879,航天电子,sh,,active,False,True,2026-08-07T01:14:17+08:00,akshare
sh600880,博瑞传播,sh,,active,False,True,2026-08-07T01:14:17+08:00,akshare
sh600881,亚泰集团,sh,,active,False,True,2026-08-07T01:14:17+08:00,akshare
sh600882,妙可蓝多,sh,,active,False,True,2026-08-07T01:14:17+08:00,akshare
sh600883,博闻科技,sh,,active,False,True,2026-08-07T01:14:17+08:00,akshare
sh600884,杉杉股份,sh,,active,False,True,2026-08-07T01:14:17+08:00,akshare
sh600885,宏发股份,sh,,active,False,True,2026-08-07T01:14:17+08:00,akshare
sh600886,国投电力,sh,,active,False,True,2026-08-07T01:14:17+08:00,akshare
sh600887,伊利股份,sh,,active,False,True,2026-08-07T01:14:17+08:00,akshare
sh600888,新疆众和,sh,,active,False,True,2026-08-07T01:14:17+08:00,akshare
sh600889,*ST京化,sh,,active,True,True,2026-08-07T01:14:17+08:00,akshare
sh600892,大晟文化,sh,,active,False,True,2026-08-07T01:14:17+08:00,akshare
sh600893,航发动力,sh,,active,False,True,2026-08-07T01:14:17+08:00,akshare
sh600894,广日股份,sh,,active,False,True,2026-08-07T01:14:17+08:00,akshare
sh600895,张江高科,sh,,active,False,True,2026-08-07T01:14:17+08:00,akshare
sh600897,厦门空港,sh,,active,False,True,2026-08-07T01:14:17+08:00,akshare
sh600900,长江电力,sh,,active,False,True,2026-08-07T01:14:17+08:00,akshare
sh600901,江苏金租,sh,,active,False,True,2026-08-07T01:14:17+08:00,akshare
sh600903,贵州燃气,sh,,active,False,True,2026-08-07T01:14:17+08:00,akshare
sh600905,三峡能源,sh,,active,False,True,2026-08-07T01:14:17+08:00,akshare
sh600906,财达证券,sh,,active,False,True,2026-08-07T01:14:17+08:00,akshare
sh600908,无锡银行,sh,,active,False,True,2026-08-07T01:14:17+08:00,akshare
sh600909,华安证券,sh,,active,False,True,2026-08-07T01:14:17+08:00,akshare
sh600916,中国黄金,sh,,active,False,True,2026-08-07T01:14:17+08:00,akshare
sh600917,重庆燃气,sh,,active,False,True,2026-08-07T01:14:17+08:00,akshare
sh600918,中泰证券,sh,,active,False,True,2026-08-07T01:14:17+08:00,akshare
sh600919,江苏银行,sh,,active,False,True,2026-08-07T01:14:17+08:00,akshare
sh600925,苏能股份,sh,,active,False,True,2026-08-07T01:14:17+08:00,akshare
sh600926,杭州银行,sh,,active,False,True,2026-08-07T01:14:17+08:00,akshare
sh600927,永安期货,sh,,active,False,True,2026-08-07T01:14:17+08:00,akshare
sh600928,西安银行,sh,,active,False,True,2026-08-07T01:14:17+08:00,akshare
sh600929,雪天盐业,sh,,active,False,True,2026-08-07T01:14:17+08:00,akshare
sh600930,华电新能,sh,,active,False,True,2026-08-07T01:14:17+08:00,akshare
sh600933,爱柯迪,sh,,active,False,True,2026-08-07T01:14:17+08:00,akshare
sh600935,华塑股份,sh,,active,False,True,2026-08-07T01:14:17+08:00,akshare
sh600936,北投科技,sh,,active,False,True,2026-08-07T01:14:17+08:00,akshare
sh600938,中国海油,sh,,active,False,True,2026-08-07T01:14:17+08:00,akshare
sh600939,重庆建工,sh,,active,False,True,2026-08-07T01:14:17+08:00,akshare
sh600941,中国移动,sh,,active,False,True,2026-08-07T01:14:17+08:00,akshare
sh600955,维远股份,sh,,active,False,True,2026-08-07T01:14:17+08:00,akshare
sh600956,新天绿能,sh,,active,False,True,2026-08-07T01:14:17+08:00,akshare
sh600958,东方证券,sh,,active,False,True,2026-08-07T01:14:17+08:00,akshare
sh600959,江苏有线,sh,,active,False,True,2026-08-07T01:14:17+08:00,akshare
sh600960,渤海汽车,sh,,active,False,True,2026-08-07T01:14:17+08:00,akshare
sh600961,株冶集团,sh,,active,False,True,2026-08-07T01:14:17+08:00,akshare
sh600962,国投中鲁,sh,,active,False,True,2026-08-07T01:14:17+08:00,akshare
sh600963,岳阳林纸,sh,,active,False,True,2026-08-07T01:14:17+08:00,akshare
sh600965,*ST福成,sh,,active,True,True,2026-08-07T01:14:17+08:00,akshare
sh600966,博汇纸业,sh,,active,False,True,2026-08-07T01:14:17+08:00,akshare
sh600967,内蒙一机,sh,,active,False,True,2026-08-07T01:14:17+08:00,akshare
sh600968,海油发展,sh,,active,False,True,2026-08-07T01:14:17+08:00,akshare
sh600969,郴电国际,sh,,active,False,True,2026-08-07T01:14:17+08:00,akshare
sh600970,中材国际,sh,,active,False,True,2026-08-07T01:14:17+08:00,akshare
sh600971,恒源煤电,sh,,active,False,True,2026-08-07T01:14:17+08:00,akshare
sh600973,宝胜股份,sh,,active,False,True,2026-08-07T01:14:17+08:00,akshare
sh600975,新五丰,sh,,active,False,True,2026-08-07T01:14:17+08:00,akshare
sh600976,健民集团,sh,,active,False,True,2026-08-07T01:14:17+08:00,akshare
sh600977,中国电影,sh,,active,False,True,2026-08-07T01:14:17+08:00,akshare
sh600979,广安爱众,sh,,active,False,True,2026-08-07T01:14:17+08:00,akshare
sh600980,北矿科技,sh,,active,False,True,2026-08-07T01:14:17+08:00,akshare
sh600981,苏豪汇鸿,sh,,active,False,True,2026-08-07T01:14:17+08:00,akshare
sh600982,宁波能源,sh,,active,False,True,2026-08-07T01:14:17+08:00,akshare
sh600983,惠而浦,sh,,active,False,True,2026-08-07T01:14:17+08:00,akshare
sh600984,建设机械,sh,,active,False,True,2026-08-07T01:14:17+08:00,akshare
sh600985,淮北矿业,sh,,active,False,True,2026-08-07T01:14:17+08:00,akshare
sh600986,浙文互联,sh,,active,False,True,2026-08-07T01:14:17+08:00,akshare
sh600987,航民股份,sh,,active,False,True,2026-08-07T01:14:17+08:00,akshare
sh600988,赤峰黄金,sh,,active,False,True,2026-08-07T01:14:17+08:00,akshare
sh600989,宝丰能源,sh,,active,False,True,2026-08-07T01:14:17+08:00,akshare
sh600990,四创电子,sh,,active,False,True,2026-08-07T01:14:17+08:00,akshare
sh600992,贵绳股份,sh,,active,False,True,2026-08-07T01:14:17+08:00,akshare
sh600993,马应龙,sh,,active,False,True,2026-08-07T01:14:17+08:00,akshare
sh600995,南网储能,sh,,active,False,True,2026-08-07T01:14:17+08:00,akshare
sh600996,贵广网络,sh,,active,False,True,2026-08-07T01:14:17+08:00,akshare
sh600997,开滦股份,sh,,active,False,True,2026-08-07T01:14:17+08:00,akshare
sh600998,九州通,sh,,active,False,True,2026-08-07T01:14:17+08:00,akshare
sh600999,招商证券,sh,,active,False,True,2026-08-07T01:14:17+08:00,akshare
sh601000,唐山港,sh,,active,False,True,2026-08-07T01:14:17+08:00,akshare
sh601001,晋控煤业,sh,,active,False,True,2026-08-07T01:14:17+08:00,akshare
sh601002,晋亿实业,sh,,active,False,True,2026-08-07T01:14:17+08:00,akshare
sh601003,柳钢股份,sh,,active,False,True,2026-08-07T01:14:17+08:00,akshare
sh601005,重庆钢铁,sh,,active,False,True,2026-08-07T01:14:17+08:00,akshare
sh601006,大秦铁路,sh,,active,False,True,2026-08-07T01:14:17+08:00,akshare
sh601007,金陵饭店,sh,,active,False,True,2026-08-07T01:14:17+08:00,akshare
sh601008,连云港,sh,,active,False,True,2026-08-07T01:14:17+08:00,akshare
sh601009,南京银行,sh,,active,False,True,2026-08-07T01:14:17+08:00,akshare
sh601010,ST文峰,sh,,active,True,True,2026-08-07T01:14:17+08:00,akshare
sh601011,宝泰隆,sh,,active,False,True,2026-08-07T01:14:17+08:00,akshare
sh601012,隆基绿能,sh,,active,False,True,2026-08-07T01:14:17+08:00,akshare
sh601015,陕西黑猫,sh,,active,False,True,2026-08-07T01:14:17+08:00,akshare
sh601016,节能风电,sh,,active,False,True,2026-08-07T01:14:17+08:00,akshare
sh601018,宁波港,sh,,active,False,True,2026-08-07T01:14:17+08:00,akshare
sh601019,山东出版,sh,,active,False,True,2026-08-07T01:14:17+08:00,akshare
sh601020,华钰矿业,sh,,active,False,True,2026-08-07T01:14:17+08:00,akshare
sh601021,春秋航空,sh,,active,False,True,2026-08-07T01:14:17+08:00,akshare
sh601022,宁波远洋,sh,,active,False,True,2026-08-07T01:14:17+08:00,akshare
sh601026,道生天合,sh,,active,False,True,2026-08-07T01:14:17+08:00,akshare
sh601033,永兴股份,sh,,active,False,True,2026-08-07T01:14:17+08:00,akshare
sh601038,一拖股份,sh,,active,False,True,2026-08-07T01:14:17+08:00,akshare
sh601058,赛轮轮胎,sh,,active,False,True,2026-08-07T01:14:17+08:00,akshare
sh601059,信达证券,sh,,active,False,True,2026-08-07T01:14:17+08:00,akshare
sh601061,中信金属,sh,,active,False,True,2026-08-07T01:14:17+08:00,akshare
sh601065,江盐集团,sh,,active,False,True,2026-08-07T01:14:17+08:00,akshare
sh601066,中信建投,sh,,active,False,True,2026-08-07T01:14:17+08:00,akshare
sh601068,中铝国际,sh,,active,False,True,2026-08-07T01:14:17+08:00,akshare
sh601069,西部黄金,sh,,active,False,True,2026-08-07T01:14:17+08:00,akshare
sh601077,渝农商行,sh,,active,False,True,2026-08-07T01:14:17+08:00,akshare
sh601083,锦江航运,sh,,active,False,True,2026-08-07T01:14:17+08:00,akshare
sh601086,国芳集团,sh,,active,False,True,2026-08-07T01:14:17+08:00,akshare
sh601088,中国神华,sh,,active,False,True,2026-08-07T01:14:17+08:00,akshare
sh601089,福元医药,sh,,active,False,True,2026-08-07T01:14:17+08:00,akshare
sh601096,宏盛华源,sh,,active,False,True,2026-08-07T01:14:17+08:00,akshare
sh601098,中南传媒,sh,,active,False,True,2026-08-07T01:14:17+08:00,akshare
sh601099,太平洋,sh,,active,False,True,2026-08-07T01:14:17+08:00,akshare
sh601100,恒立液压,sh,,active,False,True,2026-08-07T01:14:17+08:00,akshare
sh601101,昊华能源,sh,,active,False,True,2026-08-07T01:14:17+08:00,akshare
sh601106,中国一重,sh,,active,False,True,2026-08-07T01:14:17+08:00,akshare
sh601107,四川成渝,sh,,active,False,True,2026-08-07T01:14:17+08:00,akshare
sh601108,财通证券,sh,,active,False,True,2026-08-07T01:14:17+08:00,akshare
sh601111,中国国航,sh,,active,False,True,2026-08-07T01:14:17+08:00,akshare
sh601112,振石股份,sh,,active,False,True,2026-08-07T01:14:17+08:00,akshare
sh601113,华鼎股份,sh,,active,False,True,2026-08-07T01:14:17+08:00,akshare
sh601116,三江购物,sh,,active,False,True,2026-08-07T01:14:17+08:00,akshare
sh601117,中国化学,sh,,active,False,True,2026-08-07T01:14:17+08:00,akshare
sh601118,海南橡胶,sh,,active,False,True,2026-08-07T01:14:17+08:00,akshare
sh601121,宝地矿业,sh,,active,False,True,2026-08-07T01:14:17+08:00,akshare
sh601126,四方股份,sh,,active,False,True,2026-08-07T01:14:17+08:00,akshare
sh601127,赛力斯,sh,,active,False,True,2026-08-07T01:14:17+08:00,akshare
sh601128,常熟银行,sh,,active,False,True,2026-08-07T01:14:17+08:00,akshare
sh601133,柏诚股份,sh,,active,False,True,2026-08-07T01:14:17+08:00,akshare
sh601136,首创证券,sh,,active,False,True,2026-08-07T01:14:17+08:00,akshare
sh601137,博威合金,sh,,active,False,True,2026-08-07T01:14:17+08:00,akshare
sh601138,工业富联,sh,,active,False,True,2026-08-07T01:14:17+08:00,akshare
sh601139,深圳燃气,sh,,active,False,True,2026-08-07T01:14:17+08:00,akshare
sh601155,新城控股,sh,,active,False,True,2026-08-07T01:14:17+08:00,akshare
sh601156,东航物流,sh,,active,False,True,2026-08-07T01:14:17+08:00,akshare
sh601158,重庆水务,sh,,active,False,True,2026-08-07T01:14:17+08:00,akshare
sh601162,天风证券,sh,,active,False,True,2026-08-07T01:14:17+08:00,akshare
sh601163,三角轮胎,sh,,active,False,True,2026-08-07T01:14:17+08:00,akshare
sh601166,兴业银行,sh,,active,False,True,2026-08-07T01:14:17+08:00,akshare
sh601168,西部矿业,sh,,active,False,True,2026-08-07T01:14:17+08:00,akshare
sh601169,北京银行,sh,,active,False,True,2026-08-07T01:14:17+08:00,akshare
sh601177,杭齿前进,sh,,active,False,True,2026-08-07T01:14:17+08:00,akshare
sh601179,中国西电,sh,,active,False,True,2026-08-07T01:14:17+08:00,akshare
sh601186,中国铁建,sh,,active,False,True,2026-08-07T01:14:17+08:00,akshare
sh601187,厦门银行,sh,,active,False,True,2026-08-07T01:14:17+08:00,akshare
sh601188,龙江交通,sh,,active,False,True,2026-08-07T01:14:17+08:00,akshare
sh601198,东兴证券,sh,,active,False,True,2026-08-07T01:14:17+08:00,akshare
sh601199,江南水务,sh,,active,False,True,2026-08-07T01:14:17+08:00,akshare
sh601200,上海环境,sh,,active,False,True,2026-08-07T01:14:17+08:00,akshare
sh601208,东材科技,sh,,active,False,True,2026-08-07T01:14:17+08:00,akshare
sh601211,国泰海通,sh,,active,False,True,2026-08-07T01:14:17+08:00,akshare
sh601212,白银有色,sh,,active,False,True,2026-08-07T01:14:17+08:00,akshare
sh601216,君正集团,sh,,active,False,True,2026-08-07T01:14:17+08:00,akshare
sh601218,吉鑫科技,sh,,active,False,True,2026-08-07T01:14:17+08:00,akshare
sh601222,林洋能源,sh,,active,False,True,2026-08-07T01:14:17+08:00,akshare
sh601225,陕西煤业,sh,,active,False,True,2026-08-07T01:14:17+08:00,akshare
sh601226,华电科工,sh,,active,False,True,2026-08-07T01:14:17+08:00,akshare
sh601228,广州港,sh,,active,False,True,2026-08-07T01:14:17+08:00,akshare
sh601229,上海银行,sh,,active,False,True,2026-08-07T01:14:17+08:00,akshare
sh601231,环旭电子,sh,,active,False,True,2026-08-07T01:14:17+08:00,akshare
sh601233,桐昆股份,sh,,active,False,True,2026-08-07T01:14:17+08:00,akshare
sh601236,红塔证券,sh,,active,False,True,2026-08-07T01:14:17+08:00,akshare
sh601238,广汽集团,sh,,active,False,True,2026-08-07T01:14:17+08:00,akshare
sh601279,英利汽车,sh,,active,False,True,2026-08-07T01:14:17+08:00,akshare
sh601288,农业银行,sh,,active,False,True,2026-08-07T01:14:17+08:00,akshare
sh601298,青岛港,sh,,active,False,True,2026-08-07T01:14:17+08:00,akshare
sh601311,骆驼股份,sh,,active,False,True,2026-08-07T01:14:17+08:00,akshare
sh601318,中国平安,sh,,active,False,True,2026-08-07T01:14:17+08:00,akshare
sh601319,中国人保,sh,,active,False,True,2026-08-07T01:14:17+08:00,akshare
sh601326,秦港股份,sh,,active,False,True,2026-08-07T01:14:17+08:00,akshare
sh601328,交通银行,sh,,active,False,True,2026-08-07T01:14:17+08:00,akshare
sh601330,绿色动力,sh,,active,False,True,2026-08-07T01:14:17+08:00,akshare
sh601333,广深铁路,sh,,active,False,True,2026-08-07T01:14:17+08:00,akshare
sh601336,新华保险,sh,,active,False,True,2026-08-07T01:14:17+08:00,akshare
sh601339,百隆东方,sh,,active,False,True,2026-08-07T01:14:17+08:00,akshare
sh601360,三六零,sh,,active,False,True,2026-08-07T01:14:17+08:00,akshare
sh601366,利群股份,sh,,active,False,True,2026-08-07T01:14:17+08:00,akshare
sh601368,绿城水务,sh,,active,False,True,2026-08-07T01:14:17+08:00,akshare
sh601369,陕鼓动力,sh,,active,False,True,2026-08-07T01:14:17+08:00,akshare
sh601375,中原证券,sh,,active,False,True,2026-08-07T01:14:17+08:00,akshare
sh601377,兴业证券,sh,,active,False,True,2026-08-07T01:14:17+08:00,akshare
sh601388,怡球资源,sh,,active,False,True,2026-08-07T01:14:17+08:00,akshare
sh601390,中国中铁,sh,,active,False,True,2026-08-07T01:14:17+08:00,akshare
sh601398,工商银行,sh,,active,False,True,2026-08-07T01:14:17+08:00,akshare
sh601399,国机重装,sh,,active,False,True,2026-08-07T01:14:17+08:00,akshare
sh601456,国联民生,sh,,active,False,True,2026-08-07T01:14:17+08:00,akshare
sh601500,通用股份,sh,,active,False,True,2026-08-07T01:14:17+08:00,akshare
sh601512,中新集团,sh,,active,False,True,2026-08-07T01:14:17+08:00,akshare
sh601515,衢州东峰,sh,,active,False,True,2026-08-07T01:14:17+08:00,akshare
sh601518,吉林高速,sh,,active,False,True,2026-08-07T01:14:17+08:00,akshare
sh601519,大智慧,sh,,active,False,True,2026-08-07T01:14:17+08:00,akshare
sh601528,瑞丰银行,sh,,active,False,True,2026-08-07T01:14:17+08:00,akshare
sh601555,东吴证券,sh,,active,False,True,2026-08-07T01:14:17+08:00,akshare
sh601566,九牧王,sh,,active,False,True,2026-08-07T01:14:17+08:00,akshare
sh601567,三星电气,sh,,active,False,True,2026-08-07T01:14:17+08:00,akshare
sh601568,北元化工,sh,,active,False,True,2026-08-07T01:14:17+08:00,akshare
sh601577,长沙银行,sh,,active,False,True,2026-08-07T01:14:17+08:00,akshare
sh601579,会稽山,sh,,active,False,True,2026-08-07T01:14:17+08:00,akshare
sh601588,北辰实业,sh,,active,False,True,2026-08-07T01:14:17+08:00,akshare
sh601595,上海电影,sh,,active,False,True,2026-08-07T01:14:17+08:00,akshare
sh601598,中国外运,sh,,active,False,True,2026-08-07T01:14:17+08:00,akshare
sh601599,浙文影业,sh,,active,False,True,2026-08-07T01:14:17+08:00,akshare
sh601600,中国铝业,sh,,active,False,True,2026-08-07T01:14:17+08:00,akshare
sh601601,中国太保,sh,,active,False,True,2026-08-07T01:14:17+08:00,akshare
sh601606,长城军工,sh,,active,False,True,2026-08-07T01:14:17+08:00,akshare
sh601607,上海医药,sh,,active,False,True,2026-08-07T01:14:17+08:00,akshare
sh601608,中信重工,sh,,active,False,True,2026-08-07T01:14:17+08:00,akshare
sh601609,金田股份,sh,,active,False,True,2026-08-07T01:14:17+08:00,akshare
sh601611,中国核建,sh,,active,False,True,2026-08-07T01:14:17+08:00,akshare
sh601615,明阳智能,sh,,active,False,True,2026-08-07T01:14:17+08:00,akshare
sh601616,广电电气,sh,,active,False,True,2026-08-07T01:14:17+08:00,akshare
sh601618,中国中冶,sh,,active,False,True,2026-08-07T01:14:17+08:00,akshare
sh601619,嘉泽新能,sh,,active,False,True,2026-08-07T01:14:17+08:00,akshare
sh601628,中国人寿,sh,,active,False,True,2026-08-07T01:14:17+08:00,akshare
sh601633,长城汽车,sh,,active,False,True,2026-08-07T01:14:17+08:00,akshare
sh601636,旗滨集团,sh,,active,False,True,2026-08-07T01:14:17+08:00,akshare
sh601658,邮储银行,sh,,active,False,True,2026-08-07T01:14:17+08:00,akshare
sh601665,齐鲁银行,sh,,active,False,True,2026-08-07T01:14:17+08:00,akshare
sh601666,平煤股份,sh,,active,False,True,2026-08-07T01:14:17+08:00,akshare
sh601668,中国建筑,sh,,active,False,True,2026-08-07T01:14:17+08:00,akshare
sh601669,中国电建,sh,,active,False,True,2026-08-07T01:14:17+08:00,akshare
sh601677,明泰铝业,sh,,active,False,True,2026-08-07T01:14:17+08:00,akshare
sh601678,滨化股份,sh,,active,False,True,2026-08-07T01:14:17+08:00,akshare
sh601686,友发集团,sh,,active,False,True,2026-08-07T01:14:17+08:00,akshare
sh601688,华泰证券,sh,,active,False,True,2026-08-07T01:14:17+08:00,akshare
sh601689,拓普集团,sh,,active,False,True,2026-08-07T01:14:17+08:00,akshare
sh601696,中银证券,sh,,active,False,True,2026-08-07T01:14:17+08:00,akshare
sh601698,中国卫通,sh,,active,False,True,2026-08-07T01:14:17+08:00,akshare
sh601699,潞安环能,sh,,active,False,True,2026-08-07T01:14:17+08:00,akshare
sh601700,风范股份,sh,,active,False,True,2026-08-07T01:14:17+08:00,akshare
sh601702,华峰铝业,sh,,active,False,True,2026-08-07T01:14:17+08:00,akshare
sh601717,中创智领,sh,,active,False,True,2026-08-07T01:14:17+08:00,akshare
sh601718,ST际华,sh,,active,True,True,2026-08-07T01:14:17+08:00,akshare
sh601727,上海电气,sh,,active,False,True,2026-08-07T01:14:17+08:00,akshare
sh601728,中国电信,sh,,active,False,True,2026-08-07T01:14:17+08:00,akshare
sh601766,中国中车,sh,,active,False,True,2026-08-07T01:14:17+08:00,akshare
sh601777,千里科技,sh,,active,False,True,2026-08-07T01:14:17+08:00,akshare
sh601778,晶科科技,sh,,active,False,True,2026-08-07T01:14:17+08:00,akshare
sh601788,光大证券,sh,,active,False,True,2026-08-07T01:14:17+08:00,akshare
sh601789,宁波建工,sh,,active,False,True,2026-08-07T01:14:17+08:00,akshare
sh601798,蓝科高新,sh,,active,False,True,2026-08-07T01:14:17+08:00,akshare
sh601799,星宇股份,sh,,active,False,True,2026-08-07T01:14:17+08:00,akshare
sh601800,中国交建,sh,,active,False,True,2026-08-07T01:14:17+08:00,akshare
sh601801,皖新传媒,sh,,active,False,True,2026-08-07T01:14:17+08:00,akshare
sh601808,中海油服,sh,,active,False,True,2026-08-07T01:14:17+08:00,akshare
sh601811,新华文轩,sh,,active,False,True,2026-08-07T01:14:17+08:00,akshare
sh601816,京沪高铁,sh,,active,False,True,2026-08-07T01:14:17+08:00,akshare
sh601818,光大银行,sh,,active,False,True,2026-08-07T01:14:17+08:00,akshare
sh601825,沪农商行,sh,,active,False,True,2026-08-07T01:14:17+08:00,akshare
sh601827,三峰环境,sh,,active,False,True,2026-08-07T01:14:17+08:00,akshare
sh601828,美凯龙,sh,,active,False,True,2026-08-07T01:14:17+08:00,akshare
sh601838,成都银行,sh,,active,False,True,2026-08-07T01:14:17+08:00,akshare
sh601857,中国石油,sh,,active,False,True,2026-08-07T01:14:17+08:00,akshare
sh601858,中国科传,sh,,active,False,True,2026-08-07T01:14:17+08:00,akshare
sh601860,紫金银行,sh,,active,False,True,2026-08-07T01:14:17+08:00,akshare
sh601865,福莱特,sh,,active,False,True,2026-08-07T01:14:17+08:00,akshare
sh601866,中远海发,sh,,active,False,True,2026-08-07T01:14:17+08:00,akshare
sh601868,中国能建,sh,,active,False,True,2026-08-07T01:14:17+08:00,akshare
sh601869,长飞光纤,sh,,active,False,True,2026-08-07T01:14:17+08:00,akshare
sh601872,招商轮船,sh,,active,False,True,2026-08-07T01:14:17+08:00,akshare
sh601877,正泰电器,sh,,active,False,True,2026-08-07T01:14:17+08:00,akshare
sh601878,浙商证券,sh,,active,False,True,2026-08-07T01:14:17+08:00,akshare
sh601880,辽港股份,sh,,active,False,True,2026-08-07T01:14:17+08:00,akshare
sh601881,中国银河,sh,,active,False,True,2026-08-07T01:14:17+08:00,akshare
sh601882,海天精工,sh,,active,False,True,2026-08-07T01:14:17+08:00,akshare
sh601886,江河集团,sh,,active,False,True,2026-08-07T01:14:17+08:00,akshare
sh601888,中国中免,sh,,active,False,True,2026-08-07T01:14:17+08:00,akshare
sh601890,亚星锚链,sh,,active,False,True,2026-08-07T01:14:17+08:00,akshare
sh601898,中煤能源,sh,,active,False,True,2026-08-07T01:14:17+08:00,akshare
sh601899,紫金矿业,sh,,active,False,True,2026-08-07T01:14:17+08:00,akshare
sh601900,南方传媒,sh,,active,False,True,2026-08-07T01:14:17+08:00,akshare
sh601901,方正证券,sh,,active,False,True,2026-08-07T01:14:17+08:00,akshare
sh601908,京运通,sh,,active,False,True,2026-08-07T01:14:17+08:00,akshare
sh601916,浙商银行,sh,,active,False,True,2026-08-07T01:14:17+08:00,akshare
sh601918,新集能源,sh,,active,False,True,2026-08-07T01:14:17+08:00,akshare
sh601919,中远海控,sh,,active,False,True,2026-08-07T01:14:17+08:00,akshare
sh601921,浙版传媒,sh,,active,False,True,2026-08-07T01:14:17+08:00,akshare
sh601928,凤凰传媒,sh,,active,False,True,2026-08-07T01:14:17+08:00,akshare
sh601929,吉视传媒,sh,,active,False,True,2026-08-07T01:14:17+08:00,akshare
sh601933,永辉超市,sh,,active,False,True,2026-08-07T01:14:17+08:00,akshare
sh601939,建设银行,sh,,active,False,True,2026-08-07T01:14:17+08:00,akshare
sh601949,中国出版,sh,,active,False,True,2026-08-07T01:14:17+08:00,akshare
sh601952,苏垦农发,sh,,active,False,True,2026-08-07T01:14:17+08:00,akshare
sh601956,东贝集团,sh,,active,False,True,2026-08-07T01:14:17+08:00,akshare
sh601958,XD金钼股,sh,,active,False,True,2026-08-07T01:14:17+08:00,akshare
sh601963,重庆银行,sh,,active,False,True,2026-08-07T01:14:17+08:00,akshare
sh601965,中国汽研,sh,,active,False,True,2026-08-07T01:14:17+08:00,akshare
sh601966,玲珑轮胎,sh,,active,False,True,2026-08-07T01:14:17+08:00,akshare
sh601968,宝钢包装,sh,,active,False,True,2026-08-07T01:14:17+08:00,akshare
sh601969,海南矿业,sh,,active,False,True,2026-08-07T01:14:17+08:00,akshare
sh601975,招商南油,sh,,active,False,True,2026-08-07T01:14:17+08:00,akshare
sh601985,中国核电,sh,,active,False,True,2026-08-07T01:14:17+08:00,akshare
sh601988,中国银行,sh,,active,False,True,2026-08-07T01:14:17+08:00,akshare
sh601990,南京证券,sh,,active,False,True,2026-08-07T01:14:17+08:00,akshare
sh601991,大唐发电,sh,,active,False,True,2026-08-07T01:14:17+08:00,akshare
sh601992,金隅集团,sh,,active,False,True,2026-08-07T01:14:17+08:00,akshare
sh601995,中金公司,sh,,active,False,True,2026-08-07T01:14:17+08:00,akshare
sh601996,丰林集团,sh,,active,False,True,2026-08-07T01:14:17+08:00,akshare
sh601997,贵阳银行,sh,,active,False,True,2026-08-07T01:14:17+08:00,akshare
sh601998,中信银行,sh,,active,False,True,2026-08-07T01:14:17+08:00,akshare
sh601999,出版传媒,sh,,active,False,True,2026-08-07T01:14:17+08:00,akshare
sh603000,人民网,sh,,active,False,True,2026-08-07T01:14:17+08:00,akshare
sh603001,奥康国际,sh,,active,False,True,2026-08-07T01:14:17+08:00,akshare
sh603002,宏昌电子,sh,,active,False,True,2026-08-07T01:14:17+08:00,akshare
sh603004,鼎龙科技,sh,,active,False,True,2026-08-07T01:14:17+08:00,akshare
sh603005,晶方科技,sh,,active,False,True,2026-08-07T01:14:17+08:00,akshare
sh603006,联明股份,sh,,active,False,True,2026-08-07T01:14:17+08:00,akshare
sh603007,顺景科技,sh,,active,False,True,2026-08-07T01:14:17+08:00,akshare
sh603008,ST喜临门,sh,,active,True,True,2026-08-07T01:14:17+08:00,akshare
sh603009,北特科技,sh,,active,False,True,2026-08-07T01:14:17+08:00,akshare
sh603010,万盛股份,sh,,active,False,True,2026-08-07T01:14:17+08:00,akshare
sh603011,合锻智能,sh,,active,False,True,2026-08-07T01:14:17+08:00,akshare
sh603012,创力集团,sh,,active,False,True,2026-08-07T01:14:17+08:00,akshare
sh603013,亚普股份,sh,,active,False,True,2026-08-07T01:14:17+08:00,akshare
sh603014,威高血净,sh,,active,False,True,2026-08-07T01:14:17+08:00,akshare
sh603015,弘讯科技,sh,,active,False,True,2026-08-07T01:14:17+08:00,akshare
sh603016,新宏泰,sh,,active,False,True,2026-08-07T01:14:17+08:00,akshare
sh603017,中衡设计,sh,,active,False,True,2026-08-07T01:14:17+08:00,akshare
sh603018,华设集团,sh,,active,False,True,2026-08-07T01:14:17+08:00,akshare
sh603019,中科曙光,sh,,active,False,True,2026-08-07T01:14:17+08:00,akshare
sh603020,爱普股份,sh,,active,False,True,2026-08-07T01:14:17+08:00,akshare
sh603021,*ST华鹏,sh,,active,True,True,2026-08-07T01:14:17+08:00,akshare
sh603022,新通联,sh,,active,False,True,2026-08-07T01:14:17+08:00,akshare
sh603023,威帝股份,sh,,active,False,True,2026-08-07T01:14:17+08:00,akshare
sh603025,大豪科技,sh,,active,False,True,2026-08-07T01:14:17+08:00,akshare
sh603026,石大胜华,sh,,active,False,True,2026-08-07T01:14:17+08:00,akshare
sh603027,千禾味业,sh,,active,False,True,2026-08-07T01:14:17+08:00,akshare
sh603028,赛福天,sh,,active,False,True,2026-08-07T01:14:17+08:00,akshare
sh603029,天鹅股份,sh,,active,False,True,2026-08-07T01:14:17+08:00,akshare
sh603030,全筑股份,sh,,active,False,True,2026-08-07T01:14:17+08:00,akshare
sh603031,安孚科技,sh,,active,False,True,2026-08-07T01:14:17+08:00,akshare
sh603032,德新科技,sh,,active,False,True,2026-08-07T01:14:17+08:00,akshare
sh603033,三维股份,sh,,active,False,True,2026-08-07T01:14:17+08:00,akshare
sh603035,常熟汽饰,sh,,active,False,True,2026-08-07T01:14:17+08:00,akshare
sh603036,如通股份,sh,,active,False,True,2026-08-07T01:14:17+08:00,akshare
sh603037,凯众股份,sh,,active,False,True,2026-08-07T01:14:17+08:00,akshare
sh603038,华立股份,sh,,active,False,True,2026-08-07T01:14:17+08:00,akshare
sh603039,泛微网络,sh,,active,False,True,2026-08-07T01:14:17+08:00,akshare
sh603040,新坐标,sh,,active,False,True,2026-08-07T01:14:17+08:00,akshare
sh603041,美思德,sh,,active,False,True,2026-08-07T01:14:17+08:00,akshare
sh603042,华脉科技,sh,,active,False,True,2026-08-07T01:14:17+08:00,akshare
sh603043,广州酒家,sh,,active,False,True,2026-08-07T01:14:17+08:00,akshare
sh603045,福达合金,sh,,active,False,True,2026-08-07T01:14:17+08:00,akshare
sh603048,浙江黎明,sh,,active,False,True,2026-08-07T01:14:17+08:00,akshare
sh603049,中策橡胶,sh,,active,False,True,2026-08-07T01:14:17+08:00,akshare
sh603050,科林电气,sh,,active,False,True,2026-08-07T01:14:17+08:00,akshare
sh603051,鹿山新材,sh,,active,False,True,2026-08-07T01:14:17+08:00,akshare
sh603052,可川科技,sh,,active,False,True,2026-08-07T01:14:17+08:00,akshare
sh603053,成都燃气,sh,,active,False,True,2026-08-07T01:14:17+08:00,akshare
sh603055,台华新材,sh,,active,False,True,2026-08-07T01:14:17+08:00,akshare
sh603057,紫燕食品,sh,,active,False,True,2026-08-07T01:14:17+08:00,akshare
sh603058,永吉股份,sh,,active,False,True,2026-08-07T01:14:17+08:00,akshare
sh603059,倍加洁,sh,,active,False,True,2026-08-07T01:14:17+08:00,akshare
sh603060,国检集团,sh,,active,False,True,2026-08-07T01:14:17+08:00,akshare
sh603061,金海通,sh,,active,False,True,2026-08-07T01:14:17+08:00,akshare
sh603062,麦加芯彩,sh,,active,False,True,2026-08-07T01:14:17+08:00,akshare
sh603063,禾望电气,sh,,active,False,True,2026-08-07T01:14:17+08:00,akshare
sh603065,宿迁联盛,sh,,active,False,True,2026-08-07T01:14:17+08:00,akshare
sh603066,音飞储存,sh,,active,False,True,2026-08-07T01:14:17+08:00,akshare
sh603067,振华股份,sh,,active,False,True,2026-08-07T01:14:17+08:00,akshare
sh603068,博通集成,sh,,active,False,True,2026-08-07T01:14:17+08:00,akshare
sh603069,海汽集团,sh,,active,False,True,2026-08-07T01:14:17+08:00,akshare
sh603070,万控智造,sh,,active,False,True,2026-08-07T01:14:17+08:00,akshare
sh603071,物产环能,sh,,active,False,True,2026-08-07T01:14:17+08:00,akshare
sh603072,天和磁材,sh,,active,False,True,2026-08-07T01:14:17+08:00,akshare
sh603073,彩蝶实业,sh,,active,False,True,2026-08-07T01:14:17+08:00,akshare
sh603075,热威股份,sh,,active,False,True,2026-08-07T01:14:17+08:00,akshare
sh603076,乐惠国际,sh,,active,False,True,2026-08-07T01:14:17+08:00,akshare
sh603077,和邦生物,sh,,active,False,True,2026-08-07T01:14:17+08:00,akshare
sh603078,江化微,sh,,active,False,True,2026-08-07T01:14:17+08:00,akshare
sh603079,圣达生物,sh,,active,False,True,2026-08-07T01:14:17+08:00,akshare
sh603080,新疆火炬,sh,,active,False,True,2026-08-07T01:14:17+08:00,akshare
sh603081,大丰实业,sh,,active,False,True,2026-08-07T01:14:17+08:00,akshare
sh603082,北自科技,sh,,active,False,True,2026-08-07T01:14:17+08:00,akshare
sh603083,剑桥科技,sh,,active,False,True,2026-08-07T01:14:17+08:00,akshare
sh603085,天成自控,sh,,active,False,True,2026-08-07T01:14:17+08:00,akshare
sh603086,先达股份,sh,,active,False,True,2026-08-07T01:14:17+08:00,akshare
sh603087,甘李药业,sh,,active,False,True,2026-08-07T01:14:17+08:00,akshare
sh603088,宁波精达,sh,,active,False,True,2026-08-07T01:14:17+08:00,akshare
sh603089,正裕工业,sh,,active,False,True,2026-08-07T01:14:17+08:00,akshare
sh603090,宏盛股份,sh,,active,False,True,2026-08-07T01:14:17+08:00,akshare
sh603091,众鑫股份,sh,,active,False,True,2026-08-07T01:14:17+08:00,akshare
sh603092,德力佳,sh,,active,False,True,2026-08-07T01:14:17+08:00,akshare
sh603093,南华期货,sh,,active,False,True,2026-08-07T01:14:17+08:00,akshare
sh603095,越剑智能,sh,,active,False,True,2026-08-07T01:14:17+08:00,akshare
sh603096,新经典,sh,,active,False,True,2026-08-07T01:14:17+08:00,akshare
sh603097,江苏华辰,sh,,active,False,True,2026-08-07T01:14:17+08:00,akshare
sh603098,森特股份,sh,,active,False,True,2026-08-07T01:14:17+08:00,akshare
sh603099,长白山,sh,,active,False,True,2026-08-07T01:14:17+08:00,akshare
sh603100,川仪股份,sh,,active,False,True,2026-08-07T01:14:17+08:00,akshare
sh603101,汇嘉时代,sh,,active,False,True,2026-08-07T01:14:17+08:00,akshare
sh603102,百合股份,sh,,active,False,True,2026-08-07T01:14:17+08:00,akshare
sh603103,横店影视,sh,,active,False,True,2026-08-07T01:14:17+08:00,akshare
sh603105,芯能科技,sh,,active,False,True,2026-08-07T01:14:17+08:00,akshare
sh603106,恒银科技,sh,,active,False,True,2026-08-07T01:14:17+08:00,akshare
sh603107,上海汽配,sh,,active,False,True,2026-08-07T01:14:17+08:00,akshare
sh603108,润达医疗,sh,,active,False,True,2026-08-07T01:14:17+08:00,akshare
sh603109,神驰机电,sh,,active,False,True,2026-08-07T01:14:17+08:00,akshare
sh603110,东方材料,sh,,active,False,True,2026-08-07T01:14:17+08:00,akshare
sh603111,康尼机电,sh,,active,False,True,2026-08-07T01:14:17+08:00,akshare
sh603112,华翔股份,sh,,active,False,True,2026-08-07T01:14:17+08:00,akshare
sh603113,金能科技,sh,,active,False,True,2026-08-07T01:14:17+08:00,akshare
sh603115,海星股份,sh,,active,False,True,2026-08-07T01:14:17+08:00,akshare
sh603116,红蜻蜓,sh,,active,False,True,2026-08-07T01:14:17+08:00,akshare
sh603117,万林物流,sh,,active,False,True,2026-08-07T01:14:17+08:00,akshare
sh603118,共进股份,sh,,active,False,True,2026-08-07T01:14:17+08:00,akshare
sh603119,浙江荣泰,sh,,active,False,True,2026-08-07T01:14:17+08:00,akshare
sh603120,肯特催化,sh,,active,False,True,2026-08-07T01:14:17+08:00,akshare
sh603121,华培动力,sh,,active,False,True,2026-08-07T01:14:17+08:00,akshare
sh603122,合富中国,sh,,active,False,True,2026-08-07T01:14:17+08:00,akshare
sh603123,翠微股份,sh,,active,False,True,2026-08-07T01:14:17+08:00,akshare
sh603124,江南新材,sh,,active,False,True,2026-08-07T01:14:17+08:00,akshare
sh603125,常青科技,sh,,active,False,True,2026-08-07T01:14:17+08:00,akshare
sh603126,中材节能,sh,,active,False,True,2026-08-07T01:14:17+08:00,akshare
sh603127,昭衍新药,sh,,active,False,True,2026-08-07T01:14:17+08:00,akshare
sh603128,华贸物流,sh,,active,False,True,2026-08-07T01:14:17+08:00,akshare
sh603129,春风动力,sh,,active,False,True,2026-08-07T01:14:17+08:00,akshare
sh603130,云中马,sh,,active,False,True,2026-08-07T01:14:17+08:00,akshare
sh603131,上海沪工,sh,,active,False,True,2026-08-07T01:14:17+08:00,akshare
sh603132,金徽股份,sh,,active,False,True,2026-08-07T01:14:17+08:00,akshare
sh603135,中重科技,sh,,active,False,True,2026-08-07T01:14:17+08:00,akshare
sh603136,天目湖,sh,,active,False,True,2026-08-07T01:14:17+08:00,akshare
sh603137,恒尚节能,sh,,active,False,True,2026-08-07T01:14:17+08:00,akshare
sh603138,海量数据,sh,,active,False,True,2026-08-07T01:14:17+08:00,akshare
sh603139,康惠股份,sh,,active,False,True,2026-08-07T01:14:17+08:00,akshare
sh603150,万朗磁塑,sh,,active,False,True,2026-08-07T01:14:17+08:00,akshare
sh603151,邦基科技,sh,,active,False,True,2026-08-07T01:14:17+08:00,akshare
sh603153,上海建科,sh,,active,False,True,2026-08-07T01:14:17+08:00,akshare
sh603155,新亚强,sh,,active,False,True,2026-08-07T01:14:17+08:00,akshare
sh603156,养元饮品,sh,,active,False,True,2026-08-07T01:14:17+08:00,akshare
sh603158,腾龙股份,sh,,active,False,True,2026-08-07T01:14:17+08:00,akshare
sh603159,上海亚虹,sh,,active,False,True,2026-08-07T01:14:17+08:00,akshare
sh603160,汇顶科技,sh,,active,False,True,2026-08-07T01:14:17+08:00,akshare
sh603161,科华控股,sh,,active,False,True,2026-08-07T01:14:17+08:00,akshare
sh603162,海通发展,sh,,active,False,True,2026-08-07T01:14:17+08:00,akshare
sh603163,圣晖集成,sh,,active,False,True,2026-08-07T01:14:17+08:00,akshare
sh603165,荣晟环保,sh,,active,False,True,2026-08-07T01:14:17+08:00,akshare
sh603166,福达股份,sh,,active,False,True,2026-08-07T01:14:17+08:00,akshare
sh603167,渤海轮渡,sh,,active,False,True,2026-08-07T01:14:17+08:00,akshare
sh603168,莎普爱思,sh,,active,False,True,2026-08-07T01:14:17+08:00,akshare
sh603169,兰石重装,sh,,active,False,True,2026-08-07T01:14:17+08:00,akshare
sh603170,宝立食品,sh,,active,False,True,2026-08-07T01:14:17+08:00,akshare
sh603171,税友股份,sh,,active,False,True,2026-08-07T01:14:17+08:00,akshare
sh603172,万丰股份,sh,,active,False,True,2026-08-07T01:14:17+08:00,akshare
sh603173,福斯达,sh,,active,False,True,2026-08-07T01:14:17+08:00,akshare
sh603175,超颖电子,sh,,active,False,True,2026-08-07T01:14:17+08:00,akshare
sh603176,汇通集团,sh,,active,False,True,2026-08-07T01:14:17+08:00,akshare
sh603177,德创环保,sh,,active,False,True,2026-08-07T01:14:17+08:00,akshare
sh603178,圣龙股份,sh,,active,False,True,2026-08-07T01:14:17+08:00,akshare
sh603179,新泉股份,sh,,active,False,True,2026-08-07T01:14:17+08:00,akshare
sh603180,金牌家居,sh,,active,False,True,2026-08-07T01:14:17+08:00,akshare
sh603181,皇马科技,sh,,active,False,True,2026-08-07T01:14:17+08:00,akshare
sh603182,嘉华股份,sh,,active,False,True,2026-08-07T01:14:17+08:00,akshare
sh603183,建研院,sh,,active,False,True,2026-08-07T01:14:17+08:00,akshare
sh603185,弘元绿能,sh,,active,False,True,2026-08-07T01:14:17+08:00,akshare
sh603186,华正新材,sh,,active,False,True,2026-08-07T01:14:17+08:00,akshare
sh603187,海容冷链,sh,,active,False,True,2026-08-07T01:14:17+08:00,akshare
sh603188,亚邦股份,sh,,active,False,True,2026-08-07T01:14:17+08:00,akshare
sh603189,*ST网达,sh,,active,True,True,2026-08-07T01:14:17+08:00,akshare
sh603190,亚通精工,sh,,active,False,True,2026-08-07T01:14:17+08:00,akshare
sh603191,望变电气,sh,,active,False,True,2026-08-07T01:14:17+08:00,akshare
sh603192,汇得科技,sh,,active,False,True,2026-08-07T01:14:17+08:00,akshare
sh603193,润本股份,sh,,active,False,True,2026-08-07T01:14:17+08:00,akshare
sh603194,中力股份,sh,,active,False,True,2026-08-07T01:14:17+08:00,akshare
sh603195,公牛集团,sh,,active,False,True,2026-08-07T01:14:17+08:00,akshare
sh603196,璞源材料,sh,,active,False,True,2026-08-07T01:14:17+08:00,akshare
sh603197,保隆科技,sh,,active,False,True,2026-08-07T01:14:17+08:00,akshare
sh603198,迎驾贡酒,sh,,active,False,True,2026-08-07T01:14:17+08:00,akshare
sh603199,九华旅游,sh,,active,False,True,2026-08-07T01:14:17+08:00,akshare
sh603200,上海洗霸,sh,,active,False,True,2026-08-07T01:14:17+08:00,akshare
sh603201,常润股份,sh,,active,False,True,2026-08-07T01:14:17+08:00,akshare
sh603202,天有为,sh,,active,False,True,2026-08-07T01:14:17+08:00,akshare
sh603203,快克智能,sh,,active,False,True,2026-08-07T01:14:17+08:00,akshare
sh603205,健尔康,sh,,active,False,True,2026-08-07T01:14:17+08:00,akshare
sh603206,嘉环科技,sh,,active,False,True,2026-08-07T01:14:17+08:00,akshare
sh603207,小方制药,sh,,active,False,True,2026-08-07T01:14:17+08:00,akshare
sh603208,江山欧派,sh,,active,False,True,2026-08-07T01:14:17+08:00,akshare
sh603209,兴通股份,sh,,active,False,True,2026-08-07T01:14:17+08:00,akshare
sh603210,泰鸿万立,sh,,active,False,True,2026-08-07T01:14:17+08:00,akshare
sh603211,晋拓股份,sh,,active,False,True,2026-08-07T01:14:17+08:00,akshare
sh603212,赛伍技术,sh,,active,False,True,2026-08-07T01:14:17+08:00,akshare
sh603213,镇洋发展,sh,,active,False,True,2026-08-07T01:14:17+08:00,akshare
sh603214,爱婴室,sh,,active,False,True,2026-08-07T01:14:17+08:00,akshare
sh603215,比依股份,sh,,active,False,True,2026-08-07T01:14:17+08:00,akshare
sh603216,梦天家居,sh,,active,False,True,2026-08-07T01:14:17+08:00,akshare
sh603217,元利科技,sh,,active,False,True,2026-08-07T01:14:17+08:00,akshare
sh603218,日月股份,sh,,active,False,True,2026-08-07T01:14:17+08:00,akshare
sh603219,富佳股份,sh,,active,False,True,2026-08-07T01:14:17+08:00,akshare
sh603220,中贝通信,sh,,active,False,True,2026-08-07T01:14:17+08:00,akshare
sh603221,爱丽家居,sh,,active,False,True,2026-08-07T01:14:17+08:00,akshare
sh603222,济民健康,sh,,active,False,True,2026-08-07T01:14:17+08:00,akshare
sh603223,恒通股份,sh,,active,False,True,2026-08-07T01:14:17+08:00,akshare
sh603225,新凤鸣,sh,,active,False,True,2026-08-07T01:14:17+08:00,akshare
sh603226,菲林格尔,sh,,active,False,True,2026-08-07T01:14:17+08:00,akshare
sh603227,雪峰科技,sh,,active,False,True,2026-08-07T01:14:17+08:00,akshare
sh603228,景旺电子,sh,,active,False,True,2026-08-07T01:14:17+08:00,akshare
sh603229,奥翔药业,sh,,active,False,True,2026-08-07T01:14:17+08:00,akshare
sh603230,内蒙新华,sh,,active,False,True,2026-08-07T01:14:17+08:00,akshare
sh603231,索宝蛋白,sh,,active,False,True,2026-08-07T01:14:17+08:00,akshare
sh603232,格尔软件,sh,,active,False,True,2026-08-07T01:14:17+08:00,akshare
sh603233,大参林,sh,,active,False,True,2026-08-07T01:14:17+08:00,akshare
sh603235,天新药业,sh,,active,False,True,2026-08-07T01:14:17+08:00,akshare
sh603236,移远通信,sh,,active,False,True,2026-08-07T01:14:17+08:00,akshare
sh603237,五芳斋,sh,,active,False,True,2026-08-07T01:14:17+08:00,akshare
sh603238,诺邦股份,sh,,active,False,True,2026-08-07T01:14:17+08:00,akshare
sh603239,浙江仙通,sh,,active,False,True,2026-08-07T01:14:17+08:00,akshare
sh603248,锡华科技,sh,,active,False,True,2026-08-07T01:14:17+08:00,akshare
sh603255,鼎际得,sh,,active,False,True,2026-08-07T01:14:17+08:00,akshare
sh603256,宏和科技,sh,,active,False,True,2026-08-07T01:14:17+08:00,akshare
sh603257,中国瑞林,sh,,active,False,True,2026-08-07T01:14:17+08:00,akshare
sh603258,电魂网络,sh,,active,False,True,2026-08-07T01:14:17+08:00,akshare
sh603259,药明康德,sh,,active,False,True,2026-08-07T01:14:17+08:00,akshare
sh603260,合盛硅业,sh,,active,False,True,2026-08-07T01:14:17+08:00,akshare
sh603261,立航科技,sh,,active,False,True,2026-08-07T01:14:17+08:00,akshare
sh603262,技源集团,sh,,active,False,True,2026-08-07T01:14:17+08:00,akshare
sh603266,天龙股份,sh,,active,False,True,2026-08-07T01:14:17+08:00,akshare
sh603267,鸿远电子,sh,,active,False,True,2026-08-07T01:14:17+08:00,akshare
sh603268,松发股份,sh,,active,False,True,2026-08-07T01:14:17+08:00,akshare
sh603269,海鸥股份,sh,,active,False,True,2026-08-07T01:14:17+08:00,akshare
sh603270,金帝股份,sh,,active,False,True,2026-08-07T01:14:17+08:00,akshare
sh603271,永杰新材,sh,,active,False,True,2026-08-07T01:14:17+08:00,akshare
sh603272,*ST联翔,sh,,active,True,True,2026-08-07T01:14:17+08:00,akshare
sh603273,天元智能,sh,,active,False,True,2026-08-07T01:14:17+08:00,akshare
sh603275,众辰科技,sh,,active,False,True,2026-08-07T01:14:17+08:00,akshare
sh603276,恒兴新材,sh,,active,False,True,2026-08-07T01:14:17+08:00,akshare
sh603277,银都股份,sh,,active,False,True,2026-08-07T01:14:17+08:00,akshare
sh603278,大业股份,sh,,active,False,True,2026-08-07T01:14:17+08:00,akshare
sh603279,景津装备,sh,,active,False,True,2026-08-07T01:14:17+08:00,akshare
sh603280,南方路机,sh,,active,False,True,2026-08-07T01:14:17+08:00,akshare
sh603281,江瀚新材,sh,,active,False,True,2026-08-07T01:14:17+08:00,akshare
sh603282,亚光股份,sh,,active,False,True,2026-08-07T01:14:17+08:00,akshare
sh603283,赛腾股份,sh,,active,False,True,2026-08-07T01:14:17+08:00,akshare
sh603284,林平发展,sh,,active,False,True,2026-08-07T01:14:17+08:00,akshare
sh603285,键邦股份,sh,,active,False,True,2026-08-07T01:14:17+08:00,akshare
sh603286,日盈电子,sh,,active,False,True,2026-08-07T01:14:17+08:00,akshare
sh603288,海天味业,sh,,active,False,True,2026-08-07T01:14:17+08:00,akshare
sh603289,泰瑞机器,sh,,active,False,True,2026-08-07T01:14:17+08:00,akshare
sh603290,斯达半导,sh,,active,False,True,2026-08-07T01:14:17+08:00,akshare
sh603291,联合水务,sh,,active,False,True,2026-08-07T01:14:17+08:00,akshare
sh603293,埃泰克,sh,,active,False,True,2026-08-07T01:14:17+08:00,akshare
sh603296,华勤技术,sh,,active,False,True,2026-08-07T01:14:17+08:00,akshare
sh603297,永新光学,sh,,active,False,True,2026-08-07T01:14:17+08:00,akshare
sh603298,杭叉集团,sh,,active,False,True,2026-08-07T01:14:17+08:00,akshare
sh603299,苏盐井神,sh,,active,False,True,2026-08-07T01:14:17+08:00,akshare
sh603300,海南华铁,sh,,active,False,True,2026-08-07T01:14:17+08:00,akshare
sh603301,振德医疗,sh,,active,False,True,2026-08-07T01:14:17+08:00,akshare
sh603303,得邦照明,sh,,active,False,True,2026-08-07T01:14:17+08:00,akshare
sh603305,旭升集团,sh,,active,False,True,2026-08-07T01:14:17+08:00,akshare
sh603306,华懋科技,sh,,active,False,True,2026-08-07T01:14:17+08:00,akshare
sh603307,扬州金泉,sh,,active,False,True,2026-08-07T01:14:17+08:00,akshare
sh603308,应流股份,sh,,active,False,True,2026-08-07T01:14:17+08:00,akshare
sh603309,维力医疗,sh,,active,False,True,2026-08-07T01:14:17+08:00,akshare
sh603310,巍华新材,sh,,active,False,True,2026-08-07T01:14:17+08:00,akshare
sh603311,金海高科,sh,,active,False,True,2026-08-07T01:14:17+08:00,akshare
sh603312,西典新能,sh,,active,False,True,2026-08-07T01:14:17+08:00,akshare
sh603313,梦百合,sh,,active,False,True,2026-08-07T01:14:17+08:00,akshare
sh603315,福鞍股份,sh,,active,False,True,2026-08-07T01:14:17+08:00,akshare
sh603316,诚邦股份,sh,,active,False,True,2026-08-07T01:14:17+08:00,akshare
sh603317,天味食品,sh,,active,False,True,2026-08-07T01:14:17+08:00,akshare
sh603318,水发燃气,sh,,active,False,True,2026-08-07T01:14:17+08:00,akshare
sh603319,美湖股份,sh,,active,False,True,2026-08-07T01:14:17+08:00,akshare
sh603320,迪贝电气,sh,,active,False,True,2026-08-07T01:14:17+08:00,akshare
sh603321,梅轮电梯,sh,,active,False,True,2026-08-07T01:14:17+08:00,akshare
sh603322,超讯科技,sh,,active,False,True,2026-08-07T01:14:17+08:00,akshare
sh603323,苏农银行,sh,,active,False,True,2026-08-07T01:14:17+08:00,akshare
sh603324,盛剑科技,sh,,active,False,True,2026-08-07T01:14:17+08:00,akshare
sh603325,博隆技术,sh,,active,False,True,2026-08-07T01:14:17+08:00,akshare
sh603326,我乐家居,sh,,active,False,True,2026-08-07T01:14:17+08:00,akshare
sh603327,福蓉科技,sh,,active,False,True,2026-08-07T01:14:17+08:00,akshare
sh603328,依顿电子,sh,,active,False,True,2026-08-07T01:14:17+08:00,akshare
sh603329,上海雅仕,sh,,active,False,True,2026-08-07T01:14:17+08:00,akshare
sh603330,天洋新材,sh,,active,False,True,2026-08-07T01:14:17+08:00,akshare
sh603331,百达精工,sh,,active,False,True,2026-08-07T01:14:17+08:00,akshare
sh603332,苏州龙杰,sh,,active,False,True,2026-08-07T01:14:17+08:00,akshare
sh603333,福华尚纬,sh,,active,False,True,2026-08-07T01:14:17+08:00,akshare
sh603334,丰倍生物,sh,,active,False,True,2026-08-07T01:14:17+08:00,akshare
sh603335,迪生力,sh,,active,False,True,2026-08-07T01:14:17+08:00,akshare
sh603336,宏辉果蔬,sh,,active,False,True,2026-08-07T01:14:17+08:00,akshare
sh603337,杰克科技,sh,,active,False,True,2026-08-07T01:14:17+08:00,akshare
sh603338,浙江鼎力,sh,,active,False,True,2026-08-07T01:14:17+08:00,akshare
sh603339,四方科技,sh,,active,False,True,2026-08-07T01:14:17+08:00,akshare
sh603341,龙旗科技,sh,,active,False,True,2026-08-07T01:14:17+08:00,akshare
sh603344,星德胜,sh,,active,False,True,2026-08-07T01:14:17+08:00,akshare
sh603345,安井食品,sh,,active,False,True,2026-08-07T01:14:17+08:00,akshare
sh603348,文灿股份,sh,,active,False,True,2026-08-07T01:14:17+08:00,akshare
sh603350,安乃达,sh,,active,False,True,2026-08-07T01:14:17+08:00,akshare
sh603351,威尔药业,sh,,active,False,True,2026-08-07T01:14:17+08:00,akshare
sh603352,至信股份,sh,,active,False,True,2026-08-07T01:14:17+08:00,akshare
sh603353,和顺石油,sh,,active,False,True,2026-08-07T01:14:17+08:00,akshare
sh603355,莱克电气,sh,,active,False,True,2026-08-07T01:14:17+08:00,akshare
sh603356,华菱精工,sh,,active,False,True,2026-08-07T01:14:17+08:00,akshare
sh603357,设计总院,sh,,active,False,True,2026-08-07T01:14:17+08:00,akshare
sh603358,华达科技,sh,,active,False,True,2026-08-07T01:14:17+08:00,akshare
sh603359,*ST东珠,sh,,active,True,True,2026-08-07T01:14:17+08:00,akshare
sh603360,百傲化学,sh,,active,False,True,2026-08-07T01:14:17+08:00,akshare
sh603363,傲农生物,sh,,active,False,True,2026-08-07T01:14:17+08:00,akshare
sh603365,水星家纺,sh,,active,False,True,2026-08-07T01:14:17+08:00,akshare
sh603366,日出东方,sh,,active,False,True,2026-08-07T01:14:17+08:00,akshare
sh603367,辰欣药业,sh,,active,False,True,2026-08-07T01:14:17+08:00,akshare
sh603368,柳药集团,sh,,active,False,True,2026-08-07T01:14:17+08:00,akshare
sh603369,今世缘,sh,,active,False,True,2026-08-07T01:14:17+08:00,akshare
sh603370,华新精科,sh,,active,False,True,2026-08-07T01:14:17+08:00,akshare
sh603373,安邦护卫,sh,,active,False,True,2026-08-07T01:14:17+08:00,akshare
sh603375,盛景微,sh,,active,False,True,2026-08-07T01:14:17+08:00,akshare
sh603376,大明电子,sh,,active,False,True,2026-08-07T01:14:17+08:00,akshare
sh603377,ST东时,sh,,active,True,True,2026-08-07T01:14:17+08:00,akshare
sh603378,*ST亚士,sh,,active,True,True,2026-08-07T01:14:17+08:00,akshare
sh603379,三美股份,sh,,active,False,True,2026-08-07T01:14:17+08:00,akshare
sh603380,易德龙,sh,,active,False,True,2026-08-07T01:14:17+08:00,akshare
sh603381,永臻股份,sh,,active,False,True,2026-08-07T01:14:17+08:00,akshare
sh603382,海阳科技,sh,,active,False,True,2026-08-07T01:14:17+08:00,akshare
sh603383,顶点软件,sh,,active,False,True,2026-08-07T01:14:17+08:00,akshare
sh603385,惠达卫浴,sh,,active,False,True,2026-08-07T01:14:17+08:00,akshare
sh603386,骏亚科技,sh,,active,False,True,2026-08-07T01:14:17+08:00,akshare
sh603387,基蛋生物,sh,,active,False,True,2026-08-07T01:14:17+08:00,akshare
sh603389,亚振家居,sh,,active,False,True,2026-08-07T01:14:17+08:00,akshare
sh603390,通达电气,sh,,active,False,True,2026-08-07T01:14:17+08:00,akshare
sh603391,力聚热能,sh,,active,False,True,2026-08-07T01:14:17+08:00,akshare
sh603392,万泰生物,sh,,active,False,True,2026-08-07T01:14:17+08:00,akshare
sh603393,新天然气,sh,,active,False,True,2026-08-07T01:14:17+08:00,akshare
sh603395,红四方,sh,,active,False,True,2026-08-07T01:14:17+08:00,akshare
sh603396,金辰股份,sh,,active,False,True,2026-08-07T01:14:17+08:00,akshare
sh603398,*ST沐邦,sh,,active,True,True,2026-08-07T01:14:17+08:00,akshare
sh603399,永杉锂业,sh,,active,False,True,2026-08-07T01:14:17+08:00,akshare
sh603400,华之杰,sh,,active,False,True,2026-08-07T01:14:17+08:00,akshare
sh603402,陕西旅游,sh,,active,False,True,2026-08-07T01:14:17+08:00,akshare
sh603406,天富龙,sh,,active,False,True,2026-08-07T01:14:17+08:00,akshare
sh603407,长裕集团,sh,,active,False,True,2026-08-07T01:14:17+08:00,akshare
sh603408,建霖家居,sh,,active,False,True,2026-08-07T01:14:17+08:00,akshare
sh603409,汇通控股,sh,,active,False,True,2026-08-07T01:14:17+08:00,akshare
sh603416,信捷电气,sh,,active,False,True,2026-08-07T01:14:17+08:00,akshare
sh603418,友升股份,sh,,active,False,True,2026-08-07T01:14:17+08:00,akshare
sh603421,鼎信通讯,sh,,active,False,True,2026-08-07T01:14:17+08:00,akshare
sh603429,*ST集友,sh,,active,True,True,2026-08-07T01:14:17+08:00,akshare
sh603435,嘉德利,sh,,active,False,True,2026-08-07T01:14:17+08:00,akshare
sh603439,三力制药,sh,,active,False,True,2026-08-07T01:14:17+08:00,akshare
sh603444,吉比特,sh,,active,False,True,2026-08-07T01:14:17+08:00,akshare
sh603456,九洲药业,sh,,active,False,True,2026-08-07T01:14:17+08:00,akshare
sh603458,勘设股份,sh,,active,False,True,2026-08-07T01:14:17+08:00,akshare
sh603459,红板科技,sh,,active,False,True,2026-08-07T01:14:17+08:00,akshare
sh603466,风语筑,sh,,active,False,True,2026-08-07T01:14:17+08:00,akshare
sh603468,N津富,sh,,active,False,True,2026-08-07T01:14:17+08:00,akshare
sh603477,巨星农牧,sh,,active,False,True,2026-08-07T01:14:17+08:00,akshare
sh603486,科沃斯,sh,,active,False,True,2026-08-07T01:14:17+08:00,akshare
sh603488,展鹏科技,sh,,active,False,True,2026-08-07T01:14:17+08:00,akshare
sh603489,八方股份,sh,,active,False,True,2026-08-07T01:14:17+08:00,akshare
sh603496,恒为科技,sh,,active,False,True,2026-08-07T01:14:17+08:00,akshare
sh603499,翔港科技,sh,,active,False,True,2026-08-07T01:14:17+08:00,akshare
sh603500,祥和实业,sh,,active,False,True,2026-08-07T01:14:17+08:00,akshare
sh603501,豪威集团,sh,,active,False,True,2026-08-07T01:14:17+08:00,akshare
sh603505,金石资源,sh,,active,False,True,2026-08-07T01:14:17+08:00,akshare
sh603506,南都物业,sh,,active,False,True,2026-08-07T01:14:17+08:00,akshare
sh603507,振江股份,sh,,active,False,True,2026-08-07T01:14:17+08:00,akshare
sh603508,思维列控,sh,,active,False,True,2026-08-07T01:14:17+08:00,akshare
sh603511,爱慕股份,sh,,active,False,True,2026-08-07T01:14:17+08:00,akshare
sh603515,欧普照明,sh,,active,False,True,2026-08-07T01:14:17+08:00,akshare
sh603516,淳中科技,sh,,active,False,True,2026-08-07T01:14:17+08:00,akshare
sh603517,ST绝味,sh,,active,True,True,2026-08-07T01:14:17+08:00,akshare
sh603518,锦泓集团,sh,,active,False,True,2026-08-07T01:14:17+08:00,akshare
sh603519,立霸股份,sh,,active,False,True,2026-08-07T01:14:17+08:00,akshare
sh603520,司太立,sh,,active,False,True,2026-08-07T01:14:17+08:00,akshare
sh603527,众源新材,sh,,active,False,True,2026-08-07T01:14:17+08:00,akshare
sh603528,多伦科技,sh,,active,False,True,2026-08-07T01:14:17+08:00,akshare
sh603529,爱玛科技,sh,,active,False,True,2026-08-07T01:14:17+08:00,akshare
sh603530,神马电力,sh,,active,False,True,2026-08-07T01:14:17+08:00,akshare
sh603533,掌阅科技,sh,,active,False,True,2026-08-07T01:14:17+08:00,akshare
sh603535,嘉诚国际,sh,,active,False,True,2026-08-07T01:14:17+08:00,akshare
sh603536,惠发食品,sh,,active,False,True,2026-08-07T01:14:17+08:00,akshare
sh603538,美诺华,sh,,active,False,True,2026-08-07T01:14:17+08:00,akshare
sh603551,奥普科技,sh,,active,False,True,2026-08-07T01:14:17+08:00,akshare
sh603556,海兴电力,sh,,active,False,True,2026-08-07T01:14:17+08:00,akshare
sh603557,*ST起步,sh,,active,True,True,2026-08-07T01:14:17+08:00,akshare
sh603558,健盛集团,sh,,active,False,True,2026-08-07T01:14:17+08:00,akshare
sh603559,中通国脉,sh,,active,False,True,2026-08-07T01:14:17+08:00,akshare
sh603565,中谷物流,sh,,active,False,True,2026-08-07T01:14:17+08:00,akshare
sh603566,普莱柯,sh,,active,False,True,2026-08-07T01:14:17+08:00,akshare
sh603567,珍宝岛,sh,,active,False,True,2026-08-07T01:14:17+08:00,akshare
sh603568,伟明环保,sh,,active,False,True,2026-08-07T01:14:17+08:00,akshare
sh603569,长久物流,sh,,active,False,True,2026-08-07T01:14:17+08:00,akshare
sh603577,汇金通,sh,,active,False,True,2026-08-07T01:14:17+08:00,akshare
sh603578,三星新材,sh,,active,False,True,2026-08-07T01:14:17+08:00,akshare
sh603579,荣泰健康,sh,,active,False,True,2026-08-07T01:14:17+08:00,akshare
sh603580,艾艾精工,sh,,active,False,True,2026-08-07T01:14:17+08:00,akshare
sh603583,捷昌驱动,sh,,active,False,True,2026-08-07T01:14:17+08:00,akshare
sh603585,苏利股份,sh,,active,False,True,2026-08-07T01:14:17+08:00,akshare
sh603586,金麒麟,sh,,active,False,True,2026-08-07T01:14:17+08:00,akshare
sh603587,地素时尚,sh,,active,False,True,2026-08-07T01:14:17+08:00,akshare
sh603588,高能环境,sh,,active,False,True,2026-08-07T01:14:17+08:00,akshare
sh603589,口子窖,sh,,active,False,True,2026-08-07T01:14:17+08:00,akshare
sh603590,康辰药业,sh,,active,False,True,2026-08-07T01:14:17+08:00,akshare
sh603595,ST东尼,sh,,active,True,True,2026-08-07T01:14:17+08:00,akshare
sh603596,伯特利,sh,,active,False,True,2026-08-07T01:14:17+08:00,akshare
sh603598,引力传媒,sh,,active,False,True,2026-08-07T01:14:17+08:00,akshare
sh603599,广信股份,sh,,active,False,True,2026-08-07T01:14:17+08:00,akshare
sh603600,永艺股份,sh,,active,False,True,2026-08-07T01:14:17+08:00,akshare
sh603601,再升科技,sh,,active,False,True,2026-08-07T01:14:17+08:00,akshare
sh603602,纵横通信,sh,,active,False,True,2026-08-07T01:14:17+08:00,akshare
sh603605,珀莱雅,sh,,active,False,True,2026-08-07T01:14:17+08:00,akshare
sh603606,东方电缆,sh,,active,False,True,2026-08-07T01:14:17+08:00,akshare
sh603607,京华激光,sh,,active,False,True,2026-08-07T01:14:17+08:00,akshare
sh603608,天创时尚,sh,,active,False,True,2026-08-07T01:14:17+08:00,akshare
sh603609,禾丰股份,sh,,active,False,True,2026-08-07T01:14:17+08:00,akshare
sh603610,麒盛科技,sh,,active,False,True,2026-08-07T01:14:17+08:00,akshare
sh603611,诺力股份,sh,,active,False,True,2026-08-07T01:14:17+08:00,akshare
sh603612,索通发展,sh,,active,False,True,2026-08-07T01:14:17+08:00,akshare
sh603613,国联股份,sh,,active,False,True,2026-08-07T01:14:17+08:00,akshare
sh603615,茶花股份,sh,,active,False,True,2026-08-07T01:14:17+08:00,akshare
sh603616,韩建河山,sh,,active,False,True,2026-08-07T01:14:17+08:00,akshare
sh603617,君禾股份,sh,,active,False,True,2026-08-07T01:14:17+08:00,akshare
sh603618,杭电股份,sh,,active,False,True,2026-08-07T01:14:17+08:00,akshare
sh603619,中曼石油,sh,,active,False,True,2026-08-07T01:14:17+08:00,akshare
sh603626,科森科技,sh,,active,False,True,2026-08-07T01:14:17+08:00,akshare
sh603628,清源股份,sh,,active,False,True,2026-08-07T01:14:17+08:00,akshare
sh603629,利通电子,sh,,active,False,True,2026-08-07T01:14:17+08:00,akshare
sh603630,拉芳家化,sh,,active,False,True,2026-08-07T01:14:17+08:00,akshare
sh603633,徕木股份,sh,,active,False,True,2026-08-07T01:14:17+08:00,akshare
sh603636,南威软件,sh,,active,False,True,2026-08-07T01:14:17+08:00,akshare
sh603637,镇海股份,sh,,active,False,True,2026-08-07T01:14:17+08:00,akshare
sh603638,艾迪精密,sh,,active,False,True,2026-08-07T01:14:17+08:00,akshare
sh603639,海利尔,sh,,active,False,True,2026-08-07T01:14:17+08:00,akshare
sh603648,畅联股份,sh,,active,False,True,2026-08-07T01:14:17+08:00,akshare
sh603650,彤程新材,sh,,active,False,True,2026-08-07T01:14:17+08:00,akshare
sh603655,朗博科技,sh,,active,False,True,2026-08-07T01:14:17+08:00,akshare
sh603656,泰禾智能,sh,,active,False,True,2026-08-07T01:14:17+08:00,akshare
sh603657,春光科技,sh,,active,False,True,2026-08-07T01:14:17+08:00,akshare
sh603658,安图生物,sh,,active,False,True,2026-08-07T01:14:17+08:00,akshare
sh603659,璞泰来,sh,,active,False,True,2026-08-07T01:14:17+08:00,akshare
sh603660,苏州科达,sh,,active,False,True,2026-08-07T01:14:17+08:00,akshare
sh603661,恒林股份,sh,,active,False,True,2026-08-07T01:14:17+08:00,akshare
sh603662,柯力传感,sh,,active,False,True,2026-08-07T01:14:17+08:00,akshare
sh603663,三祥新材,sh,,active,False,True,2026-08-07T01:14:17+08:00,akshare
sh603665,康隆达,sh,,active,False,True,2026-08-07T01:14:17+08:00,akshare
sh603666,亿嘉和,sh,,active,False,True,2026-08-07T01:14:17+08:00,akshare
sh603667,五洲新春,sh,,active,False,True,2026-08-07T01:14:17+08:00,akshare
sh603668,天马科技,sh,,active,False,True,2026-08-07T01:14:17+08:00,akshare
sh603669,灵康药业,sh,,active,False,True,2026-08-07T01:14:17+08:00,akshare
sh603676,卫信康,sh,,active,False,True,2026-08-07T01:14:17+08:00,akshare
sh603677,奇精机械,sh,,active,False,True,2026-08-07T01:14:17+08:00,akshare
sh603678,火炬电子,sh,,active,False,True,2026-08-07T01:14:17+08:00,akshare
sh603679,华体科技,sh,,active,False,True,2026-08-07T01:14:17+08:00,akshare
sh603680,今创集团,sh,,active,False,True,2026-08-07T01:14:17+08:00,akshare
sh603681,永冠新材,sh,,active,False,True,2026-08-07T01:14:17+08:00,akshare
sh603682,锦和商管,sh,,active,False,True,2026-08-07T01:14:17+08:00,akshare
sh603683,晶华新材,sh,,active,False,True,2026-08-07T01:14:17+08:00,akshare
sh603685,晨丰科技,sh,,active,False,True,2026-08-07T01:14:17+08:00,akshare
sh603686,福龙马,sh,,active,False,True,2026-08-07T01:14:17+08:00,akshare
sh603687,大胜达,sh,,active,False,True,2026-08-07T01:14:17+08:00,akshare
sh603688,石英股份,sh,,active,False,True,2026-08-07T01:14:17+08:00,akshare
sh603689,皖天然气,sh,,active,False,True,2026-08-07T01:14:17+08:00,akshare
sh603690,至纯科技,sh,,active,False,True,2026-08-07T01:14:17+08:00,akshare
sh603693,江苏新能,sh,,active,False,True,2026-08-07T01:14:17+08:00,akshare
sh603696,安记食品,sh,,active,False,True,2026-08-07T01:14:17+08:00,akshare
sh603697,有友食品,sh,,active,False,True,2026-08-07T01:14:17+08:00,akshare
sh603698,航天工程,sh,,active,False,True,2026-08-07T01:14:17+08:00,akshare
sh603699,纽威股份,sh,,active,False,True,2026-08-07T01:14:17+08:00,akshare
sh603700,宁水集团,sh,,active,False,True,2026-08-07T01:14:17+08:00,akshare
sh603701,德宏股份,sh,,active,False,True,2026-08-07T01:14:17+08:00,akshare
sh603703,盛洋科技,sh,,active,False,True,2026-08-07T01:14:17+08:00,akshare
sh603706,东方环宇,sh,,active,False,True,2026-08-07T01:14:17+08:00,akshare
sh603707,健友股份,sh,,active,False,True,2026-08-07T01:14:17+08:00,akshare
sh603708,家家悦,sh,,active,False,True,2026-08-07T01:14:17+08:00,akshare
sh603709,中源家居,sh,,active,False,True,2026-08-07T01:14:17+08:00,akshare
sh603711,香飘飘,sh,,active,False,True,2026-08-07T01:14:17+08:00,akshare
sh603712,七一二,sh,,active,False,True,2026-08-07T01:14:17+08:00,akshare
sh603713,密尔克卫,sh,,active,False,True,2026-08-07T01:14:17+08:00,akshare
sh603716,塞力医疗,sh,,active,False,True,2026-08-07T01:14:17+08:00,akshare
sh603717,天域生物,sh,,active,False,True,2026-08-07T01:14:17+08:00,akshare
sh603718,*ST海利,sh,,active,True,True,2026-08-07T01:14:17+08:00,akshare
sh603719,良品铺子,sh,,active,False,True,2026-08-07T01:14:17+08:00,akshare
sh603721,中广天择,sh,,active,False,True,2026-08-07T01:14:17+08:00,akshare
sh603722,阿科力,sh,,active,False,True,2026-08-07T01:14:17+08:00,akshare
sh603725,天安新材,sh,,active,False,True,2026-08-07T01:14:17+08:00,akshare
sh603726,朗迪集团,sh,,active,False,True,2026-08-07T01:14:17+08:00,akshare
sh603727,博迈科,sh,,active,False,True,2026-08-07T01:14:17+08:00,akshare
sh603728,鸣志电器,sh,,active,False,True,2026-08-07T01:14:17+08:00,akshare
sh603729,ST龙韵,sh,,active,True,True,2026-08-07T01:14:17+08:00,akshare
sh603730,岱美股份,sh,,active,False,True,2026-08-07T01:14:17+08:00,akshare
sh603733,仙鹤股份,sh,,active,False,True,2026-08-07T01:14:17+08:00,akshare
sh603737,三棵树,sh,,active,False,True,2026-08-07T01:14:17+08:00,akshare
sh603738,泰晶科技,sh,,active,False,True,2026-08-07T01:14:17+08:00,akshare
sh603739,蔚蓝生物,sh,,active,False,True,2026-08-07T01:14:17+08:00,akshare
sh603755,日辰股份,sh,,active,False,True,2026-08-07T01:14:17+08:00,akshare
sh603757,大元泵业,sh,,active,False,True,2026-08-07T01:14:17+08:00,akshare
sh603758,秦安股份,sh,,active,False,True,2026-08-07T01:14:17+08:00,akshare
sh603759,海天股份,sh,,active,False,True,2026-08-07T01:14:17+08:00,akshare
sh603766,隆鑫通用,sh,,active,False,True,2026-08-07T01:14:17+08:00,akshare
sh603767,中马传动,sh,,active,False,True,2026-08-07T01:14:17+08:00,akshare
sh603768,常青股份,sh,,active,False,True,2026-08-07T01:14:17+08:00,akshare
sh603773,沃格光电,sh,,active,False,True,2026-08-07T01:14:17+08:00,akshare
sh603776,永安行,sh,,active,False,True,2026-08-07T01:14:17+08:00,akshare
sh603777,来伊份,sh,,active,False,True,2026-08-07T01:14:17+08:00,akshare
sh603778,国晟科技,sh,,active,False,True,2026-08-07T01:14:17+08:00,akshare
sh603779,威龙股份,sh,,active,False,True,2026-08-07T01:14:17+08:00,akshare
sh603786,科博达,sh,,active,False,True,2026-08-07T01:14:17+08:00,akshare
sh603787,新日股份,sh,,active,False,True,2026-08-07T01:14:17+08:00,akshare
sh603788,宁波高发,sh,,active,False,True,2026-08-07T01:14:17+08:00,akshare
sh603789,ST星农,sh,,active,True,True,2026-08-07T01:14:17+08:00,akshare
sh603790,雅运股份,sh,,active,False,True,2026-08-07T01:14:17+08:00,akshare
sh603797,联泰环保,sh,,active,False,True,2026-08-07T01:14:17+08:00,akshare
sh603798,康普顿,sh,,active,False,True,2026-08-07T01:14:17+08:00,akshare
sh603799,华友钴业,sh,,active,False,True,2026-08-07T01:14:17+08:00,akshare
sh603800,洪田股份,sh,,active,False,True,2026-08-07T01:14:17+08:00,akshare
sh603801,志邦家居,sh,,active,False,True,2026-08-07T01:14:17+08:00,akshare
sh603803,瑞斯康达,sh,,active,False,True,2026-08-07T01:14:17+08:00,akshare
sh603806,福斯特,sh,,active,False,True,2026-08-07T01:14:17+08:00,akshare
sh603808,歌力思,sh,,active,False,True,2026-08-07T01:14:17+08:00,akshare
sh603809,豪能股份,sh,,active,False,True,2026-08-07T01:14:17+08:00,akshare
sh603810,丰山集团,sh,,active,False,True,2026-08-07T01:14:17+08:00,akshare
sh603811,诚意药业,sh,,active,False,True,2026-08-07T01:14:17+08:00,akshare
sh603813,原尚股份,sh,,active,False,True,2026-08-07T01:14:17+08:00,akshare
sh603815,交建股份,sh,,active,False,True,2026-08-07T01:14:17+08:00,akshare
sh603816,顾家家居,sh,,active,False,True,2026-08-07T01:14:17+08:00,akshare
sh603817,海峡环保,sh,,active,False,True,2026-08-07T01:14:17+08:00,akshare
sh603818,曲美家居,sh,,active,False,True,2026-08-07T01:14:17+08:00,akshare
sh603819,神力股份,sh,,active,False,True,2026-08-07T01:14:17+08:00,akshare
sh603822,ST嘉澳,sh,,active,True,True,2026-08-07T01:14:17+08:00,akshare
sh603823,百合花,sh,,active,False,True,2026-08-07T01:14:17+08:00,akshare
sh603825,ST华扬,sh,,active,True,True,2026-08-07T01:14:17+08:00,akshare
sh603826,坤彩科技,sh,,active,False,True,2026-08-07T01:14:17+08:00,akshare
sh603828,*ST利达,sh,,active,True,True,2026-08-07T01:14:17+08:00,akshare
sh603829,洛凯股份,sh,,active,False,True,2026-08-07T01:14:17+08:00,akshare
sh603833,欧派家居,sh,,active,False,True,2026-08-07T01:14:17+08:00,akshare
sh603836,海程邦达,sh,,active,False,True,2026-08-07T01:14:17+08:00,akshare
sh603838,*ST四通,sh,,active,True,True,2026-08-07T01:14:17+08:00,akshare
sh603839,安正时尚,sh,,active,False,True,2026-08-07T01:14:17+08:00,akshare
sh603843,*ST正平,sh,,active,True,True,2026-08-07T01:14:17+08:00,akshare
sh603848,好太太,sh,,active,False,True,2026-08-07T01:14:17+08:00,akshare
sh603855,华荣股份,sh,,active,False,True,2026-08-07T01:14:17+08:00,akshare
sh603856,东宏股份,sh,,active,False,True,2026-08-07T01:14:17+08:00,akshare
sh603858,XD步长制,sh,,active,False,True,2026-08-07T01:14:17+08:00,akshare
sh603859,能科科技,sh,,active,False,True,2026-08-07T01:14:17+08:00,akshare
sh603860,中公高科,sh,,active,False,True,2026-08-07T01:14:17+08:00,akshare
sh603861,白云电器,sh,,active,False,True,2026-08-07T01:14:17+08:00,akshare
sh603863,松炀资源,sh,,active,False,True,2026-08-07T01:14:17+08:00,akshare
sh603866,桃李面包,sh,,active,False,True,2026-08-07T01:14:17+08:00,akshare
sh603867,新化股份,sh,,active,False,True,2026-08-07T01:14:17+08:00,akshare
sh603868,飞科电器,sh,,active,False,True,2026-08-07T01:14:17+08:00,akshare
sh603869,ST智知,sh,,active,True,True,2026-08-07T01:14:17+08:00,akshare
sh603871,嘉友国际,sh,,active,False,True,2026-08-07T01:14:17+08:00,akshare
sh603876,鼎胜新材,sh,,active,False,True,2026-08-07T01:14:17+08:00,akshare
sh603877,太平鸟,sh,,active,False,True,2026-08-07T01:14:17+08:00,akshare
sh603878,武进不锈,sh,,active,False,True,2026-08-07T01:14:17+08:00,akshare
sh603879,永悦科技,sh,,active,False,True,2026-08-07T01:14:17+08:00,akshare
sh603880,南卫股份,sh,,active,False,True,2026-08-07T01:14:17+08:00,akshare
sh603881,数据港,sh,,active,False,True,2026-08-07T01:14:17+08:00,akshare
sh603882,金域医学,sh,,active,False,True,2026-08-07T01:14:17+08:00,akshare
sh603883,老百姓,sh,,active,False,True,2026-08-07T01:14:17+08:00,akshare
sh603885,吉祥航空,sh,,active,False,True,2026-08-07T01:14:17+08:00,akshare
sh603886,元祖股份,sh,,active,False,True,2026-08-07T01:14:17+08:00,akshare
sh603887,城地香江,sh,,active,False,True,2026-08-07T01:14:17+08:00,akshare
sh603888,新华网,sh,,active,False,True,2026-08-07T01:14:17+08:00,akshare
sh603889,新澳股份,sh,,active,False,True,2026-08-07T01:14:17+08:00,akshare
sh603890,春秋电子,sh,,active,False,True,2026-08-07T01:14:17+08:00,akshare
sh603893,瑞芯微,sh,,active,False,True,2026-08-07T01:14:17+08:00,akshare
sh603895,天永智能,sh,,active,False,True,2026-08-07T01:14:17+08:00,akshare
sh603896,寿仙谷,sh,,active,False,True,2026-08-07T01:14:17+08:00,akshare
sh603897,长城科技,sh,,active,False,True,2026-08-07T01:14:17+08:00,akshare
sh603898,好莱客,sh,,active,False,True,2026-08-07T01:14:17+08:00,akshare
sh603899,晨光股份,sh,,active,False,True,2026-08-07T01:14:17+08:00,akshare
sh603900,莱绅通灵,sh,,active,False,True,2026-08-07T01:14:17+08:00,akshare
sh603901,永创智能,sh,,active,False,True,2026-08-07T01:14:17+08:00,akshare
sh603903,中持股份,sh,,active,False,True,2026-08-07T01:14:17+08:00,akshare
sh603906,龙蟠科技,sh,,active,False,True,2026-08-07T01:14:17+08:00,akshare
sh603908,牧高笛,sh,,active,False,True,2026-08-07T01:14:17+08:00,akshare
sh603909,建发合诚,sh,,active,False,True,2026-08-07T01:14:17+08:00,akshare
sh603912,佳力图,sh,,active,False,True,2026-08-07T01:14:17+08:00,akshare
sh603915,国茂股份,sh,,active,False,True,2026-08-07T01:14:17+08:00,akshare
sh603916,苏博特,sh,,active,False,True,2026-08-07T01:14:17+08:00,akshare
sh603917,合力科技,sh,,active,False,True,2026-08-07T01:14:17+08:00,akshare
sh603918,金桥信息,sh,,active,False,True,2026-08-07T01:14:17+08:00,akshare
sh603919,金徽酒,sh,,active,False,True,2026-08-07T01:14:17+08:00,akshare
sh603920,世运电路,sh,,active,False,True,2026-08-07T01:14:17+08:00,akshare
sh603922,ST金鸿顺,sh,,active,True,True,2026-08-07T01:14:17+08:00,akshare
sh603926,铁流股份,sh,,active,False,True,2026-08-07T01:14:17+08:00,akshare
sh603927,中科软,sh,,active,False,True,2026-08-07T01:14:17+08:00,akshare
sh603928,兴业股份,sh,,active,False,True,2026-08-07T01:14:17+08:00,akshare
sh603929,亚翔集成,sh,,active,False,True,2026-08-07T01:14:17+08:00,akshare
sh603931,格林达,sh,,active,False,True,2026-08-07T01:14:17+08:00,akshare
sh603933,睿能科技,sh,,active,False,True,2026-08-07T01:14:17+08:00,akshare
sh603936,博敏电子,sh,,active,False,True,2026-08-07T01:14:17+08:00,akshare
sh603937,丽岛新材,sh,,active,False,True,2026-08-07T01:14:17+08:00,akshare
sh603938,三孚股份,sh,,active,False,True,2026-08-07T01:14:17+08:00,akshare
sh603939,益丰药房,sh,,active,False,True,2026-08-07T01:14:17+08:00,akshare
sh603948,建业股份,sh,,active,False,True,2026-08-07T01:14:17+08:00,akshare
sh603949,雪龙集团,sh,,active,False,True,2026-08-07T01:14:17+08:00,akshare
sh603950,长源东谷,sh,,active,False,True,2026-08-07T01:14:17+08:00,akshare
sh603955,大千生态,sh,,active,False,True,2026-08-07T01:14:17+08:00,akshare
sh603956,威派格,sh,,active,False,True,2026-08-07T01:14:17+08:00,akshare
sh603958,哈森股份,sh,,active,False,True,2026-08-07T01:14:17+08:00,akshare
sh603959,ST百利,sh,,active,True,True,2026-08-07T01:14:17+08:00,akshare
sh603960,克来机电,sh,,active,False,True,2026-08-07T01:14:17+08:00,akshare
sh603966,法兰泰克,sh,,active,False,True,2026-08-07T01:14:17+08:00,akshare
sh603967,中创物流,sh,,active,False,True,2026-08-07T01:14:17+08:00,akshare
sh603968,醋化股份,sh,,active,False,True,2026-08-07T01:14:17+08:00,akshare
sh603969,银龙股份,sh,,active,False,True,2026-08-07T01:14:17+08:00,akshare
sh603970,中农立华,sh,,active,False,True,2026-08-07T01:14:17+08:00,akshare
sh603976,正川股份,sh,,active,False,True,2026-08-07T01:14:17+08:00,akshare
sh603977,国泰集团,sh,,active,False,True,2026-08-07T01:14:17+08:00,akshare
sh603978,深圳新星,sh,,active,False,True,2026-08-07T01:14:17+08:00,akshare
sh603979,金诚信,sh,,active,False,True,2026-08-07T01:14:17+08:00,akshare
sh603980,吉华集团,sh,,active,False,True,2026-08-07T01:14:17+08:00,akshare
sh603982,泉峰汽车,sh,,active,False,True,2026-08-07T01:14:17+08:00,akshare
sh603983,丸美生物,sh,,active,False,True,2026-08-07T01:14:17+08:00,akshare
sh603985,恒润股份,sh,,active,False,True,2026-08-07T01:14:17+08:00,akshare
sh603986,兆易创新,sh,,active,False,True,2026-08-07T01:14:17+08:00,akshare
sh603987,康德莱,sh,,active,False,True,2026-08-07T01:14:17+08:00,akshare
sh603988,中电电机,sh,,active,False,True,2026-08-07T01:14:17+08:00,akshare
sh603989,艾华集团,sh,,active,False,True,2026-08-07T01:14:17+08:00,akshare
sh603990,麦迪科技,sh,,active,False,True,2026-08-07T01:14:17+08:00,akshare
sh603991,领先股份,sh,,active,False,True,2026-08-07T01:14:17+08:00,akshare
sh603992,松霖科技,sh,,active,False,True,2026-08-07T01:14:17+08:00,akshare
sh603993,洛阳钼业,sh,,active,False,True,2026-08-07T01:14:17+08:00,akshare
sh603995,甬金股份,sh,,active,False,True,2026-08-07T01:14:17+08:00,akshare
sh603997,继峰股份,sh,,active,False,True,2026-08-07T01:14:17+08:00,akshare
sh603998,方盛制药,sh,,active,False,True,2026-08-07T01:14:17+08:00,akshare
sh603999,读者传媒,sh,,active,False,True,2026-08-07T01:14:17+08:00,akshare
sh605001,威奥股份,sh,,active,False,True,2026-08-07T01:14:17+08:00,akshare
sh605003,众望布艺,sh,,active,False,True,2026-08-07T01:14:17+08:00,akshare
sh605005,合兴股份,sh,,active,False,True,2026-08-07T01:14:17+08:00,akshare
sh605006,山东玻纤,sh,,active,False,True,2026-08-07T01:14:17+08:00,akshare
sh605007,五洲特纸,sh,,active,False,True,2026-08-07T01:14:17+08:00,akshare
sh605008,长鸿高科,sh,,active,False,True,2026-08-07T01:14:17+08:00,akshare
sh605009,豪悦护理,sh,,active,False,True,2026-08-07T01:14:17+08:00,akshare
sh605011,杭州热电,sh,,active,False,True,2026-08-07T01:14:17+08:00,akshare
sh605016,百龙创园,sh,,active,False,True,2026-08-07T01:14:17+08:00,akshare
sh605018,长华集团,sh,,active,False,True,2026-08-07T01:14:17+08:00,akshare
sh605020,永和股份,sh,,active,False,True,2026-08-07T01:14:17+08:00,akshare
sh605028,世茂能源,sh,,active,False,True,2026-08-07T01:14:17+08:00,akshare
sh605033,美邦股份,sh,,active,False,True,2026-08-07T01:14:17+08:00,akshare
sh605050,福然德,sh,,active,False,True,2026-08-07T01:14:17+08:00,akshare
sh605055,迎丰股份,sh,,active,False,True,2026-08-07T01:14:17+08:00,akshare
sh605056,咸亨国际,sh,,active,False,True,2026-08-07T01:14:17+08:00,akshare
sh605058,澳弘电子,sh,,active,False,True,2026-08-07T01:14:17+08:00,akshare
sh605060,联德股份,sh,,active,False,True,2026-08-07T01:14:17+08:00,akshare
sh605066,天正电气,sh,,active,False,True,2026-08-07T01:14:17+08:00,akshare
sh605068,明新旭腾,sh,,active,False,True,2026-08-07T01:14:17+08:00,akshare
sh605069,正和生态,sh,,active,False,True,2026-08-07T01:14:17+08:00,akshare
sh605077,华康股份,sh,,active,False,True,2026-08-07T01:14:17+08:00,akshare
sh605080,浙江自然,sh,,active,False,True,2026-08-07T01:14:17+08:00,akshare
sh605086,龙高股份,sh,,active,False,True,2026-08-07T01:14:17+08:00,akshare
sh605088,冠盛股份,sh,,active,False,True,2026-08-07T01:14:17+08:00,akshare
sh605089,味知香,sh,,active,False,True,2026-08-07T01:14:17+08:00,akshare
sh605090,九丰能源,sh,,active,False,True,2026-08-07T01:14:17+08:00,akshare
sh605098,行动教育,sh,,active,False,True,2026-08-07T01:14:17+08:00,akshare
sh605099,共创草坪,sh,,active,False,True,2026-08-07T01:14:17+08:00,akshare
sh605100,华丰股份,sh,,active,False,True,2026-08-07T01:14:17+08:00,akshare
sh605108,同庆楼,sh,,active,False,True,2026-08-07T01:14:17+08:00,akshare
sh605111,新洁能,sh,,active,False,True,2026-08-07T01:14:17+08:00,akshare
sh605116,奥锐特,sh,,active,False,True,2026-08-07T01:14:17+08:00,akshare
sh605117,德业股份,sh,,active,False,True,2026-08-07T01:14:17+08:00,akshare
sh605118,力鼎光电,sh,,active,False,True,2026-08-07T01:14:17+08:00,akshare
sh605122,四方新材,sh,,active,False,True,2026-08-07T01:14:17+08:00,akshare
sh605123,派克新材,sh,,active,False,True,2026-08-07T01:14:17+08:00,akshare
sh605128,上海沿浦,sh,,active,False,True,2026-08-07T01:14:17+08:00,akshare
sh605133,嵘泰股份,sh,,active,False,True,2026-08-07T01:14:17+08:00,akshare
sh605136,丽人丽妆,sh,,active,False,True,2026-08-07T01:14:17+08:00,akshare
sh605138,盛泰集团,sh,,active,False,True,2026-08-07T01:14:17+08:00,akshare
sh605151,西上海,sh,,active,False,True,2026-08-07T01:14:17+08:00,akshare
sh605155,西大门,sh,,active,False,True,2026-08-07T01:14:17+08:00,akshare
sh605158,华达新材,sh,,active,False,True,2026-08-07T01:14:17+08:00,akshare
sh605162,新中港,sh,,active,False,True,2026-08-07T01:14:17+08:00,akshare
sh605166,聚合顺,sh,,active,False,True,2026-08-07T01:14:17+08:00,akshare
sh605167,利柏特,sh,,active,False,True,2026-08-07T01:14:17+08:00,akshare
sh605168,三人行,sh,,active,False,True,2026-08-07T01:14:17+08:00,akshare
sh605169,洪通燃气,sh,,active,False,True,2026-08-07T01:14:17+08:00,akshare
sh605177,东亚药业,sh,,active,False,True,2026-08-07T01:14:17+08:00,akshare
sh605178,时空科技,sh,,active,False,True,2026-08-07T01:14:17+08:00,akshare
sh605179,一鸣食品,sh,,active,False,True,2026-08-07T01:14:17+08:00,akshare
sh605180,华生科技,sh,,active,False,True,2026-08-07T01:14:17+08:00,akshare
sh605183,确成股份,sh,,active,False,True,2026-08-07T01:14:17+08:00,akshare
sh605186,健麾信息,sh,,active,False,True,2026-08-07T01:14:17+08:00,akshare
sh605188,国光连锁,sh,,active,False,True,2026-08-07T01:14:17+08:00,akshare
sh605189,富春染织,sh,,active,False,True,2026-08-07T01:14:17+08:00,akshare
sh605196,华通线缆,sh,,active,False,True,2026-08-07T01:14:17+08:00,akshare
sh605198,安德利,sh,,active,False,True,2026-08-07T01:14:17+08:00,akshare
sh605199,ST葫芦娃,sh,,active,True,True,2026-08-07T01:14:17+08:00,akshare
sh605208,永茂泰,sh,,active,False,True,2026-08-07T01:14:17+08:00,akshare
sh605218,伟时电子,sh,,active,False,True,2026-08-07T01:14:17+08:00,akshare
sh605222,起帆电缆,sh,,active,False,True,2026-08-07T01:14:17+08:00,akshare
sh605228,神通科技,sh,,active,False,True,2026-08-07T01:14:17+08:00,akshare
sh605255,天普股份,sh,,active,False,True,2026-08-07T01:14:17+08:00,akshare
sh605258,协和电子,sh,,active,False,True,2026-08-07T01:14:17+08:00,akshare
sh605259,绿田机械,sh,,active,False,True,2026-08-07T01:14:17+08:00,akshare
sh605266,健之佳,sh,,active,False,True,2026-08-07T01:14:17+08:00,akshare
sh605268,王力安防,sh,,active,False,True,2026-08-07T01:14:17+08:00,akshare
sh605277,新亚电子,sh,,active,False,True,2026-08-07T01:14:17+08:00,akshare
sh605286,同力天启,sh,,active,False,True,2026-08-07T01:14:17+08:00,akshare
sh605287,德才股份,sh,,active,False,True,2026-08-07T01:14:17+08:00,akshare
sh605288,凯迪股份,sh,,active,False,True,2026-08-07T01:14:17+08:00,akshare
sh605289,罗曼股份,sh,,active,False,True,2026-08-07T01:14:17+08:00,akshare
sh605296,神农集团,sh,,active,False,True,2026-08-07T01:14:17+08:00,akshare
sh605298,必得科技,sh,,active,False,True,2026-08-07T01:14:17+08:00,akshare
sh605299,舒华体育,sh,,active,False,True,2026-08-07T01:14:17+08:00,akshare
sh605300,佳禾食品,sh,,active,False,True,2026-08-07T01:14:17+08:00,akshare
sh605303,园林股份,sh,,active,False,True,2026-08-07T01:14:17+08:00,akshare
sh605305,中际联合,sh,,active,False,True,2026-08-07T01:14:17+08:00,akshare
sh605318,法狮龙,sh,,active,False,True,2026-08-07T01:14:17+08:00,akshare
sh605319,无锡振华,sh,,active,False,True,2026-08-07T01:14:17+08:00,akshare
sh605333,沪光股份,sh,,active,False,True,2026-08-07T01:14:17+08:00,akshare
sh605336,*ST帅电,sh,,active,True,True,2026-08-07T01:14:17+08:00,akshare
sh605337,李子园,sh,,active,False,True,2026-08-07T01:14:17+08:00,akshare
sh605338,巴比食品,sh,,active,False,True,2026-08-07T01:14:17+08:00,akshare
sh605339,南侨食品,sh,,active,False,True,2026-08-07T01:14:17+08:00,akshare
sh605358,立昂微,sh,,active,False,True,2026-08-07T01:14:17+08:00,akshare
sh605365,立达信,sh,,active,False,True,2026-08-07T01:14:17+08:00,akshare
sh605366,宏柏新材,sh,,active,False,True,2026-08-07T01:14:17+08:00,akshare
sh605368,蓝天燃气,sh,,active,False,True,2026-08-07T01:14:17+08:00,akshare
sh605369,拱东医疗,sh,,active,False,True,2026-08-07T01:14:17+08:00,akshare
sh605376,博迁新材,sh,,active,False,True,2026-08-07T01:14:17+08:00,akshare
sh605377,华旺科技,sh,,active,False,True,2026-08-07T01:14:17+08:00,akshare
sh605378,野马电池,sh,,active,False,True,2026-08-07T01:14:17+08:00,akshare
sh605388,均瑶健康,sh,,active,False,True,2026-08-07T01:14:17+08:00,akshare
sh605389,长龄液压,sh,,active,False,True,2026-08-07T01:14:17+08:00,akshare
sh605398,新炬网络,sh,,active,False,True,2026-08-07T01:14:17+08:00,akshare
sh605399,晨光新材,sh,,active,False,True,2026-08-07T01:14:17+08:00,akshare
sh605488,福莱新材,sh,,active,False,True,2026-08-07T01:14:17+08:00,akshare
sh605499,东鹏饮料,sh,,active,False,True,2026-08-07T01:14:17+08:00,akshare
sh605500,森林包装,sh,,active,False,True,2026-08-07T01:14:17+08:00,akshare
sh605507,国邦医药,sh,,active,False,True,2026-08-07T01:14:17+08:00,akshare
sh605555,德昌股份,sh,,active,False,True,2026-08-07T01:14:17+08:00,akshare
sh605566,福莱蒽特,sh,,active,False,True,2026-08-07T01:14:17+08:00,akshare
sh605567,春雪食品,sh,,active,False,True,2026-08-07T01:14:17+08:00,akshare
sh605577,龙版传媒,sh,,active,False,True,2026-08-07T01:14:17+08:00,akshare
sh605580,恒盛能源,sh,,active,False,True,2026-08-07T01:14:17+08:00,akshare
sh605588,冠石科技,sh,,active,False,True,2026-08-07T01:14:17+08:00,akshare
sh605589,圣泉集团,sh,,active,False,True,2026-08-07T01:14:17+08:00,akshare
sh605598,上海港湾,sh,,active,False,True,2026-08-07T01:14:17+08:00,akshare
sh605599,菜百股份,sh,,active,False,True,2026-08-07T01:14:17+08:00,akshare
sh688001,华兴源创,sh,,active,False,True,2026-08-07T01:14:17+08:00,akshare
sh688002,睿创微纳,sh,,active,False,True,2026-08-07T01:14:17+08:00,akshare
sh688003,天准科技,sh,,active,False,True,2026-08-07T01:14:17+08:00,akshare
sh688004,博汇科技,sh,,active,False,True,2026-08-07T01:14:17+08:00,akshare
sh688005,容百科技,sh,,active,False,True,2026-08-07T01:14:17+08:00,akshare
sh688006,杭可科技,sh,,active,False,True,2026-08-07T01:14:17+08:00,akshare
sh688007,光峰科技,sh,,active,False,True,2026-08-07T01:14:17+08:00,akshare
sh688008,澜起科技,sh,,active,False,True,2026-08-07T01:14:17+08:00,akshare
sh688009,中国通号,sh,,active,False,True,2026-08-07T01:14:17+08:00,akshare
sh688010,福光股份,sh,,active,False,True,2026-08-07T01:14:17+08:00,akshare
sh688011,新光光电,sh,,active,False,True,2026-08-07T01:14:17+08:00,akshare
sh688012,中微公司,sh,,active,False,True,2026-08-07T01:14:17+08:00,akshare
sh688013,天臣医疗,sh,,active,False,True,2026-08-07T01:14:17+08:00,akshare
sh688015,交控科技,sh,,active,False,True,2026-08-07T01:14:17+08:00,akshare
sh688016,心脉医疗,sh,,active,False,True,2026-08-07T01:14:17+08:00,akshare
sh688017,绿的谐波,sh,,active,False,True,2026-08-07T01:14:17+08:00,akshare
sh688018,乐鑫科技,sh,,active,False,True,2026-08-07T01:14:17+08:00,akshare
sh688019,安集科技,sh,,active,False,True,2026-08-07T01:14:17+08:00,akshare
sh688020,方邦股份,sh,,active,False,True,2026-08-07T01:14:17+08:00,akshare
sh688021,奥福科技,sh,,active,False,True,2026-08-07T01:14:17+08:00,akshare
sh688022,ST瀚川,sh,,active,True,True,2026-08-07T01:14:17+08:00,akshare
sh688023,安恒信息,sh,,active,False,True,2026-08-07T01:14:17+08:00,akshare
sh688025,杰普特,sh,,active,False,True,2026-08-07T01:14:17+08:00,akshare
sh688026,洁特生物,sh,,active,False,True,2026-08-07T01:14:17+08:00,akshare
sh688027,国盾量子,sh,,active,False,True,2026-08-07T01:14:17+08:00,akshare
sh688028,沃尔德,sh,,active,False,True,2026-08-07T01:14:17+08:00,akshare
sh688029,南微医学,sh,,active,False,True,2026-08-07T01:14:17+08:00,akshare
sh688030,山石网科,sh,,active,False,True,2026-08-07T01:14:17+08:00,akshare
sh688031,星环科技,sh,,active,False,True,2026-08-07T01:14:17+08:00,akshare
sh688032,禾迈股份,sh,,active,False,True,2026-08-07T01:14:17+08:00,akshare
sh688033,*ST天宜,sh,,active,True,True,2026-08-07T01:14:17+08:00,akshare
sh688035,德邦科技,sh,,active,False,True,2026-08-07T01:14:17+08:00,akshare
sh688036,传音控股,sh,,active,False,True,2026-08-07T01:14:17+08:00,akshare
sh688037,芯源微,sh,,active,False,True,2026-08-07T01:14:17+08:00,akshare
sh688038,中科通达,sh,,active,False,True,2026-08-07T01:14:17+08:00,akshare
sh688039,当虹科技,sh,,active,False,True,2026-08-07T01:14:17+08:00,akshare
sh688041,海光信息,sh,,active,False,True,2026-08-07T01:14:17+08:00,akshare
sh688045,必易微,sh,,active,False,True,2026-08-07T01:14:17+08:00,akshare
sh688046,药康生物,sh,,active,False,True,2026-08-07T01:14:17+08:00,akshare
sh688047,龙芯中科,sh,,active,False,True,2026-08-07T01:14:17+08:00,akshare
sh688048,长光华芯,sh,,active,False,True,2026-08-07T01:14:17+08:00,akshare
sh688049,炬芯科技,sh,,active,False,True,2026-08-07T01:14:17+08:00,akshare
sh688050,爱博医疗,sh,,active,False,True,2026-08-07T01:14:17+08:00,akshare
sh688051,佳华科技,sh,,active,False,True,2026-08-07T01:14:17+08:00,akshare
sh688052,纳芯微,sh,,active,False,True,2026-08-07T01:14:17+08:00,akshare
sh688053,ST思科瑞,sh,,active,True,True,2026-08-07T01:14:17+08:00,akshare
sh688055,龙腾光电,sh,,active,False,True,2026-08-07T01:14:17+08:00,akshare
sh688056,莱伯泰科,sh,,active,False,True,2026-08-07T01:14:17+08:00,akshare
sh688057,金达莱,sh,,active,False,True,2026-08-07T01:14:17+08:00,akshare
sh688058,宝兰德,sh,,active,False,True,2026-08-07T01:14:17+08:00,akshare
sh688059,华锐精密,sh,,active,False,True,2026-08-07T01:14:17+08:00,akshare
sh688060,云涌科技,sh,,active,False,True,2026-08-07T01:14:17+08:00,akshare
sh688061,灿瑞科技,sh,,active,False,True,2026-08-07T01:14:17+08:00,akshare
sh688062,迈威生物,sh,,active,False,True,2026-08-07T01:14:17+08:00,akshare
sh688063,派能科技,sh,,active,False,True,2026-08-07T01:14:17+08:00,akshare
sh688065,凯赛生物,sh,,active,False,True,2026-08-07T01:14:17+08:00,akshare
sh688066,*ST航图,sh,,active,True,True,2026-08-07T01:14:17+08:00,akshare
sh688067,爱威科技,sh,,active,False,True,2026-08-07T01:14:17+08:00,akshare
sh688068,热景生物,sh,,active,False,True,2026-08-07T01:14:17+08:00,akshare
sh688069,德林海,sh,,active,False,True,2026-08-07T01:14:17+08:00,akshare
sh688070,纵横股份,sh,,active,False,True,2026-08-07T01:14:17+08:00,akshare
sh688071,华依科技,sh,,active,False,True,2026-08-07T01:14:17+08:00,akshare
sh688072,拓荆科技,sh,,active,False,True,2026-08-07T01:14:17+08:00,akshare
sh688073,毕得医药,sh,,active,False,True,2026-08-07T01:14:17+08:00,akshare
sh688075,安旭生物,sh,,active,False,True,2026-08-07T01:14:17+08:00,akshare
sh688076,ST诺泰,sh,,active,True,True,2026-08-07T01:14:17+08:00,akshare
sh688077,大地熊,sh,,active,False,True,2026-08-07T01:14:17+08:00,akshare
sh688078,龙软科技,sh,,active,False,True,2026-08-07T01:14:17+08:00,akshare
sh688079,美迪凯,sh,,active,False,True,2026-08-07T01:14:17+08:00,akshare
sh688080,映翰通,sh,,active,False,True,2026-08-07T01:14:17+08:00,akshare
sh688081,兴图新科,sh,,active,False,True,2026-08-07T01:14:17+08:00,akshare
sh688082,盛美上海,sh,,active,False,True,2026-08-07T01:14:17+08:00,akshare
sh688083,中望软件,sh,,active,False,True,2026-08-07T01:14:17+08:00,akshare
sh688084,晶品特装,sh,,active,False,True,2026-08-07T01:14:17+08:00,akshare
sh688085,三友医疗,sh,,active,False,True,2026-08-07T01:14:17+08:00,akshare
sh688087,英科再生,sh,,active,False,True,2026-08-07T01:14:17+08:00,akshare
sh688088,虹软科技,sh,,active,False,True,2026-08-07T01:14:17+08:00,akshare
sh688089,ST嘉必优,sh,,active,True,True,2026-08-07T01:14:17+08:00,akshare
sh688090,瑞松科技,sh,,active,False,True,2026-08-07T01:14:17+08:00,akshare
sh688091,上海谊众,sh,,active,False,True,2026-08-07T01:14:17+08:00,akshare
sh688092,爱科科技,sh,,active,False,True,2026-08-07T01:14:17+08:00,akshare
sh688093,世华科技,sh,,active,False,True,2026-08-07T01:14:17+08:00,akshare
sh688095,福昕软件,sh,,active,False,True,2026-08-07T01:14:17+08:00,akshare
sh688096,京源环保,sh,,active,False,True,2026-08-07T01:14:17+08:00,akshare
sh688097,博众精工,sh,,active,False,True,2026-08-07T01:14:17+08:00,akshare
sh688098,申联生物,sh,,active,False,True,2026-08-07T01:14:17+08:00,akshare
sh688099,晶晨股份,sh,,active,False,True,2026-08-07T01:14:17+08:00,akshare
sh688100,威胜信息,sh,,active,False,True,2026-08-07T01:14:17+08:00,akshare
sh688101,三达膜,sh,,active,False,True,2026-08-07T01:14:17+08:00,akshare
sh688102,斯瑞新材,sh,,active,False,True,2026-08-07T01:14:17+08:00,akshare
sh688103,国力电子,sh,,active,False,True,2026-08-07T01:14:17+08:00,akshare
sh688105,诺唯赞,sh,,active,False,True,2026-08-07T01:14:17+08:00,akshare
sh688106,金宏气体,sh,,active,False,True,2026-08-07T01:14:17+08:00,akshare
sh688107,安路科技,sh,,active,False,True,2026-08-07T01:14:17+08:00,akshare
sh688108,赛诺医疗,sh,,active,False,True,2026-08-07T01:14:17+08:00,akshare
sh688109,品茗科技,sh,,active,False,True,2026-08-07T01:14:17+08:00,akshare
sh688110,东芯股份,sh,,active,False,True,2026-08-07T01:14:17+08:00,akshare
sh688111,金山办公,sh,,active,False,True,2026-08-07T01:14:17+08:00,akshare
sh688112,鼎阳科技,sh,,active,False,True,2026-08-07T01:14:17+08:00,akshare
sh688113,联测科技,sh,,active,False,True,2026-08-07T01:14:17+08:00,akshare
sh688114,华大智造,sh,,active,False,True,2026-08-07T01:14:17+08:00,akshare
sh688115,思林杰,sh,,active,False,True,2026-08-07T01:14:17+08:00,akshare
sh688116,天奈科技,sh,,active,False,True,2026-08-07T01:14:17+08:00,akshare
sh688117,圣诺生物,sh,,active,False,True,2026-08-07T01:14:17+08:00,akshare
sh688118,普元信息,sh,,active,False,True,2026-08-07T01:14:17+08:00,akshare
sh688119,中钢洛耐,sh,,active,False,True,2026-08-07T01:14:17+08:00,akshare
sh688120,华海清科,sh,,active,False,True,2026-08-07T01:14:17+08:00,akshare
sh688121,*ST卓然,sh,,active,True,True,2026-08-07T01:14:17+08:00,akshare
sh688122,西部超导,sh,,active,False,True,2026-08-07T01:14:17+08:00,akshare
sh688123,聚辰股份,sh,,active,False,True,2026-08-07T01:14:17+08:00,akshare
sh688125,安达智能,sh,,active,False,True,2026-08-07T01:14:17+08:00,akshare
sh688126,沪硅产业,sh,,active,False,True,2026-08-07T01:14:17+08:00,akshare
sh688127,蓝特光学,sh,,active,False,True,2026-08-07T01:14:17+08:00,akshare
sh688128,中国电研,sh,,active,False,True,2026-08-07T01:14:17+08:00,akshare
sh688129,东来技术,sh,,active,False,True,2026-08-07T01:14:17+08:00,akshare
sh688130,晶华微,sh,,active,False,True,2026-08-07T01:14:17+08:00,akshare
sh688131,皓元医药,sh,,active,False,True,2026-08-07T01:14:17+08:00,akshare
sh688132,邦彦技术,sh,,active,False,True,2026-08-07T01:14:17+08:00,akshare
sh688133,泰坦科技,sh,,active,False,True,2026-08-07T01:14:17+08:00,akshare
sh688135,利扬芯片,sh,,active,False,True,2026-08-07T01:14:17+08:00,akshare
sh688136,科兴制药,sh,,active,False,True,2026-08-07T01:14:17+08:00,akshare
sh688137,近岸蛋白,sh,,active,False,True,2026-08-07T01:14:17+08:00,akshare
sh688138,清溢光电,sh,,active,False,True,2026-08-07T01:14:17+08:00,akshare
sh688139,海尔生物,sh,,active,False,True,2026-08-07T01:14:17+08:00,akshare
sh688141,杰华特,sh,,active,False,True,2026-08-07T01:14:17+08:00,akshare
sh688143,长盈通,sh,,active,False,True,2026-08-07T01:14:17+08:00,akshare
sh688146,中船特气,sh,,active,False,True,2026-08-07T01:14:17+08:00,akshare
sh688147,微导纳米,sh,,active,False,True,2026-08-07T01:14:17+08:00,akshare
sh688148,芳源股份,sh,,active,False,True,2026-08-07T01:14:17+08:00,akshare
sh688150,莱特光电,sh,,active,False,True,2026-08-07T01:14:17+08:00,akshare
sh688151,华强科技,sh,,active,False,True,2026-08-07T01:14:17+08:00,akshare
sh688152,麒麟信安,sh,,active,False,True,2026-08-07T01:14:17+08:00,akshare
sh688153,唯捷创芯,sh,,active,False,True,2026-08-07T01:14:17+08:00,akshare
sh688155,先惠技术,sh,,active,False,True,2026-08-07T01:14:17+08:00,akshare
sh688156,路德科技,sh,,active,False,True,2026-08-07T01:14:17+08:00,akshare
sh688157,松井股份,sh,,active,False,True,2026-08-07T01:14:17+08:00,akshare
sh688158,优刻得,sh,,active,False,True,2026-08-07T01:14:17+08:00,akshare
sh688159,有方科技,sh,,active,False,True,2026-08-07T01:14:17+08:00,akshare
sh688160,步科股份,sh,,active,False,True,2026-08-07T01:14:17+08:00,akshare
sh688161,威高骨科,sh,,active,False,True,2026-08-07T01:14:17+08:00,akshare
sh688162,巨一科技,sh,,active,False,True,2026-08-07T01:14:17+08:00,akshare
sh688163,赛伦生物,sh,,active,False,True,2026-08-07T01:14:17+08:00,akshare
sh688165,埃夫特,sh,,active,False,True,2026-08-07T01:14:17+08:00,akshare
sh688166,博瑞医药,sh,,active,False,True,2026-08-07T01:14:17+08:00,akshare
sh688167,炬光科技,sh,,active,False,True,2026-08-07T01:14:17+08:00,akshare
sh688168,安博通,sh,,active,False,True,2026-08-07T01:14:17+08:00,akshare
sh688169,石头科技,sh,,active,False,True,2026-08-07T01:14:17+08:00,akshare
sh688170,德龙激光,sh,,active,False,True,2026-08-07T01:14:17+08:00,akshare
sh688171,纬德信息,sh,,active,False,True,2026-08-07T01:14:17+08:00,akshare
sh688172,燕东微,sh,,active,False,True,2026-08-07T01:14:17+08:00,akshare
sh688173,希荻微,sh,,active,False,True,2026-08-07T01:14:17+08:00,akshare
sh688175,高凌信息,sh,,active,False,True,2026-08-07T01:14:17+08:00,akshare
sh688176,亚虹医药,sh,,active,False,True,2026-08-07T01:14:17+08:00,akshare
sh688177,百奥泰,sh,,active,False,True,2026-08-07T01:14:17+08:00,akshare
sh688178,万德斯,sh,,active,False,True,2026-08-07T01:14:17+08:00,akshare
sh688179,阿拉丁,sh,,active,False,True,2026-08-07T01:14:17+08:00,akshare
sh688180,君实生物,sh,,active,False,True,2026-08-07T01:14:17+08:00,akshare
sh688181,八亿时空,sh,,active,False,True,2026-08-07T01:14:17+08:00,akshare
sh688182,灿勤科技,sh,,active,False,True,2026-08-07T01:14:17+08:00,akshare
sh688183,生益电子,sh,,active,False,True,2026-08-07T01:14:17+08:00,akshare
sh688184,ST帕瓦,sh,,active,True,True,2026-08-07T01:14:17+08:00,akshare
sh688185,康希诺,sh,,active,False,True,2026-08-07T01:14:17+08:00,akshare
sh688186,广大特材,sh,,active,False,True,2026-08-07T01:14:17+08:00,akshare
sh688187,时代电气,sh,,active,False,True,2026-08-07T01:14:17+08:00,akshare
sh688188,柏楚电子,sh,,active,False,True,2026-08-07T01:14:17+08:00,akshare
sh688189,ST南新,sh,,active,True,True,2026-08-07T01:14:17+08:00,akshare
sh688190,云路股份,sh,,active,False,True,2026-08-07T01:14:17+08:00,akshare
sh688191,智洋创新,sh,,active,False,True,2026-08-07T01:14:17+08:00,akshare
sh688192,迪哲医药,sh,,active,False,True,2026-08-07T01:14:17+08:00,akshare
sh688193,仁度生物,sh,,active,False,True,2026-08-07T01:14:17+08:00,akshare
sh688195,腾景科技,sh,,active,False,True,2026-08-07T01:14:17+08:00,akshare
sh688196,卓越新能,sh,,active,False,True,2026-08-07T01:14:17+08:00,akshare
sh688197,首药控股,sh,,active,False,True,2026-08-07T01:14:17+08:00,akshare
sh688198,佰仁医疗,sh,,active,False,True,2026-08-07T01:14:17+08:00,akshare
sh688199,久日新材,sh,,active,False,True,2026-08-07T01:14:17+08:00,akshare
sh688200,华峰测控,sh,,active,False,True,2026-08-07T01:14:17+08:00,akshare
sh688201,ST信安,sh,,active,True,True,2026-08-07T01:14:17+08:00,akshare
sh688202,美迪西,sh,,active,False,True,2026-08-07T01:14:17+08:00,akshare
sh688203,海正生材,sh,,active,False,True,2026-08-07T01:14:17+08:00,akshare
sh688205,德科立,sh,,active,False,True,2026-08-07T01:14:17+08:00,akshare
sh688206,概伦电子,sh,,active,False,True,2026-08-07T01:14:17+08:00,akshare
sh688207,格灵深瞳,sh,,active,False,True,2026-08-07T01:14:17+08:00,akshare
sh688208,道通科技,sh,,active,False,True,2026-08-07T01:14:17+08:00,akshare
sh688209,英集芯,sh,,active,False,True,2026-08-07T01:14:17+08:00,akshare
sh688210,统联精密,sh,,active,False,True,2026-08-07T01:14:17+08:00,akshare
sh688211,中科微至,sh,,active,False,True,2026-08-07T01:14:17+08:00,akshare
sh688212,澳华内镜,sh,,active,False,True,2026-08-07T01:14:17+08:00,akshare
sh688213,思特威,sh,,active,False,True,2026-08-07T01:14:17+08:00,akshare
sh688215,瑞晟智能,sh,,active,False,True,2026-08-07T01:14:17+08:00,akshare
sh688216,气派科技,sh,,active,False,True,2026-08-07T01:14:17+08:00,akshare
sh688217,睿昂基因,sh,,active,False,True,2026-08-07T01:14:17+08:00,akshare
sh688218,江苏北人,sh,,active,False,True,2026-08-07T01:14:17+08:00,akshare
sh688219,会通股份,sh,,active,False,True,2026-08-07T01:14:17+08:00,akshare
sh688220,翱捷科技,sh,,active,False,True,2026-08-07T01:14:17+08:00,akshare
sh688221,前沿生物,sh,,active,False,True,2026-08-07T01:14:17+08:00,akshare
sh688222,成都先导,sh,,active,False,True,2026-08-07T01:14:17+08:00,akshare
sh688223,晶科能源,sh,,active,False,True,2026-08-07T01:14:17+08:00,akshare
sh688225,亚信安全,sh,,active,False,True,2026-08-07T01:14:17+08:00,akshare
sh688226,威腾电气,sh,,active,False,True,2026-08-07T01:14:17+08:00,akshare
sh688227,品高股份,sh,,active,False,True,2026-08-07T01:14:17+08:00,akshare
sh688228,开普云,sh,,active,False,True,2026-08-07T01:14:17+08:00,akshare
sh688229,博睿数据,sh,,active,False,True,2026-08-07T01:14:17+08:00,akshare
sh688230,芯导科技,sh,,active,False,True,2026-08-07T01:14:17+08:00,akshare
sh688231,隆达股份,sh,,active,False,True,2026-08-07T01:14:17+08:00,akshare
sh688232,新点软件,sh,,active,False,True,2026-08-07T01:14:17+08:00,akshare
sh688233,神工股份,sh,,active,False,True,2026-08-07T01:14:17+08:00,akshare
sh688234,天岳先进,sh,,active,False,True,2026-08-07T01:14:17+08:00,akshare
sh688235,百济神州,sh,,active,False,True,2026-08-07T01:14:17+08:00,akshare
sh688236,春立医疗,sh,,active,False,True,2026-08-07T01:14:17+08:00,akshare
sh688237,超卓航科,sh,,active,False,True,2026-08-07T01:14:17+08:00,akshare
sh688238,和元生物,sh,,active,False,True,2026-08-07T01:14:17+08:00,akshare
sh688239,航宇科技,sh,,active,False,True,2026-08-07T01:14:17+08:00,akshare
sh688244,永信至诚,sh,,active,False,True,2026-08-07T01:14:17+08:00,akshare
sh688246,嘉和美康,sh,,active,False,True,2026-08-07T01:14:17+08:00,akshare
sh688247,宣泰医药,sh,,active,False,True,2026-08-07T01:14:17+08:00,akshare
sh688248,南网科技,sh,,active,False,True,2026-08-07T01:14:17+08:00,akshare
sh688249,晶合集成,sh,,active,False,True,2026-08-07T01:14:17+08:00,akshare
sh688251,井松智能,sh,,active,False,True,2026-08-07T01:14:17+08:00,akshare
sh688252,天德钰,sh,,active,False,True,2026-08-07T01:14:17+08:00,akshare
sh688253,英诺特,sh,,active,False,True,2026-08-07T01:14:17+08:00,akshare
sh688255,凯尔达,sh,,active,False,True,2026-08-07T01:14:17+08:00,akshare
sh688256,寒武纪,sh,,active,False,True,2026-08-07T01:14:17+08:00,akshare
sh688257,新锐股份,sh,,active,False,True,2026-08-07T01:14:17+08:00,akshare
sh688258,卓易信息,sh,,active,False,True,2026-08-07T01:14:17+08:00,akshare
sh688259,创耀科技,sh,,active,False,True,2026-08-07T01:14:17+08:00,akshare
sh688260,昀冢科技,sh,,active,False,True,2026-08-07T01:14:17+08:00,akshare
sh688261,东微半导,sh,,active,False,True,2026-08-07T01:14:17+08:00,akshare
sh688262,国芯科技,sh,,active,False,True,2026-08-07T01:14:17+08:00,akshare
sh688265,南模生物,sh,,active,False,True,2026-08-07T01:14:17+08:00,akshare
sh688266,泽璟制药,sh,,active,False,True,2026-08-07T01:14:17+08:00,akshare
sh688267,中触媒,sh,,active,False,True,2026-08-07T01:14:17+08:00,akshare
sh688268,华特气体,sh,,active,False,True,2026-08-07T01:14:17+08:00,akshare
sh688269,凯立新材,sh,,active,False,True,2026-08-07T01:14:17+08:00,akshare
sh688270,ST臻镭,sh,,active,True,True,2026-08-07T01:14:17+08:00,akshare
sh688271,联影医疗,sh,,active,False,True,2026-08-07T01:14:17+08:00,akshare
sh688272,富吉瑞,sh,,active,False,True,2026-08-07T01:14:17+08:00,akshare
sh688273,麦澜德,sh,,active,False,True,2026-08-07T01:14:17+08:00,akshare
sh688275,万润新能,sh,,active,False,True,2026-08-07T01:14:17+08:00,akshare
sh688276,百克生物,sh,,active,False,True,2026-08-07T01:14:17+08:00,akshare
sh688277,天智航,sh,,active,False,True,2026-08-07T01:14:17+08:00,akshare
sh688278,特宝生物,sh,,active,False,True,2026-08-07T01:14:17+08:00,akshare
sh688279,峰岹科技,sh,,active,False,True,2026-08-07T01:14:17+08:00,akshare
sh688280,精进电动,sh,,active,False,True,2026-08-07T01:14:17+08:00,akshare
sh688281,华秦科技,sh,,active,False,True,2026-08-07T01:14:17+08:00,akshare
sh688282,理工导航,sh,,active,False,True,2026-08-07T01:14:17+08:00,akshare
sh688283,坤恒顺维,sh,,active,False,True,2026-08-07T01:14:17+08:00,akshare
sh688285,高铁电气,sh,,active,False,True,2026-08-07T01:14:17+08:00,akshare
sh688286,敏芯股份,sh,,active,False,True,2026-08-07T01:14:17+08:00,akshare
sh688288,鸿泉技术,sh,,active,False,True,2026-08-07T01:14:17+08:00,akshare
sh688289,圣湘生物,sh,,active,False,True,2026-08-07T01:14:17+08:00,akshare
sh688290,景业智能,sh,,active,False,True,2026-08-07T01:14:17+08:00,akshare
sh688291,金橙子,sh,,active,False,True,2026-08-07T01:14:17+08:00,akshare
sh688292,浩瀚深度,sh,,active,False,True,2026-08-07T01:14:17+08:00,akshare
sh688293,奥浦迈,sh,,active,False,True,2026-08-07T01:14:17+08:00,akshare
sh688295,中复神鹰,sh,,active,False,True,2026-08-07T01:14:17+08:00,akshare
sh688296,和达科技,sh,,active,False,True,2026-08-07T01:14:17+08:00,akshare
sh688297,中无人机,sh,,active,False,True,2026-08-07T01:14:17+08:00,akshare
sh688298,东方生物,sh,,active,False,True,2026-08-07T01:14:17+08:00,akshare
sh688299,长阳科技,sh,,active,False,True,2026-08-07T01:14:17+08:00,akshare
sh688300,联瑞新材,sh,,active,False,True,2026-08-07T01:14:17+08:00,akshare
sh688301,奕瑞科技,sh,,active,False,True,2026-08-07T01:14:17+08:00,akshare
sh688302,海创药业,sh,,active,False,True,2026-08-07T01:14:17+08:00,akshare
sh688303,大全能源,sh,,active,False,True,2026-08-07T01:14:17+08:00,akshare
sh688305,科德数控,sh,,active,False,True,2026-08-07T01:14:17+08:00,akshare
sh688306,均普智能,sh,,active,False,True,2026-08-07T01:14:17+08:00,akshare
sh688307,中润光学,sh,,active,False,True,2026-08-07T01:14:17+08:00,akshare
sh688308,欧科亿,sh,,active,False,True,2026-08-07T01:14:17+08:00,akshare
sh688309,恒誉环保,sh,,active,False,True,2026-08-07T01:14:17+08:00,akshare
sh688310,迈得医疗,sh,,active,False,True,2026-08-07T01:14:17+08:00,akshare
sh688311,盟升电子,sh,,active,False,True,2026-08-07T01:14:17+08:00,akshare
sh688312,燕麦科技,sh,,active,False,True,2026-08-07T01:14:17+08:00,akshare
sh688313,仕佳光子,sh,,active,False,True,2026-08-07T01:14:17+08:00,akshare
sh688314,康拓医疗,sh,,active,False,True,2026-08-07T01:14:17+08:00,akshare
sh688315,诺禾致源,sh,,active,False,True,2026-08-07T01:14:17+08:00,akshare
sh688316,青云科技,sh,,active,False,True,2026-08-07T01:14:17+08:00,akshare
sh688317,之江生物,sh,,active,False,True,2026-08-07T01:14:17+08:00,akshare
sh688318,财富趋势,sh,,active,False,True,2026-08-07T01:14:17+08:00,akshare
sh688319,欧林生物,sh,,active,False,True,2026-08-07T01:14:17+08:00,akshare
sh688320,禾川科技,sh,,active,False,True,2026-08-07T01:14:17+08:00,akshare
sh688321,微芯生物,sh,,active,False,True,2026-08-07T01:14:17+08:00,akshare
sh688322,奥比中光,sh,,active,False,True,2026-08-07T01:14:17+08:00,akshare
sh688323,瑞华泰,sh,,active,False,True,2026-08-07T01:14:17+08:00,akshare
sh688325,赛微微电,sh,,active,False,True,2026-08-07T01:14:17+08:00,akshare
sh688326,经纬恒润,sh,,active,False,True,2026-08-07T01:14:17+08:00,akshare
sh688327,云从科技,sh,,active,False,True,2026-08-07T01:14:17+08:00,akshare
sh688328,深科达,sh,,active,False,True,2026-08-07T01:14:17+08:00,akshare
sh688329,艾隆科技,sh,,active,False,True,2026-08-07T01:14:17+08:00,akshare
sh688330,宏力达,sh,,active,False,True,2026-08-07T01:14:17+08:00,akshare
sh688331,荣昌生物,sh,,active,False,True,2026-08-07T01:14:17+08:00,akshare
sh688332,中科蓝讯,sh,,active,False,True,2026-08-07T01:14:17+08:00,akshare
sh688333,铂力特,sh,,active,False,True,2026-08-07T01:14:17+08:00,akshare
sh688334,西高院,sh,,active,False,True,2026-08-07T01:14:17+08:00,akshare
sh688335,复洁科技,sh,,active,False,True,2026-08-07T01:14:17+08:00,akshare
sh688336,三生国健,sh,,active,False,True,2026-08-07T01:14:17+08:00,akshare
sh688337,普源精电,sh,,active,False,True,2026-08-07T01:14:17+08:00,akshare
sh688338,赛科希德,sh,,active,False,True,2026-08-07T01:14:17+08:00,akshare
sh688339,亿华通,sh,,active,False,True,2026-08-07T01:14:17+08:00,akshare
sh688343,云天励飞,sh,,active,False,True,2026-08-07T01:14:17+08:00,akshare
sh688345,博力威,sh,,active,False,True,2026-08-07T01:14:17+08:00,akshare
sh688347,华虹宏力,sh,,active,False,True,2026-08-07T01:14:17+08:00,akshare
sh688348,昱能科技,sh,,active,False,True,2026-08-07T01:14:17+08:00,akshare
sh688349,三一重能,sh,,active,False,True,2026-08-07T01:14:17+08:00,akshare
sh688350,富淼科技,sh,,active,False,True,2026-08-07T01:14:17+08:00,akshare
sh688351,微电生理,sh,,active,False,True,2026-08-07T01:14:17+08:00,akshare
sh688352,颀中科技,sh,,active,False,True,2026-08-07T01:14:17+08:00,akshare
sh688353,华盛锂电,sh,,active,False,True,2026-08-07T01:14:17+08:00,akshare
sh688355,明志科技,sh,,active,False,True,2026-08-07T01:14:17+08:00,akshare
sh688356,键凯科技,sh,,active,False,True,2026-08-07T01:14:17+08:00,akshare
sh688357,建龙微纳,sh,,active,False,True,2026-08-07T01:14:17+08:00,akshare
sh688358,祥生医疗,sh,,active,False,True,2026-08-07T01:14:17+08:00,akshare
sh688359,三孚新科,sh,,active,False,True,2026-08-07T01:14:17+08:00,akshare
sh688360,德马科技,sh,,active,False,True,2026-08-07T01:14:17+08:00,akshare
sh688361,中科飞测,sh,,active,False,True,2026-08-07T01:14:17+08:00,akshare
sh688362,甬矽电子,sh,,active,False,True,2026-08-07T01:14:17+08:00,akshare
sh688363,华熙生物,sh,,active,False,True,2026-08-07T01:14:17+08:00,akshare
sh688365,光云科技,sh,,active,False,True,2026-08-07T01:14:17+08:00,akshare
sh688366,昊海生科,sh,,active,False,True,2026-08-07T01:14:17+08:00,akshare
sh688367,工大高科,sh,,active,False,True,2026-08-07T01:14:17+08:00,akshare
sh688368,晶丰明源,sh,,active,False,True,2026-08-07T01:14:17+08:00,akshare
sh688369,致远互联,sh,,active,False,True,2026-08-07T01:14:17+08:00,akshare
sh688370,丛麟科技,sh,,active,False,True,2026-08-07T01:14:17+08:00,akshare
sh688371,菲沃泰,sh,,active,False,True,2026-08-07T01:14:17+08:00,akshare
sh688372,伟测科技,sh,,active,False,True,2026-08-07T01:14:17+08:00,akshare
sh688373,盟科药业,sh,,active,False,True,2026-08-07T01:14:17+08:00,akshare
sh688375,国博电子,sh,,active,False,True,2026-08-07T01:14:17+08:00,akshare
sh688376,美埃科技,sh,,active,False,True,2026-08-07T01:14:17+08:00,akshare
sh688377,迪威尔,sh,,active,False,True,2026-08-07T01:14:17+08:00,akshare
sh688378,奥来德,sh,,active,False,True,2026-08-07T01:14:17+08:00,akshare
sh688379,华光新材,sh,,active,False,True,2026-08-07T01:14:17+08:00,akshare
sh688380,中微半导,sh,,active,False,True,2026-08-07T01:14:17+08:00,akshare
sh688381,帝奥微,sh,,active,False,True,2026-08-07T01:14:17+08:00,akshare
sh688382,益方生物,sh,,active,False,True,2026-08-07T01:14:17+08:00,akshare
sh688383,新益昌,sh,,active,False,True,2026-08-07T01:14:17+08:00,akshare
sh688385,复旦微电,sh,,active,False,True,2026-08-07T01:14:17+08:00,akshare
sh688386,泛亚微透,sh,,active,False,True,2026-08-07T01:14:17+08:00,akshare
sh688387,信科移动,sh,,active,False,True,2026-08-07T01:14:17+08:00,akshare
sh688388,嘉元科技,sh,,active,False,True,2026-08-07T01:14:17+08:00,akshare
sh688389,普门科技,sh,,active,False,True,2026-08-07T01:14:17+08:00,akshare
sh688390,固德威,sh,,active,False,True,2026-08-07T01:14:17+08:00,akshare
sh688391,钜泉科技,sh,,active,False,True,2026-08-07T01:14:17+08:00,akshare
sh688392,骄成超声,sh,,active,False,True,2026-08-07T01:14:17+08:00,akshare
sh688393,安必平,sh,,active,False,True,2026-08-07T01:14:17+08:00,akshare
sh688395,正弦电气,sh,,active,False,True,2026-08-07T01:14:17+08:00,akshare
sh688396,华润微,sh,,active,False,True,2026-08-07T01:14:17+08:00,akshare
sh688398,赛特新材,sh,,active,False,True,2026-08-07T01:14:17+08:00,akshare
sh688399,硕世生物,sh,,active,False,True,2026-08-07T01:14:17+08:00,akshare
sh688400,凌云光,sh,,active,False,True,2026-08-07T01:14:17+08:00,akshare
sh688401,路维光电,sh,,active,False,True,2026-08-07T01:14:17+08:00,akshare
sh688403,汇成股份,sh,,active,False,True,2026-08-07T01:14:17+08:00,akshare
sh688408,中信博,sh,,active,False,True,2026-08-07T01:14:17+08:00,akshare
sh688409,富创精密,sh,,active,False,True,2026-08-07T01:14:17+08:00,akshare
sh688410,山外山,sh,,active,False,True,2026-08-07T01:14:17+08:00,akshare
sh688411,海博思创,sh,,active,False,True,2026-08-07T01:14:17+08:00,akshare
sh688416,恒烁股份,sh,,active,False,True,2026-08-07T01:14:17+08:00,akshare
sh688418,震有科技,sh,,active,False,True,2026-08-07T01:14:17+08:00,akshare
sh688419,耐科装备,sh,,active,False,True,2026-08-07T01:14:17+08:00,akshare
sh688420,美腾科技,sh,,active,False,True,2026-08-07T01:14:17+08:00,akshare
sh688425,铁建重工,sh,,active,False,True,2026-08-07T01:14:17+08:00,akshare
sh688426,康为世纪,sh,,active,False,True,2026-08-07T01:14:17+08:00,akshare
sh688428,诺诚健华,sh,,active,False,True,2026-08-07T01:14:17+08:00,akshare
sh688429,时创能源,sh,,active,False,True,2026-08-07T01:14:17+08:00,akshare
sh688432,有研硅,sh,,active,False,True,2026-08-07T01:14:17+08:00,akshare
sh688433,华曙高科,sh,,active,False,True,2026-08-07T01:14:17+08:00,akshare
sh688435,英方软件,sh,,active,False,True,2026-08-07T01:14:17+08:00,akshare
sh688439,振华风光,sh,,active,False,True,2026-08-07T01:14:17+08:00,akshare
sh688443,智翔金泰,sh,,active,False,True,2026-08-07T01:14:17+08:00,akshare
sh688448,磁谷科技,sh,,active,False,True,2026-08-07T01:14:17+08:00,akshare
sh688449,联芸科技,sh,,active,False,True,2026-08-07T01:14:17+08:00,akshare
sh688450,光格科技,sh,,active,False,True,2026-08-07T01:14:17+08:00,akshare
sh688455,科捷智能,sh,,active,False,True,2026-08-07T01:14:17+08:00,akshare
sh688456,有研粉材,sh,,active,False,True,2026-08-07T01:14:17+08:00,akshare
sh688458,美芯晟,sh,,active,False,True,2026-08-07T01:14:17+08:00,akshare
sh688459,哈铁科技,sh,,active,False,True,2026-08-07T01:14:17+08:00,akshare
sh688466,金科环境,sh,,active,False,True,2026-08-07T01:14:17+08:00,akshare
sh688468,科美诊断,sh,,active,False,True,2026-08-07T01:14:17+08:00,akshare
sh688469,芯联集成,sh,,active,False,True,2026-08-07T01:14:17+08:00,akshare
sh688472,阿特斯,sh,,active,False,True,2026-08-07T01:14:17+08:00,akshare
sh688475,萤石网络,sh,,active,False,True,2026-08-07T01:14:17+08:00,akshare
sh688478,晶升股份,sh,,active,False,True,2026-08-07T01:14:17+08:00,akshare
sh688479,友车科技,sh,,active,False,True,2026-08-07T01:14:17+08:00,akshare
sh688480,赛恩斯,sh,,active,False,True,2026-08-07T01:14:17+08:00,akshare
sh688484,南芯科技,sh,,active,False,True,2026-08-07T01:14:17+08:00,akshare
sh688485,九州一轨,sh,,active,False,True,2026-08-07T01:14:17+08:00,akshare
sh688486,龙迅股份,sh,,active,False,True,2026-08-07T01:14:17+08:00,akshare
sh688488,艾迪药业,sh,,active,False,True,2026-08-07T01:14:17+08:00,akshare
sh688489,三未信安,sh,,active,False,True,2026-08-07T01:14:17+08:00,akshare
sh688496,*ST清越,sh,,active,True,True,2026-08-07T01:14:17+08:00,akshare
sh688498,源杰科技,sh,,active,False,True,2026-08-07T01:14:17+08:00,akshare
sh688499,利元亨,sh,,active,False,True,2026-08-07T01:14:17+08:00,akshare
sh688500,慧辰股份,sh,,active,False,True,2026-08-07T01:14:17+08:00,akshare
sh688501,DR青达环,sh,,active,False,True,2026-08-07T01:14:17+08:00,akshare
sh688502,茂莱光学,sh,,active,False,True,2026-08-07T01:14:17+08:00,akshare
sh688503,聚和材料,sh,,active,False,True,2026-08-07T01:14:17+08:00,akshare
sh688505,复旦张江,sh,,active,False,True,2026-08-07T01:14:17+08:00,akshare
sh688506,百利天恒,sh,,active,False,True,2026-08-07T01:14:17+08:00,akshare
sh688507,索辰科技,sh,,active,False,True,2026-08-07T01:14:17+08:00,akshare
sh688508,芯朋微,sh,,active,False,True,2026-08-07T01:14:17+08:00,akshare
sh688509,正元地信,sh,,active,False,True,2026-08-07T01:14:17+08:00,akshare
sh688510,航亚科技,sh,,active,False,True,2026-08-07T01:14:17+08:00,akshare
sh688511,天微电子,sh,,active,False,True,2026-08-07T01:14:17+08:00,akshare
sh688512,慧智微,sh,,active,False,True,2026-08-07T01:14:17+08:00,akshare
sh688513,苑东生物,sh,,active,False,True,2026-08-07T01:14:17+08:00,akshare
sh688515,裕太微,sh,,active,False,True,2026-08-07T01:14:17+08:00,akshare
sh688516,奥特维,sh,,active,False,True,2026-08-07T01:14:17+08:00,akshare
sh688517,金冠电气,sh,,active,False,True,2026-08-07T01:14:17+08:00,akshare
sh688518,联赢激光,sh,,active,False,True,2026-08-07T01:14:17+08:00,akshare
sh688519,南亚新材,sh,,active,False,True,2026-08-07T01:14:17+08:00,akshare
sh688520,神州细胞,sh,,active,False,True,2026-08-07T01:14:17+08:00,akshare
sh688521,芯原股份,sh,,active,False,True,2026-08-07T01:14:17+08:00,akshare
sh688522,纳睿雷达,sh,,active,False,True,2026-08-07T01:14:17+08:00,akshare
sh688523,航天环宇,sh,,active,False,True,2026-08-07T01:14:17+08:00,akshare
sh688525,佰维存储,sh,,active,False,True,2026-08-07T01:14:17+08:00,akshare
sh688526,科前生物,sh,,active,False,True,2026-08-07T01:14:17+08:00,akshare
sh688528,秦川物联,sh,,active,False,True,2026-08-07T01:14:17+08:00,akshare
sh688529,豪森智能,sh,,active,False,True,2026-08-07T01:14:17+08:00,akshare
sh688530,欧莱新材,sh,,active,False,True,2026-08-07T01:14:17+08:00,akshare
sh688531,日联科技,sh,,active,False,True,2026-08-07T01:14:17+08:00,akshare
sh688533,上声电子,sh,,active,False,True,2026-08-07T01:14:17+08:00,akshare
sh688535,华海诚科,sh,,active,False,True,2026-08-07T01:14:17+08:00,akshare
sh688536,思瑞浦,sh,,active,False,True,2026-08-07T01:14:17+08:00,akshare
sh688538,和辉光电,sh,,active,False,True,2026-08-07T01:14:17+08:00,akshare
sh688539,高华科技,sh,,active,False,True,2026-08-07T01:14:17+08:00,akshare
sh688543,国科军工,sh,,active,False,True,2026-08-07T01:14:17+08:00,akshare
sh688545,兴福电子,sh,,active,False,True,2026-08-07T01:14:17+08:00,akshare
sh688548,广钢气体,sh,,active,False,True,2026-08-07T01:14:17+08:00,akshare
sh688549,中巨芯,sh,,active,False,True,2026-08-07T01:14:17+08:00,akshare
sh688550,瑞联新材,sh,,active,False,True,2026-08-07T01:14:17+08:00,akshare
sh688551,科威尔,sh,,active,False,True,2026-08-07T01:14:17+08:00,akshare
sh688552,航天南湖,sh,,active,False,True,2026-08-07T01:14:17+08:00,akshare
sh688553,汇宇制药,sh,,active,False,True,2026-08-07T01:14:17+08:00,akshare
sh688556,高测股份,sh,,active,False,True,2026-08-07T01:14:17+08:00,akshare
sh688557,兰剑智能,sh,,active,False,True,2026-08-07T01:14:17+08:00,akshare
sh688558,国盛智科,sh,,active,False,True,2026-08-07T01:14:17+08:00,akshare
sh688559,海目星,sh,,active,False,True,2026-08-07T01:14:17+08:00,akshare
sh688560,明冠新材,sh,,active,False,True,2026-08-07T01:14:17+08:00,akshare
sh688561,奇安信,sh,,active,False,True,2026-08-07T01:14:17+08:00,akshare
sh688562,航天软件,sh,,active,False,True,2026-08-07T01:14:17+08:00,akshare
sh688563,航材股份,sh,,active,False,True,2026-08-07T01:14:17+08:00,akshare
sh688565,力源科技,sh,,active,False,True,2026-08-07T01:14:17+08:00,akshare
sh688566,吉贝尔,sh,,active,False,True,2026-08-07T01:14:17+08:00,akshare
sh688567,孚能科技,sh,,active,False,True,2026-08-07T01:14:17+08:00,akshare
sh688568,中科星图,sh,,active,False,True,2026-08-07T01:14:17+08:00,akshare
sh688569,铁科轨道,sh,,active,False,True,2026-08-07T01:14:17+08:00,akshare
sh688570,天玛智控,sh,,active,False,True,2026-08-07T01:14:17+08:00,akshare
sh688571,杭华股份,sh,,active,False,True,2026-08-07T01:14:17+08:00,akshare
sh688573,信宇人,sh,,active,False,True,2026-08-07T01:14:17+08:00,akshare
sh688575,亚辉龙,sh,,active,False,True,2026-08-07T01:14:17+08:00,akshare
sh688576,西山科技,sh,,active,False,True,2026-08-07T01:14:17+08:00,akshare
sh688577,浙海德曼,sh,,active,False,True,2026-08-07T01:14:17+08:00,akshare
sh688578,艾力斯,sh,,active,False,True,2026-08-07T01:14:17+08:00,akshare
sh688579,地纬智能,sh,,active,False,True,2026-08-07T01:14:17+08:00,akshare
sh688580,伟思医疗,sh,,active,False,True,2026-08-07T01:14:17+08:00,akshare
sh688581,安杰思,sh,,active,False,True,2026-08-07T01:14:17+08:00,akshare
sh688582,芯动联科,sh,,active,False,True,2026-08-07T01:14:17+08:00,akshare
sh688583,思看科技,sh,,active,False,True,2026-08-07T01:14:17+08:00,akshare
sh688584,上海合晶,sh,,active,False,True,2026-08-07T01:14:17+08:00,akshare
sh688585,上纬新材,sh,,active,False,True,2026-08-07T01:14:17+08:00,akshare
sh688586,江航装备,sh,,active,False,True,2026-08-07T01:14:17+08:00,akshare
sh688588,凌志软件,sh,,active,False,True,2026-08-07T01:14:17+08:00,akshare
sh688589,力合微,sh,,active,False,True,2026-08-07T01:14:17+08:00,akshare
sh688590,新致软件,sh,,active,False,True,2026-08-07T01:14:17+08:00,akshare
sh688591,泰凌微,sh,,active,False,True,2026-08-07T01:14:17+08:00,akshare
sh688592,司南导航,sh,,active,False,True,2026-08-07T01:14:17+08:00,akshare
sh688593,新相微,sh,,active,False,True,2026-08-07T01:14:17+08:00,akshare
sh688595,芯海科技,sh,,active,False,True,2026-08-07T01:14:17+08:00,akshare
sh688596,正帆科技,sh,,active,False,True,2026-08-07T01:14:17+08:00,akshare
sh688597,煜邦电力,sh,,active,False,True,2026-08-07T01:14:17+08:00,akshare
sh688598,金博股份,sh,,active,False,True,2026-08-07T01:14:17+08:00,akshare
sh688599,天合光能,sh,,active,False,True,2026-08-07T01:14:17+08:00,akshare
sh688600,皖仪科技,sh,,active,False,True,2026-08-07T01:14:17+08:00,akshare
sh688601,力芯微,sh,,active,False,True,2026-08-07T01:14:17+08:00,akshare
sh688602,康鹏科技,sh,,active,False,True,2026-08-07T01:14:17+08:00,akshare
sh688603,天承科技,sh,,active,False,True,2026-08-07T01:14:17+08:00,akshare
sh688605,先锋精科,sh,,active,False,True,2026-08-07T01:14:17+08:00,akshare
sh688606,奥泰生物,sh,,active,False,True,2026-08-07T01:14:17+08:00,akshare
sh688607,康众医疗,sh,,active,False,True,2026-08-07T01:14:17+08:00,akshare
sh688608,恒玄科技,sh,,active,False,True,2026-08-07T01:14:17+08:00,akshare
sh688609,九联科技,sh,,active,False,True,2026-08-07T01:14:17+08:00,akshare
sh688610,埃科光电,sh,,active,False,True,2026-08-07T01:14:17+08:00,akshare
sh688611,杭州柯林,sh,,active,False,True,2026-08-07T01:14:17+08:00,akshare
sh688612,威迈斯,sh,,active,False,True,2026-08-07T01:14:17+08:00,akshare
sh688613,XD奥精医,sh,,active,False,True,2026-08-07T01:14:17+08:00,akshare
sh688615,合合信息,sh,,active,False,True,2026-08-07T01:14:17+08:00,akshare
sh688616,西力科技,sh,,active,False,True,2026-08-07T01:14:17+08:00,akshare
sh688617,惠泰医疗,sh,,active,False,True,2026-08-07T01:14:17+08:00,akshare
sh688618,三旺通信,sh,,active,False,True,2026-08-07T01:14:17+08:00,akshare
sh688619,罗普特,sh,,active,False,True,2026-08-07T01:14:17+08:00,akshare
sh688620,安凯微,sh,,active,False,True,2026-08-07T01:14:17+08:00,akshare
sh688621,阳光诺和,sh,,active,False,True,2026-08-07T01:14:17+08:00,akshare
sh688622,*ST禾信,sh,,active,True,True,2026-08-07T01:14:17+08:00,akshare
sh688623,双元科技,sh,,active,False,True,2026-08-07T01:14:17+08:00,akshare
sh688625,呈和科技,sh,,active,False,True,2026-08-07T01:14:17+08:00,akshare
sh688626,翔宇医疗,sh,,active,False,True,2026-08-07T01:14:17+08:00,akshare
sh688627,精智达,sh,,active,False,True,2026-08-07T01:14:17+08:00,akshare
sh688628,优利德,sh,,active,False,True,2026-08-07T01:14:17+08:00,akshare
sh688629,华丰科技,sh,,active,False,True,2026-08-07T01:14:17+08:00,akshare
sh688630,芯碁微装,sh,,active,False,True,2026-08-07T01:14:17+08:00,akshare
sh688631,莱斯信息,sh,,active,False,True,2026-08-07T01:14:17+08:00,akshare
sh688633,星球石墨,sh,,active,False,True,2026-08-07T01:14:17+08:00,akshare
sh688635,长进光子,sh,,active,False,True,2026-08-07T01:14:17+08:00,akshare
sh688636,智明达,sh,,active,False,True,2026-08-07T01:14:17+08:00,akshare
sh688638,誉辰智能,sh,,active,False,True,2026-08-07T01:14:17+08:00,akshare
sh688639,华恒生物,sh,,active,False,True,2026-08-07T01:14:17+08:00,akshare
sh688646,ST逸飞,sh,,active,True,True,2026-08-07T01:14:17+08:00,akshare
sh688648,中邮科技,sh,,active,False,True,2026-08-07T01:14:17+08:00,akshare
sh688651,盛邦安全,sh,,active,False,True,2026-08-07T01:14:17+08:00,akshare
sh688652,京仪装备,sh,,active,False,True,2026-08-07T01:14:17+08:00,akshare
sh688653,康希通信,sh,,active,False,True,2026-08-07T01:14:17+08:00,akshare
sh688655,迅捷兴,sh,,active,False,True,2026-08-07T01:14:17+08:00,akshare
sh688656,浩欧博,sh,,active,False,True,2026-08-07T01:14:17+08:00,akshare
sh688657,浩辰软件,sh,,active,False,True,2026-08-07T01:14:17+08:00,akshare
sh688658,悦康药业,sh,,active,False,True,2026-08-07T01:14:17+08:00,akshare
sh688659,元琛科技,sh,,active,False,True,2026-08-07T01:14:17+08:00,akshare
sh688660,电气风电,sh,,active,False,True,2026-08-07T01:14:17+08:00,akshare
sh688661,和林微纳,sh,,active,False,True,2026-08-07T01:14:17+08:00,akshare
sh688662,富信科技,sh,,active,False,True,2026-08-07T01:14:17+08:00,akshare
sh688663,新风光,sh,,active,False,True,2026-08-07T01:14:17+08:00,akshare
sh688665,四方光电,sh,,active,False,True,2026-08-07T01:14:17+08:00,akshare
sh688667,菱电电控,sh,,active,False,True,2026-08-07T01:14:17+08:00,akshare
sh688668,鼎通科技,sh,,active,False,True,2026-08-07T01:14:17+08:00,akshare
sh688669,聚石化学,sh,,active,False,True,2026-08-07T01:14:17+08:00,akshare
sh688670,金迪克,sh,,active,False,True,2026-08-07T01:14:17+08:00,akshare
sh688671,碧兴物联,sh,,active,False,True,2026-08-07T01:14:17+08:00,akshare
sh688676,金盘科技,sh,,active,False,True,2026-08-07T01:14:17+08:00,akshare
sh688677,海泰新光,sh,,active,False,True,2026-08-07T01:14:17+08:00,akshare
sh688678,福立旺,sh,,active,False,True,2026-08-07T01:14:17+08:00,akshare
sh688679,通源环境,sh,,active,False,True,2026-08-07T01:14:17+08:00,akshare
sh688680,海优新材,sh,,active,False,True,2026-08-07T01:14:17+08:00,akshare
sh688681,科汇股份,sh,,active,False,True,2026-08-07T01:14:17+08:00,akshare
sh688682,霍莱沃,sh,,active,False,True,2026-08-07T01:14:17+08:00,akshare
sh688683,莱尔科技,sh,,active,False,True,2026-08-07T01:14:17+08:00,akshare
sh688685,迈信林,sh,,active,False,True,2026-08-07T01:14:17+08:00,akshare
sh688686,奥普特,sh,,active,False,True,2026-08-07T01:14:17+08:00,akshare
sh688687,凯因科技,sh,,active,False,True,2026-08-07T01:14:17+08:00,akshare
sh688689,银河微电,sh,,active,False,True,2026-08-07T01:14:17+08:00,akshare
sh688690,纳微科技,sh,,active,False,True,2026-08-07T01:14:17+08:00,akshare
sh688691,灿芯股份,sh,,active,False,True,2026-08-07T01:14:17+08:00,akshare
sh688692,达梦数据,sh,,active,False,True,2026-08-07T01:14:17+08:00,akshare
sh688693,锴威特,sh,,active,False,True,2026-08-07T01:14:17+08:00,akshare
sh688695,中创股份,sh,,active,False,True,2026-08-07T01:14:17+08:00,akshare
sh688696,极米科技,sh,,active,False,True,2026-08-07T01:14:17+08:00,akshare
sh688697,纽威数控,sh,,active,False,True,2026-08-07T01:14:17+08:00,akshare
sh688698,伟创电气,sh,,active,False,True,2026-08-07T01:14:17+08:00,akshare
sh688699,明微电子,sh,,active,False,True,2026-08-07T01:14:17+08:00,akshare
sh688700,东威科技,sh,,active,False,True,2026-08-07T01:14:17+08:00,akshare
sh688701,卓锦股份,sh,,active,False,True,2026-08-07T01:14:17+08:00,akshare
sh688702,盛科通信,sh,,active,False,True,2026-08-07T01:14:17+08:00,akshare
sh688707,振华新材,sh,,active,False,True,2026-08-07T01:14:17+08:00,akshare
sh688708,佳驰科技,sh,,active,False,True,2026-08-07T01:14:17+08:00,akshare
sh688709,成都华微,sh,,active,False,True,2026-08-07T01:14:17+08:00,akshare
sh688710,益诺思,sh,,active,False,True,2026-08-07T01:14:17+08:00,akshare
sh688711,宏微科技,sh,,active,False,True,2026-08-07T01:14:17+08:00,akshare
sh688712,北芯生命,sh,,active,False,True,2026-08-07T01:14:17+08:00,akshare
sh688716,中研股份,sh,,active,False,True,2026-08-07T01:14:17+08:00,akshare
sh688717,艾罗能源,sh,,active,False,True,2026-08-07T01:14:17+08:00,akshare
sh688718,唯赛勃,sh,,active,False,True,2026-08-07T01:14:17+08:00,akshare
sh688719,爱科赛博,sh,,active,False,True,2026-08-07T01:14:17+08:00,akshare
sh688720,艾森股份,sh,,active,False,True,2026-08-07T01:14:17+08:00,akshare
sh688721,龙图光罩,sh,,active,False,True,2026-08-07T01:14:17+08:00,akshare
sh688722,同益中,sh,,active,False,True,2026-08-07T01:14:17+08:00,akshare
sh688726,拉普拉斯,sh,,active,False,True,2026-08-07T01:14:17+08:00,akshare
sh688727,恒坤新材,sh,,active,False,True,2026-08-07T01:14:17+08:00,akshare
sh688728,格科微,sh,,active,False,True,2026-08-07T01:14:17+08:00,akshare
sh688729,屹唐股份,sh,,active,False,True,2026-08-07T01:14:17+08:00,akshare
sh688733,壹石通,sh,,active,False,True,2026-08-07T01:14:17+08:00,akshare
sh688737,中自科技,sh,,active,False,True,2026-08-07T01:14:17+08:00,akshare
sh688739,成大生物,sh,,active,False,True,2026-08-07T01:14:17+08:00,akshare
sh688750,金天钛业,sh,,active,False,True,2026-08-07T01:14:17+08:00,akshare
sh688755,汉邦科技,sh,,active,False,True,2026-08-07T01:14:17+08:00,akshare
sh688757,胜科纳米,sh,,active,False,True,2026-08-07T01:14:17+08:00,akshare
sh688758,赛分科技,sh,,active,False,True,2026-08-07T01:14:17+08:00,akshare
sh688759,必贝特,sh,,active,False,True,2026-08-07T01:14:17+08:00,akshare
sh688765,禾元生物,sh,,active,False,True,2026-08-07T01:14:17+08:00,akshare
sh688766,普冉股份,sh,,active,False,True,2026-08-07T01:14:17+08:00,akshare
sh688767,博拓生物,sh,,active,False,True,2026-08-07T01:14:17+08:00,akshare
sh688768,容知日新,sh,,active,False,True,2026-08-07T01:14:17+08:00,akshare
sh688772,珠海冠宇,sh,,active,False,True,2026-08-07T01:14:17+08:00,akshare
sh688775,影石创新,sh,,active,False,True,2026-08-07T01:14:17+08:00,akshare
sh688776,国光电气,sh,,active,False,True,2026-08-07T01:14:17+08:00,akshare
sh688777,中控技术,sh,,active,False,True,2026-08-07T01:14:17+08:00,akshare
sh688778,厦钨新能,sh,,active,False,True,2026-08-07T01:14:17+08:00,akshare
sh688779,五矿新能,sh,,active,False,True,2026-08-07T01:14:17+08:00,akshare
sh688781,视涯科技,sh,,active,False,True,2026-08-07T01:14:17+08:00,akshare
sh688783,西安奕材,sh,,active,False,True,2026-08-07T01:14:17+08:00,akshare
sh688785,恒运昌,sh,,active,False,True,2026-08-07T01:14:17+08:00,akshare
sh688786,悦安新材,sh,,active,False,True,2026-08-07T01:14:17+08:00,akshare
sh688787,海天瑞声,sh,,active,False,True,2026-08-07T01:14:17+08:00,akshare
sh688788,科思科技,sh,,active,False,True,2026-08-07T01:14:17+08:00,akshare
sh688789,宏华数科,sh,,active,False,True,2026-08-07T01:14:17+08:00,akshare
sh688790,昂瑞微,sh,,active,False,True,2026-08-07T01:14:17+08:00,akshare
sh688793,倍轻松,sh,,active,False,True,2026-08-07T01:14:17+08:00,akshare
sh688795,摩尔线程,sh,,active,False,True,2026-08-07T01:14:17+08:00,akshare
sh688796,百奥赛图,sh,,active,False,True,2026-08-07T01:14:17+08:00,akshare
sh688797,臻宝科技,sh,,active,False,True,2026-08-07T01:14:17+08:00,akshare
sh688798,艾为电子,sh,,active,False,True,2026-08-07T01:14:17+08:00,akshare
sh688799,华纳药厂,sh,,active,False,True,2026-08-07T01:14:17+08:00,akshare
sh688800,瑞可达,sh,,active,False,True,2026-08-07T01:14:17+08:00,akshare
sh688802,沐曦股份,sh,,active,False,True,2026-08-07T01:14:17+08:00,akshare
sh688805,健信超导,sh,,active,False,True,2026-08-07T01:14:17+08:00,akshare
sh688806,泰诺麦博,sh,,active,False,True,2026-08-07T01:14:17+08:00,akshare
sh688807,优迅股份,sh,,active,False,True,2026-08-07T01:14:17+08:00,akshare
sh688808,联讯仪器,sh,,active,False,True,2026-08-07T01:14:17+08:00,akshare
sh688809,强一股份,sh,,active,False,True,2026-08-07T01:14:17+08:00,akshare
sh688811,有研复材,sh,,active,False,True,2026-08-07T01:14:17+08:00,akshare
sh688813,泰金新能,sh,,active,False,True,2026-08-07T01:14:17+08:00,akshare
sh688816,易思维,sh,,active,False,True,2026-08-07T01:14:17+08:00,akshare
sh688818,电科蓝天,sh,,active,False,True,2026-08-07T01:14:17+08:00,akshare
sh688819,天能股份,sh,,active,False,True,2026-08-07T01:14:17+08:00,akshare
sh688820,盛合晶微,sh,,active,False,True,2026-08-07T01:14:17+08:00,akshare
sh688825,长鑫科技,sh,,active,False,True,2026-08-07T01:14:17+08:00,akshare
sh688981,中芯国际,sh,,active,False,True,2026-08-07T01:14:17+08:00,akshare
sh689009,九号公司,sh,,active,False,True,2026-08-07T01:14:17+08:00,akshare
sz000001,平安银行,sz,,active,False,True,2026-08-07T01:14:17+08:00,akshare
sz000002,万  科Ａ,sz,,active,False,True,2026-08-07T01:14:17+08:00,akshare
sz000006,深振业Ａ,sz,,active,False,True,2026-08-07T01:14:17+08:00,akshare
sz000007,全新好,sz,,active,False,True,2026-08-07T01:14:17+08:00,akshare
sz000008,神州高铁,sz,,active,False,True,2026-08-07T01:14:17+08:00,akshare
sz000009,中国宝安,sz,,active,False,True,2026-08-07T01:14:17+08:00,akshare
sz000010,*ST美丽,sz,,active,True,True,2026-08-07T01:14:17+08:00,akshare
sz000011,深物业A,sz,,active,False,True,2026-08-07T01:14:17+08:00,akshare
sz000012,南  玻Ａ,sz,,active,False,True,2026-08-07T01:14:17+08:00,akshare
sz000014,沙河股份,sz,,active,False,True,2026-08-07T01:14:17+08:00,akshare
sz000016,*ST康佳A,sz,,active,True,True,2026-08-07T01:14:17+08:00,akshare
sz000017,深中华A,sz,,active,False,True,2026-08-07T01:14:17+08:00,akshare
sz000019,深粮控股,sz,,active,False,True,2026-08-07T01:14:17+08:00,akshare
sz000020,深华发Ａ,sz,,active,False,True,2026-08-07T01:14:17+08:00,akshare
sz000021,深科技,sz,,active,False,True,2026-08-07T01:14:17+08:00,akshare
sz000025,特  力Ａ,sz,,active,False,True,2026-08-07T01:14:17+08:00,akshare
sz000026,飞亚达,sz,,active,False,True,2026-08-07T01:14:17+08:00,akshare
sz000027,深圳能源,sz,,active,False,True,2026-08-07T01:14:17+08:00,akshare
sz000028,国药一致,sz,,active,False,True,2026-08-07T01:14:17+08:00,akshare
sz000029,深深房Ａ,sz,,active,False,True,2026-08-07T01:14:17+08:00,akshare
sz000030,富奥股份,sz,,active,False,True,2026-08-07T01:14:17+08:00,akshare
sz000031,大悦城,sz,,active,False,True,2026-08-07T01:14:17+08:00,akshare
sz000032,深桑达Ａ,sz,,active,False,True,2026-08-07T01:14:17+08:00,akshare
sz000034,神州数码,sz,,active,False,True,2026-08-07T01:14:17+08:00,akshare
sz000035,中国天楹,sz,,active,False,True,2026-08-07T01:14:17+08:00,akshare
sz000036,华联控股,sz,,active,False,True,2026-08-07T01:14:17+08:00,akshare
sz000037,深南电A,sz,,active,False,True,2026-08-07T01:14:17+08:00,akshare
sz000039,中集集团,sz,,active,False,True,2026-08-07T01:14:17+08:00,akshare
sz000042,中洲控股,sz,,active,False,True,2026-08-07T01:14:17+08:00,akshare
sz000045,深纺织Ａ,sz,,active,False,True,2026-08-07T01:14:17+08:00,akshare
sz000048,京基智农,sz,,active,False,True,2026-08-07T01:14:17+08:00,akshare
sz000049,德赛电池,sz,,active,False,True,2026-08-07T01:14:17+08:00,akshare
sz000050,深天马Ａ,sz,,active,False,True,2026-08-07T01:14:17+08:00,akshare
sz000055,方大集团,sz,,active,False,True,2026-08-07T01:14:17+08:00,akshare
sz000056,*ST皇庭,sz,,active,True,True,2026-08-07T01:14:17+08:00,akshare
sz000058,深 赛 格,sz,,active,False,True,2026-08-07T01:14:17+08:00,akshare
sz000059,华锦股份,sz,,active,False,True,2026-08-07T01:14:17+08:00,akshare
sz000060,中金岭南,sz,,active,False,True,2026-08-07T01:14:17+08:00,akshare
sz000061,农 产 品,sz,,active,False,True,2026-08-07T01:14:17+08:00,akshare
sz000062,深圳华强,sz,,active,False,True,2026-08-07T01:14:17+08:00,akshare
sz000063,中兴通讯,sz,,active,False,True,2026-08-07T01:14:17+08:00,akshare
sz000065,北方国际,sz,,active,False,True,2026-08-07T01:14:17+08:00,akshare
sz000066,中国长城,sz,,active,False,True,2026-08-07T01:14:17+08:00,akshare
sz000068,华控赛格,sz,,active,False,True,2026-08-07T01:14:17+08:00,akshare
sz000069,华侨城Ａ,sz,,active,False,True,2026-08-07T01:14:17+08:00,akshare
sz000070,特发信息,sz,,active,False,True,2026-08-07T01:14:17+08:00,akshare
sz000078,ST海王,sz,,active,True,True,2026-08-07T01:14:17+08:00,akshare
sz000088,盐 田 港,sz,,active,False,True,2026-08-07T01:14:17+08:00,akshare
sz000089,深圳机场,sz,,active,False,True,2026-08-07T01:14:17+08:00,akshare
sz000090,天健集团,sz,,active,False,True,2026-08-07T01:14:17+08:00,akshare
sz000096,广聚能源,sz,,active,False,True,2026-08-07T01:14:17+08:00,akshare
sz000099,中信海直,sz,,active,False,True,2026-08-07T01:14:17+08:00,akshare
sz000100,TCL科技,sz,,active,False,True,2026-08-07T01:14:17+08:00,akshare
sz000151,中成股份,sz,,active,False,True,2026-08-07T01:14:17+08:00,akshare
sz000153,丰原药业,sz,,active,False,True,2026-08-07T01:14:17+08:00,akshare
sz000155,川能动力,sz,,active,False,True,2026-08-07T01:14:17+08:00,akshare
sz000156,华数传媒,sz,,active,False,True,2026-08-07T01:14:17+08:00,akshare
sz000157,中联重科,sz,,active,False,True,2026-08-07T01:14:17+08:00,akshare
sz000158,常山北明,sz,,active,False,True,2026-08-07T01:14:17+08:00,akshare
sz000159,国际实业,sz,,active,False,True,2026-08-07T01:14:17+08:00,akshare
sz000166,申万宏源,sz,,active,False,True,2026-08-07T01:14:17+08:00,akshare
sz000301,东方盛虹,sz,,active,False,True,2026-08-07T01:14:17+08:00,akshare
sz000333,美的集团,sz,,active,False,True,2026-08-07T01:14:17+08:00,akshare
sz000338,潍柴动力,sz,,active,False,True,2026-08-07T01:14:17+08:00,akshare
sz000400,许继电气,sz,,active,False,True,2026-08-07T01:14:17+08:00,akshare
sz000401,金隅冀东,sz,,active,False,True,2026-08-07T01:14:17+08:00,akshare
sz000402,金 融 街,sz,,active,False,True,2026-08-07T01:14:17+08:00,akshare
sz000403,派林生物,sz,,active,False,True,2026-08-07T01:14:17+08:00,akshare
sz000404,长虹华意,sz,,active,False,True,2026-08-07T01:14:17+08:00,akshare
sz000407,胜利股份,sz,,active,False,True,2026-08-07T01:14:17+08:00,akshare
sz000408,藏格矿业,sz,,active,False,True,2026-08-07T01:14:17+08:00,akshare
sz000409,云鼎科技,sz,,active,False,True,2026-08-07T01:14:17+08:00,akshare
sz000410,沈阳机床,sz,,active,False,True,2026-08-07T01:14:17+08:00,akshare
sz000411,英特集团,sz,,active,False,True,2026-08-07T01:14:17+08:00,akshare
sz000415,渤海租赁,sz,,active,False,True,2026-08-07T01:14:17+08:00,akshare
sz000417,合百集团,sz,,active,False,True,2026-08-07T01:14:17+08:00,akshare
sz000419,通程控股,sz,,active,False,True,2026-08-07T01:14:17+08:00,akshare
sz000420,吉林化纤,sz,,active,False,True,2026-08-07T01:14:17+08:00,akshare
sz000421,南京公用,sz,,active,False,True,2026-08-07T01:14:17+08:00,akshare
sz000422,湖北宜化,sz,,active,False,True,2026-08-07T01:14:17+08:00,akshare
sz000423,东阿阿胶,sz,,active,False,True,2026-08-07T01:14:17+08:00,akshare
sz000425,徐工机械,sz,,active,False,True,2026-08-07T01:14:17+08:00,akshare
sz000426,兴业银锡,sz,,active,False,True,2026-08-07T01:14:17+08:00,akshare
sz000428,华天酒店,sz,,active,False,True,2026-08-07T01:14:17+08:00,akshare
sz000429,粤高速Ａ,sz,,active,False,True,2026-08-07T01:14:17+08:00,akshare
sz000430,张家界,sz,,active,False,True,2026-08-07T01:14:17+08:00,akshare
sz000488,ST晨鸣,sz,,active,True,True,2026-08-07T01:14:17+08:00,akshare
sz000498,山东路桥,sz,,active,False,True,2026-08-07T01:14:17+08:00,akshare
sz000501,武商集团,sz,,active,False,True,2026-08-07T01:14:17+08:00,akshare
sz000503,国新健康,sz,,active,False,True,2026-08-07T01:14:17+08:00,akshare
sz000504,南华生物,sz,,active,False,True,2026-08-07T01:14:17+08:00,akshare
sz000505,京粮控股,sz,,active,False,True,2026-08-07T01:14:17+08:00,akshare
sz000506,招金黄金,sz,,active,False,True,2026-08-07T01:14:17+08:00,akshare
sz000507,珠海港,sz,,active,False,True,2026-08-07T01:14:17+08:00,akshare
sz000509,华塑控股,sz,,active,False,True,2026-08-07T01:14:17+08:00,akshare
sz000510,新金路,sz,,active,False,True,2026-08-07T01:14:17+08:00,akshare
sz000513,丽珠集团,sz,,active,False,True,2026-08-07T01:14:17+08:00,akshare
sz000514,渝 开 发,sz,,active,False,True,2026-08-07T01:14:17+08:00,akshare
sz000516,国际医学,sz,,active,False,True,2026-08-07T01:14:17+08:00,akshare
sz000517,荣安地产,sz,,active,False,True,2026-08-07T01:14:17+08:00,akshare
sz000518,四环生物,sz,,active,False,True,2026-08-07T01:14:17+08:00,akshare
sz000519,中兵红箭,sz,,active,False,True,2026-08-07T01:14:17+08:00,akshare
sz000520,凤凰航运,sz,,active,False,True,2026-08-07T01:14:17+08:00,akshare
sz000521,长虹美菱,sz,,active,False,True,2026-08-07T01:14:17+08:00,akshare
sz000523,红棉股份,sz,,active,False,True,2026-08-07T01:14:17+08:00,akshare
sz000524,岭南控股,sz,,active,False,True,2026-08-07T01:14:17+08:00,akshare
sz000525,红太阳,sz,,active,False,True,2026-08-07T01:14:17+08:00,akshare
sz000526,学大教育,sz,,active,False,True,2026-08-07T01:14:17+08:00,akshare
sz000528,柳    工,sz,,active,False,True,2026-08-07T01:14:17+08:00,akshare
sz000529,广弘控股,sz,,active,False,True,2026-08-07T01:14:17+08:00,akshare
sz000530,冰山冷热,sz,,active,False,True,2026-08-07T01:14:17+08:00,akshare
sz000531,穗恒运Ａ,sz,,active,False,True,2026-08-07T01:14:17+08:00,akshare
sz000532,华金资本,sz,,active,False,True,2026-08-07T01:14:17+08:00,akshare
sz000533,顺钠股份,sz,,active,False,True,2026-08-07T01:14:17+08:00,akshare
sz000534,万泽股份,sz,,active,False,True,2026-08-07T01:14:17+08:00,akshare
sz000536,华映科技,sz,,active,False,True,2026-08-07T01:14:17+08:00,akshare
sz000537,绿发电力,sz,,active,False,True,2026-08-07T01:14:17+08:00,akshare
sz000538,云南白药,sz,,active,False,True,2026-08-07T01:14:17+08:00,akshare
sz000539,粤电力Ａ,sz,,active,False,True,2026-08-07T01:14:17+08:00,akshare
sz000541,佛山照明,sz,,active,False,True,2026-08-07T01:14:17+08:00,akshare
sz000543,皖能电力,sz,,active,False,True,2026-08-07T01:14:17+08:00,akshare
sz000544,中原环保,sz,,active,False,True,2026-08-07T01:14:17+08:00,akshare
sz000545,金浦钛业,sz,,active,False,True,2026-08-07T01:14:17+08:00,akshare
sz000546,金圆股份,sz,,active,False,True,2026-08-07T01:14:17+08:00,akshare
sz000547,航天发展,sz,,active,False,True,2026-08-07T01:14:17+08:00,akshare
sz000548,湖南投资,sz,,active,False,True,2026-08-07T01:14:17+08:00,akshare
sz000550,江铃汽车,sz,,active,False,True,2026-08-07T01:14:17+08:00,akshare
sz000551,创元科技,sz,,active,False,True,2026-08-07T01:14:17+08:00,akshare
sz000552,甘肃能化,sz,,active,False,True,2026-08-07T01:14:17+08:00,akshare
sz000553,安道麦A,sz,,active,False,True,2026-08-07T01:14:17+08:00,akshare
sz000554,泰山石油,sz,,active,False,True,2026-08-07T01:14:17+08:00,akshare
sz000555,神州信息,sz,,active,False,True,2026-08-07T01:14:17+08:00,akshare
sz000557,西部创业,sz,,active,False,True,2026-08-07T01:14:17+08:00,akshare
sz000558,天府文旅,sz,,active,False,True,2026-08-07T01:14:17+08:00,akshare
sz000559,万向钱潮,sz,,active,False,True,2026-08-07T01:14:17+08:00,akshare
sz000560,我爱我家,sz,,active,False,True,2026-08-07T01:14:17+08:00,akshare
sz000561,烽火电子,sz,,active,False,True,2026-08-07T01:14:17+08:00,akshare
sz000563,陕国投Ａ,sz,,active,False,True,2026-08-07T01:14:17+08:00,akshare
sz000564,供销大集,sz,,active,False,True,2026-08-07T01:14:17+08:00,akshare
sz000565,渝三峡Ａ,sz,,active,False,True,2026-08-07T01:14:17+08:00,akshare
sz000566,海南海药,sz,,active,False,True,2026-08-07T01:14:17+08:00,akshare
sz000567,海德股份,sz,,active,False,True,2026-08-07T01:14:17+08:00,akshare
sz000568,泸州老窖,sz,,active,False,True,2026-08-07T01:14:17+08:00,akshare
sz000570,苏常柴Ａ,sz,,active,False,True,2026-08-07T01:14:17+08:00,akshare
sz000571,新大洲A,sz,,active,False,True,2026-08-07T01:14:17+08:00,akshare
sz000572,海马汽车,sz,,active,False,True,2026-08-07T01:14:17+08:00,akshare
sz000573,粤宏远Ａ,sz,,active,False,True,2026-08-07T01:14:17+08:00,akshare
sz000576,甘化科工,sz,,active,False,True,2026-08-07T01:14:17+08:00,akshare
sz000581,威孚高科,sz,,active,False,True,2026-08-07T01:14:17+08:00,akshare
sz000582,北部湾港,sz,,active,False,True,2026-08-07T01:14:17+08:00,akshare
sz000586,汇源通信,sz,,active,False,True,2026-08-07T01:14:17+08:00,akshare
sz000589,贵州轮胎,sz,,active,False,True,2026-08-07T01:14:17+08:00,akshare
sz000590,古汉医药,sz,,active,False,True,2026-08-07T01:14:17+08:00,akshare
sz000591,太阳能,sz,,active,False,True,2026-08-07T01:14:17+08:00,akshare
sz000592,平潭发展,sz,,active,False,True,2026-08-07T01:14:17+08:00,akshare
sz000593,德龙汇能,sz,,active,False,True,2026-08-07T01:14:17+08:00,akshare
sz000595,新能股份,sz,,active,False,True,2026-08-07T01:14:17+08:00,akshare
sz000596,古井贡酒,sz,,active,False,True,2026-08-07T01:14:17+08:00,akshare
sz000597,东北制药,sz,,active,False,True,2026-08-07T01:14:17+08:00,akshare
sz000598,兴蓉环境,sz,,active,False,True,2026-08-07T01:14:17+08:00,akshare
sz000599,青岛双星,sz,,active,False,True,2026-08-07T01:14:17+08:00,akshare
sz000600,建投能源,sz,,active,False,True,2026-08-07T01:14:17+08:00,akshare
sz000601,韶能股份,sz,,active,False,True,2026-08-07T01:14:17+08:00,akshare
sz000603,盛达资源,sz,,active,False,True,2026-08-07T01:14:17+08:00,akshare
sz000605,渤海股份,sz,,active,False,True,2026-08-07T01:14:17+08:00,akshare
sz000607,华媒控股,sz,,active,False,True,2026-08-07T01:14:17+08:00,akshare
sz000608,阳光股份,sz,,active,False,True,2026-08-07T01:14:17+08:00,akshare
sz000609,*ST中迪,sz,,active,True,True,2026-08-07T01:14:17+08:00,akshare
sz000610,*ST西旅,sz,,active,True,True,2026-08-07T01:14:17+08:00,akshare
sz000612,焦作万方,sz,,active,False,True,2026-08-07T01:14:17+08:00,akshare
sz000615,*ST美谷,sz,,active,True,True,2026-08-07T01:14:17+08:00,akshare
sz000617,中油资本,sz,,active,False,True,2026-08-07T01:14:17+08:00,akshare
sz000619,海螺新材,sz,,active,False,True,2026-08-07T01:14:17+08:00,akshare
sz000620,盈新发展,sz,,active,False,True,2026-08-07T01:14:17+08:00,akshare
sz000623,吉林敖东,sz,,active,False,True,2026-08-07T01:14:17+08:00,akshare
sz000625,长安汽车,sz,,active,False,True,2026-08-07T01:14:17+08:00,akshare
sz000626,远大控股,sz,,active,False,True,2026-08-07T01:14:17+08:00,akshare
sz000628,高新发展,sz,,active,False,True,2026-08-07T01:14:17+08:00,akshare
sz000629,钒钛股份,sz,,active,False,True,2026-08-07T01:14:17+08:00,akshare
sz000630,铜陵有色,sz,,active,False,True,2026-08-07T01:14:17+08:00,akshare
sz000631,顺发恒能,sz,,active,False,True,2026-08-07T01:14:17+08:00,akshare
sz000632,ST三木,sz,,active,True,True,2026-08-07T01:14:17+08:00,akshare
sz000633,合金投资,sz,,active,False,True,2026-08-07T01:14:17+08:00,akshare
sz000635,英 力 特,sz,,active,False,True,2026-08-07T01:14:17+08:00,akshare
sz000636,风华高科,sz,,active,False,True,2026-08-07T01:14:17+08:00,akshare
sz000637,茂化实华,sz,,active,False,True,2026-08-07T01:14:17+08:00,akshare
sz000639,ST西王,sz,,active,True,True,2026-08-07T01:14:17+08:00,akshare
sz000650,仁和药业,sz,,active,False,True,2026-08-07T01:14:17+08:00,akshare
sz000651,格力电器,sz,,active,False,True,2026-08-07T01:14:17+08:00,akshare
sz000652,泰达股份,sz,,active,False,True,2026-08-07T01:14:17+08:00,akshare
sz000655,金岭矿业,sz,,active,False,True,2026-08-07T01:14:17+08:00,akshare
sz000656,金科股份,sz,,active,False,True,2026-08-07T01:14:17+08:00,akshare
sz000657,中钨高新,sz,,active,False,True,2026-08-07T01:14:17+08:00,akshare
sz000659,珠海中富,sz,,active,False,True,2026-08-07T01:14:17+08:00,akshare
sz000661,长春高新,sz,,active,False,True,2026-08-07T01:14:17+08:00,akshare
sz000663,永安林业,sz,,active,False,True,2026-08-07T01:14:17+08:00,akshare
sz000665,湖北广电,sz,,active,False,True,2026-08-07T01:14:17+08:00,akshare
sz000668,荣丰控股,sz,,active,False,True,2026-08-07T01:14:17+08:00,akshare
sz000669,ST金鸿,sz,,active,True,True,2026-08-07T01:14:17+08:00,akshare
sz000670,盈方微,sz,,active,False,True,2026-08-07T01:14:17+08:00,akshare
sz000672,上峰材料,sz,,active,False,True,2026-08-07T01:14:17+08:00,akshare
sz000676,智度股份,sz,,active,False,True,2026-08-07T01:14:17+08:00,akshare
sz000677,ST海龙,sz,,active,True,True,2026-08-07T01:14:17+08:00,akshare
sz000678,襄阳轴承,sz,,active,False,True,2026-08-07T01:14:17+08:00,akshare
sz000679,大连友谊,sz,,active,False,True,2026-08-07T01:14:17+08:00,akshare
sz000680,山推股份,sz,,active,False,True,2026-08-07T01:14:17+08:00,akshare
sz000681,视觉中国,sz,,active,False,True,2026-08-07T01:14:17+08:00,akshare
sz000682,东方电子,sz,,active,False,True,2026-08-07T01:14:17+08:00,akshare
sz000683,博源化工,sz,,active,False,True,2026-08-07T01:14:17+08:00,akshare
sz000685,中山公用,sz,,active,False,True,2026-08-07T01:14:17+08:00,akshare
sz000686,东北证券,sz,,active,False,True,2026-08-07T01:14:17+08:00,akshare
sz000688,国城矿业,sz,,active,False,True,2026-08-07T01:14:17+08:00,akshare
sz000690,宝新能源,sz,,active,False,True,2026-08-07T01:14:17+08:00,akshare
sz000691,亚太实业,sz,,active,False,True,2026-08-07T01:14:17+08:00,akshare
sz000692,惠天热电,sz,,active,False,True,2026-08-07T01:14:17+08:00,akshare
sz000695,滨海能源,sz,,active,False,True,2026-08-07T01:14:17+08:00,akshare
sz000697,炼石航空,sz,,active,False,True,2026-08-07T01:14:17+08:00,akshare
sz000698,ST沈化,sz,,active,True,True,2026-08-07T01:14:17+08:00,akshare
sz000700,模塑科技,sz,,active,False,True,2026-08-07T01:14:17+08:00,akshare
sz000701,厦门信达,sz,,active,False,True,2026-08-07T01:14:17+08:00,akshare
sz000702,正虹科技,sz,,active,False,True,2026-08-07T01:14:17+08:00,akshare
sz000703,恒逸石化,sz,,active,False,True,2026-08-07T01:14:17+08:00,akshare
sz000705,浙江震元,sz,,active,False,True,2026-08-07T01:14:17+08:00,akshare
sz000707,双环科技,sz,,active,False,True,2026-08-07T01:14:17+08:00,akshare
sz000708,中信特钢,sz,,active,False,True,2026-08-07T01:14:17+08:00,akshare
sz000709,河钢股份,sz,,active,False,True,2026-08-07T01:14:17+08:00,akshare
sz000710,贝瑞基因,sz,,active,False,True,2026-08-07T01:14:17+08:00,akshare
sz000711,ST京蓝,sz,,active,True,True,2026-08-07T01:14:17+08:00,akshare
sz000712,锦龙股份,sz,,active,False,True,2026-08-07T01:14:17+08:00,akshare
sz000713,国投丰乐,sz,,active,False,True,2026-08-07T01:14:17+08:00,akshare
sz000715,中兴商业,sz,,active,False,True,2026-08-07T01:14:17+08:00,akshare
sz000716,黑芝麻,sz,,active,False,True,2026-08-07T01:14:17+08:00,akshare
sz000717,中南股份,sz,,active,False,True,2026-08-07T01:14:17+08:00,akshare
sz000718,苏宁环球,sz,,active,False,True,2026-08-07T01:14:17+08:00,akshare
sz000719,中原传媒,sz,,active,False,True,2026-08-07T01:14:17+08:00,akshare
sz000720,新能泰山,sz,,active,False,True,2026-08-07T01:14:17+08:00,akshare
sz000721,西安饮食,sz,,active,False,True,2026-08-07T01:14:17+08:00,akshare
sz000722,湖南发展,sz,,active,False,True,2026-08-07T01:14:17+08:00,akshare
sz000723,美锦能源,sz,,active,False,True,2026-08-07T01:14:17+08:00,akshare
sz000725,京东方Ａ,sz,,active,False,True,2026-08-07T01:14:17+08:00,akshare
sz000726,鲁  泰Ａ,sz,,active,False,True,2026-08-07T01:14:17+08:00,akshare
sz000727,冠捷科技,sz,,active,False,True,2026-08-07T01:14:17+08:00,akshare
sz000728,国元证券,sz,,active,False,True,2026-08-07T01:14:17+08:00,akshare
sz000729,燕京啤酒,sz,,active,False,True,2026-08-07T01:14:17+08:00,akshare
sz000731,四川美丰,sz,,active,False,True,2026-08-07T01:14:17+08:00,akshare
sz000733,振华科技,sz,,active,False,True,2026-08-07T01:14:17+08:00,akshare
sz000735,罗 牛 山,sz,,active,False,True,2026-08-07T01:14:17+08:00,akshare
sz000736,中交发展,sz,,active,False,True,2026-08-07T01:14:17+08:00,akshare
sz000737,北方铜业,sz,,active,False,True,2026-08-07T01:14:17+08:00,akshare
sz000738,航发控制,sz,,active,False,True,2026-08-07T01:14:17+08:00,akshare
sz000739,普洛药业,sz,,active,False,True,2026-08-07T01:14:17+08:00,akshare
sz000750,国海证券,sz,,active,False,True,2026-08-07T01:14:17+08:00,akshare
sz000751,锌业股份,sz,,active,False,True,2026-08-07T01:14:17+08:00,akshare
sz000752,*ST西发,sz,,active,True,True,2026-08-07T01:14:17+08:00,akshare
sz000753,漳州发展,sz,,active,False,True,2026-08-07T01:14:17+08:00,akshare
sz000755,山西高速,sz,,active,False,True,2026-08-07T01:14:17+08:00,akshare
sz000756,新华制药,sz,,active,False,True,2026-08-07T01:14:17+08:00,akshare
sz000757,浩物股份,sz,,active,False,True,2026-08-07T01:14:17+08:00,akshare
sz000758,中色股份,sz,,active,False,True,2026-08-07T01:14:17+08:00,akshare
sz000759,中百集团,sz,,active,False,True,2026-08-07T01:14:17+08:00,akshare
sz000761,本钢板材,sz,,active,False,True,2026-08-07T01:14:17+08:00,akshare
sz000762,西藏矿业,sz,,active,False,True,2026-08-07T01:14:17+08:00,akshare
sz000766,通化金马,sz,,active,False,True,2026-08-07T01:14:17+08:00,akshare
sz000767,晋控电力,sz,,active,False,True,2026-08-07T01:14:17+08:00,akshare
sz000768,中航西飞,sz,,active,False,True,2026-08-07T01:14:17+08:00,akshare
sz000776,广发证券,sz,,active,False,True,2026-08-07T01:14:17+08:00,akshare
sz000777,中核科技,sz,,active,False,True,2026-08-07T01:14:17+08:00,akshare
sz000778,新兴铸管,sz,,active,False,True,2026-08-07T01:14:17+08:00,akshare
sz000779,甘咨询,sz,,active,False,True,2026-08-07T01:14:17+08:00,akshare
sz000782,恒申新材,sz,,active,False,True,2026-08-07T01:14:17+08:00,akshare
sz000783,长江证券,sz,,active,False,True,2026-08-07T01:14:17+08:00,akshare
sz000785,居然智家,sz,,active,False,True,2026-08-07T01:14:17+08:00,akshare
sz000786,北新建材,sz,,active,False,True,2026-08-07T01:14:17+08:00,akshare
sz000788,北大医药,sz,,active,False,True,2026-08-07T01:14:17+08:00,akshare
sz000789,万年青,sz,,active,False,True,2026-08-07T01:14:17+08:00,akshare
sz000790,华神科技,sz,,active,False,True,2026-08-07T01:14:17+08:00,akshare
sz000791,甘肃能源,sz,,active,False,True,2026-08-07T01:14:17+08:00,akshare
sz000792,盐湖股份,sz,,active,False,True,2026-08-07T01:14:17+08:00,akshare
sz000793,ST华闻,sz,,active,True,True,2026-08-07T01:14:17+08:00,akshare
sz000795,英洛华,sz,,active,False,True,2026-08-07T01:14:17+08:00,akshare
sz000796,凯撒旅业,sz,,active,False,True,2026-08-07T01:14:17+08:00,akshare
sz000797,中国武夷,sz,,active,False,True,2026-08-07T01:14:17+08:00,akshare
sz000798,中水渔业,sz,,active,False,True,2026-08-07T01:14:17+08:00,akshare
sz000799,酒鬼酒,sz,,active,False,True,2026-08-07T01:14:17+08:00,akshare
sz000800,一汽解放,sz,,active,False,True,2026-08-07T01:14:17+08:00,akshare
sz000801,四川九洲,sz,,active,False,True,2026-08-07T01:14:17+08:00,akshare
sz000802,北京文化,sz,,active,False,True,2026-08-07T01:14:17+08:00,akshare
sz000803,山高环能,sz,,active,False,True,2026-08-07T01:14:17+08:00,akshare
sz000807,云铝股份,sz,,active,False,True,2026-08-07T01:14:17+08:00,akshare
sz000809,和展能源,sz,,active,False,True,2026-08-07T01:14:17+08:00,akshare
sz000810,创维数字,sz,,active,False,True,2026-08-07T01:14:17+08:00,akshare
sz000811,冰轮环境,sz,,active,False,True,2026-08-07T01:14:17+08:00,akshare
sz000812,陕西金叶,sz,,active,False,True,2026-08-07T01:14:17+08:00,akshare
sz000813,德展健康,sz,,active,False,True,2026-08-07T01:14:17+08:00,akshare
sz000815,美利云,sz,,active,False,True,2026-08-07T01:14:17+08:00,akshare
sz000816,智慧农业,sz,,active,False,True,2026-08-07T01:14:17+08:00,akshare
sz000818,航锦科技,sz,,active,False,True,2026-08-07T01:14:17+08:00,akshare
sz000819,岳阳兴长,sz,,active,False,True,2026-08-07T01:14:17+08:00,akshare
sz000820,神雾节能,sz,,active,False,True,2026-08-07T01:14:17+08:00,akshare
sz000821,ST京机,sz,,active,True,True,2026-08-07T01:14:17+08:00,akshare
sz000822,山东海化,sz,,active,False,True,2026-08-07T01:14:17+08:00,akshare
sz000823,超声电子,sz,,active,False,True,2026-08-07T01:14:17+08:00,akshare
sz000825,太钢不锈,sz,,active,False,True,2026-08-07T01:14:17+08:00,akshare
sz000826,*ST启环,sz,,active,True,True,2026-08-07T01:14:17+08:00,akshare
sz000828,东莞控股,sz,,active,False,True,2026-08-07T01:14:17+08:00,akshare
sz000829,天音控股,sz,,active,False,True,2026-08-07T01:14:17+08:00,akshare
sz000830,鲁西化工,sz,,active,False,True,2026-08-07T01:14:17+08:00,akshare
sz000831,中国稀土,sz,,active,False,True,2026-08-07T01:14:17+08:00,akshare
sz000833,粤桂股份,sz,,active,False,True,2026-08-07T01:14:17+08:00,akshare
sz000837,秦川机床,sz,,active,False,True,2026-08-07T01:14:17+08:00,akshare
sz000838,*ST发展,sz,,active,True,True,2026-08-07T01:14:17+08:00,akshare
sz000839,国安股份,sz,,active,False,True,2026-08-07T01:14:17+08:00,akshare
sz000848,承德露露,sz,,active,False,True,2026-08-07T01:14:17+08:00,akshare
sz000850,华茂股份,sz,,active,False,True,2026-08-07T01:14:17+08:00,akshare
sz000852,石化机械,sz,,active,False,True,2026-08-07T01:14:17+08:00,akshare
sz000856,冀东装备,sz,,active,False,True,2026-08-07T01:14:17+08:00,akshare
sz000858,五 粮 液,sz,,active,False,True,2026-08-07T01:14:17+08:00,akshare
sz000859,国风新材,sz,,active,False,True,2026-08-07T01:14:17+08:00,akshare
sz000860,顺鑫农业,sz,,active,False,True,2026-08-07T01:14:17+08:00,akshare
sz000862,银星能源,sz,,active,False,True,2026-08-07T01:14:17+08:00,akshare
sz000863,三湘印象,sz,,active,False,True,2026-08-07T01:14:17+08:00,akshare
sz000868,安凯客车,sz,,active,False,True,2026-08-07T01:14:17+08:00,akshare
sz000869,张  裕Ａ,sz,,active,False,True,2026-08-07T01:14:17+08:00,akshare
sz000875,电投绿能,sz,,active,False,True,2026-08-07T01:14:17+08:00,akshare
sz000876,新 希 望,sz,,active,False,True,2026-08-07T01:14:17+08:00,akshare
sz000877,天山股份,sz,,active,False,True,2026-08-07T01:14:17+08:00,akshare
sz000878,云南铜业,sz,,active,False,True,2026-08-07T01:14:17+08:00,akshare
sz000880,潍柴重机,sz,,active,False,True,2026-08-07T01:14:17+08:00,akshare
sz000881,中广核技,sz,,active,False,True,2026-08-07T01:14:17+08:00,akshare
sz000882,华联股份,sz,,active,False,True,2026-08-07T01:14:17+08:00,akshare
sz000883,湖北能源,sz,,active,False,True,2026-08-07T01:14:17+08:00,akshare
sz000885,城发环境,sz,,active,False,True,2026-08-07T01:14:17+08:00,akshare
sz000886,海南高速,sz,,active,False,True,2026-08-07T01:14:17+08:00,akshare
sz000887,中鼎股份,sz,,active,False,True,2026-08-07T01:14:17+08:00,akshare
sz000888,峨眉山Ａ,sz,,active,False,True,2026-08-07T01:14:17+08:00,akshare
sz000889,中嘉博创,sz,,active,False,True,2026-08-07T01:14:17+08:00,akshare
sz000890,法尔胜,sz,,active,False,True,2026-08-07T01:14:17+08:00,akshare
sz000892,欢瑞世纪,sz,,active,False,True,2026-08-07T01:14:17+08:00,akshare
sz000893,亚钾国际,sz,,active,False,True,2026-08-07T01:14:17+08:00,akshare
sz000895,双汇发展,sz,,active,False,True,2026-08-07T01:14:17+08:00,akshare
sz000897,津滨发展,sz,,active,False,True,2026-08-07T01:14:17+08:00,akshare
sz000898,鞍钢股份,sz,,active,False,True,2026-08-07T01:14:17+08:00,akshare
sz000899,赣能股份,sz,,active,False,True,2026-08-07T01:14:17+08:00,akshare
sz000900,现代投资,sz,,active,False,True,2026-08-07T01:14:17+08:00,akshare
sz000901,航天科技,sz,,active,False,True,2026-08-07T01:14:17+08:00,akshare
sz000902,新洋丰,sz,,active,False,True,2026-08-07T01:14:17+08:00,akshare
sz000903,ST云动,sz,,active,True,True,2026-08-07T01:14:17+08:00,akshare
sz000905,厦门港务,sz,,active,False,True,2026-08-07T01:14:17+08:00,akshare
sz000906,浙商中拓,sz,,active,False,True,2026-08-07T01:14:17+08:00,akshare
sz000908,石药景峰,sz,,active,False,True,2026-08-07T01:14:17+08:00,akshare
sz000909,*ST数源,sz,,active,True,True,2026-08-07T01:14:17+08:00,akshare
sz000910,大亚圣象,sz,,active,False,True,2026-08-07T01:14:17+08:00,akshare
sz000911,*ST广糖,sz,,active,True,True,2026-08-07T01:14:17+08:00,akshare
sz000912,泸天化,sz,,active,False,True,2026-08-07T01:14:17+08:00,akshare
sz000913,钱江摩托,sz,,active,False,True,2026-08-07T01:14:17+08:00,akshare
sz000915,华特达因,sz,,active,False,True,2026-08-07T01:14:17+08:00,akshare
sz000917,电广传媒,sz,,active,False,True,2026-08-07T01:14:17+08:00,akshare
sz000919,金陵药业,sz,,active,False,True,2026-08-07T01:14:17+08:00,akshare
sz000920,沃顿科技,sz,,active,False,True,2026-08-07T01:14:17+08:00,akshare
sz000921,海信家电,sz,,active,False,True,2026-08-07T01:14:17+08:00,akshare
sz000922,佳电股份,sz,,active,False,True,2026-08-07T01:14:17+08:00,akshare
sz000923,河钢资源,sz,,active,False,True,2026-08-07T01:14:17+08:00,akshare
sz000925,众合科技,sz,,active,False,True,2026-08-07T01:14:17+08:00,akshare
sz000926,福星股份,sz,,active,False,True,2026-08-07T01:14:17+08:00,akshare
sz000927,中国铁物,sz,,active,False,True,2026-08-07T01:14:17+08:00,akshare
sz000928,中钢国际,sz,,active,False,True,2026-08-07T01:14:17+08:00,akshare
sz000929,兰州黄河,sz,,active,False,True,2026-08-07T01:14:17+08:00,akshare
sz000930,中粮科技,sz,,active,False,True,2026-08-07T01:14:17+08:00,akshare
sz000931,中 关 村,sz,,active,False,True,2026-08-07T01:14:17+08:00,akshare
sz000932,华菱钢铁,sz,,active,False,True,2026-08-07T01:14:17+08:00,akshare
sz000933,神火股份,sz,,active,False,True,2026-08-07T01:14:17+08:00,akshare
sz000935,四川双马,sz,,active,False,True,2026-08-07T01:14:17+08:00,akshare
sz000936,华西股份,sz,,active,False,True,2026-08-07T01:14:17+08:00,akshare
sz000937,冀中能源,sz,,active,False,True,2026-08-07T01:14:17+08:00,akshare
sz000938,紫光股份,sz,,active,False,True,2026-08-07T01:14:17+08:00,akshare
sz000948,南天信息,sz,,active,False,True,2026-08-07T01:14:17+08:00,akshare
sz000949,新乡化纤,sz,,active,False,True,2026-08-07T01:14:17+08:00,akshare
sz000950,重药控股,sz,,active,False,True,2026-08-07T01:14:17+08:00,akshare
sz000951,中国重汽,sz,,active,False,True,2026-08-07T01:14:17+08:00,akshare
sz000952,广济药业,sz,,active,False,True,2026-08-07T01:14:17+08:00,akshare
sz000953,中哲精化,sz,,active,False,True,2026-08-07T01:14:17+08:00,akshare
sz000955,欣龙控股,sz,,active,False,True,2026-08-07T01:14:17+08:00,akshare
sz000957,中通客车,sz,,active,False,True,2026-08-07T01:14:17+08:00,akshare
sz000958,电投产融,sz,,active,False,True,2026-08-07T01:14:17+08:00,akshare
sz000959,首钢股份,sz,,active,False,True,2026-08-07T01:14:17+08:00,akshare
sz000960,锡业股份,sz,,active,False,True,2026-08-07T01:14:17+08:00,akshare
sz000962,东方钽业,sz,,active,False,True,2026-08-07T01:14:17+08:00,akshare
sz000963,华东医药,sz,,active,False,True,2026-08-07T01:14:17+08:00,akshare
sz000965,天保基建,sz,,active,False,True,2026-08-07T01:14:17+08:00,akshare
sz000966,长源电力,sz,,active,False,True,2026-08-07T01:14:17+08:00,akshare
sz000967,盈峰环境,sz,,active,False,True,2026-08-07T01:14:17+08:00,akshare
sz000968,蓝焰控股,sz,,active,False,True,2026-08-07T01:14:17+08:00,akshare
sz000969,安泰科技,sz,,active,False,True,2026-08-07T01:14:17+08:00,akshare
sz000970,中科三环,sz,,active,False,True,2026-08-07T01:14:17+08:00,akshare
sz000972,中基健康,sz,,active,False,True,2026-08-07T01:14:17+08:00,akshare
sz000973,佛塑科技,sz,,active,False,True,2026-08-07T01:14:17+08:00,akshare
sz000975,山金国际,sz,,active,False,True,2026-08-07T01:14:17+08:00,akshare
sz000977,浪潮信息,sz,,active,False,True,2026-08-07T01:14:17+08:00,akshare
sz000978,桂林旅游,sz,,active,False,True,2026-08-07T01:14:17+08:00,akshare
sz000980,众泰汽车,sz,,active,False,True,2026-08-07T01:14:17+08:00,akshare
sz000981,山子高科,sz,,active,False,True,2026-08-07T01:14:17+08:00,akshare
sz000983,山西焦煤,sz,,active,False,True,2026-08-07T01:14:17+08:00,akshare
sz000985,大庆华科,sz,,active,False,True,2026-08-07T01:14:17+08:00,akshare
sz000987,越秀资本,sz,,active,False,True,2026-08-07T01:14:17+08:00,akshare
sz000988,华工科技,sz,,active,False,True,2026-08-07T01:14:17+08:00,akshare
sz000989,九芝堂,sz,,active,False,True,2026-08-07T01:14:17+08:00,akshare
sz000990,诚志股份,sz,,active,False,True,2026-08-07T01:14:17+08:00,akshare
sz000993,闽东电力,sz,,active,False,True,2026-08-07T01:14:17+08:00,akshare
sz000995,皇台酒业,sz,,active,False,True,2026-08-07T01:14:17+08:00,akshare
sz000997,新 大 陆,sz,,active,False,True,2026-08-07T01:14:17+08:00,akshare
sz000998,隆平高科,sz,,active,False,True,2026-08-07T01:14:17+08:00,akshare
sz000999,华润三九,sz,,active,False,True,2026-08-07T01:14:17+08:00,akshare
sz001201,东瑞股份,sz,,active,False,True,2026-08-07T01:14:17+08:00,akshare
sz001202,炬申股份,sz,,active,False,True,2026-08-07T01:14:17+08:00,akshare
sz001203,大中矿业,sz,,active,False,True,2026-08-07T01:14:17+08:00,akshare
sz001205,盛航股份,sz,,active,False,True,2026-08-07T01:14:17+08:00,akshare
sz001206,依依股份,sz,,active,False,True,2026-08-07T01:14:17+08:00,akshare
sz001207,联科科技,sz,,active,False,True,2026-08-07T01:14:17+08:00,akshare
sz001208,华菱线缆,sz,,active,False,True,2026-08-07T01:14:17+08:00,akshare
sz001209,洪兴股份,sz,,active,False,True,2026-08-07T01:14:17+08:00,akshare
sz001210,金房能源,sz,,active,False,True,2026-08-07T01:14:17+08:00,akshare
sz001211,双枪科技,sz,,active,False,True,2026-08-07T01:14:17+08:00,akshare
sz001212,中旗新材,sz,,active,False,True,2026-08-07T01:14:17+08:00,akshare
sz001213,中铁特货,sz,,active,False,True,2026-08-07T01:14:17+08:00,akshare
sz001215,千味央厨,sz,,active,False,True,2026-08-07T01:14:17+08:00,akshare
sz001216,华瓷股份,sz,,active,False,True,2026-08-07T01:14:17+08:00,akshare
sz001217,华尔泰,sz,,active,False,True,2026-08-07T01:14:17+08:00,akshare
sz001218,丽臣实业,sz,,active,False,True,2026-08-07T01:14:17+08:00,akshare
sz001219,青岛食品,sz,,active,False,True,2026-08-07T01:14:17+08:00,akshare
sz001220,世盟股份,sz,,active,False,True,2026-08-07T01:14:17+08:00,akshare
sz001221,悍高集团,sz,,active,False,True,2026-08-07T01:14:17+08:00,akshare
sz001222,源飞宠物,sz,,active,False,True,2026-08-07T01:14:17+08:00,akshare
sz001223,欧克科技,sz,,active,False,True,2026-08-07T01:14:17+08:00,akshare
sz001225,和泰机电,sz,,active,False,True,2026-08-07T01:14:17+08:00,akshare
sz001226,拓山重工,sz,,active,False,True,2026-08-07T01:14:17+08:00,akshare
sz001227,兰州银行,sz,,active,False,True,2026-08-07T01:14:17+08:00,akshare
sz001228,永泰运,sz,,active,False,True,2026-08-07T01:14:17+08:00,akshare
sz001229,魅视科技,sz,,active,False,True,2026-08-07T01:14:17+08:00,akshare
sz001230,劲旅环境,sz,,active,False,True,2026-08-07T01:14:17+08:00,akshare
sz001231,农心科技,sz,,active,False,True,2026-08-07T01:14:17+08:00,akshare
sz001232,C嘉立创,sz,,active,False,True,2026-08-07T01:14:17+08:00,akshare
sz001233,海安集团,sz,,active,False,True,2026-08-07T01:14:17+08:00,akshare
sz001234,泰慕士,sz,,active,False,True,2026-08-07T01:14:17+08:00,akshare
sz001236,弘业期货,sz,,active,False,True,2026-08-07T01:14:17+08:00,akshare
sz001237,惠康科技,sz,,active,False,True,2026-08-07T01:14:17+08:00,akshare
sz001238,浙江正特,sz,,active,False,True,2026-08-07T01:14:17+08:00,akshare
sz001239,永达股份,sz,,active,False,True,2026-08-07T01:14:17+08:00,akshare
sz001248,华润新能源,sz,,active,False,True,2026-08-07T01:14:17+08:00,akshare
sz001255,博菲电气,sz,,active,False,True,2026-08-07T01:14:17+08:00,akshare
sz001256,炜冈科技,sz,,active,False,True,2026-08-07T01:14:17+08:00,akshare
sz001257,盛龙股份,sz,,active,False,True,2026-08-07T01:14:17+08:00,akshare
sz001258,立新能源,sz,,active,False,True,2026-08-07T01:14:17+08:00,akshare
sz001259,利仁科技,sz,,active,False,True,2026-08-07T01:14:17+08:00,akshare
sz001260,坤泰股份,sz,,active,False,True,2026-08-07T01:14:17+08:00,akshare
sz001266,宏英智能,sz,,active,False,True,2026-08-07T01:14:17+08:00,akshare
sz001267,汇绿生态,sz,,active,False,True,2026-08-07T01:14:17+08:00,akshare
sz001268,联合精密,sz,,active,False,True,2026-08-07T01:14:17+08:00,akshare
sz001269,欧晶科技,sz,,active,False,True,2026-08-07T01:14:17+08:00,akshare
sz001270,铖昌科技,sz,,active,False,True,2026-08-07T01:14:17+08:00,akshare
sz001277,速达股份,sz,,active,False,True,2026-08-07T01:14:17+08:00,akshare
sz001278,一彬科技,sz,,active,False,True,2026-08-07T01:14:17+08:00,akshare
sz001279,强邦新材,sz,,active,False,True,2026-08-07T01:14:17+08:00,akshare
sz001280,中国铀业,sz,,active,False,True,2026-08-07T01:14:17+08:00,akshare
sz001282,三联锻造,sz,,active,False,True,2026-08-07T01:14:17+08:00,akshare
sz001283,豪鹏科技,sz,,active,False,True,2026-08-07T01:14:17+08:00,akshare
sz001285,瑞立科密,sz,,active,False,True,2026-08-07T01:14:17+08:00,akshare
sz001286,陕西能源,sz,,active,False,True,2026-08-07T01:14:17+08:00,akshare
sz001287,中电港,sz,,active,False,True,2026-08-07T01:14:17+08:00,akshare
sz001288,运机集团,sz,,active,False,True,2026-08-07T01:14:17+08:00,akshare
sz001289,龙源电力,sz,,active,False,True,2026-08-07T01:14:17+08:00,akshare
sz001296,长江材料,sz,,active,False,True,2026-08-07T01:14:17+08:00,akshare
sz001298,好上好,sz,,active,False,True,2026-08-07T01:14:17+08:00,akshare
sz001299,美能能源,sz,,active,False,True,2026-08-07T01:14:17+08:00,akshare
sz001300,三柏硕,sz,,active,False,True,2026-08-07T01:14:17+08:00,akshare
sz001301,尚太科技,sz,,active,False,True,2026-08-07T01:14:17+08:00,akshare
sz001306,夏厦精密,sz,,active,False,True,2026-08-07T01:14:17+08:00,akshare
sz001308,康冠科技,sz,,active,False,True,2026-08-07T01:14:17+08:00,akshare
sz001309,德明利,sz,,active,False,True,2026-08-07T01:14:17+08:00,akshare
sz001311,多利科技,sz,,active,False,True,2026-08-07T01:14:17+08:00,akshare
sz001312,福恩股份,sz,,active,False,True,2026-08-07T01:14:17+08:00,akshare
sz001313,粤海饲料,sz,,active,False,True,2026-08-07T01:14:17+08:00,akshare
sz001314,亿道信息,sz,,active,False,True,2026-08-07T01:14:17+08:00,akshare
sz001316,润贝航科,sz,,active,False,True,2026-08-07T01:14:17+08:00,akshare
sz001317,三羊马,sz,,active,False,True,2026-08-07T01:14:17+08:00,akshare
sz001318,阳光乳业,sz,,active,False,True,2026-08-07T01:14:17+08:00,akshare
sz001319,铭科精技,sz,,active,False,True,2026-08-07T01:14:17+08:00,akshare
sz001322,箭牌家居,sz,,active,False,True,2026-08-07T01:14:17+08:00,akshare
sz001323,慕思股份,sz,,active,False,True,2026-08-07T01:14:17+08:00,akshare
sz001324,长青科技,sz,,active,False,True,2026-08-07T01:14:17+08:00,akshare
sz001325,元创股份,sz,,active,False,True,2026-08-07T01:14:17+08:00,akshare
sz001326,联域股份,sz,,active,False,True,2026-08-07T01:14:17+08:00,akshare
sz001328,登康口腔,sz,,active,False,True,2026-08-07T01:14:17+08:00,akshare
sz001330,博纳影业,sz,,active,False,True,2026-08-07T01:14:17+08:00,akshare
sz001331,胜通能源,sz,,active,False,True,2026-08-07T01:14:17+08:00,akshare
sz001332,锡装股份,sz,,active,False,True,2026-08-07T01:14:17+08:00,akshare
sz001333,光华股份,sz,,active,False,True,2026-08-07T01:14:17+08:00,akshare
sz001335,信凯科技,sz,,active,False,True,2026-08-07T01:14:17+08:00,akshare
sz001336,楚环科技,sz,,active,False,True,2026-08-07T01:14:17+08:00,akshare
sz001337,四川黄金,sz,,active,False,True,2026-08-07T01:14:17+08:00,akshare
sz001338,永顺泰,sz,,active,False,True,2026-08-07T01:14:17+08:00,akshare
sz001339,智微智能,sz,,active,False,True,2026-08-07T01:14:17+08:00,akshare
sz001356,富岭股份,sz,,active,False,True,2026-08-07T01:14:17+08:00,akshare
sz001358,兴欣新材,sz,,active,False,True,2026-08-07T01:14:17+08:00,akshare
sz001359,平安电工,sz,,active,False,True,2026-08-07T01:14:17+08:00,akshare
sz001360,南矿集团,sz,,active,False,True,2026-08-07T01:14:17+08:00,akshare
sz001365,天海电子,sz,,active,False,True,2026-08-07T01:14:17+08:00,akshare
sz001366,播恩集团,sz,,active,False,True,2026-08-07T01:14:17+08:00,akshare
sz001367,海森药业,sz,,active,False,True,2026-08-07T01:14:17+08:00,akshare
sz001368,通达创智,sz,,active,False,True,2026-08-07T01:14:17+08:00,akshare
sz001369,双欣材料,sz,,active,False,True,2026-08-07T01:14:17+08:00,akshare
sz001373,翔腾新材,sz,,active,False,True,2026-08-07T01:14:17+08:00,akshare
sz001376,百通能源,sz,,active,False,True,2026-08-07T01:14:17+08:00,akshare
sz001378,德冠新材,sz,,active,False,True,2026-08-07T01:14:17+08:00,akshare
sz001379,腾达科技,sz,,active,False,True,2026-08-07T01:14:17+08:00,akshare
sz001380,华纬科技,sz,,active,False,True,2026-08-07T01:14:17+08:00,akshare
sz001382,新亚电缆,sz,,active,False,True,2026-08-07T01:14:17+08:00,akshare
sz001386,马可波罗,sz,,active,False,True,2026-08-07T01:14:17+08:00,akshare
sz001387,雪祺电气,sz,,active,False,True,2026-08-07T01:14:17+08:00,akshare
sz001388,信通电子,sz,,active,False,True,2026-08-07T01:14:17+08:00,akshare
sz001389,广合科技,sz,,active,False,True,2026-08-07T01:14:17+08:00,akshare
sz001390,古麒绒材,sz,,active,False,True,2026-08-07T01:14:17+08:00,akshare
sz001391,国货航,sz,,active,False,True,2026-08-07T01:14:17+08:00,akshare
sz001393,维通利,sz,,active,False,True,2026-08-07T01:14:17+08:00,akshare
sz001395,亚联机械,sz,,active,False,True,2026-08-07T01:14:17+08:00,akshare
sz001396,誉帆科技,sz,,active,False,True,2026-08-07T01:14:17+08:00,akshare
sz001399,惠科股份,sz,,active,False,True,2026-08-07T01:14:17+08:00,akshare
sz001400,江顺科技,sz,,active,False,True,2026-08-07T01:14:17+08:00,akshare
sz001696,宗申动力,sz,,active,False,True,2026-08-07T01:14:17+08:00,akshare
sz001872,招商港口,sz,,active,False,True,2026-08-07T01:14:17+08:00,akshare
sz001896,豫能控股,sz,,active,False,True,2026-08-07T01:14:17+08:00,akshare
sz001914,招商积余,sz,,active,False,True,2026-08-07T01:14:17+08:00,akshare
sz001965,招商公路,sz,,active,False,True,2026-08-07T01:14:17+08:00,akshare
sz001979,招商蛇口,sz,,active,False,True,2026-08-07T01:14:17+08:00,akshare
sz002001,新 和 成,sz,,active,False,True,2026-08-07T01:14:17+08:00,akshare
sz002003,伟星股份,sz,,active,False,True,2026-08-07T01:14:17+08:00,akshare
sz002004,华邦健康,sz,,active,False,True,2026-08-07T01:14:17+08:00,akshare
sz002005,德豪润达,sz,,active,False,True,2026-08-07T01:14:17+08:00,akshare
sz002006,精工科技,sz,,active,False,True,2026-08-07T01:14:17+08:00,akshare
sz002007,华兰生物,sz,,active,False,True,2026-08-07T01:14:17+08:00,akshare
sz002008,大族激光,sz,,active,False,True,2026-08-07T01:14:17+08:00,akshare
sz002009,天奇股份,sz,,active,False,True,2026-08-07T01:14:17+08:00,akshare
sz002010,传化智联,sz,,active,False,True,2026-08-07T01:14:17+08:00,akshare
sz002011,盾安环境,sz,,active,False,True,2026-08-07T01:14:17+08:00,akshare
sz002012,凯恩股份,sz,,active,False,True,2026-08-07T01:14:17+08:00,akshare
sz002014,永新股份,sz,,active,False,True,2026-08-07T01:14:17+08:00,akshare
sz002015,协鑫能科,sz,,active,False,True,2026-08-07T01:14:17+08:00,akshare
sz002016,世荣兆业,sz,,active,False,True,2026-08-07T01:14:17+08:00,akshare
sz002017,东信和平,sz,,active,False,True,2026-08-07T01:14:17+08:00,akshare
sz002019,亿帆医药,sz,,active,False,True,2026-08-07T01:14:17+08:00,akshare
sz002020,京新药业,sz,,active,False,True,2026-08-07T01:14:17+08:00,akshare
sz002021,中捷资源,sz,,active,False,True,2026-08-07T01:14:17+08:00,akshare
sz002022,科华生物,sz,,active,False,True,2026-08-07T01:14:17+08:00,akshare
sz002023,海特高新,sz,,active,False,True,2026-08-07T01:14:17+08:00,akshare
sz002024,ST易购,sz,,active,True,True,2026-08-07T01:14:17+08:00,akshare
sz002025,航天电器,sz,,active,False,True,2026-08-07T01:14:17+08:00,akshare
sz002026,山东威达,sz,,active,False,True,2026-08-07T01:14:17+08:00,akshare
sz002027,分众传媒,sz,,active,False,True,2026-08-07T01:14:17+08:00,akshare
sz002028,思源电气,sz,,active,False,True,2026-08-07T01:14:17+08:00,akshare
sz002029,七 匹 狼,sz,,active,False,True,2026-08-07T01:14:17+08:00,akshare
sz002030,达安基因,sz,,active,False,True,2026-08-07T01:14:17+08:00,akshare
sz002031,巨轮智能,sz,,active,False,True,2026-08-07T01:14:17+08:00,akshare
sz002032,苏 泊 尔,sz,,active,False,True,2026-08-07T01:14:17+08:00,akshare
sz002033,丽江股份,sz,,active,False,True,2026-08-07T01:14:17+08:00,akshare
sz002034,旺能环境,sz,,active,False,True,2026-08-07T01:14:17+08:00,akshare
sz002035,华帝股份,sz,,active,False,True,2026-08-07T01:14:17+08:00,akshare
sz002036,联创电子,sz,,active,False,True,2026-08-07T01:14:17+08:00,akshare
sz002037,保利联合,sz,,active,False,True,2026-08-07T01:14:17+08:00,akshare
sz002038,双鹭药业,sz,,active,False,True,2026-08-07T01:14:17+08:00,akshare
sz002039,黔源电力,sz,,active,False,True,2026-08-07T01:14:17+08:00,akshare
sz002040,南 京 港,sz,,active,False,True,2026-08-07T01:14:17+08:00,akshare
sz002041,登海种业,sz,,active,False,True,2026-08-07T01:14:17+08:00,akshare
sz002042,华孚时尚,sz,,active,False,True,2026-08-07T01:14:17+08:00,akshare
sz002043,兔 宝 宝,sz,,active,False,True,2026-08-07T01:14:17+08:00,akshare
sz002044,美年健康,sz,,active,False,True,2026-08-07T01:14:17+08:00,akshare
sz002045,国光电器,sz,,active,False,True,2026-08-07T01:14:17+08:00,akshare
sz002046,国机精工,sz,,active,False,True,2026-08-07T01:14:17+08:00,akshare
sz002047,宝鹰股份,sz,,active,False,True,2026-08-07T01:14:17+08:00,akshare
sz002048,宁波华翔,sz,,active,False,True,2026-08-07T01:14:17+08:00,akshare
sz002049,紫光国微,sz,,active,False,True,2026-08-07T01:14:17+08:00,akshare
sz002050,三花智控,sz,,active,False,True,2026-08-07T01:14:17+08:00,akshare
sz002051,中工国际,sz,,active,False,True,2026-08-07T01:14:17+08:00,akshare
sz002052,同洲电子,sz,,active,False,True,2026-08-07T01:14:17+08:00,akshare
sz002053,云南能投,sz,,active,False,True,2026-08-07T01:14:17+08:00,akshare
sz002054,德美化工,sz,,active,False,True,2026-08-07T01:14:17+08:00,akshare
sz002055,ST得润,sz,,active,True,True,2026-08-07T01:14:17+08:00,akshare
sz002056,横店东磁,sz,,active,False,True,2026-08-07T01:14:17+08:00,akshare
sz002057,中钢天源,sz,,active,False,True,2026-08-07T01:14:17+08:00,akshare
sz002058,威尔泰,sz,,active,False,True,2026-08-07T01:14:17+08:00,akshare
sz002059,云南旅游,sz,,active,False,True,2026-08-07T01:14:17+08:00,akshare
sz002060,广东建工,sz,,active,False,True,2026-08-07T01:14:17+08:00,akshare
sz002061,浙江交科,sz,,active,False,True,2026-08-07T01:14:17+08:00,akshare
sz002062,宏润建设,sz,,active,False,True,2026-08-07T01:14:17+08:00,akshare
sz002063,远光软件,sz,,active,False,True,2026-08-07T01:14:17+08:00,akshare
sz002064,华峰化学,sz,,active,False,True,2026-08-07T01:14:17+08:00,akshare
sz002065,东华软件,sz,,active,False,True,2026-08-07T01:14:17+08:00,akshare
sz002066,瑞泰科技,sz,,active,False,True,2026-08-07T01:14:17+08:00,akshare
sz002067,景兴纸业,sz,,active,False,True,2026-08-07T01:14:17+08:00,akshare
sz002068,黑猫股份,sz,,active,False,True,2026-08-07T01:14:17+08:00,akshare
sz002069,獐子岛,sz,,active,False,True,2026-08-07T01:14:17+08:00,akshare
sz002072,凯瑞德,sz,,active,False,True,2026-08-07T01:14:17+08:00,akshare
sz002073,软控股份,sz,,active,False,True,2026-08-07T01:14:17+08:00,akshare
sz002074,国轩高科,sz,,active,False,True,2026-08-07T01:14:17+08:00,akshare
sz002075,沙钢股份,sz,,active,False,True,2026-08-07T01:14:17+08:00,akshare
sz002076,星光股份,sz,,active,False,True,2026-08-07T01:14:17+08:00,akshare
sz002077,大港股份,sz,,active,False,True,2026-08-07T01:14:17+08:00,akshare
sz002078,太阳纸业,sz,,active,False,True,2026-08-07T01:14:17+08:00,akshare
sz002079,苏州固锝,sz,,active,False,True,2026-08-07T01:14:17+08:00,akshare
sz002080,中材科技,sz,,active,False,True,2026-08-07T01:14:17+08:00,akshare
sz002081,金 螳 螂,sz,,active,False,True,2026-08-07T01:14:17+08:00,akshare
sz002082,ST万邦,sz,,active,True,True,2026-08-07T01:14:17+08:00,akshare
sz002083,孚日股份,sz,,active,False,True,2026-08-07T01:14:17+08:00,akshare
sz002084,海鸥住工,sz,,active,False,True,2026-08-07T01:14:17+08:00,akshare
sz002085,万丰奥威,sz,,active,False,True,2026-08-07T01:14:17+08:00,akshare
sz002086,东方海洋,sz,,active,False,True,2026-08-07T01:14:17+08:00,akshare
sz002088,鲁阳节能,sz,,active,False,True,2026-08-07T01:14:17+08:00,akshare
sz002090,金智科技,sz,,active,False,True,2026-08-07T01:14:17+08:00,akshare
sz002091,江苏国泰,sz,,active,False,True,2026-08-07T01:14:17+08:00,akshare
sz002092,中泰化学,sz,,active,False,True,2026-08-07T01:14:17+08:00,akshare
sz002093,国脉科技,sz,,active,False,True,2026-08-07T01:14:17+08:00,akshare
sz002094,青岛金王,sz,,active,False,True,2026-08-07T01:14:17+08:00,akshare
sz002095,生 意 宝,sz,,active,False,True,2026-08-07T01:14:17+08:00,akshare
sz002096,易普力,sz,,active,False,True,2026-08-07T01:14:17+08:00,akshare
sz002097,山河智能,sz,,active,False,True,2026-08-07T01:14:17+08:00,akshare
sz002098,浔兴股份,sz,,active,False,True,2026-08-07T01:14:17+08:00,akshare
sz002099,海翔药业,sz,,active,False,True,2026-08-07T01:14:17+08:00,akshare
sz002100,天康生物,sz,,active,False,True,2026-08-07T01:14:17+08:00,akshare
sz002101,广东鸿图,sz,,active,False,True,2026-08-07T01:14:17+08:00,akshare
sz002102,ST能特,sz,,active,True,True,2026-08-07T01:14:17+08:00,akshare
sz002103,广博股份,sz,,active,False,True,2026-08-07T01:14:17+08:00,akshare
sz002104,恒宝股份,sz,,active,False,True,2026-08-07T01:14:17+08:00,akshare
sz002105,信隆健康,sz,,active,False,True,2026-08-07T01:14:17+08:00,akshare
sz002106,莱宝高科,sz,,active,False,True,2026-08-07T01:14:17+08:00,akshare
sz002107,沃华医药,sz,,active,False,True,2026-08-07T01:14:17+08:00,akshare
sz002108,沧州明珠,sz,,active,False,True,2026-08-07T01:14:17+08:00,akshare
sz002109,ST兴化,sz,,active,True,True,2026-08-07T01:14:17+08:00,akshare
sz002110,三钢闽光,sz,,active,False,True,2026-08-07T01:14:17+08:00,akshare
sz002111,威海广泰,sz,,active,False,True,2026-08-07T01:14:17+08:00,akshare
sz002112,三变科技,sz,,active,False,True,2026-08-07T01:14:17+08:00,akshare
sz002114,罗平锌电,sz,,active,False,True,2026-08-07T01:14:17+08:00,akshare
sz002115,三维通信,sz,,active,False,True,2026-08-07T01:14:17+08:00,akshare
sz002116,中国海诚,sz,,active,False,True,2026-08-07T01:14:17+08:00,akshare
sz002117,东港股份,sz,,active,False,True,2026-08-07T01:14:17+08:00,akshare
sz002119,康强电子,sz,,active,False,True,2026-08-07T01:14:17+08:00,akshare
sz002120,韵达股份,sz,,active,False,True,2026-08-07T01:14:17+08:00,akshare
sz002121,科陆电子,sz,,active,False,True,2026-08-07T01:14:17+08:00,akshare
sz002122,ST汇洲,sz,,active,True,True,2026-08-07T01:14:17+08:00,akshare
sz002123,梦网科技,sz,,active,False,True,2026-08-07T01:14:17+08:00,akshare
sz002124,天邦食品,sz,,active,False,True,2026-08-07T01:14:17+08:00,akshare
sz002125,湘潭电化,sz,,active,False,True,2026-08-07T01:14:17+08:00,akshare
sz002126,银轮股份,sz,,active,False,True,2026-08-07T01:14:17+08:00,akshare
sz002127,南极电商,sz,,active,False,True,2026-08-07T01:14:17+08:00,akshare
sz002128,电投能源,sz,,active,False,True,2026-08-07T01:14:17+08:00,akshare
sz002129,TCL中环,sz,,active,False,True,2026-08-07T01:14:17+08:00,akshare
sz002130,沃尔核材,sz,,active,False,True,2026-08-07T01:14:17+08:00,akshare
sz002131,利欧股份,sz,,active,False,True,2026-08-07T01:14:17+08:00,akshare
sz002132,恒星科技,sz,,active,False,True,2026-08-07T01:14:17+08:00,akshare
sz002133,广宇集团,sz,,active,False,True,2026-08-07T01:14:17+08:00,akshare
sz002134,天津普林,sz,,active,False,True,2026-08-07T01:14:17+08:00,akshare
sz002135,东南网架,sz,,active,False,True,2026-08-07T01:14:17+08:00,akshare
sz002136,安 纳 达,sz,,active,False,True,2026-08-07T01:14:17+08:00,akshare
sz002137,实益达,sz,,active,False,True,2026-08-07T01:14:17+08:00,akshare
sz002138,顺络电子,sz,,active,False,True,2026-08-07T01:14:17+08:00,akshare
sz002139,拓邦股份,sz,,active,False,True,2026-08-07T01:14:17+08:00,akshare
sz002140,东华科技,sz,,active,False,True,2026-08-07T01:14:17+08:00,akshare
sz002141,贤丰控股,sz,,active,False,True,2026-08-07T01:14:17+08:00,akshare
sz002142,宁波银行,sz,,active,False,True,2026-08-07T01:14:17+08:00,akshare
sz002144,宏达高科,sz,,active,False,True,2026-08-07T01:14:17+08:00,akshare
sz002145,钛能化学,sz,,active,False,True,2026-08-07T01:14:17+08:00,akshare
sz002146,荣盛发展,sz,,active,False,True,2026-08-07T01:14:17+08:00,akshare
sz002148,北纬科技,sz,,active,False,True,2026-08-07T01:14:17+08:00,akshare
sz002149,西部材料,sz,,active,False,True,2026-08-07T01:14:17+08:00,akshare
sz002150,正泰电源,sz,,active,False,True,2026-08-07T01:14:17+08:00,akshare
sz002151,北斗星通,sz,,active,False,True,2026-08-07T01:14:17+08:00,akshare
sz002152,广电运通,sz,,active,False,True,2026-08-07T01:14:17+08:00,akshare
sz002153,石基信息,sz,,active,False,True,2026-08-07T01:14:17+08:00,akshare
sz002154,报 喜 鸟,sz,,active,False,True,2026-08-07T01:14:17+08:00,akshare
sz002155,湖南黄金,sz,,active,False,True,2026-08-07T01:14:17+08:00,akshare
sz002156,通富微电,sz,,active,False,True,2026-08-07T01:14:17+08:00,akshare
sz002157,正邦科技,sz,,active,False,True,2026-08-07T01:14:17+08:00,akshare
sz002158,汉钟精机,sz,,active,False,True,2026-08-07T01:14:17+08:00,akshare
sz002159,三特索道,sz,,active,False,True,2026-08-07T01:14:17+08:00,akshare
sz002160,常铝股份,sz,,active,False,True,2026-08-07T01:14:17+08:00,akshare
sz002161,远 望 谷,sz,,active,False,True,2026-08-07T01:14:17+08:00,akshare
sz002162,悦心健康,sz,,active,False,True,2026-08-07T01:14:17+08:00,akshare
sz002163,海南发展,sz,,active,False,True,2026-08-07T01:14:17+08:00,akshare
sz002164,宁波东力,sz,,active,False,True,2026-08-07T01:14:17+08:00,akshare
sz002165,红 宝 丽,sz,,active,False,True,2026-08-07T01:14:17+08:00,akshare
sz002166,莱茵生物,sz,,active,False,True,2026-08-07T01:14:17+08:00,akshare
sz002167,东方锆业,sz,,active,False,True,2026-08-07T01:14:17+08:00,akshare
sz002168,ST惠程,sz,,active,True,True,2026-08-07T01:14:17+08:00,akshare
sz002169,智光电气,sz,,active,False,True,2026-08-07T01:14:17+08:00,akshare
sz002170,芭田股份,sz,,active,False,True,2026-08-07T01:14:17+08:00,akshare
sz002171,楚江新材,sz,,active,False,True,2026-08-07T01:14:17+08:00,akshare
sz002172,澳洋健康,sz,,active,False,True,2026-08-07T01:14:17+08:00,akshare
sz002173,创新医疗,sz,,active,False,True,2026-08-07T01:14:17+08:00,akshare
sz002174,游族网络,sz,,active,False,True,2026-08-07T01:14:17+08:00,akshare
sz002175,*ST东智,sz,,active,True,True,2026-08-07T01:14:17+08:00,akshare
sz002176,江特电机,sz,,active,False,True,2026-08-07T01:14:17+08:00,akshare
sz002177,御银股份,sz,,active,False,True,2026-08-07T01:14:17+08:00,akshare
sz002178,延华智能,sz,,active,False,True,2026-08-07T01:14:17+08:00,akshare
sz002179,中航光电,sz,,active,False,True,2026-08-07T01:14:17+08:00,akshare
sz002180,奔图科技,sz,,active,False,True,2026-08-07T01:14:17+08:00,akshare
sz002181,粤 传 媒,sz,,active,False,True,2026-08-07T01:14:17+08:00,akshare
sz002182,宝武镁业,sz,,active,False,True,2026-08-07T01:14:17+08:00,akshare
sz002183,怡 亚 通,sz,,active,False,True,2026-08-07T01:14:17+08:00,akshare
sz002184,海得控制,sz,,active,False,True,2026-08-07T01:14:17+08:00,akshare
sz002185,华天科技,sz,,active,False,True,2026-08-07T01:14:17+08:00,akshare
sz002186,全 聚 德,sz,,active,False,True,2026-08-07T01:14:17+08:00,akshare
sz002187,广百股份,sz,,active,False,True,2026-08-07T01:14:17+08:00,akshare
sz002188,中天服务,sz,,active,False,True,2026-08-07T01:14:17+08:00,akshare
sz002189,中光学,sz,,active,False,True,2026-08-07T01:14:17+08:00,akshare
sz002190,成飞集成,sz,,active,False,True,2026-08-07T01:14:17+08:00,akshare
sz002191,劲嘉股份,sz,,active,False,True,2026-08-07T01:14:17+08:00,akshare
sz002192,融捷股份,sz,,active,False,True,2026-08-07T01:14:17+08:00,akshare
sz002193,ST如意,sz,,active,True,True,2026-08-07T01:14:17+08:00,akshare
sz002194,武汉凡谷,sz,,active,False,True,2026-08-07T01:14:17+08:00,akshare
sz002195,岩山科技,sz,,active,False,True,2026-08-07T01:14:17+08:00,akshare
sz002196,方正电机,sz,,active,False,True,2026-08-07T01:14:17+08:00,akshare
sz002197,证通电子,sz,,active,False,True,2026-08-07T01:14:17+08:00,akshare
sz002198,ST嘉应,sz,,active,True,True,2026-08-07T01:14:17+08:00,akshare
sz002199,东晶电子,sz,,active,False,True,2026-08-07T01:14:17+08:00,akshare
sz002200,交投生态,sz,,active,False,True,2026-08-07T01:14:17+08:00,akshare
sz002201,九鼎新材,sz,,active,False,True,2026-08-07T01:14:17+08:00,akshare
sz002202,金风科技,sz,,active,False,True,2026-08-07T01:14:17+08:00,akshare
sz002203,海亮股份,sz,,active,False,True,2026-08-07T01:14:17+08:00,akshare
sz002204,大连重工,sz,,active,False,True,2026-08-07T01:14:17+08:00,akshare
sz002205,国统股份,sz,,active,False,True,2026-08-07T01:14:17+08:00,akshare
sz002206,海 利 得,sz,,active,False,True,2026-08-07T01:14:17+08:00,akshare
sz002207,*ST准油,sz,,active,True,True,2026-08-07T01:14:17+08:00,akshare
sz002208,合肥城建,sz,,active,False,True,2026-08-07T01:14:17+08:00,akshare
sz002209,达 意 隆,sz,,active,False,True,2026-08-07T01:14:17+08:00,akshare
sz002210,飞马国际,sz,,active,False,True,2026-08-07T01:14:17+08:00,akshare
sz002211,ST宏达,sz,,active,True,True,2026-08-07T01:14:17+08:00,akshare
sz002212,天融信,sz,,active,False,True,2026-08-07T01:14:17+08:00,akshare
sz002213,大为股份,sz,,active,False,True,2026-08-07T01:14:17+08:00,akshare
sz002214,大立科技,sz,,active,False,True,2026-08-07T01:14:17+08:00,akshare
sz002215,诺 普 信,sz,,active,False,True,2026-08-07T01:14:17+08:00,akshare
sz002216,三全食品,sz,,active,False,True,2026-08-07T01:14:17+08:00,akshare
sz002217,ST合力泰,sz,,active,True,True,2026-08-07T01:14:17+08:00,akshare
sz002218,拓日新能,sz,,active,False,True,2026-08-07T01:14:17+08:00,akshare
sz002219,新里程,sz,,active,False,True,2026-08-07T01:14:17+08:00,akshare
sz002221,东华能源,sz,,active,False,True,2026-08-07T01:14:17+08:00,akshare
sz002222,福晶科技,sz,,active,False,True,2026-08-07T01:14:17+08:00,akshare
sz002223,鱼跃医疗,sz,,active,False,True,2026-08-07T01:14:17+08:00,akshare
sz002224,三 力 士,sz,,active,False,True,2026-08-07T01:14:17+08:00,akshare
sz002225,濮耐股份,sz,,active,False,True,2026-08-07T01:14:17+08:00,akshare
sz002226,江南化工,sz,,active,False,True,2026-08-07T01:14:17+08:00,akshare
sz002227,*ST特迅,sz,,active,True,True,2026-08-07T01:14:17+08:00,akshare
sz002228,合兴包装,sz,,active,False,True,2026-08-07T01:14:17+08:00,akshare
sz002229,鸿博股份,sz,,active,False,True,2026-08-07T01:14:17+08:00,akshare
sz002230,科大讯飞,sz,,active,False,True,2026-08-07T01:14:17+08:00,akshare
sz002232,启明信息,sz,,active,False,True,2026-08-07T01:14:17+08:00,akshare
sz002233,塔牌集团,sz,,active,False,True,2026-08-07T01:14:17+08:00,akshare
sz002234,民和股份,sz,,active,False,True,2026-08-07T01:14:17+08:00,akshare
sz002235,安妮股份,sz,,active,False,True,2026-08-07T01:14:17+08:00,akshare
sz002236,大华股份,sz,,active,False,True,2026-08-07T01:14:17+08:00,akshare
sz002237,恒邦股份,sz,,active,False,True,2026-08-07T01:14:17+08:00,akshare
sz002238,天威视讯,sz,,active,False,True,2026-08-07T01:14:17+08:00,akshare
sz002239,奥特佳,sz,,active,False,True,2026-08-07T01:14:17+08:00,akshare
sz002240,盛新锂能,sz,,active,False,True,2026-08-07T01:14:17+08:00,akshare
sz002241,歌尔股份,sz,,active,False,True,2026-08-07T01:14:17+08:00,akshare
sz002242,九阳股份,sz,,active,False,True,2026-08-07T01:14:17+08:00,akshare
sz002243,力合科创,sz,,active,False,True,2026-08-07T01:14:17+08:00,akshare
sz002244,滨江集团,sz,,active,False,True,2026-08-07T01:14:17+08:00,akshare
sz002245,蔚蓝锂芯,sz,,active,False,True,2026-08-07T01:14:17+08:00,akshare
sz002246,北化股份,sz,,active,False,True,2026-08-07T01:14:17+08:00,akshare
sz002247,聚力文化,sz,,active,False,True,2026-08-07T01:14:17+08:00,akshare
sz002248,华东数控,sz,,active,False,True,2026-08-07T01:14:17+08:00,akshare
sz002249,大洋电机,sz,,active,False,True,2026-08-07T01:14:17+08:00,akshare
sz002250,联化科技,sz,,active,False,True,2026-08-07T01:14:17+08:00,akshare
sz002251,步步高,sz,,active,False,True,2026-08-07T01:14:17+08:00,akshare
sz002252,上海莱士,sz,,active,False,True,2026-08-07T01:14:17+08:00,akshare
sz002253,川大智胜,sz,,active,False,True,2026-08-07T01:14:17+08:00,akshare
sz002254,泰和新材,sz,,active,False,True,2026-08-07T01:14:17+08:00,akshare
sz002255,海陆重工,sz,,active,False,True,2026-08-07T01:14:17+08:00,akshare
sz002256,兆新股份,sz,,active,False,True,2026-08-07T01:14:17+08:00,akshare
sz002258,利尔化学,sz,,active,False,True,2026-08-07T01:14:17+08:00,akshare
sz002259,升达林业,sz,,active,False,True,2026-08-07T01:14:17+08:00,akshare
sz002261,拓维信息,sz,,active,False,True,2026-08-07T01:14:17+08:00,akshare
sz002262,恩华药业,sz,,active,False,True,2026-08-07T01:14:17+08:00,akshare
sz002263,大东南,sz,,active,False,True,2026-08-07T01:14:17+08:00,akshare
sz002264,新 华 都,sz,,active,False,True,2026-08-07T01:14:17+08:00,akshare
sz002265,建设工业,sz,,active,False,True,2026-08-07T01:14:17+08:00,akshare
sz002266,浙富控股,sz,,active,False,True,2026-08-07T01:14:17+08:00,akshare
sz002267,陕天然气,sz,,active,False,True,2026-08-07T01:14:17+08:00,akshare
sz002268,电科网安,sz,,active,False,True,2026-08-07T01:14:17+08:00,akshare
sz002269,美邦服饰,sz,,active,False,True,2026-08-07T01:14:17+08:00,akshare
sz002270,华明装备,sz,,active,False,True,2026-08-07T01:14:17+08:00,akshare
sz002271,东方雨虹,sz,,active,False,True,2026-08-07T01:14:17+08:00,akshare
sz002272,川润股份,sz,,active,False,True,2026-08-07T01:14:17+08:00,akshare
sz002273,水晶光电,sz,,active,False,True,2026-08-07T01:14:17+08:00,akshare
sz002274,华昌化工,sz,,active,False,True,2026-08-07T01:14:17+08:00,akshare
sz002275,桂林三金,sz,,active,False,True,2026-08-07T01:14:17+08:00,akshare
sz002276,万马股份,sz,,active,False,True,2026-08-07T01:14:17+08:00,akshare
sz002277,友阿股份,sz,,active,False,True,2026-08-07T01:14:17+08:00,akshare
sz002278,神开股份,sz,,active,False,True,2026-08-07T01:14:17+08:00,akshare
sz002279,久其软件,sz,,active,False,True,2026-08-07T01:14:17+08:00,akshare
sz002281,光迅科技,sz,,active,False,True,2026-08-07T01:14:17+08:00,akshare
sz002282,博深股份,sz,,active,False,True,2026-08-07T01:14:17+08:00,akshare
sz002283,天润工业,sz,,active,False,True,2026-08-07T01:14:17+08:00,akshare
sz002284,亚太股份,sz,,active,False,True,2026-08-07T01:14:17+08:00,akshare
sz002285,世联行,sz,,active,False,True,2026-08-07T01:14:17+08:00,akshare
sz002286,保龄宝,sz,,active,False,True,2026-08-07T01:14:17+08:00,akshare
sz002287,奇正藏药,sz,,active,False,True,2026-08-07T01:14:17+08:00,akshare
sz002289,宇顺电子,sz,,active,False,True,2026-08-07T01:14:17+08:00,akshare
sz002290,禾盛新材,sz,,active,False,True,2026-08-07T01:14:17+08:00,akshare
sz002291,遥望科技,sz,,active,False,True,2026-08-07T01:14:17+08:00,akshare
sz002292,奥飞娱乐,sz,,active,False,True,2026-08-07T01:14:17+08:00,akshare
sz002293,罗莱生活,sz,,active,False,True,2026-08-07T01:14:17+08:00,akshare
sz002294,信立泰,sz,,active,False,True,2026-08-07T01:14:17+08:00,akshare
sz002295,精艺股份,sz,,active,False,True,2026-08-07T01:14:17+08:00,akshare
sz002296,辉煌科技,sz,,active,False,True,2026-08-07T01:14:17+08:00,akshare
sz002297,博云新材,sz,,active,False,True,2026-08-07T01:14:17+08:00,akshare
sz002298,中电鑫龙,sz,,active,False,True,2026-08-07T01:14:17+08:00,akshare
sz002299,圣农发展,sz,,active,False,True,2026-08-07T01:14:17+08:00,akshare
sz002300,太阳电缆,sz,,active,False,True,2026-08-07T01:14:17+08:00,akshare
sz002301,齐心集团,sz,,active,False,True,2026-08-07T01:14:17+08:00,akshare
sz002302,西部建设,sz,,active,False,True,2026-08-07T01:14:17+08:00,akshare
sz002303,美盈森,sz,,active,False,True,2026-08-07T01:14:17+08:00,akshare
sz002304,洋河股份,sz,,active,False,True,2026-08-07T01:14:17+08:00,akshare
sz002305,*ST南置,sz,,active,True,True,2026-08-07T01:14:17+08:00,akshare
sz002306,ST云网,sz,,active,True,True,2026-08-07T01:14:17+08:00,akshare
sz002307,北新路桥,sz,,active,False,True,2026-08-07T01:14:17+08:00,akshare
sz002309,中利集团,sz,,active,False,True,2026-08-07T01:14:17+08:00,akshare
sz002310,东方新能,sz,,active,False,True,2026-08-07T01:14:17+08:00,akshare
sz002311,海大集团,sz,,active,False,True,2026-08-07T01:14:17+08:00,akshare
sz002312,川发龙蟒,sz,,active,False,True,2026-08-07T01:14:17+08:00,akshare
sz002313,日海智能,sz,,active,False,True,2026-08-07T01:14:17+08:00,akshare
sz002314,南山控股,sz,,active,False,True,2026-08-07T01:14:17+08:00,akshare
sz002315,焦点科技,sz,,active,False,True,2026-08-07T01:14:17+08:00,akshare
sz002316,亚联发展,sz,,active,False,True,2026-08-07T01:14:17+08:00,akshare
sz002317,众生药业,sz,,active,False,True,2026-08-07T01:14:17+08:00,akshare
sz002318,久立特材,sz,,active,False,True,2026-08-07T01:14:17+08:00,akshare
sz002319,乐通股份,sz,,active,False,True,2026-08-07T01:14:17+08:00,akshare
sz002320,海峡股份,sz,,active,False,True,2026-08-07T01:14:17+08:00,akshare
sz002321,华英农业,sz,,active,False,True,2026-08-07T01:14:17+08:00,akshare
sz002322,理工能科,sz,,active,False,True,2026-08-07T01:14:17+08:00,akshare
sz002323,*ST雅博,sz,,active,True,True,2026-08-07T01:14:17+08:00,akshare
sz002324,普利特,sz,,active,False,True,2026-08-07T01:14:17+08:00,akshare
sz002326,永太科技,sz,,active,False,True,2026-08-07T01:14:17+08:00,akshare
sz002327,富安娜,sz,,active,False,True,2026-08-07T01:14:17+08:00,akshare
sz002328,新朋股份,sz,,active,False,True,2026-08-07T01:14:17+08:00,akshare
sz002329,皇氏集团,sz,,active,False,True,2026-08-07T01:14:17+08:00,akshare
sz002330,得利斯,sz,,active,False,True,2026-08-07T01:14:17+08:00,akshare
sz002331,皖通科技,sz,,active,False,True,2026-08-07T01:14:17+08:00,akshare
sz002332,仙琚制药,sz,,active,False,True,2026-08-07T01:14:17+08:00,akshare
sz002333,罗普斯金,sz,,active,False,True,2026-08-07T01:14:17+08:00,akshare
sz002334,英威腾,sz,,active,False,True,2026-08-07T01:14:17+08:00,akshare
sz002335,科华数据,sz,,active,False,True,2026-08-07T01:14:17+08:00,akshare
sz002337,赛象科技,sz,,active,False,True,2026-08-07T01:14:17+08:00,akshare
sz002338,奥普光电,sz,,active,False,True,2026-08-07T01:14:17+08:00,akshare
sz002339,积成电子,sz,,active,False,True,2026-08-07T01:14:17+08:00,akshare
sz002340,格林美,sz,,active,False,True,2026-08-07T01:14:17+08:00,akshare
sz002342,巨力索具,sz,,active,False,True,2026-08-07T01:14:17+08:00,akshare
sz002343,慈文传媒,sz,,active,False,True,2026-08-07T01:14:17+08:00,akshare
sz002344,海宁皮城,sz,,active,False,True,2026-08-07T01:14:17+08:00,akshare
sz002345,潮宏基,sz,,active,False,True,2026-08-07T01:14:17+08:00,akshare
sz002346,柘中股份,sz,,active,False,True,2026-08-07T01:14:17+08:00,akshare
sz002347,泰尔股份,sz,,active,False,True,2026-08-07T01:14:17+08:00,akshare
sz002348,高乐股份,sz,,active,False,True,2026-08-07T01:14:17+08:00,akshare
sz002349,精华制药,sz,,active,False,True,2026-08-07T01:14:17+08:00,akshare
sz002350,北京科锐,sz,,active,False,True,2026-08-07T01:14:17+08:00,akshare
sz002351,漫步者,sz,,active,False,True,2026-08-07T01:14:17+08:00,akshare
sz002352,顺丰控股,sz,,active,False,True,2026-08-07T01:14:17+08:00,akshare
sz002353,杰瑞股份,sz,,active,False,True,2026-08-07T01:14:17+08:00,akshare
sz002354,天娱数科,sz,,active,False,True,2026-08-07T01:14:17+08:00,akshare
sz002355,兴民智通,sz,,active,False,True,2026-08-07T01:14:17+08:00,akshare
sz002356,鹏飞绿能,sz,,active,False,True,2026-08-07T01:14:17+08:00,akshare
sz002357,富临运业,sz,,active,False,True,2026-08-07T01:14:17+08:00,akshare
sz002358,森源电气,sz,,active,False,True,2026-08-07T01:14:17+08:00,akshare
sz002360,ST同德,sz,,active,True,True,2026-08-07T01:14:17+08:00,akshare
sz002361,神剑股份,sz,,active,False,True,2026-08-07T01:14:17+08:00,akshare
sz002362,汉王科技,sz,,active,False,True,2026-08-07T01:14:17+08:00,akshare
sz002363,隆基机械,sz,,active,False,True,2026-08-07T01:14:17+08:00,akshare
sz002364,中恒电气,sz,,active,False,True,2026-08-07T01:14:17+08:00,akshare
sz002365,永安药业,sz,,active,False,True,2026-08-07T01:14:17+08:00,akshare
sz002366,融发核电,sz,,active,False,True,2026-08-07T01:14:17+08:00,akshare
sz002367,康力电梯,sz,,active,False,True,2026-08-07T01:14:17+08:00,akshare
sz002368,太极股份,sz,,active,False,True,2026-08-07T01:14:17+08:00,akshare
sz002369,卓翼科技,sz,,active,False,True,2026-08-07T01:14:17+08:00,akshare
sz002370,亚太药业,sz,,active,False,True,2026-08-07T01:14:17+08:00,akshare
sz002371,北方华创,sz,,active,False,True,2026-08-07T01:14:17+08:00,akshare
sz002372,伟星新材,sz,,active,False,True,2026-08-07T01:14:17+08:00,akshare
sz002373,千方科技,sz,,active,False,True,2026-08-07T01:14:17+08:00,akshare
sz002374,中锐股份,sz,,active,False,True,2026-08-07T01:14:17+08:00,akshare
sz002375,亚厦股份,sz,,active,False,True,2026-08-07T01:14:17+08:00,akshare
sz002376,新北洋,sz,,active,False,True,2026-08-07T01:14:17+08:00,akshare
sz002377,国创高新,sz,,active,False,True,2026-08-07T01:14:17+08:00,akshare
sz002378,章源钨业,sz,,active,False,True,2026-08-07T01:14:17+08:00,akshare
sz002379,宏桥控股,sz,,active,False,True,2026-08-07T01:14:17+08:00,akshare
sz002380,科远智慧,sz,,active,False,True,2026-08-07T01:14:17+08:00,akshare
sz002381,双箭股份,sz,,active,False,True,2026-08-07T01:14:17+08:00,akshare
sz002382,蓝帆医疗,sz,,active,False,True,2026-08-07T01:14:17+08:00,akshare
sz002383,合众思壮,sz,,active,False,True,2026-08-07T01:14:17+08:00,akshare
sz002384,东山精密,sz,,active,False,True,2026-08-07T01:14:17+08:00,akshare
sz002385,大北农,sz,,active,False,True,2026-08-07T01:14:17+08:00,akshare
sz002386,天原股份,sz,,active,False,True,2026-08-07T01:14:17+08:00,akshare
sz002387,维信诺,sz,,active,False,True,2026-08-07T01:14:17+08:00,akshare
sz002388,新亚制程,sz,,active,False,True,2026-08-07T01:14:17+08:00,akshare
sz002389,航天彩虹,sz,,active,False,True,2026-08-07T01:14:17+08:00,akshare
sz002390,信邦制药,sz,,active,False,True,2026-08-07T01:14:17+08:00,akshare
sz002391,长青股份,sz,,active,False,True,2026-08-07T01:14:17+08:00,akshare
sz002392,北京利尔,sz,,active,False,True,2026-08-07T01:14:17+08:00,akshare
sz002393,力生制药,sz,,active,False,True,2026-08-07T01:14:17+08:00,akshare
sz002394,联发股份,sz,,active,False,True,2026-08-07T01:14:17+08:00,akshare
sz002395,双象股份,sz,,active,False,True,2026-08-07T01:14:17+08:00,akshare
sz002396,星网锐捷,sz,,active,False,True,2026-08-07T01:14:17+08:00,akshare
sz002397,梦洁股份,sz,,active,False,True,2026-08-07T01:14:17+08:00,akshare
sz002398,垒知集团,sz,,active,False,True,2026-08-07T01:14:17+08:00,akshare
sz002399,海普瑞,sz,,active,False,True,2026-08-07T01:14:17+08:00,akshare
sz002400,省广集团,sz,,active,False,True,2026-08-07T01:14:17+08:00,akshare
sz002401,中远海科,sz,,active,False,True,2026-08-07T01:14:17+08:00,akshare
sz002402,和而泰,sz,,active,False,True,2026-08-07T01:14:17+08:00,akshare
sz002403,爱仕达,sz,,active,False,True,2026-08-07T01:14:17+08:00,akshare
sz002404,嘉欣丝绸,sz,,active,False,True,2026-08-07T01:14:17+08:00,akshare
sz002405,四维图新,sz,,active,False,True,2026-08-07T01:14:17+08:00,akshare
sz002406,远东传动,sz,,active,False,True,2026-08-07T01:14:17+08:00,akshare
sz002407,多氟多,sz,,active,False,True,2026-08-07T01:14:17+08:00,akshare
sz002408,齐翔腾达,sz,,active,False,True,2026-08-07T01:14:17+08:00,akshare
sz002409,雅克科技,sz,,active,False,True,2026-08-07T01:14:17+08:00,akshare
sz002410,广联达,sz,,active,False,True,2026-08-07T01:14:17+08:00,akshare
sz002412,汉森制药,sz,,active,False,True,2026-08-07T01:14:17+08:00,akshare
sz002413,雷科防务,sz,,active,False,True,2026-08-07T01:14:17+08:00,akshare
sz002414,高德红外,sz,,active,False,True,2026-08-07T01:14:17+08:00,akshare
sz002415,海康威视,sz,,active,False,True,2026-08-07T01:14:17+08:00,akshare
sz002416,爱施德,sz,,active,False,True,2026-08-07T01:14:17+08:00,akshare
sz002418,康盛股份,sz,,active,False,True,2026-08-07T01:14:17+08:00,akshare
sz002419,天虹股份,sz,,active,False,True,2026-08-07T01:14:17+08:00,akshare
sz002420,毅昌科技,sz,,active,False,True,2026-08-07T01:14:17+08:00,akshare
sz002421,达实智能,sz,,active,False,True,2026-08-07T01:14:17+08:00,akshare
sz002422,科伦药业,sz,,active,False,True,2026-08-07T01:14:17+08:00,akshare
sz002423,中粮资本,sz,,active,False,True,2026-08-07T01:14:17+08:00,akshare
sz002424,ST百灵,sz,,active,True,True,2026-08-07T01:14:17+08:00,akshare
sz002425,凯撒文化,sz,,active,False,True,2026-08-07T01:14:17+08:00,akshare
sz002426,胜利精密,sz,,active,False,True,2026-08-07T01:14:17+08:00,akshare
sz002427,尤夫股份,sz,,active,False,True,2026-08-07T01:14:17+08:00,akshare
sz002428,云南锗业,sz,,active,False,True,2026-08-07T01:14:17+08:00,akshare
sz002429,兆驰股份,sz,,active,False,True,2026-08-07T01:14:17+08:00,akshare
sz002430,杭氧股份,sz,,active,False,True,2026-08-07T01:14:17+08:00,akshare
sz002431,ST棕榈,sz,,active,True,True,2026-08-07T01:14:17+08:00,akshare
sz002432,九安医疗,sz,,active,False,True,2026-08-07T01:14:17+08:00,akshare
sz002434,万里扬,sz,,active,False,True,2026-08-07T01:14:17+08:00,akshare
sz002436,兴森科技,sz,,active,False,True,2026-08-07T01:14:17+08:00,akshare
sz002437,誉衡药业,sz,,active,False,True,2026-08-07T01:14:17+08:00,akshare
sz002438,江苏神通,sz,,active,False,True,2026-08-07T01:14:17+08:00,akshare
sz002439,启明星辰,sz,,active,False,True,2026-08-07T01:14:17+08:00,akshare
sz002440,闰土股份,sz,,active,False,True,2026-08-07T01:14:17+08:00,akshare
sz002441,众业达,sz,,active,False,True,2026-08-07T01:14:17+08:00,akshare
sz002442,龙星科技,sz,,active,False,True,2026-08-07T01:14:17+08:00,akshare
sz002443,金洲管道,sz,,active,False,True,2026-08-07T01:14:17+08:00,akshare
sz002444,巨星科技,sz,,active,False,True,2026-08-07T01:14:17+08:00,akshare
sz002445,中南文化,sz,,active,False,True,2026-08-07T01:14:17+08:00,akshare
sz002446,盛路通信,sz,,active,False,True,2026-08-07T01:14:17+08:00,akshare
sz002448,中原内配,sz,,active,False,True,2026-08-07T01:14:17+08:00,akshare
sz002449,国星光电,sz,,active,False,True,2026-08-07T01:14:17+08:00,akshare
sz002451,摩恩电气,sz,,active,False,True,2026-08-07T01:14:17+08:00,akshare
sz002452,长高电气,sz,,active,False,True,2026-08-07T01:14:17+08:00,akshare
sz002453,华软科技,sz,,active,False,True,2026-08-07T01:14:17+08:00,akshare
sz002454,松芝股份,sz,,active,False,True,2026-08-07T01:14:17+08:00,akshare
sz002455,百川股份,sz,,active,False,True,2026-08-07T01:14:17+08:00,akshare
sz002456,欧菲光,sz,,active,False,True,2026-08-07T01:14:17+08:00,akshare
sz002457,青龙管业,sz,,active,False,True,2026-08-07T01:14:17+08:00,akshare
sz002458,益生股份,sz,,active,False,True,2026-08-07T01:14:17+08:00,akshare
sz002459,晶澳科技,sz,,active,False,True,2026-08-07T01:14:17+08:00,akshare
sz002460,赣锋锂业,sz,,active,False,True,2026-08-07T01:14:17+08:00,akshare
sz002461,珠江啤酒,sz,,active,False,True,2026-08-07T01:14:17+08:00,akshare
sz002462,嘉事堂,sz,,active,False,True,2026-08-07T01:14:17+08:00,akshare
sz002463,沪电股份,sz,,active,False,True,2026-08-07T01:14:17+08:00,akshare
sz002465,海格通信,sz,,active,False,True,2026-08-07T01:14:17+08:00,akshare
sz002466,天齐锂业,sz,,active,False,True,2026-08-07T01:14:17+08:00,akshare
sz002467,二六三,sz,,active,False,True,2026-08-07T01:14:17+08:00,akshare
sz002468,申通快递,sz,,active,False,True,2026-08-07T01:14:17+08:00,akshare
sz002469,三维化学,sz,,active,False,True,2026-08-07T01:14:17+08:00,akshare
sz002470,金正大,sz,,active,False,True,2026-08-07T01:14:17+08:00,akshare
sz002471,中超控股,sz,,active,False,True,2026-08-07T01:14:17+08:00,akshare
sz002472,双环传动,sz,,active,False,True,2026-08-07T01:14:17+08:00,akshare
sz002474,榕基软件,sz,,active,False,True,2026-08-07T01:14:17+08:00,akshare
sz002475,立讯精密,sz,,active,False,True,2026-08-07T01:14:17+08:00,akshare
sz002476,新叶股份,sz,,active,False,True,2026-08-07T01:14:17+08:00,akshare
sz002478,常宝股份,sz,,active,False,True,2026-08-07T01:14:17+08:00,akshare
sz002479,富春环保,sz,,active,False,True,2026-08-07T01:14:17+08:00,akshare
sz002480,新筑股份,sz,,active,False,True,2026-08-07T01:14:17+08:00,akshare
sz002481,双塔食品,sz,,active,False,True,2026-08-07T01:14:17+08:00,akshare
sz002482,广田集团,sz,,active,False,True,2026-08-07T01:14:17+08:00,akshare
sz002483,润邦股份,sz,,active,False,True,2026-08-07T01:14:17+08:00,akshare
sz002484,江海股份,sz,,active,False,True,2026-08-07T01:14:17+08:00,akshare
sz002485,ST雪发,sz,,active,True,True,2026-08-07T01:14:17+08:00,akshare
sz002486,嘉麟杰,sz,,active,False,True,2026-08-07T01:14:17+08:00,akshare
sz002487,大金重工,sz,,active,False,True,2026-08-07T01:14:17+08:00,akshare
sz002488,金固股份,sz,,active,False,True,2026-08-07T01:14:17+08:00,akshare
sz002489,浙江永强,sz,,active,False,True,2026-08-07T01:14:17+08:00,akshare
sz002490,山东墨龙,sz,,active,False,True,2026-08-07T01:14:17+08:00,akshare
sz002491,通鼎互联,sz,,active,False,True,2026-08-07T01:14:17+08:00,akshare
sz002492,恒基达鑫,sz,,active,False,True,2026-08-07T01:14:17+08:00,akshare
sz002493,荣盛石化,sz,,active,False,True,2026-08-07T01:14:17+08:00,akshare
sz002494,华斯股份,sz,,active,False,True,2026-08-07T01:14:17+08:00,akshare
sz002495,佳隆股份,sz,,active,False,True,2026-08-07T01:14:17+08:00,akshare
sz002496,辉丰股份,sz,,active,False,True,2026-08-07T01:14:17+08:00,akshare
sz002497,雅化集团,sz,,active,False,True,2026-08-07T01:14:17+08:00,akshare
sz002498,汉缆股份,sz,,active,False,True,2026-08-07T01:14:17+08:00,akshare
sz002500,山西证券,sz,,active,False,True,2026-08-07T01:14:17+08:00,akshare
sz002501,*ST利源,sz,,active,True,True,2026-08-07T01:14:17+08:00,akshare
sz002506,协鑫集成,sz,,active,False,True,2026-08-07T01:14:17+08:00,akshare
sz002507,涪陵榨菜,sz,,active,False,True,2026-08-07T01:14:17+08:00,akshare
sz002508,老板电器,sz,,active,False,True,2026-08-07T01:14:17+08:00,akshare
sz002510,天汽模,sz,,active,False,True,2026-08-07T01:14:17+08:00,akshare
sz002511,中顺洁柔,sz,,active,False,True,2026-08-07T01:14:17+08:00,akshare
sz002512,ST达华,sz,,active,True,True,2026-08-07T01:14:17+08:00,akshare
sz002513,蓝丰生化,sz,,active,False,True,2026-08-07T01:14:17+08:00,akshare
sz002514,*ST宝馨,sz,,active,True,True,2026-08-07T01:14:17+08:00,akshare
sz002515,金字火腿,sz,,active,False,True,2026-08-07T01:14:17+08:00,akshare
sz002516,旷达科技,sz,,active,False,True,2026-08-07T01:14:17+08:00,akshare
sz002517,恺英网络,sz,,active,False,True,2026-08-07T01:14:17+08:00,akshare
sz002518,科士达,sz,,active,False,True,2026-08-07T01:14:17+08:00,akshare
sz002519,银河电子,sz,,active,False,True,2026-08-07T01:14:17+08:00,akshare
sz002520,日发精机,sz,,active,False,True,2026-08-07T01:14:17+08:00,akshare
sz002521,齐峰新材,sz,,active,False,True,2026-08-07T01:14:17+08:00,akshare
sz002522,浙江众成,sz,,active,False,True,2026-08-07T01:14:17+08:00,akshare
sz002523,天桥起重,sz,,active,False,True,2026-08-07T01:14:17+08:00,akshare
sz002524,光正眼科,sz,,active,False,True,2026-08-07T01:14:17+08:00,akshare
sz002526,山东矿机,sz,,active,False,True,2026-08-07T01:14:17+08:00,akshare
sz002527,新时达,sz,,active,False,True,2026-08-07T01:14:17+08:00,akshare
sz002528,*ST英飞,sz,,active,True,True,2026-08-07T01:14:17+08:00,akshare
sz002529,海源复材,sz,,active,False,True,2026-08-07T01:14:17+08:00,akshare
sz002530,金财互联,sz,,active,False,True,2026-08-07T01:14:17+08:00,akshare
sz002531,天顺风能,sz,,active,False,True,2026-08-07T01:14:17+08:00,akshare
sz002532,天山铝业,sz,,active,False,True,2026-08-07T01:14:17+08:00,akshare
sz002533,金杯电工,sz,,active,False,True,2026-08-07T01:14:17+08:00,akshare
sz002534,西子洁能,sz,,active,False,True,2026-08-07T01:14:17+08:00,akshare
sz002535,林州重机,sz,,active,False,True,2026-08-07T01:14:17+08:00,akshare
sz002536,飞龙股份,sz,,active,False,True,2026-08-07T01:14:17+08:00,akshare
sz002537,海联金汇,sz,,active,False,True,2026-08-07T01:14:17+08:00,akshare
sz002538,ST司特,sz,,active,True,True,2026-08-07T01:14:17+08:00,akshare
sz002539,云图控股,sz,,active,False,True,2026-08-07T01:14:17+08:00,akshare
sz002540,亚太科技,sz,,active,False,True,2026-08-07T01:14:17+08:00,akshare
sz002541,鸿路钢构,sz,,active,False,True,2026-08-07T01:14:17+08:00,akshare
sz002542,*ST中岩,sz,,active,True,True,2026-08-07T01:14:17+08:00,akshare
sz002543,万和电气,sz,,active,False,True,2026-08-07T01:14:17+08:00,akshare
sz002544,普天科技,sz,,active,False,True,2026-08-07T01:14:17+08:00,akshare
sz002545,东方铁塔,sz,,active,False,True,2026-08-07T01:14:17+08:00,akshare
sz002546,新联电子,sz,,active,False,True,2026-08-07T01:14:17+08:00,akshare
sz002547,*ST春兴,sz,,active,True,True,2026-08-07T01:14:17+08:00,akshare
sz002548,金新农,sz,,active,False,True,2026-08-07T01:14:17+08:00,akshare
sz002549,凯美特气,sz,,active,False,True,2026-08-07T01:14:17+08:00,akshare
sz002550,千红制药,sz,,active,False,True,2026-08-07T01:14:17+08:00,akshare
sz002551,尚荣医疗,sz,,active,False,True,2026-08-07T01:14:17+08:00,akshare
sz002552,宝鼎科技,sz,,active,False,True,2026-08-07T01:14:17+08:00,akshare
sz002553,南方精工,sz,,active,False,True,2026-08-07T01:14:17+08:00,akshare
sz002554,惠博普,sz,,active,False,True,2026-08-07T01:14:17+08:00,akshare
sz002555,三七互娱,sz,,active,False,True,2026-08-07T01:14:17+08:00,akshare
sz002556,辉隆股份,sz,,active,False,True,2026-08-07T01:14:17+08:00,akshare
sz002557,洽洽食品,sz,,active,False,True,2026-08-07T01:14:17+08:00,akshare
sz002558,巨人网络,sz,,active,False,True,2026-08-07T01:14:17+08:00,akshare
sz002559,亚威股份,sz,,active,False,True,2026-08-07T01:14:17+08:00,akshare
sz002560,通达股份,sz,,active,False,True,2026-08-07T01:14:17+08:00,akshare
sz002561,徐家汇,sz,,active,False,True,2026-08-07T01:14:17+08:00,akshare
sz002562,兄弟科技,sz,,active,False,True,2026-08-07T01:14:17+08:00,akshare
sz002563,森马服饰,sz,,active,False,True,2026-08-07T01:14:17+08:00,akshare
sz002564,天沃科技,sz,,active,False,True,2026-08-07T01:14:17+08:00,akshare
sz002565,顺灏股份,sz,,active,False,True,2026-08-07T01:14:17+08:00,akshare
sz002566,益盛药业,sz,,active,False,True,2026-08-07T01:14:17+08:00,akshare
sz002567,唐人神,sz,,active,False,True,2026-08-07T01:14:17+08:00,akshare
sz002568,百润股份,sz,,active,False,True,2026-08-07T01:14:17+08:00,akshare
sz002569,*ST步森,sz,,active,True,True,2026-08-07T01:14:17+08:00,akshare
sz002570,贝因美,sz,,active,False,True,2026-08-07T01:14:17+08:00,akshare
sz002571,德力股份,sz,,active,False,True,2026-08-07T01:14:17+08:00,akshare
sz002572,索菲亚,sz,,active,False,True,2026-08-07T01:14:17+08:00,akshare
sz002573,清新环境,sz,,active,False,True,2026-08-07T01:14:17+08:00,akshare
sz002574,明牌珠宝,sz,,active,False,True,2026-08-07T01:14:17+08:00,akshare
sz002575,群兴玩具,sz,,active,False,True,2026-08-07T01:14:17+08:00,akshare
sz002576,通达动力,sz,,active,False,True,2026-08-07T01:14:17+08:00,akshare
sz002577,雷柏科技,sz,,active,False,True,2026-08-07T01:14:17+08:00,akshare
sz002578,闽发铝业,sz,,active,False,True,2026-08-07T01:14:17+08:00,akshare
sz002579,中京电子,sz,,active,False,True,2026-08-07T01:14:17+08:00,akshare
sz002580,圣阳股份,sz,,active,False,True,2026-08-07T01:14:17+08:00,akshare
sz002581,*ST未名,sz,,active,True,True,2026-08-07T01:14:17+08:00,akshare
sz002582,好想你,sz,,active,False,True,2026-08-07T01:14:17+08:00,akshare
sz002583,海能达,sz,,active,False,True,2026-08-07T01:14:17+08:00,akshare
sz002584,西陇科学,sz,,active,False,True,2026-08-07T01:14:17+08:00,akshare
sz002585,双星新材,sz,,active,False,True,2026-08-07T01:14:17+08:00,akshare
sz002586,ST围海,sz,,active,True,True,2026-08-07T01:14:17+08:00,akshare
sz002587,奥拓电子,sz,,active,False,True,2026-08-07T01:14:17+08:00,akshare
sz002588,史丹利,sz,,active,False,True,2026-08-07T01:14:17+08:00,akshare
sz002589,瑞康医药,sz,,active,False,True,2026-08-07T01:14:17+08:00,akshare
sz002590,万安科技,sz,,active,False,True,2026-08-07T01:14:17+08:00,akshare
sz002591,恒大高新,sz,,active,False,True,2026-08-07T01:14:17+08:00,akshare
sz002592,ST八菱,sz,,active,True,True,2026-08-07T01:14:17+08:00,akshare
sz002593,日上集团,sz,,active,False,True,2026-08-07T01:14:17+08:00,akshare
sz002594,比亚迪,sz,,active,False,True,2026-08-07T01:14:17+08:00,akshare
sz002595,豪迈科技,sz,,active,False,True,2026-08-07T01:14:17+08:00,akshare
sz002596,海南瑞泽,sz,,active,False,True,2026-08-07T01:14:17+08:00,akshare
sz002597,金禾实业,sz,,active,False,True,2026-08-07T01:14:17+08:00,akshare
sz002598,ST章鼓,sz,,active,True,True,2026-08-07T01:14:17+08:00,akshare
sz002599,盛通股份,sz,,active,False,True,2026-08-07T01:14:17+08:00,akshare
sz002600,领益智造,sz,,active,False,True,2026-08-07T01:14:17+08:00,akshare
sz002601,龙佰集团,sz,,active,False,True,2026-08-07T01:14:17+08:00,akshare
sz002602,世纪华通,sz,,active,False,True,2026-08-07T01:14:17+08:00,akshare
sz002603,以岭药业,sz,,active,False,True,2026-08-07T01:14:17+08:00,akshare
sz002605,姚记科技,sz,,active,False,True,2026-08-07T01:14:17+08:00,akshare
sz002606,大连电瓷,sz,,active,False,True,2026-08-07T01:14:17+08:00,akshare
sz002607,中公教育,sz,,active,False,True,2026-08-07T01:14:17+08:00,akshare
sz002608,江苏国信,sz,,active,False,True,2026-08-07T01:14:17+08:00,akshare
sz002609,捷顺科技,sz,,active,False,True,2026-08-07T01:14:17+08:00,akshare
sz002611,东方精工,sz,,active,False,True,2026-08-07T01:14:17+08:00,akshare
sz002612,朗姿股份,sz,,active,False,True,2026-08-07T01:14:17+08:00,akshare
sz002613,北玻股份,sz,,active,False,True,2026-08-07T01:14:17+08:00,akshare
sz002614,奥佳华,sz,,active,False,True,2026-08-07T01:14:17+08:00,akshare
sz002615,哈尔斯,sz,,active,False,True,2026-08-07T01:14:17+08:00,akshare
sz002616,长青集团,sz,,active,False,True,2026-08-07T01:14:17+08:00,akshare
sz002617,露笑科技,sz,,active,False,True,2026-08-07T01:14:17+08:00,akshare
sz002620,*ST瑞和,sz,,active,True,True,2026-08-07T01:14:17+08:00,akshare
sz002622,皓宸医疗,sz,,active,False,True,2026-08-07T01:14:17+08:00,akshare
sz002623,亚玛顿,sz,,active,False,True,2026-08-07T01:14:17+08:00,akshare
sz002624,完美世界,sz,,active,False,True,2026-08-07T01:14:17+08:00,akshare
sz002625,光启技术,sz,,active,False,True,2026-08-07T01:14:17+08:00,akshare
sz002626,金达威,sz,,active,False,True,2026-08-07T01:14:17+08:00,akshare
sz002627,三峡旅游,sz,,active,False,True,2026-08-07T01:14:17+08:00,akshare
sz002628,成都路桥,sz,,active,False,True,2026-08-07T01:14:17+08:00,akshare
sz002629,仁智股份,sz,,active,False,True,2026-08-07T01:14:17+08:00,akshare
sz002630,*ST华西,sz,,active,True,True,2026-08-07T01:14:17+08:00,akshare
sz002631,德尔未来,sz,,active,False,True,2026-08-07T01:14:17+08:00,akshare
sz002632,道明光学,sz,,active,False,True,2026-08-07T01:14:17+08:00,akshare
sz002633,申科股份,sz,,active,False,True,2026-08-07T01:14:17+08:00,akshare
sz002634,*ST棒杰,sz,,active,True,True,2026-08-07T01:14:17+08:00,akshare
sz002635,安洁科技,sz,,active,False,True,2026-08-07T01:14:17+08:00,akshare
sz002636,金安国纪,sz,,active,False,True,2026-08-07T01:14:17+08:00,akshare
sz002637,赞宇科技,sz,,active,False,True,2026-08-07T01:14:17+08:00,akshare
sz002638,勤上股份,sz,,active,False,True,2026-08-07T01:14:17+08:00,akshare
sz002639,雪人集团,sz,,active,False,True,2026-08-07T01:14:17+08:00,akshare
sz002640,跨境通,sz,,active,False,True,2026-08-07T01:14:17+08:00,akshare
sz002641,公元股份,sz,,active,False,True,2026-08-07T01:14:17+08:00,akshare
sz002642,荣联科技,sz,,active,False,True,2026-08-07T01:14:17+08:00,akshare
sz002643,万润股份,sz,,active,False,True,2026-08-07T01:14:17+08:00,akshare
sz002644,佛慈制药,sz,,active,False,True,2026-08-07T01:14:17+08:00,akshare
sz002645,华宏科技,sz,,active,False,True,2026-08-07T01:14:17+08:00,akshare
sz002646,天佑德酒,sz,,active,False,True,2026-08-07T01:14:17+08:00,akshare
sz002647,仁东控股,sz,,active,False,True,2026-08-07T01:14:17+08:00,akshare
sz002648,卫星化学,sz,,active,False,True,2026-08-07T01:14:17+08:00,akshare
sz002649,博彦科技,sz,,active,False,True,2026-08-07T01:14:17+08:00,akshare
sz002650,ST加加,sz,,active,True,True,2026-08-07T01:14:17+08:00,akshare
sz002651,利君股份,sz,,active,False,True,2026-08-07T01:14:17+08:00,akshare
sz002652,扬子新材,sz,,active,False,True,2026-08-07T01:14:17+08:00,akshare
sz002653,海思科,sz,,active,False,True,2026-08-07T01:14:17+08:00,akshare
sz002654,万润科技,sz,,active,False,True,2026-08-07T01:14:17+08:00,akshare
sz002655,共达电声,sz,,active,False,True,2026-08-07T01:14:17+08:00,akshare
sz002656,摩登大道,sz,,active,False,True,2026-08-07T01:14:17+08:00,akshare
sz002657,中科金财,sz,,active,False,True,2026-08-07T01:14:17+08:00,akshare
sz002658,雪迪龙,sz,,active,False,True,2026-08-07T01:14:17+08:00,akshare
sz002659,凯文教育,sz,,active,False,True,2026-08-07T01:14:17+08:00,akshare
sz002660,茂硕电源,sz,,active,False,True,2026-08-07T01:14:17+08:00,akshare
sz002661,克明食品,sz,,active,False,True,2026-08-07T01:14:17+08:00,akshare
sz002662,峰璟股份,sz,,active,False,True,2026-08-07T01:14:17+08:00,akshare
sz002663,普邦股份,sz,,active,False,True,2026-08-07T01:14:17+08:00,akshare
sz002664,信质集团,sz,,active,False,True,2026-08-07T01:14:17+08:00,akshare
sz002666,德联集团,sz,,active,False,True,2026-08-07T01:14:17+08:00,akshare
sz002667,*ST威领,sz,,active,True,True,2026-08-07T01:14:17+08:00,akshare
sz002668,TCL智家,sz,,active,False,True,2026-08-07T01:14:17+08:00,akshare
sz002669,康达新材,sz,,active,False,True,2026-08-07T01:14:17+08:00,akshare
sz002670,国盛证券,sz,,active,False,True,2026-08-07T01:14:17+08:00,akshare
sz002671,龙泉股份,sz,,active,False,True,2026-08-07T01:14:17+08:00,akshare
sz002672,东江环保,sz,,active,False,True,2026-08-07T01:14:17+08:00,akshare
sz002673,西部证券,sz,,active,False,True,2026-08-07T01:14:17+08:00,akshare
sz002674,兴业科技,sz,,active,False,True,2026-08-07T01:14:17+08:00,akshare
sz002675,东诚药业,sz,,active,False,True,2026-08-07T01:14:17+08:00,akshare
sz002676,顺威股份,sz,,active,False,True,2026-08-07T01:14:17+08:00,akshare
sz002677,浙江美大,sz,,active,False,True,2026-08-07T01:14:17+08:00,akshare
sz002678,珠江钢琴,sz,,active,False,True,2026-08-07T01:14:17+08:00,akshare
sz002679,福建金森,sz,,active,False,True,2026-08-07T01:14:17+08:00,akshare
sz002681,奋达科技,sz,,active,False,True,2026-08-07T01:14:17+08:00,akshare
sz002682,龙洲股份,sz,,active,False,True,2026-08-07T01:14:17+08:00,akshare
sz002683,广东宏大,sz,,active,False,True,2026-08-07T01:14:17+08:00,akshare
sz002685,华东重机,sz,,active,False,True,2026-08-07T01:14:17+08:00,akshare
sz002686,亿利达,sz,,active,False,True,2026-08-07T01:14:17+08:00,akshare
sz002687,乔治白,sz,,active,False,True,2026-08-07T01:14:17+08:00,akshare
sz002688,金河生物,sz,,active,False,True,2026-08-07T01:14:17+08:00,akshare
sz002689,ST远智,sz,,active,True,True,2026-08-07T01:14:17+08:00,akshare
sz002690,美亚光电,sz,,active,False,True,2026-08-07T01:14:17+08:00,akshare
sz002691,*ST冀凯,sz,,active,True,True,2026-08-07T01:14:17+08:00,akshare
sz002692,远程股份,sz,,active,False,True,2026-08-07T01:14:17+08:00,akshare
sz002693,双成药业,sz,,active,False,True,2026-08-07T01:14:17+08:00,akshare
sz002694,*ST顾地,sz,,active,True,True,2026-08-07T01:14:17+08:00,akshare
sz002695,煌上煌,sz,,active,False,True,2026-08-07T01:14:17+08:00,akshare
sz002696,百洋股份,sz,,active,False,True,2026-08-07T01:14:17+08:00,akshare
sz002697,红旗连锁,sz,,active,False,True,2026-08-07T01:14:17+08:00,akshare
sz002698,博实股份,sz,,active,False,True,2026-08-07T01:14:17+08:00,akshare
sz002700,万憬能源,sz,,active,False,True,2026-08-07T01:14:17+08:00,akshare
sz002701,奥瑞金,sz,,active,False,True,2026-08-07T01:14:17+08:00,akshare
sz002702,海欣食品,sz,,active,False,True,2026-08-07T01:14:17+08:00,akshare
sz002703,浙江世宝,sz,,active,False,True,2026-08-07T01:14:17+08:00,akshare
sz002705,新宝股份,sz,,active,False,True,2026-08-07T01:14:17+08:00,akshare
sz002706,良信股份,sz,,active,False,True,2026-08-07T01:14:17+08:00,akshare
sz002707,众信旅游,sz,,active,False,True,2026-08-07T01:14:17+08:00,akshare
sz002708,光洋股份,sz,,active,False,True,2026-08-07T01:14:17+08:00,akshare
sz002709,天赐材料,sz,,active,False,True,2026-08-07T01:14:17+08:00,akshare
sz002712,思美传媒,sz,,active,False,True,2026-08-07T01:14:17+08:00,akshare
sz002713,东易日盛,sz,,active,False,True,2026-08-07T01:14:17+08:00,akshare
sz002714,牧原股份,sz,,active,False,True,2026-08-07T01:14:17+08:00,akshare
sz002715,登云股份,sz,,active,False,True,2026-08-07T01:14:17+08:00,akshare
sz002716,湖南白银,sz,,active,False,True,2026-08-07T01:14:17+08:00,akshare
sz002717,*ST岭南,sz,,active,True,True,2026-08-07T01:14:17+08:00,akshare
sz002718,友邦吊顶,sz,,active,False,True,2026-08-07T01:14:17+08:00,akshare
sz002719,ST麦趣,sz,,active,True,True,2026-08-07T01:14:17+08:00,akshare
sz002721,金一文化,sz,,active,False,True,2026-08-07T01:14:17+08:00,akshare
sz002722,物产金轮,sz,,active,False,True,2026-08-07T01:14:17+08:00,akshare
sz002723,小崧股份,sz,,active,False,True,2026-08-07T01:14:17+08:00,akshare
sz002724,海洋王,sz,,active,False,True,2026-08-07T01:14:17+08:00,akshare
sz002725,跃岭股份,sz,,active,False,True,2026-08-07T01:14:17+08:00,akshare
sz002726,ST龙大,sz,,active,True,True,2026-08-07T01:14:17+08:00,akshare
sz002727,一心堂,sz,,active,False,True,2026-08-07T01:14:17+08:00,akshare
sz002728,特一药业,sz,,active,False,True,2026-08-07T01:14:17+08:00,akshare
sz002729,好利科技,sz,,active,False,True,2026-08-07T01:14:17+08:00,akshare
sz002730,电光科技,sz,,active,False,True,2026-08-07T01:14:17+08:00,akshare
sz002731,*ST萃华,sz,,active,True,True,2026-08-07T01:14:17+08:00,akshare
sz002732,燕塘乳业,sz,,active,False,True,2026-08-07T01:14:17+08:00,akshare
sz002733,雄韬股份,sz,,active,False,True,2026-08-07T01:14:17+08:00,akshare
sz002734,利民股份,sz,,active,False,True,2026-08-07T01:14:17+08:00,akshare
sz002735,王子新材,sz,,active,False,True,2026-08-07T01:14:17+08:00,akshare
sz002736,国信证券,sz,,active,False,True,2026-08-07T01:14:17+08:00,akshare
sz002737,葵花药业,sz,,active,False,True,2026-08-07T01:14:17+08:00,akshare
sz002738,中矿资源,sz,,active,False,True,2026-08-07T01:14:17+08:00,akshare
sz002739,儒意电影,sz,,active,False,True,2026-08-07T01:14:17+08:00,akshare
sz002741,光华科技,sz,,active,False,True,2026-08-07T01:14:17+08:00,akshare
sz002742,冀衡医药,sz,,active,False,True,2026-08-07T01:14:17+08:00,akshare
sz002743,富煌钢构,sz,,active,False,True,2026-08-07T01:14:17+08:00,akshare
sz002745,木林森,sz,,active,False,True,2026-08-07T01:14:17+08:00,akshare
sz002746,仙坛股份,sz,,active,False,True,2026-08-07T01:14:17+08:00,akshare
sz002747,埃斯顿,sz,,active,False,True,2026-08-07T01:14:17+08:00,akshare
sz002748,世龙实业,sz,,active,False,True,2026-08-07T01:14:17+08:00,akshare
sz002749,国光股份,sz,,active,False,True,2026-08-07T01:14:17+08:00,akshare
sz002752,昇兴股份,sz,,active,False,True,2026-08-07T01:14:17+08:00,akshare
sz002753,永东股份,sz,,active,False,True,2026-08-07T01:14:17+08:00,akshare
sz002755,奥赛康,sz,,active,False,True,2026-08-07T01:14:17+08:00,akshare
sz002756,永兴材料,sz,,active,False,True,2026-08-07T01:14:17+08:00,akshare
sz002757,南兴股份,sz,,active,False,True,2026-08-07T01:14:17+08:00,akshare
sz002758,浙农股份,sz,,active,False,True,2026-08-07T01:14:17+08:00,akshare
sz002759,ST天际,sz,,active,True,True,2026-08-07T01:14:17+08:00,akshare
sz002760,凤形股份,sz,,active,False,True,2026-08-07T01:14:17+08:00,akshare
sz002761,浙江建投,sz,,active,False,True,2026-08-07T01:14:17+08:00,akshare
sz002762,金发拉比,sz,,active,False,True,2026-08-07T01:14:17+08:00,akshare
sz002763,汇洁股份,sz,,active,False,True,2026-08-07T01:14:17+08:00,akshare
sz002765,蓝黛科技,sz,,active,False,True,2026-08-07T01:14:17+08:00,akshare
sz002766,索菱股份,sz,,active,False,True,2026-08-07T01:14:17+08:00,akshare
sz002767,先锋电子,sz,,active,False,True,2026-08-07T01:14:17+08:00,akshare
sz002768,国恩股份,sz,,active,False,True,2026-08-07T01:14:17+08:00,akshare
sz002769,普路通,sz,,active,False,True,2026-08-07T01:14:17+08:00,akshare
sz002771,真视通,sz,,active,False,True,2026-08-07T01:14:17+08:00,akshare
sz002772,众兴菌业,sz,,active,False,True,2026-08-07T01:14:17+08:00,akshare
sz002773,康弘药业,sz,,active,False,True,2026-08-07T01:14:17+08:00,akshare
sz002774,快意电梯,sz,,active,False,True,2026-08-07T01:14:17+08:00,akshare
sz002775,文科股份,sz,,active,False,True,2026-08-07T01:14:17+08:00,akshare
sz002777,久远银海,sz,,active,False,True,2026-08-07T01:14:17+08:00,akshare
sz002778,中晟高科,sz,,active,False,True,2026-08-07T01:14:17+08:00,akshare
sz002779,中坚科技,sz,,active,False,True,2026-08-07T01:14:17+08:00,akshare
sz002780,三夫户外,sz,,active,False,True,2026-08-07T01:14:17+08:00,akshare
sz002782,可立克,sz,,active,False,True,2026-08-07T01:14:17+08:00,akshare
sz002783,凯龙股份,sz,,active,False,True,2026-08-07T01:14:17+08:00,akshare
sz002785,万里石,sz,,active,False,True,2026-08-07T01:14:17+08:00,akshare
sz002786,银宝山新,sz,,active,False,True,2026-08-07T01:14:17+08:00,akshare
sz002787,华源控股,sz,,active,False,True,2026-08-07T01:14:17+08:00,akshare
sz002788,鹭燕医药,sz,,active,False,True,2026-08-07T01:14:17+08:00,akshare
sz002789,*ST建艺,sz,,active,True,True,2026-08-07T01:14:17+08:00,akshare
sz002790,瑞尔特,sz,,active,False,True,2026-08-07T01:14:17+08:00,akshare
sz002791,坚朗五金,sz,,active,False,True,2026-08-07T01:14:17+08:00,akshare
sz002792,通宇通讯,sz,,active,False,True,2026-08-07T01:14:17+08:00,akshare
sz002793,罗欣药业,sz,,active,False,True,2026-08-07T01:14:17+08:00,akshare
sz002795,永和智控,sz,,active,False,True,2026-08-07T01:14:17+08:00,akshare
sz002796,世嘉科技,sz,,active,False,True,2026-08-07T01:14:17+08:00,akshare
sz002797,第一创业,sz,,active,False,True,2026-08-07T01:14:17+08:00,akshare
sz002798,帝欧水华,sz,,active,False,True,2026-08-07T01:14:17+08:00,akshare
sz002799,环球印务,sz,,active,False,True,2026-08-07T01:14:17+08:00,akshare
sz002800,天顺股份,sz,,active,False,True,2026-08-07T01:14:17+08:00,akshare
sz002801,微光股份,sz,,active,False,True,2026-08-07T01:14:17+08:00,akshare
sz002802,洪汇新材,sz,,active,False,True,2026-08-07T01:14:17+08:00,akshare
sz002803,吉宏股份,sz,,active,False,True,2026-08-07T01:14:17+08:00,akshare
sz002805,丰元股份,sz,,active,False,True,2026-08-07T01:14:17+08:00,akshare
sz002806,华锋股份,sz,,active,False,True,2026-08-07T01:14:17+08:00,akshare
sz002807,江阴银行,sz,,active,False,True,2026-08-07T01:14:17+08:00,akshare
sz002809,红墙股份,sz,,active,False,True,2026-08-07T01:14:17+08:00,akshare
sz002810,山东赫达,sz,,active,False,True,2026-08-07T01:14:17+08:00,akshare
sz002811,郑中设计,sz,,active,False,True,2026-08-07T01:14:17+08:00,akshare
sz002812,恩捷股份,sz,,active,False,True,2026-08-07T01:14:17+08:00,akshare
sz002813,路畅科技,sz,,active,False,True,2026-08-07T01:14:17+08:00,akshare
sz002815,崇达技术,sz,,active,False,True,2026-08-07T01:14:17+08:00,akshare
sz002816,*ST和科,sz,,active,True,True,2026-08-07T01:14:17+08:00,akshare
sz002817,黄山胶囊,sz,,active,False,True,2026-08-07T01:14:17+08:00,akshare
sz002818,富森美,sz,,active,False,True,2026-08-07T01:14:17+08:00,akshare
sz002819,东方中科,sz,,active,False,True,2026-08-07T01:14:17+08:00,akshare
sz002820,桂发祥,sz,,active,False,True,2026-08-07T01:14:17+08:00,akshare
sz002821,凯莱英,sz,,active,False,True,2026-08-07T01:14:17+08:00,akshare
sz002822,ST中装,sz,,active,True,True,2026-08-07T01:14:17+08:00,akshare
sz002823,凯中精密,sz,,active,False,True,2026-08-07T01:14:17+08:00,akshare
sz002824,和胜股份,sz,,active,False,True,2026-08-07T01:14:17+08:00,akshare
sz002825,纳尔股份,sz,,active,False,True,2026-08-07T01:14:17+08:00,akshare
sz002826,易明医药,sz,,active,False,True,2026-08-07T01:14:17+08:00,akshare
sz002827,高争民爆,sz,,active,False,True,2026-08-07T01:14:17+08:00,akshare
sz002828,贝肯能源,sz,,active,False,True,2026-08-07T01:14:17+08:00,akshare
sz002829,星网宇达,sz,,active,False,True,2026-08-07T01:14:17+08:00,akshare
sz002830,名雕股份,sz,,active,False,True,2026-08-07T01:14:17+08:00,akshare
sz002831,裕同科技,sz,,active,False,True,2026-08-07T01:14:17+08:00,akshare
sz002832,比音勒芬,sz,,active,False,True,2026-08-07T01:14:17+08:00,akshare
sz002833,弘亚数控,sz,,active,False,True,2026-08-07T01:14:17+08:00,akshare
sz002835,同为股份,sz,,active,False,True,2026-08-07T01:14:17+08:00,akshare
sz002836,新宏泽,sz,,active,False,True,2026-08-07T01:14:17+08:00,akshare
sz002837,英维克,sz,,active,False,True,2026-08-07T01:14:17+08:00,akshare
sz002838,道恩股份,sz,,active,False,True,2026-08-07T01:14:17+08:00,akshare
sz002839,张家港行,sz,,active,False,True,2026-08-07T01:14:17+08:00,akshare
sz002840,华统股份,sz,,active,False,True,2026-08-07T01:14:17+08:00,akshare
sz002841,视源股份,sz,,active,False,True,2026-08-07T01:14:17+08:00,akshare
sz002842,翔鹭钨业,sz,,active,False,True,2026-08-07T01:14:17+08:00,akshare
sz002843,泰嘉股份,sz,,active,False,True,2026-08-07T01:14:17+08:00,akshare
sz002845,同兴达,sz,,active,False,True,2026-08-07T01:14:17+08:00,akshare
sz002846,英联股份,sz,,active,False,True,2026-08-07T01:14:17+08:00,akshare
sz002847,盐津铺子,sz,,active,False,True,2026-08-07T01:14:17+08:00,akshare
sz002848,高斯贝尔,sz,,active,False,True,2026-08-07T01:14:17+08:00,akshare
sz002849,威星智能,sz,,active,False,True,2026-08-07T01:14:17+08:00,akshare
sz002850,科达利,sz,,active,False,True,2026-08-07T01:14:17+08:00,akshare
sz002851,麦格米特,sz,,active,False,True,2026-08-07T01:14:17+08:00,akshare
sz002852,道道全,sz,,active,False,True,2026-08-07T01:14:17+08:00,akshare
sz002853,皮阿诺,sz,,active,False,True,2026-08-07T01:14:17+08:00,akshare
sz002855,捷荣技术,sz,,active,False,True,2026-08-07T01:14:17+08:00,akshare
sz002856,*ST美芝,sz,,active,True,True,2026-08-07T01:14:17+08:00,akshare
sz002857,三晖电气,sz,,active,False,True,2026-08-07T01:14:17+08:00,akshare
sz002858,力盛体育,sz,,active,False,True,2026-08-07T01:14:17+08:00,akshare
sz002859,洁美科技,sz,,active,False,True,2026-08-07T01:14:17+08:00,akshare
sz002860,星帅尔,sz,,active,False,True,2026-08-07T01:14:17+08:00,akshare
sz002861,瀛通通讯,sz,,active,False,True,2026-08-07T01:14:17+08:00,akshare
sz002862,实丰文化,sz,,active,False,True,2026-08-07T01:14:17+08:00,akshare
sz002863,今飞凯达,sz,,active,False,True,2026-08-07T01:14:17+08:00,akshare
sz002864,盘龙药业,sz,,active,False,True,2026-08-07T01:14:17+08:00,akshare
sz002865,钧达股份,sz,,active,False,True,2026-08-07T01:14:17+08:00,akshare
sz002866,传艺科技,sz,,active,False,True,2026-08-07T01:14:17+08:00,akshare
sz002867,周大生,sz,,active,False,True,2026-08-07T01:14:17+08:00,akshare
sz002868,绿康生化,sz,,active,False,True,2026-08-07T01:14:17+08:00,akshare
sz002869,金溢科技,sz,,active,False,True,2026-08-07T01:14:17+08:00,akshare
sz002870,香山股份,sz,,active,False,True,2026-08-07T01:14:17+08:00,akshare
sz002871,伟隆股份,sz,,active,False,True,2026-08-07T01:14:17+08:00,akshare
sz002872,ST天圣,sz,,active,True,True,2026-08-07T01:14:17+08:00,akshare
sz002873,新天药业,sz,,active,False,True,2026-08-07T01:14:17+08:00,akshare
sz002875,安奈儿,sz,,active,False,True,2026-08-07T01:14:17+08:00,akshare
sz002876,三利谱,sz,,active,False,True,2026-08-07T01:14:17+08:00,akshare
sz002877,智能自控,sz,,active,False,True,2026-08-07T01:14:17+08:00,akshare
sz002878,元隆雅图,sz,,active,False,True,2026-08-07T01:14:17+08:00,akshare
sz002879,长缆科技,sz,,active,False,True,2026-08-07T01:14:17+08:00,akshare
sz002880,卫光生物,sz,,active,False,True,2026-08-07T01:14:17+08:00,akshare
sz002881,美格智能,sz,,active,False,True,2026-08-07T01:14:17+08:00,akshare
sz002882,金龙羽,sz,,active,False,True,2026-08-07T01:14:17+08:00,akshare
sz002883,*ST中设,sz,,active,True,True,2026-08-07T01:14:17+08:00,akshare
sz002884,凌霄泵业,sz,,active,False,True,2026-08-07T01:14:17+08:00,akshare
sz002885,京泉华,sz,,active,False,True,2026-08-07T01:14:17+08:00,akshare
sz002886,沃特股份,sz,,active,False,True,2026-08-07T01:14:17+08:00,akshare
sz002887,绿茵生态,sz,,active,False,True,2026-08-07T01:14:17+08:00,akshare
sz002888,惠威科技,sz,,active,False,True,2026-08-07T01:14:17+08:00,akshare
sz002889,东方嘉盛,sz,,active,False,True,2026-08-07T01:14:17+08:00,akshare
sz002890,弘宇股份,sz,,active,False,True,2026-08-07T01:14:17+08:00,akshare
sz002891,中宠股份,sz,,active,False,True,2026-08-07T01:14:17+08:00,akshare
sz002892,科力尔,sz,,active,False,True,2026-08-07T01:14:17+08:00,akshare
sz002893,京能热力,sz,,active,False,True,2026-08-07T01:14:17+08:00,akshare
sz002895,川恒股份,sz,,active,False,True,2026-08-07T01:14:17+08:00,akshare
sz002896,中大力德,sz,,active,False,True,2026-08-07T01:14:17+08:00,akshare
sz002897,意华股份,sz,,active,False,True,2026-08-07T01:14:17+08:00,akshare
sz002899,英派斯,sz,,active,False,True,2026-08-07T01:14:17+08:00,akshare
sz002900,哈三联,sz,,active,False,True,2026-08-07T01:14:17+08:00,akshare
sz002901,大博医疗,sz,,active,False,True,2026-08-07T01:14:17+08:00,akshare
sz002902,铭普光磁,sz,,active,False,True,2026-08-07T01:14:17+08:00,akshare
sz002903,宇环数控,sz,,active,False,True,2026-08-07T01:14:17+08:00,akshare
sz002905,金逸影视,sz,,active,False,True,2026-08-07T01:14:17+08:00,akshare
sz002906,华阳集团,sz,,active,False,True,2026-08-07T01:14:17+08:00,akshare
sz002907,华森制药,sz,,active,False,True,2026-08-07T01:14:17+08:00,akshare
sz002908,德生科技,sz,,active,False,True,2026-08-07T01:14:17+08:00,akshare
sz002909,集泰股份,sz,,active,False,True,2026-08-07T01:14:17+08:00,akshare
sz002910,庄园牧场,sz,,active,False,True,2026-08-07T01:14:17+08:00,akshare
sz002911,佛燃能源,sz,,active,False,True,2026-08-07T01:14:17+08:00,akshare
sz002912,中新赛克,sz,,active,False,True,2026-08-07T01:14:17+08:00,akshare
sz002913,奥士康,sz,,active,False,True,2026-08-07T01:14:17+08:00,akshare
sz002915,中欣氟材,sz,,active,False,True,2026-08-07T01:14:17+08:00,akshare
sz002916,深南电路,sz,,active,False,True,2026-08-07T01:14:17+08:00,akshare
sz002917,金奥博,sz,,active,False,True,2026-08-07T01:14:17+08:00,akshare
sz002918,蒙娜丽莎,sz,,active,False,True,2026-08-07T01:14:17+08:00,akshare
sz002919,名臣健康,sz,,active,False,True,2026-08-07T01:14:17+08:00,akshare
sz002920,德赛西威,sz,,active,False,True,2026-08-07T01:14:17+08:00,akshare
sz002921,联诚精密,sz,,active,False,True,2026-08-07T01:14:17+08:00,akshare
sz002922,伊戈尔,sz,,active,False,True,2026-08-07T01:14:17+08:00,akshare
sz002923,润都股份,sz,,active,False,True,2026-08-07T01:14:17+08:00,akshare
sz002925,盈趣科技,sz,,active,False,True,2026-08-07T01:14:17+08:00,akshare
sz002926,华西证券,sz,,active,False,True,2026-08-07T01:14:17+08:00,akshare
sz002927,泰永长征,sz,,active,False,True,2026-08-07T01:14:17+08:00,akshare
sz002928,华夏航空,sz,,active,False,True,2026-08-07T01:14:17+08:00,akshare
sz002929,润建股份,sz,,active,False,True,2026-08-07T01:14:17+08:00,akshare
sz002930,宏川智慧,sz,,active,False,True,2026-08-07T01:14:17+08:00,akshare
sz002931,锋龙股份,sz,,active,False,True,2026-08-07T01:14:17+08:00,akshare
sz002932,*ST明德,sz,,active,True,True,2026-08-07T01:14:17+08:00,akshare
sz002933,新兴装备,sz,,active,False,True,2026-08-07T01:14:17+08:00,akshare
sz002935,天奥电子,sz,,active,False,True,2026-08-07T01:14:17+08:00,akshare
sz002936,郑州银行,sz,,active,False,True,2026-08-07T01:14:17+08:00,akshare
sz002937,兴瑞科技,sz,,active,False,True,2026-08-07T01:14:17+08:00,akshare
sz002938,鹏鼎控股,sz,,active,False,True,2026-08-07T01:14:17+08:00,akshare
sz002939,长城证券,sz,,active,False,True,2026-08-07T01:14:17+08:00,akshare
sz002940,昂利康,sz,,active,False,True,2026-08-07T01:14:17+08:00,akshare
sz002941,新疆交建,sz,,active,False,True,2026-08-07T01:14:17+08:00,akshare
sz002942,新农股份,sz,,active,False,True,2026-08-07T01:14:17+08:00,akshare
sz002943,宇晶股份,sz,,active,False,True,2026-08-07T01:14:17+08:00,akshare
sz002945,华林证券,sz,,active,False,True,2026-08-07T01:14:17+08:00,akshare
sz002946,新乳业,sz,,active,False,True,2026-08-07T01:14:17+08:00,akshare
sz002947,恒铭达,sz,,active,False,True,2026-08-07T01:14:17+08:00,akshare
sz002948,青岛银行,sz,,active,False,True,2026-08-07T01:14:17+08:00,akshare
sz002949,华阳国际,sz,,active,False,True,2026-08-07T01:14:17+08:00,akshare
sz002950,奥美医疗,sz,,active,False,True,2026-08-07T01:14:17+08:00,akshare
sz002951,金时科技,sz,,active,False,True,2026-08-07T01:14:17+08:00,akshare
sz002952,亚世光电,sz,,active,False,True,2026-08-07T01:14:17+08:00,akshare
sz002953,日丰股份,sz,,active,False,True,2026-08-07T01:14:17+08:00,akshare
sz002955,鸿合科技,sz,,active,False,True,2026-08-07T01:14:17+08:00,akshare
sz002956,西麦食品,sz,,active,False,True,2026-08-07T01:14:17+08:00,akshare
sz002957,科瑞技术,sz,,active,False,True,2026-08-07T01:14:17+08:00,akshare
sz002958,青农商行,sz,,active,False,True,2026-08-07T01:14:17+08:00,akshare
sz002959,小熊电器,sz,,active,False,True,2026-08-07T01:14:17+08:00,akshare
sz002960,青鸟智控,sz,,active,False,True,2026-08-07T01:14:17+08:00,akshare
sz002961,瑞达期货,sz,,active,False,True,2026-08-07T01:14:17+08:00,akshare
sz002962,五方光电,sz,,active,False,True,2026-08-07T01:14:17+08:00,akshare
sz002963,豪尔赛,sz,,active,False,True,2026-08-07T01:14:17+08:00,akshare
sz002965,祥鑫科技,sz,,active,False,True,2026-08-07T01:14:17+08:00,akshare
sz002966,苏州银行,sz,,active,False,True,2026-08-07T01:14:17+08:00,akshare
sz002967,广电计量,sz,,active,False,True,2026-08-07T01:14:17+08:00,akshare
sz002968,新大正,sz,,active,False,True,2026-08-07T01:14:17+08:00,akshare
sz002969,嘉美包装,sz,,active,False,True,2026-08-07T01:14:17+08:00,akshare
sz002970,锐明技术,sz,,active,False,True,2026-08-07T01:14:17+08:00,akshare
sz002971,和远气体,sz,,active,False,True,2026-08-07T01:14:17+08:00,akshare
sz002972,科安达,sz,,active,False,True,2026-08-07T01:14:17+08:00,akshare
sz002973,侨银股份,sz,,active,False,True,2026-08-07T01:14:17+08:00,akshare
sz002975,博杰股份,sz,,active,False,True,2026-08-07T01:14:17+08:00,akshare
sz002976,瑞玛精密,sz,,active,False,True,2026-08-07T01:14:17+08:00,akshare
sz002977,*ST天箭,sz,,active,True,True,2026-08-07T01:14:17+08:00,akshare
sz002978,安宁股份,sz,,active,False,True,2026-08-07T01:14:17+08:00,akshare
sz002979,雷赛智能,sz,,active,False,True,2026-08-07T01:14:17+08:00,akshare
sz002980,华盛昌,sz,,active,False,True,2026-08-07T01:14:17+08:00,akshare
sz002981,朝阳科技,sz,,active,False,True,2026-08-07T01:14:17+08:00,akshare
sz002982,湘佳股份,sz,,active,False,True,2026-08-07T01:14:17+08:00,akshare
sz002983,芯瑞达,sz,,active,False,True,2026-08-07T01:14:17+08:00,akshare
sz002984,森麒麟,sz,,active,False,True,2026-08-07T01:14:17+08:00,akshare
sz002985,北摩高科,sz,,active,False,True,2026-08-07T01:14:17+08:00,akshare
sz002986,宇新股份,sz,,active,False,True,2026-08-07T01:14:17+08:00,akshare
sz002987,京北方,sz,,active,False,True,2026-08-07T01:14:17+08:00,akshare
sz002988,豪美新材,sz,,active,False,True,2026-08-07T01:14:17+08:00,akshare
sz002989,中天精装,sz,,active,False,True,2026-08-07T01:14:17+08:00,akshare
sz002990,盛视科技,sz,,active,False,True,2026-08-07T01:14:17+08:00,akshare
sz002991,甘源食品,sz,,active,False,True,2026-08-07T01:14:17+08:00,akshare
sz002992,宝明科技,sz,,active,False,True,2026-08-07T01:14:17+08:00,akshare
sz002993,奥海科技,sz,,active,False,True,2026-08-07T01:14:17+08:00,akshare
sz002995,天地在线,sz,,active,False,True,2026-08-07T01:14:17+08:00,akshare
sz002996,顺博合金,sz,,active,False,True,2026-08-07T01:14:17+08:00,akshare
sz002997,瑞鹄模具,sz,,active,False,True,2026-08-07T01:14:17+08:00,akshare
sz002998,优彩资源,sz,,active,False,True,2026-08-07T01:14:17+08:00,akshare
sz002999,天禾股份,sz,,active,False,True,2026-08-07T01:14:17+08:00,akshare
sz003000,劲仔食品,sz,,active,False,True,2026-08-07T01:14:17+08:00,akshare
sz003001,中岩大地,sz,,active,False,True,2026-08-07T01:14:17+08:00,akshare
sz003002,壶化股份,sz,,active,False,True,2026-08-07T01:14:17+08:00,akshare
sz003003,天元股份,sz,,active,False,True,2026-08-07T01:14:17+08:00,akshare
sz003004,声迅股份,sz,,active,False,True,2026-08-07T01:14:17+08:00,akshare
sz003005,竞业达,sz,,active,False,True,2026-08-07T01:14:17+08:00,akshare
sz003006,百亚股份,sz,,active,False,True,2026-08-07T01:14:17+08:00,akshare
sz003007,直真科技,sz,,active,False,True,2026-08-07T01:14:17+08:00,akshare
sz003008,开普检测,sz,,active,False,True,2026-08-07T01:14:17+08:00,akshare
sz003009,中天火箭,sz,,active,False,True,2026-08-07T01:14:17+08:00,akshare
sz003010,若羽臣,sz,,active,False,True,2026-08-07T01:14:17+08:00,akshare
sz003011,海象新材,sz,,active,False,True,2026-08-07T01:14:17+08:00,akshare
sz003012,东鹏控股,sz,,active,False,True,2026-08-07T01:14:17+08:00,akshare
sz003013,地铁设计,sz,,active,False,True,2026-08-07T01:14:17+08:00,akshare
sz003015,日久光电,sz,,active,False,True,2026-08-07T01:14:17+08:00,akshare
sz003016,欣贺股份,sz,,active,False,True,2026-08-07T01:14:17+08:00,akshare
sz003017,大洋生物,sz,,active,False,True,2026-08-07T01:14:17+08:00,akshare
sz003018,金富科技,sz,,active,False,True,2026-08-07T01:14:17+08:00,akshare
sz003019,宸展光电,sz,,active,False,True,2026-08-07T01:14:17+08:00,akshare
sz003020,立方制药,sz,,active,False,True,2026-08-07T01:14:17+08:00,akshare
sz003021,兆威机电,sz,,active,False,True,2026-08-07T01:14:17+08:00,akshare
sz003022,联泓新科,sz,,active,False,True,2026-08-07T01:14:17+08:00,akshare
sz003023,彩虹集团,sz,,active,False,True,2026-08-07T01:14:17+08:00,akshare
sz003025,思进智能,sz,,active,False,True,2026-08-07T01:14:17+08:00,akshare
sz003026,中晶科技,sz,,active,False,True,2026-08-07T01:14:17+08:00,akshare
sz003027,同兴科技,sz,,active,False,True,2026-08-07T01:14:17+08:00,akshare
sz003028,振邦智能,sz,,active,False,True,2026-08-07T01:14:17+08:00,akshare
sz003029,吉大正元,sz,,active,False,True,2026-08-07T01:14:17+08:00,akshare
sz003030,祖名股份,sz,,active,False,True,2026-08-07T01:14:17+08:00,akshare
sz003031,中瓷电子,sz,,active,False,True,2026-08-07T01:14:17+08:00,akshare
sz003032,传智教育,sz,,active,False,True,2026-08-07T01:14:17+08:00,akshare
sz003033,征和工业,sz,,active,False,True,2026-08-07T01:14:17+08:00,akshare
sz003035,南网能源,sz,,active,False,True,2026-08-07T01:14:17+08:00,akshare
sz003036,泰坦股份,sz,,active,False,True,2026-08-07T01:14:17+08:00,akshare
sz003037,三和管桩,sz,,active,False,True,2026-08-07T01:14:17+08:00,akshare
sz003038,鑫铂股份,sz,,active,False,True,2026-08-07T01:14:17+08:00,akshare
sz003039,顺控发展,sz,,active,False,True,2026-08-07T01:14:17+08:00,akshare
sz003040,楚天龙,sz,,active,False,True,2026-08-07T01:14:17+08:00,akshare
sz003041,真爱美家,sz,,active,False,True,2026-08-07T01:14:17+08:00,akshare
sz003042,中农联合,sz,,active,False,True,2026-08-07T01:14:17+08:00,akshare
sz003043,华亚智能,sz,,active,False,True,2026-08-07T01:14:17+08:00,akshare
sz003816,中国广核,sz,,active,False,True,2026-08-07T01:14:17+08:00,akshare
sz300001,特锐德,sz,,active,False,True,2026-08-07T01:14:17+08:00,akshare
sz300002,神州泰岳,sz,,active,False,True,2026-08-07T01:14:17+08:00,akshare
sz300003,乐普医疗,sz,,active,False,True,2026-08-07T01:14:17+08:00,akshare
sz300004,南风股份,sz,,active,False,True,2026-08-07T01:14:17+08:00,akshare
sz300005,探路者,sz,,active,False,True,2026-08-07T01:14:17+08:00,akshare
sz300006,莱美药业,sz,,active,False,True,2026-08-07T01:14:17+08:00,akshare
sz300007,汉威科技,sz,,active,False,True,2026-08-07T01:14:17+08:00,akshare
sz300008,天海防务,sz,,active,False,True,2026-08-07T01:14:17+08:00,akshare
sz300009,安科生物,sz,,active,False,True,2026-08-07T01:14:17+08:00,akshare
sz300010,ST豆神,sz,,active,True,True,2026-08-07T01:14:17+08:00,akshare
sz300011,鼎汉技术,sz,,active,False,True,2026-08-07T01:14:17+08:00,akshare
sz300012,华测检测,sz,,active,False,True,2026-08-07T01:14:17+08:00,akshare
sz300013,新宁物流,sz,,active,False,True,2026-08-07T01:14:17+08:00,akshare
sz300014,亿纬锂能,sz,,active,False,True,2026-08-07T01:14:17+08:00,akshare
sz300015,爱尔眼科,sz,,active,False,True,2026-08-07T01:14:17+08:00,akshare
sz300016,北陆药业,sz,,active,False,True,2026-08-07T01:14:17+08:00,akshare
sz300017,网宿科技,sz,,active,False,True,2026-08-07T01:14:17+08:00,akshare
sz300018,中元股份,sz,,active,False,True,2026-08-07T01:14:17+08:00,akshare
sz300019,硅宝科技,sz,,active,False,True,2026-08-07T01:14:17+08:00,akshare
sz300020,ST银江,sz,,active,True,True,2026-08-07T01:14:17+08:00,akshare
sz300021,大禹节水,sz,,active,False,True,2026-08-07T01:14:17+08:00,akshare
sz300022,吉峰科技,sz,,active,False,True,2026-08-07T01:14:17+08:00,akshare
sz300024,机器人,sz,,active,False,True,2026-08-07T01:14:17+08:00,akshare
sz300025,华星创业,sz,,active,False,True,2026-08-07T01:14:17+08:00,akshare
sz300026,红日药业,sz,,active,False,True,2026-08-07T01:14:17+08:00,akshare
sz300027,ST华谊,sz,,active,True,True,2026-08-07T01:14:17+08:00,akshare
sz300030,阳普医疗,sz,,active,False,True,2026-08-07T01:14:17+08:00,akshare
sz300031,宝通科技,sz,,active,False,True,2026-08-07T01:14:17+08:00,akshare
sz300032,金龙机电,sz,,active,False,True,2026-08-07T01:14:17+08:00,akshare
sz300033,同花顺,sz,,active,False,True,2026-08-07T01:14:17+08:00,akshare
sz300034,钢研高纳,sz,,active,False,True,2026-08-07T01:14:17+08:00,akshare
sz300035,中科电气,sz,,active,False,True,2026-08-07T01:14:17+08:00,akshare
sz300036,超图软件,sz,,active,False,True,2026-08-07T01:14:17+08:00,akshare
sz300037,新宙邦,sz,,active,False,True,2026-08-07T01:14:17+08:00,akshare
sz300039,上海凯宝,sz,,active,False,True,2026-08-07T01:14:17+08:00,akshare
sz300040,九洲集团,sz,,active,False,True,2026-08-07T01:14:17+08:00,akshare
sz300041,回天新材,sz,,active,False,True,2026-08-07T01:14:17+08:00,akshare
sz300042,朗科科技,sz,,active,False,True,2026-08-07T01:14:17+08:00,akshare
sz300043,星辉娱乐,sz,,active,False,True,2026-08-07T01:14:17+08:00,akshare
sz300044,*ST赛为,sz,,active,True,True,2026-08-07T01:14:17+08:00,akshare
sz300045,华力创通,sz,,active,False,True,2026-08-07T01:14:17+08:00,akshare
sz300046,台基股份,sz,,active,False,True,2026-08-07T01:14:17+08:00,akshare
sz300047,天源迪科,sz,,active,False,True,2026-08-07T01:14:17+08:00,akshare
sz300048,合康新能,sz,,active,False,True,2026-08-07T01:14:17+08:00,akshare
sz300049,福瑞医科,sz,,active,False,True,2026-08-07T01:14:17+08:00,akshare
sz300050,世纪鼎利,sz,,active,False,True,2026-08-07T01:14:17+08:00,akshare
sz300051,琏升科技,sz,,active,False,True,2026-08-07T01:14:17+08:00,akshare
sz300052,中青宝,sz,,active,False,True,2026-08-07T01:14:17+08:00,akshare
sz300053,航宇微,sz,,active,False,True,2026-08-07T01:14:17+08:00,akshare
sz300054,鼎龙股份,sz,,active,False,True,2026-08-07T01:14:17+08:00,akshare
sz300055,万邦达,sz,,active,False,True,2026-08-07T01:14:17+08:00,akshare
sz300056,中创环保,sz,,active,False,True,2026-08-07T01:14:17+08:00,akshare
sz300057,万顺新材,sz,,active,False,True,2026-08-07T01:14:17+08:00,akshare
sz300058,蓝色光标,sz,,active,False,True,2026-08-07T01:14:17+08:00,akshare
sz300059,东方财富,sz,,active,False,True,2026-08-07T01:14:17+08:00,akshare
sz300061,旗天科技,sz,,active,False,True,2026-08-07T01:14:17+08:00,akshare
sz300062,中能电气,sz,,active,False,True,2026-08-07T01:14:17+08:00,akshare
sz300063,天龙集团,sz,,active,False,True,2026-08-07T01:14:17+08:00,akshare
sz300065,海兰信,sz,,active,False,True,2026-08-07T01:14:17+08:00,akshare
sz300066,三川智慧,sz,,active,False,True,2026-08-07T01:14:17+08:00,akshare
sz300067,安诺其,sz,,active,False,True,2026-08-07T01:14:17+08:00,akshare
sz300068,ST南都,sz,,active,True,True,2026-08-07T01:14:17+08:00,akshare
sz300069,金利华电,sz,,active,False,True,2026-08-07T01:14:17+08:00,akshare
sz300070,碧水源,sz,,active,False,True,2026-08-07T01:14:17+08:00,akshare
sz300071,福石控股,sz,,active,False,True,2026-08-07T01:14:17+08:00,akshare
sz300072,海新能科,sz,,active,False,True,2026-08-07T01:14:17+08:00,akshare
sz300073,当升科技,sz,,active,False,True,2026-08-07T01:14:17+08:00,akshare
sz300074,华平股份,sz,,active,False,True,2026-08-07T01:14:17+08:00,akshare
sz300075,数字政通,sz,,active,False,True,2026-08-07T01:14:17+08:00,akshare
sz300076,*ST宁视,sz,,active,True,True,2026-08-07T01:14:17+08:00,akshare
sz300077,国民技术,sz,,active,False,True,2026-08-07T01:14:17+08:00,akshare
sz300078,思创智联,sz,,active,False,True,2026-08-07T01:14:17+08:00,akshare
sz300079,数码视讯,sz,,active,False,True,2026-08-07T01:14:17+08:00,akshare
sz300080,易成新能,sz,,active,False,True,2026-08-07T01:14:17+08:00,akshare
sz300081,ST恒信,sz,,active,True,True,2026-08-07T01:14:17+08:00,akshare
sz300082,奥克股份,sz,,active,False,True,2026-08-07T01:14:17+08:00,akshare
sz300083,创世纪,sz,,active,False,True,2026-08-07T01:14:17+08:00,akshare
sz300084,海默科技,sz,,active,False,True,2026-08-07T01:14:17+08:00,akshare
sz300085,银之杰,sz,,active,False,True,2026-08-07T01:14:17+08:00,akshare
sz300086,康芝药业,sz,,active,False,True,2026-08-07T01:14:17+08:00,akshare
sz300087,ST荃银,sz,,active,True,True,2026-08-07T01:14:17+08:00,akshare
sz300088,长信科技,sz,,active,False,True,2026-08-07T01:14:17+08:00,akshare
sz300091,*ST金灵,sz,,active,True,True,2026-08-07T01:14:17+08:00,akshare
sz300092,科新机电,sz,,active,False,True,2026-08-07T01:14:17+08:00,akshare
sz300093,金刚光伏,sz,,active,False,True,2026-08-07T01:14:17+08:00,akshare
sz300094,国联水产,sz,,active,False,True,2026-08-07T01:14:17+08:00,akshare
sz300095,华伍股份,sz,,active,False,True,2026-08-07T01:14:17+08:00,akshare
sz300096,ST易联众,sz,,active,True,True,2026-08-07T01:14:17+08:00,akshare
sz300097,智云股份,sz,,active,False,True,2026-08-07T01:14:17+08:00,akshare
sz300098,高新兴,sz,,active,False,True,2026-08-07T01:14:17+08:00,akshare
sz300099,尤洛卡,sz,,active,False,True,2026-08-07T01:14:17+08:00,akshare
sz300100,双林股份,sz,,active,False,True,2026-08-07T01:14:17+08:00,akshare
sz300101,振芯科技,sz,,active,False,True,2026-08-07T01:14:17+08:00,akshare
sz300102,乾照光电,sz,,active,False,True,2026-08-07T01:14:17+08:00,akshare
sz300103,达刚控股,sz,,active,False,True,2026-08-07T01:14:17+08:00,akshare
sz300105,龙源技术,sz,,active,False,True,2026-08-07T01:14:17+08:00,akshare
sz300106,西部牧业,sz,,active,False,True,2026-08-07T01:14:17+08:00,akshare
sz300107,建新股份,sz,,active,False,True,2026-08-07T01:14:17+08:00,akshare
sz300109,新开源,sz,,active,False,True,2026-08-07T01:14:17+08:00,akshare
sz300110,华仁药业,sz,,active,False,True,2026-08-07T01:14:17+08:00,akshare
sz300111,向日葵,sz,,active,False,True,2026-08-07T01:14:17+08:00,akshare
sz300112,万讯自控,sz,,active,False,True,2026-08-07T01:14:17+08:00,akshare
sz300113,顺网科技,sz,,active,False,True,2026-08-07T01:14:17+08:00,akshare
sz300115,长盈精密,sz,,active,False,True,2026-08-07T01:14:17+08:00,akshare
sz300118,东方日升,sz,,active,False,True,2026-08-07T01:14:17+08:00,akshare
sz300119,瑞普生物,sz,,active,False,True,2026-08-07T01:14:17+08:00,akshare
sz300120,经纬辉开,sz,,active,False,True,2026-08-07T01:14:17+08:00,akshare
sz300121,阳谷华泰,sz,,active,False,True,2026-08-07T01:14:17+08:00,akshare
sz300122,智飞生物,sz,,active,False,True,2026-08-07T01:14:17+08:00,akshare
sz300123,ST亚光,sz,,active,True,True,2026-08-07T01:14:17+08:00,akshare
sz300124,汇川技术,sz,,active,False,True,2026-08-07T01:14:17+08:00,akshare
sz300125,*ST聆达,sz,,active,True,True,2026-08-07T01:14:17+08:00,akshare
sz300126,锐奇股份,sz,,active,False,True,2026-08-07T01:14:17+08:00,akshare
sz300127,银河磁体,sz,,active,False,True,2026-08-07T01:14:17+08:00,akshare
sz300128,锦富技术,sz,,active,False,True,2026-08-07T01:14:17+08:00,akshare
sz300129,泰胜风能,sz,,active,False,True,2026-08-07T01:14:17+08:00,akshare
sz300130,新国都,sz,,active,False,True,2026-08-07T01:14:17+08:00,akshare
sz300131,英唐智控,sz,,active,False,True,2026-08-07T01:14:17+08:00,akshare
sz300132,青松股份,sz,,active,False,True,2026-08-07T01:14:17+08:00,akshare
sz300133,华策影视,sz,,active,False,True,2026-08-07T01:14:17+08:00,akshare
sz300134,大富科技,sz,,active,False,True,2026-08-07T01:14:17+08:00,akshare
sz300135,宝利国际,sz,,active,False,True,2026-08-07T01:14:17+08:00,akshare
sz300136,信维通信,sz,,active,False,True,2026-08-07T01:14:17+08:00,akshare
sz300137,先河环保,sz,,active,False,True,2026-08-07T01:14:17+08:00,akshare
sz300138,晨光生物,sz,,active,False,True,2026-08-07T01:14:17+08:00,akshare
sz300139,晓程科技,sz,,active,False,True,2026-08-07T01:14:17+08:00,akshare
sz300140,节能环境,sz,,active,False,True,2026-08-07T01:14:17+08:00,akshare
sz300141,和顺电气,sz,,active,False,True,2026-08-07T01:14:17+08:00,akshare
sz300142,沃森生物,sz,,active,False,True,2026-08-07T01:14:17+08:00,akshare
sz300143,盈康生命,sz,,active,False,True,2026-08-07T01:14:17+08:00,akshare
sz300144,宋城演艺,sz,,active,False,True,2026-08-07T01:14:17+08:00,akshare
sz300145,南方泵业,sz,,active,False,True,2026-08-07T01:14:17+08:00,akshare
sz300146,汤臣倍健,sz,,active,False,True,2026-08-07T01:14:17+08:00,akshare
sz300147,*ST香雪,sz,,active,True,True,2026-08-07T01:14:17+08:00,akshare
sz300148,天舟文化,sz,,active,False,True,2026-08-07T01:14:17+08:00,akshare
sz300149,睿智医药,sz,,active,False,True,2026-08-07T01:14:17+08:00,akshare
sz300150,世纪瑞尔,sz,,active,False,True,2026-08-07T01:14:17+08:00,akshare
sz300151,昌红科技,sz,,active,False,True,2026-08-07T01:14:17+08:00,akshare
sz300152,*ST动力,sz,,active,True,True,2026-08-07T01:14:17+08:00,akshare
sz300153,科泰电源,sz,,active,False,True,2026-08-07T01:14:17+08:00,akshare
sz300154,瑞凌股份,sz,,active,False,True,2026-08-07T01:14:17+08:00,akshare
sz300155,安居宝,sz,,active,False,True,2026-08-07T01:14:17+08:00,akshare
sz300157,新锦动力,sz,,active,False,True,2026-08-07T01:14:17+08:00,akshare
sz300158,振东制药,sz,,active,False,True,2026-08-07T01:14:17+08:00,akshare
sz300159,新研股份,sz,,active,False,True,2026-08-07T01:14:17+08:00,akshare
sz300160,秀强股份,sz,,active,False,True,2026-08-07T01:14:17+08:00,akshare
sz300161,华中数控,sz,,active,False,True,2026-08-07T01:14:17+08:00,akshare
sz300162,雷曼光电,sz,,active,False,True,2026-08-07T01:14:17+08:00,akshare
sz300163,先锋新材,sz,,active,False,True,2026-08-07T01:14:17+08:00,akshare
sz300164,通源石油,sz,,active,False,True,2026-08-07T01:14:17+08:00,akshare
sz300165,天瑞仪器,sz,,active,False,True,2026-08-07T01:14:17+08:00,akshare
sz300166,东方国信,sz,,active,False,True,2026-08-07T01:14:17+08:00,akshare
sz300167,ST迪威迅,sz,,active,True,True,2026-08-07T01:14:17+08:00,akshare
sz300168,万达信息,sz,,active,False,True,2026-08-07T01:14:17+08:00,akshare
sz300169,天晟新材,sz,,active,False,True,2026-08-07T01:14:17+08:00,akshare
sz300170,汉得信息,sz,,active,False,True,2026-08-07T01:14:17+08:00,akshare
sz300171,东富龙,sz,,active,False,True,2026-08-07T01:14:17+08:00,akshare
sz300172,中电环保,sz,,active,False,True,2026-08-07T01:14:17+08:00,akshare
sz300173,ST福能,sz,,active,True,True,2026-08-07T01:14:17+08:00,akshare
sz300174,元力股份,sz,,active,False,True,2026-08-07T01:14:17+08:00,akshare
sz300175,朗源股份,sz,,active,False,True,2026-08-07T01:14:17+08:00,akshare
sz300176,鸿特科技,sz,,active,False,True,2026-08-07T01:14:17+08:00,akshare
sz300177,中海达,sz,,active,False,True,2026-08-07T01:14:17+08:00,akshare
sz300179,四方达,sz,,active,False,True,2026-08-07T01:14:17+08:00,akshare
sz300180,华峰超纤,sz,,active,False,True,2026-08-07T01:14:17+08:00,akshare
sz300181,佐力药业,sz,,active,False,True,2026-08-07T01:14:17+08:00,akshare
sz300182,捷成股份,sz,,active,False,True,2026-08-07T01:14:17+08:00,akshare
sz300183,东软载波,sz,,active,False,True,2026-08-07T01:14:17+08:00,akshare
sz300184,力源信息,sz,,active,False,True,2026-08-07T01:14:17+08:00,akshare
sz300185,通裕重工,sz,,active,False,True,2026-08-07T01:14:17+08:00,akshare
sz300187,永清环保,sz,,active,False,True,2026-08-07T01:14:17+08:00,akshare
sz300188,国投智能,sz,,active,False,True,2026-08-07T01:14:17+08:00,akshare
sz300189,神农种业,sz,,active,False,True,2026-08-07T01:14:17+08:00,akshare
sz300190,维尔利,sz,,active,False,True,2026-08-07T01:14:17+08:00,akshare
sz300191,潜能恒信,sz,,active,False,True,2026-08-07T01:14:17+08:00,akshare
sz300192,科德教育,sz,,active,False,True,2026-08-07T01:14:17+08:00,akshare
sz300193,佳士科技,sz,,active,False,True,2026-08-07T01:14:17+08:00,akshare
sz300194,福安药业,sz,,active,False,True,2026-08-07T01:14:17+08:00,akshare
sz300195,长荣股份,sz,,active,False,True,2026-08-07T01:14:17+08:00,akshare
sz300196,长海股份,sz,,active,False,True,2026-08-07T01:14:17+08:00,akshare
sz300197,节能铁汉,sz,,active,False,True,2026-08-07T01:14:17+08:00,akshare
sz300198,*ST纳川,sz,,active,True,True,2026-08-07T01:14:17+08:00,akshare
sz300199,翰宇药业,sz,,active,False,True,2026-08-07T01:14:17+08:00,akshare
sz300200,高盟新材,sz,,active,False,True,2026-08-07T01:14:17+08:00,akshare
sz300201,海伦哲,sz,,active,False,True,2026-08-07T01:14:17+08:00,akshare
sz300203,聚光科技,sz,,active,False,True,2026-08-07T01:14:17+08:00,akshare
sz300204,舒泰神,sz,,active,False,True,2026-08-07T01:14:17+08:00,akshare
sz300205,*ST天喻,sz,,active,True,True,2026-08-07T01:14:17+08:00,akshare
sz300206,理邦仪器,sz,,active,False,True,2026-08-07T01:14:17+08:00,akshare
sz300207,欣旺达,sz,,active,False,True,2026-08-07T01:14:17+08:00,akshare
sz300209,行云科技,sz,,active,False,True,2026-08-07T01:14:17+08:00,akshare
sz300210,森远股份,sz,,active,False,True,2026-08-07T01:14:17+08:00,akshare
sz300211,*ST亿通,sz,,active,True,True,2026-08-07T01:14:17+08:00,akshare
sz300212,*ST易录,sz,,active,True,True,2026-08-07T01:14:17+08:00,akshare
sz300213,佳讯飞鸿,sz,,active,False,True,2026-08-07T01:14:17+08:00,akshare
sz300214,日科化学,sz,,active,False,True,2026-08-07T01:14:17+08:00,akshare
sz300215,电科院,sz,,active,False,True,2026-08-07T01:14:17+08:00,akshare
sz300217,东方电热,sz,,active,False,True,2026-08-07T01:14:17+08:00,akshare
sz300218,安利股份,sz,,active,False,True,2026-08-07T01:14:17+08:00,akshare
sz300219,鸿利智汇,sz,,active,False,True,2026-08-07T01:14:17+08:00,akshare
sz300220,金运激光,sz,,active,False,True,2026-08-07T01:14:17+08:00,akshare
sz300221,银禧科技,sz,,active,False,True,2026-08-07T01:14:17+08:00,akshare
sz300222,科大智能,sz,,active,False,True,2026-08-07T01:14:17+08:00,akshare
sz300223,北京君正,sz,,active,False,True,2026-08-07T01:14:17+08:00,akshare
sz300224,正海磁材,sz,,active,False,True,2026-08-07T01:14:17+08:00,akshare
sz300225,金力泰,sz,,active,False,True,2026-08-07T01:14:17+08:00,akshare
sz300226,上海钢联,sz,,active,False,True,2026-08-07T01:14:17+08:00,akshare
sz300227,光韵达,sz,,active,False,True,2026-08-07T01:14:17+08:00,akshare
sz300228,富瑞特装,sz,,active,False,True,2026-08-07T01:14:17+08:00,akshare
sz300229,拓尔思,sz,,active,False,True,2026-08-07T01:14:17+08:00,akshare
sz300230,永利股份,sz,,active,False,True,2026-08-07T01:14:17+08:00,akshare
sz300231,银信科技,sz,,active,False,True,2026-08-07T01:14:17+08:00,akshare
sz300232,洲明科技,sz,,active,False,True,2026-08-07T01:14:17+08:00,akshare
sz300233,金城医药,sz,,active,False,True,2026-08-07T01:14:17+08:00,akshare
sz300234,开尔新材,sz,,active,False,True,2026-08-07T01:14:17+08:00,akshare
sz300235,方直科技,sz,,active,False,True,2026-08-07T01:14:17+08:00,akshare
sz300236,上海新阳,sz,,active,False,True,2026-08-07T01:14:17+08:00,akshare
sz300237,ST美晨,sz,,active,True,True,2026-08-07T01:14:17+08:00,akshare
sz300238,冠昊生物,sz,,active,False,True,2026-08-07T01:14:17+08:00,akshare
sz300239,东宝生物,sz,,active,False,True,2026-08-07T01:14:17+08:00,akshare
sz300240,飞力达,sz,,active,False,True,2026-08-07T01:14:17+08:00,akshare
sz300241,瑞丰光电,sz,,active,False,True,2026-08-07T01:14:17+08:00,akshare
sz300242,佳云科技,sz,,active,False,True,2026-08-07T01:14:17+08:00,akshare
sz300243,瑞丰高材,sz,,active,False,True,2026-08-07T01:14:17+08:00,akshare
sz300244,迪安诊断,sz,,active,False,True,2026-08-07T01:14:17+08:00,akshare
sz300245,ST天玑,sz,,active,True,True,2026-08-07T01:14:17+08:00,akshare
sz300246,宝莱特,sz,,active,False,True,2026-08-07T01:14:17+08:00,akshare
sz300247,融捷健康,sz,,active,False,True,2026-08-07T01:14:17+08:00,akshare
sz300248,新开普,sz,,active,False,True,2026-08-07T01:14:17+08:00,akshare
sz300249,依米康,sz,,active,False,True,2026-08-07T01:14:17+08:00,akshare
sz300250,初灵信息,sz,,active,False,True,2026-08-07T01:14:17+08:00,akshare
sz300251,光线传媒,sz,,active,False,True,2026-08-07T01:14:17+08:00,akshare
sz300252,金信诺,sz,,active,False,True,2026-08-07T01:14:17+08:00,akshare
sz300253,卫宁健康,sz,,active,False,True,2026-08-07T01:14:17+08:00,akshare
sz300254,仟源医药,sz,,active,False,True,2026-08-07T01:14:17+08:00,akshare
sz300255,常山药业,sz,,active,False,True,2026-08-07T01:14:17+08:00,akshare
sz300256,星星科技,sz,,active,False,True,2026-08-07T01:14:17+08:00,akshare
sz300257,开山股份,sz,,active,False,True,2026-08-07T01:14:17+08:00,akshare
sz300258,精锻科技,sz,,active,False,True,2026-08-07T01:14:17+08:00,akshare
sz300259,新天科技,sz,,active,False,True,2026-08-07T01:14:17+08:00,akshare
sz300260,新莱应材,sz,,active,False,True,2026-08-07T01:14:17+08:00,akshare
sz300261,雅本化学,sz,,active,False,True,2026-08-07T01:14:17+08:00,akshare
sz300263,隆华科技,sz,,active,False,True,2026-08-07T01:14:17+08:00,akshare
sz300264,佳创视讯,sz,,active,False,True,2026-08-07T01:14:17+08:00,akshare
sz300265,通光线缆,sz,,active,False,True,2026-08-07T01:14:17+08:00,akshare
sz300266,兴源环境,sz,,active,False,True,2026-08-07T01:14:17+08:00,akshare
sz300267,尔康制药,sz,,active,False,True,2026-08-07T01:14:17+08:00,akshare
sz300268,佳沃食品,sz,,active,False,True,2026-08-07T01:14:17+08:00,akshare
sz300269,联建光电,sz,,active,False,True,2026-08-07T01:14:17+08:00,akshare
sz300270,中威电子,sz,,active,False,True,2026-08-07T01:14:17+08:00,akshare
sz300271,华宇软件,sz,,active,False,True,2026-08-07T01:14:17+08:00,akshare
sz300272,开能健康,sz,,active,False,True,2026-08-07T01:14:17+08:00,akshare
sz300274,阳光电源,sz,,active,False,True,2026-08-07T01:14:17+08:00,akshare
sz300275,梅安森,sz,,active,False,True,2026-08-07T01:14:17+08:00,akshare
sz300276,三丰智能,sz,,active,False,True,2026-08-07T01:14:17+08:00,akshare
sz300277,汽轮科技,sz,,active,False,True,2026-08-07T01:14:17+08:00,akshare
sz300278,华昌达,sz,,active,False,True,2026-08-07T01:14:17+08:00,akshare
sz300279,和晶科技,sz,,active,False,True,2026-08-07T01:14:17+08:00,akshare
sz300281,金明精机,sz,,active,False,True,2026-08-07T01:14:17+08:00,akshare
sz300283,温州宏丰,sz,,active,False,True,2026-08-07T01:14:17+08:00,akshare
sz300284,苏交科,sz,,active,False,True,2026-08-07T01:14:17+08:00,akshare
sz300285,国瓷材料,sz,,active,False,True,2026-08-07T01:14:17+08:00,akshare
sz300286,安科瑞,sz,,active,False,True,2026-08-07T01:14:17+08:00,akshare
sz300287,飞利信,sz,,active,False,True,2026-08-07T01:14:17+08:00,akshare
sz300288,朗玛信息,sz,,active,False,True,2026-08-07T01:14:17+08:00,akshare
sz300289,利德曼,sz,,active,False,True,2026-08-07T01:14:17+08:00,akshare
sz300290,ST荣科,sz,,active,True,True,2026-08-07T01:14:17+08:00,akshare
sz300291,百纳千成,sz,,active,False,True,2026-08-07T01:14:17+08:00,akshare
sz300292,吴通控股,sz,,active,False,True,2026-08-07T01:14:17+08:00,akshare
sz300293,蓝英装备,sz,,active,False,True,2026-08-07T01:14:17+08:00,akshare
sz300294,博雅生物,sz,,active,False,True,2026-08-07T01:14:17+08:00,akshare
sz300295,*ST三六五,sz,,active,True,True,2026-08-07T01:14:17+08:00,akshare
sz300296,利亚德,sz,,active,False,True,2026-08-07T01:14:17+08:00,akshare
sz300298,三诺生物,sz,,active,False,True,2026-08-07T01:14:17+08:00,akshare
sz300299,富春股份,sz,,active,False,True,2026-08-07T01:14:17+08:00,akshare
sz300300,海峡创新,sz,,active,False,True,2026-08-07T01:14:17+08:00,akshare
sz300301,ST长方,sz,,active,True,True,2026-08-07T01:14:17+08:00,akshare
sz300302,同有科技,sz,,active,False,True,2026-08-07T01:14:17+08:00,akshare
sz300303,聚飞光电,sz,,active,False,True,2026-08-07T01:14:17+08:00,akshare
sz300304,云意电气,sz,,active,False,True,2026-08-07T01:14:17+08:00,akshare
sz300305,裕兴股份,sz,,active,False,True,2026-08-07T01:14:17+08:00,akshare
sz300306,远方信息,sz,,active,False,True,2026-08-07T01:14:17+08:00,akshare
sz300307,慈星股份,sz,,active,False,True,2026-08-07T01:14:17+08:00,akshare
sz300308,中际旭创,sz,,active,False,True,2026-08-07T01:14:17+08:00,akshare
sz300310,宜通世纪,sz,,active,False,True,2026-08-07T01:14:17+08:00,akshare
sz300311,任子行,sz,,active,False,True,2026-08-07T01:14:17+08:00,akshare
sz300313,天山生物,sz,,active,False,True,2026-08-07T01:14:17+08:00,akshare
sz300314,戴维医疗,sz,,active,False,True,2026-08-07T01:14:17+08:00,akshare
sz300315,掌趣科技,sz,,active,False,True,2026-08-07T01:14:17+08:00,akshare
sz300316,晶盛机电,sz,,active,False,True,2026-08-07T01:14:17+08:00,akshare
sz300317,珈伟新能,sz,,active,False,True,2026-08-07T01:14:17+08:00,akshare
sz300318,博晖创新,sz,,active,False,True,2026-08-07T01:14:17+08:00,akshare
sz300319,麦捷科技,sz,,active,False,True,2026-08-07T01:14:17+08:00,akshare
sz300320,海达股份,sz,,active,False,True,2026-08-07T01:14:17+08:00,akshare
sz300321,同大股份,sz,,active,False,True,2026-08-07T01:14:17+08:00,akshare
sz300322,硕贝德,sz,,active,False,True,2026-08-07T01:14:17+08:00,akshare
sz300323,华灿光电,sz,,active,False,True,2026-08-07T01:14:17+08:00,akshare
sz300324,旋极信息,sz,,active,False,True,2026-08-07T01:14:17+08:00,akshare
sz300326,ST凯利,sz,,active,True,True,2026-08-07T01:14:17+08:00,akshare
sz300327,中颖电子,sz,,active,False,True,2026-08-07T01:14:17+08:00,akshare
sz300328,宜安科技,sz,,active,False,True,2026-08-07T01:14:17+08:00,akshare
sz300329,海伦钢琴,sz,,active,False,True,2026-08-07T01:14:17+08:00,akshare
sz300331,苏大维格,sz,,active,False,True,2026-08-07T01:14:17+08:00,akshare
sz300332,天壕能源,sz,,active,False,True,2026-08-07T01:14:17+08:00,akshare
sz300333,兆日科技,sz,,active,False,True,2026-08-07T01:14:17+08:00,akshare
sz300334,津膜科技,sz,,active,False,True,2026-08-07T01:14:17+08:00,akshare
sz300335,迪森股份,sz,,active,False,True,2026-08-07T01:14:17+08:00,akshare
sz300337,银邦股份,sz,,active,False,True,2026-08-07T01:14:17+08:00,akshare
sz300338,*ST开元,sz,,active,True,True,2026-08-07T01:14:17+08:00,akshare
sz300339,润和软件,sz,,active,False,True,2026-08-07T01:14:17+08:00,akshare
sz300340,科恒股份,sz,,active,False,True,2026-08-07T01:14:17+08:00,akshare
sz300341,麦克奥迪,sz,,active,False,True,2026-08-07T01:14:17+08:00,akshare
sz300342,天银机电,sz,,active,False,True,2026-08-07T01:14:17+08:00,akshare
sz300343,联创股份,sz,,active,False,True,2026-08-07T01:14:17+08:00,akshare
sz300345,华民股份,sz,,active,False,True,2026-08-07T01:14:17+08:00,akshare
sz300346,南大光电,sz,,active,False,True,2026-08-07T01:14:17+08:00,akshare
sz300347,泰格医药,sz,,active,False,True,2026-08-07T01:14:17+08:00,akshare
sz300348,长亮科技,sz,,active,False,True,2026-08-07T01:14:17+08:00,akshare
sz300349,金卡智能,sz,,active,False,True,2026-08-07T01:14:17+08:00,akshare
sz300350,华鹏飞,sz,,active,False,True,2026-08-07T01:14:17+08:00,akshare
sz300351,永贵电器,sz,,active,False,True,2026-08-07T01:14:17+08:00,akshare
sz300352,ST信源,sz,,active,True,True,2026-08-07T01:14:17+08:00,akshare
sz300353,东土科技,sz,,active,False,True,2026-08-07T01:14:17+08:00,akshare
sz300354,东华测试,sz,,active,False,True,2026-08-07T01:14:17+08:00,akshare
sz300355,蒙草生态,sz,,active,False,True,2026-08-07T01:14:17+08:00,akshare
sz300357,我武生物,sz,,active,False,True,2026-08-07T01:14:17+08:00,akshare
sz300358,楚天科技,sz,,active,False,True,2026-08-07T01:14:17+08:00,akshare
sz300359,全通教育,sz,,active,False,True,2026-08-07T01:14:17+08:00,akshare
sz300360,炬华科技,sz,,active,False,True,2026-08-07T01:14:17+08:00,akshare
sz300363,博腾股份,sz,,active,False,True,2026-08-07T01:14:17+08:00,akshare
sz300364,中文在线,sz,,active,False,True,2026-08-07T01:14:17+08:00,akshare
sz300365,恒华科技,sz,,active,False,True,2026-08-07T01:14:17+08:00,akshare
sz300366,ST创意,sz,,active,True,True,2026-08-07T01:14:17+08:00,akshare
sz300368,汇金股份,sz,,active,False,True,2026-08-07T01:14:17+08:00,akshare
sz300369,绿盟科技,sz,,active,False,True,2026-08-07T01:14:17+08:00,akshare
sz300370,安控科技,sz,,active,False,True,2026-08-07T01:14:17+08:00,akshare
sz300371,汇中股份,sz,,active,False,True,2026-08-07T01:14:17+08:00,akshare
sz300373,扬杰科技,sz,,active,False,True,2026-08-07T01:14:17+08:00,akshare
sz300374,中铁装配,sz,,active,False,True,2026-08-07T01:14:17+08:00,akshare
sz300375,鹏翎股份,sz,,active,False,True,2026-08-07T01:14:17+08:00,akshare
sz300376,易事特,sz,,active,False,True,2026-08-07T01:14:17+08:00,akshare
sz300377,赢时胜,sz,,active,False,True,2026-08-07T01:14:17+08:00,akshare
sz300378,鼎捷数智,sz,,active,False,True,2026-08-07T01:14:17+08:00,akshare
sz300380,安硕信息,sz,,active,False,True,2026-08-07T01:14:17+08:00,akshare
sz300381,溢多利,sz,,active,False,True,2026-08-07T01:14:17+08:00,akshare
sz300382,斯莱克,sz,,active,False,True,2026-08-07T01:14:17+08:00,akshare
sz300383,光环新网,sz,,active,False,True,2026-08-07T01:14:17+08:00,akshare
sz300384,三联虹普,sz,,active,False,True,2026-08-07T01:14:17+08:00,akshare
sz300385,ST雪浪,sz,,active,True,True,2026-08-07T01:14:17+08:00,akshare
sz300386,飞天诚信,sz,,active,False,True,2026-08-07T01:14:17+08:00,akshare
sz300387,富邦科技,sz,,active,False,True,2026-08-07T01:14:17+08:00,akshare
sz300388,节能国祯,sz,,active,False,True,2026-08-07T01:14:17+08:00,akshare
sz300389,艾比森,sz,,active,False,True,2026-08-07T01:14:17+08:00,akshare
sz300390,天华新能,sz,,active,False,True,2026-08-07T01:14:17+08:00,akshare
sz300393,中来股份,sz,,active,False,True,2026-08-07T01:14:17+08:00,akshare
sz300394,天孚通信,sz,,active,False,True,2026-08-07T01:14:17+08:00,akshare
sz300395,菲利华,sz,,active,False,True,2026-08-07T01:14:17+08:00,akshare
sz300396,ST迪瑞,sz,,active,True,True,2026-08-07T01:14:17+08:00,akshare
sz300397,天和防务,sz,,active,False,True,2026-08-07T01:14:17+08:00,akshare
sz300398,飞凯材料,sz,,active,False,True,2026-08-07T01:14:17+08:00,akshare
sz300399,天利科技,sz,,active,False,True,2026-08-07T01:14:17+08:00,akshare
sz300400,劲拓股份,sz,,active,False,True,2026-08-07T01:14:17+08:00,akshare
sz300401,花园生物,sz,,active,False,True,2026-08-07T01:14:17+08:00,akshare
sz300402,宝色股份,sz,,active,False,True,2026-08-07T01:14:17+08:00,akshare
sz300403,汉宇集团,sz,,active,False,True,2026-08-07T01:14:17+08:00,akshare
sz300404,博济医药,sz,,active,False,True,2026-08-07T01:14:17+08:00,akshare
sz300405,科隆股份,sz,,active,False,True,2026-08-07T01:14:17+08:00,akshare
sz300406,九强生物,sz,,active,False,True,2026-08-07T01:14:17+08:00,akshare
sz300407,凯发电气,sz,,active,False,True,2026-08-07T01:14:17+08:00,akshare
sz300408,三环集团,sz,,active,False,True,2026-08-07T01:14:17+08:00,akshare
sz300409,道氏技术,sz,,active,False,True,2026-08-07T01:14:17+08:00,akshare
sz300410,正业科技,sz,,active,False,True,2026-08-07T01:14:17+08:00,akshare
sz300411,金盾股份,sz,,active,False,True,2026-08-07T01:14:17+08:00,akshare
sz300412,迦南科技,sz,,active,False,True,2026-08-07T01:14:17+08:00,akshare
sz300413,芒果超媒,sz,,active,False,True,2026-08-07T01:14:17+08:00,akshare
sz300414,中光防雷,sz,,active,False,True,2026-08-07T01:14:17+08:00,akshare
sz300415,伊之密,sz,,active,False,True,2026-08-07T01:14:17+08:00,akshare
sz300416,苏试试验,sz,,active,False,True,2026-08-07T01:14:17+08:00,akshare
sz300417,南华仪器,sz,,active,False,True,2026-08-07T01:14:17+08:00,akshare
sz300418,昆仑万维,sz,,active,False,True,2026-08-07T01:14:17+08:00,akshare
sz300419,ST浩丰,sz,,active,True,True,2026-08-07T01:14:17+08:00,akshare
sz300420,五洋自控,sz,,active,False,True,2026-08-07T01:14:17+08:00,akshare
sz300421,力星股份,sz,,active,False,True,2026-08-07T01:14:17+08:00,akshare
sz300422,博世科,sz,,active,False,True,2026-08-07T01:14:17+08:00,akshare
sz300423,昇辉科技,sz,,active,False,True,2026-08-07T01:14:17+08:00,akshare
sz300424,航新科技,sz,,active,False,True,2026-08-07T01:14:17+08:00,akshare
sz300425,中建环能,sz,,active,False,True,2026-08-07T01:14:17+08:00,akshare
sz300426,华智数媒,sz,,active,False,True,2026-08-07T01:14:17+08:00,akshare
sz300427,红相股份,sz,,active,False,True,2026-08-07T01:14:17+08:00,akshare
sz300428,立中集团,sz,,active,False,True,2026-08-07T01:14:17+08:00,akshare
sz300429,强力新材,sz,,active,False,True,2026-08-07T01:14:17+08:00,akshare
sz300430,*ST益通,sz,,active,True,True,2026-08-07T01:14:17+08:00,akshare
sz300432,富临精工,sz,,active,False,True,2026-08-07T01:14:17+08:00,akshare
sz300433,蓝思科技,sz,,active,False,True,2026-08-07T01:14:17+08:00,akshare
sz300434,金石亚药,sz,,active,False,True,2026-08-07T01:14:17+08:00,akshare
sz300435,中泰股份,sz,,active,False,True,2026-08-07T01:14:17+08:00,akshare
sz300436,广生堂,sz,,active,False,True,2026-08-07T01:14:17+08:00,akshare
sz300437,清水源,sz,,active,False,True,2026-08-07T01:14:17+08:00,akshare
sz300438,鹏辉能源,sz,,active,False,True,2026-08-07T01:14:17+08:00,akshare
sz300439,美康生物,sz,,active,False,True,2026-08-07T01:14:17+08:00,akshare
sz300440,运达科技,sz,,active,False,True,2026-08-07T01:14:17+08:00,akshare
sz300441,鲍斯股份,sz,,active,False,True,2026-08-07T01:14:17+08:00,akshare
sz300442,润泽科技,sz,,active,False,True,2026-08-07T01:14:17+08:00,akshare
sz300443,金雷股份,sz,,active,False,True,2026-08-07T01:14:17+08:00,akshare
sz300444,双杰电气,sz,,active,False,True,2026-08-07T01:14:17+08:00,akshare
sz300445,康斯特,sz,,active,False,True,2026-08-07T01:14:17+08:00,akshare
sz300446,航天智造,sz,,active,False,True,2026-08-07T01:14:17+08:00,akshare
sz300447,全信股份,sz,,active,False,True,2026-08-07T01:14:17+08:00,akshare
sz300448,浩云科技,sz,,active,False,True,2026-08-07T01:14:17+08:00,akshare
sz300449,汉邦高科,sz,,active,False,True,2026-08-07T01:14:17+08:00,akshare
sz300450,先导智能,sz,,active,False,True,2026-08-07T01:14:17+08:00,akshare
sz300451,创业慧康,sz,,active,False,True,2026-08-07T01:14:17+08:00,akshare
sz300452,山河药辅,sz,,active,False,True,2026-08-07T01:14:17+08:00,akshare
sz300453,三鑫医疗,sz,,active,False,True,2026-08-07T01:14:17+08:00,akshare
sz300454,深信服,sz,,active,False,True,2026-08-07T01:14:17+08:00,akshare
sz300455,航天智装,sz,,active,False,True,2026-08-07T01:14:17+08:00,akshare
sz300456,赛微电子,sz,,active,False,True,2026-08-07T01:14:17+08:00,akshare
sz300457,赢合科技,sz,,active,False,True,2026-08-07T01:14:17+08:00,akshare
sz300458,全志科技,sz,,active,False,True,2026-08-07T01:14:17+08:00,akshare
sz300459,汤姆猫,sz,,active,False,True,2026-08-07T01:14:17+08:00,akshare
sz300460,ST惠伦,sz,,active,True,True,2026-08-07T01:14:17+08:00,akshare
sz300461,田中精机,sz,,active,False,True,2026-08-07T01:14:17+08:00,akshare
sz300462,ST华铭,sz,,active,True,True,2026-08-07T01:14:17+08:00,akshare
sz300463,迈克生物,sz,,active,False,True,2026-08-07T01:14:17+08:00,akshare
sz300464,星徽股份,sz,,active,False,True,2026-08-07T01:14:17+08:00,akshare
sz300465,高伟达,sz,,active,False,True,2026-08-07T01:14:17+08:00,akshare
sz300466,赛摩智能,sz,,active,False,True,2026-08-07T01:14:17+08:00,akshare
sz300467,迅游科技,sz,,active,False,True,2026-08-07T01:14:17+08:00,akshare
sz300468,四方精创,sz,,active,False,True,2026-08-07T01:14:17+08:00,akshare
sz300469,信息发展,sz,,active,False,True,2026-08-07T01:14:17+08:00,akshare
sz300470,中密控股,sz,,active,False,True,2026-08-07T01:14:17+08:00,akshare
sz300471,厚普股份,sz,,active,False,True,2026-08-07T01:14:17+08:00,akshare
sz300472,*ST新元,sz,,active,True,True,2026-08-07T01:14:17+08:00,akshare
sz300473,德尔股份,sz,,active,False,True,2026-08-07T01:14:17+08:00,akshare
sz300474,景嘉微,sz,,active,False,True,2026-08-07T01:14:17+08:00,akshare
sz300475,香农芯创,sz,,active,False,True,2026-08-07T01:14:17+08:00,akshare
sz300476,胜宏科技,sz,,active,False,True,2026-08-07T01:14:17+08:00,akshare
sz300477,ST合纵,sz,,active,True,True,2026-08-07T01:14:17+08:00,akshare
sz300478,杭州高新,sz,,active,False,True,2026-08-07T01:14:17+08:00,akshare
sz300479,神思电子,sz,,active,False,True,2026-08-07T01:14:17+08:00,akshare
sz300480,光力科技,sz,,active,False,True,2026-08-07T01:14:17+08:00,akshare
sz300481,濮阳惠成,sz,,active,False,True,2026-08-07T01:14:17+08:00,akshare
sz300482,万孚生物,sz,,active,False,True,2026-08-07T01:14:17+08:00,akshare
sz300483,首华燃气,sz,,active,False,True,2026-08-07T01:14:17+08:00,akshare
sz300484,蓝海华腾,sz,,active,False,True,2026-08-07T01:14:17+08:00,akshare
sz300485,赛升药业,sz,,active,False,True,2026-08-07T01:14:17+08:00,akshare
sz300486,东杰智能,sz,,active,False,True,2026-08-07T01:14:17+08:00,akshare
sz300487,蓝晓科技,sz,,active,False,True,2026-08-07T01:14:17+08:00,akshare
sz300488,恒锋工具,sz,,active,False,True,2026-08-07T01:14:17+08:00,akshare
sz300489,光智科技,sz,,active,False,True,2026-08-07T01:14:17+08:00,akshare
sz300490,华自科技,sz,,active,False,True,2026-08-07T01:14:17+08:00,akshare
sz300491,通合科技,sz,,active,False,True,2026-08-07T01:14:17+08:00,akshare
sz300492,华图山鼎,sz,,active,False,True,2026-08-07T01:14:17+08:00,akshare
sz300493,润欣科技,sz,,active,False,True,2026-08-07T01:14:17+08:00,akshare
sz300494,盛天网络,sz,,active,False,True,2026-08-07T01:14:17+08:00,akshare
sz300496,中科创达,sz,,active,False,True,2026-08-07T01:14:17+08:00,akshare
sz300497,富祥股份,sz,,active,False,True,2026-08-07T01:14:17+08:00,akshare
sz300498,温氏股份,sz,,active,False,True,2026-08-07T01:14:17+08:00,akshare
sz300499,高澜股份,sz,,active,False,True,2026-08-07T01:14:17+08:00,akshare
sz300500,启迪设计,sz,,active,False,True,2026-08-07T01:14:17+08:00,akshare
sz300501,海顺新材,sz,,active,False,True,2026-08-07T01:14:17+08:00,akshare
sz300502,新易盛,sz,,active,False,True,2026-08-07T01:14:17+08:00,akshare
sz300503,昊志机电,sz,,active,False,True,2026-08-07T01:14:17+08:00,akshare
sz300504,天邑股份,sz,,active,False,True,2026-08-07T01:14:17+08:00,akshare
sz300505,川金诺,sz,,active,False,True,2026-08-07T01:14:17+08:00,akshare
sz300506,名家汇,sz,,active,False,True,2026-08-07T01:14:17+08:00,akshare
sz300507,苏奥传感,sz,,active,False,True,2026-08-07T01:14:17+08:00,akshare
sz300508,维宏股份,sz,,active,False,True,2026-08-07T01:14:17+08:00,akshare
sz300509,新美星,sz,,active,False,True,2026-08-07T01:14:17+08:00,akshare
sz300510,金冠股份,sz,,active,False,True,2026-08-07T01:14:17+08:00,akshare
sz300511,雪榕生物,sz,,active,False,True,2026-08-07T01:14:17+08:00,akshare
sz300512,中亚股份,sz,,active,False,True,2026-08-07T01:14:17+08:00,akshare
sz300513,恒实科技,sz,,active,False,True,2026-08-07T01:14:17+08:00,akshare
sz300514,友讯达,sz,,active,False,True,2026-08-07T01:14:17+08:00,akshare
sz300515,三德科技,sz,,active,False,True,2026-08-07T01:14:17+08:00,akshare
sz300516,久之洋,sz,,active,False,True,2026-08-07T01:14:17+08:00,akshare
sz300517,海波重科,sz,,active,False,True,2026-08-07T01:14:17+08:00,akshare
sz300518,新迅达,sz,,active,False,True,2026-08-07T01:14:17+08:00,akshare
sz300519,新光药业,sz,,active,False,True,2026-08-07T01:14:17+08:00,akshare
sz300520,科大国创,sz,,active,False,True,2026-08-07T01:14:17+08:00,akshare
sz300521,爱司凯,sz,,active,False,True,2026-08-07T01:14:17+08:00,akshare
sz300522,世名科技,sz,,active,False,True,2026-08-07T01:14:17+08:00,akshare
sz300523,辰安科技,sz,,active,False,True,2026-08-07T01:14:17+08:00,akshare
sz300525,博思软件,sz,,active,False,True,2026-08-07T01:14:17+08:00,akshare
sz300527,ST应急,sz,,active,True,True,2026-08-07T01:14:17+08:00,akshare
sz300528,幸福蓝海,sz,,active,False,True,2026-08-07T01:14:17+08:00,akshare
sz300529,健帆生物,sz,,active,False,True,2026-08-07T01:14:17+08:00,akshare
sz300530,领湃科技,sz,,active,False,True,2026-08-07T01:14:17+08:00,akshare
sz300531,优博讯,sz,,active,False,True,2026-08-07T01:14:17+08:00,akshare
sz300532,今天国际,sz,,active,False,True,2026-08-07T01:14:17+08:00,akshare
sz300533,冰川网络,sz,,active,False,True,2026-08-07T01:14:17+08:00,akshare
sz300534,陇神戎发,sz,,active,False,True,2026-08-07T01:14:17+08:00,akshare
sz300535,达威股份,sz,,active,False,True,2026-08-07T01:14:17+08:00,akshare
sz300536,农尚环境,sz,,active,False,True,2026-08-07T01:14:17+08:00,akshare
sz300537,广信材料,sz,,active,False,True,2026-08-07T01:14:17+08:00,akshare
sz300538,同益股份,sz,,active,False,True,2026-08-07T01:14:17+08:00,akshare
sz300539,横河精密,sz,,active,False,True,2026-08-07T01:14:17+08:00,akshare
sz300540,蜀道装备,sz,,active,False,True,2026-08-07T01:14:17+08:00,akshare
sz300541,先进数通,sz,,active,False,True,2026-08-07T01:14:17+08:00,akshare
sz300542,新晨科技,sz,,active,False,True,2026-08-07T01:14:17+08:00,akshare
sz300543,朗科智能,sz,,active,False,True,2026-08-07T01:14:17+08:00,akshare
sz300545,联得装备,sz,,active,False,True,2026-08-07T01:14:17+08:00,akshare
sz300546,雄帝科技,sz,,active,False,True,2026-08-07T01:14:17+08:00,akshare
sz300547,川环科技,sz,,active,False,True,2026-08-07T01:14:17+08:00,akshare
sz300548,长芯博创,sz,,active,False,True,2026-08-07T01:14:17+08:00,akshare
sz300549,优德精密,sz,,active,False,True,2026-08-07T01:14:17+08:00,akshare
sz300550,和仁科技,sz,,active,False,True,2026-08-07T01:14:17+08:00,akshare
sz300551,古鳌科技,sz,,active,False,True,2026-08-07T01:14:17+08:00,akshare
sz300552,万集科技,sz,,active,False,True,2026-08-07T01:14:17+08:00,akshare
sz300553,集智股份,sz,,active,False,True,2026-08-07T01:14:17+08:00,akshare
sz300554,三超新材,sz,,active,False,True,2026-08-07T01:14:17+08:00,akshare
sz300555,ST路通,sz,,active,True,True,2026-08-07T01:14:17+08:00,akshare
sz300556,丝路视觉,sz,,active,False,True,2026-08-07T01:14:17+08:00,akshare
sz300557,理工光科,sz,,active,False,True,2026-08-07T01:14:17+08:00,akshare
sz300558,贝达药业,sz,,active,False,True,2026-08-07T01:14:17+08:00,akshare
sz300559,佳发教育,sz,,active,False,True,2026-08-07T01:14:17+08:00,akshare
sz300560,中富通,sz,,active,False,True,2026-08-07T01:14:17+08:00,akshare
sz300561,汇金科技,sz,,active,False,True,2026-08-07T01:14:17+08:00,akshare
sz300562,乐心医疗,sz,,active,False,True,2026-08-07T01:14:17+08:00,akshare
sz300563,神宇股份,sz,,active,False,True,2026-08-07T01:14:17+08:00,akshare
sz300564,筑博设计,sz,,active,False,True,2026-08-07T01:14:17+08:00,akshare
sz300565,科信技术,sz,,active,False,True,2026-08-07T01:14:17+08:00,akshare
sz300566,激智科技,sz,,active,False,True,2026-08-07T01:14:17+08:00,akshare
sz300567,精测电子,sz,,active,False,True,2026-08-07T01:14:17+08:00,akshare
sz300568,星源材质,sz,,active,False,True,2026-08-07T01:14:17+08:00,akshare
sz300569,天能重工,sz,,active,False,True,2026-08-07T01:14:17+08:00,akshare
sz300570,太辰光,sz,,active,False,True,2026-08-07T01:14:17+08:00,akshare
sz300571,平治信息,sz,,active,False,True,2026-08-07T01:14:17+08:00,akshare
sz300572,安车检测,sz,,active,False,True,2026-08-07T01:14:17+08:00,akshare
sz300573,兴齐眼药,sz,,active,False,True,2026-08-07T01:14:17+08:00,akshare
sz300575,中旗股份,sz,,active,False,True,2026-08-07T01:14:17+08:00,akshare
sz300576,容大感光,sz,,active,False,True,2026-08-07T01:14:17+08:00,akshare
sz300577,开润股份,sz,,active,False,True,2026-08-07T01:14:17+08:00,akshare
sz300578,会畅科技,sz,,active,False,True,2026-08-07T01:14:17+08:00,akshare
sz300579,数字认证,sz,,active,False,True,2026-08-07T01:14:17+08:00,akshare
sz300580,贝斯特,sz,,active,False,True,2026-08-07T01:14:17+08:00,akshare
sz300581,晨曦航空,sz,,active,False,True,2026-08-07T01:14:17+08:00,akshare
sz300582,英飞特,sz,,active,False,True,2026-08-07T01:14:17+08:00,akshare
sz300583,赛托生物,sz,,active,False,True,2026-08-07T01:14:17+08:00,akshare
sz300584,海辰药业,sz,,active,False,True,2026-08-07T01:14:17+08:00,akshare
sz300585,奥联电子,sz,,active,False,True,2026-08-07T01:14:17+08:00,akshare
sz300586,美联新材,sz,,active,False,True,2026-08-07T01:14:17+08:00,akshare
sz300587,天铁科技,sz,,active,False,True,2026-08-07T01:14:17+08:00,akshare
sz300588,熙菱信息,sz,,active,False,True,2026-08-07T01:14:17+08:00,akshare
sz300589,江龙船艇,sz,,active,False,True,2026-08-07T01:14:17+08:00,akshare
sz300590,移为通信,sz,,active,False,True,2026-08-07T01:14:17+08:00,akshare
sz300591,万里马,sz,,active,False,True,2026-08-07T01:14:17+08:00,akshare
sz300592,华凯易佰,sz,,active,False,True,2026-08-07T01:14:17+08:00,akshare
sz300593,新雷能,sz,,active,False,True,2026-08-07T01:14:17+08:00,akshare
sz300594,ST朗进,sz,,active,True,True,2026-08-07T01:14:17+08:00,akshare
sz300595,欧普康视,sz,,active,False,True,2026-08-07T01:14:17+08:00,akshare
sz300596,利安隆,sz,,active,False,True,2026-08-07T01:14:17+08:00,akshare
sz300597,吉大通信,sz,,active,False,True,2026-08-07T01:14:17+08:00,akshare
sz300598,诚迈科技,sz,,active,False,True,2026-08-07T01:14:17+08:00,akshare
sz300599,雄塑科技,sz,,active,False,True,2026-08-07T01:14:17+08:00,akshare
sz300600,国瑞科技,sz,,active,False,True,2026-08-07T01:14:17+08:00,akshare
sz300601,康泰生物,sz,,active,False,True,2026-08-07T01:14:17+08:00,akshare
sz300602,飞荣达,sz,,active,False,True,2026-08-07T01:14:17+08:00,akshare
sz300603,立昂技术,sz,,active,False,True,2026-08-07T01:14:17+08:00,akshare
sz300604,长川科技,sz,,active,False,True,2026-08-07T01:14:17+08:00,akshare
sz300605,恒锋信息,sz,,active,False,True,2026-08-07T01:14:17+08:00,akshare
sz300606,金太阳,sz,,active,False,True,2026-08-07T01:14:17+08:00,akshare
sz300607,拓斯达,sz,,active,False,True,2026-08-07T01:14:17+08:00,akshare
sz300608,思特奇,sz,,active,False,True,2026-08-07T01:14:17+08:00,akshare
sz300609,汇纳科技,sz,,active,False,True,2026-08-07T01:14:17+08:00,akshare
sz300610,晨化股份,sz,,active,False,True,2026-08-07T01:14:17+08:00,akshare
sz300611,美力科技,sz,,active,False,True,2026-08-07T01:14:17+08:00,akshare
sz300612,宣亚国际,sz,,active,False,True,2026-08-07T01:14:17+08:00,akshare
sz300613,富瀚微,sz,,active,False,True,2026-08-07T01:14:17+08:00,akshare
sz300614,百川畅银,sz,,active,False,True,2026-08-07T01:14:17+08:00,akshare
sz300615,欣天科技,sz,,active,False,True,2026-08-07T01:14:17+08:00,akshare
sz300616,尚品宅配,sz,,active,False,True,2026-08-07T01:14:17+08:00,akshare
sz300617,安靠智电,sz,,active,False,True,2026-08-07T01:14:17+08:00,akshare
sz300618,寒锐钴业,sz,,active,False,True,2026-08-07T01:14:17+08:00,akshare
sz300619,金银河,sz,,active,False,True,2026-08-07T01:14:17+08:00,akshare
sz300620,光库科技,sz,,active,False,True,2026-08-07T01:14:17+08:00,akshare
sz300621,维业股份,sz,,active,False,True,2026-08-07T01:14:17+08:00,akshare
sz300622,博士眼镜,sz,,active,False,True,2026-08-07T01:14:17+08:00,akshare
sz300623,捷捷微电,sz,,active,False,True,2026-08-07T01:14:17+08:00,akshare
sz300624,万兴科技,sz,,active,False,True,2026-08-07T01:14:17+08:00,akshare
sz300625,三雄极光,sz,,active,False,True,2026-08-07T01:14:17+08:00,akshare
sz300626,华瑞股份,sz,,active,False,True,2026-08-07T01:14:17+08:00,akshare
sz300627,华测导航,sz,,active,False,True,2026-08-07T01:14:17+08:00,akshare
sz300628,亿联网络,sz,,active,False,True,2026-08-07T01:14:17+08:00,akshare
sz300629,新劲刚,sz,,active,False,True,2026-08-07T01:14:17+08:00,akshare
sz300631,久吾高科,sz,,active,False,True,2026-08-07T01:14:17+08:00,akshare
sz300632,光莆股份,sz,,active,False,True,2026-08-07T01:14:17+08:00,akshare
sz300633,开立医疗,sz,,active,False,True,2026-08-07T01:14:17+08:00,akshare
sz300634,彩讯股份,sz,,active,False,True,2026-08-07T01:14:17+08:00,akshare
sz300635,中达安,sz,,active,False,True,2026-08-07T01:14:17+08:00,akshare
sz300636,同和药业,sz,,active,False,True,2026-08-07T01:14:17+08:00,akshare
sz300637,扬帆新材,sz,,active,False,True,2026-08-07T01:14:17+08:00,akshare
sz300638,广和通,sz,,active,False,True,2026-08-07T01:14:17+08:00,akshare
sz300639,凯普生物,sz,,active,False,True,2026-08-07T01:14:17+08:00,akshare
sz300640,德艺文创,sz,,active,False,True,2026-08-07T01:14:17+08:00,akshare
sz300641,正丹股份,sz,,active,False,True,2026-08-07T01:14:17+08:00,akshare
sz300642,透景生命,sz,,active,False,True,2026-08-07T01:14:17+08:00,akshare
sz300643,万通智控,sz,,active,False,True,2026-08-07T01:14:17+08:00,akshare
sz300644,南京聚隆,sz,,active,False,True,2026-08-07T01:14:17+08:00,akshare
sz300645,正元智慧,sz,,active,False,True,2026-08-07T01:14:17+08:00,akshare
sz300647,超频三,sz,,active,False,True,2026-08-07T01:14:17+08:00,akshare
sz300648,星云股份,sz,,active,False,True,2026-08-07T01:14:17+08:00,akshare
sz300649,杭州园林,sz,,active,False,True,2026-08-07T01:14:17+08:00,akshare
sz300650,太龙股份,sz,,active,False,True,2026-08-07T01:14:17+08:00,akshare
sz300651,金陵体育,sz,,active,False,True,2026-08-07T01:14:17+08:00,akshare
sz300652,雷迪克,sz,,active,False,True,2026-08-07T01:14:17+08:00,akshare
sz300653,正海生物,sz,,active,False,True,2026-08-07T01:14:17+08:00,akshare
sz300654,世纪天鸿,sz,,active,False,True,2026-08-07T01:14:17+08:00,akshare
sz300655,晶瑞电材,sz,,active,False,True,2026-08-07T01:14:17+08:00,akshare
sz300656,民德电子,sz,,active,False,True,2026-08-07T01:14:17+08:00,akshare
sz300657,弘信电子,sz,,active,False,True,2026-08-07T01:14:17+08:00,akshare
sz300658,延江股份,sz,,active,False,True,2026-08-07T01:14:17+08:00,akshare
sz300659,中孚信息,sz,,active,False,True,2026-08-07T01:14:17+08:00,akshare
sz300660,江苏雷利,sz,,active,False,True,2026-08-07T01:14:17+08:00,akshare
sz300661,圣邦股份,sz,,active,False,True,2026-08-07T01:14:17+08:00,akshare
sz300662,科锐国际,sz,,active,False,True,2026-08-07T01:14:17+08:00,akshare
sz300663,科蓝软件,sz,,active,False,True,2026-08-07T01:14:17+08:00,akshare
sz300664,鹏鹞环保,sz,,active,False,True,2026-08-07T01:14:17+08:00,akshare
sz300665,飞鹿股份,sz,,active,False,True,2026-08-07T01:14:17+08:00,akshare
sz300666,江丰电子,sz,,active,False,True,2026-08-07T01:14:17+08:00,akshare
sz300667,必创科技,sz,,active,False,True,2026-08-07T01:14:17+08:00,akshare
sz300668,杰恩股份,sz,,active,False,True,2026-08-07T01:14:17+08:00,akshare
sz300669,沪宁股份,sz,,active,False,True,2026-08-07T01:14:17+08:00,akshare
sz300670,大烨智能,sz,,active,False,True,2026-08-07T01:14:17+08:00,akshare
sz300671,富满微,sz,,active,False,True,2026-08-07T01:14:17+08:00,akshare
sz300672,国科微,sz,,active,False,True,2026-08-07T01:14:17+08:00,akshare
sz300673,佩蒂股份,sz,,active,False,True,2026-08-07T01:14:17+08:00,akshare
sz300674,宇信科技,sz,,active,False,True,2026-08-07T01:14:17+08:00,akshare
sz300675,建科院,sz,,active,False,True,2026-08-07T01:14:17+08:00,akshare
sz300676,华大基因,sz,,active,False,True,2026-08-07T01:14:17+08:00,akshare
sz300677,英科医疗,sz,,active,False,True,2026-08-07T01:14:17+08:00,akshare
sz300678,中科信息,sz,,active,False,True,2026-08-07T01:14:17+08:00,akshare
sz300679,电连技术,sz,,active,False,True,2026-08-07T01:14:17+08:00,akshare
sz300680,隆盛科技,sz,,active,False,True,2026-08-07T01:14:17+08:00,akshare
sz300681,英搏尔,sz,,active,False,True,2026-08-07T01:14:17+08:00,akshare
sz300682,朗新科技,sz,,active,False,True,2026-08-07T01:14:17+08:00,akshare
sz300683,海特生物,sz,,active,False,True,2026-08-07T01:14:17+08:00,akshare
sz300684,中石科技,sz,,active,False,True,2026-08-07T01:14:17+08:00,akshare
sz300685,艾德生物,sz,,active,False,True,2026-08-07T01:14:17+08:00,akshare
sz300686,智动力,sz,,active,False,True,2026-08-07T01:14:17+08:00,akshare
sz300687,赛意信息,sz,,active,False,True,2026-08-07T01:14:17+08:00,akshare
sz300688,创业黑马,sz,,active,False,True,2026-08-07T01:14:17+08:00,akshare
sz300689,澄天伟业,sz,,active,False,True,2026-08-07T01:14:17+08:00,akshare
sz300690,双一科技,sz,,active,False,True,2026-08-07T01:14:17+08:00,akshare
sz300691,联合光电,sz,,active,False,True,2026-08-07T01:14:17+08:00,akshare
sz300692,中赋科技,sz,,active,False,True,2026-08-07T01:14:17+08:00,akshare
sz300693,盛弘股份,sz,,active,False,True,2026-08-07T01:14:17+08:00,akshare
sz300694,蠡湖股份,sz,,active,False,True,2026-08-07T01:14:17+08:00,akshare
sz300695,兆丰股份,sz,,active,False,True,2026-08-07T01:14:17+08:00,akshare
sz300696,爱乐达,sz,,active,False,True,2026-08-07T01:14:17+08:00,akshare
sz300697,电工合金,sz,,active,False,True,2026-08-07T01:14:17+08:00,akshare
sz300698,万马科技,sz,,active,False,True,2026-08-07T01:14:17+08:00,akshare
sz300699,光威复材,sz,,active,False,True,2026-08-07T01:14:17+08:00,akshare
sz300700,岱勒新材,sz,,active,False,True,2026-08-07T01:14:17+08:00,akshare
sz300701,森霸传感,sz,,active,False,True,2026-08-07T01:14:17+08:00,akshare
sz300702,天宇股份,sz,,active,False,True,2026-08-07T01:14:17+08:00,akshare
sz300703,创源股份,sz,,active,False,True,2026-08-07T01:14:17+08:00,akshare
sz300705,九典制药,sz,,active,False,True,2026-08-07T01:14:17+08:00,akshare
sz300706,阿石创,sz,,active,False,True,2026-08-07T01:14:17+08:00,akshare
sz300707,威唐工业,sz,,active,False,True,2026-08-07T01:14:17+08:00,akshare
sz300708,聚灿光电,sz,,active,False,True,2026-08-07T01:14:17+08:00,akshare
sz300709,精研科技,sz,,active,False,True,2026-08-07T01:14:17+08:00,akshare
sz300710,万隆光电,sz,,active,False,True,2026-08-07T01:14:17+08:00,akshare
sz300711,广哈通信,sz,,active,False,True,2026-08-07T01:14:17+08:00,akshare
sz300712,永福股份,sz,,active,False,True,2026-08-07T01:14:17+08:00,akshare
sz300713,英可瑞,sz,,active,False,True,2026-08-07T01:14:17+08:00,akshare
sz300715,凯伦股份,sz,,active,False,True,2026-08-07T01:14:17+08:00,akshare
sz300716,*ST泉为,sz,,active,True,True,2026-08-07T01:14:17+08:00,akshare
sz300717,华信新材,sz,,active,False,True,2026-08-07T01:14:17+08:00,akshare
sz300718,长盛轴承,sz,,active,False,True,2026-08-07T01:14:17+08:00,akshare
sz300719,安达维尔,sz,,active,False,True,2026-08-07T01:14:17+08:00,akshare
sz300720,海川智能,sz,,active,False,True,2026-08-07T01:14:17+08:00,akshare
sz300721,怡达股份,sz,,active,False,True,2026-08-07T01:14:17+08:00,akshare
sz300722,新余国科,sz,,active,False,True,2026-08-07T01:14:17+08:00,akshare
sz300723,一品红,sz,,active,False,True,2026-08-07T01:14:17+08:00,akshare
sz300724,捷佳伟创,sz,,active,False,True,2026-08-07T01:14:17+08:00,akshare
sz300725,药石科技,sz,,active,False,True,2026-08-07T01:14:17+08:00,akshare
sz300726,宏达电子,sz,,active,False,True,2026-08-07T01:14:17+08:00,akshare
sz300727,润禾材料,sz,,active,False,True,2026-08-07T01:14:17+08:00,akshare
sz300729,乐歌股份,sz,,active,False,True,2026-08-07T01:14:17+08:00,akshare
sz300730,科创信息,sz,,active,False,True,2026-08-07T01:14:17+08:00,akshare
sz300731,科创新源,sz,,active,False,True,2026-08-07T01:14:17+08:00,akshare
sz300732,设研院,sz,,active,False,True,2026-08-07T01:14:17+08:00,akshare
sz300733,西菱动力,sz,,active,False,True,2026-08-07T01:14:17+08:00,akshare
sz300735,光弘科技,sz,,active,False,True,2026-08-07T01:14:17+08:00,akshare
sz300736,百邦科技,sz,,active,False,True,2026-08-07T01:14:17+08:00,akshare
sz300737,科顺股份,sz,,active,False,True,2026-08-07T01:14:17+08:00,akshare
sz300738,奥飞数据,sz,,active,False,True,2026-08-07T01:14:17+08:00,akshare
sz300739,明阳电路,sz,,active,False,True,2026-08-07T01:14:17+08:00,akshare
sz300740,水羊股份,sz,,active,False,True,2026-08-07T01:14:17+08:00,akshare
sz300741,华宝股份,sz,,active,False,True,2026-08-07T01:14:17+08:00,akshare
sz300743,天地数码,sz,,active,False,True,2026-08-07T01:14:17+08:00,akshare
sz300745,欣锐科技,sz,,active,False,True,2026-08-07T01:14:17+08:00,akshare
sz300746,汉嘉数智,sz,,active,False,True,2026-08-07T01:14:17+08:00,akshare
sz300747,锐科激光,sz,,active,False,True,2026-08-07T01:14:17+08:00,akshare
sz300748,金力永磁,sz,,active,False,True,2026-08-07T01:14:17+08:00,akshare
sz300749,顶固集创,sz,,active,False,True,2026-08-07T01:14:17+08:00,akshare
sz300750,宁德时代,sz,,active,False,True,2026-08-07T01:14:17+08:00,akshare
sz300751,迈为股份,sz,,active,False,True,2026-08-07T01:14:17+08:00,akshare
sz300752,隆利科技,sz,,active,False,True,2026-08-07T01:14:17+08:00,akshare
sz300753,爱朋医疗,sz,,active,False,True,2026-08-07T01:14:17+08:00,akshare
sz300755,华致酒行,sz,,active,False,True,2026-08-07T01:14:17+08:00,akshare
sz300756,金马游乐,sz,,active,False,True,2026-08-07T01:14:17+08:00,akshare
sz300757,罗博特科,sz,,active,False,True,2026-08-07T01:14:17+08:00,akshare
sz300758,七彩化学,sz,,active,False,True,2026-08-07T01:14:17+08:00,akshare
sz300759,康龙化成,sz,,active,False,True,2026-08-07T01:14:17+08:00,akshare
sz300760,迈瑞医疗,sz,,active,False,True,2026-08-07T01:14:17+08:00,akshare
sz300761,立华股份,sz,,active,False,True,2026-08-07T01:14:17+08:00,akshare
sz300762,上海瀚讯,sz,,active,False,True,2026-08-07T01:14:17+08:00,akshare
sz300763,锦浪科技,sz,,active,False,True,2026-08-07T01:14:17+08:00,akshare
sz300765,石药创新,sz,,active,False,True,2026-08-07T01:14:17+08:00,akshare
sz300766,每日互动,sz,,active,False,True,2026-08-07T01:14:17+08:00,akshare
sz300767,震安科技,sz,,active,False,True,2026-08-07T01:14:17+08:00,akshare
sz300768,迪普科技,sz,,active,False,True,2026-08-07T01:14:17+08:00,akshare
sz300769,德方纳米,sz,,active,False,True,2026-08-07T01:14:17+08:00,akshare
sz300770,新媒股份,sz,,active,False,True,2026-08-07T01:14:17+08:00,akshare
sz300771,智莱科技,sz,,active,False,True,2026-08-07T01:14:17+08:00,akshare
sz300772,运达股份,sz,,active,False,True,2026-08-07T01:14:17+08:00,akshare
sz300773,拉卡拉,sz,,active,False,True,2026-08-07T01:14:17+08:00,akshare
sz300774,倍杰特,sz,,active,False,True,2026-08-07T01:14:17+08:00,akshare
sz300775,三角防务,sz,,active,False,True,2026-08-07T01:14:17+08:00,akshare
sz300776,帝尔激光,sz,,active,False,True,2026-08-07T01:14:17+08:00,akshare
sz300777,中简科技,sz,,active,False,True,2026-08-07T01:14:17+08:00,akshare
sz300778,新城市,sz,,active,False,True,2026-08-07T01:14:17+08:00,akshare
sz300779,惠城环保,sz,,active,False,True,2026-08-07T01:14:17+08:00,akshare
sz300780,德恩精工,sz,,active,False,True,2026-08-07T01:14:17+08:00,akshare
sz300781,因赛集团,sz,,active,False,True,2026-08-07T01:14:17+08:00,akshare
sz300782,卓胜微,sz,,active,False,True,2026-08-07T01:14:17+08:00,akshare
sz300783,三只松鼠,sz,,active,False,True,2026-08-07T01:14:17+08:00,akshare
sz300784,利安科技,sz,,active,False,True,2026-08-07T01:14:17+08:00,akshare
sz300785,值得买,sz,,active,False,True,2026-08-07T01:14:17+08:00,akshare
sz300786,国林科技,sz,,active,False,True,2026-08-07T01:14:17+08:00,akshare
sz300787,海能实业,sz,,active,False,True,2026-08-07T01:14:17+08:00,akshare
sz300788,中信出版,sz,,active,False,True,2026-08-07T01:14:17+08:00,akshare
sz300789,唐源电气,sz,,active,False,True,2026-08-07T01:14:17+08:00,akshare
sz300790,宇瞳光学,sz,,active,False,True,2026-08-07T01:14:17+08:00,akshare
sz300791,仙乐健康,sz,,active,False,True,2026-08-07T01:14:17+08:00,akshare
sz300792,壹网壹创,sz,,active,False,True,2026-08-07T01:14:17+08:00,akshare
sz300793,佳禾智能,sz,,active,False,True,2026-08-07T01:14:17+08:00,akshare
sz300795,米奥会展,sz,,active,False,True,2026-08-07T01:14:17+08:00,akshare
sz300796,贝斯美,sz,,active,False,True,2026-08-07T01:14:17+08:00,akshare
sz300797,钢研纳克,sz,,active,False,True,2026-08-07T01:14:17+08:00,akshare
sz300798,锦鸡股份,sz,,active,False,True,2026-08-07T01:14:17+08:00,akshare
sz300800,力合科技,sz,,active,False,True,2026-08-07T01:14:17+08:00,akshare
sz300801,泰和科技,sz,,active,False,True,2026-08-07T01:14:17+08:00,akshare
sz300802,矩子科技,sz,,active,False,True,2026-08-07T01:14:17+08:00,akshare
sz300803,指南针,sz,,active,False,True,2026-08-07T01:14:17+08:00,akshare
sz300804,广康生化,sz,,active,False,True,2026-08-07T01:14:17+08:00,akshare
sz300805,电声股份,sz,,active,False,True,2026-08-07T01:14:17+08:00,akshare
sz300806,斯迪克,sz,,active,False,True,2026-08-07T01:14:17+08:00,akshare
sz300807,天迈科技,sz,,active,False,True,2026-08-07T01:14:17+08:00,akshare
sz300808,久量股份,sz,,active,False,True,2026-08-07T01:14:17+08:00,akshare
sz300809,华辰装备,sz,,active,False,True,2026-08-07T01:14:17+08:00,akshare
sz300810,中科海讯,sz,,active,False,True,2026-08-07T01:14:17+08:00,akshare
sz300811,铂科新材,sz,,active,False,True,2026-08-07T01:14:17+08:00,akshare
sz300812,易天股份,sz,,active,False,True,2026-08-07T01:14:17+08:00,akshare
sz300813,泰林生物,sz,,active,False,True,2026-08-07T01:14:17+08:00,akshare
sz300814,中富电路,sz,,active,False,True,2026-08-07T01:14:17+08:00,akshare
sz300815,玉禾田,sz,,active,False,True,2026-08-07T01:14:17+08:00,akshare
sz300816,艾可蓝,sz,,active,False,True,2026-08-07T01:14:17+08:00,akshare
sz300817,双飞集团,sz,,active,False,True,2026-08-07T01:14:17+08:00,akshare
sz300818,耐普矿机,sz,,active,False,True,2026-08-07T01:14:17+08:00,akshare
sz300819,聚杰微纤,sz,,active,False,True,2026-08-07T01:14:17+08:00,akshare
sz300820,英杰电气,sz,,active,False,True,2026-08-07T01:14:17+08:00,akshare
sz300821,东岳硅材,sz,,active,False,True,2026-08-07T01:14:17+08:00,akshare
sz300822,贝仕达克,sz,,active,False,True,2026-08-07T01:14:17+08:00,akshare
sz300823,建科智能,sz,,active,False,True,2026-08-07T01:14:17+08:00,akshare
sz300824,北鼎股份,sz,,active,False,True,2026-08-07T01:14:17+08:00,akshare
sz300825,阿尔特,sz,,active,False,True,2026-08-07T01:14:17+08:00,akshare
sz300826,测绘股份,sz,,active,False,True,2026-08-07T01:14:17+08:00,akshare
sz300827,上能电气,sz,,active,False,True,2026-08-07T01:14:17+08:00,akshare
sz300828,锐新科技,sz,,active,False,True,2026-08-07T01:14:17+08:00,akshare
sz300829,金丹科技,sz,,active,False,True,2026-08-07T01:14:17+08:00,akshare
sz300830,金现代,sz,,active,False,True,2026-08-07T01:14:17+08:00,akshare
sz300831,ST派瑞,sz,,active,True,True,2026-08-07T01:14:17+08:00,akshare
sz300832,新产业,sz,,active,False,True,2026-08-07T01:14:17+08:00,akshare
sz300833,浩洋股份,sz,,active,False,True,2026-08-07T01:14:17+08:00,akshare
sz300834,星辉环材,sz,,active,False,True,2026-08-07T01:14:17+08:00,akshare
sz300835,龙磁科技,sz,,active,False,True,2026-08-07T01:14:17+08:00,akshare
sz300836,佰奥智能,sz,,active,False,True,2026-08-07T01:14:17+08:00,akshare
sz300837,浙矿股份,sz,,active,False,True,2026-08-07T01:14:17+08:00,akshare
sz300838,浙江力诺,sz,,active,False,True,2026-08-07T01:14:17+08:00,akshare
sz300839,博汇股份,sz,,active,False,True,2026-08-07T01:14:17+08:00,akshare
sz300840,酷特智能,sz,,active,False,True,2026-08-07T01:14:17+08:00,akshare
sz300841,康华生物,sz,,active,False,True,2026-08-07T01:14:17+08:00,akshare
sz300842,帝科股份,sz,,active,False,True,2026-08-07T01:14:17+08:00,akshare
sz300843,胜蓝股份,sz,,active,False,True,2026-08-07T01:14:17+08:00,akshare
sz300844,山水比德,sz,,active,False,True,2026-08-07T01:14:17+08:00,akshare
sz300845,捷安高科,sz,,active,False,True,2026-08-07T01:14:17+08:00,akshare
sz300846,首都在线,sz,,active,False,True,2026-08-07T01:14:17+08:00,akshare
sz300847,中船汉光,sz,,active,False,True,2026-08-07T01:14:17+08:00,akshare
sz300848,美瑞新材,sz,,active,False,True,2026-08-07T01:14:17+08:00,akshare
sz300849,锦盛新材,sz,,active,False,True,2026-08-07T01:14:17+08:00,akshare
sz300850,新强联,sz,,active,False,True,2026-08-07T01:14:17+08:00,akshare
sz300851,交大思诺,sz,,active,False,True,2026-08-07T01:14:17+08:00,akshare
sz300852,四会富仕,sz,,active,False,True,2026-08-07T01:14:17+08:00,akshare
sz300853,申昊科技,sz,,active,False,True,2026-08-07T01:14:17+08:00,akshare
sz300854,中兰环保,sz,,active,False,True,2026-08-07T01:14:17+08:00,akshare
sz300855,图南股份,sz,,active,False,True,2026-08-07T01:14:17+08:00,akshare
sz300856,科思股份,sz,,active,False,True,2026-08-07T01:14:17+08:00,akshare
sz300857,协创数据,sz,,active,False,True,2026-08-07T01:14:17+08:00,akshare
sz300858,科拓生物,sz,,active,False,True,2026-08-07T01:14:17+08:00,akshare
sz300859,西域旅游,sz,,active,False,True,2026-08-07T01:14:17+08:00,akshare
sz300860,锋尚文化,sz,,active,False,True,2026-08-07T01:14:17+08:00,akshare
sz300861,美畅股份,sz,,active,False,True,2026-08-07T01:14:17+08:00,akshare
sz300862,蓝盾光电,sz,,active,False,True,2026-08-07T01:14:17+08:00,akshare
sz300863,卡倍亿,sz,,active,False,True,2026-08-07T01:14:17+08:00,akshare
sz300864,南大环境,sz,,active,False,True,2026-08-07T01:14:17+08:00,akshare
sz300865,大宏立,sz,,active,False,True,2026-08-07T01:14:17+08:00,akshare
sz300866,安克创新,sz,,active,False,True,2026-08-07T01:14:17+08:00,akshare
sz300867,圣元环保,sz,,active,False,True,2026-08-07T01:14:17+08:00,akshare
sz300868,杰美特,sz,,active,False,True,2026-08-07T01:14:17+08:00,akshare
sz300869,康泰医学,sz,,active,False,True,2026-08-07T01:14:17+08:00,akshare
sz300870,欧陆通,sz,,active,False,True,2026-08-07T01:14:17+08:00,akshare
sz300871,回盛生物,sz,,active,False,True,2026-08-07T01:14:17+08:00,akshare
sz300872,天阳科技,sz,,active,False,True,2026-08-07T01:14:17+08:00,akshare
sz300873,海晨股份,sz,,active,False,True,2026-08-07T01:14:17+08:00,akshare
sz300875,捷强装备,sz,,active,False,True,2026-08-07T01:14:17+08:00,akshare
sz300876,蒙泰高新,sz,,active,False,True,2026-08-07T01:14:17+08:00,akshare
sz300877,金春股份,sz,,active,False,True,2026-08-07T01:14:17+08:00,akshare
sz300878,维康药业,sz,,active,False,True,2026-08-07T01:14:17+08:00,akshare
sz300879,大叶股份,sz,,active,False,True,2026-08-07T01:14:17+08:00,akshare
sz300880,迦南智能,sz,,active,False,True,2026-08-07T01:14:17+08:00,akshare
sz300881,盛德鑫泰,sz,,active,False,True,2026-08-07T01:14:17+08:00,akshare
sz300882,万胜智能,sz,,active,False,True,2026-08-07T01:14:17+08:00,akshare
sz300883,龙利得,sz,,active,False,True,2026-08-07T01:14:17+08:00,akshare
sz300884,狄耐克,sz,,active,False,True,2026-08-07T01:14:17+08:00,akshare
sz300885,海昌新材,sz,,active,False,True,2026-08-07T01:14:17+08:00,akshare
sz300886,华业香料,sz,,active,False,True,2026-08-07T01:14:17+08:00,akshare
sz300887,谱尼测试,sz,,active,False,True,2026-08-07T01:14:17+08:00,akshare
sz300888,稳健医疗,sz,,active,False,True,2026-08-07T01:14:17+08:00,akshare
sz300889,爱克股份,sz,,active,False,True,2026-08-07T01:14:17+08:00,akshare
sz300890,翔丰华,sz,,active,False,True,2026-08-07T01:14:17+08:00,akshare
sz300891,惠云钛业,sz,,active,False,True,2026-08-07T01:14:17+08:00,akshare
sz300892,品渥食品,sz,,active,False,True,2026-08-07T01:14:17+08:00,akshare
sz300893,松原安全,sz,,active,False,True,2026-08-07T01:14:17+08:00,akshare
sz300894,火星人,sz,,active,False,True,2026-08-07T01:14:17+08:00,akshare
sz300895,铜牛信息,sz,,active,False,True,2026-08-07T01:14:17+08:00,akshare
sz300896,爱美客,sz,,active,False,True,2026-08-07T01:14:17+08:00,akshare
sz300897,山科智能,sz,,active,False,True,2026-08-07T01:14:17+08:00,akshare
sz300898,熊猫乳品,sz,,active,False,True,2026-08-07T01:14:17+08:00,akshare
sz300899,上海凯鑫,sz,,active,False,True,2026-08-07T01:14:17+08:00,akshare
sz300900,广联航空,sz,,active,False,True,2026-08-07T01:14:17+08:00,akshare
sz300901,中胤时尚,sz,,active,False,True,2026-08-07T01:14:17+08:00,akshare
sz300902,国安达,sz,,active,False,True,2026-08-07T01:14:17+08:00,akshare
sz300903,科翔股份,sz,,active,False,True,2026-08-07T01:14:17+08:00,akshare
sz300904,威力传动,sz,,active,False,True,2026-08-07T01:14:17+08:00,akshare
sz300905,宝丽迪,sz,,active,False,True,2026-08-07T01:14:17+08:00,akshare
sz300906,日月明,sz,,active,False,True,2026-08-07T01:14:17+08:00,akshare
sz300907,康平科技,sz,,active,False,True,2026-08-07T01:14:17+08:00,akshare
sz300908,仲景食品,sz,,active,False,True,2026-08-07T01:14:17+08:00,akshare
sz300909,汇创达,sz,,active,False,True,2026-08-07T01:14:17+08:00,akshare
sz300910,瑞丰新材,sz,,active,False,True,2026-08-07T01:14:17+08:00,akshare
sz300911,亿田智能,sz,,active,False,True,2026-08-07T01:14:17+08:00,akshare
sz300912,凯龙高科,sz,,active,False,True,2026-08-07T01:14:17+08:00,akshare
sz300913,兆龙互连,sz,,active,False,True,2026-08-07T01:14:17+08:00,akshare
sz300915,海融科技,sz,,active,False,True,2026-08-07T01:14:17+08:00,akshare
sz300916,朗特智能,sz,,active,False,True,2026-08-07T01:14:17+08:00,akshare
sz300917,特发服务,sz,,active,False,True,2026-08-07T01:14:17+08:00,akshare
sz300918,南山智尚,sz,,active,False,True,2026-08-07T01:14:17+08:00,akshare
sz300919,中伟新材,sz,,active,False,True,2026-08-07T01:14:17+08:00,akshare
sz300920,润阳科技,sz,,active,False,True,2026-08-07T01:14:17+08:00,akshare
sz300921,南凌科技,sz,,active,False,True,2026-08-07T01:14:17+08:00,akshare
sz300922,天秦装备,sz,,active,False,True,2026-08-07T01:14:17+08:00,akshare
sz300923,研奥股份,sz,,active,False,True,2026-08-07T01:14:17+08:00,akshare
sz300925,法本信息,sz,,active,False,True,2026-08-07T01:14:17+08:00,akshare
sz300926,博俊科技,sz,,active,False,True,2026-08-07T01:14:17+08:00,akshare
sz300927,江天化学,sz,,active,False,True,2026-08-07T01:14:17+08:00,akshare
sz300928,华安鑫创,sz,,active,False,True,2026-08-07T01:14:17+08:00,akshare
sz300929,华骐环保,sz,,active,False,True,2026-08-07T01:14:17+08:00,akshare
sz300930,屹通新材,sz,,active,False,True,2026-08-07T01:14:17+08:00,akshare
sz300931,通用电梯,sz,,active,False,True,2026-08-07T01:14:17+08:00,akshare
sz300932,三友联众,sz,,active,False,True,2026-08-07T01:14:17+08:00,akshare
sz300933,中辰股份,sz,,active,False,True,2026-08-07T01:14:17+08:00,akshare
sz300935,盈建科,sz,,active,False,True,2026-08-07T01:14:17+08:00,akshare
sz300936,中英科技,sz,,active,False,True,2026-08-07T01:14:17+08:00,akshare
sz300937,药易购,sz,,active,False,True,2026-08-07T01:14:17+08:00,akshare
sz300938,信测标准,sz,,active,False,True,2026-08-07T01:14:17+08:00,akshare
sz300939,秋田微,sz,,active,False,True,2026-08-07T01:14:17+08:00,akshare
sz300940,南极光,sz,,active,False,True,2026-08-07T01:14:17+08:00,akshare
sz300941,创识科技,sz,,active,False,True,2026-08-07T01:14:17+08:00,akshare
sz300942,易瑞生物,sz,,active,False,True,2026-08-07T01:14:17+08:00,akshare
sz300943,春晖智控,sz,,active,False,True,2026-08-07T01:14:17+08:00,akshare
sz300945,曼卡龙,sz,,active,False,True,2026-08-07T01:14:17+08:00,akshare
sz300946,恒而达,sz,,active,False,True,2026-08-07T01:14:17+08:00,akshare
sz300947,德必集团,sz,,active,False,True,2026-08-07T01:14:17+08:00,akshare
sz300948,冠中生态,sz,,active,False,True,2026-08-07T01:14:17+08:00,akshare
sz300949,奥雅股份,sz,,active,False,True,2026-08-07T01:14:17+08:00,akshare
sz300950,德固特,sz,,active,False,True,2026-08-07T01:14:17+08:00,akshare
sz300951,博硕科技,sz,,active,False,True,2026-08-07T01:14:17+08:00,akshare
sz300952,恒辉安防,sz,,active,False,True,2026-08-07T01:14:17+08:00,akshare
sz300953,震裕科技,sz,,active,False,True,2026-08-07T01:14:17+08:00,akshare
sz300955,嘉亨家化,sz,,active,False,True,2026-08-07T01:14:17+08:00,akshare
sz300956,英力股份,sz,,active,False,True,2026-08-07T01:14:17+08:00,akshare
sz300957,贝泰妮,sz,,active,False,True,2026-08-07T01:14:17+08:00,akshare
sz300958,建工修复,sz,,active,False,True,2026-08-07T01:14:17+08:00,akshare
sz300959,线上线下,sz,,active,False,True,2026-08-07T01:14:17+08:00,akshare
sz300960,通业科技,sz,,active,False,True,2026-08-07T01:14:17+08:00,akshare
sz300961,深水海纳,sz,,active,False,True,2026-08-07T01:14:17+08:00,akshare
sz300962,中金辐照,sz,,active,False,True,2026-08-07T01:14:17+08:00,akshare
sz300963,中洲特材,sz,,active,False,True,2026-08-07T01:14:17+08:00,akshare
sz300964,本川智能,sz,,active,False,True,2026-08-07T01:14:17+08:00,akshare
sz300965,恒宇信通,sz,,active,False,True,2026-08-07T01:14:17+08:00,akshare
sz300966,共同药业,sz,,active,False,True,2026-08-07T01:14:17+08:00,akshare
sz300967,晓鸣股份,sz,,active,False,True,2026-08-07T01:14:17+08:00,akshare
sz300968,格林精密,sz,,active,False,True,2026-08-07T01:14:17+08:00,akshare
sz300969,恒帅股份,sz,,active,False,True,2026-08-07T01:14:17+08:00,akshare
sz300970,华绿生物,sz,,active,False,True,2026-08-07T01:14:17+08:00,akshare
sz300971,博亚精工,sz,,active,False,True,2026-08-07T01:14:17+08:00,akshare
sz300972,万辰集团,sz,,active,False,True,2026-08-07T01:14:17+08:00,akshare
sz300973,立高食品,sz,,active,False,True,2026-08-07T01:14:17+08:00,akshare
sz300975,商络电子,sz,,active,False,True,2026-08-07T01:14:17+08:00,akshare
sz300976,达瑞电子,sz,,active,False,True,2026-08-07T01:14:17+08:00,akshare
sz300977,深圳瑞捷,sz,,active,False,True,2026-08-07T01:14:17+08:00,akshare
sz300978,东箭科技,sz,,active,False,True,2026-08-07T01:14:17+08:00,akshare
sz300979,华利集团,sz,,active,False,True,2026-08-07T01:14:17+08:00,akshare
sz300980,祥源新材,sz,,active,False,True,2026-08-07T01:14:17+08:00,akshare
sz300981,中红医疗,sz,,active,False,True,2026-08-07T01:14:17+08:00,akshare
sz300982,苏文电能,sz,,active,False,True,2026-08-07T01:14:17+08:00,akshare
sz300983,尤安设计,sz,,active,False,True,2026-08-07T01:14:17+08:00,akshare
sz300984,金沃股份,sz,,active,False,True,2026-08-07T01:14:17+08:00,akshare
sz300985,致远新能,sz,,active,False,True,2026-08-07T01:14:17+08:00,akshare
sz300986,志特新材,sz,,active,False,True,2026-08-07T01:14:17+08:00,akshare
sz300987,川网传媒,sz,,active,False,True,2026-08-07T01:14:17+08:00,akshare
sz300988,津荣天宇,sz,,active,False,True,2026-08-07T01:14:17+08:00,akshare
sz300989,蕾奥规划,sz,,active,False,True,2026-08-07T01:14:17+08:00,akshare
sz300990,同飞股份,sz,,active,False,True,2026-08-07T01:14:17+08:00,akshare
sz300991,创益通,sz,,active,False,True,2026-08-07T01:14:17+08:00,akshare
sz300992,泰福泵业,sz,,active,False,True,2026-08-07T01:14:17+08:00,akshare
sz300993,玉马科技,sz,,active,False,True,2026-08-07T01:14:17+08:00,akshare
sz300994,久祺股份,sz,,active,False,True,2026-08-07T01:14:17+08:00,akshare
sz300995,奇德新材,sz,,active,False,True,2026-08-07T01:14:17+08:00,akshare
sz300996,普联软件,sz,,active,False,True,2026-08-07T01:14:17+08:00,akshare
sz300997,欢乐家,sz,,active,False,True,2026-08-07T01:14:17+08:00,akshare
sz300998,宁波方正,sz,,active,False,True,2026-08-07T01:14:17+08:00,akshare
sz300999,金龙鱼,sz,,active,False,True,2026-08-07T01:14:17+08:00,akshare
sz301000,肇民科技,sz,,active,False,True,2026-08-07T01:14:17+08:00,akshare
sz301001,凯淳股份,sz,,active,False,True,2026-08-07T01:14:17+08:00,akshare
sz301002,崧盛股份,sz,,active,False,True,2026-08-07T01:14:17+08:00,akshare
sz301003,江苏博云,sz,,active,False,True,2026-08-07T01:14:17+08:00,akshare
sz301004,嘉益股份,sz,,active,False,True,2026-08-07T01:14:17+08:00,akshare
sz301005,超捷股份,sz,,active,False,True,2026-08-07T01:14:17+08:00,akshare
sz301006,迈拓股份,sz,,active,False,True,2026-08-07T01:14:17+08:00,akshare
sz301007,德迈仕,sz,,active,False,True,2026-08-07T01:14:17+08:00,akshare
sz301008,宏昌科技,sz,,active,False,True,2026-08-07T01:14:17+08:00,akshare
sz301009,可靠股份,sz,,active,False,True,2026-08-07T01:14:17+08:00,akshare
sz301010,晶雪节能,sz,,active,False,True,2026-08-07T01:14:17+08:00,akshare
sz301011,华立科技,sz,,active,False,True,2026-08-07T01:14:17+08:00,akshare
sz301012,扬电科技,sz,,active,False,True,2026-08-07T01:14:17+08:00,akshare
sz301013,利和兴,sz,,active,False,True,2026-08-07T01:14:17+08:00,akshare
sz301015,百洋医药,sz,,active,False,True,2026-08-07T01:14:17+08:00,akshare
sz301016,雷尔伟,sz,,active,False,True,2026-08-07T01:14:17+08:00,akshare
sz301017,漱玉平民,sz,,active,False,True,2026-08-07T01:14:17+08:00,akshare
sz301018,申菱环境,sz,,active,False,True,2026-08-07T01:14:17+08:00,akshare
sz301019,宁波色母,sz,,active,False,True,2026-08-07T01:14:17+08:00,akshare
sz301020,密封科技,sz,,active,False,True,2026-08-07T01:14:17+08:00,akshare
sz301021,英诺激光,sz,,active,False,True,2026-08-07T01:14:17+08:00,akshare
sz301022,海泰科,sz,,active,False,True,2026-08-07T01:14:17+08:00,akshare
sz301023,奕帆传动,sz,,active,False,True,2026-08-07T01:14:17+08:00,akshare
sz301024,霍普股份,sz,,active,False,True,2026-08-07T01:14:17+08:00,akshare
sz301025,读客文化,sz,,active,False,True,2026-08-07T01:14:17+08:00,akshare
sz301026,浩通科技,sz,,active,False,True,2026-08-07T01:14:17+08:00,akshare
sz301027,华蓝集团,sz,,active,False,True,2026-08-07T01:14:17+08:00,akshare
sz301028,鼎熔岩,sz,,active,False,True,2026-08-07T01:14:17+08:00,akshare
sz301029,怡合达,sz,,active,False,True,2026-08-07T01:14:17+08:00,akshare
sz301030,*ST仕净,sz,,active,True,True,2026-08-07T01:14:17+08:00,akshare
sz301031,中熔电气,sz,,active,False,True,2026-08-07T01:14:17+08:00,akshare
sz301032,新柴股份,sz,,active,False,True,2026-08-07T01:14:17+08:00,akshare
sz301033,迈普医学,sz,,active,False,True,2026-08-07T01:14:17+08:00,akshare
sz301035,润丰股份,sz,,active,False,True,2026-08-07T01:14:17+08:00,akshare
sz301036,双乐股份,sz,,active,False,True,2026-08-07T01:14:17+08:00,akshare
sz301037,保立佳,sz,,active,False,True,2026-08-07T01:14:17+08:00,akshare
sz301038,深水规院,sz,,active,False,True,2026-08-07T01:14:17+08:00,akshare
sz301039,中集车辆,sz,,active,False,True,2026-08-07T01:14:17+08:00,akshare
sz301040,中环海陆,sz,,active,False,True,2026-08-07T01:14:17+08:00,akshare
sz301041,金百泽,sz,,active,False,True,2026-08-07T01:14:17+08:00,akshare
sz301042,安联锐视,sz,,active,False,True,2026-08-07T01:14:17+08:00,akshare
sz301043,绿岛风,sz,,active,False,True,2026-08-07T01:14:17+08:00,akshare
sz301045,天禄科技,sz,,active,False,True,2026-08-07T01:14:17+08:00,akshare
sz301046,能辉科技,sz,,active,False,True,2026-08-07T01:14:17+08:00,akshare
sz301047,义翘神州,sz,,active,False,True,2026-08-07T01:14:17+08:00,akshare
sz301048,金鹰重工,sz,,active,False,True,2026-08-07T01:14:17+08:00,akshare
sz301049,超越科技,sz,,active,False,True,2026-08-07T01:14:17+08:00,akshare
sz301050,雷电微力,sz,,active,False,True,2026-08-07T01:14:17+08:00,akshare
sz301051,信濠光电,sz,,active,False,True,2026-08-07T01:14:17+08:00,akshare
sz301052,果麦文化,sz,,active,False,True,2026-08-07T01:14:17+08:00,akshare
sz301053,远信工业,sz,,active,False,True,2026-08-07T01:14:17+08:00,akshare
sz301055,张小泉,sz,,active,False,True,2026-08-07T01:14:17+08:00,akshare
sz301056,森赫股份,sz,,active,False,True,2026-08-07T01:14:17+08:00,akshare
sz301057,汇隆新材,sz,,active,False,True,2026-08-07T01:14:17+08:00,akshare
sz301058,中粮科工,sz,,active,False,True,2026-08-07T01:14:17+08:00,akshare
sz301059,金三江,sz,,active,False,True,2026-08-07T01:14:17+08:00,akshare
sz301060,兰卫医学,sz,,active,False,True,2026-08-07T01:14:17+08:00,akshare
sz301061,匠心家居,sz,,active,False,True,2026-08-07T01:14:17+08:00,akshare
sz301062,上海艾录,sz,,active,False,True,2026-08-07T01:14:17+08:00,akshare
sz301063,海锅股份,sz,,active,False,True,2026-08-07T01:14:17+08:00,akshare
sz301065,本立科技,sz,,active,False,True,2026-08-07T01:14:17+08:00,akshare
sz301066,万事利,sz,,active,False,True,2026-08-07T01:14:17+08:00,akshare
sz301067,显盈科技,sz,,active,False,True,2026-08-07T01:14:17+08:00,akshare
sz301068,大地海洋,sz,,active,False,True,2026-08-07T01:14:17+08:00,akshare
sz301069,凯盛新材,sz,,active,False,True,2026-08-07T01:14:17+08:00,akshare
sz301070,开勒股份,sz,,active,False,True,2026-08-07T01:14:17+08:00,akshare
sz301071,力量钻石,sz,,active,False,True,2026-08-07T01:14:17+08:00,akshare
sz301072,中捷精工,sz,,active,False,True,2026-08-07T01:14:17+08:00,akshare
sz301073,君亭酒店,sz,,active,False,True,2026-08-07T01:14:17+08:00,akshare
sz301075,多瑞医药,sz,,active,False,True,2026-08-07T01:14:17+08:00,akshare
sz301076,新瀚新材,sz,,active,False,True,2026-08-07T01:14:17+08:00,akshare
sz301077,星华新材,sz,,active,False,True,2026-08-07T01:14:17+08:00,akshare
sz301078,孩子王,sz,,active,False,True,2026-08-07T01:14:17+08:00,akshare
sz301079,邵阳液压,sz,,active,False,True,2026-08-07T01:14:17+08:00,akshare
sz301080,百普赛斯,sz,,active,False,True,2026-08-07T01:14:17+08:00,akshare
sz301081,严牌股份,sz,,active,False,True,2026-08-07T01:14:17+08:00,akshare
sz301082,久盛电气,sz,,active,False,True,2026-08-07T01:14:17+08:00,akshare
sz301083,百胜智能,sz,,active,False,True,2026-08-07T01:14:17+08:00,akshare
sz301085,亚康股份,sz,,active,False,True,2026-08-07T01:14:17+08:00,akshare
sz301086,鸿富瀚,sz,,active,False,True,2026-08-07T01:14:17+08:00,akshare
sz301087,可孚医疗,sz,,active,False,True,2026-08-07T01:14:17+08:00,akshare
sz301088,戎美股份,sz,,active,False,True,2026-08-07T01:14:17+08:00,akshare
sz301089,拓新药业,sz,,active,False,True,2026-08-07T01:14:17+08:00,akshare
sz301090,华润材料,sz,,active,False,True,2026-08-07T01:14:17+08:00,akshare
sz301091,深城交,sz,,active,False,True,2026-08-07T01:14:17+08:00,akshare
sz301092,争光股份,sz,,active,False,True,2026-08-07T01:14:17+08:00,akshare
sz301093,华兰股份,sz,,active,False,True,2026-08-07T01:14:17+08:00,akshare
sz301095,广立微,sz,,active,False,True,2026-08-07T01:14:17+08:00,akshare
sz301096,百诚医药,sz,,active,False,True,2026-08-07T01:14:17+08:00,akshare
sz301097,天益医疗,sz,,active,False,True,2026-08-07T01:14:17+08:00,akshare
sz301098,金埔园林,sz,,active,False,True,2026-08-07T01:14:17+08:00,akshare
sz301099,雅创电子,sz,,active,False,True,2026-08-07T01:14:17+08:00,akshare
sz301100,风光股份,sz,,active,False,True,2026-08-07T01:14:17+08:00,akshare
sz301101,明月镜片,sz,,active,False,True,2026-08-07T01:14:17+08:00,akshare
sz301102,兆讯传媒,sz,,active,False,True,2026-08-07T01:14:17+08:00,akshare
sz301103,何氏眼科,sz,,active,False,True,2026-08-07T01:14:17+08:00,akshare
sz301105,鸿铭股份,sz,,active,False,True,2026-08-07T01:14:17+08:00,akshare
sz301106,骏成科技,sz,,active,False,True,2026-08-07T01:14:17+08:00,akshare
sz301107,瑜欣电子,sz,,active,False,True,2026-08-07T01:14:17+08:00,akshare
sz301108,洁雅股份,sz,,active,False,True,2026-08-07T01:14:17+08:00,akshare
sz301109,军信股份,sz,,active,False,True,2026-08-07T01:14:17+08:00,akshare
sz301110,青木科技,sz,,active,False,True,2026-08-07T01:14:17+08:00,akshare
sz301111,粤万年青,sz,,active,False,True,2026-08-07T01:14:17+08:00,akshare
sz301112,信邦智能,sz,,active,False,True,2026-08-07T01:14:17+08:00,akshare
sz301113,雅艺科技,sz,,active,False,True,2026-08-07T01:14:17+08:00,akshare
sz301115,联检科技,sz,,active,False,True,2026-08-07T01:14:17+08:00,akshare
sz301116,益客食品,sz,,active,False,True,2026-08-07T01:14:17+08:00,akshare
sz301117,佳缘科技,sz,,active,False,True,2026-08-07T01:14:17+08:00,akshare
sz301118,恒光股份,sz,,active,False,True,2026-08-07T01:14:17+08:00,akshare
sz301119,正强股份,sz,,active,False,True,2026-08-07T01:14:17+08:00,akshare
sz301120,新特电气,sz,,active,False,True,2026-08-07T01:14:17+08:00,akshare
sz301121,紫建电子,sz,,active,False,True,2026-08-07T01:14:17+08:00,akshare
sz301122,采纳股份,sz,,active,False,True,2026-08-07T01:14:17+08:00,akshare
sz301123,奕东电子,sz,,active,False,True,2026-08-07T01:14:17+08:00,akshare
sz301125,腾亚精工,sz,,active,False,True,2026-08-07T01:14:17+08:00,akshare
sz301126,达嘉维康,sz,,active,False,True,2026-08-07T01:14:17+08:00,akshare
sz301127,武汉天源,sz,,active,False,True,2026-08-07T01:14:17+08:00,akshare
sz301128,强瑞技术,sz,,active,False,True,2026-08-07T01:14:17+08:00,akshare
sz301129,瑞纳智能,sz,,active,False,True,2026-08-07T01:14:17+08:00,akshare
sz301130,西点药业,sz,,active,False,True,2026-08-07T01:14:17+08:00,akshare
sz301131,聚赛龙,sz,,active,False,True,2026-08-07T01:14:17+08:00,akshare
sz301132,满坤科技,sz,,active,False,True,2026-08-07T01:14:17+08:00,akshare
sz301133,金钟股份,sz,,active,False,True,2026-08-07T01:14:17+08:00,akshare
sz301135,瑞德智能,sz,,active,False,True,2026-08-07T01:14:17+08:00,akshare
sz301136,招标股份,sz,,active,False,True,2026-08-07T01:14:17+08:00,akshare
sz301137,哈焊华通,sz,,active,False,True,2026-08-07T01:14:17+08:00,akshare
sz301138,华研精机,sz,,active,False,True,2026-08-07T01:14:17+08:00,akshare
sz301139,*ST元道,sz,,active,True,True,2026-08-07T01:14:17+08:00,akshare
sz301141,中科磁业,sz,,active,False,True,2026-08-07T01:14:17+08:00,akshare
sz301148,嘉戎技术,sz,,active,False,True,2026-08-07T01:14:17+08:00,akshare
sz301149,隆华新材,sz,,active,False,True,2026-08-07T01:14:17+08:00,akshare
sz301150,中一科技,sz,,active,False,True,2026-08-07T01:14:17+08:00,akshare
sz301151,冠龙节能,sz,,active,False,True,2026-08-07T01:14:17+08:00,akshare
sz301152,天力锂能,sz,,active,False,True,2026-08-07T01:14:17+08:00,akshare
sz301153,中科江南,sz,,active,False,True,2026-08-07T01:14:17+08:00,akshare
sz301155,海力风电,sz,,active,False,True,2026-08-07T01:14:17+08:00,akshare
sz301156,美农生物,sz,,active,False,True,2026-08-07T01:14:17+08:00,akshare
sz301157,华塑科技,sz,,active,False,True,2026-08-07T01:14:17+08:00,akshare
sz301158,德石股份,sz,,active,False,True,2026-08-07T01:14:17+08:00,akshare
sz301159,三维天地,sz,,active,False,True,2026-08-07T01:14:17+08:00,akshare
sz301160,翔楼新材,sz,,active,False,True,2026-08-07T01:14:17+08:00,akshare
sz301161,唯万密封,sz,,active,False,True,2026-08-07T01:14:17+08:00,akshare
sz301162,国能日新,sz,,active,False,True,2026-08-07T01:14:17+08:00,akshare
sz301163,宏德股份,sz,,active,False,True,2026-08-07T01:14:17+08:00,akshare
sz301165,锐捷网络,sz,,active,False,True,2026-08-07T01:14:17+08:00,akshare
sz301166,优宁维,sz,,active,False,True,2026-08-07T01:14:17+08:00,akshare
sz301167,建研设计,sz,,active,False,True,2026-08-07T01:14:17+08:00,akshare
sz301168,通灵股份,sz,,active,False,True,2026-08-07T01:14:17+08:00,akshare
sz301169,零点有数,sz,,active,False,True,2026-08-07T01:14:17+08:00,akshare
sz301170,锡南科技,sz,,active,False,True,2026-08-07T01:14:17+08:00,akshare
sz301171,易点天下,sz,,active,False,True,2026-08-07T01:14:17+08:00,akshare
sz301172,君逸数码,sz,,active,False,True,2026-08-07T01:14:17+08:00,akshare
sz301173,毓恬冠佳,sz,,active,False,True,2026-08-07T01:14:17+08:00,akshare
sz301175,中科环保,sz,,active,False,True,2026-08-07T01:14:17+08:00,akshare
sz301176,逸豪新材,sz,,active,False,True,2026-08-07T01:14:17+08:00,akshare
sz301177,迪阿股份,sz,,active,False,True,2026-08-07T01:14:17+08:00,akshare
sz301178,天亿马,sz,,active,False,True,2026-08-07T01:14:17+08:00,akshare
sz301179,泽宇智能,sz,,active,False,True,2026-08-07T01:14:17+08:00,akshare
sz301180,万祥科技,sz,,active,False,True,2026-08-07T01:14:17+08:00,akshare
sz301181,标榜股份,sz,,active,False,True,2026-08-07T01:14:17+08:00,akshare
sz301182,凯旺科技,sz,,active,False,True,2026-08-07T01:14:17+08:00,akshare
sz301183,东田微,sz,,active,False,True,2026-08-07T01:14:17+08:00,akshare
sz301185,鸥玛软件,sz,,active,False,True,2026-08-07T01:14:17+08:00,akshare
sz301186,超达装备,sz,,active,False,True,2026-08-07T01:14:17+08:00,akshare
sz301187,欧圣电气,sz,,active,False,True,2026-08-07T01:14:17+08:00,akshare
sz301188,力诺药包,sz,,active,False,True,2026-08-07T01:14:17+08:00,akshare
sz301189,奥尼电子,sz,,active,False,True,2026-08-07T01:14:17+08:00,akshare
sz301190,善水科技,sz,,active,False,True,2026-08-07T01:14:17+08:00,akshare
sz301191,菲菱科思,sz,,active,False,True,2026-08-07T01:14:17+08:00,akshare
sz301192,泰祥股份,sz,,active,False,True,2026-08-07T01:14:17+08:00,akshare
sz301193,家联科技,sz,,active,False,True,2026-08-07T01:14:17+08:00,akshare
sz301195,北路智控,sz,,active,False,True,2026-08-07T01:14:17+08:00,akshare
sz301196,唯科科技,sz,,active,False,True,2026-08-07T01:14:17+08:00,akshare
sz301197,工大科雅,sz,,active,False,True,2026-08-07T01:14:17+08:00,akshare
sz301198,喜悦智行,sz,,active,False,True,2026-08-07T01:14:17+08:00,akshare
sz301199,迈赫股份,sz,,active,False,True,2026-08-07T01:14:17+08:00,akshare
sz301200,大族数控,sz,,active,False,True,2026-08-07T01:14:17+08:00,akshare
sz301201,诚达药业,sz,,active,False,True,2026-08-07T01:14:17+08:00,akshare
sz301202,朗威股份,sz,,active,False,True,2026-08-07T01:14:17+08:00,akshare
sz301203,国泰环保,sz,,active,False,True,2026-08-07T01:14:17+08:00,akshare
sz301205,联特科技,sz,,active,False,True,2026-08-07T01:14:17+08:00,akshare
sz301206,三元生物,sz,,active,False,True,2026-08-07T01:14:17+08:00,akshare
sz301207,华兰疫苗,sz,,active,False,True,2026-08-07T01:14:17+08:00,akshare
sz301208,中亦科技,sz,,active,False,True,2026-08-07T01:14:17+08:00,akshare
sz301209,联合化学,sz,,active,False,True,2026-08-07T01:14:17+08:00,akshare
sz301210,金杨精密,sz,,active,False,True,2026-08-07T01:14:17+08:00,akshare
sz301211,亨迪药业,sz,,active,False,True,2026-08-07T01:14:17+08:00,akshare
sz301212,联盛化学,sz,,active,False,True,2026-08-07T01:14:17+08:00,akshare
sz301213,观想科技,sz,,active,False,True,2026-08-07T01:14:17+08:00,akshare
sz301215,中汽股份,sz,,active,False,True,2026-08-07T01:14:17+08:00,akshare
sz301216,万凯新材,sz,,active,False,True,2026-08-07T01:14:17+08:00,akshare
sz301217,铜冠铜箔,sz,,active,False,True,2026-08-07T01:14:17+08:00,akshare
sz301218,华是科技,sz,,active,False,True,2026-08-07T01:14:17+08:00,akshare
sz301219,腾远钴业,sz,,active,False,True,2026-08-07T01:14:17+08:00,akshare
sz301220,亚香股份,sz,,active,False,True,2026-08-07T01:14:17+08:00,akshare
sz301221,光庭信息,sz,,active,False,True,2026-08-07T01:14:17+08:00,akshare
sz301222,浙江恒威,sz,,active,False,True,2026-08-07T01:14:17+08:00,akshare
sz301223,中荣股份,sz,,active,False,True,2026-08-07T01:14:17+08:00,akshare
sz301225,恒勃股份,sz,,active,False,True,2026-08-07T01:14:17+08:00,akshare
sz301226,祥明智能,sz,,active,False,True,2026-08-07T01:14:17+08:00,akshare
sz301227,森鹰窗业,sz,,active,False,True,2026-08-07T01:14:17+08:00,akshare
sz301228,实朴检测,sz,,active,False,True,2026-08-07T01:14:17+08:00,akshare
sz301229,纽泰格,sz,,active,False,True,2026-08-07T01:14:17+08:00,akshare
sz301230,泓博医药,sz,,active,False,True,2026-08-07T01:14:17+08:00,akshare
sz301231,荣信文化,sz,,active,False,True,2026-08-07T01:14:17+08:00,akshare
sz301232,飞沃科技,sz,,active,False,True,2026-08-07T01:14:17+08:00,akshare
sz301233,盛帮股份,sz,,active,False,True,2026-08-07T01:14:17+08:00,akshare
sz301234,五洲医疗,sz,,active,False,True,2026-08-07T01:14:17+08:00,akshare
sz301235,华康洁净,sz,,active,False,True,2026-08-07T01:14:17+08:00,akshare
sz301236,软通动力,sz,,active,False,True,2026-08-07T01:14:17+08:00,akshare
sz301237,和顺科技,sz,,active,False,True,2026-08-07T01:14:17+08:00,akshare
sz301238,瑞泰新材,sz,,active,False,True,2026-08-07T01:14:17+08:00,akshare
sz301239,普瑞眼科,sz,,active,False,True,2026-08-07T01:14:17+08:00,akshare
sz301246,宏源药业,sz,,active,False,True,2026-08-07T01:14:17+08:00,akshare
sz301248,杰创智能,sz,,active,False,True,2026-08-07T01:14:17+08:00,akshare
sz301251,威尔高,sz,,active,False,True,2026-08-07T01:14:17+08:00,akshare
sz301252,同星科技,sz,,active,False,True,2026-08-07T01:14:17+08:00,akshare
sz301255,通力科技,sz,,active,False,True,2026-08-07T01:14:17+08:00,akshare
sz301256,华融化学,sz,,active,False,True,2026-08-07T01:14:17+08:00,akshare
sz301257,普蕊斯,sz,,active,False,True,2026-08-07T01:14:17+08:00,akshare
sz301258,富士莱,sz,,active,False,True,2026-08-07T01:14:17+08:00,akshare
sz301259,艾布鲁,sz,,active,False,True,2026-08-07T01:14:17+08:00,akshare
sz301260,格力博,sz,,active,False,True,2026-08-07T01:14:17+08:00,akshare
sz301261,恒工精密,sz,,active,False,True,2026-08-07T01:14:17+08:00,akshare
sz301262,海看股份,sz,,active,False,True,2026-08-07T01:14:17+08:00,akshare
sz301263,泰恩康,sz,,active,False,True,2026-08-07T01:14:17+08:00,akshare
sz301265,华新科技,sz,,active,False,True,2026-08-07T01:14:17+08:00,akshare
sz301266,宇邦新材,sz,,active,False,True,2026-08-07T01:14:17+08:00,akshare
sz301267,华厦眼科,sz,,active,False,True,2026-08-07T01:14:17+08:00,akshare
sz301268,铭利达,sz,,active,False,True,2026-08-07T01:14:17+08:00,akshare
sz301269,华大九天,sz,,active,False,True,2026-08-07T01:14:17+08:00,akshare
sz301270,汉仪股份,sz,,active,False,True,2026-08-07T01:14:17+08:00,akshare
sz301272,英华特,sz,,active,False,True,2026-08-07T01:14:17+08:00,akshare
sz301273,瑞晨环保,sz,,active,False,True,2026-08-07T01:14:17+08:00,akshare
sz301275,汉朔科技,sz,,active,False,True,2026-08-07T01:14:17+08:00,akshare
sz301276,嘉曼服饰,sz,,active,False,True,2026-08-07T01:14:17+08:00,akshare
sz301277,新天地,sz,,active,False,True,2026-08-07T01:14:17+08:00,akshare
sz301278,快可电子,sz,,active,False,True,2026-08-07T01:14:17+08:00,akshare
sz301279,金道科技,sz,,active,False,True,2026-08-07T01:14:17+08:00,akshare
sz301280,珠城科技,sz,,active,False,True,2026-08-07T01:14:17+08:00,akshare
sz301281,科源制药,sz,,active,False,True,2026-08-07T01:14:17+08:00,akshare
sz301282,金禄电子,sz,,active,False,True,2026-08-07T01:14:17+08:00,akshare
sz301283,聚胶股份,sz,,active,False,True,2026-08-07T01:14:17+08:00,akshare
sz301285,鸿日达,sz,,active,False,True,2026-08-07T01:14:17+08:00,akshare
sz301286,侨源股份,sz,,active,False,True,2026-08-07T01:14:17+08:00,akshare
sz301287,康力源,sz,,active,False,True,2026-08-07T01:14:17+08:00,akshare
sz301288,清研环境,sz,,active,False,True,2026-08-07T01:14:17+08:00,akshare
sz301289,国缆检测,sz,,active,False,True,2026-08-07T01:14:17+08:00,akshare
sz301290,东星医疗,sz,,active,False,True,2026-08-07T01:14:17+08:00,akshare
sz301291,明阳电气,sz,,active,False,True,2026-08-07T01:14:17+08:00,akshare
sz301292,海科新源,sz,,active,False,True,2026-08-07T01:14:17+08:00,akshare
sz301293,三博脑科,sz,,active,False,True,2026-08-07T01:14:17+08:00,akshare
sz301295,美硕科技,sz,,active,False,True,2026-08-07T01:14:17+08:00,akshare
sz301296,新巨丰,sz,,active,False,True,2026-08-07T01:14:17+08:00,akshare
sz301297,富乐德,sz,,active,False,True,2026-08-07T01:14:17+08:00,akshare
sz301298,东利机械,sz,,active,False,True,2026-08-07T01:14:17+08:00,akshare
sz301299,卓创资讯,sz,,active,False,True,2026-08-07T01:14:17+08:00,akshare
sz301300,远翔新材,sz,,active,False,True,2026-08-07T01:14:17+08:00,akshare
sz301301,川宁生物,sz,,active,False,True,2026-08-07T01:14:17+08:00,akshare
sz301302,华如科技,sz,,active,False,True,2026-08-07T01:14:17+08:00,akshare
sz301303,真兰仪表,sz,,active,False,True,2026-08-07T01:14:17+08:00,akshare
sz301305,朗坤科技,sz,,active,False,True,2026-08-07T01:14:17+08:00,akshare
sz301306,西测测试,sz,,active,False,True,2026-08-07T01:14:17+08:00,akshare
sz301307,美利信,sz,,active,False,True,2026-08-07T01:14:17+08:00,akshare
sz301308,江波龙,sz,,active,False,True,2026-08-07T01:14:17+08:00,akshare
sz301309,万得凯,sz,,active,False,True,2026-08-07T01:14:17+08:00,akshare
sz301310,鑫宏业,sz,,active,False,True,2026-08-07T01:14:17+08:00,akshare
sz301311,昆船智能,sz,,active,False,True,2026-08-07T01:14:17+08:00,akshare
sz301312,智立方,sz,,active,False,True,2026-08-07T01:14:17+08:00,akshare
sz301313,凡拓数创,sz,,active,False,True,2026-08-07T01:14:17+08:00,akshare
sz301314,科瑞思,sz,,active,False,True,2026-08-07T01:14:17+08:00,akshare
sz301315,威士顿,sz,,active,False,True,2026-08-07T01:14:17+08:00,akshare
sz301316,慧博云通,sz,,active,False,True,2026-08-07T01:14:17+08:00,akshare
sz301317,鑫磊股份,sz,,active,False,True,2026-08-07T01:14:17+08:00,akshare
sz301318,维海德,sz,,active,False,True,2026-08-07T01:14:17+08:00,akshare
sz301319,唯特偶,sz,,active,False,True,2026-08-07T01:14:17+08:00,akshare
sz301320,豪江智能,sz,,active,False,True,2026-08-07T01:14:17+08:00,akshare
sz301321,翰博高新,sz,,active,False,True,2026-08-07T01:14:17+08:00,akshare
sz301322,绿通科技,sz,,active,False,True,2026-08-07T01:14:17+08:00,akshare
sz301323,新莱福,sz,,active,False,True,2026-08-07T01:14:17+08:00,akshare
sz301325,曼恩斯特,sz,,active,False,True,2026-08-07T01:14:17+08:00,akshare
sz301326,捷邦科技,sz,,active,False,True,2026-08-07T01:14:17+08:00,akshare
sz301327,华宝新能,sz,,active,False,True,2026-08-07T01:14:17+08:00,akshare
sz301328,维峰电子,sz,,active,False,True,2026-08-07T01:14:17+08:00,akshare
sz301329,信音电子,sz,,active,False,True,2026-08-07T01:14:17+08:00,akshare
sz301330,熵基科技,sz,,active,False,True,2026-08-07T01:14:17+08:00,akshare
sz301331,恩威医药,sz,,active,False,True,2026-08-07T01:14:17+08:00,akshare
sz301332,德尔玛,sz,,active,False,True,2026-08-07T01:14:17+08:00,akshare
sz301333,诺思格,sz,,active,False,True,2026-08-07T01:14:17+08:00,akshare
sz301335,天元宠物,sz,,active,False,True,2026-08-07T01:14:17+08:00,akshare
sz301336,趣睡科技,sz,,active,False,True,2026-08-07T01:14:17+08:00,akshare
sz301337,亚华电子,sz,,active,False,True,2026-08-07T01:14:17+08:00,akshare
sz301338,凯格精机,sz,,active,False,True,2026-08-07T01:14:17+08:00,akshare
sz301339,通行宝,sz,,active,False,True,2026-08-07T01:14:17+08:00,akshare
sz301345,涛涛车业,sz,,active,False,True,2026-08-07T01:14:17+08:00,akshare
sz301348,蓝箭电子,sz,,active,False,True,2026-08-07T01:14:17+08:00,akshare
sz301349,信德新材,sz,,active,False,True,2026-08-07T01:14:17+08:00,akshare
sz301353,普莱得,sz,,active,False,True,2026-08-07T01:14:17+08:00,akshare
sz301355,南王科技,sz,,active,False,True,2026-08-07T01:14:17+08:00,akshare
sz301356,天振股份,sz,,active,False,True,2026-08-07T01:14:17+08:00,akshare
sz301357,北方长龙,sz,,active,False,True,2026-08-07T01:14:17+08:00,akshare
sz301358,湖南裕能,sz,,active,False,True,2026-08-07T01:14:17+08:00,akshare
sz301359,东南电子,sz,,active,False,True,2026-08-07T01:14:17+08:00,akshare
sz301360,荣旗科技,sz,,active,False,True,2026-08-07T01:14:17+08:00,akshare
sz301361,众智科技,sz,,active,False,True,2026-08-07T01:14:17+08:00,akshare
sz301362,民爆光电,sz,,active,False,True,2026-08-07T01:14:17+08:00,akshare
sz301363,美好医疗,sz,,active,False,True,2026-08-07T01:14:17+08:00,akshare
sz301365,矩阵股份,sz,,active,False,True,2026-08-07T01:14:17+08:00,akshare
sz301366,一博科技,sz,,active,False,True,2026-08-07T01:14:17+08:00,akshare
sz301367,瑞迈特,sz,,active,False,True,2026-08-07T01:14:17+08:00,akshare
sz301368,丰立智能,sz,,active,False,True,2026-08-07T01:14:17+08:00,akshare
sz301369,联动科技,sz,,active,False,True,2026-08-07T01:14:17+08:00,akshare
sz301370,国科恒泰,sz,,active,False,True,2026-08-07T01:14:17+08:00,akshare
sz301371,敷尔佳,sz,,active,False,True,2026-08-07T01:14:17+08:00,akshare
sz301372,科净源,sz,,active,False,True,2026-08-07T01:14:17+08:00,akshare
sz301373,凌玮科技,sz,,active,False,True,2026-08-07T01:14:17+08:00,akshare
sz301376,致欧科技,sz,,active,False,True,2026-08-07T01:14:17+08:00,akshare
sz301377,鼎泰高科,sz,,active,False,True,2026-08-07T01:14:17+08:00,akshare
sz301378,通达海,sz,,active,False,True,2026-08-07T01:14:17+08:00,akshare
sz301379,天山电子,sz,,active,False,True,2026-08-07T01:14:17+08:00,akshare
sz301380,挖金客,sz,,active,False,True,2026-08-07T01:14:17+08:00,akshare
sz301381,赛维时代,sz,,active,False,True,2026-08-07T01:14:17+08:00,akshare
sz301382,蜂助手,sz,,active,False,True,2026-08-07T01:14:17+08:00,akshare
sz301383,天键股份,sz,,active,False,True,2026-08-07T01:14:17+08:00,akshare
sz301386,未来电器,sz,,active,False,True,2026-08-07T01:14:17+08:00,akshare
sz301387,光大同创,sz,,active,False,True,2026-08-07T01:14:17+08:00,akshare
sz301388,欣灵电气,sz,,active,False,True,2026-08-07T01:14:17+08:00,akshare
sz301389,隆扬电子,sz,,active,False,True,2026-08-07T01:14:17+08:00,akshare
sz301390,经纬股份,sz,,active,False,True,2026-08-07T01:14:17+08:00,akshare
sz301391,卡莱特,sz,,active,False,True,2026-08-07T01:14:17+08:00,akshare
sz301392,汇成真空,sz,,active,False,True,2026-08-07T01:14:17+08:00,akshare
sz301393,昊帆生物,sz,,active,False,True,2026-08-07T01:14:17+08:00,akshare
sz301395,仁信新材,sz,,active,False,True,2026-08-07T01:14:17+08:00,akshare
sz301396,宏景科技,sz,,active,False,True,2026-08-07T01:14:17+08:00,akshare
sz301397,溯联股份,sz,,active,False,True,2026-08-07T01:14:17+08:00,akshare
sz301398,星源卓镁,sz,,active,False,True,2026-08-07T01:14:17+08:00,akshare
sz301399,英特科技,sz,,active,False,True,2026-08-07T01:14:17+08:00,akshare
sz301408,华人健康,sz,,active,False,True,2026-08-07T01:14:17+08:00,akshare
sz301413,安培龙,sz,,active,False,True,2026-08-07T01:14:17+08:00,akshare
sz301418,协昌科技,sz,,active,False,True,2026-08-07T01:14:17+08:00,akshare
sz301419,阿莱德,sz,,active,False,True,2026-08-07T01:14:17+08:00,akshare
sz301421,波长光电,sz,,active,False,True,2026-08-07T01:14:17+08:00,akshare
sz301428,世纪恒通,sz,,active,False,True,2026-08-07T01:14:17+08:00,akshare
sz301429,森泰股份,sz,,active,False,True,2026-08-07T01:14:17+08:00,akshare
sz301439,泓淋电力,sz,,active,False,True,2026-08-07T01:14:17+08:00,akshare
sz301446,福事特,sz,,active,False,True,2026-08-07T01:14:17+08:00,akshare
sz301448,开创电气,sz,,active,False,True,2026-08-07T01:14:17+08:00,akshare
sz301449,天溯计量,sz,,active,False,True,2026-08-07T01:14:17+08:00,akshare
sz301456,盘古智能,sz,,active,False,True,2026-08-07T01:14:17+08:00,akshare
sz301458,钧崴电子,sz,,active,False,True,2026-08-07T01:14:17+08:00,akshare
sz301459,丰茂股份,sz,,active,False,True,2026-08-07T01:14:17+08:00,akshare
sz301468,博盈特焊,sz,,active,False,True,2026-08-07T01:14:17+08:00,akshare
sz301469,恒达新材,sz,,active,False,True,2026-08-07T01:14:17+08:00,akshare
sz301479,弘景光电,sz,,active,False,True,2026-08-07T01:14:17+08:00,akshare
sz301486,致尚科技,sz,,active,False,True,2026-08-07T01:14:17+08:00,akshare
sz301487,盟固利,sz,,active,False,True,2026-08-07T01:14:17+08:00,akshare
sz301488,豪恩汽电,sz,,active,False,True,2026-08-07T01:14:17+08:00,akshare
sz301489,思泉新材,sz,,active,False,True,2026-08-07T01:14:17+08:00,akshare
sz301491,汉桑科技,sz,,active,False,True,2026-08-07T01:14:17+08:00,akshare
sz301498,乖宝宠物,sz,,active,False,True,2026-08-07T01:14:17+08:00,akshare
sz301499,维科精密,sz,,active,False,True,2026-08-07T01:14:17+08:00,akshare
sz301500,飞南资源,sz,,active,False,True,2026-08-07T01:14:17+08:00,akshare
sz301501,恒鑫生活,sz,,active,False,True,2026-08-07T01:14:17+08:00,akshare
sz301502,华阳智能,sz,,active,False,True,2026-08-07T01:14:17+08:00,akshare
sz301503,智迪科技,sz,,active,False,True,2026-08-07T01:14:17+08:00,akshare
sz301505,苏州规划,sz,,active,False,True,2026-08-07T01:14:17+08:00,akshare
sz301507,民生健康,sz,,active,False,True,2026-08-07T01:14:17+08:00,akshare
sz301508,中机认检,sz,,active,False,True,2026-08-07T01:14:17+08:00,akshare
sz301509,金凯生科,sz,,active,False,True,2026-08-07T01:14:17+08:00,akshare
sz301510,固高科技,sz,,active,False,True,2026-08-07T01:14:17+08:00,akshare
sz301511,德福科技,sz,,active,False,True,2026-08-07T01:14:17+08:00,akshare
sz301512,智信精密,sz,,active,False,True,2026-08-07T01:14:17+08:00,akshare
sz301513,尚水智能,sz,,active,False,True,2026-08-07T01:14:17+08:00,akshare
sz301515,港通医疗,sz,,active,False,True,2026-08-07T01:14:17+08:00,akshare
sz301516,中远通,sz,,active,False,True,2026-08-07T01:14:17+08:00,akshare
sz301517,陕西华达,sz,,active,False,True,2026-08-07T01:14:17+08:00,akshare
sz301518,长华化学,sz,,active,False,True,2026-08-07T01:14:17+08:00,akshare
sz301519,舜禹股份,sz,,active,False,True,2026-08-07T01:14:17+08:00,akshare
sz301520,万邦医药,sz,,active,False,True,2026-08-07T01:14:17+08:00,akshare
sz301522,上大股份,sz,,active,False,True,2026-08-07T01:14:17+08:00,akshare
sz301525,儒竞科技,sz,,active,False,True,2026-08-07T01:14:17+08:00,akshare
sz301526,国际复材,sz,,active,False,True,2026-08-07T01:14:17+08:00,akshare
sz301528,多浦乐,sz,,active,False,True,2026-08-07T01:14:17+08:00,akshare
sz301529,福赛科技,sz,,active,False,True,2026-08-07T01:14:17+08:00,akshare
sz301531,春光集团,sz,,active,False,True,2026-08-07T01:14:17+08:00,akshare
sz301533,威马农机,sz,,active,False,True,2026-08-07T01:14:17+08:00,akshare
sz301535,浙江华远,sz,,active,False,True,2026-08-07T01:14:17+08:00,akshare
sz301536,星宸科技,sz,,active,False,True,2026-08-07T01:14:17+08:00,akshare
sz301538,骏鼎达,sz,,active,False,True,2026-08-07T01:14:17+08:00,akshare
sz301539,宏鑫科技,sz,,active,False,True,2026-08-07T01:14:17+08:00,akshare
sz301548,崇德科技,sz,,active,False,True,2026-08-07T01:14:17+08:00,akshare
sz301550,斯菱智驱,sz,,active,False,True,2026-08-07T01:14:17+08:00,akshare
sz301551,无线传媒,sz,,active,False,True,2026-08-07T01:14:17+08:00,akshare
sz301552,科力装备,sz,,active,False,True,2026-08-07T01:14:17+08:00,akshare
sz301555,惠柏新材,sz,,active,False,True,2026-08-07T01:14:17+08:00,akshare
sz301556,托普云农,sz,,active,False,True,2026-08-07T01:14:17+08:00,akshare
sz301557,常友科技,sz,,active,False,True,2026-08-07T01:14:17+08:00,akshare
sz301558,三态股份,sz,,active,False,True,2026-08-07T01:14:17+08:00,akshare
sz301559,中集环科,sz,,active,False,True,2026-08-07T01:14:17+08:00,akshare
sz301560,众捷汽车,sz,,active,False,True,2026-08-07T01:14:17+08:00,akshare
sz301563,云汉芯城,sz,,active,False,True,2026-08-07T01:14:17+08:00,akshare
sz301565,中仑新材,sz,,active,False,True,2026-08-07T01:14:17+08:00,akshare
sz301566,达利凯普,sz,,active,False,True,2026-08-07T01:14:17+08:00,akshare
sz301567,贝隆精密,sz,,active,False,True,2026-08-07T01:14:17+08:00,akshare
sz301568,思泰克,sz,,active,False,True,2026-08-07T01:14:17+08:00,akshare
sz301571,国科天成,sz,,active,False,True,2026-08-07T01:14:17+08:00,akshare
sz301575,艾芬达,sz,,active,False,True,2026-08-07T01:14:17+08:00,akshare
sz301577,美信科技,sz,,active,False,True,2026-08-07T01:14:17+08:00,akshare
sz301578,辰奕智能,sz,,active,False,True,2026-08-07T01:14:17+08:00,akshare
sz301580,爱迪特,sz,,active,False,True,2026-08-07T01:14:17+08:00,akshare
sz301581,黄山谷捷,sz,,active,False,True,2026-08-07T01:14:17+08:00,akshare
sz301583,托伦斯,sz,,active,False,True,2026-08-07T01:14:17+08:00,akshare
sz301584,建发致新,sz,,active,False,True,2026-08-07T01:14:17+08:00,akshare
sz301585,蓝宇股份,sz,,active,False,True,2026-08-07T01:14:17+08:00,akshare
sz301586,佳力奇,sz,,active,False,True,2026-08-07T01:14:17+08:00,akshare
sz301587,中瑞股份,sz,,active,False,True,2026-08-07T01:14:17+08:00,akshare
sz301588,美新科技,sz,,active,False,True,2026-08-07T01:14:17+08:00,akshare
sz301589,诺瓦星云,sz,,active,False,True,2026-08-07T01:14:17+08:00,akshare
sz301590,优优绿能,sz,,active,False,True,2026-08-07T01:14:17+08:00,akshare
sz301591,肯特股份,sz,,active,False,True,2026-08-07T01:14:17+08:00,akshare
sz301592,六九一二,sz,,active,False,True,2026-08-07T01:14:17+08:00,akshare
sz301595,太力科技,sz,,active,False,True,2026-08-07T01:14:17+08:00,akshare
sz301596,瑞迪智驱,sz,,active,False,True,2026-08-07T01:14:17+08:00,akshare
sz301598,博科测试,sz,,active,False,True,2026-08-07T01:14:17+08:00,akshare
sz301599,理奇智能,sz,,active,False,True,2026-08-07T01:14:17+08:00,akshare
sz301600,慧翰股份,sz,,active,False,True,2026-08-07T01:14:17+08:00,akshare
sz301601,惠通科技,sz,,active,False,True,2026-08-07T01:14:17+08:00,akshare
sz301602,超研股份,sz,,active,False,True,2026-08-07T01:14:17+08:00,akshare
sz301603,乔锋智能,sz,,active,False,True,2026-08-07T01:14:17+08:00,akshare
sz301606,绿联科技,sz,,active,False,True,2026-08-07T01:14:17+08:00,akshare
sz301607,富特科技,sz,,active,False,True,2026-08-07T01:14:17+08:00,akshare
sz301608,博实结,sz,,active,False,True,2026-08-07T01:14:17+08:00,akshare
sz301609,山大电力,sz,,active,False,True,2026-08-07T01:14:17+08:00,akshare
sz301611,珂玛科技,sz,,active,False,True,2026-08-07T01:14:17+08:00,akshare
sz301613,新铝时代,sz,,active,False,True,2026-08-07T01:14:17+08:00,akshare
sz301616,浙江华业,sz,,active,False,True,2026-08-07T01:14:17+08:00,akshare
sz301617,博苑新材,sz,,active,False,True,2026-08-07T01:14:17+08:00,akshare
sz301618,长联科技,sz,,active,False,True,2026-08-07T01:14:17+08:00,akshare
sz301622,英思特,sz,,active,False,True,2026-08-07T01:14:17+08:00,akshare
sz301626,苏州天脉,sz,,active,False,True,2026-08-07T01:14:17+08:00,akshare
sz301628,强达电路,sz,,active,False,True,2026-08-07T01:14:17+08:00,akshare
sz301629,矽电股份,sz,,active,False,True,2026-08-07T01:14:17+08:00,akshare
sz301630,同宇新材,sz,,active,False,True,2026-08-07T01:14:17+08:00,akshare
sz301631,壹连科技,sz,,active,False,True,2026-08-07T01:14:17+08:00,akshare
sz301632,广东建科,sz,,active,False,True,2026-08-07T01:14:17+08:00,akshare
sz301633,港迪技术,sz,,active,False,True,2026-08-07T01:14:17+08:00,akshare
sz301636,泽润新能,sz,,active,False,True,2026-08-07T01:14:17+08:00,akshare
sz301638,南网数字,sz,,active,False,True,2026-08-07T01:14:17+08:00,akshare
sz301656,联合动力,sz,,active,False,True,2026-08-07T01:14:17+08:00,akshare
sz301658,首航新能,sz,,active,False,True,2026-08-07T01:14:17+08:00,akshare
sz301662,宏工科技,sz,,active,False,True,2026-08-07T01:14:17+08:00,akshare
sz301665,泰禾股份,sz,,active,False,True,2026-08-07T01:14:17+08:00,akshare
sz301666,大普微-UW,sz,,active,False,True,2026-08-07T01:14:17+08:00,akshare
sz301667,纳百川,sz,,active,False,True,2026-08-07T01:14:17+08:00,akshare
sz301668,昊创瑞通,sz,,active,False,True,2026-08-07T01:14:17+08:00,akshare
sz301669,高特电子,sz,,active,False,True,2026-08-07T01:14:17+08:00,akshare
sz301677,欣兴工具,sz,,active,False,True,2026-08-07T01:14:17+08:00,akshare
sz301678,新恒汇,sz,,active,False,True,2026-08-07T01:14:17+08:00,akshare
sz301680,固德电材,sz,,active,False,True,2026-08-07T01:14:17+08:00,akshare
sz301682,宏明电子,sz,,active,False,True,2026-08-07T01:14:17+08:00,akshare
sz301683,慧谷新材,sz,,active,False,True,2026-08-07T01:14:17+08:00,akshare
sz301687,新广益,sz,,active,False,True,2026-08-07T01:14:17+08:00,akshare
sz301696,三瑞智能,sz,,active,False,True,2026-08-07T01:14:17+08:00,akshare
sz302132,中航成飞,sz,,active,False,True,2026-08-07T01:14:17+08:00,akshare
