日期,类型,代码,名称,连板数
20251106,ZT,sh603122,合富中国,8.0
20251106,ZT,sz002255,海陆重工,4.0
20251106,ZT,sz002451,摩恩电气,3.0
20251106,ZT,sz000993,闽东电力,3.0
20251106,ZT,sz002300,太阳电缆,2.0
20251106,ZT,sz002478,常宝股份,2.0
20251106,ZT,sz002591,恒大高新,2.0
20251106,ZT,sz001209,洪兴股份,2.0
20251106,ZT,sh600550,保变电气,2.0
20251106,ZT,sz000533,顺钠股份,2.0
20251106,ZT,sh605060,联德股份,2.0
20251106,ZT,sh603188,亚邦股份,1.0
20251106,ZT,sh600370,三房巷  ,1.0
20251106,ZT,sz002170,芭田股份,1.0
20251106,ZT,sh600078,澄星股份,1.0
20251106,ZT,sz002562,兄弟科技,1.0
20251106,ZT,sz300437,清水源,1.0
20251106,ZT,sh600096,云天化  ,1.0
20251106,ZT,sh603225,新凤鸣  ,1.0
20251106,ZT,sh600218,全柴动力,1.0
20251106,ZT,sz300775,三角防务,1.0
20251106,ZT,sz000534,万泽股份,1.0
20251106,ZT,sh603109,神驰机电,1.0
20251106,ZT,sh600391,航发科技,1.0
20251106,ZT,sh605123,派克新材,1.0
20251106,ZT,sh603067,振华股份,1.0
20251106,ZT,sh603052,可川科技,1.0
20251106,ZT,sz000559,万向钱潮,1.0
20251106,ZT,sz001203,大中矿业,1.0
20251106,ZT,sz002083,孚日股份,1.0
20251106,ZT,sh688353,华盛锂电,1.0
20251106,ZT,sz002518,科士达,1.0
20251106,ZT,sh605196,华通线缆,1.0
20251106,ZT,sh601179,中国西电,1.0
20251106,ZT,sz002578,闽发铝业,1.0
20251106,ZT,sh600219,南山铝业,1.0
20251106,ZT,sz002160,常铝股份,1.0
20251106,ZT,sh601600,中国铝业,1.0
20251106,ZT,sh688048,长光华芯,1.0
20251106,ZT,sz001267,汇绿生态,1.0
20251106,ZT,sz002988,豪美新材,1.0
20251106,ZT,sz002384,东山精密,1.0
20251106,ZT,sz000922,佳电股份,1.0
20251106,ZT,sh603978,深圳新星,1.0
20251106,ZT,sh600506,统一股份,1.0
20251106,ZT,sh603516,淳中科技,1.0
20251106,ZT,sz002975,博杰股份,1.0
20251106,ZT,sh603931,格林达  ,1.0
20251106,ZT,sh603061,金海通  ,1.0
20251106,ZT,sz001309,德明利,1.0
20251106,ZT,sz000838,财信发展,1.0
20251106,ZT,sh600939,重庆建工,1.0
20251106,ZT,sz000514,渝 开 发,1.0
20251106,ZT,sz002196,方正电机,1.0
20251106,ZT,sh603040,新坐标  ,1.0
20251106,ZT,sh601877,正泰电器,1.0
20251106,ZT,sz000338,潍柴动力,1.0
20251106,ZT,sz002713,*ST东易,1.0
20251106,ZT,sz000609,ST中迪,1.0
20251106,ZT,sz002047,*ST宝鹰,1.0
20251106,ZT,sz000736,*ST中地,1.0
20251106,ZT,sz002485,ST雪发,1.0
20251106,ZT,sh603557,ST起步  ,1.0
20251106,ZT,sz000820,*ST节能,1.0
20251106,ZT,sz002122,ST汇洲,1.0
20251106,ZT,sz002816,*ST和科,1.0
20251106,ZT,sz002868,*ST绿康,1.0
20251106,ZT,sh601015,陕西黑猫,1.0
20251106,ZT,sz002851,麦格米特,1.0
20251106,ZT,sh603232,格尔软件,1.0
20251106,ZT,sz000700,模塑科技,1.0
20251106,ZT,sh600966,博汇纸业,1.0
20251107,ZT,sh603122,合富中国,9.0
20251107,ZT,sz002255,海陆重工,5.0
20251107,ZT,sz002451,摩恩电气,4.0
20251107,ZT,sz001209,洪兴股份,3.0
20251107,ZT,sz000514,渝 开 发,2.0
20251107,ZT,sh603978,深圳新星,2.0
20251107,ZT,sz002518,科士达,2.0
20251107,ZT,sz002196,方正电机,2.0
20251107,ZT,sh600078,澄星股份,2.0
20251107,ZT,sh600939,重庆建工,2.0
20251107,ZT,sz002083,孚日股份,2.0
20251107,ZT,sz300437,清水源,2.0
20251107,ZT,sz002522,浙江众成,1.0
20251107,ZT,sh600618,氯碱化工,1.0
20251107,ZT,sh600691,潞化科技,1.0
20251107,ZT,sz000912,泸天化,1.0
20251107,ZT,sz002250,联化科技,1.0
20251107,ZT,sh600610,中毅达  ,1.0
20251107,ZT,sz002805,丰元股份,1.0
20251107,ZT,sz002091,江苏国泰,1.0
20251107,ZT,sz002759,天际股份,1.0
20251107,ZT,sz000545,金浦钛业,1.0
20251107,ZT,sz002326,永太科技,1.0
20251107,ZT,sz002136,安 纳 达,1.0
20251107,ZT,sz002407,多氟多,1.0
20251107,ZT,sh603169,兰石重装,1.0
20251107,ZT,sz002658,雪迪龙,1.0
20251107,ZT,sz002119,康强电子,1.0
20251107,ZT,sh603759,海天股份,1.0
20251107,ZT,sz002897,意华股份,1.0
20251107,ZT,sh600537,亿晶光电,1.0
20251107,ZT,sh603185,弘元绿能,1.0
20251107,ZT,sz002927,泰永长征,1.0
20251107,ZT,sz002706,良信股份,1.0
20251107,ZT,sz000803,山高环能,1.0
20251107,ZT,sz300072,海新能科,1.0
20251107,ZT,sh688196,卓越新能,1.0
20251107,ZT,sh603131,上海沪工,1.0
20251107,ZT,sh605598,上海港湾,1.0
20251107,ZT,sz300102,乾照光电,1.0
20251107,ZT,sz000753,漳州发展,1.0
20251107,ZT,sz000632,三木集团,1.0
20251107,ZT,sh603663,三祥新材,1.0
20251107,ZT,sh603260,合盛硅业,1.0
20251107,ZT,sz300821,东岳硅材,1.0
20251107,ZT,sz000572,海马汽车,1.0
20251107,ZT,sh601969,海南矿业,1.0
20251107,ZT,sz002915,中欣氟材,1.0
20251107,ZT,sz002768,国恩股份,1.0
20251107,ZT,sh600678,四川金顶,1.0
20251107,ZT,sz002713,*ST东易,1.0
20251107,ZT,sz000609,ST中迪,1.0
20251107,ZT,sz002485,ST雪发,1.0
20251107,ZT,sz000608,*ST阳光,1.0
20251107,ZT,sz002868,*ST绿康,1.0
20251107,ZT,sz002306,*ST云网,1.0
20251107,ZT,sh603828,ST柯利达,1.0
20251107,ZT,sz002058,*ST威尔,1.0
20251107,ZT,sh603398,*ST沐邦 ,1.0
20251107,ZT,sh603813,*ST原尚 ,1.0
20251107,ZT,sz002950,奥美医疗,1.0
20251107,ZT,sh600292,远达环保,1.0
20251107,ZT,sh600179,安通控股,1.0
20251110,ZT,sz002451,摩恩电气,5.0
20251110,ZT,sz001209,洪兴股份,4.0
20251110,ZT,sh600939,重庆建工,3.0
20251110,ZT,sz002083,孚日股份,3.0
20251110,ZT,sh600078,澄星股份,3.0
20251110,ZT,sz300437,清水源,3.0
20251110,ZT,sh603185,弘元绿能,2.0
20251110,ZT,sz002136,安 纳 达,2.0
20251110,ZT,sz000632,三木集团,2.0
20251110,ZT,sh600678,四川金顶,2.0
20251110,ZT,sz002759,天际股份,2.0
20251110,ZT,sh600113,浙江东日,1.0
20251110,ZT,sz300997,欢乐家,1.0
20251110,ZT,sh601579,会稽山  ,1.0
20251110,ZT,sz002374,中锐股份,1.0
20251110,ZT,sh603536,惠发食品,1.0
20251110,ZT,sh600429,三元股份,1.0
20251110,ZT,sh605338,巴比食品,1.0
20251110,ZT,sz002910,庄园牧场,1.0
20251110,ZT,sh600702,舍得酒业,1.0
20251110,ZT,sz000799,酒鬼酒,1.0
20251110,ZT,sh688353,华盛锂电,1.0
20251110,ZT,sz002667,威领股份,1.0
20251110,ZT,sz002256,兆新股份,1.0
20251110,ZT,sh688148,芳源股份,1.0
20251110,ZT,sz000688,国城矿业,1.0
20251110,ZT,sz002426,胜利精密,1.0
20251110,ZT,sz000993,闽东电力,1.0
20251110,ZT,sh600815,厦工股份,1.0
20251110,ZT,sh600693,东百集团,1.0
20251110,ZT,sh600103,青山纸业,1.0
20251110,ZT,sh600067,冠城新材,1.0
20251110,ZT,sz002961,瑞达期货,1.0
20251110,ZT,sz000695,滨海能源,1.0
20251110,ZT,sh603778,国晟科技,1.0
20251110,ZT,sh603396,金辰股份,1.0
20251110,ZT,sh600819,耀皮玻璃,1.0
20251110,ZT,sh603938,三孚股份,1.0
20251110,ZT,sz002940,昂利康,1.0
20251110,ZT,sh600829,人民同泰,1.0
20251110,ZT,sz000788,北大医药,1.0
20251110,ZT,sh688670,金迪克  ,1.0
20251110,ZT,sz002432,九安医疗,1.0
20251110,ZT,sz000620,盈新发展,1.0
20251110,ZT,sz002213,大为股份,1.0
20251110,ZT,sh688233,神工股份,1.0
20251110,ZT,sz002654,万润科技,1.0
20251110,ZT,sh600751,海航科技,1.0
20251110,ZT,sz000069,华侨城Ａ,1.0
20251110,ZT,sh600082,海泰发展,1.0
20251110,ZT,sh601888,中国中免,1.0
20251110,ZT,sh600754,锦江酒店,1.0
20251110,ZT,sh600258,首旅酒店,1.0
20251110,ZT,sz000949,新乡化纤,1.0
20251110,ZT,sz000830,鲁西化工,1.0
20251110,ZT,sh600423,柳化股份,1.0
20251110,ZT,sh603533,掌阅科技,1.0
20251110,ZT,sz300959,线上线下,1.0
20251110,ZT,sz000533,顺钠股份,1.0
20251110,ZT,sz002208,合肥城建,1.0
20251110,ZT,sz002713,*ST东易,1.0
20251110,ZT,sz000609,ST中迪,1.0
20251110,ZT,sz002047,*ST宝鹰,1.0
20251110,ZT,sh603021,ST华鹏  ,1.0
20251110,ZT,sz000820,*ST节能,1.0
20251110,ZT,sz002868,*ST绿康,1.0
20251110,ZT,sz002306,*ST云网,1.0
20251110,ZT,sz002076,*ST星光,1.0
20251110,ZT,sh603813,*ST原尚 ,1.0
20251110,ZT,sh603828,ST柯利达,1.0
20251110,ZT,sz002122,ST汇洲,1.0
20251110,ZT,sh600735,ST新华锦,1.0
20251110,ZT,sh600228,*ST返利 ,1.0
20251110,ZT,sh603377,ST东时  ,1.0
20251110,ZT,sh600608,*ST沪科 ,1.0
20251110,ZT,sz000615,*ST美谷,1.0
20251110,ZT,sh603789,*ST星农 ,1.0
20251110,ZT,sh603268,*ST松发 ,1.0
20251110,ZT,sh600696,*ST岩石 ,1.0
20251110,ZT,sz002214,*ST大立,1.0
20251110,ZT,sz002717,ST岭南,1.0
20251110,ZT,sz002636,金安国纪,1.0
20251110,ZT,sz300131,英唐智控,1.0
20251110,ZT,sz002387,维信诺,1.0
20251110,ZT,sh601226,华电科工,1.0
20251110,ZT,sz000037,深南电A,1.0
20251110,ZT,sz001206,依依股份,1.0
20251110,ZT,sz002225,濮耐股份,1.0
20251110,ZT,sh605188,国光连锁,1.0
20251110,ZT,sh601121,宝地矿业,1.0
20251110,ZT,sh603429,集友股份,1.0
20251110,ZT,sz000686,东北证券,1.0
20251111,ZT,sz002451,摩恩电气,6.0
20251111,ZT,sz002083,孚日股份,4.0
20251111,ZT,sz000632,三木集团,3.0
20251111,ZT,sh688233,神工股份,2.0
20251111,ZT,sh600693,东百集团,2.0
20251111,ZT,sz002374,中锐股份,2.0
20251111,ZT,sh600829,人民同泰,2.0
20251111,ZT,sz300997,欢乐家,2.0
20251111,ZT,sh600113,浙江东日,2.0
20251111,ZT,sz300959,线上线下,2.0
20251111,ZT,sz002387,维信诺,2.0
20251111,ZT,sz000688,国城矿业,2.0
20251111,ZT,sz000069,华侨城Ａ,2.0
20251111,ZT,sh603778,国晟科技,2.0
20251111,ZT,sh600429,三元股份,2.0
20251111,ZT,sh603396,金辰股份,2.0
20251111,ZT,sh688670,金迪克  ,2.0
20251111,ZT,sh603938,三孚股份,2.0
20251111,ZT,sh600537,亿晶光电,1.0
20251111,ZT,sz002218,拓日新能,1.0
20251111,ZT,sz002309,中利集团,1.0
20251111,ZT,sz300393,中来股份,1.0
20251111,ZT,sz000619,海螺新材,1.0
20251111,ZT,sz002506,协鑫集成,1.0
20251111,ZT,sh600477,杭萧钢构,1.0
20251111,ZT,sh600475,华光环能,1.0
20251111,ZT,sz002196,方正电机,1.0
20251111,ZT,sz002204,大连重工,1.0
20251111,ZT,sz002691,冀凯股份,1.0
20251111,ZT,sh603683,晶华新材,1.0
20251111,ZT,sz002676,顺威股份,1.0
20251111,ZT,sz000008,神州高铁,1.0
20251111,ZT,sh600681,百川能源,1.0
20251111,ZT,sh688585,上纬新材,1.0
20251111,ZT,sh600737,中粮糖业,1.0
20251111,ZT,sz002286,保龄宝,1.0
20251111,ZT,bj920726,朱老六,1.0
20251111,ZT,sz002326,永太科技,1.0
20251111,ZT,sz002733,雄韬股份,1.0
20251111,ZT,sz300082,奥克股份,1.0
20251111,ZT,sh603663,三祥新材,1.0
20251111,ZT,sh603686,福龙马  ,1.0
20251111,ZT,sh600172,黄河旋风,1.0
20251111,ZT,sz300179,四方达,1.0
20251111,ZT,sh605580,恒盛能源,1.0
20251111,ZT,sz002728,特一药业,1.0
20251111,ZT,sh600222,太龙药业,1.0
20251111,ZT,sh600094,大名城  ,1.0
20251111,ZT,sz000631,顺发恒能,1.0
20251111,ZT,sh601567,三星医疗,1.0
20251111,ZT,sz300360,炬华科技,1.0
20251111,ZT,sz002328,新朋股份,1.0
20251111,ZT,sz002053,云南能投,1.0
20251111,ZT,sh600403,大有能源,1.0
20251111,ZT,sh600408,安泰集团,1.0
20251111,ZT,sh600516,方大炭素,1.0
20251111,ZT,sh688448,磁谷科技,1.0
20251111,ZT,sz002713,*ST东易,1.0
20251111,ZT,sz000609,ST中迪,1.0
20251111,ZT,sz002076,*ST星光,1.0
20251111,ZT,sz002868,*ST绿康,1.0
20251111,ZT,sh603268,*ST松发 ,1.0
20251111,ZT,sz000608,*ST阳光,1.0
20251111,ZT,sh603813,*ST原尚 ,1.0
20251111,ZT,sh603828,ST柯利达,1.0
20251111,ZT,sh603377,ST东时  ,1.0
20251111,ZT,sh603398,*ST沐邦 ,1.0
20251111,ZT,sh600130,*ST波导 ,1.0
20251111,ZT,sz000430,*ST张股,1.0
20251111,ZT,sz002620,ST瑞和,1.0
20251111,ZT,sh603389,*ST亚振 ,1.0
20251111,ZT,sz000908,*ST景峰,1.0
20251111,ZT,sh603122,合富中国,1.0
20251111,ZT,sz000407,胜利股份,1.0
20251111,ZT,sh600810,神马股份,1.0
20251111,ZT,sz000985,大庆华科,1.0
20251111,ZT,sh600831,广电网络,1.0
20251111,ZT,sh600714,金瑞矿业,1.0
20251111,ZT,sz000061,农 产 品,1.0
20251111,ZT,sz002718,友邦吊顶,1.0
20251111,ZT,sh601061,中信金属,1.0
20251111,ZT,sz301518,长华化学,1.0
20251112,ZT,sz002451,摩恩电气,7.0
20251112,ZT,sz002083,孚日股份,5.0
20251112,ZT,sz000632,三木集团,4.0
20251112,ZT,sz002374,中锐股份,3.0
20251112,ZT,sh600693,东百集团,3.0
20251112,ZT,sh600829,人民同泰,3.0
20251112,ZT,sh600113,浙江东日,3.0
20251112,ZT,sh603778,国晟科技,3.0
20251112,ZT,sh600429,三元股份,3.0
20251112,ZT,sz000631,顺发恒能,2.0
20251112,ZT,sh600408,安泰集团,2.0
20251112,ZT,sz002691,冀凯股份,2.0
20251112,ZT,sh600737,中粮糖业,2.0
20251112,ZT,sz000061,农 产 品,2.0
20251112,ZT,sz000619,海螺新材,2.0
20251112,ZT,sh603122,合富中国,2.0
20251112,ZT,sz000407,胜利股份,2.0
20251112,ZT,sh600681,百川能源,2.0
20251112,ZT,sz002309,中利集团,2.0
20251112,ZT,sz002256,兆新股份,1.0
20251112,ZT,sh603665,康隆达  ,1.0
20251112,ZT,sh600376,首开股份,1.0
20251112,ZT,sh600682,南京新百,1.0
20251112,ZT,sh603222,济民健康,1.0
20251112,ZT,sh600645,中源协和,1.0
20251112,ZT,sz300272,开能健康,1.0
20251112,ZT,sz002578,闽发铝业,1.0
20251112,ZT,sh601566,九牧王  ,1.0
20251112,ZT,sz002759,天际股份,1.0
20251112,ZT,sz000833,粤桂股份,1.0
20251112,ZT,sh603026,石大胜华,1.0
20251112,ZT,sz300937,药易购,1.0
20251112,ZT,sz300318,博晖创新,1.0
20251112,ZT,sz002864,盘龙药业,1.0
20251112,ZT,sz002317,众生药业,1.0
20251112,ZT,sz002207,准油股份,1.0
20251112,ZT,sz002490,山东墨龙,1.0
20251112,ZT,sh600871,石化油服,1.0
20251112,ZT,sz001298,好上好,1.0
20251112,ZT,sz002453,华软科技,1.0
20251112,ZT,sz002077,大港股份,1.0
20251112,ZT,sh603131,上海沪工,1.0
20251112,ZT,sh605598,上海港湾,1.0
20251112,ZT,sz000803,山高环能,1.0
20251112,ZT,sz300903,科翔股份,1.0
20251112,ZT,sz002713,*ST东易,1.0
20251112,ZT,sz000609,ST中迪,1.0
20251112,ZT,sz002047,*ST宝鹰,1.0
20251112,ZT,sz002868,*ST绿康,1.0
20251112,ZT,sh603268,*ST松发 ,1.0
20251112,ZT,sh603813,*ST原尚 ,1.0
20251112,ZT,sh603377,ST东时  ,1.0
20251112,ZT,sz000908,*ST景峰,1.0
20251112,ZT,sz000615,*ST美谷,1.0
20251112,ZT,sh603843,*ST正平 ,1.0
20251112,ZT,sz002647,*ST仁东,1.0
20251112,ZT,sh600107,ST尔雅  ,1.0
20251112,ZT,sz000972,*ST中基,1.0
20251112,ZT,sz002231,*ST奥维,1.0
20251112,ZT,sh603557,ST起步  ,1.0
20251112,ZT,sh600568,ST中珠  ,1.0
20251112,ZT,sz002569,*ST步森,1.0
20251112,ZT,sz000595,*ST宝实,1.0
20251112,ZT,sz000504,*ST生物,1.0
20251112,ZT,sz003041,真爱美家,1.0
20251112,ZT,sz003027,同兴科技,1.0
20251112,ZT,sz002175,东方智造,1.0
20251112,ZT,sh600654,中安科  ,1.0
20251112,ZT,sz001277,速达股份,1.0
20251112,ZT,sh605303,园林股份,1.0
20251112,ZT,sh600370,三房巷  ,1.0
20251112,ZT,sh605100,华丰股份,1.0
20251112,ZT,sh600556,天下秀  ,1.0
20251112,ZT,sh603655,朗博科技,1.0
20251112,ZT,sz003018,金富科技,1.0
20251112,ZT,sz002116,中国海诚,1.0
20251112,ZT,sz000593,德龙汇能,1.0
20251113,ZT,sz002451,摩恩电气,8.0
20251113,ZT,sz002083,孚日股份,6.0
20251113,ZT,sz000632,三木集团,5.0
20251113,ZT,sh600693,东百集团,4.0
20251113,ZT,sh600829,人民同泰,4.0
20251113,ZT,sh603778,国晟科技,4.0
20251113,ZT,sh600429,三元股份,4.0
20251113,ZT,sh600408,安泰集团,3.0
20251113,ZT,sh603122,合富中国,3.0
20251113,ZT,sz000407,胜利股份,3.0
20251113,ZT,sz002309,中利集团,3.0
20251113,ZT,sz003041,真爱美家,2.0
20251113,ZT,sz001277,速达股份,2.0
20251113,ZT,sh603026,石大胜华,2.0
20251113,ZT,sh601566,九牧王  ,2.0
20251113,ZT,sz002578,闽发铝业,2.0
20251113,ZT,sz003018,金富科技,2.0
20251113,ZT,sz002864,盘龙药业,2.0
20251113,ZT,sz000688,国城矿业,1.0
20251113,ZT,sz002326,永太科技,1.0
20251113,ZT,sh688353,华盛锂电,1.0
20251113,ZT,sz002426,胜利精密,1.0
20251113,ZT,sz300497,富祥药业,1.0
20251113,ZT,sh600152,维科技术,1.0
20251113,ZT,sz002192,融捷股份,1.0
20251113,ZT,sz003022,联泓新科,1.0
20251113,ZT,sz002108,沧州明珠,1.0
20251113,ZT,sh605378,野马电池,1.0
20251113,ZT,sz002080,中材科技,1.0
20251113,ZT,sh600711,盛屯矿业,1.0
20251113,ZT,sz001203,大中矿业,1.0
20251113,ZT,sz002709,天赐材料,1.0
20251113,ZT,sz000973,佛塑科技,1.0
20251113,ZT,sz300801,泰和科技,1.0
20251113,ZT,sz002240,盛新锂能,1.0
20251113,ZT,sh688602,康鹏科技,1.0
20251113,ZT,sz002805,丰元股份,1.0
20251113,ZT,sh603978,深圳新星,1.0
20251113,ZT,sz002812,恩捷股份,1.0
20251113,ZT,sz002497,雅化集团,1.0
20251113,ZT,sz301292,海科新源,1.0
20251113,ZT,sz002407,多氟多,1.0
20251113,ZT,sz002756,永兴材料,1.0
20251113,ZT,sh600815,厦工股份,1.0
20251113,ZT,sz002682,龙洲股份,1.0
20251113,ZT,sz000797,中国武夷,1.0
20251113,ZT,sz002228,合兴包装,1.0
20251113,ZT,sz002702,海欣食品,1.0
20251113,ZT,sh600686,金龙汽车,1.0
20251113,ZT,sz000592,平潭发展,1.0
20251113,ZT,sz000533,顺钠股份,1.0
20251113,ZT,sz002227,奥 特 迅,1.0
20251113,ZT,sz300827,上能电气,1.0
20251113,ZT,sz002150,通润装备,1.0
20251113,ZT,sh688411,海博思创,1.0
20251113,ZT,sh603881,数据港  ,1.0
20251113,ZT,sz300785,值得买,1.0
20251113,ZT,sz002153,石基信息,1.0
20251113,ZT,sh601116,三江购物,1.0
20251113,ZT,sz000633,合金投资,1.0
20251113,ZT,sz000426,兴业银锡,1.0
20251113,ZT,sh603132,金徽股份,1.0
20251113,ZT,sh603316,诚邦股份,1.0
20251113,ZT,sz002935,天奥电子,1.0
20251113,ZT,sh600246,万通发展,1.0
20251113,ZT,sh600807,济高发展,1.0
20251113,ZT,sz000863,三湘印象,1.0
20251113,ZT,sh600340,华夏幸福,1.0
20251113,ZT,sh600596,新安股份,1.0
20251113,ZT,sh600409,三友化工,1.0
20251113,ZT,sz002780,三夫户外,1.0
20251113,ZT,sz300949,奥雅股份,1.0
20251113,ZT,sz001266,宏英智能,1.0
20251113,ZT,sz002837,英维克,1.0
20251113,ZT,sh603966,法兰泰克,1.0
20251113,ZT,sz002713,*ST东易,1.0
20251113,ZT,sz002047,*ST宝鹰,1.0
20251113,ZT,sh603021,ST华鹏  ,1.0
20251113,ZT,sz002868,*ST绿康,1.0
20251113,ZT,sh603813,*ST原尚 ,1.0
20251113,ZT,sh603557,ST起步  ,1.0
20251113,ZT,sz000908,*ST景峰,1.0
20251113,ZT,sz000615,*ST美谷,1.0
20251113,ZT,sh603843,*ST正平 ,1.0
20251113,ZT,sh600107,ST尔雅  ,1.0
20251113,ZT,sz000972,*ST中基,1.0
20251113,ZT,sh600568,ST中珠  ,1.0
20251113,ZT,sz002620,ST瑞和,1.0
20251113,ZT,sz000430,*ST张股,1.0
20251113,ZT,sz002822,*ST中装,1.0
20251113,ZT,sz002586,*ST围海,1.0
20251113,ZT,sz000488,ST晨鸣,1.0
20251113,ZT,sz002024,ST易购,1.0
20251113,ZT,sz002005,ST德豪,1.0
20251113,ZT,sz002208,合肥城建,1.0
20251113,ZT,sz000572,海马汽车,1.0
20251113,ZT,sz002242,九阳股份,1.0
20251113,ZT,sh600576,祥源文旅,1.0
20251113,ZT,sh603948,建业股份,1.0
20251113,ZT,sz000889,中嘉博创,1.0
20251113,ZT,sh600105,永鼎股份,1.0
20251113,ZT,sz002251,步步高,1.0
20251113,ZT,sz000980,众泰汽车,1.0
20251113,ZT,sh600063,皖维高新,1.0
20251114,ZT,sz002083,孚日股份,7.0
20251114,ZT,sz000632,三木集团,6.0
20251114,ZT,sh600693,东百集团,5.0
20251114,ZT,sh600829,人民同泰,5.0
20251114,ZT,sh603778,国晟科技,5.0
20251114,ZT,sh600408,安泰集团,4.0
20251114,ZT,sz000407,胜利股份,4.0
20251114,ZT,sz003041,真爱美家,3.0
20251114,ZT,sh603026,石大胜华,3.0
20251114,ZT,sh601566,九牧王  ,3.0
20251114,ZT,sz001203,大中矿业,2.0
20251114,ZT,sz000633,合金投资,2.0
20251114,ZT,sz002682,龙洲股份,2.0
20251114,ZT,sz002780,三夫户外,2.0
20251114,ZT,sh603948,建业股份,2.0
20251114,ZT,sz002227,奥 特 迅,2.0
20251114,ZT,sz002805,丰元股份,2.0
20251114,ZT,sz001266,宏英智能,2.0
20251114,ZT,sz000592,平潭发展,2.0
20251114,ZT,sh600340,华夏幸福,2.0
20251114,ZT,sz002242,九阳股份,2.0
20251114,ZT,sz000833,粤桂股份,1.0
20251114,ZT,sz002963,豪尔赛,1.0
20251114,ZT,sz300584,海辰药业,1.0
20251114,ZT,sz002806,华锋股份,1.0
20251114,ZT,sz301150,中一科技,1.0
20251114,ZT,sz002846,英联股份,1.0
20251114,ZT,sz002593,日上集团,1.0
20251114,ZT,sh603817,海峡环保,1.0
20251114,ZT,sz300560,中富通,1.0
20251114,ZT,sz000547,航天发展,1.0
20251114,ZT,sz301017,漱玉平民,1.0
20251114,ZT,sh600272,开开实业,1.0
20251114,ZT,sz002788,鹭燕医药,1.0
20251114,ZT,sh688670,金迪克  ,1.0
20251114,ZT,sz002317,众生药业,1.0
20251114,ZT,sz002728,特一药业,1.0
20251114,ZT,sz002198,嘉应制药,1.0
20251114,ZT,sh600403,大有能源,1.0
20251114,ZT,sh600157,永泰能源,1.0
20251114,ZT,sh600792,云煤能源,1.0
20251114,ZT,sz000955,欣龙控股,1.0
20251114,ZT,sz000566,海南海药,1.0
20251114,ZT,sz300086,康芝药业,1.0
20251114,ZT,sh600333,长春燃气,1.0
20251114,ZT,sh600617,国新能源,1.0
20251114,ZT,sz300483,首华燃气,1.0
20251114,ZT,sh603628,清源股份,1.0
20251114,ZT,sh603366,日出东方,1.0
20251114,ZT,sz000039,中集集团,1.0
20251114,ZT,sz000958,电投产融,1.0
20251114,ZT,sz001332,锡装股份,1.0
20251114,ZT,sz002146,荣盛发展,1.0
20251114,ZT,sz002893,京能热力,1.0
20251114,ZT,sh600167,联美控股,1.0
20251114,ZT,sz002931,锋龙股份,1.0
20251114,ZT,sz001268,联合精密,1.0
20251114,ZT,sz000536,华映科技,1.0
20251114,ZT,sz002855,捷荣技术,1.0
20251114,ZT,sz002047,*ST宝鹰,1.0
20251114,ZT,sh603021,ST华鹏  ,1.0
20251114,ZT,sz002868,*ST绿康,1.0
20251114,ZT,sz000908,*ST景峰,1.0
20251114,ZT,sh600568,ST中珠  ,1.0
20251114,ZT,sh603843,*ST正平 ,1.0
20251114,ZT,sh600107,ST尔雅  ,1.0
20251114,ZT,sz002620,ST瑞和,1.0
20251114,ZT,sz002822,*ST中装,1.0
20251114,ZT,sz002569,*ST步森,1.0
20251114,ZT,sh600624,ST复华  ,1.0
20251114,ZT,sh603261,*ST立航 ,1.0
20251114,ZT,sz000656,*ST金科,1.0
20251114,ZT,sh600421,*ST华嵘 ,1.0
20251114,ZT,sz000820,*ST节能,1.0
20251114,ZT,sz002058,*ST威尔,1.0
20251114,ZT,sh600265,ST景谷  ,1.0
20251114,ZT,sz002485,ST雪发,1.0
20251114,ZT,sz002200,*ST交投,1.0
20251114,ZT,sh603353,和顺石油,1.0
20251114,ZT,sz000620,盈新发展,1.0
20251114,ZT,sh601279,英利汽车,1.0
20251114,ZT,sh603929,亚翔集成,1.0
20251114,ZT,sz001216,华瓷股份,1.0
20251114,ZT,sz001225,和泰机电,1.0
20251114,ZT,sz301201,诚达药业,1.0
20251114,ZT,sh605398,新炬网络,1.0
20251114,ZT,sh600327,大东方  ,1.0
20251114,ZT,sz000798,中水渔业,1.0
20251114,ZT,sz002250,联化科技,1.0
20251117,ZT,sz002083,孚日股份,8.0
20251117,ZT,sz000632,三木集团,7.0
20251117,ZT,sh600829,人民同泰,6.0
20251117,ZT,sh600408,安泰集团,5.0
20251117,ZT,sz000407,胜利股份,5.0
20251117,ZT,sz003041,真爱美家,4.0
20251117,ZT,sh601566,九牧王  ,4.0
20251117,ZT,sz001203,大中矿业,3.0
20251117,ZT,sz002682,龙洲股份,3.0
20251117,ZT,sz002805,丰元股份,3.0
20251117,ZT,sz000592,平潭发展,3.0
20251117,ZT,sh600340,华夏幸福,3.0
20251117,ZT,sh600403,大有能源,2.0
20251117,ZT,sz000547,航天发展,2.0
20251117,ZT,sz300560,中富通,2.0
20251117,ZT,sz301150,中一科技,2.0
20251117,ZT,sz001216,华瓷股份,2.0
20251117,ZT,sz000798,中水渔业,2.0
20251117,ZT,sz000566,海南海药,2.0
20251117,ZT,sh600327,大东方  ,2.0
20251117,ZT,sz002593,日上集团,2.0
20251117,ZT,sh603353,和顺石油,2.0
20251117,ZT,sh603366,日出东方,2.0
20251117,ZT,sz000620,盈新发展,2.0
20251117,ZT,sz002198,嘉应制药,2.0
20251117,ZT,sh600815,厦工股份,1.0
20251117,ZT,sz000797,中国武夷,1.0
20251117,ZT,sh603909,建发合诚,1.0
20251117,ZT,sz002512,达华智能,1.0
20251117,ZT,sz000905,厦门港务,1.0
20251117,ZT,sz002639,雪人集团,1.0
20251117,ZT,sz300300,海峡创新,1.0
20251117,ZT,sz000663,永安林业,1.0
20251117,ZT,sz002679,福建金森,1.0
20251117,ZT,sh600592,龙溪股份,1.0
20251117,ZT,sh688195,腾景科技,1.0
20251117,ZT,sz000688,国城矿业,1.0
20251117,ZT,sz002326,永太科技,1.0
20251117,ZT,sz002240,盛新锂能,1.0
20251117,ZT,sz002192,融捷股份,1.0
20251117,ZT,sz000973,佛塑科技,1.0
20251117,ZT,sz002497,雅化集团,1.0
20251117,ZT,sz000695,滨海能源,1.0
20251117,ZT,sh688005,容百科技,1.0
20251117,ZT,sz000546,金圆股份,1.0
20251117,ZT,sz002738,中矿资源,1.0
20251117,ZT,sz300390,天华新能,1.0
20251117,ZT,sh605303,园林股份,1.0
20251117,ZT,sh600410,华胜天成,1.0
20251117,ZT,sz000665,湖北广电,1.0
20251117,ZT,sh600156,华升股份,1.0
20251117,ZT,sz003007,直真科技,1.0
20251117,ZT,sz002298,中电鑫龙,1.0
20251117,ZT,sh688229,博睿数据,1.0
20251117,ZT,sz002990,盛视科技,1.0
20251117,ZT,sh600756,浪潮软件,1.0
20251117,ZT,sz001229,魅视科技,1.0
20251117,ZT,sz300612,宣亚国际,1.0
20251117,ZT,sh603232,格尔软件,1.0
20251117,ZT,sz002474,榕基软件,1.0
20251117,ZT,sh601360,三六零  ,1.0
20251117,ZT,sz300659,中孚信息,1.0
20251117,ZT,sh601606,长城军工,1.0
20251117,ZT,sz300427,红相股份,1.0
20251117,ZT,sz300589,江龙船艇,1.0
20251117,ZT,sh600376,首开股份,1.0
20251117,ZT,sh600506,统一股份,1.0
20251117,ZT,sh600577,精达股份,1.0
20251117,ZT,sz301261,恒工精密,1.0
20251117,ZT,sz000723,美锦能源,1.0
20251117,ZT,sh600097,开创国际,1.0
20251117,ZT,sh605178,时空科技,1.0
20251117,ZT,sz002927,泰永长征,1.0
20251117,ZT,sh603829,洛凯股份,1.0
20251117,ZT,sz002868,*ST绿康,1.0
20251117,ZT,sz000820,*ST节能,1.0
20251117,ZT,sh600568,ST中珠  ,1.0
20251117,ZT,sh603843,*ST正平 ,1.0
20251117,ZT,sz002620,ST瑞和,1.0
20251117,ZT,sh600265,ST景谷  ,1.0
20251117,ZT,sh600421,*ST华嵘 ,1.0
20251117,ZT,sz000595,*ST宝实,1.0
20251117,ZT,sz000608,*ST阳光,1.0
20251117,ZT,sh603398,*ST沐邦 ,1.0
20251117,ZT,sz000638,*ST万方,1.0
20251117,ZT,sz002789,*ST建艺,1.0
20251117,ZT,sz002388,ST新亚,1.0
20251117,ZT,sh600753,*ST海钦 ,1.0
20251117,ZT,sh600525,ST长园  ,1.0
20251117,ZT,sz002208,合肥城建,1.0
20251117,ZT,sz003027,同兴科技,1.0
20251117,ZT,sz002919,名臣健康,1.0
20251117,ZT,sz002205,国统股份,1.0
20251117,ZT,sz002795,永和智控,1.0
20251117,ZT,sz002218,拓日新能,1.0
20251117,ZT,sh605399,晨光新材,1.0
20251117,ZT,sz000090,天健集团,1.0
20251117,ZT,sz002356,赫美集团,1.0
20251117,ZT,sz000036,华联控股,1.0
20251117,ZT,sh601113,华鼎股份,1.0
20251118,ZT,sz000407,胜利股份,6.0
20251118,ZT,sz003041,真爱美家,5.0
20251118,ZT,sh601566,九牧王  ,5.0
20251118,ZT,sz002682,龙洲股份,4.0
20251118,ZT,sh600340,华夏幸福,4.0
20251118,ZT,sz000547,航天发展,3.0
20251118,ZT,sz000798,中水渔业,3.0
20251118,ZT,sh603353,和顺石油,3.0
20251118,ZT,sz001216,华瓷股份,3.0
20251118,ZT,sh600376,首开股份,2.0
20251118,ZT,sh603829,洛凯股份,2.0
20251118,ZT,sh600756,浪潮软件,2.0
20251118,ZT,sh600410,华胜天成,2.0
20251118,ZT,sz000546,金圆股份,2.0
20251118,ZT,sz002474,榕基软件,2.0
20251118,ZT,sh603232,格尔软件,2.0
20251118,ZT,sz300612,宣亚国际,2.0
20251118,ZT,sz002153,石基信息,1.0
20251118,ZT,sh605136,丽人丽妆,1.0
20251118,ZT,sz002878,元隆雅图,1.0
20251118,ZT,sz002877,智能自控,1.0
20251118,ZT,sz300078,思创医惠,1.0
20251118,ZT,sz002301,齐心集团,1.0
20251118,ZT,sh688365,光云科技,1.0
20251118,ZT,sz300071,福石控股,1.0
20251118,ZT,sz000681,视觉中国,1.0
20251118,ZT,sh603929,亚翔集成,1.0
20251118,ZT,sz002404,嘉欣丝绸,1.0
20251118,ZT,sh605255,天普股份,1.0
20251118,ZT,sh603163,圣晖集成,1.0
20251118,ZT,sh688486,龙迅股份,1.0
20251118,ZT,sz002029,七 匹 狼,1.0
20251118,ZT,sz002691,冀凯股份,1.0
20251118,ZT,sz002213,大为股份,1.0
20251118,ZT,sz002047,*ST宝鹰,1.0
20251118,ZT,sz002868,*ST绿康,1.0
20251118,ZT,sz000820,*ST节能,1.0
20251118,ZT,sh603813,*ST原尚 ,1.0
20251118,ZT,sh603843,*ST正平 ,1.0
20251118,ZT,sz002620,ST瑞和,1.0
20251118,ZT,sz000608,*ST阳光,1.0
20251118,ZT,sh603398,*ST沐邦 ,1.0
20251118,ZT,sz002822,*ST中装,1.0
20251118,ZT,sz002789,*ST建艺,1.0
20251118,ZT,sz000638,*ST万方,1.0
20251118,ZT,sz002485,ST雪发,1.0
20251118,ZT,sz002024,ST易购,1.0
20251118,ZT,sz000609,ST中迪,1.0
20251118,ZT,sz002693,*ST双成,1.0
20251118,ZT,sz000668,*ST荣控,1.0
20251118,ZT,sh603377,ST东时  ,1.0
20251118,ZT,sz000633,合金投资,1.0
20251118,ZT,sz001225,和泰机电,1.0
20251118,ZT,sz000955,欣龙控股,1.0
20251118,ZT,sz301201,诚达药业,1.0
20251118,ZT,sh600319,亚星化学,1.0
20251118,ZT,sh605389,长龄液压,1.0
20251118,ZT,sz002813,路畅科技,1.0
20251118,ZT,sz002715,登云股份,1.0
20251118,ZT,sz002836,新宏泽,1.0
20251118,ZT,sh603877,太平鸟  ,1.0
20251118,ZT,sh600280,中央商场,1.0
20251119,ZT,sz003041,真爱美家,6.0
20251119,ZT,sh601566,九牧王  ,6.0
20251119,ZT,sz000547,航天发展,4.0
20251119,ZT,sz001216,华瓷股份,4.0
20251119,ZT,sz000798,中水渔业,4.0
20251119,ZT,sz002474,榕基软件,3.0
20251119,ZT,sh600756,浪潮软件,3.0
20251119,ZT,sz000546,金圆股份,3.0
20251119,ZT,sz002213,大为股份,2.0
20251119,ZT,sz002877,智能自控,2.0
20251119,ZT,sh600280,中央商场,2.0
20251119,ZT,sh605136,丽人丽妆,2.0
20251119,ZT,sh603877,太平鸟  ,2.0
20251119,ZT,sh600319,亚星化学,2.0
20251119,ZT,sz002301,齐心集团,2.0
20251119,ZT,sh600097,开创国际,1.0
20251119,ZT,sz002086,东方海洋,1.0
20251119,ZT,sh600467,好当家  ,1.0
20251119,ZT,sz300094,国联水产,1.0
20251119,ZT,sh600257,大湖股份,1.0
20251119,ZT,sz002069,獐子岛,1.0
20251119,ZT,sz002696,百洋股份,1.0
20251119,ZT,sh603668,天马科技,1.0
20251119,ZT,sz000973,佛塑科技,1.0
20251119,ZT,sz002192,融捷股份,1.0
20251119,ZT,sz000017,深中华A,1.0
20251119,ZT,sz301118,恒光股份,1.0
20251119,ZT,sz002513,蓝丰生化,1.0
20251119,ZT,sz000635,英 力 特,1.0
20251119,ZT,sh600618,氯碱化工,1.0
20251119,ZT,sz300589,江龙船艇,1.0
20251119,ZT,sz300123,亚光科技,1.0
20251119,ZT,sh601890,亚星锚链,1.0
20251119,ZT,sh600685,中船防务,1.0
20251119,ZT,sz000663,永安林业,1.0
20251119,ZT,sz002228,合兴包装,1.0
20251119,ZT,sz002321,华英农业,1.0
20251119,ZT,sz001390,古麒绒材,1.0
20251119,ZT,sz301116,益客食品,1.0
20251119,ZT,sz002612,朗姿股份,1.0
20251119,ZT,sz301256,华融化学,1.0
20251119,ZT,sz000859,国风新材,1.0
20251119,ZT,sh603778,国晟科技,1.0
20251119,ZT,sh603212,赛伍技术,1.0
20251119,ZT,sz002927,泰永长征,1.0
20251119,ZT,sh605399,晨光新材,1.0
20251119,ZT,sz000609,ST中迪,1.0
20251119,ZT,sz000908,*ST景峰,1.0
20251119,ZT,sh603398,*ST沐邦 ,1.0
20251119,ZT,sz002485,ST雪发,1.0
20251119,ZT,sz002713,*ST东易,1.0
20251119,ZT,sz002122,ST汇洲,1.0
20251119,ZT,sh603268,*ST松发 ,1.0
20251119,ZT,sz002289,*ST宇顺,1.0
20251119,ZT,sz300379,*ST东通,1.0
20251119,ZT,sh600200,*ST苏吴 ,1.0
20251119,ZT,sz002208,合肥城建,1.0
20251119,ZT,sh601279,英利汽车,1.0
20251119,ZT,sh603216,梦天家居,1.0
20251119,ZT,sh605339,南侨食品,1.0
20251119,ZT,sh603129,春风动力,1.0
20251119,ZT,sz002255,海陆重工,1.0
20251119,ZT,sz002059,云南旅游,1.0
20251119,ZT,sh605028,世茂能源,1.0
20251120,ZT,sh601566,九牧王  ,7.0
20251120,ZT,sz000547,航天发展,5.0
20251120,ZT,sz000798,中水渔业,5.0
20251120,ZT,sz002474,榕基软件,4.0
20251120,ZT,sz002213,大为股份,3.0
20251120,ZT,sz002877,智能自控,3.0
20251120,ZT,sz000663,永安林业,2.0
20251120,ZT,sz000017,深中华A,2.0
20251120,ZT,sh603216,梦天家居,2.0
20251120,ZT,sz000859,国风新材,2.0
20251120,ZT,sh601279,英利汽车,2.0
20251120,ZT,sz001390,古麒绒材,2.0
20251120,ZT,sz300774,倍杰特,1.0
20251120,ZT,sz002753,永东股份,1.0
20251120,ZT,sz301092,争光股份,1.0
20251120,ZT,sz002455,百川股份,1.0
20251120,ZT,sz002141,贤丰控股,1.0
20251120,ZT,sh603978,深圳新星,1.0
20251120,ZT,sz002235,安妮股份,1.0
20251120,ZT,sh600734,实达集团,1.0
20251120,ZT,sh600826,兰生股份,1.0
20251120,ZT,sh600191,华资实业,1.0
20251120,ZT,sh600881,亚泰集团,1.0
20251120,ZT,sh600635,大众公用,1.0
20251120,ZT,sz002246,北化股份,1.0
20251120,ZT,sh600343,航天动力,1.0
20251120,ZT,sh601208,东材科技,1.0
20251120,ZT,sz300814,中富电路,1.0
20251120,ZT,sz000536,华映科技,1.0
20251120,ZT,sz002369,卓翼科技,1.0
20251120,ZT,sh600996,贵广网络,1.0
20251120,ZT,sh603803,瑞斯康达,1.0
20251120,ZT,sz000609,ST中迪,1.0
20251120,ZT,sh603398,*ST沐邦 ,1.0
20251120,ZT,sh603813,*ST原尚 ,1.0
20251120,ZT,sz300379,*ST东通,1.0
20251120,ZT,sh600200,*ST苏吴 ,1.0
20251120,ZT,sh600107,ST尔雅  ,1.0
20251120,ZT,sz300391,*ST长药,1.0
20251120,ZT,sh603559,ST通脉  ,1.0
20251120,ZT,sz000566,海南海药,1.0
20251120,ZT,sz002836,新宏泽,1.0
20251120,ZT,sz002205,国统股份,1.0
20251120,ZT,sz002331,皖通科技,1.0
20251120,ZT,sh603657,春光科技,1.0
20251120,ZT,sz002175,东方智造,1.0
20251120,ZT,sz000838,财信发展,1.0
20251120,ZT,sh603898,好莱客  ,1.0
20251120,ZT,sh603122,合富中国,1.0
20251121,ZT,sz000798,中水渔业,6.0
20251121,ZT,sz002474,榕基软件,5.0
20251121,ZT,sz000017,深中华A,3.0
20251121,ZT,sh603216,梦天家居,3.0
20251121,ZT,sz000859,国风新材,3.0
20251121,ZT,sh600996,贵广网络,2.0
20251121,ZT,sh603898,好莱客  ,2.0
20251121,ZT,sh600734,实达集团,2.0
20251121,ZT,sz000838,财信发展,2.0
20251121,ZT,sz000681,视觉中国,1.0
20251121,ZT,sz000892,欢瑞世纪,1.0
20251121,ZT,sz002811,郑中设计,1.0
20251121,ZT,sz002264,新 华 都,1.0
20251121,ZT,sz002279,久其软件,1.0
20251121,ZT,sz301171,易点天下,1.0
20251121,ZT,sz002069,獐子岛,1.0
20251121,ZT,sz002285,世联行,1.0
20251121,ZT,sh603280,南方路机,1.0
20251121,ZT,sh600592,龙溪股份,1.0
20251121,ZT,sh603398,*ST沐邦 ,1.0
20251121,ZT,sh600200,*ST苏吴 ,1.0
20251121,ZT,sz000638,*ST万方,1.0
20251121,ZT,sh603559,ST通脉  ,1.0
20251121,ZT,sh600421,*ST华嵘 ,1.0
20251121,ZT,sz001216,华瓷股份,1.0
20251121,ZT,sh603829,洛凯股份,1.0
20251121,ZT,sh605339,南侨食品,1.0
20251121,ZT,sh688227,品高股份,1.0
20251121,ZT,sz002084,海鸥住工,1.0
20251121,ZT,sz000070,特发信息,1.0
20251121,ZT,sh688622,禾信仪器,1.0
20251121,ZT,sz002307,北新路桥,1.0
20251121,ZT,sz001296,长江材料,1.0
20251124,ZT,sz000798,中水渔业,7.0
20251124,ZT,sh603216,梦天家居,4.0
20251124,ZT,sz000859,国风新材,4.0
20251124,ZT,sh600734,实达集团,3.0
20251124,ZT,sh688227,品高股份,2.0
20251124,ZT,sz002285,世联行,2.0
20251124,ZT,sz000892,欢瑞世纪,2.0
20251124,ZT,sz002307,北新路桥,2.0
20251124,ZT,sz000070,特发信息,2.0
20251124,ZT,sz001296,长江材料,2.0
20251124,ZT,sz002279,久其软件,2.0
20251124,ZT,sh603280,南方路机,2.0
20251124,ZT,sz002264,新 华 都,2.0
20251124,ZT,sh605136,丽人丽妆,1.0
20251124,ZT,sz002301,齐心集团,1.0
20251124,ZT,sz002153,石基信息,1.0
20251124,ZT,sz002093,国脉科技,1.0
20251124,ZT,sh603636,南威软件,1.0
20251124,ZT,sz002400,省广集团,1.0
20251124,ZT,sh601360,三六零  ,1.0
20251124,ZT,sz000547,航天发展,1.0
20251124,ZT,sh600343,航天动力,1.0
20251124,ZT,sz301136,招标股份,1.0
20251124,ZT,sz002413,雷科防务,1.0
20251124,ZT,sh688523,航天环宇,1.0
20251124,ZT,sh605598,上海港湾,1.0
20251124,ZT,sz002977,天箭科技,1.0
20251124,ZT,sh600855,航天长峰,1.0
20251124,ZT,sz003009,中天火箭,1.0
20251124,ZT,sz002046,国机精工,1.0
20251124,ZT,sz300589,江龙船艇,1.0
20251124,ZT,sh600685,中船防务,1.0
20251124,ZT,sz300516,久之洋,1.0
20251124,ZT,sh600764,中国海防,1.0
20251124,ZT,sh601606,长城军工,1.0
20251124,ZT,sz000663,永安林业,1.0
20251124,ZT,sz002228,合兴包装,1.0
20251124,ZT,sh605365,立达信  ,1.0
20251124,ZT,sh600686,金龙汽车,1.0
20251124,ZT,sh601116,三江购物,1.0
20251124,ZT,sh603106,恒银科技,1.0
20251124,ZT,sh603881,数据港  ,1.0
20251124,ZT,sh688365,光云科技,1.0
20251124,ZT,sh603778,国晟科技,1.0
20251124,ZT,sh601238,广汽集团,1.0
20251124,ZT,sz002348,高乐股份,1.0
20251124,ZT,sh688291,金橙子  ,1.0
20251124,ZT,sh600097,开创国际,1.0
20251124,ZT,sh603163,圣晖集成,1.0
20251124,ZT,sz002900,哈三联,1.0
20251124,ZT,sz000952,广济药业,1.0
20251124,ZT,sh600622,光大嘉宝,1.0
20251124,ZT,sh600200,*ST苏吴 ,1.0
20251124,ZT,sz000638,*ST万方,1.0
20251124,ZT,sh600735,ST新华锦,1.0
20251124,ZT,sz002822,*ST中装,1.0
20251124,ZT,sz002742,*ST三圣,1.0
20251124,ZT,sz002762,*ST金比,1.0
20251124,ZT,sz000736,*ST中地,1.0
20251124,ZT,sh600599,*ST熊猫 ,1.0
20251124,ZT,sh603825,ST华扬  ,1.0
20251124,ZT,sh600265,ST景谷  ,1.0
20251124,ZT,sh603021,ST华鹏  ,1.0
20251124,ZT,sz002197,ST证通,1.0
20251124,ZT,sh600568,ST中珠  ,1.0
20251124,ZT,sz003018,金富科技,1.0
20251124,ZT,sz000505,京粮控股,1.0
20251124,ZT,sz002574,明牌珠宝,1.0
20251124,ZT,sh600629,华建集团,1.0
20251124,ZT,sh600645,中源协和,1.0
20251124,ZT,sh603097,江苏华辰,1.0
20251124,ZT,sz002356,赫美集团,1.0
20251124,ZT,sz002319,乐通股份,1.0
20251124,ZT,sz002667,威领股份,1.0
20251124,ZT,sh603291,联合水务,1.0
20251124,ZT,sz002795,永和智控,1.0
20251124,ZT,sh603730,岱美股份,1.0
20251124,ZT,sz002919,名臣健康,1.0
20251124,ZT,sh603727,博迈科  ,1.0
20251125,ZT,sh603216,梦天家居,5.0
20251125,ZT,sh600734,实达集团,4.0
20251125,ZT,sh688227,品高股份,3.0
20251125,ZT,sz000892,欢瑞世纪,3.0
20251125,ZT,sz000070,特发信息,3.0
20251125,ZT,sz001296,长江材料,3.0
20251125,ZT,sz002264,新 华 都,3.0
20251125,ZT,sh600343,航天动力,2.0
20251125,ZT,sz002413,雷科防务,2.0
20251125,ZT,sh603778,国晟科技,2.0
20251125,ZT,sz000952,广济药业,2.0
20251125,ZT,sz003018,金富科技,2.0
20251125,ZT,sz002474,榕基软件,1.0
20251125,ZT,sz002659,凯文教育,1.0
20251125,ZT,sz300192,科德教育,1.0
20251125,ZT,sz002575,群兴玩具,1.0
20251125,ZT,sz002970,锐明技术,1.0
20251125,ZT,sz301638,南网数字,1.0
20251125,ZT,sh600556,天下秀  ,1.0
20251125,ZT,sz002729,好利科技,1.0
20251125,ZT,sz002752,昇兴股份,1.0
20251125,ZT,sh600033,福建高速,1.0
20251125,ZT,sz002398,垒知集团,1.0
20251125,ZT,sz002098,浔兴股份,1.0
20251125,ZT,sz000701,厦门信达,1.0
20251125,ZT,sh600802,福建水泥,1.0
20251125,ZT,sz000797,中国武夷,1.0
20251125,ZT,sh603803,瑞斯康达,1.0
20251125,ZT,sz002222,福晶科技,1.0
20251125,ZT,sh601869,长飞光纤,1.0
20251125,ZT,sz001267,汇绿生态,1.0
20251125,ZT,sh600105,永鼎股份,1.0
20251125,ZT,sh688048,长光华芯,1.0
20251125,ZT,sz000566,海南海药,1.0
20251125,ZT,sz000788,北大医药,1.0
20251125,ZT,sz002728,特一药业,1.0
20251125,ZT,sh688670,金迪克  ,1.0
20251125,ZT,sz000756,新华制药,1.0
20251125,ZT,sh603155,新亚强  ,1.0
20251125,ZT,sz002512,达华智能,1.0
20251125,ZT,sz002927,泰永长征,1.0
20251125,ZT,sz301117,佳缘科技,1.0
20251125,ZT,sz002463,沪电股份,1.0
20251125,ZT,sz002080,中材科技,1.0
20251125,ZT,sh603256,宏和科技,1.0
20251125,ZT,sh603186,华正新材,1.0
20251125,ZT,sh600110,诺德股份,1.0
20251125,ZT,sz002975,博杰股份,1.0
20251125,ZT,sh688205,德科立  ,1.0
20251125,ZT,sz300620,光库科技,1.0
20251125,ZT,sh603052,可川科技,1.0
20251125,ZT,sz000973,佛塑科技,1.0
20251125,ZT,sz002759,天际股份,1.0
20251125,ZT,sh600635,大众公用,1.0
20251125,ZT,sh603130,云中马  ,1.0
20251125,ZT,sz002931,锋龙股份,1.0
20251125,ZT,sz000678,襄阳轴承,1.0
20251125,ZT,sz002114,罗平锌电,1.0
20251125,ZT,sz000510,新金路,1.0
20251125,ZT,sh600301,华锡有色,1.0
20251125,ZT,sh688622,禾信仪器,1.0
20251125,ZT,sh603232,格尔软件,1.0
20251125,ZT,sz002558,巨人网络,1.0
20251125,ZT,sz000620,盈新发展,1.0
20251125,ZT,sz000609,ST中迪,1.0
20251125,ZT,sh603813,*ST原尚 ,1.0
20251125,ZT,sh600200,*ST苏吴 ,1.0
20251125,ZT,sz000638,*ST万方,1.0
20251125,ZT,sz002822,*ST中装,1.0
20251125,ZT,sh600568,ST中珠  ,1.0
20251125,ZT,sz002762,*ST金比,1.0
20251125,ZT,sh600599,*ST熊猫 ,1.0
20251125,ZT,sz002197,ST证通,1.0
20251125,ZT,sz002868,*ST绿康,1.0
20251125,ZT,sz002485,ST雪发,1.0
20251125,ZT,sz002305,*ST南置,1.0
20251125,ZT,sz002199,*ST东晶,1.0
20251125,ZT,sz000691,*ST亚太,1.0
20251125,ZT,sz000668,*ST荣控,1.0
20251125,ZT,sz002789,*ST建艺,1.0
20251125,ZT,sh603007,*ST花王 ,1.0
20251125,ZT,sz002388,ST新亚,1.0
20251125,ZT,sh603906,龙蟠科技,1.0
20251125,ZT,sh603421,鼎信通讯,1.0
20251125,ZT,sh600237,铜峰电子,1.0
20251125,ZT,sh600828,茂业商业,1.0
20251125,ZT,sh605255,天普股份,1.0
20251125,ZT,sh603823,百合花  ,1.0
20251125,ZT,sz001299,美能能源,1.0
20251125,ZT,sz002638,勤上股份,1.0
20251125,ZT,sh600516,方大炭素,1.0
20251125,ZT,sz300437,清水源,1.0
20251125,ZT,sz002596,海南瑞泽,1.0
20251125,ZT,sz003008,开普检测,1.0
20251125,ZT,sz002856,美芝股份,1.0
20251126,ZT,sh600734,实达集团,5.0
20251126,ZT,sz000892,欢瑞世纪,4.0
20251126,ZT,sz000070,特发信息,4.0
20251126,ZT,sz002264,新 华 都,4.0
20251126,ZT,sz002413,雷科防务,3.0
20251126,ZT,sz000952,广济药业,3.0
20251126,ZT,sz003018,金富科技,3.0
20251126,ZT,sz002114,罗平锌电,2.0
20251126,ZT,sz000788,北大医药,2.0
20251126,ZT,sh600105,永鼎股份,2.0
20251126,ZT,sz002398,垒知集团,2.0
20251126,ZT,sz000510,新金路,2.0
20251126,ZT,sh605255,天普股份,2.0
20251126,ZT,sh603155,新亚强  ,2.0
20251126,ZT,sh688048,长光华芯,2.0
20251126,ZT,sh600828,茂业商业,2.0
20251126,ZT,sz002638,勤上股份,2.0
20251126,ZT,sh688670,金迪克  ,2.0
20251126,ZT,sz002596,海南瑞泽,2.0
20251126,ZT,sz002512,达华智能,2.0
20251126,ZT,sh603906,龙蟠科技,2.0
20251126,ZT,sz002153,石基信息,1.0
20251126,ZT,sz301159,三维天地,1.0
20251126,ZT,sz002178,延华智能,1.0
20251126,ZT,sh600337,美克家居,1.0
20251126,ZT,sz301001,凯淳股份,1.0
20251126,ZT,sz000785,居然智家,1.0
20251126,ZT,sz002291,遥望科技,1.0
20251126,ZT,sz301111,粤万年青,1.0
20251126,ZT,sh600252,中恒集团,1.0
20251126,ZT,sz000078,海王生物,1.0
20251126,ZT,sz000652,泰达股份,1.0
20251126,ZT,sh603162,海通发展,1.0
20251126,ZT,sz002029,七 匹 狼,1.0
20251126,ZT,sz002702,海欣食品,1.0
20251126,ZT,sh601116,三江购物,1.0
20251126,ZT,sz002187,广百股份,1.0
20251126,ZT,sh600693,东百集团,1.0
20251126,ZT,sh605188,国光连锁,1.0
20251126,ZT,sz301408,华人健康,1.0
20251126,ZT,sh600829,人民同泰,1.0
20251126,ZT,sz000411,英特集团,1.0
20251126,ZT,sz002589,瑞康医药,1.0
20251126,ZT,sh603017,中衡设计,1.0
20251126,ZT,sh600246,万通发展,1.0
20251126,ZT,sz301040,中环海陆,1.0
20251126,ZT,sh600103,青山纸业,1.0
20251126,ZT,sz002681,奋达科技,1.0
20251126,ZT,sz000509,华塑控股,1.0
20251126,ZT,sh603068,博通集成,1.0
20251126,ZT,sh600868,梅雁吉祥,1.0
20251126,ZT,sh688110,东芯股份,1.0
20251126,ZT,sz002249,大洋电机,1.0
20251126,ZT,sh600835,上海机电,1.0
20251126,ZT,sh601089,福元医药,1.0
20251126,ZT,sz000523,红棉股份,1.0
20251126,ZT,sz000609,ST中迪,1.0
20251126,ZT,sz002822,*ST中装,1.0
20251126,ZT,sh600568,ST中珠  ,1.0
20251126,ZT,sz002868,*ST绿康,1.0
20251126,ZT,sz000691,*ST亚太,1.0
20251126,ZT,sh600360,*ST华微 ,1.0
20251126,ZT,sz002630,ST华西,1.0
20251126,ZT,sh600107,ST尔雅  ,1.0
20251126,ZT,sz002486,嘉麟杰,1.0
20251126,ZT,sz001387,雪祺电气,1.0
20251126,ZT,sh688699,明微电子,1.0
20251126,ZT,sz002397,梦洁股份,1.0
20251126,ZT,sh600618,氯碱化工,1.0
20251126,ZT,sz002800,天顺股份,1.0
20251126,ZT,sh600227,赤天化  ,1.0
20251126,ZT,sz002510,天汽模,1.0
20251126,ZT,sz000039,中集集团,1.0
20251126,ZT,sh600955,维远股份,1.0
20251126,ZT,sz000025,特  力Ａ,1.0
20251126,ZT,sz301019,宁波色母,1.0
20251127,ZT,sz000952,广济药业,4.0
20251127,ZT,sz003018,金富科技,4.0
20251127,ZT,sz000510,新金路,3.0
20251127,ZT,sh600828,茂业商业,3.0
20251127,ZT,sz000078,海王生物,2.0
20251127,ZT,sz001387,雪祺电气,2.0
20251127,ZT,sz002187,广百股份,2.0
20251127,ZT,sz002702,海欣食品,2.0
20251127,ZT,sh600246,万通发展,2.0
20251127,ZT,sz301111,粤万年青,2.0
20251127,ZT,sh603933,睿能科技,1.0
20251127,ZT,sh603931,格林达  ,1.0
20251127,ZT,sh603773,沃格光电,1.0
20251127,ZT,sz002825,纳尔股份,1.0
20251127,ZT,sh688733,壹石通  ,1.0
20251127,ZT,sh603353,和顺石油,1.0
20251127,ZT,sz300545,联得装备,1.0
20251127,ZT,sz300490,华自科技,1.0
20251127,ZT,sh603212,赛伍技术,1.0
20251127,ZT,sh688560,明冠新材,1.0
20251127,ZT,sz002769,普路通,1.0
20251127,ZT,sz002632,道明光学,1.0
20251127,ZT,sh600203,福日电子,1.0
20251127,ZT,sh688260,昀冢科技,1.0
20251127,ZT,sz002888,惠威科技,1.0
20251127,ZT,sh603626,科森科技,1.0
20251127,ZT,sh603010,万盛股份,1.0
20251127,ZT,sh603026,石大胜华,1.0
20251127,ZT,sh600152,维科技术,1.0
20251127,ZT,sz301292,海科新源,1.0
20251127,ZT,sz002083,孚日股份,1.0
20251127,ZT,sz003009,中天火箭,1.0
20251127,ZT,sh600877,电科芯片,1.0
20251127,ZT,sz002792,通宇通讯,1.0
20251127,ZT,sh688033,天宜新材,1.0
20251127,ZT,sz002728,特一药业,1.0
20251127,ZT,sz002960,青鸟消防,1.0
20251127,ZT,sh600654,中安科  ,1.0
20251127,ZT,sh605366,宏柏新材,1.0
20251127,ZT,sh605399,晨光新材,1.0
20251127,ZT,sz300509,新美星,1.0
20251127,ZT,sh601100,恒立液压,1.0
20251127,ZT,sz002235,安妮股份,1.0
20251127,ZT,sz000638,*ST万方,1.0
20251127,ZT,sz000691,*ST亚太,1.0
20251127,ZT,sh600735,ST新华锦,1.0
20251127,ZT,sh600193,*ST创兴 ,1.0
20251127,ZT,sh600892,*ST大晟 ,1.0
20251127,ZT,sz000004,*ST国华,1.0
20251127,ZT,sh603789,*ST星农 ,1.0
20251127,ZT,sz000669,ST金鸿,1.0
20251127,ZT,sh605081,*ST太和 ,1.0
20251127,ZT,sh600243,*ST海华 ,1.0
20251127,ZT,sh603778,国晟科技,1.0
20251127,ZT,sz002856,美芝股份,1.0
20251127,ZT,sz002495,佳隆股份,1.0
20251127,ZT,sz002636,金安国纪,1.0
20251127,ZT,sz002548,金新农,1.0
20251127,ZT,sz301043,绿岛风,1.0
20251127,ZT,sh600191,华资实业,1.0
20251127,ZT,sz002811,郑中设计,1.0
20251127,ZT,sh603113,金能科技,1.0
20251127,ZT,sh600657,信达地产,1.0
20251128,ZT,sz003018,金富科技,5.0
20251128,ZT,sh600828,茂业商业,4.0
20251128,ZT,sz000078,海王生物,3.0
20251128,ZT,sz002702,海欣食品,3.0
20251128,ZT,sz002632,道明光学,2.0
20251128,ZT,sz002792,通宇通讯,2.0
20251128,ZT,sh603778,国晟科技,2.0
20251128,ZT,sh603933,睿能科技,2.0
20251128,ZT,sh603353,和顺石油,2.0
20251128,ZT,sz002413,雷科防务,1.0
20251128,ZT,sz002565,顺灏股份,1.0
20251128,ZT,sh600678,四川金顶,1.0
20251128,ZT,sz300102,乾照光电,1.0
20251128,ZT,sz002544,普天科技,1.0
20251128,ZT,sh600151,航天机电,1.0
20251128,ZT,sz002519,银河电子,1.0
20251128,ZT,sz000547,航天发展,1.0
20251128,ZT,sh603712,七一二  ,1.0
20251128,ZT,sh688523,航天环宇,1.0
20251128,ZT,sh600802,福建水泥,1.0
20251128,ZT,sh600815,厦工股份,1.0
20251128,ZT,sh603636,南威软件,1.0
20251128,ZT,sh603909,建发合诚,1.0
20251128,ZT,sh605086,龙高股份,1.0
20251128,ZT,sz000753,漳州发展,1.0
20251128,ZT,sz000592,平潭发展,1.0
20251128,ZT,sz002976,瑞玛精密,1.0
20251128,ZT,sz001203,大中矿业,1.0
20251128,ZT,sz002805,丰元股份,1.0
20251128,ZT,sz000695,滨海能源,1.0
20251128,ZT,sz000678,襄阳轴承,1.0
20251128,ZT,sh603758,秦安股份,1.0
20251128,ZT,sz002903,宇环数控,1.0
20251128,ZT,sh601238,广汽集团,1.0
20251128,ZT,sh605133,嵘泰股份,1.0
20251128,ZT,sz002150,通润装备,1.0
20251128,ZT,sz002090,金智科技,1.0
20251128,ZT,sz002922,伊戈尔,1.0
20251128,ZT,sh600981,苏豪汇鸿,1.0
20251128,ZT,sz002952,亚世光电,1.0
20251128,ZT,sz002983,芯瑞达,1.0
20251128,ZT,sz002277,友阿股份,1.0
20251128,ZT,sh601010,文峰股份,1.0
20251128,ZT,sz000545,金浦钛业,1.0
20251128,ZT,sz002136,安 纳 达,1.0
20251128,ZT,sz001318,阳光乳业,1.0
20251128,ZT,sz002732,燕塘乳业,1.0
20251128,ZT,sh600721,百花医药,1.0
20251128,ZT,sh603999,读者传媒,1.0
20251128,ZT,sz000691,*ST亚太,1.0
20251128,ZT,sh600568,ST中珠  ,1.0
20251128,ZT,sz000669,ST金鸿,1.0
20251128,ZT,sh600193,*ST创兴 ,1.0
20251128,ZT,sz000004,*ST国华,1.0
20251128,ZT,sz002305,*ST南置,1.0
20251128,ZT,sz000668,*ST荣控,1.0
20251128,ZT,sz000697,*ST炼石,1.0
20251128,ZT,sh603557,ST起步  ,1.0
20251128,ZT,sh603268,*ST松发 ,1.0
20251128,ZT,sz000972,*ST中基,1.0
20251128,ZT,sh603216,梦天家居,1.0
20251128,ZT,sz002596,海南瑞泽,1.0
20251128,ZT,sh600227,赤天化  ,1.0
20251128,ZT,sh600337,美克家居,1.0
20251128,ZT,sh600868,梅雁吉祥,1.0
20251128,ZT,sz002353,杰瑞股份,1.0
20251128,ZT,sz002795,永和智控,1.0
20251128,ZT,sz301183,东田微,1.0
20251128,ZT,sz000633,合金投资,1.0
20251128,ZT,sh603815,交建股份,1.0
20251128,ZT,sh600234,科新发展,1.0
20251128,ZT,sh600319,亚星化学,1.0
20251128,ZT,sz002307,北新路桥,1.0
20251128,ZT,sh603878,武进不锈,1.0
20251128,ZT,sh600977,中国电影,1.0
20251128,ZT,sh603657,春光科技,1.0
20251128,ZT,sz002285,世联行,1.0
20251128,ZT,sh600730,中国高科,1.0
20251128,ZT,sh600939,重庆建工,1.0
20251128,ZT,sh605303,园林股份,1.0
20251128,ZT,sh688244,永信至诚,1.0
20251201,ZT,sz003018,金富科技,6.0
20251201,ZT,sz000078,海王生物,4.0
20251201,ZT,sz002702,海欣食品,4.0
20251201,ZT,sz002632,道明光学,3.0
20251201,ZT,sz002792,通宇通讯,3.0
20251201,ZT,sh603778,国晟科技,3.0
20251201,ZT,sh603933,睿能科技,3.0
20251201,ZT,sz002519,银河电子,2.0
20251201,ZT,sz000547,航天发展,2.0
20251201,ZT,sz002565,顺灏股份,2.0
20251201,ZT,sz002413,雷科防务,2.0
20251201,ZT,sh600977,中国电影,2.0
20251201,ZT,sz001318,阳光乳业,2.0
20251201,ZT,sh600868,梅雁吉祥,2.0
20251201,ZT,sz002983,芯瑞达,2.0
20251201,ZT,sz002353,杰瑞股份,2.0
20251201,ZT,sz002976,瑞玛精密,2.0
20251201,ZT,sh600981,苏豪汇鸿,2.0
20251201,ZT,sz002888,惠威科技,1.0
20251201,ZT,sh688260,昀冢科技,1.0
20251201,ZT,sh603068,博通集成,1.0
20251201,ZT,sz002862,实丰文化,1.0
20251201,ZT,sz300903,科翔股份,1.0
20251201,ZT,sz301567,贝隆精密,1.0
20251201,ZT,sz002881,美格智能,1.0
20251201,ZT,sh603327,福蓉科技,1.0
20251201,ZT,sz000049,德赛电池,1.0
20251201,ZT,sz000829,天音控股,1.0
20251201,ZT,sz000063,中兴通讯,1.0
20251201,ZT,sz300638,广和通,1.0
20251201,ZT,sz002938,鹏鼎控股,1.0
20251201,ZT,sz000727,冠捷科技,1.0
20251201,ZT,sz002981,朝阳科技,1.0
20251201,ZT,bj920701,豪声电子,1.0
20251201,ZT,sz300223,北京君正,1.0
20251201,ZT,sz002651,利君股份,1.0
20251201,ZT,sz002625,光启技术,1.0
20251201,ZT,sz002114,罗平锌电,1.0
20251201,ZT,sz002540,亚太科技,1.0
20251201,ZT,sh603077,和邦生物,1.0
20251201,ZT,sz002578,闽发铝业,1.0
20251201,ZT,sz000816,智慧农业,1.0
20251201,ZT,sz002863,今飞凯达,1.0
20251201,ZT,sh603121,华培动力,1.0
20251201,ZT,sz002108,沧州明珠,1.0
20251201,ZT,sz002806,华锋股份,1.0
20251201,ZT,sz000859,国风新材,1.0
20251201,ZT,sz301256,华融化学,1.0
20251201,ZT,sh603928,兴业股份,1.0
20251201,ZT,sz000888,峨眉山Ａ,1.0
20251201,ZT,sz000530,冰山冷热,1.0
20251201,ZT,sh600734,实达集团,1.0
20251201,ZT,sz000691,*ST亚太,1.0
20251201,ZT,sh600568,ST中珠  ,1.0
20251201,ZT,sz000004,*ST国华,1.0
20251201,ZT,sh603557,ST起步  ,1.0
20251201,ZT,sh603268,*ST松发 ,1.0
20251201,ZT,sh605081,*ST太和 ,1.0
20251201,ZT,sh600289,ST信通  ,1.0
20251201,ZT,sh603828,ST柯利达,1.0
20251201,ZT,sz002848,*ST高斯,1.0
20251201,ZT,sh603559,ST通脉  ,1.0
20251201,ZT,sz002789,*ST建艺,1.0
20251201,ZT,sz001270,*ST铖昌,1.0
20251201,ZT,sz301148,嘉戎技术,1.0
20251201,ZT,sz002611,东方精工,1.0
20251201,ZT,sz002778,中晟高科,1.0
20251201,ZT,sz001234,泰慕士,1.0
20251201,ZT,sz002787,华源控股,1.0
20251201,ZT,sz002563,森马服饰,1.0
20251201,ZT,sz000036,华联控股,1.0
20251201,ZT,sz003003,天元股份,1.0
20251201,ZT,sz002356,赫美集团,1.0
20251201,ZT,sh603803,瑞斯康达,1.0
20251201,ZT,sh600284,浦东建设,1.0
20251201,ZT,sz000007,全新好,1.0
20251202,ZT,sz003018,金富科技,7.0
20251202,ZT,sz002702,海欣食品,5.0
20251202,ZT,sz000078,海王生物,5.0
20251202,ZT,sz002792,通宇通讯,4.0
20251202,ZT,sh603933,睿能科技,4.0
20251202,ZT,sz002632,道明光学,4.0
20251202,ZT,sz000547,航天发展,3.0
20251202,ZT,sz002565,顺灏股份,3.0
20251202,ZT,sz002413,雷科防务,3.0
20251202,ZT,sz002976,瑞玛精密,3.0
20251202,ZT,sh600981,苏豪汇鸿,3.0
20251202,ZT,sh603327,福蓉科技,2.0
20251202,ZT,sz301148,嘉戎技术,2.0
20251202,ZT,sz000859,国风新材,2.0
20251202,ZT,sz000530,冰山冷热,2.0
20251202,ZT,sz002348,高乐股份,2.0
20251202,ZT,sz000592,平潭发展,1.0
20251202,ZT,sz002300,太阳电缆,1.0
20251202,ZT,sh600033,福建高速,1.0
20251202,ZT,sz301136,招标股份,1.0
20251202,ZT,sh600829,人民同泰,1.0
20251202,ZT,sh600272,开开实业,1.0
20251202,ZT,sh603122,合富中国,1.0
20251202,ZT,sz002285,世联行,1.0
20251202,ZT,sh600724,宁波富达,1.0
20251202,ZT,sh600340,华夏幸福,1.0
20251202,ZT,sh605108,同庆楼  ,1.0
20251202,ZT,sh603696,安记食品,1.0
20251202,ZT,sh603536,惠发食品,1.0
20251202,ZT,sz300269,联建光电,1.0
20251202,ZT,sh603163,圣晖集成,1.0
20251202,ZT,sz002474,榕基软件,1.0
20251202,ZT,sh603106,恒银科技,1.0
20251202,ZT,sh603898,好莱客  ,1.0
20251202,ZT,sz000572,海马汽车,1.0
20251202,ZT,sz000735,罗 牛 山,1.0
20251202,ZT,sz000691,*ST亚太,1.0
20251202,ZT,sh603557,ST起步  ,1.0
20251202,ZT,sh600289,ST信通  ,1.0
20251202,ZT,sh600381,*ST春天 ,1.0
20251202,ZT,sh603389,*ST亚振 ,1.0
20251202,ZT,sh600365,ST通葡  ,1.0
20251202,ZT,sz000609,ST中迪,1.0
20251202,ZT,sh603216,梦天家居,1.0
20251202,ZT,sh600828,茂业商业,1.0
20251202,ZT,sh603113,金能科技,1.0
20251202,ZT,sz002686,亿利达,1.0
20251202,ZT,sz003011,海象新材,1.0
20251202,ZT,sh600408,安泰集团,1.0
20251202,ZT,sz000812,陕西金叶,1.0
20251202,ZT,sz000593,德龙汇能,1.0
20251202,ZT,sh601500,通用股份,1.0
20251202,ZT,sz301191,菲菱科思,1.0
20251202,ZT,sz000703,恒逸石化,1.0
20251203,ZT,sz002702,海欣食品,6.0
20251203,ZT,sz000078,海王生物,6.0
20251203,ZT,sz002632,道明光学,5.0
20251203,ZT,sz002565,顺灏股份,4.0
20251203,ZT,sh603327,福蓉科技,3.0
20251203,ZT,sz002348,高乐股份,3.0
20251203,ZT,sz002300,太阳电缆,2.0
20251203,ZT,sz002686,亿利达,2.0
20251203,ZT,sh600408,安泰集团,2.0
20251203,ZT,sh605108,同庆楼  ,2.0
20251203,ZT,sh603696,安记食品,2.0
20251203,ZT,sz000993,闽东电力,1.0
20251203,ZT,sz003016,欣贺股份,1.0
20251203,ZT,sz002519,银河电子,1.0
20251203,ZT,sh600151,航天机电,1.0
20251203,ZT,sh603017,中衡设计,1.0
20251203,ZT,sz002682,龙洲股份,1.0
20251203,ZT,sz002913,奥士康,1.0
20251203,ZT,sh600707,彩虹股份,1.0
20251203,ZT,sz000536,华映科技,1.0
20251203,ZT,sz001211,双枪科技,1.0
20251203,ZT,sh603711,香飘飘  ,1.0
20251203,ZT,sh600467,好当家  ,1.0
20251203,ZT,sz000571,新大洲A,1.0
20251203,ZT,sh600403,大有能源,1.0
20251203,ZT,sz002566,益盛药业,1.0
20251203,ZT,sh603092,德力佳  ,1.0
20251203,ZT,sz002487,大金重工,1.0
20251203,ZT,sh603286,日盈电子,1.0
20251203,ZT,sh603386,骏亚科技,1.0
20251203,ZT,sz002515,金字火腿,1.0
20251203,ZT,sh600255,鑫科材料,1.0
20251203,ZT,sh600172,黄河旋风,1.0
20251203,ZT,sh600289,ST信通  ,1.0
20251203,ZT,sh603268,*ST松发 ,1.0
20251203,ZT,sh600381,*ST春天 ,1.0
20251203,ZT,sh600228,*ST返利 ,1.0
20251203,ZT,sz300391,*ST长药,1.0
20251203,ZT,sh600421,*ST华嵘 ,1.0
20251203,ZT,sz002353,杰瑞股份,1.0
20251203,ZT,sh603353,和顺石油,1.0
20251203,ZT,sz000838,财信发展,1.0
20251203,ZT,sz000692,惠天热电,1.0
20251203,ZT,sz002769,普路通,1.0
20251203,ZT,sz002631,德尔未来,1.0
20251203,ZT,sz002589,瑞康医药,1.0
20251203,ZT,sh603906,龙蟠科技,1.0
20251203,ZT,sh600281,华阳新材,1.0
20251203,ZT,sz002084,海鸥住工,1.0
20251203,ZT,sz002836,新宏泽,1.0
20251203,ZT,sz001336,楚环科技,1.0
20251203,ZT,sh603590,康辰药业,1.0
20251203,ZT,sz002671,龙泉股份,1.0
20251203,ZT,sh601399,国机重装,1.0
20251204,ZT,sz002348,高乐股份,4.0
20251204,ZT,sz002300,太阳电缆,3.0
20251204,ZT,sh603696,安记食品,3.0
20251204,ZT,sz002589,瑞康医药,2.0
20251204,ZT,sh601399,国机重装,2.0
20251204,ZT,sz000692,惠天热电,2.0
20251204,ZT,sh600151,航天机电,2.0
20251204,ZT,sz002682,龙洲股份,2.0
20251204,ZT,sh603386,骏亚科技,2.0
20251204,ZT,sz001211,双枪科技,2.0
20251204,ZT,sh603933,睿能科技,1.0
20251204,ZT,sh600592,龙溪股份,1.0
20251204,ZT,sz002520,日发精机,1.0
20251204,ZT,sz300095,华伍股份,1.0
20251204,ZT,sz002347,泰尔股份,1.0
20251204,ZT,sz002031,巨轮智能,1.0
20251204,ZT,sz002344,海宁皮城,1.0
20251204,ZT,sz300885,海昌新材,1.0
20251204,ZT,sz300946,恒而达,1.0
20251204,ZT,sz301510,固高科技,1.0
20251204,ZT,sh600678,四川金顶,1.0
20251204,ZT,sz002512,达华智能,1.0
20251204,ZT,sh603359,东珠生态,1.0
20251204,ZT,sh600118,中国卫星,1.0
20251204,ZT,sh600167,联美控股,1.0
20251204,ZT,sz300250,初灵信息,1.0
20251204,ZT,sz002925,盈趣科技,1.0
20251204,ZT,sz002402,和而泰,1.0
20251204,ZT,sh600635,大众公用,1.0
20251204,ZT,sh605299,舒华体育,1.0
20251204,ZT,sz002107,沃华医药,1.0
20251204,ZT,sz002620,ST瑞和,1.0
20251204,ZT,sz000510,新金路,1.0
20251204,ZT,sz002830,名雕股份,1.0
20251204,ZT,sh603709,中源家居,1.0
20251204,ZT,sh600509,天富能源,1.0
20251204,ZT,sz002585,双星新材,1.0
20251204,ZT,sz002575,群兴玩具,1.0
20251204,ZT,sh600217,中再资环,1.0
20251205,ZT,sz002300,太阳电缆,4.0
20251205,ZT,sh603696,安记食品,4.0
20251205,ZT,sh601399,国机重装,3.0
20251205,ZT,sh600151,航天机电,3.0
20251205,ZT,sz002682,龙洲股份,3.0
20251205,ZT,sh603386,骏亚科技,3.0
20251205,ZT,sz002589,瑞康医药,3.0
20251205,ZT,sh605299,舒华体育,2.0
20251205,ZT,sz002585,双星新材,2.0
20251205,ZT,sh603709,中源家居,2.0
20251205,ZT,sz002830,名雕股份,2.0
20251205,ZT,sz002702,海欣食品,1.0
20251205,ZT,sz000632,三木集团,1.0
20251205,ZT,sz002228,合兴包装,1.0
20251205,ZT,sz002093,国脉科技,1.0
20251205,ZT,sz002679,福建金森,1.0
20251205,ZT,sz002752,昇兴股份,1.0
20251205,ZT,sh600693,东百集团,1.0
20251205,ZT,sz002961,瑞达期货,1.0
20251205,ZT,sh600734,实达集团,1.0
20251205,ZT,sz000905,厦门港务,1.0
20251205,ZT,sz000547,航天发展,1.0
20251205,ZT,sz002565,顺灏股份,1.0
20251205,ZT,sz002977,天箭科技,1.0
20251205,ZT,sz301005,超捷股份,1.0
20251205,ZT,sh605598,上海港湾,1.0
20251205,ZT,sz000901,航天科技,1.0
20251205,ZT,sz002218,拓日新能,1.0
20251205,ZT,sz300427,红相股份,1.0
20251205,ZT,sh600343,航天动力,1.0
20251205,ZT,sz002885,京泉华,1.0
20251205,ZT,sz002779,中坚科技,1.0
20251205,ZT,sh600302,标准股份,1.0
20251205,ZT,sh600366,宁波韵升,1.0
20251205,ZT,sz300421,力星股份,1.0
20251205,ZT,sz301529,福赛科技,1.0
20251205,ZT,sz301486,致尚科技,1.0
20251205,ZT,sh603052,可川科技,1.0
20251205,ZT,sh600105,永鼎股份,1.0
20251205,ZT,sh688048,长光华芯,1.0
20251205,ZT,sz000070,特发信息,1.0
20251205,ZT,sz000859,国风新材,1.0
20251205,ZT,sh600227,赤天化  ,1.0
20251205,ZT,sh600800,渤海化学,1.0
20251205,ZT,sh603067,振华股份,1.0
20251205,ZT,sz002295,精艺股份,1.0
20251205,ZT,sz002578,闽发铝业,1.0
20251205,ZT,sz002149,西部材料,1.0
20251205,ZT,sh600868,梅雁吉祥,1.0
20251205,ZT,sh600973,宝胜股份,1.0
20251205,ZT,sh601106,中国一重,1.0
20251205,ZT,sh603015,弘讯科技,1.0
20251205,ZT,sz000639,西王食品,1.0
20251205,ZT,sz002969,嘉美包装,1.0
20251205,ZT,sh603886,元祖股份,1.0
20251205,ZT,sz300749,顶固集创,1.0
20251205,ZT,sz300377,赢时胜,1.0
20251205,ZT,sh600193,*ST创兴 ,1.0
20251205,ZT,sz002848,*ST高斯,1.0
20251205,ZT,sz002076,*ST星光,1.0
20251205,ZT,sz001270,*ST铖昌,1.0
20251205,ZT,sh603398,*ST沐邦 ,1.0
20251205,ZT,sh605081,*ST太和 ,1.0
20251205,ZT,sh603813,*ST原尚 ,1.0
20251205,ZT,sz000078,海王生物,1.0
20251205,ZT,sh600981,苏豪汇鸿,1.0
20251205,ZT,sh603122,合富中国,1.0
20251205,ZT,sh605303,园林股份,1.0
20251205,ZT,sz002083,孚日股份,1.0
20251205,ZT,sh600984,建设机械,1.0
20251205,ZT,sz002660,茂硕电源,1.0
20251205,ZT,sh603177,德创环保,1.0
20251205,ZT,sh600650,锦江在线,1.0
20251205,ZT,sz000811,冰轮环境,1.0
20251205,ZT,sz000035,中国天楹,1.0
20251205,ZT,sh600218,全柴动力,1.0
20251205,ZT,sz001360,南矿集团,1.0
20251205,ZT,sz301526,国际复材,1.0
20251205,ZT,sh600721,百花医药,1.0
20251205,ZT,sh601696,中银证券,1.0
20251208,ZT,sh603696,安记食品,5.0
20251208,ZT,sz002682,龙洲股份,4.0
20251208,ZT,sh603386,骏亚科技,4.0
20251208,ZT,sz002589,瑞康医药,4.0
20251208,ZT,sh605299,舒华体育,3.0
20251208,ZT,sz002585,双星新材,3.0
20251208,ZT,sz000811,冰轮环境,2.0
20251208,ZT,sh600693,东百集团,2.0
20251208,ZT,sz002679,福建金森,2.0
20251208,ZT,sz002565,顺灏股份,2.0
20251208,ZT,sh600343,航天动力,2.0
20251208,ZT,sz002295,精艺股份,2.0
20251208,ZT,sh600734,实达集团,2.0
20251208,ZT,sz002977,天箭科技,2.0
20251208,ZT,sz300427,红相股份,2.0
20251208,ZT,sz002149,西部材料,2.0
20251208,ZT,sz002961,瑞达期货,2.0
20251208,ZT,sz001360,南矿集团,2.0
20251208,ZT,sz002578,闽发铝业,2.0
20251208,ZT,sz002752,昇兴股份,2.0
20251208,ZT,sh603122,合富中国,2.0
20251208,ZT,sh601106,中国一重,2.0
20251208,ZT,sz000901,航天科技,2.0
20251208,ZT,sz301486,致尚科技,2.0
20251208,ZT,sz000905,厦门港务,2.0
20251208,ZT,sh600973,宝胜股份,2.0
20251208,ZT,sz002222,福晶科技,1.0
20251208,ZT,sh603686,福龙马  ,1.0
20251208,ZT,sz002029,七 匹 狼,1.0
20251208,ZT,sh600493,凤竹纺织,1.0
20251208,ZT,sh600897,厦门空港,1.0
20251208,ZT,sz002474,榕基软件,1.0
20251208,ZT,sh601933,永辉超市,1.0
20251208,ZT,sz000701,厦门信达,1.0
20251208,ZT,sz002512,达华智能,1.0
20251208,ZT,sz003031,中瓷电子,1.0
20251208,ZT,sh603601,再升科技,1.0
20251208,ZT,sz003029,吉大正元,1.0
20251208,ZT,sh603528,多伦科技,1.0
20251208,ZT,sz002792,通宇通讯,1.0
20251208,ZT,sh603738,泰晶科技,1.0
20251208,ZT,sz300337,银邦股份,1.0
20251208,ZT,sh603278,大业股份,1.0
20251208,ZT,sh603680,今创集团,1.0
20251208,ZT,sz001267,汇绿生态,1.0
20251208,ZT,sh688800,瑞可达  ,1.0
20251208,ZT,sh603042,华脉科技,1.0
20251208,ZT,sh600337,美克家居,1.0
20251208,ZT,sz001330,博纳影业,1.0
20251208,ZT,sh603898,好莱客  ,1.0
20251208,ZT,sh605136,丽人丽妆,1.0
20251208,ZT,sh605168,三人行  ,1.0
20251208,ZT,sh603667,五洲新春,1.0
20251208,ZT,sz002164,宁波东力,1.0
20251208,ZT,sh603316,诚邦股份,1.0
20251208,ZT,sz001309,德明利,1.0
20251208,ZT,sh603256,宏和科技,1.0
20251208,ZT,sh603228,景旺电子,1.0
20251208,ZT,sh688719,爱科赛博,1.0
20251208,ZT,sz002506,协鑫集成,1.0
20251208,ZT,sz002943,宇晶股份,1.0
20251208,ZT,sz301183,东田微,1.0
20251208,ZT,sz001203,大中矿业,1.0
20251208,ZT,sz001270,*ST铖昌,1.0
20251208,ZT,sh600696,*ST岩石 ,1.0
20251208,ZT,sz002789,*ST建艺,1.0
20251208,ZT,sz002713,*ST东易,1.0
20251208,ZT,sz000571,新大洲A,1.0
20251208,ZT,sz002235,安妮股份,1.0
20251208,ZT,sh603698,航天工程,1.0
20251208,ZT,sz002163,海南发展,1.0
20251208,ZT,sz000020,深华发Ａ,1.0
20251208,ZT,sz300290,荣科科技,1.0
20251208,ZT,sh600250,南京商旅,1.0
20251208,ZT,sz002492,恒基达鑫,1.0
20251208,ZT,sh603023,威帝股份,1.0
20251208,ZT,sz002853,皮阿诺,1.0
20251208,ZT,sh601231,环旭电子,1.0
20251209,ZT,sh603696,安记食品,6.0
20251209,ZT,sz002682,龙洲股份,5.0
20251209,ZT,sh603386,骏亚科技,5.0
20251209,ZT,sh605299,舒华体育,4.0
20251209,ZT,sh600693,东百集团,3.0
20251209,ZT,sz002752,昇兴股份,3.0
20251209,ZT,sz000905,厦门港务,3.0
20251209,ZT,sz003031,中瓷电子,2.0
20251209,ZT,sz002235,安妮股份,2.0
20251209,ZT,sh603023,威帝股份,2.0
20251209,ZT,sh603601,再升科技,2.0
20251209,ZT,sh603278,大业股份,2.0
20251209,ZT,sh600250,南京商旅,2.0
20251209,ZT,sz001330,博纳影业,2.0
20251209,ZT,sh600897,厦门空港,2.0
20251209,ZT,sz002512,达华智能,2.0
20251209,ZT,sh601933,永辉超市,2.0
20251209,ZT,sz003016,欣贺股份,1.0
20251209,ZT,sh600573,惠泉啤酒,1.0
20251209,ZT,sz002927,泰永长征,1.0
20251209,ZT,sh600855,航天长峰,1.0
20251209,ZT,sz301517,陕西华达,1.0
20251209,ZT,sz002413,雷科防务,1.0
20251209,ZT,sh600828,茂业商业,1.0
20251209,ZT,sh600280,中央商场,1.0
20251209,ZT,sh601828,美凯龙  ,1.0
20251209,ZT,sz002229,鸿博股份,1.0
20251209,ZT,sz300056,中创环保,1.0
20251209,ZT,sz300081,恒信东方,1.0
20251209,ZT,sh600673,东阳光  ,1.0
20251209,ZT,sz002217,合力泰,1.0
20251209,ZT,sz002725,跃岭股份,1.0
20251209,ZT,sh688205,德科立  ,1.0
20251209,ZT,sh600330,天通股份,1.0
20251209,ZT,sz002995,天地在线,1.0
20251209,ZT,sz002445,中南文化,1.0
20251209,ZT,sh600151,航天机电,1.0
20251209,ZT,sz002329,皇氏集团,1.0
20251209,ZT,sh601908,京运通  ,1.0
20251209,ZT,sz000823,超声电子,1.0
20251209,ZT,sh603516,淳中科技,1.0
20251209,ZT,sh603090,宏盛股份,1.0
20251209,ZT,sz002346,柘中股份,1.0
20251209,ZT,sh603829,洛凯股份,1.0
20251209,ZT,sz300959,线上线下,1.0
20251209,ZT,sh603879,永悦科技,1.0
20251209,ZT,sh603373,安邦护卫,1.0
20251209,ZT,sh600696,*ST岩石 ,1.0
20251209,ZT,sz002105,信隆健康,1.0
20251209,ZT,sz002301,齐心集团,1.0
20251209,ZT,sh601279,英利汽车,1.0
20251209,ZT,sz002339,积成电子,1.0
20251209,ZT,sz000953,河化股份,1.0
20251209,ZT,sh600058,五矿发展,1.0
20251210,ZT,sz002682,龙洲股份,6.0
20251210,ZT,sh600693,东百集团,4.0
20251210,ZT,sz000905,厦门港务,4.0
20251210,ZT,sz003031,中瓷电子,3.0
20251210,ZT,sz002235,安妮股份,3.0
20251210,ZT,sh603601,再升科技,3.0
20251210,ZT,sz001330,博纳影业,3.0
20251210,ZT,sh601933,永辉超市,3.0
20251210,ZT,sh600330,天通股份,2.0
20251210,ZT,sh600828,茂业商业,2.0
20251210,ZT,sh603879,永悦科技,2.0
20251210,ZT,sh601828,美凯龙  ,2.0
20251210,ZT,sz002725,跃岭股份,2.0
20251210,ZT,sz003016,欣贺股份,2.0
20251210,ZT,sh600280,中央商场,2.0
20251210,ZT,sz002105,信隆健康,2.0
20251210,ZT,sz000735,罗 牛 山,1.0
20251210,ZT,sz002596,海南瑞泽,1.0
20251210,ZT,sz000886,海南高速,1.0
20251210,ZT,sz000567,海德股份,1.0
20251210,ZT,sz000505,京粮控股,1.0
20251210,ZT,sz000955,欣龙控股,1.0
20251210,ZT,sz300189,神农种业,1.0
20251210,ZT,sz000572,海马汽车,1.0
20251210,ZT,sh603101,汇嘉时代,1.0
20251210,ZT,sz002251,步步高,1.0
20251210,ZT,sz000759,中百集团,1.0
20251210,ZT,sz002133,广宇集团,1.0
20251210,ZT,sz002285,世联行,1.0
20251210,ZT,sz000838,财信发展,1.0
20251210,ZT,sh603506,南都物业,1.0
20251210,ZT,sh600340,华夏幸福,1.0
20251210,ZT,sz000002,万  科Ａ,1.0
20251210,ZT,sz000070,特发信息,1.0
20251210,ZT,sz000936,华西股份,1.0
20251210,ZT,sh601869,长飞光纤,1.0
20251210,ZT,sh600184,光电股份,1.0
20251210,ZT,sz000678,襄阳轴承,1.0
20251210,ZT,sz301279,金道科技,1.0
20251210,ZT,sz001311,多利科技,1.0
20251210,ZT,sz002149,西部材料,1.0
20251210,ZT,sh600678,四川金顶,1.0
20251210,ZT,sh688682,霍莱沃  ,1.0
20251210,ZT,sz002083,孚日股份,1.0
20251210,ZT,sh603681,永冠新材,1.0
20251210,ZT,sz001360,南矿集团,1.0
20251210,ZT,sz001270,*ST铖昌,1.0
20251210,ZT,sz002214,*ST大立,1.0
20251210,ZT,sh603268,*ST松发 ,1.0
20251210,ZT,sh603709,中源家居,1.0
20251210,ZT,sz002163,海南发展,1.0
20251210,ZT,sz000950,重药控股,1.0
20251210,ZT,sz002633,申科股份,1.0
20251210,ZT,sh603095,越剑智能,1.0
20251210,ZT,sh600200,退市苏吴,1.0
20251210,ZT,sh605358,立昂微  ,1.0
20251210,ZT,sz001386,马可波罗,1.0
20251210,ZT,sz002390,信邦制药,1.0
20251210,ZT,sz002607,中公教育,1.0
20251210,ZT,sz000532,华金资本,1.0
20251211,ZT,sh600693,东百集团,5.0
20251211,ZT,sz002235,安妮股份,4.0
20251211,ZT,sh603601,再升科技,4.0
20251211,ZT,sz002725,跃岭股份,3.0
20251211,ZT,sh605358,立昂微  ,2.0
20251211,ZT,sh603506,南都物业,2.0
20251211,ZT,sh600678,四川金顶,2.0
20251211,ZT,sz000950,重药控股,2.0
20251211,ZT,sh603709,中源家居,2.0
20251211,ZT,sh600343,航天动力,1.0
20251211,ZT,sz001208,华菱线缆,1.0
20251211,ZT,sz002471,中超控股,1.0
20251211,ZT,sz300265,通光线缆,1.0
20251211,ZT,sz002202,金风科技,1.0
20251211,ZT,sz000859,国风新材,1.0
20251211,ZT,bj920576,天力复合,1.0
20251211,ZT,sz002519,银河电子,1.0
20251211,ZT,sz002544,普天科技,1.0
20251211,ZT,sh688119,中钢洛耐,1.0
20251211,ZT,sh600105,永鼎股份,1.0
20251211,ZT,sh688662,富信科技,1.0
20251211,ZT,sh600250,南京商旅,1.0
20251211,ZT,sh600865,百大集团,1.0
20251211,ZT,sz000035,中国天楹,1.0
20251211,ZT,sz300266,兴源环境,1.0
20251211,ZT,sh603929,亚翔集成,1.0
20251211,ZT,sh605055,迎丰股份,1.0
20251211,ZT,sz002639,雪人集团,1.0
20251211,ZT,sz001270,*ST铖昌,1.0
20251211,ZT,sh600165,XR*ST宁 ,1.0
20251211,ZT,sh600421,*ST华嵘 ,1.0
20251211,ZT,sz000908,*ST景峰,1.0
20251211,ZT,sh600936,广西广电,1.0
20251211,ZT,sz000890,法尔胜,1.0
20251211,ZT,sz002309,中利集团,1.0
20251211,ZT,bj920407,驰诚股份,1.0
20251211,ZT,sz002123,梦网科技,1.0
20251211,ZT,sz002157,正邦科技,1.0
20251212,ZT,sh603601,再升科技,5.0
20251212,ZT,sh603709,中源家居,3.0
20251212,ZT,sh600343,航天动力,2.0
20251212,ZT,sz300265,通光线缆,2.0
20251212,ZT,sh603929,亚翔集成,2.0
20251212,ZT,sz001208,华菱线缆,2.0
20251212,ZT,sz002639,雪人集团,2.0
20251212,ZT,sz002471,中超控股,2.0
20251212,ZT,sh600865,百大集团,2.0
20251212,ZT,bj920576,天力复合,2.0
20251212,ZT,sh600936,广西广电,2.0
20251212,ZT,sz000890,法尔胜,2.0
20251212,ZT,sz002309,中利集团,2.0
20251212,ZT,sz002149,西部材料,1.0
20251212,ZT,sh600855,航天长峰,1.0
20251212,ZT,sz002927,泰永长征,1.0
20251212,ZT,sh600192,长城电工,1.0
20251212,ZT,sh600776,东方通信,1.0
20251212,ZT,sh600990,四创电子,1.0
20251212,ZT,sz002347,泰尔股份,1.0
20251212,ZT,sz001296,长江材料,1.0
20251212,ZT,sz002565,顺灏股份,1.0
20251212,ZT,sz300285,国瓷材料,1.0
20251212,ZT,sz301079,邵阳液压,1.0
20251212,ZT,sz000801,四川九洲,1.0
20251212,ZT,sz300445,康斯特,1.0
20251212,ZT,sz301005,超捷股份,1.0
20251212,ZT,sh605090,九丰能源,1.0
20251212,ZT,sh601399,国机重装,1.0
20251212,ZT,sh601106,中国一重,1.0
20251212,ZT,sz002478,常宝股份,1.0
20251212,ZT,sz002438,江苏神通,1.0
20251212,ZT,sz000969,安泰科技,1.0
20251212,ZT,sz300963,中洲特材,1.0
20251212,ZT,sh601611,中国核建,1.0
20251212,ZT,sz000533,顺钠股份,1.0
20251212,ZT,sz002255,海陆重工,1.0
20251212,ZT,sh600875,东方电气,1.0
20251212,ZT,sz000720,新能泰山,1.0
20251212,ZT,sz300062,中能电气,1.0
20251212,ZT,sh601179,中国西电,1.0
20251212,ZT,sz002451,摩恩电气,1.0
20251212,ZT,sz002300,太阳电缆,1.0
20251212,ZT,sh600550,保变电气,1.0
20251212,ZT,sh601133,柏诚股份,1.0
20251212,ZT,sz002989,中天精装,1.0
20251212,ZT,sh603163,圣晖集成,1.0
20251212,ZT,sh688368,晶丰明源,1.0
20251212,ZT,sh603031,安孚科技,1.0
20251212,ZT,sz002682,龙洲股份,1.0
20251212,ZT,sh603408,建霖家居,1.0
20251212,ZT,sh600493,凤竹纺织,1.0
20251212,ZT,sh601566,九牧王  ,1.0
20251212,ZT,sh603992,松霖科技,1.0
20251212,ZT,sz301468,博盈特焊,1.0
20251212,ZT,sh605060,联德股份,1.0
20251212,ZT,sz000534,万泽股份,1.0
20251212,ZT,sh605123,派克新材,1.0
20251212,ZT,sz000546,金圆股份,1.0
20251212,ZT,sz002256,兆新股份,1.0
20251212,ZT,sz002584,西陇科学,1.0
20251212,ZT,sz000510,新金路,1.0
20251212,ZT,sh600868,梅雁吉祥,1.0
20251212,ZT,sz001331,胜通能源,1.0
20251212,ZT,sz003033,征和工业,1.0
20251212,ZT,sz001270,*ST铖昌,1.0
20251212,ZT,sh600165,*ST宁科 ,1.0
20251212,ZT,sz002200,*ST交投,1.0
20251212,ZT,sh603822,ST嘉澳  ,1.0
20251212,ZT,sh605081,*ST太和 ,1.0
20251212,ZT,sh600151,航天机电,1.0
20251212,ZT,sz001330,博纳影业,1.0
20251212,ZT,sh601700,风范股份,1.0
20251212,ZT,sz002374,中锐股份,1.0
20251212,ZT,sz002862,实丰文化,1.0
20251212,ZT,sz000862,银星能源,1.0
20251212,ZT,sh603127,昭衍新药,1.0
20251212,ZT,sh603610,麒盛科技,1.0
20251212,ZT,sz002865,钧达股份,1.0
20251212,ZT,sh601619,嘉泽新能,1.0
20251212,ZT,sh600730,中国高科,1.0
20251212,ZT,sh600237,铜峰电子,1.0
20251212,ZT,sh603698,航天工程,1.0
20251215,ZT,sh603601,再升科技,6.0
20251215,ZT,sz001208,华菱线缆,3.0
20251215,ZT,sz002639,雪人集团,3.0
20251215,ZT,sz002471,中超控股,3.0
20251215,ZT,sh600865,百大集团,3.0
20251215,ZT,sh600936,广西广电,3.0
20251215,ZT,sz000890,法尔胜,3.0
20251215,ZT,sz002300,太阳电缆,2.0
20251215,ZT,sh600192,长城电工,2.0
20251215,ZT,sz002374,中锐股份,2.0
20251215,ZT,sh600151,航天机电,2.0
20251215,ZT,sz001331,胜通能源,2.0
20251215,ZT,sh601700,风范股份,2.0
20251215,ZT,sz002329,皇氏集团,1.0
20251215,ZT,sz001318,阳光乳业,1.0
20251215,ZT,sz000995,皇台酒业,1.0
20251215,ZT,sh605388,均瑶健康,1.0
20251215,ZT,sz300997,欢乐家,1.0
20251215,ZT,sh600113,浙江东日,1.0
20251215,ZT,sh600737,中粮糖业,1.0
20251215,ZT,sh605339,南侨食品,1.0
20251215,ZT,sh600186,莲花控股,1.0
20251215,ZT,sz002792,通宇通讯,1.0
20251215,ZT,sz002115,三维通信,1.0
20251215,ZT,sh600879,航天电子,1.0
20251215,ZT,sz002413,雷科防务,1.0
20251215,ZT,bj920665,科强股份,1.0
20251215,ZT,sz300423,昇辉科技,1.0
20251215,ZT,sh601828,美凯龙  ,1.0
20251215,ZT,sz002187,广百股份,1.0
20251215,ZT,sz002697,红旗连锁,1.0
20251215,ZT,sz000620,盈新发展,1.0
20251215,ZT,sh688720,艾森股份,1.0
20251215,ZT,sh601208,东材科技,1.0
20251215,ZT,sh601908,京运通  ,1.0
20251215,ZT,sh600135,乐凯胶片,1.0
20251215,ZT,sh600271,航天信息,1.0
20251215,ZT,sh603871,嘉友国际,1.0
20251215,ZT,sz002307,北新路桥,1.0
20251215,ZT,sz001317,三羊马,1.0
20251215,ZT,sz300118,东方日升,1.0
20251215,ZT,sh601778,晶科科技,1.0
20251215,ZT,sz002053,云南能投,1.0
20251215,ZT,sz000825,太钢不锈,1.0
20251215,ZT,sh600399,抚顺特钢,1.0
20251215,ZT,sz002083,孚日股份,1.0
20251215,ZT,sz001270,*ST铖昌,1.0
20251215,ZT,sh600165,*ST宁科 ,1.0
20251215,ZT,sz002200,*ST交投,1.0
20251215,ZT,sh603822,ST嘉澳  ,1.0
20251215,ZT,sz000609,ST中迪,1.0
20251215,ZT,sz002868,*ST绿康,1.0
20251215,ZT,sz000950,重药控股,1.0
20251215,ZT,sz000536,华映科技,1.0
20251215,ZT,sz002382,蓝帆医疗,1.0
20251215,ZT,sh600408,安泰集团,1.0
20251215,ZT,sz000061,农 产 品,1.0
20251215,ZT,sh600187,国中水务,1.0
20251215,ZT,sz002674,兴业科技,1.0
20251215,ZT,sz002676,顺威股份,1.0
20251215,ZT,sz000850,华茂股份,1.0
20251215,ZT,sh603311,金海高科,1.0
20251215,ZT,sz000007,全新好,1.0
20251215,ZT,bj920857,泓禧科技,1.0
20251215,ZT,sh600232,金鹰股份,1.0
20251216,ZT,sz001208,华菱线缆,4.0
20251216,ZT,sh600865,百大集团,4.0
20251216,ZT,sz000890,法尔胜,4.0
20251216,ZT,sz002300,太阳电缆,3.0
20251216,ZT,sz001331,胜通能源,3.0
20251216,ZT,sz001317,三羊马,2.0
20251216,ZT,sz002187,广百股份,2.0
20251216,ZT,sz002792,通宇通讯,2.0
20251216,ZT,sz002329,皇氏集团,2.0
20251216,ZT,sz002697,红旗连锁,2.0
20251216,ZT,sh600271,航天信息,2.0
20251216,ZT,sz002853,皮阿诺,2.0
20251216,ZT,sh600879,航天电子,2.0
20251216,ZT,sh600697,欧亚集团,1.0
20251216,ZT,sh601366,利群股份,1.0
20251216,ZT,sh601933,永辉超市,1.0
20251216,ZT,sh600280,中央商场,1.0
20251216,ZT,sh603708,家家悦  ,1.0
20251216,ZT,sh600828,茂业商业,1.0
20251216,ZT,sz002703,浙江世宝,1.0
20251216,ZT,sz002766,索菱股份,1.0
20251216,ZT,sh600650,锦江在线,1.0
20251216,ZT,sh603023,威帝股份,1.0
20251216,ZT,sz300552,万集科技,1.0
20251216,ZT,sz002813,路畅科技,1.0
20251216,ZT,bj920092,汉鑫科技,1.0
20251216,ZT,sh600733,北汽蓝谷,1.0
20251216,ZT,sh603528,多伦科技,1.0
20251216,ZT,sh600198,大唐电信,1.0
20251216,ZT,sz300516,久之洋,1.0
20251216,ZT,sh605222,起帆电缆,1.0
20251216,ZT,sh603123,翠微股份,1.0
20251216,ZT,sz002104,恒宝股份,1.0
20251216,ZT,sz000716,黑芝麻,1.0
20251216,ZT,sh603696,安记食品,1.0
20251216,ZT,sh601566,九牧王  ,1.0
20251216,ZT,sz001270,*ST铖昌,1.0
20251216,ZT,sh600165,*ST宁科 ,1.0
20251216,ZT,sh603822,ST嘉澳  ,1.0
20251216,ZT,sz000656,*ST金科,1.0
20251216,ZT,sz001255,博菲电气,1.0
20251216,ZT,sz002607,中公教育,1.0
20251216,ZT,bj920765,美之高,1.0
20251216,ZT,sz002285,世联行,1.0
20251216,ZT,sh603212,赛伍技术,1.0
20251216,ZT,sh603863,松炀资源,1.0
20251217,ZT,sh600865,百大集团,5.0
20251217,ZT,sz001331,胜通能源,4.0
20251217,ZT,sz001317,三羊马,3.0
20251217,ZT,sz002853,皮阿诺,3.0
20251217,ZT,sh603123,翠微股份,2.0
20251217,ZT,sh601366,利群股份,2.0
20251217,ZT,sz002703,浙江世宝,2.0
20251217,ZT,sz001255,博菲电气,2.0
20251217,ZT,sh603703,盛洋科技,1.0
20251217,ZT,sz002491,通鼎互联,1.0
20251217,ZT,sh601869,长飞光纤,1.0
20251217,ZT,sz003031,中瓷电子,1.0
20251217,ZT,sz301205,联特科技,1.0
20251217,ZT,sz002281,光迅科技,1.0
20251217,ZT,sz002796,世嘉科技,1.0
20251217,ZT,sz002536,飞龙股份,1.0
20251217,ZT,sz002837,英维克,1.0
20251217,ZT,sz301123,奕东电子,1.0
20251217,ZT,sh603757,大元泵业,1.0
20251217,ZT,sh603090,宏盛股份,1.0
20251217,ZT,sz000546,金圆股份,1.0
20251217,ZT,sz002759,天际股份,1.0
20251217,ZT,sz001203,大中矿业,1.0
20251217,ZT,sz002240,盛新锂能,1.0
20251217,ZT,sz001359,平安电工,1.0
20251217,ZT,sh603124,江南新材,1.0
20251217,ZT,sz002916,深南电路,1.0
20251217,ZT,sh600250,南京商旅,1.0
20251217,ZT,sh600706,曲江文旅,1.0
20251217,ZT,sz002188,中天服务,1.0
20251217,ZT,sh601399,国机重装,1.0
20251217,ZT,sz002735,王子新材,1.0
20251217,ZT,sz300551,古鳌科技,1.0
20251217,ZT,sz002788,鹭燕医药,1.0
20251217,ZT,sh605365,立达信  ,1.0
20251217,ZT,sh688228,开普云  ,1.0
20251217,ZT,sh600501,航天晨光,1.0
20251217,ZT,sz002044,美年健康,1.0
20251217,ZT,sz001270,*ST铖昌,1.0
20251217,ZT,sh600165,*ST宁科 ,1.0
20251217,ZT,sz002717,ST岭南,1.0
20251217,ZT,sz002581,ST未名,1.0
20251217,ZT,sh603389,*ST亚振 ,1.0
20251217,ZT,sh600228,*ST返利 ,1.0
20251217,ZT,sh603021,ST华鹏  ,1.0
20251217,ZT,sh600079,ST人福  ,1.0
20251217,ZT,sz002865,钧达股份,1.0
20251217,ZT,sz002969,嘉美包装,1.0
20251217,ZT,sz002910,庄园牧场,1.0
20251217,ZT,sh600234,科新发展,1.0
20251217,ZT,sh601231,环旭电子,1.0
20251217,ZT,sz002545,东方铁塔,1.0
20251217,ZT,sh603585,苏利股份,1.0
20251217,ZT,sz002931,锋龙股份,1.0
20251217,ZT,sz002198,嘉应制药,1.0
20251217,ZT,sh600725,云维股份,1.0
20251217,ZT,sz003005,竞业达,1.0
20251218,ZT,sh600865,百大集团,6.0
20251218,ZT,sz001331,胜通能源,5.0
20251218,ZT,sz002853,皮阿诺,4.0
20251218,ZT,sz002703,浙江世宝,3.0
20251218,ZT,sh601366,利群股份,3.0
20251218,ZT,sz001255,博菲电气,3.0
20251218,ZT,sh603703,盛洋科技,2.0
20251218,ZT,sh603585,苏利股份,2.0
20251218,ZT,sz002188,中天服务,2.0
20251218,ZT,sz002044,美年健康,2.0
20251218,ZT,sh605365,立达信  ,2.0
20251218,ZT,sz002910,庄园牧场,2.0
20251218,ZT,sh601869,长飞光纤,2.0
20251218,ZT,sh600250,南京商旅,2.0
20251218,ZT,sz002788,鹭燕医药,2.0
20251218,ZT,sz002865,钧达股份,2.0
20251218,ZT,sz002969,嘉美包装,2.0
20251218,ZT,sz002361,神剑股份,1.0
20251218,ZT,sz002565,顺灏股份,1.0
20251218,ZT,sz002977,天箭科技,1.0
20251218,ZT,sz002985,北摩高科,1.0
20251218,ZT,sh603679,华体科技,1.0
20251218,ZT,sz002149,西部材料,1.0
20251218,ZT,bj920885,星辰科技,1.0
20251218,ZT,sh600280,中央商场,1.0
20251218,ZT,sh600838,上海九百,1.0
20251218,ZT,sh600824,益民集团,1.0
20251218,ZT,sh600628,新世界  ,1.0
20251218,ZT,sz000950,重药控股,1.0
20251218,ZT,sh603716,塞力医疗,1.0
20251218,ZT,sz000411,英特集团,1.0
20251218,ZT,sz002727,一心堂,1.0
20251218,ZT,sz301017,漱玉平民,1.0
20251218,ZT,sz002103,广博股份,1.0
20251218,ZT,sz000863,三湘印象,1.0
20251218,ZT,sh603777,来伊份  ,1.0
20251218,ZT,sz300640,德艺文创,1.0
20251218,ZT,sz002614,奥佳华,1.0
20251218,ZT,sz002329,皇氏集团,1.0
20251218,ZT,sz002772,众兴菌业,1.0
20251218,ZT,sh600191,华资实业,1.0
20251218,ZT,sz301408,华人健康,1.0
20251218,ZT,sh688246,嘉和美康,1.0
20251218,ZT,sh601566,九牧王  ,1.0
20251218,ZT,sz000797,中国武夷,1.0
20251218,ZT,sh603023,威帝股份,1.0
20251218,ZT,sz002355,兴民智通,1.0
20251218,ZT,sh603803,瑞斯康达,1.0
20251218,ZT,sz002522,浙江众成,1.0
20251218,ZT,sh603221,爱丽家居,1.0
20251218,ZT,sh605318,法狮龙  ,1.0
20251218,ZT,sz001270,*ST铖昌,1.0
20251218,ZT,sh600165,*ST宁科 ,1.0
20251218,ZT,sh603389,*ST亚振 ,1.0
20251218,ZT,sz002581,ST未名,1.0
20251218,ZT,sz000609,ST中迪,1.0
20251218,ZT,sz000638,*ST万方,1.0
20251218,ZT,sh600608,*ST沪科 ,1.0
20251218,ZT,sz002808,*ST恒久,1.0
20251218,ZT,sh600599,*ST熊猫 ,1.0
20251218,ZT,sz002058,*ST威尔,1.0
20251218,ZT,sh603517,ST绝味  ,1.0
20251218,ZT,sh600107,ST尔雅  ,1.0
20251218,ZT,sz300710,万隆光电,1.0
20251218,ZT,sh601198,东兴证券,1.0
20251218,ZT,sz002338,奥普光电,1.0
20251218,ZT,sh600137,浪莎股份,1.0
20251218,ZT,sz000017,深中华A,1.0
20251218,ZT,sh600439,瑞贝卡  ,1.0
20251218,ZT,sz002319,乐通股份,1.0
20251218,ZT,bj920407,驰诚股份,1.0
20251218,ZT,sz001330,博纳影业,1.0
20251218,ZT,sh603022,新通联  ,1.0
20251219,ZT,sz001331,胜通能源,6.0
20251219,ZT,sz002703,浙江世宝,4.0
20251219,ZT,sh603585,苏利股份,3.0
20251219,ZT,sz002188,中天服务,3.0
20251219,ZT,sz002910,庄园牧场,3.0
20251219,ZT,sz002788,鹭燕医药,3.0
20251219,ZT,sz002969,嘉美包装,3.0
20251219,ZT,sh603023,威帝股份,2.0
20251219,ZT,sz000863,三湘印象,2.0
20251219,ZT,sh601566,九牧王  ,2.0
20251219,ZT,sz002149,西部材料,2.0
20251219,ZT,sh600838,上海九百,2.0
20251219,ZT,sh603679,华体科技,2.0
20251219,ZT,sz002361,神剑股份,2.0
20251219,ZT,sh605318,法狮龙  ,2.0
20251219,ZT,sz002735,王子新材,1.0
20251219,ZT,sh603757,大元泵业,1.0
20251219,ZT,sz002666,德联集团,1.0
20251219,ZT,sh600468,百利电气,1.0
20251219,ZT,sz002204,大连重工,1.0
20251219,ZT,sh601106,中国一重,1.0
20251219,ZT,sh600990,四创电子,1.0
20251219,ZT,sz002639,雪人集团,1.0
20251219,ZT,sz002813,路畅科技,1.0
20251219,ZT,sz002766,索菱股份,1.0
20251219,ZT,sz002677,浙江美大,1.0
20251219,ZT,sz000981,山子高科,1.0
20251219,ZT,sz000826,启迪环境,1.0
20251219,ZT,sz001379,腾达科技,1.0
20251219,ZT,sz002046,国机精工,1.0
20251219,ZT,sh600330,天通股份,1.0
20251219,ZT,sh603977,国泰集团,1.0
20251219,ZT,sh600234,科新发展,1.0
20251219,ZT,sz002133,广宇集团,1.0
20251219,ZT,sz002163,海南发展,1.0
20251219,ZT,sz000036,华联控股,1.0
20251219,ZT,sz300947,德必集团,1.0
20251219,ZT,sz300703,创源股份,1.0
20251219,ZT,sz000917,电广传媒,1.0
20251219,ZT,sz003010,若羽臣,1.0
20251219,ZT,sh603817,海峡环保,1.0
20251219,ZT,sh600493,凤竹纺织,1.0
20251219,ZT,sz000632,三木集团,1.0
20251219,ZT,sz002264,新 华 都,1.0
20251219,ZT,sz000417,合百集团,1.0
20251219,ZT,sz000419,通程控股,1.0
20251219,ZT,sh603069,海汽集团,1.0
20251219,ZT,sz000566,海南海药,1.0
20251219,ZT,sz002596,海南瑞泽,1.0
20251219,ZT,sz000523,红棉股份,1.0
20251219,ZT,sz000639,西王食品,1.0
20251219,ZT,sh605003,众望布艺,1.0
20251219,ZT,sh603608,天创时尚,1.0
20251219,ZT,sz002501,利源股份,1.0
20251219,ZT,sh600620,天宸股份,1.0
20251219,ZT,sz002491,通鼎互联,1.0
20251219,ZT,sz300557,理工光科,1.0
20251219,ZT,sh600165,*ST宁科 ,1.0
20251219,ZT,sh603389,*ST亚振 ,1.0
20251219,ZT,sz000638,*ST万方,1.0
20251219,ZT,sz002808,*ST恒久,1.0
20251219,ZT,sh600107,ST尔雅  ,1.0
20251219,ZT,sh600079,ST人福  ,1.0
20251219,ZT,sz002693,*ST双成,1.0
20251219,ZT,sz002762,*ST金比,1.0
20251219,ZT,sz002713,*ST东易,1.0
20251219,ZT,sh603813,*ST原尚 ,1.0
20251219,ZT,sh603398,*ST沐邦 ,1.0
20251219,ZT,sz000669,ST金鸿,1.0
20251219,ZT,sh603698,航天工程,1.0
20251219,ZT,sh600367,红星发展,1.0
20251219,ZT,sh600936,广西广电,1.0
20251219,ZT,sz000510,新金路,1.0
20251219,ZT,sz001336,楚环科技,1.0
20251219,ZT,sz002644,佛慈制药,1.0
20251219,ZT,sh603031,安孚科技,1.0
20251219,ZT,sh603626,科森科技,1.0
20251219,ZT,sz002105,信隆健康,1.0
20251219,ZT,sh600391,航发科技,1.0
20251219,ZT,sh600076,康欣新材,1.0
20251219,ZT,sz002748,世龙实业,1.0
20251219,ZT,sh600108,亚盛集团,1.0
20251222,ZT,sz001331,胜通能源,7.0
20251222,ZT,sz002910,庄园牧场,4.0
20251222,ZT,sz002788,鹭燕医药,4.0
20251222,ZT,sz002969,嘉美包装,4.0
20251222,ZT,sz002361,神剑股份,3.0
20251222,ZT,sz000523,红棉股份,2.0
20251222,ZT,sh603977,国泰集团,2.0
20251222,ZT,sz001336,楚环科技,2.0
20251222,ZT,sz000981,山子高科,2.0
20251222,ZT,sh603069,海汽集团,2.0
20251222,ZT,sz002666,德联集团,2.0
20251222,ZT,sz002163,海南发展,2.0
20251222,ZT,sz000566,海南海药,2.0
20251222,ZT,sh601106,中国一重,2.0
20251222,ZT,sz002596,海南瑞泽,2.0
20251222,ZT,sz002046,国机精工,2.0
20251222,ZT,sz002320,海峡股份,1.0
20251222,ZT,sz000796,凯撒旅业,1.0
20251222,ZT,sz000955,欣龙控股,1.0
20251222,ZT,sh601118,海南橡胶,1.0
20251222,ZT,sz300086,康芝药业,1.0
20251222,ZT,sz000567,海德股份,1.0
20251222,ZT,sh600515,海南机场,1.0
20251222,ZT,sz000572,海马汽车,1.0
20251222,ZT,sz000886,海南高速,1.0
20251222,ZT,sh601969,海南矿业,1.0
20251222,ZT,sz000505,京粮控股,1.0
20251222,ZT,sz000571,新大洲A,1.0
20251222,ZT,sz000735,罗 牛 山,1.0
20251222,ZT,sz300189,神农种业,1.0
20251222,ZT,sh600759,洲际油气,1.0
20251222,ZT,sh600221,海航控股,1.0
20251222,ZT,sh601869,长飞光纤,1.0
20251222,ZT,sh601231,环旭电子,1.0
20251222,ZT,sz000070,特发信息,1.0
20251222,ZT,sz002951,金时科技,1.0
20251222,ZT,sh603618,杭电股份,1.0
20251222,ZT,sh600487,亨通光电,1.0
20251222,ZT,sh688668,鼎通科技,1.0
20251222,ZT,sz002792,通宇通讯,1.0
20251222,ZT,sh603344,星德胜  ,1.0
20251222,ZT,sh603380,易德龙  ,1.0
20251222,ZT,sz002523,天桥起重,1.0
20251222,ZT,sh603959,百利科技,1.0
20251222,ZT,sh600376,首开股份,1.0
20251222,ZT,sz003021,兆威机电,1.0
20251222,ZT,sh600580,卧龙电驱,1.0
20251222,ZT,sz002169,智光电气,1.0
20251222,ZT,sh603163,圣晖集成,1.0
20251222,ZT,sh603928,兴业股份,1.0
20251222,ZT,sz301611,珂玛科技,1.0
20251222,ZT,sh605358,立昂微  ,1.0
20251222,ZT,sh603929,亚翔集成,1.0
20251222,ZT,sz002151,北斗星通,1.0
20251222,ZT,sz002414,高德红外,1.0
20251222,ZT,sz000551,创元科技,1.0
20251222,ZT,sz002228,合兴包装,1.0
20251222,ZT,sz000753,漳州发展,1.0
20251222,ZT,sh600693,东百集团,1.0
20251222,ZT,sh603696,安记食品,1.0
20251222,ZT,sz002284,亚太股份,1.0
20251222,ZT,sh603458,勘设股份,1.0
20251222,ZT,bj920023,田野股份,1.0
20251222,ZT,sh601888,中国中免,1.0
20251222,ZT,sz002518,科士达,1.0
20251222,ZT,sz002800,天顺股份,1.0
20251222,ZT,sh601068,中铝国际,1.0
20251222,ZT,sh605167,利柏特  ,1.0
20251222,ZT,sh601212,白银有色,1.0
20251222,ZT,sh600165,*ST宁科 ,1.0
20251222,ZT,sh600107,ST尔雅  ,1.0
20251222,ZT,sz000638,*ST万方,1.0
20251222,ZT,sz002693,*ST双成,1.0
20251222,ZT,sz002713,*ST东易,1.0
20251222,ZT,sh600599,*ST熊猫 ,1.0
20251222,ZT,sh600608,*ST沪科 ,1.0
20251222,ZT,sz300506,*ST名家,1.0
20251222,ZT,sz002306,*ST云网,1.0
20251222,ZT,sz002789,*ST建艺,1.0
20251222,ZT,sz002529,*ST海源,1.0
20251222,ZT,sz000752,ST西发,1.0
20251222,ZT,sh603268,*ST松发 ,1.0
20251222,ZT,sh600238,*ST椰岛 ,1.0
20251222,ZT,sz300344,*ST立方,1.0
20251222,ZT,sh600355,*ST精伦 ,1.0
20251222,ZT,sh603828,ST柯利达,1.0
20251222,ZT,sz002199,*ST东晶,1.0
20251222,ZT,sz002289,*ST宇顺,1.0
20251222,ZT,sz002569,*ST步森,1.0
20251222,ZT,sz002168,*ST惠程,1.0
20251222,ZT,sh605199,ST葫芦娃,1.0
20251222,ZT,sh603843,*ST正平 ,1.0
20251222,ZT,sh600696,*ST岩石 ,1.0
20251222,ZT,sz300391,*ST长药,1.0
20251222,ZT,sz001217,华尔泰,1.0
20251222,ZT,sz002175,东方智造,1.0
20251222,ZT,sh600179,安通控股,1.0
20251222,ZT,sz002810,山东赫达,1.0
20251222,ZT,sz002769,普路通,1.0
20251222,ZT,sh605377,华旺科技,1.0
20251222,ZT,sh603535,嘉诚国际,1.0
20251222,ZT,sz002678,珠江钢琴,1.0
20251222,ZT,sz000407,胜利股份,1.0
20251222,ZT,sh603300,海南华铁,1.0
20251222,ZT,sh603868,飞科电器,1.0
20251223,ZT,sz001331,胜通能源,8.0
20251223,ZT,sz002788,鹭燕医药,5.0
20251223,ZT,sz002969,嘉美包装,5.0
20251223,ZT,sz002361,神剑股份,4.0
20251223,ZT,sz001336,楚环科技,3.0
20251223,ZT,sh603069,海汽集团,3.0
20251223,ZT,sz002163,海南发展,3.0
20251223,ZT,sz000566,海南海药,3.0
20251223,ZT,sz002596,海南瑞泽,3.0
20251223,ZT,sz002228,合兴包装,2.0
20251223,ZT,sh603163,圣晖集成,2.0
20251223,ZT,sz002810,山东赫达,2.0
20251223,ZT,sh603696,安记食品,2.0
20251223,ZT,sh603929,亚翔集成,2.0
20251223,ZT,sh600179,安通控股,2.0
20251223,ZT,sh605167,利柏特  ,2.0
20251223,ZT,sz000551,创元科技,2.0
20251223,ZT,sz002643,万润股份,1.0
20251223,ZT,sz000859,国风新材,1.0
20251223,ZT,sh601133,柏诚股份,1.0
20251223,ZT,sh603938,三孚股份,1.0
20251223,ZT,sh688376,美埃科技,1.0
20251223,ZT,sz002909,集泰股份,1.0
20251223,ZT,sz300990,同飞股份,1.0
20251223,ZT,sh603203,快克智能,1.0
20251223,ZT,sz002272,川润股份,1.0
20251223,ZT,sz002837,英维克,1.0
20251223,ZT,sz301123,奕东电子,1.0
20251223,ZT,sz002631,德尔未来,1.0
20251223,ZT,sz002759,天际股份,1.0
20251223,ZT,sz000695,滨海能源,1.0
20251223,ZT,sh603978,深圳新星,1.0
20251223,ZT,sz002407,多氟多,1.0
20251223,ZT,sz002201,九鼎新材,1.0
20251223,ZT,sz300414,中光防雷,1.0
20251223,ZT,sz300726,宏达电子,1.0
20251223,ZT,sz002098,浔兴股份,1.0
20251223,ZT,sz002842,翔鹭钨业,1.0
20251223,ZT,sz002378,章源钨业,1.0
20251223,ZT,sh601208,东材科技,1.0
20251223,ZT,sh603256,宏和科技,1.0
20251223,ZT,sz002796,世嘉科技,1.0
20251223,ZT,sz002957,科瑞技术,1.0
20251223,ZT,sh600712,南宁百货,1.0
20251223,ZT,sz000759,中百集团,1.0
20251223,ZT,sz000638,*ST万方,1.0
20251223,ZT,sh600599,*ST熊猫 ,1.0
20251223,ZT,sz002306,*ST云网,1.0
20251223,ZT,sz002168,*ST惠程,1.0
20251223,ZT,sh600355,*ST精伦 ,1.0
20251223,ZT,sz002569,*ST步森,1.0
20251223,ZT,sz002289,*ST宇顺,1.0
20251223,ZT,sh603268,*ST松发 ,1.0
20251223,ZT,sh600696,*ST岩石 ,1.0
20251223,ZT,sz002789,*ST建艺,1.0
20251223,ZT,sz000668,*ST荣控,1.0
20251223,ZT,sz002586,ST围海,1.0
20251223,ZT,sz002231,*ST奥维,1.0
20251223,ZT,sz002848,*ST高斯,1.0
20251223,ZT,sz000036,华联控股,1.0
20251223,ZT,sh603698,航天工程,1.0
20251223,ZT,sz002718,友邦吊顶,1.0
20251223,ZT,sz002888,惠威科技,1.0
20251223,ZT,sz002330,得利斯,1.0
20251223,ZT,sz002843,泰嘉股份,1.0
20251223,ZT,sz002571,德力股份,1.0
20251223,ZT,sh600550,保变电气,1.0
20251223,ZT,sz002394,联发股份,1.0
20251224,ZT,sz001331,胜通能源,9.0
20251224,ZT,sz002969,嘉美包装,6.0
20251224,ZT,sz002361,神剑股份,5.0
20251224,ZT,sz002163,海南发展,4.0
20251224,ZT,sz002228,合兴包装,3.0
20251224,ZT,sh603163,圣晖集成,3.0
20251224,ZT,sh603696,安记食品,3.0
20251224,ZT,sh600179,安通控股,3.0
20251224,ZT,sz000551,创元科技,3.0
20251224,ZT,sz002909,集泰股份,2.0
20251224,ZT,sz000036,华联控股,2.0
20251224,ZT,sz002201,九鼎新材,2.0
20251224,ZT,sz002759,天际股份,2.0
20251224,ZT,sh603698,航天工程,2.0
20251224,ZT,sz002046,国机精工,1.0
20251224,ZT,sh600330,天通股份,1.0
20251224,ZT,sz002383,合众思壮,1.0
20251224,ZT,sz002363,隆基机械,1.0
20251224,ZT,sh603601,再升科技,1.0
20251224,ZT,sz002324,普利特,1.0
20251224,ZT,sh600783,鲁信创投,1.0
20251224,ZT,sz300593,新雷能,1.0
20251224,ZT,sh603278,大业股份,1.0
20251224,ZT,sz002471,中超控股,1.0
20251224,ZT,sz002297,博云新材,1.0
20251224,ZT,sh605090,九丰能源,1.0
20251224,ZT,sh605598,上海港湾,1.0
20251224,ZT,sz301005,超捷股份,1.0
20251224,ZT,sz002829,星网宇达,1.0
20251224,ZT,sz300629,新劲刚,1.0
20251224,ZT,sh688323,瑞华泰  ,1.0
20251224,ZT,sh600118,中国卫星,1.0
20251224,ZT,sh603678,火炬电子,1.0
20251224,ZT,sz001316,润贝航科,1.0
20251224,ZT,sh600775,南京熊猫,1.0
20251224,ZT,sh600343,航天动力,1.0
20251224,ZT,sh688456,有研粉材,1.0
20251224,ZT,sh600693,东百集团,1.0
20251224,ZT,sz000632,三木集团,1.0
20251224,ZT,sz003016,欣贺股份,1.0
20251224,ZT,sz002752,昇兴股份,1.0
20251224,ZT,sz002961,瑞达期货,1.0
20251224,ZT,sh600755,厦门国贸,1.0
20251224,ZT,sh601231,环旭电子,1.0
20251224,ZT,sz002951,金时科技,1.0
20251224,ZT,sz300131,英唐智控,1.0
20251224,ZT,sh600105,永鼎股份,1.0
20251224,ZT,sz002429,兆驰股份,1.0
20251224,ZT,sz000796,凯撒旅业,1.0
20251224,ZT,sz002865,钧达股份,1.0
20251224,ZT,sz002851,麦格米特,1.0
20251224,ZT,sz002364,中恒电气,1.0
20251224,ZT,sh603097,江苏华辰,1.0
20251224,ZT,sh605007,五洲特纸,1.0
20251224,ZT,sh600103,青山纸业,1.0
20251224,ZT,sh603879,永悦科技,1.0
20251224,ZT,sz000677,恒天海龙,1.0
20251224,ZT,sz002134,天津普林,1.0
20251224,ZT,sh600183,生益科技,1.0
20251224,ZT,sh603090,宏盛股份,1.0
20251224,ZT,sz002427,尤夫股份,1.0
20251224,ZT,sz000985,大庆华科,1.0
20251224,ZT,sh603389,*ST亚振 ,1.0
20251224,ZT,sz002306,*ST云网,1.0
20251224,ZT,sz002289,*ST宇顺,1.0
20251224,ZT,sz002789,*ST建艺,1.0
20251224,ZT,sz000668,*ST荣控,1.0
20251224,ZT,sz002592,ST八菱,1.0
20251224,ZT,sh600525,ST长园  ,1.0
20251224,ZT,sh600193,*ST创兴 ,1.0
20251224,ZT,sh603261,*ST立航 ,1.0
20251224,ZT,sz000608,*ST阳光,1.0
20251224,ZT,sz002703,浙江世宝,1.0
20251224,ZT,sh605003,众望布艺,1.0
20251224,ZT,sz002166,莱茵生物,1.0
20251224,ZT,sh600962,国投中鲁,1.0
20251224,ZT,sz002947,恒铭达,1.0
20251224,ZT,sh601279,英利汽车,1.0
20251224,ZT,sh600475,华光环能,1.0
20251224,ZT,sz300887,谱尼测试,1.0
20251224,ZT,sz000802,北京文化,1.0
20251224,ZT,sh605069,正和生态,1.0
20251224,ZT,sz003007,直真科技,1.0
20251224,ZT,sh603311,金海高科,1.0
20251224,ZT,bj920680,广道退,1.0
20251224,ZT,sh600761,安徽合力,1.0
20251225,ZT,sz001331,胜通能源,10.0
20251225,ZT,sz002969,嘉美包装,7.0
20251225,ZT,sz002361,神剑股份,6.0
20251225,ZT,sz002228,合兴包装,4.0
20251225,ZT,sh603163,圣晖集成,4.0
20251225,ZT,sh600179,安通控股,4.0
20251225,ZT,sz000551,创元科技,4.0
20251225,ZT,sz002201,九鼎新材,3.0
20251225,ZT,sh603698,航天工程,3.0
20251225,ZT,sh605007,五洲特纸,2.0
20251225,ZT,sh600118,中国卫星,2.0
20251225,ZT,sz003007,直真科技,2.0
20251225,ZT,sz301005,超捷股份,2.0
20251225,ZT,sz002951,金时科技,2.0
20251225,ZT,sz002297,博云新材,2.0
20251225,ZT,sz002363,隆基机械,2.0
20251225,ZT,sz002931,锋龙股份,2.0
20251225,ZT,sh603601,再升科技,2.0
20251225,ZT,bj920680,广道退,2.0
20251225,ZT,sh603278,大业股份,2.0
20251225,ZT,sh600755,厦门国贸,2.0
20251225,ZT,sh605598,上海港湾,2.0
20251225,ZT,sh600783,鲁信创投,2.0
20251225,ZT,sz002792,通宇通讯,1.0
20251225,ZT,sz300900,广联航空,1.0
20251225,ZT,sh600345,长江通信,1.0
20251225,ZT,sz003009,中天火箭,1.0
20251225,ZT,sh605123,派克新材,1.0
20251225,ZT,sz002446,盛路通信,1.0
20251225,ZT,sz002935,天奥电子,1.0
20251225,ZT,sh603809,豪能股份,1.0
20251225,ZT,sz002115,三维通信,1.0
20251225,ZT,sz002202,金风科技,1.0
20251225,ZT,sz001400,江顺科技,1.0
20251225,ZT,sz001208,华菱线缆,1.0
20251225,ZT,sz002583,海能达,1.0
20251225,ZT,sh600879,航天电子,1.0
20251225,ZT,sh600376,首开股份,1.0
20251225,ZT,sz002009,天奇股份,1.0
20251225,ZT,sz000559,万向钱潮,1.0
20251225,ZT,sz002347,泰尔股份,1.0
20251225,ZT,sh600592,龙溪股份,1.0
20251225,ZT,sh603305,旭升集团,1.0
20251225,ZT,sh603028,赛福天  ,1.0
20251225,ZT,sz300503,昊志机电,1.0
20251225,ZT,sz002196,方正电机,1.0
20251225,ZT,sz002870,香山股份,1.0
20251225,ZT,sh603119,浙江荣泰,1.0
20251225,ZT,sh603130,云中马  ,1.0
20251225,ZT,sh600577,精达股份,1.0
20251225,ZT,sz000859,国风新材,1.0
20251225,ZT,sz002346,柘中股份,1.0
20251225,ZT,sh605255,天普股份,1.0
20251225,ZT,sz001212,中旗新材,1.0
20251225,ZT,sz002652,扬子新材,1.0
20251225,ZT,sh600966,博汇纸业,1.0
20251225,ZT,sh600793,宜宾纸业,1.0
20251225,ZT,sz301469,恒达新材,1.0
20251225,ZT,sz002763,汇洁股份,1.0
20251225,ZT,sz002640,跨境通,1.0
20251225,ZT,sz001300,三柏硕,1.0
20251225,ZT,sz002264,新 华 都,1.0
20251225,ZT,sh600824,益民集团,1.0
20251225,ZT,sz002356,赫美集团,1.0
20251225,ZT,sh600865,百大集团,1.0
20251225,ZT,sz002197,证通电子,1.0
20251225,ZT,sz002800,天顺股份,1.0
20251225,ZT,sh600279,重庆港  ,1.0
20251225,ZT,sh603389,*ST亚振 ,1.0
20251225,ZT,sz002289,*ST宇顺,1.0
20251225,ZT,sz002789,*ST建艺,1.0
20251225,ZT,sz002306,*ST云网,1.0
20251225,ZT,sz002569,*ST步森,1.0
20251225,ZT,sz002713,*ST东易,1.0
20251225,ZT,sz002592,ST八菱,1.0
20251225,ZT,sh603843,*ST正平 ,1.0
20251225,ZT,sz001270,*ST铖昌,1.0
20251225,ZT,sh600735,ST新华锦,1.0
20251225,ZT,sz000609,ST中迪,1.0
20251225,ZT,sh603398,*ST沐邦 ,1.0
20251225,ZT,sh600892,*ST大晟 ,1.0
20251225,ZT,sz002253,*ST智胜,1.0
20251225,ZT,sz002560,通达股份,1.0
20251225,ZT,sh603095,越剑智能,1.0
20251225,ZT,sz000777,中核科技,1.0
20251225,ZT,sh600370,三房巷  ,1.0
20251225,ZT,sz301043,绿岛风,1.0
20251225,ZT,sz001360,南矿集团,1.0
20251225,ZT,sz002082,万邦德,1.0
20251225,ZT,sh600779,水井坊  ,1.0
20251225,ZT,sz000593,德龙汇能,1.0
20251225,ZT,sz300668,杰恩设计,1.0
20251225,ZT,sh600391,航发科技,1.0
20251226,ZT,sz001331,胜通能源,11.0
20251226,ZT,sz002969,嘉美包装,8.0
20251226,ZT,sz002361,神剑股份,7.0
20251226,ZT,sh600179,安通控股,5.0
20251226,ZT,sz002201,九鼎新材,4.0
20251226,ZT,sh605007,五洲特纸,3.0
20251226,ZT,sh600118,中国卫星,3.0
20251226,ZT,sz002363,隆基机械,3.0
20251226,ZT,sz002931,锋龙股份,3.0
20251226,ZT,sh603601,再升科技,3.0
20251226,ZT,bj920680,广道退,3.0
20251226,ZT,sh603278,大业股份,3.0
20251226,ZT,sh600755,厦门国贸,3.0
20251226,ZT,sh605598,上海港湾,3.0
20251226,ZT,sh600783,鲁信创投,3.0
20251226,ZT,sz002652,扬子新材,2.0
20251226,ZT,sz000777,中核科技,2.0
20251226,ZT,sh600345,长江通信,2.0
20251226,ZT,sz002347,泰尔股份,2.0
20251226,ZT,sz002792,通宇通讯,2.0
20251226,ZT,sz002763,汇洁股份,2.0
20251226,ZT,sz002009,天奇股份,2.0
20251226,ZT,sh600330,天通股份,1.0
20251226,ZT,sz002471,中超控股,1.0
20251226,ZT,sh600105,永鼎股份,1.0
20251226,ZT,sz301117,佳缘科技,1.0
20251226,ZT,sz000547,航天发展,1.0
20251226,ZT,sh603680,今创集团,1.0
20251226,ZT,sh688158,优刻得-W,1.0
20251226,ZT,sh601698,中国卫通,1.0
20251226,ZT,sz002151,北斗星通,1.0
20251226,ZT,sh600736,苏州高新,1.0
20251226,ZT,sz000036,华联控股,1.0
20251226,ZT,sz002759,天际股份,1.0
20251226,ZT,sh603978,深圳新星,1.0
20251226,ZT,sz002805,丰元股份,1.0
20251226,ZT,sz002591,恒大高新,1.0
20251226,ZT,sz002136,安 纳 达,1.0
20251226,ZT,sz000973,佛塑科技,1.0
20251226,ZT,sz301246,宏源药业,1.0
20251226,ZT,sz002756,永兴材料,1.0
20251226,ZT,sz301292,海科新源,1.0
20251226,ZT,sz002326,永太科技,1.0
20251226,ZT,sz000688,国城矿业,1.0
20251226,ZT,sz002903,宇环数控,1.0
20251226,ZT,sz002691,冀凯股份,1.0
20251226,ZT,sz300819,聚杰微纤,1.0
20251226,ZT,sh603626,科森科技,1.0
20251226,ZT,sz002163,海南发展,1.0
20251226,ZT,sh603069,海汽集团,1.0
20251226,ZT,sz000505,京粮控股,1.0
20251226,ZT,sh601969,海南矿业,1.0
20251226,ZT,sh600759,洲际油气,1.0
20251226,ZT,sz002865,钧达股份,1.0
20251226,ZT,sz002571,德力股份,1.0
20251226,ZT,sh600537,亿晶光电,1.0
20251226,ZT,sz002506,协鑫集成,1.0
20251226,ZT,sh605566,福莱蒽特,1.0
20251226,ZT,sz002081,金 螳 螂,1.0
20251226,ZT,sz002853,皮阿诺,1.0
20251226,ZT,sz001309,德明利,1.0
20251226,ZT,sz002752,昇兴股份,1.0
20251226,ZT,sh603686,福龙马  ,1.0
20251226,ZT,sh600362,江西铜业,1.0
20251226,ZT,sz000510,新金路,1.0
20251226,ZT,sz002268,电科网安,1.0
20251226,ZT,sh603660,苏州科达,1.0
20251226,ZT,sz001376,百通能源,1.0
20251226,ZT,sh600021,上海电力,1.0
20251226,ZT,sz002789,*ST建艺,1.0
20251226,ZT,sz002289,*ST宇顺,1.0
20251226,ZT,sh600599,*ST熊猫 ,1.0
20251226,ZT,sh603843,*ST正平 ,1.0
20251226,ZT,sz002168,*ST惠程,1.0
20251226,ZT,sz001270,*ST铖昌,1.0
20251226,ZT,sh603007,*ST花王 ,1.0
20251226,ZT,sh600228,*ST返利 ,1.0
20251226,ZT,sh600165,*ST宁科 ,1.0
20251226,ZT,sh600136,ST明诚  ,1.0
20251226,ZT,sz002703,浙江世宝,1.0
20251226,ZT,sz300291,百纳千成,1.0
20251226,ZT,sz000523,红棉股份,1.0
20251226,ZT,sh600858,银座股份,1.0
20251226,ZT,sz301181,标榜股份,1.0
20251226,ZT,sz002856,美芝股份,1.0
20251226,ZT,sz000863,三湘印象,1.0
20251226,ZT,sz000659,珠海中富,1.0
20251226,ZT,sh600708,光明地产,1.0
20251226,ZT,sh600576,祥源文旅,1.0
20251226,ZT,sz001326,联域股份,1.0
20251226,ZT,sz002769,普路通,1.0
20251226,ZT,sz002919,名臣健康,1.0
20251229,ZT,sz001331,胜通能源,12.0
20251229,ZT,sz002969,嘉美包装,9.0
20251229,ZT,sz002361,神剑股份,8.0
20251229,ZT,sh600118,中国卫星,4.0
20251229,ZT,sz002931,锋龙股份,4.0
20251229,ZT,sh603278,大业股份,4.0
20251229,ZT,sh600783,鲁信创投,4.0
20251229,ZT,sz002652,扬子新材,3.0
20251229,ZT,sz002347,泰尔股份,3.0
20251229,ZT,sz002009,天奇股份,3.0
20251229,ZT,sz000547,航天发展,2.0
20251229,ZT,sz000659,珠海中富,2.0
20251229,ZT,sz002591,恒大高新,2.0
20251229,ZT,sz002691,冀凯股份,2.0
20251229,ZT,sh600759,洲际油气,2.0
20251229,ZT,sh600736,苏州高新,2.0
20251229,ZT,sz002471,中超控股,2.0
20251229,ZT,sz002571,德力股份,2.0
20251229,ZT,sz002202,金风科技,1.0
20251229,ZT,sh605123,派克新材,1.0
20251229,ZT,sh603017,中衡设计,1.0
20251229,ZT,sz000917,电广传媒,1.0
20251229,ZT,sz002465,海格通信,1.0
20251229,ZT,sz002413,雷科防务,1.0
20251229,ZT,sz001229,魅视科技,1.0
20251229,ZT,sh603936,博敏电子,1.0
20251229,ZT,sz000987,越秀资本,1.0
20251229,ZT,sh688523,航天环宇,1.0
20251229,ZT,sz003033,征和工业,1.0
20251229,ZT,sh603667,五洲新春,1.0
20251229,ZT,sz301225,恒勃股份,1.0
20251229,ZT,sz001311,多利科技,1.0
20251229,ZT,sh688160,步科股份,1.0
20251229,ZT,sh688090,瑞松科技,1.0
20251229,ZT,sz000700,模塑科技,1.0
20251229,ZT,sh605255,天普股份,1.0
20251229,ZT,sh603353,和顺石油,1.0
20251229,ZT,sz002169,智光电气,1.0
20251229,ZT,sz300751,迈为股份,1.0
20251229,ZT,sh600477,杭萧钢构,1.0
20251229,ZT,sh603778,国晟科技,1.0
20251229,ZT,sh600151,航天机电,1.0
20251229,ZT,sh600481,双良节能,1.0
20251229,ZT,sh605069,正和生态,1.0
20251229,ZT,sh605168,三人行  ,1.0
20251229,ZT,sz002261,拓维信息,1.0
20251229,ZT,sh603332,苏州龙杰,1.0
20251229,ZT,sh603116,红蜻蜓  ,1.0
20251229,ZT,sh601113,华鼎股份,1.0
20251229,ZT,sz002272,川润股份,1.0
20251229,ZT,sz001266,宏英智能,1.0
20251229,ZT,sh600506,统一股份,1.0
20251229,ZT,sz000420,吉林化纤,1.0
20251229,ZT,sz301237,和顺科技,1.0
20251229,ZT,sz002177,御银股份,1.0
20251229,ZT,sh603123,翠微股份,1.0
20251229,ZT,sh603876,鼎胜新材,1.0
20251229,ZT,sz002187,广百股份,1.0
20251229,ZT,sh600828,茂业商业,1.0
20251229,ZT,sz002789,*ST建艺,1.0
20251229,ZT,sz002306,*ST云网,1.0
20251229,ZT,sh600599,*ST熊猫 ,1.0
20251229,ZT,sh603843,*ST正平 ,1.0
20251229,ZT,sz001270,*ST铖昌,1.0
20251229,ZT,sz002592,ST八菱,1.0
20251229,ZT,sh603007,*ST花王 ,1.0
20251229,ZT,sz300125,*ST聆达,1.0
20251229,ZT,sz000615,*ST美谷,1.0
20251229,ZT,sz000430,*ST张股,1.0
20251229,ZT,sh603828,ST柯利达,1.0
20251229,ZT,sz002199,*ST东晶,1.0
20251229,ZT,sh600355,*ST精伦 ,1.0
20251229,ZT,sz002485,ST雪发,1.0
20251229,ZT,sz002647,*ST仁东,1.0
20251229,ZT,sh603879,永悦科技,1.0
20251229,ZT,sh605086,龙高股份,1.0
20251229,ZT,sz002072,凯瑞德,1.0
20251229,ZT,sh600178,东安动力,1.0
20251229,ZT,sh601700,风范股份,1.0
20251229,ZT,sz002146,荣盛发展,1.0
20251229,ZT,sz001335,信凯科技,1.0
20251229,ZT,sz001217,华尔泰,1.0
20251229,ZT,sh603458,勘设股份,1.0
20251229,ZT,sz000048,京基智农,1.0
20251229,ZT,sh603192,汇得科技,1.0
20251229,ZT,sh600058,五矿发展,1.0
20251229,ZT,sz300582,英飞特,1.0
20251230,ZT,sz002969,嘉美包装,10.0
20251230,ZT,sz002931,锋龙股份,5.0
20251230,ZT,sh603278,大业股份,5.0
20251230,ZT,sz002347,泰尔股份,4.0
20251230,ZT,sz002009,天奇股份,4.0
20251230,ZT,sz002591,恒大高新,3.0
20251230,ZT,sh688160,步科股份,2.0
20251230,ZT,sh603192,汇得科技,2.0
20251230,ZT,sz002413,雷科防务,2.0
20251230,ZT,sh603458,勘设股份,2.0
20251230,ZT,sh603667,五洲新春,2.0
20251230,ZT,sh605069,正和生态,2.0
20251230,ZT,sh605255,天普股份,2.0
20251230,ZT,sh600506,统一股份,2.0
20251230,ZT,sz001266,宏英智能,2.0
20251230,ZT,sz002177,御银股份,2.0
20251230,ZT,sh605086,龙高股份,2.0
20251230,ZT,sz000700,模塑科技,2.0
20251230,ZT,sh603626,科森科技,1.0
20251230,ZT,sh603686,福龙马  ,1.0
20251230,ZT,sz000559,万向钱潮,1.0
20251230,ZT,sz002196,方正电机,1.0
20251230,ZT,sh600376,首开股份,1.0
20251230,ZT,sh603119,浙江荣泰,1.0
20251230,ZT,sz002527,新时达,1.0
20251230,ZT,bj920270,天铭科技,1.0
20251230,ZT,sh603211,晋拓股份,1.0
20251230,ZT,sz002050,三花智控,1.0
20251230,ZT,sh603009,北特科技,1.0
20251230,ZT,sz300885,海昌新材,1.0
20251230,ZT,sz001208,华菱线缆,1.0
20251230,ZT,sh600776,东方通信,1.0
20251230,ZT,sh600192,长城电工,1.0
20251230,ZT,sz002342,巨力索具,1.0
20251230,ZT,sh603359,东珠生态,1.0
20251230,ZT,sz002383,合众思壮,1.0
20251230,ZT,sz000530,冰山冷热,1.0
20251230,ZT,sh603798,康普顿  ,1.0
20251230,ZT,sz002757,南兴股份,1.0
20251230,ZT,sz300840,酷特智能,1.0
20251230,ZT,sz300291,百纳千成,1.0
20251230,ZT,sz002905,金逸影视,1.0
20251230,ZT,sz000981,山子高科,1.0
20251230,ZT,sh600271,航天信息,1.0
20251230,ZT,sh600552,凯盛科技,1.0
20251230,ZT,sh603389,*ST亚振 ,1.0
20251230,ZT,sh603843,*ST正平 ,1.0
20251230,ZT,sz002592,ST八菱,1.0
20251230,ZT,sz002168,*ST惠程,1.0
20251230,ZT,sz002713,*ST东易,1.0
20251230,ZT,sh603007,*ST花王 ,1.0
20251230,ZT,sz000430,*ST张股,1.0
20251230,ZT,sz002485,ST雪发,1.0
20251230,ZT,sz002822,*ST中装,1.0
20251230,ZT,sh600107,ST尔雅  ,1.0
20251230,ZT,sz002816,*ST和科,1.0
20251230,ZT,sh605081,*ST太和 ,1.0
20251230,ZT,sh600682,南京新百,1.0
20251230,ZT,sz000665,湖北广电,1.0
20251230,ZT,sh603722,阿科力  ,1.0
20251230,ZT,sh603608,天创时尚,1.0
20251230,ZT,sh605003,众望布艺,1.0
20251230,ZT,sz001299,美能能源,1.0
20251230,ZT,sh605028,世茂能源,1.0
20251230,ZT,sz000703,恒逸石化,1.0
20251230,ZT,sz000411,英特集团,1.0
20251231,ZT,sz002931,锋龙股份,6.0
20251231,ZT,sh603278,大业股份,6.0
20251231,ZT,sz002347,泰尔股份,5.0
20251231,ZT,sz001266,宏英智能,3.0
20251231,ZT,sz002177,御银股份,3.0
20251231,ZT,sz002413,雷科防务,3.0
20251231,ZT,sh603667,五洲新春,3.0
20251231,ZT,sh603608,天创时尚,2.0
20251231,ZT,sz002718,友邦吊顶,2.0
20251231,ZT,sz001299,美能能源,2.0
20251231,ZT,sz002757,南兴股份,2.0
20251231,ZT,sh605003,众望布艺,2.0
20251231,ZT,bj920270,天铭科技,2.0
20251231,ZT,sz002361,神剑股份,1.0
20251231,ZT,sh600118,中国卫星,1.0
20251231,ZT,sh600783,鲁信创投,1.0
20251231,ZT,sz000547,航天发展,1.0
20251231,ZT,sh600345,长江通信,1.0
20251231,ZT,sz002151,北斗星通,1.0
20251231,ZT,sh601698,中国卫通,1.0
20251231,ZT,sh600498,烽火通信,1.0
20251231,ZT,sz002565,顺灏股份,1.0
20251231,ZT,sh600266,城建发展,1.0
20251231,ZT,sh600363,联创光电,1.0
20251231,ZT,sh600879,航天电子,1.0
20251231,ZT,sz300516,久之洋,1.0
20251231,ZT,sz003009,中天火箭,1.0
20251231,ZT,sh600501,航天晨光,1.0
20251231,ZT,sz002908,德生科技,1.0
20251231,ZT,sz002659,凯文教育,1.0
20251231,ZT,sz002131,利欧股份,1.0
20251231,ZT,sz301066,万事利,1.0
20251231,ZT,sh603533,掌阅科技,1.0
20251231,ZT,sz300058,蓝色光标,1.0
20251231,ZT,sz301380,挖金客,1.0
20251231,ZT,sh603344,星德胜  ,1.0
20251231,ZT,sh603331,百达精工,1.0
20251231,ZT,sh603130,云中马  ,1.0
20251231,ZT,sz000026,飞亚达,1.0
20251231,ZT,sh600626,申达股份,1.0
20251231,ZT,sh603272,联翔股份,1.0
20251231,ZT,sz002634,棒杰股份,1.0
20251231,ZT,sz002208,合肥城建,1.0
20251231,ZT,sz000672,上峰水泥,1.0
20251231,ZT,sh603156,养元饮品,1.0
20251231,ZT,sz301153,中科江南,1.0
20251231,ZT,sz002713,*ST东易,1.0
20251231,ZT,sz001270,*ST铖昌,1.0
20251231,ZT,sz000638,*ST万方,1.0
20251231,ZT,sz002848,*ST高斯,1.0
20251231,ZT,sz002569,*ST步森,1.0
20251231,ZT,sz002496,*ST辉丰,1.0
20251231,ZT,sh603967,中创物流,1.0
20251231,ZT,sh605338,巴比食品,1.0
20251231,ZT,sh600629,华建集团,1.0
20251231,ZT,sz003039,顺控发展,1.0
20251231,ZT,sz000809,和展能源,1.0
20251231,ZT,sh600135,乐凯胶片,1.0
20251231,ZT,sz002766,索菱股份,1.0
20251231,ZT,sz002735,王子新材,1.0
20251231,ZT,sz001231,农心科技,1.0
20251231,ZT,sh600391,航发科技,1.0
20251231,ZT,sz002548,金新农,1.0
20260105,ZT,sz002931,锋龙股份,7.0
20260105,ZT,sz002413,雷科防务,4.0
20260105,ZT,sz002718,友邦吊顶,3.0
20260105,ZT,sz002757,南兴股份,3.0
20260105,ZT,sz300058,蓝色光标,2.0
20260105,ZT,sh600498,烽火通信,2.0
20260105,ZT,sz002131,利欧股份,2.0
20260105,ZT,sz001231,农心科技,2.0
20260105,ZT,sh601698,中国卫通,2.0
20260105,ZT,sz002151,北斗星通,2.0
20260105,ZT,sz002735,王子新材,2.0
20260105,ZT,sh600266,城建发展,2.0
20260105,ZT,sz002766,索菱股份,2.0
20260105,ZT,sz003039,顺控发展,2.0
20260105,ZT,sz002465,海格通信,1.0
20260105,ZT,sz301293,三博脑科,1.0
20260105,ZT,sz301363,美好医疗,1.0
20260105,ZT,sz002195,岩山科技,1.0
20260105,ZT,sz002173,创新医疗,1.0
20260105,ZT,sh600775,南京熊猫,1.0
20260105,ZT,bj920199,倍益康,1.0
20260105,ZT,sh603716,塞力医疗,1.0
20260105,ZT,sz002925,盈趣科技,1.0
20260105,ZT,sz002555,三七互娱,1.0
20260105,ZT,sh688626,翔宇医疗,1.0
20260105,ZT,sh603579,荣泰健康,1.0
20260105,ZT,sz000516,国际医学,1.0
20260105,ZT,sz300753,爱朋医疗,1.0
20260105,ZT,sz301330,熵基科技,1.0
20260105,ZT,sh688273,麦澜德  ,1.0
20260105,ZT,sz300430,诚益通,1.0
20260105,ZT,sz300887,谱尼测试,1.0
20260105,ZT,sh688580,伟思医疗,1.0
20260105,ZT,sz301033,迈普医学,1.0
20260105,ZT,sh688767,博拓生物,1.0
20260105,ZT,sz300003,乐普医疗,1.0
20260105,ZT,sz002819,东方中科,1.0
20260105,ZT,sz300884,狄耐克,1.0
20260105,ZT,sz300238,冠昊生物,1.0
20260105,ZT,sz002462,嘉事堂,1.0
20260105,ZT,sz300652,雷迪克,1.0
20260105,ZT,sz300409,道氏技术,1.0
20260105,ZT,sh688314,康拓医疗,1.0
20260105,ZT,sh600587,新华医疗,1.0
20260105,ZT,sh688108,赛诺医疗,1.0
20260105,ZT,sh603458,勘设股份,1.0
20260105,ZT,sh600776,东方通信,1.0
20260105,ZT,sz002519,银河电子,1.0
20260105,ZT,sz002324,普利特,1.0
20260105,ZT,sh600855,航天长峰,1.0
20260105,ZT,sz002414,高德红外,1.0
20260105,ZT,sh688039,当虹科技,1.0
20260105,ZT,sz301306,西测测试,1.0
20260105,ZT,sh688433,华曙高科,1.0
20260105,ZT,sh603929,亚翔集成,1.0
20260105,ZT,sh601512,中新集团,1.0
20260105,ZT,sh603163,圣晖集成,1.0
20260105,ZT,sh601133,柏诚股份,1.0
20260105,ZT,sz000859,国风新材,1.0
20260105,ZT,sz001333,光华股份,1.0
20260105,ZT,sh688261,东微半导,1.0
20260105,ZT,sz301563,云汉芯城,1.0
20260105,ZT,sh605358,立昂微  ,1.0
20260105,ZT,sh603061,金海通  ,1.0
20260105,ZT,sh603986,兆易创新,1.0
20260105,ZT,sh688766,普冉股份,1.0
20260105,ZT,sh688416,恒烁股份,1.0
20260105,ZT,sh600826,兰生股份,1.0
20260105,ZT,sz002774,快意电梯,1.0
20260105,ZT,sh688258,卓易信息,1.0
20260105,ZT,sh603598,引力传媒,1.0
20260105,ZT,sh600556,天下秀  ,1.0
20260105,ZT,sh600880,博瑞传播,1.0
20260105,ZT,sh603171,税友股份,1.0
20260105,ZT,sz300986,志特新材,1.0
20260105,ZT,sh603778,国晟科技,1.0
20260105,ZT,sz002083,孚日股份,1.0
20260105,ZT,sz000792,盐湖股份,1.0
20260105,ZT,sz002254,泰和新材,1.0
20260105,ZT,sz002759,天际股份,1.0
20260105,ZT,sh601089,福元医药,1.0
20260105,ZT,sz002317,众生药业,1.0
20260105,ZT,sz002773,康弘药业,1.0
20260105,ZT,sh603666,亿嘉和  ,1.0
20260105,ZT,sh603507,振江股份,1.0
20260105,ZT,sz002943,宇晶股份,1.0
20260105,ZT,sh603341,龙旗科技,1.0
20260105,ZT,sh600337,美克家居,1.0
20260105,ZT,sh603052,可川科技,1.0
20260105,ZT,sz002716,湖南白银,1.0
20260105,ZT,sz000426,兴业银锡,1.0
20260105,ZT,sz002488,金固股份,1.0
20260105,ZT,sz002713,*ST东易,1.0
20260105,ZT,sz001270,*ST铖昌,1.0
20260105,ZT,sz002592,ST八菱,1.0
20260105,ZT,sz002848,*ST高斯,1.0
20260105,ZT,sz000638,*ST万方,1.0
20260105,ZT,sz002496,*ST辉丰,1.0
20260105,ZT,sz300029,*ST天龙,1.0
20260105,ZT,sz000691,*ST亚太,1.0
20260105,ZT,sz000608,*ST阳光,1.0
20260105,ZT,sz000668,*ST荣控,1.0
20260105,ZT,sz003004,*ST声迅,1.0
20260105,ZT,sz002868,*ST绿康,1.0
20260105,ZT,sh600525,ST长园  ,1.0
20260105,ZT,sh600735,ST新华锦,1.0
20260105,ZT,sz002620,ST瑞和,1.0
20260105,ZT,sh603261,*ST立航 ,1.0
20260105,ZT,sz002808,*ST恒久,1.0
20260105,ZT,sz300561,*ST汇科,1.0
20260105,ZT,sh603398,*ST沐邦 ,1.0
20260105,ZT,sz002571,德力股份,1.0
20260105,ZT,sz002072,凯瑞德,1.0
20260105,ZT,sh600151,航天机电,1.0
20260105,ZT,sz002490,山东墨龙,1.0
20260105,ZT,sh600370,三房巷  ,1.0
20260105,ZT,sz002259,升达林业,1.0
20260105,ZT,sh603067,振华股份,1.0
20260105,ZT,sh605287,德才股份,1.0
20260105,ZT,sz300599,雄塑科技,1.0
20260105,ZT,sz000952,广济药业,1.0
20260105,ZT,sz003017,大洋生物,1.0
20260105,ZT,sh603127,昭衍新药,1.0
20260105,ZT,sh600491,龙元建设,1.0
20260105,ZT,sz001225,和泰机电,1.0
20260105,ZT,sz001210,金房能源,1.0
20260105,ZT,sh603221,爱丽家居,1.0
20260106,ZT,sz001331,胜通能源,13.0
20260106,ZT,sz002931,锋龙股份,8.0
20260106,ZT,sz002413,雷科防务,5.0
20260106,ZT,sz002718,友邦吊顶,4.0
20260106,ZT,sz002757,南兴股份,4.0
20260106,ZT,sz002151,北斗星通,3.0
20260106,ZT,sz001231,农心科技,3.0
20260106,ZT,sh601698,中国卫通,3.0
20260106,ZT,sh600266,城建发展,3.0
20260106,ZT,sz002766,索菱股份,3.0
20260106,ZT,sz002519,银河电子,2.0
20260106,ZT,sh605358,立昂微  ,2.0
20260106,ZT,sh603598,引力传媒,2.0
20260106,ZT,sh600337,美克家居,2.0
20260106,ZT,sz002925,盈趣科技,2.0
20260106,ZT,sh688580,伟思医疗,2.0
20260106,ZT,sz300430,诚益通,2.0
20260106,ZT,sz000516,国际医学,2.0
20260106,ZT,sh603716,塞力医疗,2.0
20260106,ZT,sh603929,亚翔集成,2.0
20260106,ZT,sh600370,三房巷  ,2.0
20260106,ZT,sz300887,谱尼测试,2.0
20260106,ZT,sz300753,爱朋医疗,2.0
20260106,ZT,sz301293,三博脑科,2.0
20260106,ZT,sz002195,岩山科技,2.0
20260106,ZT,sh600855,航天长峰,2.0
20260106,ZT,sz002465,海格通信,2.0
20260106,ZT,sh603579,荣泰健康,2.0
20260106,ZT,sz002462,嘉事堂,2.0
20260106,ZT,sz001210,金房能源,2.0
20260106,ZT,sz002324,普利特,2.0
20260106,ZT,bj920199,倍益康,2.0
20260106,ZT,sh600775,南京熊猫,2.0
20260106,ZT,sh688626,翔宇医疗,2.0
20260106,ZT,sz002774,快意电梯,2.0
20260106,ZT,sz002173,创新医疗,2.0
20260106,ZT,sz301330,熵基科技,2.0
20260106,ZT,sh688273,麦澜德  ,2.0
20260106,ZT,sh603778,国晟科技,2.0
20260106,ZT,sz301363,美好医疗,2.0
20260106,ZT,sh603061,金海通  ,2.0
20260106,ZT,sz300986,志特新材,2.0
20260106,ZT,sz001225,和泰机电,2.0
20260106,ZT,sh600783,鲁信创投,1.0
20260106,ZT,sh600879,航天电子,1.0
20260106,ZT,sz002383,合众思壮,1.0
20260106,ZT,sh600435,北方导航,1.0
20260106,ZT,sz002471,中超控股,1.0
20260106,ZT,sz002025,航天电器,1.0
20260106,ZT,sh688031,星环科技-U,1.0
20260106,ZT,sz002202,金风科技,1.0
20260106,ZT,sz001400,江顺科技,1.0
20260106,ZT,bj920576,天力复合,1.0
20260106,ZT,sh600618,氯碱化工,1.0
20260106,ZT,sh600691,潞化科技,1.0
20260106,ZT,sz002092,中泰化学,1.0
20260106,ZT,sz001255,博菲电气,1.0
20260106,ZT,sh600230,沧州大化,1.0
20260106,ZT,sh600078,澄星股份,1.0
20260106,ZT,sz000510,新金路,1.0
20260106,ZT,sz000949,新乡化纤,1.0
20260106,ZT,sh601678,滨化股份,1.0
20260106,ZT,sh600075,新疆天业,1.0
20260106,ZT,sh600273,嘉化能源,1.0
20260106,ZT,sh600295,鄂尔多斯,1.0
20260106,ZT,sh603698,航天工程,1.0
20260106,ZT,sz000981,山子高科,1.0
20260106,ZT,sz002703,浙江世宝,1.0
20260106,ZT,sz002355,兴民智通,1.0
20260106,ZT,sh603023,威帝股份,1.0
20260106,ZT,sz300552,万集科技,1.0
20260106,ZT,sz002813,路畅科技,1.0
20260106,ZT,sz002036,联创电子,1.0
20260106,ZT,bj920092,汉鑫科技,1.0
20260106,ZT,sh605228,神通科技,1.0
20260106,ZT,sz002920,德赛西威,1.0
20260106,ZT,sh600459,贵研铂业,1.0
20260106,ZT,sz000629,钒钛股份,1.0
20260106,ZT,sz002501,利源股份,1.0
20260106,ZT,sh601068,中铝国际,1.0
20260106,ZT,sz002160,常铝股份,1.0
20260106,ZT,sz002978,安宁股份,1.0
20260106,ZT,sz000960,锡业股份,1.0
20260106,ZT,sz300837,浙矿股份,1.0
20260106,ZT,sz002425,凯撒文化,1.0
20260106,ZT,sh603012,创力集团,1.0
20260106,ZT,sz000620,盈新发展,1.0
20260106,ZT,sz300331,苏大维格,1.0
20260106,ZT,sz002177,御银股份,1.0
20260106,ZT,sz002197,证通电子,1.0
20260106,ZT,sz300399,天利科技,1.0
20260106,ZT,sh601519,大智慧  ,1.0
20260106,ZT,sh600955,维远股份,1.0
20260106,ZT,sz000545,金浦钛业,1.0
20260106,ZT,sz001223,欧克科技,1.0
20260106,ZT,sz002882,金龙羽,1.0
20260106,ZT,sz000695,滨海能源,1.0
20260106,ZT,sh600707,彩虹股份,1.0
20260106,ZT,sz300269,联建光电,1.0
20260106,ZT,sz301016,雷尔伟,1.0
20260106,ZT,sz000008,神州高铁,1.0
20260106,ZT,sz002713,*ST东易,1.0
20260106,ZT,sz001270,*ST铖昌,1.0
20260106,ZT,sz002592,ST八菱,1.0
20260106,ZT,sh603843,*ST正平 ,1.0
20260106,ZT,sz002569,*ST步森,1.0
20260106,ZT,sz000638,*ST万方,1.0
20260106,ZT,sz002848,*ST高斯,1.0
20260106,ZT,sz000608,*ST阳光,1.0
20260106,ZT,sz000668,*ST荣控,1.0
20260106,ZT,sz003004,*ST声迅,1.0
20260106,ZT,sz000691,*ST亚太,1.0
20260106,ZT,sh600735,ST新华锦,1.0
20260106,ZT,sz002868,*ST绿康,1.0
20260106,ZT,sh603822,ST嘉澳  ,1.0
20260106,ZT,sz000929,*ST兰黄,1.0
20260106,ZT,sh603789,*ST星农 ,1.0
20260106,ZT,sz002388,ST新亚,1.0
20260106,ZT,sz002289,*ST宇顺,1.0
20260106,ZT,sh603268,*ST松发 ,1.0
20260106,ZT,sh600608,*ST沪科 ,1.0
20260106,ZT,sz000609,ST中迪,1.0
20260106,ZT,sz002231,*ST奥维,1.0
20260106,ZT,sh603021,ST华鹏  ,1.0
20260106,ZT,sz002969,嘉美包装,1.0
20260106,ZT,sz002945,华林证券,1.0
20260106,ZT,sh600620,天宸股份,1.0
20260106,ZT,sh603617,君禾股份,1.0
20260106,ZT,sh600936,广西广电,1.0
20260106,ZT,sz001332,锡装股份,1.0
20260106,ZT,sz002836,新宏泽,1.0
20260106,ZT,sh600611,大众交通,1.0
20260106,ZT,sh601886,江河集团,1.0
20260106,ZT,sz002788,鹭燕医药,1.0
20260106,ZT,sz002795,永和智控,1.0
20260106,ZT,sz002865,钧达股份,1.0
20260106,ZT,sh600759,洲际油气,1.0
20260106,ZT,sz002286,保龄宝,1.0
20260106,ZT,sh600838,上海九百,1.0
20260106,ZT,sh600869,远东股份,1.0
20260106,ZT,sz000768,中航西飞,1.0
20260106,ZT,sh600909,华安证券,1.0
20260106,ZT,sh601615,明阳智能,1.0
20260107,ZT,sz001331,胜通能源,14.0
20260107,ZT,sz002931,锋龙股份,9.0
20260107,ZT,sz002413,雷科防务,6.0
20260107,ZT,sz002718,友邦吊顶,5.0
20260107,ZT,sh600266,城建发展,4.0
20260107,ZT,sz002519,银河电子,3.0
20260107,ZT,sz002462,嘉事堂,3.0
20260107,ZT,sh603598,引力传媒,3.0
20260107,ZT,sh600337,美克家居,3.0
20260107,ZT,sz002324,普利特,3.0
20260107,ZT,sh600775,南京熊猫,3.0
20260107,ZT,sz002774,快意电梯,3.0
20260107,ZT,sz002173,创新医疗,3.0
20260107,ZT,sz301363,美好医疗,3.0
20260107,ZT,sz002195,岩山科技,3.0
20260107,ZT,sz300986,志特新材,3.0
20260107,ZT,sz001400,江顺科技,2.0
20260107,ZT,sh600869,远东股份,2.0
20260107,ZT,sz002202,金风科技,2.0
20260107,ZT,sh600435,北方导航,2.0
20260107,ZT,sz002788,鹭燕医药,2.0
20260107,ZT,sz000620,盈新发展,2.0
20260107,ZT,sh600783,鲁信创投,2.0
20260107,ZT,sz002146,荣盛发展,1.0
20260107,ZT,sh600198,大唐电信,1.0
20260107,ZT,sh600637,东方明珠,1.0
20260107,ZT,sz002792,通宇通讯,1.0
20260107,ZT,sz003031,中瓷电子,1.0
20260107,ZT,sh688651,盛邦安全,1.0
20260107,ZT,sh600053,九鼎投资,1.0
20260107,ZT,sh605288,凯迪股份,1.0
20260107,ZT,sz002541,鸿路钢构,1.0
20260107,ZT,sz301079,邵阳液压,1.0
20260107,ZT,sh603037,凯众股份,1.0
20260107,ZT,sh603028,赛福天  ,1.0
20260107,ZT,sz000859,国风新材,1.0
20260107,ZT,sh603650,彤程新材,1.0
20260107,ZT,sz301256,华融化学,1.0
20260107,ZT,sh603125,常青科技,1.0
20260107,ZT,sh688727,恒坤新材,1.0
20260107,ZT,sz300200,高盟新材,1.0
20260107,ZT,sz300346,南大光电,1.0
20260107,ZT,sz301213,观想科技,1.0
20260107,ZT,sz002277,友阿股份,1.0
20260107,ZT,sh688037,芯源微  ,1.0
20260107,ZT,sz002853,皮阿诺,1.0
20260107,ZT,sh688125,安达智能,1.0
20260107,ZT,sh688548,广钢气体,1.0
20260107,ZT,sh603015,弘讯科技,1.0
20260107,ZT,sh601106,中国一重,1.0
20260107,ZT,sh601611,中国核建,1.0
20260107,ZT,sh601399,国机重装,1.0
20260107,ZT,sz002639,雪人集团,1.0
20260107,ZT,sh603052,可川科技,1.0
20260107,ZT,sz002796,世嘉科技,1.0
20260107,ZT,sh688662,富信科技,1.0
20260107,ZT,sh600408,安泰集团,1.0
20260107,ZT,sh601015,陕西黑猫,1.0
20260107,ZT,sh600403,大有能源,1.0
20260107,ZT,sz002112,三变科技,1.0
20260107,ZT,sz002922,伊戈尔,1.0
20260107,ZT,sh601179,中国西电,1.0
20260107,ZT,sh605303,园林股份,1.0
20260107,ZT,sz002929,润建股份,1.0
20260107,ZT,sh600673,东阳光  ,1.0
20260107,ZT,sh688759,必贝特-U,1.0
20260107,ZT,sz002627,三峡旅游,1.0
20260107,ZT,sz002842,翔鹭钨业,1.0
20260107,ZT,sz002713,*ST东易,1.0
20260107,ZT,sz001270,*ST铖昌,1.0
20260107,ZT,sz002592,ST八菱,1.0
20260107,ZT,sz000691,*ST亚太,1.0
20260107,ZT,sz002868,*ST绿康,1.0
20260107,ZT,sh600735,ST新华锦,1.0
20260107,ZT,sz000608,*ST阳光,1.0
20260107,ZT,sz003004,*ST声迅,1.0
20260107,ZT,sz002289,*ST宇顺,1.0
20260107,ZT,sh603822,ST嘉澳  ,1.0
20260107,ZT,sh603268,*ST松发 ,1.0
20260107,ZT,sh600525,ST长园  ,1.0
20260107,ZT,sh603377,ST东时  ,1.0
20260107,ZT,sz000908,*ST景峰,1.0
20260107,ZT,sz002650,ST加加,1.0
20260107,ZT,sz002199,*ST东晶,1.0
20260107,ZT,sh600289,ST信通  ,1.0
20260107,ZT,sh600135,乐凯胶片,1.0
20260107,ZT,sz000635,英 力 特,1.0
20260107,ZT,sh603516,淳中科技,1.0
20260107,ZT,sz002864,盘龙药业,1.0
20260107,ZT,sh603057,紫燕食品,1.0
20260107,ZT,sh603877,太平鸟  ,1.0
20260107,ZT,sz000905,厦门港务,1.0
20260107,ZT,sz000798,中水渔业,1.0
20260107,ZT,sh603356,华菱精工,1.0
20260107,ZT,sh600475,华光环能,1.0
20260107,ZT,sh603488,展鹏科技,1.0
20260107,ZT,sh688710,益诺思  ,1.0
20260108,ZT,sz002931,锋龙股份,10.0
20260108,ZT,sz002519,银河电子,4.0
20260108,ZT,sz002324,普利特,4.0
20260108,ZT,sh600337,美克家居,4.0
20260108,ZT,sh600775,南京熊猫,4.0
20260108,ZT,sz002173,创新医疗,4.0
20260108,ZT,sz002774,快意电梯,4.0
20260108,ZT,sz002195,岩山科技,4.0
20260108,ZT,sz300986,志特新材,4.0
20260108,ZT,sz001400,江顺科技,3.0
20260108,ZT,sh600869,远东股份,3.0
20260108,ZT,sz002202,金风科技,3.0
20260108,ZT,sz002788,鹭燕医药,3.0
20260108,ZT,sh600783,鲁信创投,3.0
20260108,ZT,sh600135,乐凯胶片,2.0
20260108,ZT,sh601399,国机重装,2.0
20260108,ZT,sh603015,弘讯科技,2.0
20260108,ZT,sh601611,中国核建,2.0
20260108,ZT,sh603488,展鹏科技,2.0
20260108,ZT,sh600637,东方明珠,2.0
20260108,ZT,sz002792,通宇通讯,2.0
20260108,ZT,sh688759,必贝特-U,2.0
20260108,ZT,sh603650,彤程新材,2.0
20260108,ZT,sz002639,雪人集团,2.0
20260108,ZT,sh601106,中国一重,2.0
20260108,ZT,sz301079,邵阳液压,2.0
20260108,ZT,sh600879,航天电子,1.0
20260108,ZT,sz002865,钧达股份,1.0
20260108,ZT,sz002025,航天电器,1.0
20260108,ZT,sh600477,杭萧钢构,1.0
20260108,ZT,sh603703,盛洋科技,1.0
20260108,ZT,sz001208,华菱线缆,1.0
20260108,ZT,sz002510,天汽模,1.0
20260108,ZT,sh601608,中信重工,1.0
20260108,ZT,sz003007,直真科技,1.0
20260108,ZT,sz002977,天箭科技,1.0
20260108,ZT,sh603017,中衡设计,1.0
20260108,ZT,sz002342,巨力索具,1.0
20260108,ZT,sz002201,九鼎新材,1.0
20260108,ZT,sz000901,航天科技,1.0
20260108,ZT,sz300129,泰胜风能,1.0
20260108,ZT,sh688066,航天宏图,1.0
20260108,ZT,sh603031,安孚科技,1.0
20260108,ZT,sh605123,派克新材,1.0
20260108,ZT,sz002023,海特高新,1.0
20260108,ZT,sz002565,顺灏股份,1.0
20260108,ZT,sz300102,乾照光电,1.0
20260108,ZT,sz002361,神剑股份,1.0
20260108,ZT,sz002366,融发核电,1.0
20260108,ZT,sh603169,兰石重装,1.0
20260108,ZT,sh603878,武进不锈,1.0
20260108,ZT,sh603333,尚纬股份,1.0
20260108,ZT,sh603716,塞力医疗,1.0
20260108,ZT,sz300753,爱朋医疗,1.0
20260108,ZT,sz300887,谱尼测试,1.0
20260108,ZT,sz301515,港通医疗,1.0
20260108,ZT,sz002757,南兴股份,1.0
20260108,ZT,sh600215,派斯林  ,1.0
20260108,ZT,sz002316,亚联发展,1.0
20260108,ZT,sh600845,宝信软件,1.0
20260108,ZT,sz002279,久其软件,1.0
20260108,ZT,sh600271,航天信息,1.0
20260108,ZT,sh603938,三孚股份,1.0
20260108,ZT,sz000628,高新发展,1.0
20260108,ZT,sz002971,和远气体,1.0
20260108,ZT,sz002542,中化岩土,1.0
20260108,ZT,sz002989,中天精装,1.0
20260108,ZT,sh600172,黄河旋风,1.0
20260108,ZT,sh688552,航天南湖,1.0
20260108,ZT,sz300065,海兰信,1.0
20260108,ZT,sh600967,内蒙一机,1.0
20260108,ZT,sh600372,中航机载,1.0
20260108,ZT,sh603950,长源东谷,1.0
20260108,ZT,sz300141,和顺电气,1.0
20260108,ZT,sh603416,信捷电气,1.0
20260108,ZT,sz301368,丰立智能,1.0
20260108,ZT,sh605116,奥锐特  ,1.0
20260108,ZT,sz001215,千味央厨,1.0
20260108,ZT,sh603696,安记食品,1.0
20260108,ZT,sz002713,*ST东易,1.0
20260108,ZT,sz001270,*ST铖昌,1.0
20260108,ZT,sz000691,*ST亚太,1.0
20260108,ZT,sh600735,ST新华锦,1.0
20260108,ZT,sh603822,ST嘉澳  ,1.0
20260108,ZT,sz002496,*ST辉丰,1.0
20260108,ZT,sz000908,*ST景峰,1.0
20260108,ZT,sz002199,*ST东晶,1.0
20260108,ZT,sh603261,*ST立航 ,1.0
20260108,ZT,sz002630,ST华西,1.0
20260108,ZT,sh600169,ST太重  ,1.0
20260108,ZT,sh600696,*ST岩石 ,1.0
20260108,ZT,sz002693,*ST双成,1.0
20260108,ZT,sz000820,*ST节能,1.0
20260108,ZT,sz002005,ST德豪,1.0
20260108,ZT,sz002647,*ST仁东,1.0
20260108,ZT,sz002529,*ST海源,1.0
20260108,ZT,sz002485,ST雪发,1.0
20260108,ZT,sh605081,*ST太和 ,1.0
20260108,ZT,sh600838,上海九百,1.0
20260108,ZT,sz002248,华东数控,1.0
20260108,ZT,sz000159,国际实业,1.0
20260108,ZT,sh600935,华塑股份,1.0
20260108,ZT,sh605028,世茂能源,1.0
20260108,ZT,sz003037,三和管桩,1.0
20260108,ZT,sz002677,浙江美大,1.0
20260108,ZT,sz002554,惠博普,1.0
20260108,ZT,sh605086,龙高股份,1.0
20260108,ZT,sz002250,联化科技,1.0
20260108,ZT,sh600629,华建集团,1.0
20260108,ZT,sh605298,必得科技,1.0
20260108,ZT,sz002843,泰嘉股份,1.0
20260109,ZT,sz002931,锋龙股份,11.0
20260109,ZT,sz002519,银河电子,5.0
20260109,ZT,sz002774,快意电梯,5.0
20260109,ZT,sz300986,志特新材,5.0
20260109,ZT,sz001400,江顺科技,4.0
20260109,ZT,sz002202,金风科技,4.0
20260109,ZT,sh600783,鲁信创投,4.0
20260109,ZT,sh603015,弘讯科技,3.0
20260109,ZT,sh600637,东方明珠,3.0
20260109,ZT,sh601106,中国一重,3.0
20260109,ZT,sz002342,巨力索具,2.0
20260109,ZT,sz003007,直真科技,2.0
20260109,ZT,sz002316,亚联发展,2.0
20260109,ZT,sz300102,乾照光电,2.0
20260109,ZT,sh600477,杭萧钢构,2.0
20260109,ZT,sh600879,航天电子,2.0
20260109,ZT,sh600215,派斯林  ,2.0
20260109,ZT,sh603017,中衡设计,2.0
20260109,ZT,sh603938,三孚股份,2.0
20260109,ZT,sh601698,中国卫通,1.0
20260109,ZT,sz002278,神开股份,1.0
20260109,ZT,sz002046,国机精工,1.0
20260109,ZT,sz002512,达华智能,1.0
20260109,ZT,sh601929,吉视传媒,1.0
20260109,ZT,sh688387,信科移动-U,1.0
20260109,ZT,sz000987,越秀资本,1.0
20260109,ZT,sz002428,云南锗业,1.0
20260109,ZT,sz002115,三维通信,1.0
20260109,ZT,sh600143,金发科技,1.0
20260109,ZT,sz002927,泰永长征,1.0
20260109,ZT,sz002625,光启技术,1.0
20260109,ZT,sz002296,辉煌科技,1.0
20260109,ZT,sh600776,东方通信,1.0
20260109,ZT,sz000917,电广传媒,1.0
20260109,ZT,sh688418,震有科技,1.0
20260109,ZT,sh603598,引力传媒,1.0
20260109,ZT,sz002044,美年健康,1.0
20260109,ZT,sz000503,国新健康,1.0
20260109,ZT,sz002131,利欧股份,1.0
20260109,ZT,sz002181,粤 传 媒,1.0
20260109,ZT,sh600880,博瑞传播,1.0
20260109,ZT,sh600986,浙文互联,1.0
20260109,ZT,sz301171,易点天下,1.0
20260109,ZT,sz300244,迪安诊断,1.0
20260109,ZT,sz300578,会畅科技,1.0
20260109,ZT,sz002777,久远银海,1.0
20260109,ZT,sz002400,省广集团,1.0
20260109,ZT,sz300063,天龙集团,1.0
20260109,ZT,sh603882,金域医学,1.0
20260109,ZT,sh603496,恒为科技,1.0
20260109,ZT,bj920207,众诚科技,1.0
20260109,ZT,sh603108,润达医疗,1.0
20260109,ZT,sz301230,泓博医药,1.0
20260109,ZT,sh600556,天下秀  ,1.0
20260109,ZT,sz300418,昆仑万维,1.0
20260109,ZT,sh603171,税友股份,1.0
20260109,ZT,sh605288,凯迪股份,1.0
20260109,ZT,sh603305,旭升集团,1.0
20260109,ZT,sz002162,悦心健康,1.0
20260109,ZT,sh600784,鲁银投资,1.0
20260109,ZT,sz002838,道恩股份,1.0
20260109,ZT,sz002029,七 匹 狼,1.0
20260109,ZT,sh603179,新泉股份,1.0
20260109,ZT,sz002849,威星智能,1.0
20260109,ZT,sh600589,大位科技,1.0
20260109,ZT,sh600410,华胜天成,1.0
20260109,ZT,sz300878,维康药业,1.0
20260109,ZT,sh600513,联环药业,1.0
20260109,ZT,sh688221,前沿生物-U,1.0
20260109,ZT,sh601089,福元医药,1.0
20260109,ZT,sh603067,振华股份,1.0
20260109,ZT,sz002203,海亮股份,1.0
20260109,ZT,sh600549,厦门钨业,1.0
20260109,ZT,sh601958,金钼股份,1.0
20260109,ZT,sz000969,安泰科技,1.0
20260109,ZT,sh600973,宝胜股份,1.0
20260109,ZT,sz002187,广百股份,1.0
20260109,ZT,sh600828,茂业商业,1.0
20260109,ZT,sh600858,银座股份,1.0
20260109,ZT,sh603334,丰倍生物,1.0
20260109,ZT,sz002713,*ST东易,1.0
20260109,ZT,sz001270,*ST铖昌,1.0
20260109,ZT,sh603843,*ST正平 ,1.0
20260109,ZT,sz000691,*ST亚太,1.0
20260109,ZT,sh600735,ST新华锦,1.0
20260109,ZT,sz003004,*ST声迅,1.0
20260109,ZT,sz002848,*ST高斯,1.0
20260109,ZT,sz002569,*ST步森,1.0
20260109,ZT,sh600696,*ST岩石 ,1.0
20260109,ZT,sz002005,ST德豪,1.0
20260109,ZT,sz000820,*ST节能,1.0
20260109,ZT,sz000609,ST中迪,1.0
20260109,ZT,sz002620,ST瑞和,1.0
20260109,ZT,sh603813,*ST原尚 ,1.0
20260109,ZT,sz300044,ST赛为,1.0
20260109,ZT,sz002795,永和智控,1.0
20260109,ZT,sh600759,洲际油气,1.0
20260109,ZT,sz002431,棕榈股份,1.0
20260109,ZT,sz002729,好利科技,1.0
20260109,ZT,sh600962,国投中鲁,1.0
20260109,ZT,sz002017,东信和平,1.0
20260109,ZT,sz300051,琏升科技,1.0
20260109,ZT,sh600676,交运股份,1.0
20260109,ZT,sh600397,江钨装备,1.0
20260109,ZT,bj920641,格利尔,1.0
20260109,ZT,sz000532,华金资本,1.0
20260109,ZT,sz001373,翔腾新材,1.0
20260109,ZT,sh600748,上实发展,1.0
20260109,ZT,sh600807,济高发展,1.0
20260112,ZT,sz002931,锋龙股份,12.0
20260112,ZT,sz002519,银河电子,6.0
20260112,ZT,sz300986,志特新材,6.0
20260112,ZT,sz002202,金风科技,5.0
20260112,ZT,sh600783,鲁信创投,5.0
20260112,ZT,sh600637,东方明珠,4.0
20260112,ZT,sh603015,弘讯科技,4.0
20260112,ZT,sh601106,中国一重,4.0
20260112,ZT,sz003007,直真科技,3.0
20260112,ZT,sz002316,亚联发展,3.0
20260112,ZT,sh600477,杭萧钢构,3.0
20260112,ZT,sh600879,航天电子,3.0
20260112,ZT,sz002342,巨力索具,3.0
20260112,ZT,sh603778,国晟科技,3.0
20260112,ZT,sh603017,中衡设计,3.0
20260112,ZT,sh688387,信科移动-U,2.0
20260112,ZT,sz002115,三维通信,2.0
20260112,ZT,sz300244,迪安诊断,2.0
20260112,ZT,sh600880,博瑞传播,2.0
20260112,ZT,sh603496,恒为科技,2.0
20260112,ZT,sz300063,天龙集团,2.0
20260112,ZT,sh603598,引力传媒,2.0
20260112,ZT,sh603305,旭升集团,2.0
20260112,ZT,sh600676,交运股份,2.0
20260112,ZT,sz002131,利欧股份,2.0
20260112,ZT,sz300418,昆仑万维,2.0
20260112,ZT,sh603882,金域医学,2.0
20260112,ZT,sh600986,浙文互联,2.0
20260112,ZT,sh600776,东方通信,2.0
20260112,ZT,bj920207,众诚科技,2.0
20260112,ZT,sz002181,粤 传 媒,2.0
20260112,ZT,sz002512,达华智能,2.0
20260112,ZT,sh600556,天下秀  ,2.0
20260112,ZT,sz000969,安泰科技,2.0
20260112,ZT,sz002044,美年健康,2.0
20260112,ZT,sz002017,东信和平,2.0
20260112,ZT,sh601698,中国卫通,2.0
20260112,ZT,sz000503,国新健康,2.0
20260112,ZT,sz000917,电广传媒,2.0
20260112,ZT,sh600828,茂业商业,2.0
20260112,ZT,sh603171,税友股份,2.0
20260112,ZT,sz301171,易点天下,2.0
20260112,ZT,sz002400,省广集团,2.0
20260112,ZT,sz002046,国机精工,2.0
20260112,ZT,sz002969,嘉美包装,2.0
20260112,ZT,sz000681,视觉中国,1.0
20260112,ZT,sh603000,人民网  ,1.0
20260112,ZT,sh603888,新华网  ,1.0
20260112,ZT,sz301378,通达海,1.0
20260112,ZT,sz300816,艾可蓝,1.0
20260112,ZT,sh601900,南方传媒,1.0
20260112,ZT,sh600633,浙数文化,1.0
20260112,ZT,sz002769,普路通,1.0
20260112,ZT,bj920021,流金科技,1.0
20260112,ZT,sz000892,欢瑞世纪,1.0
20260112,ZT,sz002712,思美传媒,1.0
20260112,ZT,sh688258,卓易信息,1.0
20260112,ZT,sh605398,新炬网络,1.0
20260112,ZT,sh600640,国脉文化,1.0
20260112,ZT,sz300987,川网传媒,1.0
20260112,ZT,sz300785,值得买,1.0
20260112,ZT,sh688365,光云科技,1.0
20260112,ZT,sz300349,金卡智能,1.0
20260112,ZT,sz002881,美格智能,1.0
20260112,ZT,sz000785,居然智家,1.0
20260112,ZT,sh688118,普元信息,1.0
20260112,ZT,sz300291,百纳千成,1.0
20260112,ZT,sh600588,用友网络,1.0
20260112,ZT,sz301066,万事利,1.0
20260112,ZT,sz301159,三维天地,1.0
20260112,ZT,sz300364,中文在线,1.0
20260112,ZT,sh688229,博睿数据,1.0
20260112,ZT,sz300170,汉得信息,1.0
20260112,ZT,sh601858,中国科传,1.0
20260112,ZT,sz300229,拓尔思,1.0
20260112,ZT,sh688607,康众医疗,1.0
20260112,ZT,sz002858,力盛体育,1.0
20260112,ZT,sz300058,蓝色光标,1.0
20260112,ZT,sz301093,华兰股份,1.0
20260112,ZT,sz300792,壹网壹创,1.0
20260112,ZT,sz300624,万兴科技,1.0
20260112,ZT,sh601360,三六零  ,1.0
20260112,ZT,sh688787,海天瑞声,1.0
20260112,ZT,sh603859,能科科技,1.0
20260112,ZT,sh688031,星环科技-U,1.0
20260112,ZT,sz300766,每日互动,1.0
20260112,ZT,sz002605,姚记科技,1.0
20260112,ZT,sz300071,福石控股,1.0
20260112,ZT,sh688232,新点软件,1.0
20260112,ZT,sz002659,凯文教育,1.0
20260112,ZT,sz300253,卫宁健康,1.0
20260112,ZT,sz300830,金现代,1.0
20260112,ZT,sh688095,福昕软件,1.0
20260112,ZT,sz002082,万邦德,1.0
20260112,ZT,sz301231,荣信文化,1.0
20260112,ZT,sz002413,雷科防务,1.0
20260112,ZT,sz002792,通宇通讯,1.0
20260112,ZT,sz301079,邵阳液压,1.0
20260112,ZT,sh603703,盛洋科技,1.0
20260112,ZT,sh600498,烽火通信,1.0
20260112,ZT,sh600877,电科芯片,1.0
20260112,ZT,sz000066,中国长城,1.0
20260112,ZT,sz002935,天奥电子,1.0
20260112,ZT,sh600118,中国卫星,1.0
20260112,ZT,sz002471,中超控股,1.0
20260112,ZT,sh600094,大名城  ,1.0
20260112,ZT,sz300342,天银机电,1.0
20260112,ZT,sz300711,广哈通信,1.0
20260112,ZT,sh688282,理工导航,1.0
20260112,ZT,bj920116,星图测控,1.0
20260112,ZT,sz002446,盛路通信,1.0
20260112,ZT,sh603278,大业股份,1.0
20260112,ZT,sz300045,华力创通,1.0
20260112,ZT,sz301248,杰创智能,1.0
20260112,ZT,sh600552,凯盛科技,1.0
20260112,ZT,sz300435,中泰股份,1.0
20260112,ZT,bj920564,天润科技,1.0
20260112,ZT,sh688568,中科星图,1.0
20260112,ZT,sh688375,国博电子,1.0
20260112,ZT,sh688333,铂力特  ,1.0
20260112,ZT,sh688119,中钢洛耐,1.0
20260112,ZT,sz002151,北斗星通,1.0
20260112,ZT,sz002639,雪人集团,1.0
20260112,ZT,sh601611,中国核建,1.0
20260112,ZT,sh601992,金隅集团,1.0
20260112,ZT,sz002443,金洲管道,1.0
20260112,ZT,sz001255,博菲电气,1.0
20260112,ZT,sz002171,楚江新材,1.0
20260112,ZT,sh600651,飞乐音响,1.0
20260112,ZT,sh600475,华光环能,1.0
20260112,ZT,sh600586,金晶科技,1.0
20260112,ZT,sz002574,明牌珠宝,1.0
20260112,ZT,sh603396,金辰股份,1.0
20260112,ZT,sh601615,明阳智能,1.0
20260112,ZT,sh600151,航天机电,1.0
20260112,ZT,sh603708,家家悦  ,1.0
20260112,ZT,sh601116,三江购物,1.0
20260112,ZT,sh600694,大商股份,1.0
20260112,ZT,sh600729,重庆百货,1.0
20260112,ZT,sz000889,中嘉博创,1.0
20260112,ZT,sh600839,四川长虹,1.0
20260112,ZT,sh603602,纵横通信,1.0
20260112,ZT,sz002523,天桥起重,1.0
20260112,ZT,sz002600,领益智造,1.0
20260112,ZT,sh603232,格尔软件,1.0
20260112,ZT,sz300520,科大国创,1.0
20260112,ZT,sz002195,岩山科技,1.0
20260112,ZT,sz002465,海格通信,1.0
20260112,ZT,sz300409,道氏技术,1.0
20260112,ZT,sh603696,安记食品,1.0
20260112,ZT,sh603059,倍加洁  ,1.0
20260112,ZT,sh600965,福成股份,1.0
20260112,ZT,sh688325,赛微微电,1.0
20260112,ZT,sh603078,江化微  ,1.0
20260112,ZT,sh603090,宏盛股份,1.0
20260112,ZT,sh603339,四方科技,1.0
20260112,ZT,sh600259,中稀有色,1.0
20260112,ZT,sz000612,焦作万方,1.0
20260112,ZT,sz003041,真爱美家,1.0
20260112,ZT,sz002394,联发股份,1.0
20260112,ZT,bj920090,同辉信息,1.0
20260112,ZT,sz002713,*ST东易,1.0
20260112,ZT,sz001270,*ST铖昌,1.0
20260112,ZT,sz002569,*ST步森,1.0
20260112,ZT,sz000691,*ST亚太,1.0
20260112,ZT,sz002848,*ST高斯,1.0
20260112,ZT,sh600696,*ST岩石 ,1.0
20260112,ZT,sz000908,*ST景峰,1.0
20260112,ZT,sz002620,ST瑞和,1.0
20260112,ZT,sh603813,*ST原尚 ,1.0
20260112,ZT,sz002647,*ST仁东,1.0
20260112,ZT,sh600169,ST太重  ,1.0
20260112,ZT,sh603828,ST柯利达,1.0
20260112,ZT,sz000638,*ST万方,1.0
20260112,ZT,sh600193,*ST创兴 ,1.0
20260112,ZT,sh603825,ST华扬  ,1.0
20260112,ZT,sz002581,ST未名,1.0
20260112,ZT,sh600107,ST尔雅  ,1.0
20260112,ZT,sh603389,*ST亚振 ,1.0
20260112,ZT,sz002718,友邦吊顶,1.0
20260112,ZT,sh603488,展鹏科技,1.0
20260112,ZT,sz000803,山高环能,1.0
20260112,ZT,sh688679,通源环境,1.0
20260112,ZT,sh600579,中化装备,1.0
20260112,ZT,sz000890,法尔胜,1.0
20260112,ZT,sz001896,豫能控股,1.0
20260112,ZT,sh603303,得邦照明,1.0
20260112,ZT,sz001225,和泰机电,1.0
20260112,ZT,sz002088,鲁阳节能,1.0
20260112,ZT,sh600152,维科技术,1.0
20260112,ZT,sz002856,美芝股份,1.0
20260112,ZT,sz002103,广博股份,1.0
20260112,ZT,sz000593,德龙汇能,1.0
20260112,ZT,sz000981,山子高科,1.0
20260112,ZT,sz001202,炬申股份,1.0
20260112,ZT,sh600868,梅雁吉祥,1.0
20260112,ZT,sz000766,通化金马,1.0
20260112,ZT,sh601949,中国出版,1.0
20260112,ZT,sh603969,银龙股份,1.0
20260112,ZT,sh603608,天创时尚,1.0
20260112,ZT,sh603698,航天工程,1.0
20260113,ZT,sz002931,锋龙股份,13.0
20260113,ZT,sh600783,鲁信创投,6.0
20260113,ZT,sz002342,巨力索具,4.0
20260113,ZT,sz003007,直真科技,4.0
20260113,ZT,sh600477,杭萧钢构,4.0
20260113,ZT,sz002115,三维通信,3.0
20260113,ZT,sz300063,天龙集团,3.0
20260113,ZT,sh603598,引力传媒,3.0
20260113,ZT,sh600676,交运股份,3.0
20260113,ZT,sz002131,利欧股份,3.0
20260113,ZT,sz002044,美年健康,3.0
20260113,ZT,sh600776,东方通信,3.0
20260113,ZT,sz002400,省广集团,3.0
20260113,ZT,sz000593,德龙汇能,2.0
20260113,ZT,sz003041,真爱美家,2.0
20260113,ZT,sh601116,三江购物,2.0
20260113,ZT,sz002574,明牌珠宝,2.0
20260113,ZT,sz002465,海格通信,2.0
20260113,ZT,sh603888,新华网  ,2.0
20260113,ZT,sz002718,友邦吊顶,2.0
20260113,ZT,sh601992,金隅集团,2.0
20260113,ZT,sz001202,炬申股份,2.0
20260113,ZT,sh603488,展鹏科技,2.0
20260113,ZT,sz000681,视觉中国,2.0
20260113,ZT,sz000785,居然智家,2.0
20260113,ZT,sh600877,电科芯片,2.0
20260113,ZT,sz002769,普路通,2.0
20260113,ZT,sz001255,博菲电气,2.0
20260113,ZT,sh603000,人民网  ,2.0
20260113,ZT,sz301230,泓博医药,1.0
20260113,ZT,sz002219,新里程,1.0
20260113,ZT,bj920367,新赣江,1.0
20260113,ZT,sz300404,博济医药,1.0
20260113,ZT,sz301257,普蕊斯,1.0
20260113,ZT,sz301060,兰卫医学,1.0
20260113,ZT,sz000710,贝瑞基因,1.0
20260113,ZT,sz301333,诺思格,1.0
20260113,ZT,sz300078,思创医惠,1.0
20260113,ZT,sz002589,瑞康医药,1.0
20260113,ZT,sh605186,健麾信息,1.0
20260113,ZT,sz300246,宝莱特,1.0
20260113,ZT,sz300267,尔康制药,1.0
20260113,ZT,sz002607,中公教育,1.0
20260113,ZT,sh600662,外服控股,1.0
20260113,ZT,sz001330,博纳影业,1.0
20260113,ZT,sz002865,钧达股份,1.0
20260113,ZT,sz002112,三变科技,1.0
20260113,ZT,sh600089,特变电工,1.0
20260113,ZT,sz002451,摩恩电气,1.0
20260113,ZT,sh600170,上海建工,1.0
20260113,ZT,sz000078,海王生物,1.0
20260113,ZT,sh688331,荣昌生物,1.0
20260113,ZT,sz002490,山东墨龙,1.0
20260113,ZT,sz002207,准油股份,1.0
20260113,ZT,sh603355,莱克电气,1.0
20260113,ZT,sh603739,蔚蓝生物,1.0
20260113,ZT,sz002569,*ST步森,1.0
20260113,ZT,sz000691,*ST亚太,1.0
20260113,ZT,sz003004,*ST声迅,1.0
20260113,ZT,sh603828,ST柯利达,1.0
20260113,ZT,sz002816,*ST和科,1.0
20260113,ZT,sz000595,*ST宝实,1.0
20260113,ZT,sz000004,*ST国华,1.0
20260113,ZT,sh603268,*ST松发 ,1.0
20260113,ZT,sz002822,*ST中装,1.0
20260113,ZT,sz002172,澳洋健康,1.0
20260113,ZT,sz000516,国际医学,1.0
20260113,ZT,sh603682,锦和商管,1.0
20260113,ZT,sh600800,渤海化学,1.0
20260113,ZT,sh603282,亚光股份,1.0
20260113,ZT,sz001260,坤泰股份,1.0
20260113,ZT,sz300842,帝科股份,1.0
20260113,ZT,sz002135,东南网架,1.0
20260113,ZT,sh600721,百花医药,1.0
20260113,ZT,sh603138,海量数据,1.0
20260114,ZT,sz003007,直真科技,5.0
20260114,ZT,sz002115,三维通信,4.0
20260114,ZT,sz002131,利欧股份,4.0
20260114,ZT,sz002044,美年健康,4.0
20260114,ZT,sz002400,省广集团,4.0
20260114,ZT,sz000593,德龙汇能,3.0
20260114,ZT,sh601116,三江购物,3.0
20260114,ZT,sz002465,海格通信,3.0
20260114,ZT,sz002574,明牌珠宝,3.0
20260114,ZT,sh603888,新华网  ,3.0
20260114,ZT,sz002718,友邦吊顶,3.0
20260114,ZT,sh601992,金隅集团,3.0
20260114,ZT,sz001255,博菲电气,3.0
20260114,ZT,sh603000,人民网  ,3.0
20260114,ZT,sz002219,新里程,2.0
20260114,ZT,sz000078,海王生物,2.0
20260114,ZT,sh600662,外服控股,2.0
20260114,ZT,sz000516,国际医学,2.0
20260114,ZT,sz002112,三变科技,2.0
20260114,ZT,sh600556,天下秀  ,1.0
20260114,ZT,sh600986,浙文互联,1.0
20260114,ZT,sz002181,粤 传 媒,1.0
20260114,ZT,sh688365,光云科技,1.0
20260114,ZT,sz301378,通达海,1.0
20260114,ZT,sh600588,用友网络,1.0
20260114,ZT,sz301159,三维天地,1.0
20260114,ZT,bj920021,流金科技,1.0
20260114,ZT,sz300785,值得买,1.0
20260114,ZT,sz300792,壹网壹创,1.0
20260114,ZT,sz002153,石基信息,1.0
20260114,ZT,sz000409,云鼎科技,1.0
20260114,ZT,sh605136,丽人丽妆,1.0
20260114,ZT,sz301001,凯淳股份,1.0
20260114,ZT,sh600133,东湖高新,1.0
20260114,ZT,sz301275,汉朔科技,1.0
20260114,ZT,sh600734,实达集团,1.0
20260114,ZT,sh688479,友车科技,1.0
20260114,ZT,bj920227,美登科技,1.0
20260114,ZT,sh688080,映翰通  ,1.0
20260114,ZT,sz002609,捷顺科技,1.0
20260114,ZT,sz002429,兆驰股份,1.0
20260114,ZT,sh688292,浩瀚深度,1.0
20260114,ZT,sh603918,金桥信息,1.0
20260114,ZT,sz002519,银河电子,1.0
20260114,ZT,sz001400,江顺科技,1.0
20260114,ZT,sz002446,盛路通信,1.0
20260114,ZT,sz002218,拓日新能,1.0
20260114,ZT,sh600076,康欣新材,1.0
20260114,ZT,sh603458,勘设股份,1.0
20260114,ZT,sz002201,九鼎新材,1.0
20260114,ZT,sh600198,大唐电信,1.0
20260114,ZT,sz301117,佳缘科技,1.0
20260114,ZT,sh605222,起帆电缆,1.0
20260114,ZT,sz002194,武汉凡谷,1.0
20260114,ZT,sz300427,红相股份,1.0
20260114,ZT,bj920169,七丰精工,1.0
20260114,ZT,sz300758,七彩化学,1.0
20260114,ZT,sh603353,和顺石油,1.0
20260114,ZT,sz002290,禾盛新材,1.0
20260114,ZT,sh603163,圣晖集成,1.0
20260114,ZT,sh603929,亚翔集成,1.0
20260114,ZT,sh600589,大位科技,1.0
20260114,ZT,sh600410,华胜天成,1.0
20260114,ZT,sh603881,数据港  ,1.0
20260114,ZT,sz301396,宏景科技,1.0
20260114,ZT,sh601106,中国一重,1.0
20260114,ZT,sz002478,常宝股份,1.0
20260114,ZT,sh603280,南方路机,1.0
20260114,ZT,sz301408,华人健康,1.0
20260114,ZT,sh600785,新华百货,1.0
20260114,ZT,sz002264,新 华 都,1.0
20260114,ZT,sz300520,科大国创,1.0
20260114,ZT,sz002054,德美化工,1.0
20260114,ZT,sh603829,洛凯股份,1.0
20260114,ZT,sz001360,南矿集团,1.0
20260114,ZT,sz002716,湖南白银,1.0
20260114,ZT,sh603179,新泉股份,1.0
20260114,ZT,sh603687,大胜达  ,1.0
20260114,ZT,sz002004,华邦健康,1.0
20260114,ZT,sz300773,拉卡拉,1.0
20260114,ZT,sh605118,力鼎光电,1.0
20260114,ZT,sz002353,杰瑞股份,1.0
20260114,ZT,sz000691,*ST亚太,1.0
20260114,ZT,sz002848,*ST高斯,1.0
20260114,ZT,sh603828,ST柯利达,1.0
20260114,ZT,sz002647,*ST仁东,1.0
20260114,ZT,sz002816,*ST和科,1.0
20260114,ZT,sz002055,ST得润,1.0
20260114,ZT,sh600381,*ST春天 ,1.0
20260114,ZT,sz002789,*ST建艺,1.0
20260114,ZT,sz002281,光迅科技,1.0
20260114,ZT,sh601216,君正集团,1.0
20260114,ZT,sz002969,嘉美包装,1.0
20260114,ZT,sh603778,国晟科技,1.0
20260114,ZT,sz000981,山子高科,1.0
20260114,ZT,sz002879,长缆科技,1.0
20260114,ZT,sh603056,德邦股份,1.0
20260114,ZT,sz002427,尤夫股份,1.0
20260114,ZT,sz001228,永泰运,1.0
20260114,ZT,sz002235,安妮股份,1.0
20260114,ZT,sh600724,宁波富达,1.0
20260114,ZT,sz301321,翰博高新,1.0
20260114,ZT,sz301043,绿岛风,1.0
20260114,ZT,sz002310,东方新能,1.0
20260114,ZT,sz002707,众信旅游,1.0
20260114,ZT,sz000591,太阳能,1.0
20260114,ZT,sh603988,中电电机,1.0
20260114,ZT,sh605287,德才股份,1.0
20260114,ZT,sh605255,天普股份,1.0
20260114,ZT,sz000875,吉电股份,1.0
20260115,ZT,sz001255,博菲电气,4.0
20260115,ZT,sh603000,人民网  ,4.0
20260115,ZT,sh600662,外服控股,3.0
20260115,ZT,sz002112,三变科技,3.0
20260115,ZT,sz002446,盛路通信,2.0
20260115,ZT,sh600785,新华百货,2.0
20260115,ZT,sh600410,华胜天成,2.0
20260115,ZT,sz002264,新 华 都,2.0
20260115,ZT,sh600058,五矿发展,2.0
20260115,ZT,sz002554,惠博普,2.0
20260115,ZT,sz300758,七彩化学,2.0
20260115,ZT,sz002707,众信旅游,2.0
20260115,ZT,sz002218,拓日新能,2.0
20260115,ZT,sh605287,德才股份,2.0
20260115,ZT,sz002153,石基信息,2.0
20260115,ZT,sh603056,德邦股份,2.0
20260115,ZT,sh600520,三佳科技,1.0
20260115,ZT,sz002787,华源控股,1.0
20260115,ZT,sh603650,彤程新材,1.0
20260115,ZT,sz002119,康强电子,1.0
20260115,ZT,sz301348,蓝箭电子,1.0
20260115,ZT,sh603360,百傲化学,1.0
20260115,ZT,sh603938,三孚股份,1.0
20260115,ZT,sz001212,中旗新材,1.0
20260115,ZT,sz301629,矽电股份,1.0
20260115,ZT,sh601208,东材科技,1.0
20260115,ZT,sz000681,视觉中国,1.0
20260115,ZT,sz002545,东方铁塔,1.0
20260115,ZT,sh600389,江山股份,1.0
20260115,ZT,sh600725,云维股份,1.0
20260115,ZT,sz001337,四川黄金,1.0
20260115,ZT,sz002114,罗平锌电,1.0
20260115,ZT,sz002842,翔鹭钨业,1.0
20260115,ZT,sh603402,陕西旅游,1.0
20260115,ZT,sh600593,大连圣亚,1.0
20260115,ZT,sz002130,沃尔核材,1.0
20260115,ZT,sh601231,环旭电子,1.0
20260115,ZT,sz002796,世嘉科技,1.0
20260115,ZT,sz002546,新联电子,1.0
20260115,ZT,sh600550,保变电气,1.0
20260115,ZT,sh601366,利群股份,1.0
20260115,ZT,sz001376,百通能源,1.0
20260115,ZT,sh605580,恒盛能源,1.0
20260115,ZT,sh600302,标准股份,1.0
20260115,ZT,sz002848,*ST高斯,1.0
20260115,ZT,sz002816,*ST和科,1.0
20260115,ZT,sh600381,*ST春天 ,1.0
20260115,ZT,sz000608,*ST阳光,1.0
20260115,ZT,sz002424,ST百灵,1.0
20260115,ZT,sh600777,*ST新潮 ,1.0
20260115,ZT,sh603398,*ST沐邦 ,1.0
20260115,ZT,sz002868,*ST绿康,1.0
20260115,ZT,sz001260,坤泰股份,1.0
20260115,ZT,sz002049,紫光国微,1.0
20260115,ZT,sh603023,威帝股份,1.0
20260115,ZT,sh603161,科华控股,1.0
20260115,ZT,sh600708,光明地产,1.0
20260115,ZT,sz300452,山河药辅,1.0
20260115,ZT,sz002775,文科股份,1.0
20260115,ZT,sz002836,新宏泽,1.0
20260115,ZT,sz002636,金安国纪,1.0
20260115,ZT,sh603320,迪贝电气,1.0
20260115,ZT,sz002919,名臣健康,1.0
20260116,ZT,sz001255,博菲电气,5.0
20260116,ZT,sh600058,五矿发展,3.0
20260116,ZT,sh603056,德邦股份,3.0
20260116,ZT,sh600785,新华百货,3.0
20260116,ZT,sz002796,世嘉科技,2.0
20260116,ZT,sz002119,康强电子,2.0
20260116,ZT,sh603163,圣晖集成,1.0
20260116,ZT,sh603929,亚翔集成,1.0
20260116,ZT,sh688376,美埃科技,1.0
20260116,ZT,sz301529,福赛科技,1.0
20260116,ZT,sh600584,长电科技,1.0
20260116,ZT,sz300606,金太阳,1.0
20260116,ZT,sh688234,天岳先进,1.0
20260116,ZT,sh601133,柏诚股份,1.0
20260116,ZT,sz301235,华康洁净,1.0
20260116,ZT,sh603061,金海通  ,1.0
20260116,ZT,sz000620,盈新发展,1.0
20260116,ZT,sz002156,通富微电,1.0
20260116,ZT,sz002208,合肥城建,1.0
20260116,ZT,sz002943,宇晶股份,1.0
20260116,ZT,sh600703,三安光电,1.0
20260116,ZT,sh688362,甬矽电子,1.0
20260116,ZT,sh603283,赛腾股份,1.0
20260116,ZT,sh603058,永吉股份,1.0
20260116,ZT,sh603986,兆易创新,1.0
20260116,ZT,sh603179,新泉股份,1.0
20260116,ZT,sz300952,恒辉安防,1.0
20260116,ZT,sz002953,日丰股份,1.0
20260116,ZT,sz001207,联科科技,1.0
20260116,ZT,sh603638,艾迪精密,1.0
20260116,ZT,sz002196,方正电机,1.0
20260116,ZT,sh603626,科森科技,1.0
20260116,ZT,sz300780,德恩精工,1.0
20260116,ZT,sh603665,康隆达  ,1.0
20260116,ZT,sh600053,九鼎投资,1.0
20260116,ZT,sz002664,信质集团,1.0
20260116,ZT,sh603667,五洲新春,1.0
20260116,ZT,sz002048,宁波华翔,1.0
20260116,ZT,sz002358,森源电气,1.0
20260116,ZT,sz002498,汉缆股份,1.0
20260116,ZT,sz000720,新能泰山,1.0
20260116,ZT,sz300215,电科院,1.0
20260116,ZT,sz002339,积成电子,1.0
20260116,ZT,sh601616,广电电气,1.0
20260116,ZT,sh601096,宏盛华源,1.0
20260116,ZT,sz002028,思源电气,1.0
20260116,ZT,sz002830,名雕股份,1.0
20260116,ZT,sh600234,科新发展,1.0
20260116,ZT,sh603038,华立股份,1.0
20260116,ZT,sz001233,海安集团,1.0
20260116,ZT,sh601163,三角轮胎,1.0
20260116,ZT,sh603052,可川科技,1.0
20260116,ZT,sh600198,大唐电信,1.0
20260116,ZT,sh600266,城建发展,1.0
20260116,ZT,sz002816,*ST和科,1.0
20260116,ZT,sz002647,*ST仁东,1.0
20260116,ZT,sz000608,*ST阳光,1.0
20260116,ZT,sz001270,*ST铖昌,1.0
20260116,ZT,sz000668,*ST荣控,1.0
20260116,ZT,sz002047,*ST宝鹰,1.0
20260116,ZT,sz000929,*ST兰黄,1.0
20260116,ZT,sh603389,*ST亚振 ,1.0
20260116,ZT,sh603721,*ST天择 ,1.0
20260116,ZT,sh600841,动力新科,1.0
20260116,ZT,sh605167,利柏特  ,1.0
20260116,ZT,sz002331,皖通科技,1.0
20260116,ZT,sh603216,梦天家居,1.0
20260119,ZT,sz002931,锋龙股份,14.0
20260119,ZT,sh600785,新华百货,4.0
20260119,ZT,sz000720,新能泰山,2.0
20260119,ZT,sh601096,宏盛华源,2.0
20260119,ZT,sh603667,五洲新春,2.0
20260119,ZT,sz002358,森源电气,2.0
20260119,ZT,sz002028,思源电气,2.0
20260119,ZT,sz002339,积成电子,2.0
20260119,ZT,sz002498,汉缆股份,2.0
20260119,ZT,sh601616,广电电气,2.0
20260119,ZT,sh603061,金海通  ,2.0
20260119,ZT,sz002112,三变科技,1.0
20260119,ZT,sz002546,新联电子,1.0
20260119,ZT,sh600550,保变电气,1.0
20260119,ZT,sz002606,大连电瓷,1.0
20260119,ZT,sz002270,华明装备,1.0
20260119,ZT,sh601700,风范股份,1.0
20260119,ZT,sh601179,中国西电,1.0
20260119,ZT,sh603097,江苏华辰,1.0
20260119,ZT,sh600312,平高电气,1.0
20260119,ZT,sz300444,双杰电气,1.0
20260119,ZT,sh600268,国电南自,1.0
20260119,ZT,sh603861,白云电器,1.0
20260119,ZT,sh600089,特变电工,1.0
20260119,ZT,sh601126,四方股份,1.0
20260119,ZT,bj920046,亿能电力,1.0
20260119,ZT,sz000400,许继电气,1.0
20260119,ZT,sh600302,标准股份,1.0
20260119,ZT,sh603286,日盈电子,1.0
20260119,ZT,sh603239,浙江仙通,1.0
20260119,ZT,sh603926,铁流股份,1.0
20260119,ZT,sz002021,中捷资源,1.0
20260119,ZT,sz300279,和晶科技,1.0
20260119,ZT,sz001278,一彬科技,1.0
20260119,ZT,sh605488,福莱新材,1.0
20260119,ZT,sh600114,东睦股份,1.0
20260119,ZT,sz001331,胜通能源,1.0
20260119,ZT,sz002258,利尔化学,1.0
20260119,ZT,sh600800,渤海化学,1.0
20260119,ZT,sz000949,新乡化纤,1.0
20260119,ZT,sh600230,沧州大化,1.0
20260119,ZT,sz002319,乐通股份,1.0
20260119,ZT,sz002539,云图控股,1.0
20260119,ZT,sz002201,九鼎新材,1.0
20260119,ZT,sz000987,越秀资本,1.0
20260119,ZT,sz002187,广百股份,1.0
20260119,ZT,sz002985,北摩高科,1.0
20260119,ZT,sh605376,博迁新材,1.0
20260119,ZT,sh600537,亿晶光电,1.0
20260119,ZT,sz300111,向日葵,1.0
20260119,ZT,sz000738,航发控制,1.0
20260119,ZT,sh600372,中航机载,1.0
20260119,ZT,sh600893,航发动力,1.0
20260119,ZT,sz002591,恒大高新,1.0
20260119,ZT,sz002426,胜利精密,1.0
20260119,ZT,sh603186,华正新材,1.0
20260119,ZT,sz002219,新里程,1.0
20260119,ZT,sz002995,天地在线,1.0
20260119,ZT,sz002558,巨人网络,1.0
20260119,ZT,sh600391,航发科技,1.0
20260119,ZT,sz000534,万泽股份,1.0
20260119,ZT,sh600593,大连圣亚,1.0
20260119,ZT,sh603199,九华旅游,1.0
20260119,ZT,sz001337,四川黄金,1.0
20260119,ZT,sz000506,招金黄金,1.0
20260119,ZT,sh601965,中国汽研,1.0
20260119,ZT,sh688308,欧科亿  ,1.0
20260119,ZT,sh600378,昊华科技,1.0
20260119,ZT,sz002848,*ST高斯,1.0
20260119,ZT,sz002047,*ST宝鹰,1.0
20260119,ZT,sz000668,*ST荣控,1.0
20260119,ZT,sh603822,ST嘉澳  ,1.0
20260119,ZT,sz002076,*ST星光,1.0
20260119,ZT,sz002808,*ST恒久,1.0
20260119,ZT,sz002005,ST德豪,1.0
20260119,ZT,sz000504,*ST生物,1.0
20260119,ZT,sz002214,*ST大立,1.0
20260119,ZT,sz002592,ST八菱,1.0
20260119,ZT,sz002689,ST远智,1.0
20260119,ZT,sz002762,*ST金比,1.0
20260119,ZT,sz002586,ST围海,1.0
20260119,ZT,sz002168,*ST惠程,1.0
20260119,ZT,sz000909,ST数源,1.0
20260119,ZT,sz002969,嘉美包装,1.0
20260119,ZT,sz002718,友邦吊顶,1.0
20260119,ZT,sz002636,金安国纪,1.0
20260119,ZT,sz001376,百通能源,1.0
20260119,ZT,sh600189,泉阳泉  ,1.0
20260119,ZT,sh600671,天目药业,1.0
20260119,ZT,sh600163,中闽能源,1.0
20260119,ZT,sz000803,山高环能,1.0
20260119,ZT,sz002585,双星新材,1.0
20260119,ZT,sz002163,海南发展,1.0
20260119,ZT,sh601968,宝钢包装,1.0
20260119,ZT,sh603115,海星股份,1.0
20260119,ZT,sh600337,美克家居,1.0
20260119,ZT,sz002638,勤上股份,1.0
20260119,ZT,sz300658,延江股份,1.0
20260119,ZT,sz002628,成都路桥,1.0
20260119,ZT,sh603001,奥康国际,1.0
20260119,ZT,sh600382,广东明珠,1.0
20260119,ZT,sh600774,汉商集团,1.0
20260119,ZT,sh605318,法狮龙  ,1.0
20260120,ZT,sz002931,锋龙股份,15.0
20260120,ZT,sz002498,汉缆股份,3.0
20260120,ZT,sh601616,广电电气,3.0
20260120,ZT,sz002358,森源电气,3.0
20260120,ZT,sz000949,新乡化纤,2.0
20260120,ZT,sh600230,沧州大化,2.0
20260120,ZT,sh600391,航发科技,2.0
20260120,ZT,sz002546,新联电子,2.0
20260120,ZT,sz002201,九鼎新材,2.0
20260120,ZT,sh603078,江化微  ,2.0
20260120,ZT,sh603926,铁流股份,2.0
20260120,ZT,sh600774,汉商集团,2.0
20260120,ZT,sz002969,嘉美包装,2.0
20260120,ZT,sh600955,维远股份,1.0
20260120,ZT,sz002810,山东赫达,1.0
20260120,ZT,sz002165,红 宝 丽,1.0
20260120,ZT,sh605366,宏柏新材,1.0
20260120,ZT,sz002809,红墙股份,1.0
20260120,ZT,sz300927,江天化学,1.0
20260120,ZT,sh600610,中毅达  ,1.0
20260120,ZT,sz002637,赞宇科技,1.0
20260120,ZT,sz002584,西陇科学,1.0
20260120,ZT,bj920471,美邦科技,1.0
20260120,ZT,sh603737,三棵树  ,1.0
20260120,ZT,sh601117,中国化学,1.0
20260120,ZT,sz003035,南网能源,1.0
20260120,ZT,sh603421,鼎信通讯,1.0
20260120,ZT,sz002208,合肥城建,1.0
20260120,ZT,sz000670,盈方微,1.0
20260120,ZT,sh688380,中微半导,1.0
20260120,ZT,sz000417,合百集团,1.0
20260120,ZT,sz002291,遥望科技,1.0
20260120,ZT,sh603916,苏博特  ,1.0
20260120,ZT,sh600986,浙文互联,1.0
20260120,ZT,sz002181,粤 传 媒,1.0
20260120,ZT,sh600649,城投控股,1.0
20260120,ZT,sz000031,大悦城,1.0
20260120,ZT,sh600675,中华企业,1.0
20260120,ZT,sh605089,味知香  ,1.0
20260120,ZT,sz000523,红棉股份,1.0
20260120,ZT,sz002716,湖南白银,1.0
20260120,ZT,sh601212,白银有色,1.0
20260120,ZT,sh600076,康欣新材,1.0
20260120,ZT,sh605580,恒盛能源,1.0
20260120,ZT,sh601677,明泰铝业,1.0
20260120,ZT,sz002689,ST远智,1.0
20260120,ZT,sh603822,ST嘉澳  ,1.0
20260120,ZT,sz002592,ST八菱,1.0
20260120,ZT,sz300344,*ST立方,1.0
20260120,ZT,sz300391,*ST长药,1.0
20260120,ZT,sz002289,*ST宇顺,1.0
20260120,ZT,sz002305,*ST南置,1.0
20260120,ZT,sz000669,ST金鸿,1.0
20260120,ZT,sh603320,迪贝电气,1.0
20260120,ZT,sh600187,国中水务,1.0
20260120,ZT,sz003039,顺控发展,1.0
20260120,ZT,sh603616,韩建河山,1.0
20260120,ZT,sz000048,京基智农,1.0
20260120,ZT,sh600403,大有能源,1.0
20260120,ZT,sz300242,佳云科技,1.0
20260120,ZT,sh600539,狮头股份,1.0
20260120,ZT,sh600838,上海九百,1.0
20260121,ZT,sz002931,锋龙股份,16.0
20260121,ZT,sh601616,广电电气,4.0
20260121,ZT,sh603078,江化微  ,3.0
20260121,ZT,sz002809,红墙股份,2.0
20260121,ZT,sz000670,盈方微,2.0
20260121,ZT,sz002165,红 宝 丽,2.0
20260121,ZT,sz000048,京基智农,2.0
20260121,ZT,sh601212,白银有色,2.0
20260121,ZT,sz002156,通富微电,1.0
20260121,ZT,sh603058,永吉股份,1.0
20260121,ZT,sz000066,中国长城,1.0
20260121,ZT,sh688047,龙芯中科,1.0
20260121,ZT,sh603991,至正股份,1.0
20260121,ZT,sz002077,大港股份,1.0
20260121,ZT,bj920427,华维设计,1.0
20260121,ZT,sz002290,禾盛新材,1.0
20260121,ZT,sh600770,综艺股份,1.0
20260121,ZT,sz002185,华天科技,1.0
20260121,ZT,sh603773,沃格光电,1.0
20260121,ZT,sh600246,万通发展,1.0
20260121,ZT,sh603360,百傲化学,1.0
20260121,ZT,sz001337,四川黄金,1.0
20260121,ZT,sz000506,招金黄金,1.0
20260121,ZT,sh600714,金瑞矿业,1.0
20260121,ZT,sh603257,中国瑞林,1.0
20260121,ZT,sh600868,梅雁吉祥,1.0
20260121,ZT,sz300837,浙矿股份,1.0
20260121,ZT,sz001360,南矿集团,1.0
20260121,ZT,sz000657,中钨高新,1.0
20260121,ZT,sh601069,西部黄金,1.0
20260121,ZT,sz002196,方正电机,1.0
20260121,ZT,sh600173,卧龙新能,1.0
20260121,ZT,sz002782,可立克,1.0
20260121,ZT,sz000700,模塑科技,1.0
20260121,ZT,sz002614,奥佳华,1.0
20260121,ZT,sh603370,华新精科,1.0
20260121,ZT,sh603040,新坐标  ,1.0
20260121,ZT,sz001203,大中矿业,1.0
20260121,ZT,sz002240,盛新锂能,1.0
20260121,ZT,sz000036,华联控股,1.0
20260121,ZT,sz000688,国城矿业,1.0
20260121,ZT,sz002662,峰璟股份,1.0
20260121,ZT,sz002440,闰土股份,1.0
20260121,ZT,sz002838,道恩股份,1.0
20260121,ZT,sz000510,新金路,1.0
20260121,ZT,sz002913,奥士康,1.0
20260121,ZT,sz001389,广合科技,1.0
20260121,ZT,sz301200,大族数控,1.0
20260121,ZT,sh603256,宏和科技,1.0
20260121,ZT,sz002995,天地在线,1.0
20260121,ZT,sz002279,久其软件,1.0
20260121,ZT,sz002799,环球印务,1.0
20260121,ZT,sh600841,动力新科,1.0
20260121,ZT,sz000880,潍柴重机,1.0
20260121,ZT,sh603052,可川科技,1.0
20260121,ZT,sz301486,致尚科技,1.0
20260121,ZT,sh603090,宏盛股份,1.0
20260121,ZT,sh603203,快克智能,1.0
20260121,ZT,sz002554,惠博普,1.0
20260121,ZT,sh600759,洲际油气,1.0
20260121,ZT,sz301031,中熔电气,1.0
20260121,ZT,sz002437,誉衡药业,1.0
20260121,ZT,sz002876,三利谱,1.0
20260121,ZT,sz000045,深纺织Ａ,1.0
20260121,ZT,sh605299,舒华体育,1.0
20260121,ZT,sz300391,*ST长药,1.0
20260121,ZT,sz300344,*ST立方,1.0
20260121,ZT,sz002808,*ST恒久,1.0
20260121,ZT,sh600735,ST新华锦,1.0
20260121,ZT,sh600193,*ST创兴 ,1.0
20260121,ZT,sh603261,*ST立航 ,1.0
20260121,ZT,sh603021,ST华鹏  ,1.0
20260121,ZT,sh600568,ST中珠  ,1.0
20260121,ZT,sh605081,*ST太和 ,1.0
20260121,ZT,sz301023,奕帆传动,1.0
20260121,ZT,sh603608,天创时尚,1.0
20260121,ZT,sz001202,炬申股份,1.0
20260121,ZT,sh605287,德才股份,1.0
20260121,ZT,sh603313,梦百合  ,1.0
20260121,ZT,sh600676,交运股份,1.0
20260121,ZT,sh603311,金海高科,1.0
20260121,ZT,sz002851,麦格米特,1.0
20260121,ZT,sh603023,威帝股份,1.0
20260121,ZT,sz002397,梦洁股份,1.0
20260121,ZT,sz002342,巨力索具,1.0
20260121,ZT,sz002890,弘宇股份,1.0
20260121,ZT,sz002431,棕榈股份,1.0
20260121,ZT,sh603655,朗博科技,1.0
20260122,ZT,sz002931,锋龙股份,17.0
20260122,ZT,sh603078,江化微  ,4.0
20260122,ZT,sz000670,盈方微,3.0
20260122,ZT,sh601212,白银有色,3.0
20260122,ZT,sh600770,综艺股份,2.0
20260122,ZT,sz002342,巨力索具,2.0
20260122,ZT,sz000036,华联控股,2.0
20260122,ZT,sz001202,炬申股份,2.0
20260122,ZT,sz000880,潍柴重机,2.0
20260122,ZT,sh600759,洲际油气,2.0
20260122,ZT,bj920427,华维设计,2.0
20260122,ZT,sh603040,新坐标  ,2.0
20260122,ZT,sz001389,广合科技,2.0
20260122,ZT,sh603608,天创时尚,2.0
20260122,ZT,sh600868,梅雁吉祥,2.0
20260122,ZT,sz002279,久其软件,2.0
20260122,ZT,sh603256,宏和科技,2.0
20260122,ZT,sz002201,九鼎新材,1.0
20260122,ZT,sz002985,北摩高科,1.0
20260122,ZT,sz002471,中超控股,1.0
20260122,ZT,sh601608,中信重工,1.0
20260122,ZT,sz001316,润贝航科,1.0
20260122,ZT,sh601106,中国一重,1.0
20260122,ZT,sz001379,腾达科技,1.0
20260122,ZT,sz002297,博云新材,1.0
20260122,ZT,sh600330,天通股份,1.0
20260122,ZT,sz002149,西部材料,1.0
20260122,ZT,sz002865,钧达股份,1.0
20260122,ZT,sh600192,长城电工,1.0
20260122,ZT,sz002519,银河电子,1.0
20260122,ZT,sz300775,三角防务,1.0
20260122,ZT,sh600477,杭萧钢构,1.0
20260122,ZT,sh603601,再升科技,1.0
20260122,ZT,sz301286,侨源股份,1.0
20260122,ZT,sh601992,金隅集团,1.0
20260122,ZT,sz002565,顺灏股份,1.0
20260122,ZT,sh605488,福莱新材,1.0
20260122,ZT,sz002420,毅昌科技,1.0
20260122,ZT,sh605118,力鼎光电,1.0
20260122,ZT,sz001288,运机集团,1.0
20260122,ZT,sh603665,康隆达  ,1.0
20260122,ZT,sz300828,锐新科技,1.0
20260122,ZT,sh603305,旭升集团,1.0
20260122,ZT,sz002183,怡 亚 通,1.0
20260122,ZT,sz002943,宇晶股份,1.0
20260122,ZT,sh688699,明微电子,1.0
20260122,ZT,sz002636,金安国纪,1.0
20260122,ZT,sz002141,贤丰控股,1.0
20260122,ZT,sz002815,崇达技术,1.0
20260122,ZT,sz002938,鹏鼎控股,1.0
20260122,ZT,sz000839,国安股份,1.0
20260122,ZT,sz300592,华凯易佰,1.0
20260122,ZT,sh603095,越剑智能,1.0
20260122,ZT,sz300454,深信服,1.0
20260122,ZT,sz000968,蓝焰控股,1.0
20260122,ZT,sz000407,胜利股份,1.0
20260122,ZT,sh600391,航发科技,1.0
20260122,ZT,sz002283,天润工业,1.0
20260122,ZT,sz002716,湖南白银,1.0
20260122,ZT,sh605277,新亚电子,1.0
20260122,ZT,sh688195,腾景科技,1.0
20260122,ZT,sz002639,雪人集团,1.0
20260122,ZT,sz002266,浙富控股,1.0
20260122,ZT,sh603220,中贝通信,1.0
20260122,ZT,sh688316,青云科技-U,1.0
20260122,ZT,sz001373,翔腾新材,1.0
20260122,ZT,sz300391,*ST长药,1.0
20260122,ZT,sz300344,*ST立方,1.0
20260122,ZT,sz002592,ST八菱,1.0
20260122,ZT,sz002689,ST远智,1.0
20260122,ZT,sh600735,ST新华锦,1.0
20260122,ZT,sh603261,*ST立航 ,1.0
20260122,ZT,sh600228,*ST返利 ,1.0
20260122,ZT,sh603843,*ST正平 ,1.0
20260122,ZT,sz002306,*ST云网,1.0
20260122,ZT,sz000004,*ST国华,1.0
20260122,ZT,sz002485,ST雪发,1.0
20260122,ZT,sz002569,*ST步森,1.0
20260122,ZT,sz000820,*ST节能,1.0
20260122,ZT,sh600696,*ST岩石 ,1.0
20260122,ZT,sz000793,ST华闻,1.0
20260122,ZT,sz002898,*ST赛隆,1.0
20260122,ZT,sh600525,ST长园  ,1.0
20260122,ZT,sh603559,ST通脉  ,1.0
20260122,ZT,sz001270,*ST铖昌,1.0
20260122,ZT,sz002969,嘉美包装,1.0
20260122,ZT,sh600403,大有能源,1.0
20260122,ZT,sz000927,中国铁物,1.0
20260122,ZT,sh600058,五矿发展,1.0
20260122,ZT,sh603778,国晟科技,1.0
20260122,ZT,sz300737,科顺股份,1.0
20260122,ZT,sz002629,仁智股份,1.0
20260123,ZT,sz002931,锋龙股份,18.0
20260123,ZT,sh603078,江化微  ,5.0
20260123,ZT,sh601212,白银有色,4.0
20260123,ZT,sz002342,巨力索具,3.0
20260123,ZT,sh603095,越剑智能,2.0
20260123,ZT,sz002943,宇晶股份,2.0
20260123,ZT,sz002149,西部材料,2.0
20260123,ZT,sz002636,金安国纪,2.0
20260123,ZT,sz001316,润贝航科,2.0
20260123,ZT,sz002471,中超控股,2.0
20260123,ZT,sh601615,明阳智能,2.0
20260123,ZT,sz002865,钧达股份,2.0
20260123,ZT,sh600481,双良节能,1.0
20260123,ZT,sz002218,拓日新能,1.0
20260123,ZT,sz002506,协鑫集成,1.0
20260123,ZT,sh603396,金辰股份,1.0
20260123,ZT,bj920414,欧普泰,1.0
20260123,ZT,sh603212,赛伍技术,1.0
20260123,ZT,sz300751,迈为股份,1.0
20260123,ZT,sz300118,东方日升,1.0
20260123,ZT,sz000591,太阳能,1.0
20260123,ZT,sh688726,拉普拉斯,1.0
20260123,ZT,sh603806,福斯特  ,1.0
20260123,ZT,sh603051,鹿山新材,1.0
20260123,ZT,sh600552,凯盛科技,1.0
20260123,ZT,sh688516,奥特维  ,1.0
20260123,ZT,sz300724,捷佳伟创,1.0
20260123,ZT,sz002623,亚玛顿,1.0
20260123,ZT,sh600293,三峡新材,1.0
20260123,ZT,bj920368,连城数控,1.0
20260123,ZT,sh600537,亿晶光电,1.0
20260123,ZT,sh601012,隆基绿能,1.0
20260123,ZT,sz003038,鑫铂股份,1.0
20260123,ZT,sz002323,雅博股份,1.0
20260123,ZT,sz300102,乾照光电,1.0
20260123,ZT,sh600732,爱旭股份,1.0
20260123,ZT,sz300345,华民股份,1.0
20260123,ZT,sh600586,金晶科技,1.0
20260123,ZT,sz300861,美畅股份,1.0
20260123,ZT,sh688556,高测股份,1.0
20260123,ZT,sh688223,晶科能源,1.0
20260123,ZT,sz300051,琏升科技,1.0
20260123,ZT,sh603773,沃格光电,1.0
20260123,ZT,sh600076,康欣新材,1.0
20260123,ZT,sh605598,上海港湾,1.0
20260123,ZT,sh688323,瑞华泰  ,1.0
20260123,ZT,sz301149,隆华新材,1.0
20260123,ZT,sz300780,德恩精工,1.0
20260123,ZT,sh600498,烽火通信,1.0
20260123,ZT,sz301232,飞沃科技,1.0
20260123,ZT,sz002202,金风科技,1.0
20260123,ZT,sz002792,通宇通讯,1.0
20260123,ZT,sz000561,烽火电子,1.0
20260123,ZT,sz001400,江顺科技,1.0
20260123,ZT,sh688270,臻镭科技,1.0
20260123,ZT,sh600879,航天电子,1.0
20260123,ZT,sh600118,中国卫星,1.0
20260123,ZT,sz002780,三夫户外,1.0
20260123,ZT,sz000751,锌业股份,1.0
20260123,ZT,sz000159,国际实业,1.0
20260123,ZT,sz000603,盛达资源,1.0
20260123,ZT,sz000630,铜陵有色,1.0
20260123,ZT,sh601702,华峰铝业,1.0
20260123,ZT,sh603612,索通发展,1.0
20260123,ZT,sh600986,浙文互联,1.0
20260123,ZT,sz300986,志特新材,1.0
20260123,ZT,sz000607,华媒控股,1.0
20260123,ZT,sh600959,江苏有线,1.0
20260123,ZT,sz002721,金一文化,1.0
20260123,ZT,sh600531,豫光金铅,1.0
20260123,ZT,sh600916,中国黄金,1.0
20260123,ZT,sz001223,欧克科技,1.0
20260123,ZT,sh603920,世运电路,1.0
20260123,ZT,sh603130,云中马  ,1.0
20260123,ZT,sz002810,山东赫达,1.0
20260123,ZT,sz003042,中农联合,1.0
20260123,ZT,sz000565,渝三峡Ａ,1.0
20260123,ZT,sz000990,诚志股份,1.0
20260123,ZT,sz002150,正泰电源,1.0
20260123,ZT,sz002339,积成电子,1.0
20260123,ZT,sz002112,三变科技,1.0
20260123,ZT,sh688002,睿创微纳,1.0
20260123,ZT,sh605016,百龙创园,1.0
20260123,ZT,sz001203,大中矿业,1.0
20260123,ZT,sh603200,上海洗霸,1.0
20260123,ZT,sh603878,武进不锈,1.0
20260123,ZT,sh600307,酒钢宏兴,1.0
20260123,ZT,sz002405,四维图新,1.0
20260123,ZT,sz002993,奥海科技,1.0
20260123,ZT,sz002658,雪迪龙,1.0
20260123,ZT,sz001270,*ST铖昌,1.0
20260123,ZT,sz300391,*ST长药,1.0
20260123,ZT,sz002592,ST八菱,1.0
20260123,ZT,sh600735,ST新华锦,1.0
20260123,ZT,sh603261,*ST立航 ,1.0
20260123,ZT,sh603843,*ST正平 ,1.0
20260123,ZT,sz000820,*ST节能,1.0
20260123,ZT,sh600525,ST长园  ,1.0
20260123,ZT,sh600228,*ST返利 ,1.0
20260123,ZT,sz000004,*ST国华,1.0
20260123,ZT,sz002569,*ST步森,1.0
20260123,ZT,sz002816,*ST和科,1.0
20260123,ZT,sz000821,ST京机,1.0
20260123,ZT,sz000608,*ST阳光,1.0
20260123,ZT,sz003004,*ST声迅,1.0
20260123,ZT,sz002058,*ST威尔,1.0
20260123,ZT,sz002005,ST德豪,1.0
20260123,ZT,sh603939,益丰药房,1.0
20260123,ZT,sh600774,汉商集团,1.0
20260123,ZT,sh601118,海南橡胶,1.0
20260123,ZT,sz002492,恒基达鑫,1.0
20260123,ZT,sz000593,德龙汇能,1.0
20260123,ZT,sh600340,华夏幸福,1.0
20260123,ZT,sz300436,广生堂,1.0
20260123,ZT,sz002088,鲁阳节能,1.0
20260123,ZT,sz000592,平潭发展,1.0
20260123,ZT,sz003041,真爱美家,1.0
20260123,ZT,sz300385,雪浪环境,1.0
20260123,ZT,sz002679,福建金森,1.0
20260123,ZT,sz002667,威领股份,1.0
20260123,ZT,sh603138,海量数据,1.0
20260126,ZT,sh601212,白银有色,5.0
20260126,ZT,sh601615,明阳智能,3.0
20260126,ZT,sz000593,德龙汇能,2.0
20260126,ZT,sh688323,瑞华泰  ,2.0
20260126,ZT,sz002623,亚玛顿,2.0
20260126,ZT,sh600531,豫光金铅,2.0
20260126,ZT,sz002667,威领股份,2.0
20260126,ZT,sz000751,锌业股份,2.0
20260126,ZT,sz002506,协鑫集成,2.0
20260126,ZT,sz002218,拓日新能,2.0
20260126,ZT,sh600986,浙文互联,2.0
20260126,ZT,sz000630,铜陵有色,2.0
20260126,ZT,sz000603,盛达资源,2.0
20260126,ZT,sz003042,中农联合,2.0
20260126,ZT,sh600916,中国黄金,2.0
20260126,ZT,sz001337,四川黄金,1.0
20260126,ZT,sz002716,湖南白银,1.0
20260126,ZT,sz000506,招金黄金,1.0
20260126,ZT,sz000657,中钨高新,1.0
20260126,ZT,sh601069,西部黄金,1.0
20260126,ZT,sz002155,湖南黄金,1.0
20260126,ZT,sh603132,金徽股份,1.0
20260126,ZT,sz000629,钒钛股份,1.0
20260126,ZT,sz002842,翔鹭钨业,1.0
20260126,ZT,sz002378,章源钨业,1.0
20260126,ZT,sz000426,兴业银锡,1.0
20260126,ZT,sh600489,中金黄金,1.0
20260126,ZT,sz002237,恒邦股份,1.0
20260126,ZT,sh601958,金钼股份,1.0
20260126,ZT,sz300139,晓程科技,1.0
20260126,ZT,sh603331,百达精工,1.0
20260126,ZT,sh601226,华电科工,1.0
20260126,ZT,sh603578,三星新材,1.0
20260126,ZT,sz001288,运机集团,1.0
20260126,ZT,sh600173,卧龙新能,1.0
20260126,ZT,sz002009,天奇股份,1.0
20260126,ZT,sz301548,崇德科技,1.0
20260126,ZT,sh603958,哈森股份,1.0
20260126,ZT,sh603895,天永智能,1.0
20260126,ZT,sh605056,咸亨国际,1.0
20260126,ZT,sz301207,华兰疫苗,1.0
20260126,ZT,sh600789,鲁抗医药,1.0
20260126,ZT,sz300871,回盛生物,1.0
20260126,ZT,sz300639,凯普生物,1.0
20260126,ZT,sz000078,海王生物,1.0
20260126,ZT,sh688670,金迪克  ,1.0
20260126,ZT,sh600589,大位科技,1.0
20260126,ZT,sz002575,群兴玩具,1.0
20260126,ZT,sz300017,网宿科技,1.0
20260126,ZT,sh688158,优刻得-W,1.0
20260126,ZT,sz000815,美利云,1.0
20260126,ZT,sz002995,天地在线,1.0
20260126,ZT,sz002030,达安基因,1.0
20260126,ZT,sz002524,光正眼科,1.0
20260126,ZT,sz002165,红 宝 丽,1.0
20260126,ZT,sh600078,澄星股份,1.0
20260126,ZT,sh603045,福达合金,1.0
20260126,ZT,sh688317,之江生物,1.0
20260126,ZT,sz002728,特一药业,1.0
20260126,ZT,sz002201,九鼎新材,1.0
20260126,ZT,sh600736,苏州高新,1.0
20260126,ZT,sh600759,洲际油气,1.0
20260126,ZT,sh603619,中曼石油,1.0
20260126,ZT,sz002022,科华生物,1.0
20260126,ZT,sz300463,迈克生物,1.0
20260126,ZT,sh601869,长飞光纤,1.0
20260126,ZT,sz001270,*ST铖昌,1.0
20260126,ZT,sh600735,ST新华锦,1.0
20260126,ZT,sz000821,ST京机,1.0
20260126,ZT,sz002816,*ST和科,1.0
20260126,ZT,sh605081,*ST太和 ,1.0
20260126,ZT,sz002647,*ST仁东,1.0
20260126,ZT,sz000711,ST京蓝,1.0
20260126,ZT,sh603271,永杰新材,1.0
20260126,ZT,sz001277,速达股份,1.0
20260126,ZT,sh603353,和顺石油,1.0
20260126,ZT,sh600791,京能置业,1.0
20260127,ZT,sh601212,白银有色,6.0
20260127,ZT,sz002218,拓日新能,3.0
20260127,ZT,sh600531,豫光金铅,3.0
20260127,ZT,sz003042,中农联合,3.0
20260127,ZT,sh600916,中国黄金,3.0
20260127,ZT,sz000506,招金黄金,2.0
20260127,ZT,sz002155,湖南黄金,2.0
20260127,ZT,sz002009,天奇股份,2.0
20260127,ZT,sz002995,天地在线,2.0
20260127,ZT,sz002030,达安基因,2.0
20260127,ZT,sz002524,光正眼科,2.0
20260127,ZT,sz001337,四川黄金,2.0
20260127,ZT,sz300639,凯普生物,2.0
20260127,ZT,sh603132,金徽股份,2.0
20260127,ZT,sh688110,东芯股份,1.0
20260127,ZT,sz300689,澄天伟业,1.0
20260127,ZT,sh603929,亚翔集成,1.0
20260127,ZT,sz002119,康强电子,1.0
20260127,ZT,sh603163,圣晖集成,1.0
20260127,ZT,sh603061,金海通  ,1.0
20260127,ZT,sh603120,肯特催化,1.0
20260127,ZT,sz002185,华天科技,1.0
20260127,ZT,sh688702,盛科通信-U,1.0
20260127,ZT,sz002943,宇晶股份,1.0
20260127,ZT,sh603212,赛伍技术,1.0
20260127,ZT,sz002150,正泰电源,1.0
20260127,ZT,sh603396,金辰股份,1.0
20260127,ZT,sz002634,棒杰股份,1.0
20260127,ZT,sh600475,华光环能,1.0
20260127,ZT,sh603381,永臻股份,1.0
20260127,ZT,sh603663,三祥新材,1.0
20260127,ZT,sz002291,遥望科技,1.0
20260127,ZT,sh603916,苏博特  ,1.0
20260127,ZT,sz003031,中瓷电子,1.0
20260127,ZT,sh603052,可川科技,1.0
20260127,ZT,sz001267,汇绿生态,1.0
20260127,ZT,sz002796,世嘉科技,1.0
20260127,ZT,sh600877,电科芯片,1.0
20260127,ZT,sz002115,三维通信,1.0
20260127,ZT,sz002446,盛路通信,1.0
20260127,ZT,sh600391,航发科技,1.0
20260127,ZT,sh603488,展鹏科技,1.0
20260127,ZT,sh600893,航发动力,1.0
20260127,ZT,sz000738,航发控制,1.0
20260127,ZT,sh603121,华培动力,1.0
20260127,ZT,sh605288,凯迪股份,1.0
20260127,ZT,sz001311,多利科技,1.0
20260127,ZT,sh600172,黄河旋风,1.0
20260127,ZT,sz301396,宏景科技,1.0
20260127,ZT,sh600602,云赛智联,1.0
20260127,ZT,sz001270,*ST铖昌,1.0
20260127,ZT,sz300344,*ST立方,1.0
20260127,ZT,sz002689,ST远智,1.0
20260127,ZT,sh603828,ST柯利达,1.0
20260127,ZT,sh600608,*ST沪科 ,1.0
20260127,ZT,sh603021,ST华鹏  ,1.0
20260127,ZT,sz000592,平潭发展,1.0
20260127,ZT,sz300806,斯迪克,1.0
20260127,ZT,sz000659,珠海中富,1.0
20260128,ZT,sh601212,白银有色,7.0
20260128,ZT,sh600531,豫光金铅,4.0
20260128,ZT,sz003042,中农联合,4.0
20260128,ZT,sh600916,中国黄金,4.0
20260128,ZT,sz000506,招金黄金,3.0
20260128,ZT,sz002155,湖南黄金,3.0
20260128,ZT,sz001337,四川黄金,3.0
20260128,ZT,sh603132,金徽股份,3.0
20260128,ZT,sh603052,可川科技,2.0
20260128,ZT,sz002119,康强电子,2.0
20260128,ZT,sz002716,湖南白银,1.0
20260128,ZT,sz000751,锌业股份,1.0
20260128,ZT,sz000630,铜陵有色,1.0
20260128,ZT,sz002667,威领股份,1.0
20260128,ZT,sz000603,盛达资源,1.0
20260128,ZT,sh601069,西部黄金,1.0
20260128,ZT,sz300139,晓程科技,1.0
20260128,ZT,sz002237,恒邦股份,1.0
20260128,ZT,sh600489,中金黄金,1.0
20260128,ZT,sz002842,翔鹭钨业,1.0
20260128,ZT,sh601702,华峰铝业,1.0
20260128,ZT,sz001376,百通能源,1.0
20260128,ZT,sh601388,怡球资源,1.0
20260128,ZT,sz002160,常铝股份,1.0
20260128,ZT,sh600170,上海建工,1.0
20260128,ZT,sh603988,中电电机,1.0
20260128,ZT,sz301500,飞南资源,1.0
20260128,ZT,sz001360,南矿集团,1.0
20260128,ZT,sz000962,东方钽业,1.0
20260128,ZT,sz002578,闽发铝业,1.0
20260128,ZT,sz002114,罗平锌电,1.0
20260128,ZT,sh601600,中国铝业,1.0
20260128,ZT,sh601068,中铝国际,1.0
20260128,ZT,sz000758,中色股份,1.0
20260128,ZT,sz000807,云铝股份,1.0
20260128,ZT,sz000737,北方铜业,1.0
20260128,ZT,sh600262,北方股份,1.0
20260128,ZT,sz002532,天山铝业,1.0
20260128,ZT,sh600988,赤峰黄金,1.0
20260128,ZT,sh600961,株冶集团,1.0
20260128,ZT,sz000878,云南铜业,1.0
20260128,ZT,sh600490,鹏欣资源,1.0
20260128,ZT,sh600219,南山铝业,1.0
20260128,ZT,sh600459,贵研铂业,1.0
20260128,ZT,sh603188,亚邦股份,1.0
20260128,ZT,sz002440,闰土股份,1.0
20260128,ZT,sz002455,百川股份,1.0
20260128,ZT,sh600352,浙江龙盛,1.0
20260128,ZT,sh600230,沧州大化,1.0
20260128,ZT,sz300798,锦鸡股份,1.0
20260128,ZT,sh603077,和邦生物,1.0
20260128,ZT,sh600987,航民股份,1.0
20260128,ZT,sz002721,金一文化,1.0
20260128,ZT,sh600655,豫园股份,1.0
20260128,ZT,sh603900,莱绅通灵,1.0
20260128,ZT,sh605599,菜百股份,1.0
20260128,ZT,sz301177,迪阿股份,1.0
20260128,ZT,sh600759,洲际油气,1.0
20260128,ZT,sh603619,中曼石油,1.0
20260128,ZT,sh600871,石化油服,1.0
20260128,ZT,sz002207,准油股份,1.0
20260128,ZT,sz300164,通源石油,1.0
20260128,ZT,sz000620,盈新发展,1.0
20260128,ZT,sh688216,气派科技,1.0
20260128,ZT,sz002169,智光电气,1.0
20260128,ZT,sz002724,海洋王,1.0
20260128,ZT,sz000573,粤宏远Ａ,1.0
20260128,ZT,sz002342,巨力索具,1.0
20260128,ZT,sh603680,今创集团,1.0
20260128,ZT,sh603601,再升科技,1.0
20260128,ZT,sh600740,山西焦化,1.0
20260128,ZT,sh601015,陕西黑猫,1.0
20260128,ZT,sh603256,宏和科技,1.0
20260128,ZT,sz002080,中材科技,1.0
20260128,ZT,sh600869,远东股份,1.0
20260128,ZT,sz000815,美利云,1.0
20260128,ZT,sz001270,*ST铖昌,1.0
20260128,ZT,sz000711,ST京蓝,1.0
20260128,ZT,sz002848,*ST高斯,1.0
20260128,ZT,sh603559,ST通脉  ,1.0
20260128,ZT,sh603958,哈森股份,1.0
20260128,ZT,sz000599,青岛双星,1.0
20260128,ZT,sh600313,农发种业,1.0
20260128,ZT,sh601799,星宇股份,1.0
20260129,ZT,sh601212,白银有色,8.0
20260129,ZT,sh600531,豫光金铅,5.0
20260129,ZT,sh600916,中国黄金,5.0
20260129,ZT,sz000506,招金黄金,4.0
20260129,ZT,sz002155,湖南黄金,4.0
20260129,ZT,sz002207,准油股份,2.0
20260129,ZT,sh601388,怡球资源,2.0
20260129,ZT,sz000737,北方铜业,2.0
20260129,ZT,sh601069,西部黄金,2.0
20260129,ZT,sh603958,哈森股份,2.0
20260129,ZT,sz000878,云南铜业,2.0
20260129,ZT,sh600871,石化油服,2.0
20260129,ZT,sh600759,洲际油气,2.0
20260129,ZT,sh603619,中曼石油,2.0
20260129,ZT,sz300164,通源石油,2.0
20260129,ZT,sz002455,百川股份,2.0
20260129,ZT,sz001376,百通能源,2.0
20260129,ZT,sz000630,铜陵有色,2.0
20260129,ZT,sz002440,闰土股份,2.0
20260129,ZT,sh600084,中信尼雅,1.0
20260129,ZT,sz000995,皇台酒业,1.0
20260129,ZT,sz000799,酒鬼酒,1.0
20260129,ZT,sh603919,金徽酒  ,1.0
20260129,ZT,sh600779,水井坊  ,1.0
20260129,ZT,sz000568,泸州老窖,1.0
20260129,ZT,sh600199,金种子酒,1.0
20260129,ZT,sh601579,会稽山  ,1.0
20260129,ZT,sh600702,舍得酒业,1.0
20260129,ZT,sz000596,古井贡酒,1.0
20260129,ZT,sh600809,山西汾酒,1.0
20260129,ZT,sz000858,五 粮 液,1.0
20260129,ZT,sh603369,今世缘  ,1.0
20260129,ZT,sh600559,老白干酒,1.0
20260129,ZT,sh603589,口子窖  ,1.0
20260129,ZT,sh603198,迎驾贡酒,1.0
20260129,ZT,sz002646,天佑德酒,1.0
20260129,ZT,sh600197,伊力特  ,1.0
20260129,ZT,sh600059,古越龙山,1.0
20260129,ZT,sz002304,洋河股份,1.0
20260129,ZT,sh600392,盛和资源,1.0
20260129,ZT,sz002995,天地在线,1.0
20260129,ZT,sh600986,浙文互联,1.0
20260129,ZT,sh603916,苏博特  ,1.0
20260129,ZT,sz000607,华媒控股,1.0
20260129,ZT,sh600959,江苏有线,1.0
20260129,ZT,sh600215,派斯林  ,1.0
20260129,ZT,sz002181,粤 传 媒,1.0
20260129,ZT,sz002678,珠江钢琴,1.0
20260129,ZT,sz300781,因赛集团,1.0
20260129,ZT,sz002970,锐明技术,1.0
20260129,ZT,sz000031,大悦城,1.0
20260129,ZT,sz000029,深深房Ａ,1.0
20260129,ZT,sz000863,三湘印象,1.0
20260129,ZT,sh600684,珠江股份,1.0
20260129,ZT,sz000560,我爱我家,1.0
20260129,ZT,sh601155,新城控股,1.0
20260129,ZT,sh600649,城投控股,1.0
20260129,ZT,sh603172,万丰股份,1.0
20260129,ZT,sh600273,嘉化能源,1.0
20260129,ZT,sh603599,广信股份,1.0
20260129,ZT,sh600722,金牛化工,1.0
20260129,ZT,sh603980,吉华集团,1.0
20260129,ZT,sh600339,中油工程,1.0
20260129,ZT,sz001316,润贝航科,1.0
20260129,ZT,sz300780,德恩精工,1.0
20260129,ZT,sz000901,航天科技,1.0
20260129,ZT,sh600678,四川金顶,1.0
20260129,ZT,sh603876,鼎胜新材,1.0
20260129,ZT,sz300975,商络电子,1.0
20260129,ZT,sz002948,青岛银行,1.0
20260129,ZT,sh605080,浙江自然,1.0
20260129,ZT,sh605099,共创草坪,1.0
20260129,ZT,sz300344,*ST立方,1.0
20260129,ZT,sz000711,ST京蓝,1.0
20260129,ZT,sh600421,*ST华嵘 ,1.0
20260129,ZT,sh600696,*ST岩石 ,1.0
20260129,ZT,sz000813,德展健康,1.0
20260129,ZT,sh600499,科达制造,1.0
20260129,ZT,sh603001,奥康国际,1.0
20260129,ZT,sh603103,横店影视,1.0
20260129,ZT,sz002259,升达林业,1.0
20260129,ZT,sz001386,马可波罗,1.0
20260129,ZT,sh600785,新华百货,1.0
20260129,ZT,sh603162,海通发展,1.0
20260129,ZT,sh601118,海南橡胶,1.0
20260129,ZT,sz000554,泰山石油,1.0
20260130,ZT,sz002155,湖南黄金,5.0
20260130,ZT,sz002455,百川股份,3.0
20260130,ZT,sh603172,万丰股份,2.0
20260130,ZT,sh600084,中信尼雅,2.0
20260130,ZT,sz000995,皇台酒业,2.0
20260130,ZT,sh603103,横店影视,2.0
20260130,ZT,sz002995,天地在线,2.0
20260130,ZT,sz002491,通鼎互联,1.0
20260130,ZT,sh601869,长飞光纤,1.0
20260130,ZT,sz301486,致尚科技,1.0
20260130,ZT,sh601231,环旭电子,1.0
20260130,ZT,sh603618,杭电股份,1.0
20260130,ZT,sh600330,天通股份,1.0
20260130,ZT,sh600487,亨通光电,1.0
20260130,ZT,sz002562,兄弟科技,1.0
20260130,ZT,sz002165,红 宝 丽,1.0
20260130,ZT,sh603010,万盛股份,1.0
20260130,ZT,sh603598,引力传媒,1.0
20260130,ZT,sz002137,实益达,1.0
20260130,ZT,sh605289,罗曼股份,1.0
20260130,ZT,sz300805,电声股份,1.0
20260130,ZT,sh600313,农发种业,1.0
20260130,ZT,sz002041,登海种业,1.0
20260130,ZT,sh600371,万向德农,1.0
20260130,ZT,sh600354,敦煌种业,1.0
20260130,ZT,sh603059,倍加洁  ,1.0
20260130,ZT,sz000798,中水渔业,1.0
20260130,ZT,sh600395,盘江股份,1.0
20260130,ZT,sz300731,科创新源,1.0
20260130,ZT,sh688025,杰普特  ,1.0
20260130,ZT,sh688280,精进电动-UW,1.0
20260130,ZT,sh601133,柏诚股份,1.0
20260130,ZT,sh601208,东材科技,1.0
20260130,ZT,sh600667,太极实业,1.0
20260130,ZT,sz002009,天奇股份,1.0
20260130,ZT,sh603331,百达精工,1.0
20260130,ZT,sh603887,城地香江,1.0
20260130,ZT,sh603629,利通电子,1.0
20260130,ZT,sh688583,思看科技,1.0
20260130,ZT,sh600345,长江通信,1.0
20260130,ZT,sz001270,*ST铖昌,1.0
20260130,ZT,sh600421,*ST华嵘 ,1.0
20260130,ZT,sh600696,*ST岩石 ,1.0
20260130,ZT,sh600608,*ST沪科 ,1.0
20260130,ZT,sh600107,ST尔雅  ,1.0
20260130,ZT,sh600599,*ST熊猫 ,1.0
20260130,ZT,sh603813,*ST原尚 ,1.0
20260130,ZT,sz002713,*ST东易,1.0
20260130,ZT,sz000004,*ST国华,1.0
20260130,ZT,sh600828,茂业商业,1.0
20260130,ZT,sh603861,白云电器,1.0
20260130,ZT,sz002830,名雕股份,1.0
20260130,ZT,sh605151,西上海  ,1.0
20260130,ZT,sh605003,众望布艺,1.0
20260130,ZT,sh603863,松炀资源,1.0
20260130,ZT,sz002952,亚世光电,1.0
20260130,ZT,sh603391,力聚热能,1.0
20260202,ZT,sh603172,万丰股份,3.0
20260202,ZT,sz000995,皇台酒业,3.0
20260202,ZT,sh603103,横店影视,3.0
20260202,ZT,sh603629,利通电子,2.0
20260202,ZT,sh600828,茂业商业,2.0
20260202,ZT,sz002491,通鼎互联,2.0
20260202,ZT,sh605151,西上海  ,2.0
20260202,ZT,sh603861,白云电器,2.0
20260202,ZT,sh603618,杭电股份,2.0
20260202,ZT,sz002830,名雕股份,2.0
20260202,ZT,sz000533,顺钠股份,1.0
20260202,ZT,sz002112,三变科技,1.0
20260202,ZT,sz002339,积成电子,1.0
20260202,ZT,sh600550,保变电气,1.0
20260202,ZT,sz002498,汉缆股份,1.0
20260202,ZT,sz002358,森源电气,1.0
20260202,ZT,sh601616,广电电气,1.0
20260202,ZT,sz002606,大连电瓷,1.0
20260202,ZT,sz300215,电科院,1.0
20260202,ZT,sh603919,金徽酒  ,1.0
20260202,ZT,sh603697,有友食品,1.0
20260202,ZT,sz300265,通光线缆,1.0
20260202,ZT,sz002678,珠江钢琴,1.0
20260202,ZT,sz002291,遥望科技,1.0
20260202,ZT,sz002471,中超控股,1.0
20260202,ZT,sz002780,三夫户外,1.0
20260202,ZT,sz002575,群兴玩具,1.0
20260202,ZT,sz000711,ST京蓝,1.0
20260202,ZT,sh600421,*ST华嵘 ,1.0
20260202,ZT,sz002713,*ST东易,1.0
20260202,ZT,sh603843,*ST正平 ,1.0
20260202,ZT,sh600228,*ST返利 ,1.0
20260202,ZT,sz000608,*ST阳光,1.0
20260202,ZT,sz000821,ST京机,1.0
20260202,ZT,sz000668,*ST荣控,1.0
20260202,ZT,sh600785,新华百货,1.0
20260202,ZT,sz301362,民爆光电,1.0
20260202,ZT,sz001368,通达创智,1.0
20260202,ZT,sh603117,万林物流,1.0
20260202,ZT,sz001326,联域股份,1.0
20260202,ZT,sh600232,金鹰股份,1.0
20260202,ZT,sh600172,黄河旋风,1.0
20260202,ZT,sh605255,天普股份,1.0
20260202,ZT,sh688335,复洁科技,1.0
20260203,ZT,sh603172,万丰股份,4.0
20260203,ZT,sh603103,横店影视,4.0
20260203,ZT,sz000995,皇台酒业,4.0
20260203,ZT,sz002830,名雕股份,3.0
20260203,ZT,sh603618,杭电股份,3.0
20260203,ZT,sz301362,民爆光电,2.0
20260203,ZT,sz002112,三变科技,2.0
20260203,ZT,sz002471,中超控股,2.0
20260203,ZT,sh600785,新华百货,2.0
20260203,ZT,sz000533,顺钠股份,2.0
20260203,ZT,sz001316,润贝航科,1.0
20260203,ZT,sz002342,巨力索具,1.0
20260203,ZT,sz002792,通宇通讯,1.0
20260203,ZT,sz001400,江顺科技,1.0
20260203,ZT,sh603773,沃格光电,1.0
20260203,ZT,sh605123,派克新材,1.0
20260203,ZT,sz002361,神剑股份,1.0
20260203,ZT,sh603211,晋拓股份,1.0
20260203,ZT,sh603031,安孚科技,1.0
20260203,ZT,sz000547,航天发展,1.0
20260203,ZT,sh600481,双良节能,1.0
20260203,ZT,sz002943,宇晶股份,1.0
20260203,ZT,sh688516,奥特维  ,1.0
20260203,ZT,sh603051,鹿山新材,1.0
20260203,ZT,sh603806,福斯特  ,1.0
20260203,ZT,sh600586,金晶科技,1.0
20260203,ZT,sh688680,海优新材,1.0
20260203,ZT,sh603778,国晟科技,1.0
20260203,ZT,sz301636,泽润新能,1.0
20260203,ZT,sz002865,钧达股份,1.0
20260203,ZT,sz300842,帝科股份,1.0
20260203,ZT,sh600330,天通股份,1.0
20260203,ZT,sz002957,科瑞技术,1.0
20260203,ZT,sz002951,金时科技,1.0
20260203,ZT,sz301182,凯旺科技,1.0
20260203,ZT,sz300757,罗博特科,1.0
20260203,ZT,sz003035,南网能源,1.0
20260203,ZT,sz002364,中恒电气,1.0
20260203,ZT,sz002922,伊戈尔,1.0
20260203,ZT,sh600149,廊坊发展,1.0
20260203,ZT,sz000856,冀东装备,1.0
20260203,ZT,sh601992,金隅集团,1.0
20260203,ZT,sh600266,城建发展,1.0
20260203,ZT,sz000039,中集集团,1.0
20260203,ZT,sh600986,浙文互联,1.0
20260203,ZT,sh600410,华胜天成,1.0
20260203,ZT,sz002238,天威视讯,1.0
20260203,ZT,sh600673,东阳光  ,1.0
20260203,ZT,sz002455,百川股份,1.0
20260203,ZT,sz002165,红 宝 丽,1.0
20260203,ZT,sh603285,键邦股份,1.0
20260203,ZT,sh600590,泰豪科技,1.0
20260203,ZT,sz000738,航发控制,1.0
20260203,ZT,sz000534,万泽股份,1.0
20260203,ZT,sz000811,冰轮环境,1.0
20260203,ZT,sh600869,远东股份,1.0
20260203,ZT,sz002126,银轮股份,1.0
20260203,ZT,sz002155,湖南黄金,1.0
20260203,ZT,sz002785,万里石,1.0
20260203,ZT,sh603612,索通发展,1.0
20260203,ZT,sh603920,世运电路,1.0
20260203,ZT,sh603095,越剑智能,1.0
20260203,ZT,sz000962,东方钽业,1.0
20260203,ZT,sh600053,九鼎投资,1.0
20260203,ZT,sz000711,ST京蓝,1.0
20260203,ZT,sz002713,*ST东易,1.0
20260203,ZT,sz000608,*ST阳光,1.0
20260203,ZT,sh603843,*ST正平 ,1.0
20260203,ZT,sz000821,ST京机,1.0
20260203,ZT,sz000668,*ST荣控,1.0
20260203,ZT,sh603557,ST起步  ,1.0
20260203,ZT,sz000691,*ST亚太,1.0
20260203,ZT,sz002898,*ST赛隆,1.0
20260203,ZT,sz002581,ST未名,1.0
20260203,ZT,sh603021,ST华鹏  ,1.0
20260203,ZT,sz002058,*ST威尔,1.0
20260203,ZT,sh600735,ST新华锦,1.0
20260203,ZT,sh600683,京投发展,1.0
20260203,ZT,sh605599,菜百股份,1.0
20260203,ZT,sz002012,凯恩股份,1.0
20260203,ZT,sh600984,建设机械,1.0
20260203,ZT,bj920305,*ST云创,1.0
20260203,ZT,sh601799,星宇股份,1.0
20260204,ZT,sz002830,名雕股份,4.0
20260204,ZT,sh603618,杭电股份,4.0
20260204,ZT,sz301362,民爆光电,3.0
20260204,ZT,sz000533,顺钠股份,3.0
20260204,ZT,sz002342,巨力索具,2.0
20260204,ZT,sz002126,银轮股份,2.0
20260204,ZT,sh600330,天通股份,2.0
20260204,ZT,sh603616,韩建河山,2.0
20260204,ZT,sh600683,京投发展,2.0
20260204,ZT,sz301636,泽润新能,2.0
20260204,ZT,sh603778,国晟科技,2.0
20260204,ZT,sz000039,中集集团,2.0
20260204,ZT,sh600481,双良节能,2.0
20260204,ZT,sh601015,陕西黑猫,1.0
20260204,ZT,sh600188,兖矿能源,1.0
20260204,ZT,sh601898,中煤能源,1.0
20260204,ZT,sh600792,云煤能源,1.0
20260204,ZT,sh601001,晋控煤业,1.0
20260204,ZT,sh600740,山西焦化,1.0
20260204,ZT,sh601011,宝泰隆  ,1.0
20260204,ZT,sh601699,潞安环能,1.0
20260204,ZT,sz000983,山西焦煤,1.0
20260204,ZT,sh600546,山煤国际,1.0
20260204,ZT,sh600403,大有能源,1.0
20260204,ZT,sh600971,恒源煤电,1.0
20260204,ZT,sh600997,开滦股份,1.0
20260204,ZT,sz002623,亚玛顿,1.0
20260204,ZT,sz300393,中来股份,1.0
20260204,ZT,sz002218,拓日新能,1.0
20260204,ZT,sh688223,晶科能源,1.0
20260204,ZT,sh688429,时创能源,1.0
20260204,ZT,sh603381,永臻股份,1.0
20260204,ZT,sz003038,鑫铂股份,1.0
20260204,ZT,sz002129,TCL中环,1.0
20260204,ZT,sh605376,博迁新材,1.0
20260204,ZT,sz002506,协鑫集成,1.0
20260204,ZT,sh600860,京城股份,1.0
20260204,ZT,sz300423,昇辉科技,1.0
20260204,ZT,sz000723,美锦能源,1.0
20260204,ZT,sz002278,神开股份,1.0
20260204,ZT,sz300985,致远新能,1.0
20260204,ZT,sh601226,华电科工,1.0
20260204,ZT,sz000838,财信发展,1.0
20260204,ZT,sz000517,荣安地产,1.0
20260204,ZT,sh600325,华发股份,1.0
20260204,ZT,sz000560,我爱我家,1.0
20260204,ZT,sz300912,凯龙高科,1.0
20260204,ZT,sz002334,英威腾,1.0
20260204,ZT,sz001223,欧克科技,1.0
20260204,ZT,sz301119,正强股份,1.0
20260204,ZT,sh601096,宏盛华源,1.0
20260204,ZT,sz002300,太阳电缆,1.0
20260204,ZT,sz002441,众业达,1.0
20260204,ZT,sz002853,皮阿诺,1.0
20260204,ZT,sz002791,坚朗五金,1.0
20260204,ZT,sz000070,特发信息,1.0
20260204,ZT,sh600115,中国东航,1.0
20260204,ZT,sz002928,华夏航空,1.0
20260204,ZT,sh600759,洲际油气,1.0
20260204,ZT,sh600814,杭州解百,1.0
20260204,ZT,sh600778,友好集团,1.0
20260204,ZT,sz000711,ST京蓝,1.0
20260204,ZT,sh600421,*ST华嵘 ,1.0
20260204,ZT,sz000821,ST京机,1.0
20260204,ZT,sh603021,ST华鹏  ,1.0
20260204,ZT,sh600228,*ST返利 ,1.0
20260204,ZT,sz002306,*ST云网,1.0
20260204,ZT,sz002485,ST雪发,1.0
20260204,ZT,sz002289,*ST宇顺,1.0
20260204,ZT,sz300344,*ST立方,1.0
20260204,ZT,sz002970,锐明技术,1.0
20260204,ZT,sh600072,中船科技,1.0
20260204,ZT,sh603334,丰倍生物,1.0
20260204,ZT,sz002810,山东赫达,1.0
20260204,ZT,sz002286,保龄宝,1.0
20260204,ZT,sz002355,兴民智通,1.0
20260204,ZT,sh603826,坤彩科技,1.0
20260205,ZT,sz301362,民爆光电,4.0
20260205,ZT,sh603616,韩建河山,3.0
20260205,ZT,sh600683,京投发展,3.0
20260205,ZT,sh603334,丰倍生物,2.0
20260205,ZT,sh601015,陕西黑猫,2.0
20260205,ZT,sz002355,兴民智通,2.0
20260205,ZT,sz300912,凯龙高科,2.0
20260205,ZT,sh600814,杭州解百,2.0
20260205,ZT,sh603826,坤彩科技,2.0
20260205,ZT,sz002506,协鑫集成,2.0
20260205,ZT,sh600828,茂业商业,1.0
20260205,ZT,sz002264,新 华 都,1.0
20260205,ZT,sz000056,皇庭国际,1.0
20260205,ZT,sh601116,三江购物,1.0
20260205,ZT,sh600084,中信尼雅,1.0
20260205,ZT,sz002702,海欣食品,1.0
20260205,ZT,sh603696,安记食品,1.0
20260205,ZT,sz002969,嘉美包装,1.0
20260205,ZT,sh600382,广东明珠,1.0
20260205,ZT,sz000592,平潭发展,1.0
20260205,ZT,sh601187,厦门银行,1.0
20260205,ZT,sz300300,海峡创新,1.0
20260205,ZT,sh603103,横店影视,1.0
20260205,ZT,sh601599,浙文影业,1.0
20260205,ZT,sz002905,金逸影视,1.0
20260205,ZT,sz002291,遥望科技,1.0
20260205,ZT,sz002467,二六三,1.0
20260205,ZT,sz002995,天地在线,1.0
20260205,ZT,sz002575,群兴玩具,1.0
20260205,ZT,sh600156,华升股份,1.0
20260205,ZT,sz002361,神剑股份,1.0
20260205,ZT,sz002985,北摩高科,1.0
20260205,ZT,sz000822,山东海化,1.0
20260205,ZT,sh600796,钱江生化,1.0
20260205,ZT,sz003036,泰坦股份,1.0
20260205,ZT,sh603429,集友股份,1.0
20260205,ZT,sz000711,ST京蓝,1.0
20260205,ZT,sz300344,*ST立方,1.0
20260205,ZT,sz002713,*ST东易,1.0
20260205,ZT,sh603843,*ST正平 ,1.0
20260205,ZT,sh603557,ST起步  ,1.0
20260205,ZT,sz000609,ST中迪,1.0
20260205,ZT,sz002528,ST英飞拓,1.0
20260205,ZT,sz002630,ST华西,1.0
20260205,ZT,sz300152,ST新动力,1.0
20260205,ZT,sh600107,ST尔雅  ,1.0
20260205,ZT,sz002742,*ST三圣,1.0
20260205,ZT,sh600136,ST明诚  ,1.0
20260205,ZT,sz300461,田中精机,1.0
20260205,ZT,sz003018,金富科技,1.0
20260205,ZT,sh603630,拉芳家化,1.0
20260205,ZT,sz002357,富临运业,1.0
20260205,ZT,sh603655,朗博科技,1.0
20260205,ZT,sz002945,华林证券,1.0
20260205,ZT,sz002627,三峡旅游,1.0
20260205,ZT,sz000636,风华高科,1.0
20260206,ZT,sh603616,韩建河山,4.0
20260206,ZT,sz300912,凯龙高科,3.0
20260206,ZT,sz002506,协鑫集成,3.0
20260206,ZT,sh600814,杭州解百,3.0
20260206,ZT,sz300461,田中精机,2.0
20260206,ZT,sz000056,皇庭国际,2.0
20260206,ZT,sz002361,神剑股份,2.0
20260206,ZT,sz003018,金富科技,2.0
20260206,ZT,sz002957,科瑞技术,1.0
20260206,ZT,sh600884,杉杉股份,1.0
20260206,ZT,sh603959,百利科技,1.0
20260206,ZT,sz002759,天际股份,1.0
20260206,ZT,sh603626,科森科技,1.0
20260206,ZT,sh603876,鼎胜新材,1.0
20260206,ZT,sz002812,恩捷股份,1.0
20260206,ZT,sh603663,三祥新材,1.0
20260206,ZT,sz002455,百川股份,1.0
20260206,ZT,sz002440,闰土股份,1.0
20260206,ZT,sh600722,金牛化工,1.0
20260206,ZT,sh600230,沧州大化,1.0
20260206,ZT,sh603823,百合花  ,1.0
20260206,ZT,sz002099,海翔药业,1.0
20260206,ZT,sh600063,皖维高新,1.0
20260206,ZT,sh600987,航民股份,1.0
20260206,ZT,sz002921,联诚精密,1.0
20260206,ZT,sh603667,五洲新春,1.0
20260206,ZT,sz002009,天奇股份,1.0
20260206,ZT,sh603331,百达精工,1.0
20260206,ZT,sh605488,福莱新材,1.0
20260206,ZT,sz002112,三变科技,1.0
20260206,ZT,sz002339,积成电子,1.0
20260206,ZT,sz002150,正泰电源,1.0
20260206,ZT,sz001360,南矿集团,1.0
20260206,ZT,sz002842,翔鹭钨业,1.0
20260206,ZT,sz000767,晋控电力,1.0
20260206,ZT,sh603618,杭电股份,1.0
20260206,ZT,sh600345,长江通信,1.0
20260206,ZT,sh600759,洲际油气,1.0
20260206,ZT,sz002207,准油股份,1.0
20260206,ZT,sz002728,特一药业,1.0
20260206,ZT,sz002412,汉森制药,1.0
20260206,ZT,sh603881,数据港  ,1.0
20260206,ZT,sz002015,协鑫能科,1.0
20260206,ZT,sz002830,名雕股份,1.0
20260206,ZT,sz002624,完美世界,1.0
20260206,ZT,sz002519,银河电子,1.0
20260206,ZT,sz000711,ST京蓝,1.0
20260206,ZT,sz000609,ST中迪,1.0
20260206,ZT,sz002630,ST华西,1.0
20260206,ZT,sh600381,*ST春天 ,1.0
20260206,ZT,sz000820,*ST节能,1.0
20260206,ZT,sh603580,*ST艾艾 ,1.0
20260206,ZT,sz002634,棒杰股份,1.0
20260206,ZT,sz002054,德美化工,1.0
20260206,ZT,sh600686,金龙汽车,1.0
20260206,ZT,sz002772,众兴菌业,1.0
20260206,ZT,sz002345,潮宏基,1.0
20260206,ZT,sh603607,京华激光,1.0
20260206,ZT,sh603138,海量数据,1.0
20260206,ZT,sz301312,智立方,1.0
20260206,ZT,sz002072,凯瑞德,1.0
20260209,ZT,sh603616,韩建河山,5.0
20260209,ZT,sz300912,凯龙高科,4.0
20260209,ZT,sz002506,协鑫集成,4.0
20260209,ZT,sz003018,金富科技,3.0
20260209,ZT,sz002054,德美化工,2.0
20260209,ZT,sz002830,名雕股份,2.0
20260209,ZT,sh603626,科森科技,2.0
20260209,ZT,sz002099,海翔药业,2.0
20260209,ZT,sz002455,百川股份,2.0
20260209,ZT,sz002624,完美世界,2.0
20260209,ZT,sz002440,闰土股份,2.0
20260209,ZT,sh600722,金牛化工,2.0
20260209,ZT,sh600884,杉杉股份,2.0
20260209,ZT,sz002015,协鑫能科,2.0
20260209,ZT,sz002623,亚玛顿,1.0
20260209,ZT,sz002129,TCL中环,1.0
20260209,ZT,sz002218,拓日新能,1.0
20260209,ZT,sh600586,金晶科技,1.0
20260209,ZT,sz002323,雅博股份,1.0
20260209,ZT,sh600477,杭萧钢构,1.0
20260209,ZT,sz002534,西子洁能,1.0
20260209,ZT,sz002309,中利集团,1.0
20260209,ZT,sh688025,杰普特  ,1.0
20260209,ZT,sz002501,利源股份,1.0
20260209,ZT,sz002079,苏州固锝,1.0
20260209,ZT,sh688503,聚和材料,1.0
20260209,ZT,sh603103,横店影视,1.0
20260209,ZT,sz301231,荣信文化,1.0
20260209,ZT,sz301262,海看股份,1.0
20260209,ZT,sz002429,兆驰股份,1.0
20260209,ZT,sz000892,欢瑞世纪,1.0
20260209,ZT,sh603533,掌阅科技,1.0
20260209,ZT,sh601595,上海电影,1.0
20260209,ZT,sh605287,德才股份,1.0
20260209,ZT,sz300364,中文在线,1.0
20260209,ZT,sz001330,博纳影业,1.0
20260209,ZT,sz300182,捷成股份,1.0
20260209,ZT,sh603598,引力传媒,1.0
20260209,ZT,sh603980,吉华集团,1.0
20260209,ZT,sh603188,亚邦股份,1.0
20260209,ZT,sh605566,福莱蒽特,1.0
20260209,ZT,sz000525,红太阳,1.0
20260209,ZT,sz001217,华尔泰,1.0
20260209,ZT,sz002438,江苏神通,1.0
20260209,ZT,sz002296,辉煌科技,1.0
20260209,ZT,sh605598,上海港湾,1.0
20260209,ZT,sz001266,宏英智能,1.0
20260209,ZT,sh603031,安孚科技,1.0
20260209,ZT,sz002471,中超控股,1.0
20260209,ZT,sz300749,顶固集创,1.0
20260209,ZT,sh605060,联德股份,1.0
20260209,ZT,sh603308,应流股份,1.0
20260209,ZT,sh600875,东方电气,1.0
20260209,ZT,sh600841,动力新科,1.0
20260209,ZT,sz301232,飞沃科技,1.0
20260209,ZT,sh600589,大位科技,1.0
20260209,ZT,sh600666,奥瑞德  ,1.0
20260209,ZT,sh603629,利通电子,1.0
20260209,ZT,sh603466,风语筑  ,1.0
20260209,ZT,sh601360,三六零  ,1.0
20260209,ZT,sh688435,英方软件,1.0
20260209,ZT,sz000016,深康佳Ａ,1.0
20260209,ZT,sh603163,圣晖集成,1.0
20260209,ZT,sh603929,亚翔集成,1.0
20260209,ZT,sz300480,光力科技,1.0
20260209,ZT,sh603829,洛凯股份,1.0
20260209,ZT,sz300982,苏文电能,1.0
20260209,ZT,sh600590,泰豪科技,1.0
20260209,ZT,sh603191,望变电气,1.0
20260209,ZT,sh600330,天通股份,1.0
20260209,ZT,sh601869,长飞光纤,1.0
20260209,ZT,sh600172,黄河旋风,1.0
20260209,ZT,sz000711,ST京蓝,1.0
20260209,ZT,sz000821,ST京机,1.0
20260209,ZT,sz000609,ST中迪,1.0
20260209,ZT,sz002630,ST华西,1.0
20260209,ZT,sh603021,ST华鹏  ,1.0
20260209,ZT,sh600381,*ST春天 ,1.0
20260209,ZT,sz000820,*ST节能,1.0
20260209,ZT,sz002485,ST雪发,1.0
20260209,ZT,sh600243,*ST海华 ,1.0
20260209,ZT,sh600238,*ST椰岛 ,1.0
20260209,ZT,sz002822,ST中装,1.0
20260209,ZT,sz002689,ST远智,1.0
20260209,ZT,sz002717,ST岭南,1.0
20260209,ZT,sh600683,京投发展,1.0
20260209,ZT,sz000014,沙河股份,1.0
20260209,ZT,sh603729,龙韵股份,1.0
20260209,ZT,sh603301,振德医疗,1.0
20260209,ZT,sz000571,新大洲A,1.0
20260209,ZT,sz001326,联域股份,1.0
20260209,ZT,sz002272,川润股份,1.0
20260209,ZT,sh600392,盛和资源,1.0
20260209,ZT,sz002716,湖南白银,1.0
20260209,ZT,sh600185,珠免集团,1.0
20260209,ZT,sh600751,海航科技,1.0
20260210,ZT,sz002455,百川股份,3.0
20260210,ZT,sz002429,兆驰股份,2.0
20260210,ZT,sz300182,捷成股份,2.0
20260210,ZT,sh603598,引力传媒,2.0
20260210,ZT,sz000892,欢瑞世纪,2.0
20260210,ZT,sh603103,横店影视,2.0
20260210,ZT,sz300749,顶固集创,2.0
20260210,ZT,sz301231,荣信文化,2.0
20260210,ZT,sh603729,龙韵股份,2.0
20260210,ZT,sh603301,振德医疗,2.0
20260210,ZT,sz300364,中文在线,2.0
20260210,ZT,sh603466,风语筑  ,2.0
20260210,ZT,sh603980,吉华集团,2.0
20260210,ZT,sz001330,博纳影业,2.0
20260210,ZT,sh601595,上海电影,2.0
20260210,ZT,sh605287,德才股份,2.0
20260210,ZT,sh601869,长飞光纤,2.0
20260210,ZT,sz002323,雅博股份,2.0
20260210,ZT,sh605060,联德股份,2.0
20260210,ZT,sh603533,掌阅科技,2.0
20260210,ZT,sh600589,大位科技,2.0
20260210,ZT,sh601599,浙文影业,1.0
20260210,ZT,sz002905,金逸影视,1.0
20260210,ZT,sh600715,文投控股,1.0
20260210,ZT,sh600977,中国电影,1.0
20260210,ZT,sz300251,光线传媒,1.0
20260210,ZT,sh600088,中视传媒,1.0
20260210,ZT,sz002739,万达电影,1.0
20260210,ZT,sz300528,幸福蓝海,1.0
20260210,ZT,sz000156,华数传媒,1.0
20260210,ZT,sz002292,奥飞娱乐,1.0
20260210,ZT,sz002181,粤 传 媒,1.0
20260210,ZT,sh603000,人民网  ,1.0
20260210,ZT,sz000839,国安股份,1.0
20260210,ZT,sh603058,永吉股份,1.0
20260210,ZT,sz002082,万邦德,1.0
20260210,ZT,sh603888,新华网  ,1.0
20260210,ZT,sh603999,读者传媒,1.0
20260210,ZT,sz301025,读客文化,1.0
20260210,ZT,sz000681,视觉中国,1.0
20260210,ZT,sz000818,航锦科技,1.0
20260210,ZT,sz301085,亚康股份,1.0
20260210,ZT,sz000815,美利云,1.0
20260210,ZT,sh603968,醋化股份,1.0
20260210,ZT,sz002597,金禾实业,1.0
20260210,ZT,sh600482,中国动力,1.0
20260210,ZT,sz000070,特发信息,1.0
20260210,ZT,sz000056,皇庭国际,1.0
20260210,ZT,sz000859,国风新材,1.0
20260210,ZT,sz002302,西部建设,1.0
20260210,ZT,sh600207,安彩高科,1.0
20260210,ZT,sz000609,ST中迪,1.0
20260210,ZT,sh600381,*ST春天 ,1.0
20260210,ZT,sz002485,ST雪发,1.0
20260210,ZT,sh600107,ST尔雅  ,1.0
20260210,ZT,sz000669,ST金鸿,1.0
20260210,ZT,sz002848,*ST高斯,1.0
20260210,ZT,sh600696,*ST岩石 ,1.0
20260210,ZT,sz000638,*ST万方,1.0
20260210,ZT,sh603268,*ST松发 ,1.0
20260210,ZT,sh603721,*ST天择 ,1.0
20260210,ZT,sz000608,*ST阳光,1.0
20260210,ZT,sz002969,嘉美包装,1.0
20260210,ZT,sz002723,小崧股份,1.0
20260210,ZT,sh603115,海星股份,1.0
20260210,ZT,sh603320,迪贝电气,1.0
20260210,ZT,sz002655,共达电声,1.0
20260210,ZT,sh603960,克来机电,1.0
20260210,ZT,sz000559,万向钱潮,1.0
20260210,ZT,sz002806,华锋股份,1.0
20260210,ZT,sz002159,三特索道,1.0
20260211,ZT,sz002455,百川股份,4.0
20260211,ZT,sh605287,德才股份,3.0
20260211,ZT,sz002323,雅博股份,3.0
20260211,ZT,sz000892,欢瑞世纪,3.0
20260211,ZT,sh603729,龙韵股份,3.0
20260211,ZT,sh603980,吉华集团,3.0
20260211,ZT,sh603533,掌阅科技,3.0
20260211,ZT,sh600589,大位科技,3.0
20260211,ZT,sh603968,醋化股份,2.0
20260211,ZT,sz000070,特发信息,2.0
20260211,ZT,sz002723,小崧股份,2.0
20260211,ZT,sh600722,金牛化工,1.0
20260211,ZT,sz001217,华尔泰,1.0
20260211,ZT,sh605033,美邦股份,1.0
20260211,ZT,sz300819,聚杰微纤,1.0
20260211,ZT,sz000510,新金路,1.0
20260211,ZT,sz002470,金正大,1.0
20260211,ZT,sh603125,常青科技,1.0
20260211,ZT,sz002254,泰和新材,1.0
20260211,ZT,sh605006,山东玻纤,1.0
20260211,ZT,sz002080,中材科技,1.0
20260211,ZT,sz301526,国际复材,1.0
20260211,ZT,sh603256,宏和科技,1.0
20260211,ZT,sh603601,再升科技,1.0
20260211,ZT,sh600176,中国巨石,1.0
20260211,ZT,sz001359,平安电工,1.0
20260211,ZT,sh600545,卓郎智能,1.0
20260211,ZT,sz002842,翔鹭钨业,1.0
20260211,ZT,sz002378,章源钨业,1.0
20260211,ZT,sz000962,东方钽业,1.0
20260211,ZT,sz000657,中钨高新,1.0
20260211,ZT,sz001376,百通能源,1.0
20260211,ZT,sz002340,格林美,1.0
20260211,ZT,sh603629,利通电子,1.0
20260211,ZT,sz001896,豫能控股,1.0
20260211,ZT,sz002757,南兴股份,1.0
20260211,ZT,sh600186,莲花控股,1.0
20260211,ZT,sh600980,北矿科技,1.0
20260211,ZT,sh600397,江钨装备,1.0
20260211,ZT,sh688035,德邦科技,1.0
20260211,ZT,sz002951,金时科技,1.0
20260211,ZT,sh603682,锦和商管,1.0
20260211,ZT,sz000609,ST中迪,1.0
20260211,ZT,sz002485,ST雪发,1.0
20260211,ZT,sz000669,ST金鸿,1.0
20260211,ZT,sz000638,*ST万方,1.0
20260211,ZT,sz000615,*ST美谷,1.0
20260211,ZT,sz002868,*ST绿康,1.0
20260211,ZT,sh600355,*ST精伦 ,1.0
20260211,ZT,sz002424,ST百灵,1.0
20260211,ZT,sz002713,*ST东易,1.0
20260211,ZT,sz003018,金富科技,1.0
20260211,ZT,sh603138,海量数据,1.0
20260211,ZT,sh603608,天创时尚,1.0
20260211,ZT,sz002270,华明装备,1.0
20260211,ZT,sh601121,宝地矿业,1.0
20260211,ZT,sz001267,汇绿生态,1.0
20260211,ZT,sh600583,海油工程,1.0
20260211,ZT,sz000659,珠海中富,1.0
20260211,ZT,sh600292,电投水电,1.0
20260212,ZT,sh605287,德才股份,4.0
20260212,ZT,sz002323,雅博股份,4.0
20260212,ZT,sh603533,掌阅科技,4.0
20260212,ZT,sh600589,大位科技,4.0
20260212,ZT,sz000070,特发信息,3.0
20260212,ZT,sh600545,卓郎智能,2.0
20260212,ZT,sz002842,翔鹭钨业,2.0
20260212,ZT,sh605033,美邦股份,2.0
20260212,ZT,sz002951,金时科技,2.0
20260212,ZT,sh603138,海量数据,2.0
20260212,ZT,sz002378,章源钨业,2.0
20260212,ZT,sh605006,山东玻纤,2.0
20260212,ZT,sz002080,中材科技,2.0
20260212,ZT,sh603256,宏和科技,2.0
20260212,ZT,sz001896,豫能控股,2.0
20260212,ZT,sz000962,东方钽业,2.0
20260212,ZT,sh600397,江钨装备,2.0
20260212,ZT,sz002272,川润股份,1.0
20260212,ZT,sh603757,大元泵业,1.0
20260212,ZT,sh603088,宁波精达,1.0
20260212,ZT,sz002975,博杰股份,1.0
20260212,ZT,sz301317,鑫磊股份,1.0
20260212,ZT,sz002837,英维克,1.0
20260212,ZT,sh603090,宏盛股份,1.0
20260212,ZT,sh600481,双良节能,1.0
20260212,ZT,sh603191,望变电气,1.0
20260212,ZT,sz000533,顺钠股份,1.0
20260212,ZT,sz002364,中恒电气,1.0
20260212,ZT,sh601126,四方股份,1.0
20260212,ZT,sz002518,科士达,1.0
20260212,ZT,sz002885,京泉华,1.0
20260212,ZT,sz002922,伊戈尔,1.0
20260212,ZT,sz002498,汉缆股份,1.0
20260212,ZT,sz000767,晋控电力,1.0
20260212,ZT,sh600490,鹏欣资源,1.0
20260212,ZT,sh688480,赛恩斯  ,1.0
20260212,ZT,sh600821,金开新能,1.0
20260212,ZT,sh600673,东阳光  ,1.0
20260212,ZT,sh688158,优刻得-W,1.0
20260212,ZT,sz300846,首都在线,1.0
20260212,ZT,sh603308,应流股份,1.0
20260212,ZT,sh603950,长源东谷,1.0
20260212,ZT,sz002478,常宝股份,1.0
20260212,ZT,sz300277,海联讯,1.0
20260212,ZT,sh600960,渤海汽车,1.0
20260212,ZT,sh605318,法狮龙  ,1.0
20260212,ZT,sz002131,利欧股份,1.0
20260212,ZT,sh601231,环旭电子,1.0
20260212,ZT,sz002796,世嘉科技,1.0
20260212,ZT,sz000628,高新发展,1.0
20260212,ZT,sz002208,合肥城建,1.0
20260212,ZT,sh601872,招商轮船,1.0
20260212,ZT,sh600026,中远海能,1.0
20260212,ZT,sz002520,日发精机,1.0
20260212,ZT,sh605018,长华集团,1.0
20260212,ZT,sz000711,ST京蓝,1.0
20260212,ZT,sz000609,ST中迪,1.0
20260212,ZT,sz002713,*ST东易,1.0
20260212,ZT,sz000669,ST金鸿,1.0
20260212,ZT,sz000638,*ST万方,1.0
20260212,ZT,sz000820,*ST节能,1.0
20260212,ZT,sh603268,*ST松发 ,1.0
20260212,ZT,sh603389,*ST亚振 ,1.0
20260212,ZT,sz000691,*ST亚太,1.0
20260212,ZT,sz002248,华东数控,1.0
20260212,ZT,sz002824,和胜股份,1.0
20260212,ZT,sz000833,粤桂股份,1.0
20260212,ZT,sh603688,石英股份,1.0
20260212,ZT,sh601619,嘉泽新能,1.0
20260213,ZT,sh603533,掌阅科技,5.0
20260213,ZT,sh605033,美邦股份,3.0
20260213,ZT,sz002951,金时科技,3.0
20260213,ZT,sz001896,豫能控股,3.0
20260213,ZT,sz002498,汉缆股份,2.0
20260213,ZT,sh603466,风语筑  ,1.0
20260213,ZT,sz000839,国安股份,1.0
20260213,ZT,sh600410,华胜天成,1.0
20260213,ZT,sz300449,汉邦高科,1.0
20260213,ZT,sh605289,罗曼股份,1.0
20260213,ZT,sz002703,浙江世宝,1.0
20260213,ZT,sz002355,兴民智通,1.0
20260213,ZT,sh601777,千里科技,1.0
20260213,ZT,sh601890,亚星锚链,1.0
20260213,ZT,sz300719,安达维尔,1.0
20260213,ZT,sh600893,航发动力,1.0
20260213,ZT,sz000859,国风新材,1.0
20260213,ZT,sh603163,圣晖集成,1.0
20260213,ZT,sz000021,深科技,1.0
20260213,ZT,sh603960,克来机电,1.0
20260213,ZT,sh603331,百达精工,1.0
20260213,ZT,sz002009,天奇股份,1.0
20260213,ZT,sz300812,易天股份,1.0
20260213,ZT,sz000890,法尔胜,1.0
20260213,ZT,sz002843,泰嘉股份,1.0
20260213,ZT,sz002510,天汽模,1.0
20260213,ZT,sz000711,ST京蓝,1.0
20260213,ZT,sz000609,ST中迪,1.0
20260213,ZT,sz002713,*ST东易,1.0
20260213,ZT,sz000669,ST金鸿,1.0
20260213,ZT,sz000638,*ST万方,1.0
20260213,ZT,sh603268,*ST松发 ,1.0
20260213,ZT,sz001270,*ST铖昌,1.0
20260213,ZT,sz002647,*ST仁东,1.0
20260213,ZT,sz002289,*ST宇顺,1.0
20260213,ZT,sz000821,ST京机,1.0
20260213,ZT,sz002592,ST八菱,1.0
20260213,ZT,sh603021,ST华鹏  ,1.0
20260213,ZT,sz000488,ST晨鸣,1.0
20260213,ZT,sz000004,*ST国华,1.0
20260213,ZT,sh600629,华建集团,1.0
20260213,ZT,sz000798,中水渔业,1.0
20260213,ZT,sh600791,京能置业,1.0
20260213,ZT,sh605007,五洲特纸,1.0
20260213,ZT,sz002169,智光电气,1.0
20260213,ZT,sh600984,建设机械,1.0
20260224,ZT,sh605033,美邦股份,4.0
20260224,ZT,sz001896,豫能控股,4.0
20260224,ZT,sz002498,汉缆股份,3.0
20260224,ZT,sh603466,风语筑  ,2.0
20260224,ZT,sh601890,亚星锚链,2.0
20260224,ZT,sh605289,罗曼股份,2.0
20260224,ZT,sz000890,法尔胜,2.0
20260224,ZT,sh600722,金牛化工,1.0
20260224,ZT,sz002470,金正大,1.0
20260224,ZT,sh600078,澄星股份,1.0
20260224,ZT,sh600714,金瑞矿业,1.0
20260224,ZT,sz000545,金浦钛业,1.0
20260224,ZT,sh603077,和邦生物,1.0
20260224,ZT,sz002165,红 宝 丽,1.0
20260224,ZT,sz002136,安 纳 达,1.0
20260224,ZT,sz000635,英 力 特,1.0
20260224,ZT,sz002809,红墙股份,1.0
20260224,ZT,sz002312,川发龙蟒,1.0
20260224,ZT,sz000422,湖北宜化,1.0
20260224,ZT,sh600470,六国化工,1.0
20260224,ZT,sz002539,云图控股,1.0
20260224,ZT,sh600409,三友化工,1.0
20260224,ZT,sh600096,云天化  ,1.0
20260224,ZT,sz002895,川恒股份,1.0
20260224,ZT,sh600141,兴发集团,1.0
20260224,ZT,sz002207,准油股份,1.0
20260224,ZT,sz002490,山东墨龙,1.0
20260224,ZT,sh600759,洲际油气,1.0
20260224,ZT,sh603619,中曼石油,1.0
20260224,ZT,sz300164,通源石油,1.0
20260224,ZT,sz002554,惠博普,1.0
20260224,ZT,sz300157,新锦动力,1.0
20260224,ZT,sh603727,博迈科  ,1.0
20260224,ZT,sh600339,中油工程,1.0
20260224,ZT,sh600871,石化油服,1.0
20260224,ZT,sz002828,贝肯能源,1.0
20260224,ZT,sh601808,中海油服,1.0
20260224,ZT,sz300191,潜能恒信,1.0
20260224,ZT,sh600397,江钨装备,1.0
20260224,ZT,sz002716,湖南白银,1.0
20260224,ZT,sh601212,白银有色,1.0
20260224,ZT,sh601390,中国中铁,1.0
20260224,ZT,sz000603,盛达资源,1.0
20260224,ZT,sz001337,四川黄金,1.0
20260224,ZT,sz003035,南网能源,1.0
20260224,ZT,sz002358,森源电气,1.0
20260224,ZT,sh600550,保变电气,1.0
20260224,ZT,sh603861,白云电器,1.0
20260224,ZT,sz002606,大连电瓷,1.0
20260224,ZT,sh605006,山东玻纤,1.0
20260224,ZT,sh603256,宏和科技,1.0
20260224,ZT,sz301526,国际复材,1.0
20260224,ZT,sh600176,中国巨石,1.0
20260224,ZT,sh603601,再升科技,1.0
20260224,ZT,sh600345,长江通信,1.0
20260224,ZT,sh603042,华脉科技,1.0
20260224,ZT,sz002491,通鼎互联,1.0
20260224,ZT,sh601869,长飞光纤,1.0
20260224,ZT,sh601872,招商轮船,1.0
20260224,ZT,sh600026,中远海能,1.0
20260224,ZT,sh601975,招商南油,1.0
20260224,ZT,sh603124,江南新材,1.0
20260224,ZT,sh603685,晨丰科技,1.0
20260224,ZT,sz002916,深南电路,1.0
20260224,ZT,sz002811,郑中设计,1.0
20260224,ZT,sz000636,风华高科,1.0
20260224,ZT,sh688260,昀冢科技,1.0
20260224,ZT,sh600172,黄河旋风,1.0
20260224,ZT,sz300179,四方达,1.0
20260224,ZT,sh601015,陕西黑猫,1.0
20260224,ZT,sh600792,云煤能源,1.0
20260224,ZT,sh600330,天通股份,1.0
20260224,ZT,sz000988,华工科技,1.0
20260224,ZT,sh603959,百利科技,1.0
20260224,ZT,sz001396,誉帆科技,1.0
20260224,ZT,sz000803,山高环能,1.0
20260224,ZT,sh605178,时空科技,1.0
20260224,ZT,sz000711,ST京蓝,1.0
20260224,ZT,sz000669,ST金鸿,1.0
20260224,ZT,sz000638,*ST万方,1.0
20260224,ZT,sh603021,ST华鹏  ,1.0
20260224,ZT,sz002647,*ST仁东,1.0
20260224,ZT,sh603389,*ST亚振 ,1.0
20260224,ZT,sh600289,ST信通  ,1.0
20260224,ZT,sh603559,ST通脉  ,1.0
20260224,ZT,sz002898,*ST赛隆,1.0
20260224,ZT,sz002047,*ST宝鹰,1.0
20260224,ZT,sh603822,ST嘉澳  ,1.0
20260224,ZT,sz002005,ST德豪,1.0
20260224,ZT,sz000668,*ST荣控,1.0
20260224,ZT,sz002528,ST英飞拓,1.0
20260224,ZT,sh600753,*ST海钦 ,1.0
20260224,ZT,sz003004,*ST声迅,1.0
20260224,ZT,sz000554,泰山石油,1.0
20260224,ZT,sz002795,永和智控,1.0
20260224,ZT,sh603616,韩建河山,1.0
20260224,ZT,sz000968,蓝焰控股,1.0
20260224,ZT,sz002457,青龙管业,1.0
20260224,ZT,sz002875,安奈儿,1.0
20260224,ZT,sh600671,天目药业,1.0
20260224,ZT,sh603139,康惠股份,1.0
20260224,ZT,sh603115,海星股份,1.0
20260224,ZT,bj920305,*ST云创,1.0
20260224,ZT,sz300749,顶固集创,1.0
20260224,ZT,sz002694,顾地科技,1.0
20260224,ZT,sz002652,扬子新材,1.0
20260224,ZT,sz002506,协鑫集成,1.0
20260224,ZT,sz002283,天润工业,1.0
20260224,ZT,sh603400,华之杰  ,1.0
20260225,ZT,sz001896,豫能控股,5.0
20260225,ZT,sz002498,汉缆股份,4.0
20260225,ZT,sh605289,罗曼股份,3.0
20260225,ZT,sz000890,法尔胜,3.0
20260225,ZT,sz002811,郑中设计,2.0
20260225,ZT,sh601872,招商轮船,2.0
20260225,ZT,sh600096,云天化  ,2.0
20260225,ZT,sh600470,六国化工,2.0
20260225,ZT,sh605178,时空科技,2.0
20260225,ZT,sh603077,和邦生物,2.0
20260225,ZT,sh600759,洲际油气,2.0
20260225,ZT,sh603601,再升科技,2.0
20260225,ZT,sz000545,金浦钛业,2.0
20260225,ZT,sz001396,誉帆科技,2.0
20260225,ZT,sz000636,风华高科,2.0
20260225,ZT,sh600078,澄星股份,2.0
20260225,ZT,sz002470,金正大,2.0
20260225,ZT,sh600397,江钨装备,2.0
20260225,ZT,sz301100,风光股份,1.0
20260225,ZT,sh600227,赤天化  ,1.0
20260225,ZT,sz300437,清水源,1.0
20260225,ZT,sz002538,司尔特,1.0
20260225,ZT,sz300821,东岳硅材,1.0
20260225,ZT,sh600230,沧州大化,1.0
20260225,ZT,sz002998,优彩资源,1.0
20260225,ZT,sh603826,坤彩科技,1.0
20260225,ZT,sz300505,川金诺,1.0
20260225,ZT,sz000962,东方钽业,1.0
20260225,ZT,sz002378,章源钨业,1.0
20260225,ZT,sz002428,云南锗业,1.0
20260225,ZT,sz000751,锌业股份,1.0
20260225,ZT,sh600301,华锡有色,1.0
20260225,ZT,sz002978,安宁股份,1.0
20260225,ZT,sz002114,罗平锌电,1.0
20260225,ZT,sz000657,中钨高新,1.0
20260225,ZT,sz301373,凌玮科技,1.0
20260225,ZT,sz000581,威孚高科,1.0
20260225,ZT,sh688432,有研硅  ,1.0
20260225,ZT,sh600206,有研新材,1.0
20260225,ZT,sz002989,中天精装,1.0
20260225,ZT,sh688661,和林微纳,1.0
20260225,ZT,sz000816,智慧农业,1.0
20260225,ZT,sh601068,中铝国际,1.0
20260225,ZT,sz002176,江特电机,1.0
20260225,ZT,sz001203,大中矿业,1.0
20260225,ZT,sz000036,华联控股,1.0
20260225,ZT,sh600884,杉杉股份,1.0
20260225,ZT,sz000839,国安股份,1.0
20260225,ZT,sz300788,中信出版,1.0
20260225,ZT,sz002678,珠江钢琴,1.0
20260225,ZT,sz000758,中色股份,1.0
20260225,ZT,sh600010,包钢股份,1.0
20260225,ZT,sh600111,北方稀土,1.0
20260225,ZT,sh600545,卓郎智能,1.0
20260225,ZT,sh600110,诺德股份,1.0
20260225,ZT,sz300658,延江股份,1.0
20260225,ZT,sh601208,东材科技,1.0
20260225,ZT,sz000056,皇庭国际,1.0
20260225,ZT,sh600649,城投控股,1.0
20260225,ZT,sz000560,我爱我家,1.0
20260225,ZT,sz002725,跃岭股份,1.0
20260225,ZT,sh600337,美克家居,1.0
20260225,ZT,sz000547,航天发展,1.0
20260225,ZT,sz000012,南  玻Ａ,1.0
20260225,ZT,sz000711,ST京蓝,1.0
20260225,ZT,sz000609,ST中迪,1.0
20260225,ZT,sz000669,ST金鸿,1.0
20260225,ZT,sz000638,*ST万方,1.0
20260225,ZT,sh603268,*ST松发 ,1.0
20260225,ZT,sh603822,ST嘉澳  ,1.0
20260225,ZT,sz002528,ST英飞拓,1.0
20260225,ZT,sz002047,*ST宝鹰,1.0
20260225,ZT,sh600753,*ST海钦 ,1.0
20260225,ZT,sz000668,*ST荣控,1.0
20260225,ZT,sz000488,ST晨鸣,1.0
20260225,ZT,sz001270,*ST铖昌,1.0
20260225,ZT,sz000518,*ST四环,1.0
20260225,ZT,sz000793,ST华闻,1.0
20260225,ZT,sh600525,ST长园  ,1.0
20260225,ZT,sh600136,ST明诚  ,1.0
20260225,ZT,sz002868,*ST绿康,1.0
20260225,ZT,sz002630,ST华西,1.0
20260225,ZT,sh603580,*ST艾艾 ,1.0
20260225,ZT,sh600243,*ST海华 ,1.0
20260225,ZT,sh603557,ST起步  ,1.0
20260225,ZT,sz002731,ST萃华,1.0
20260225,ZT,sh600696,*ST岩石 ,1.0
20260225,ZT,sh600355,*ST精伦 ,1.0
20260225,ZT,sz000903,ST云动,1.0
20260225,ZT,sz002211,ST宏达,1.0
20260225,ZT,sh605007,五洲特纸,1.0
20260225,ZT,sz002021,中捷资源,1.0
20260225,ZT,sz002348,高乐股份,1.0
20260225,ZT,sh600569,安阳钢铁,1.0
20260225,ZT,sz000899,赣能股份,1.0
20260225,ZT,sz000593,德龙汇能,1.0
20260225,ZT,sz001209,洪兴股份,1.0
20260225,ZT,sz000826,启迪环境,1.0
20260225,ZT,sh603057,紫燕食品,1.0
20260225,ZT,sz002949,华阳国际,1.0
20260225,ZT,sz000661,长春高新,1.0
20260226,ZT,sz001896,豫能控股,6.0
20260226,ZT,sz000890,法尔胜,4.0
20260226,ZT,sh600078,澄星股份,3.0
20260226,ZT,sz002470,金正大,3.0
20260226,ZT,sz002428,云南锗业,2.0
20260226,ZT,sz000826,启迪环境,2.0
20260226,ZT,sz000899,赣能股份,2.0
20260226,ZT,sz002378,章源钨业,2.0
20260226,ZT,sz001209,洪兴股份,2.0
20260226,ZT,sh600410,华胜天成,1.0
20260226,ZT,sz002970,锐明技术,1.0
20260226,ZT,sz001339,智微智能,1.0
20260226,ZT,sz001389,广合科技,1.0
20260226,ZT,sz002272,川润股份,1.0
20260226,ZT,sh688786,悦安新材,1.0
20260226,ZT,sh603315,福鞍股份,1.0
20260226,ZT,sz002283,天润工业,1.0
20260226,ZT,sh603950,长源东谷,1.0
20260226,ZT,sz000534,万泽股份,1.0
20260226,ZT,sz002478,常宝股份,1.0
20260226,ZT,sh600399,抚顺特钢,1.0
20260226,ZT,sh603308,应流股份,1.0
20260226,ZT,sh600875,东方电气,1.0
20260226,ZT,sh600841,动力新科,1.0
20260226,ZT,sz002916,深南电路,1.0
20260226,ZT,sz002141,贤丰控股,1.0
20260226,ZT,sz002008,大族激光,1.0
20260226,ZT,sz002913,奥士康,1.0
20260226,ZT,sz301630,同宇新材,1.0
20260226,ZT,sz002463,沪电股份,1.0
20260226,ZT,sz002491,通鼎互联,1.0
20260226,ZT,sh688025,杰普特  ,1.0
20260226,ZT,sh600522,中天科技,1.0
20260226,ZT,sh600487,亨通光电,1.0
20260226,ZT,sh603912,佳力图  ,1.0
20260226,ZT,sh600979,广安爱众,1.0
20260226,ZT,sz001400,江顺科技,1.0
20260226,ZT,sz300499,高澜股份,1.0
20260226,ZT,sh603163,圣晖集成,1.0
20260226,ZT,sh688530,欧莱新材,1.0
20260226,ZT,sh603867,新化股份,1.0
20260226,ZT,sz300943,春晖智控,1.0
20260226,ZT,sh600343,航天动力,1.0
20260226,ZT,sz301175,中科环保,1.0
20260226,ZT,sz002350,北京科锐,1.0
20260226,ZT,sh603530,神马电力,1.0
20260226,ZT,sz002546,新联电子,1.0
20260226,ZT,sz002099,海翔药业,1.0
20260226,ZT,sz000010,美丽生态,1.0
20260226,ZT,sz002843,泰嘉股份,1.0
20260226,ZT,sh600478,科力远  ,1.0
20260226,ZT,sh600744,华银电力,1.0
20260226,ZT,sz002162,悦心健康,1.0
20260226,ZT,sh603958,哈森股份,1.0
20260226,ZT,sz000546,金圆股份,1.0
20260226,ZT,sz300303,聚飞光电,1.0
20260226,ZT,sz000711,ST京蓝,1.0
20260226,ZT,sz000609,ST中迪,1.0
20260226,ZT,sz000669,ST金鸿,1.0
20260226,ZT,sz000638,*ST万方,1.0
20260226,ZT,sh603268,*ST松发 ,1.0
20260226,ZT,sh600753,*ST海钦 ,1.0
20260226,ZT,sz002868,*ST绿康,1.0
20260226,ZT,sh600355,*ST精伦 ,1.0
20260226,ZT,sh603557,ST起步  ,1.0
20260226,ZT,sh603580,*ST艾艾 ,1.0
20260226,ZT,sh600243,*ST海华 ,1.0
20260226,ZT,sh600696,*ST岩石 ,1.0
20260226,ZT,sz002306,*ST云网,1.0
20260226,ZT,sz002424,ST百灵,1.0
20260226,ZT,sh605081,*ST太和 ,1.0
20260226,ZT,sh603843,*ST正平 ,1.0
20260226,ZT,sz002717,ST岭南,1.0
20260226,ZT,sh600540,新赛股份,1.0
20260226,ZT,sh603267,鸿远电子,1.0
20260226,ZT,sz002095,生 意 宝,1.0
20260226,ZT,sz002286,保龄宝,1.0
20260226,ZT,sh600237,铜峰电子,1.0
20260227,ZT,sz001896,豫能控股,7.0
20260227,ZT,sz002470,金正大,4.0
20260227,ZT,sz000899,赣能股份,3.0
20260227,ZT,sz002378,章源钨业,3.0
20260227,ZT,sz001209,洪兴股份,3.0
20260227,ZT,sh600744,华银电力,2.0
20260227,ZT,sh603530,神马电力,2.0
20260227,ZT,sz002843,泰嘉股份,2.0
20260227,ZT,sz002350,北京科锐,2.0
20260227,ZT,sh603950,长源东谷,2.0
20260227,ZT,sh600397,江钨装备,1.0
20260227,ZT,sz000657,中钨高新,1.0
20260227,ZT,sh600301,华锡有色,1.0
20260227,ZT,sz002842,翔鹭钨业,1.0
20260227,ZT,sz002182,宝武镁业,1.0
20260227,ZT,sz002167,东方锆业,1.0
20260227,ZT,sh600108,亚盛集团,1.0
20260227,ZT,sh600259,中稀有色,1.0
20260227,ZT,sh600549,厦门钨业,1.0
20260227,ZT,sz000960,锡业股份,1.0
20260227,ZT,sh600459,贵研铂业,1.0
20260227,ZT,sh603257,中国瑞林,1.0
20260227,ZT,sh601958,金钼股份,1.0
20260227,ZT,sz002756,永兴材料,1.0
20260227,ZT,sz002155,湖南黄金,1.0
20260227,ZT,sh600456,宝钛股份,1.0
20260227,ZT,sz002261,拓维信息,1.0
20260227,ZT,sh600126,杭钢股份,1.0
20260227,ZT,sz002015,协鑫能科,1.0
20260227,ZT,sh600821,金开新能,1.0
20260227,ZT,sh603629,利通电子,1.0
20260227,ZT,sh688343,云天励飞-U,1.0
20260227,ZT,sh600230,沧州大化,1.0
20260227,ZT,sh600725,云维股份,1.0
20260227,ZT,sz002628,成都路桥,1.0
20260227,ZT,sz000510,新金路,1.0
20260227,ZT,sz000731,四川美丰,1.0
20260227,ZT,sh603217,元利科技,1.0
20260227,ZT,sz002734,利民股份,1.0
20260227,ZT,sh605398,新炬网络,1.0
20260227,ZT,sh688118,普元信息,1.0
20260227,ZT,sz300830,金现代,1.0
20260227,ZT,sz002980,华盛昌,1.0
20260227,ZT,sz002973,侨银股份,1.0
20260227,ZT,sh603381,永臻股份,1.0
20260227,ZT,sz002865,钧达股份,1.0
20260227,ZT,sz002394,联发股份,1.0
20260227,ZT,sz300317,珈伟新能,1.0
20260227,ZT,sh603578,三星新材,1.0
20260227,ZT,sz000993,闽东电力,1.0
20260227,ZT,sh600452,涪陵电力,1.0
20260227,ZT,sz003035,南网能源,1.0
20260227,ZT,sz001216,华瓷股份,1.0
20260227,ZT,sz002633,申科股份,1.0
20260227,ZT,sh603318,水发燃气,1.0
20260227,ZT,sh600498,烽火通信,1.0
20260227,ZT,sh603618,杭电股份,1.0
20260227,ZT,sh688028,沃尔德  ,1.0
20260227,ZT,sz002046,国机精工,1.0
20260227,ZT,sz002655,共达电声,1.0
20260227,ZT,sh603268,*ST松发 ,1.0
20260227,ZT,sh600753,*ST海钦 ,1.0
20260227,ZT,sh603580,*ST艾艾 ,1.0
20260227,ZT,sh600243,*ST海华 ,1.0
20260227,ZT,sz002047,*ST宝鹰,1.0
20260227,ZT,sh603021,ST华鹏  ,1.0
20260227,ZT,sh600525,ST长园  ,1.0
20260227,ZT,sh603559,ST通脉  ,1.0
20260227,ZT,sz002485,ST雪发,1.0
20260227,ZT,sh600777,*ST新潮 ,1.0
20260227,ZT,sh603838,*ST四通 ,1.0
20260227,ZT,sz000697,ST炼石,1.0
20260227,ZT,sz000972,*ST中基,1.0
20260227,ZT,sz002650,ST加加,1.0
20260227,ZT,sz002581,ST未名,1.0
20260227,ZT,sz002620,ST瑞和,1.0
20260227,ZT,sz000593,德龙汇能,1.0
20260227,ZT,sh603232,格尔软件,1.0
20260227,ZT,sz002216,三全食品,1.0
20260227,ZT,sz000035,中国天楹,1.0
20260227,ZT,sz002177,御银股份,1.0
20260227,ZT,sh603353,和顺石油,1.0
20260227,ZT,sh603093,南华期货,1.0
20260227,ZT,sz003018,金富科技,1.0
20260227,ZT,sz000628,高新发展,1.0
20260227,ZT,sz002356,赫美集团,1.0
20260227,ZT,sh603117,万林物流,1.0
20260227,ZT,sh603226,菲林格尔,1.0
20260227,ZT,sh603897,长城科技,1.0
20260227,ZT,sz301226,祥明智能,1.0
20260227,ZT,sh603738,泰晶科技,1.0
20260302,ZT,sz002843,泰嘉股份,3.0
20260302,ZT,sh603950,长源东谷,3.0
20260302,ZT,sz000035,中国天楹,2.0
20260302,ZT,sh603318,水发燃气,2.0
20260302,ZT,sh600108,亚盛集团,2.0
20260302,ZT,sz002842,翔鹭钨业,2.0
20260302,ZT,sh600498,烽火通信,2.0
20260302,ZT,sz000960,锡业股份,2.0
20260302,ZT,sz002356,赫美集团,2.0
20260302,ZT,sz002980,华盛昌,2.0
20260302,ZT,sh603257,中国瑞林,2.0
20260302,ZT,sh600301,华锡有色,2.0
20260302,ZT,sh600259,中稀有色,2.0
20260302,ZT,sz000510,新金路,2.0
20260302,ZT,sh600452,涪陵电力,2.0
20260302,ZT,sh603629,利通电子,2.0
20260302,ZT,sh603738,泰晶科技,2.0
20260302,ZT,sz002155,湖南黄金,2.0
20260302,ZT,sh603353,和顺石油,2.0
20260302,ZT,sh603897,长城科技,2.0
20260302,ZT,sh600759,洲际油气,1.0
20260302,ZT,sz002207,准油股份,1.0
20260302,ZT,sz002490,山东墨龙,1.0
20260302,ZT,sz002828,贝肯能源,1.0
20260302,ZT,sz300164,通源石油,1.0
20260302,ZT,sh600871,石化油服,1.0
20260302,ZT,sh603619,中曼石油,1.0
20260302,ZT,sz300191,潜能恒信,1.0
20260302,ZT,sh600339,中油工程,1.0
20260302,ZT,sh600968,海油发展,1.0
20260302,ZT,sz002554,惠博普,1.0
20260302,ZT,bj920088,科力股份,1.0
20260302,ZT,sh603727,博迈科  ,1.0
20260302,ZT,sz301158,德石股份,1.0
20260302,ZT,sh600583,海油工程,1.0
20260302,ZT,sz002629,仁智股份,1.0
20260302,ZT,sz300157,新锦动力,1.0
20260302,ZT,sh601808,中海油服,1.0
20260302,ZT,sz300084,海默科技,1.0
20260302,ZT,sz002667,威领股份,1.0
20260302,ZT,sh601069,西部黄金,1.0
20260302,ZT,sz001337,四川黄金,1.0
20260302,ZT,sz300139,晓程科技,1.0
20260302,ZT,sz000506,招金黄金,1.0
20260302,ZT,sh600988,赤峰黄金,1.0
20260302,ZT,sz000554,泰山石油,1.0
20260302,ZT,sh600938,中国海油,1.0
20260302,ZT,sh600688,上海石化,1.0
20260302,ZT,sz000096,广聚能源,1.0
20260302,ZT,sh600256,广汇能源,1.0
20260302,ZT,sh601857,中国石油,1.0
20260302,ZT,sz301302,华如科技,1.0
20260302,ZT,sh603488,展鹏科技,1.0
20260302,ZT,sz002413,雷科防务,1.0
20260302,ZT,sz301213,观想科技,1.0
20260302,ZT,sz003009,中天火箭,1.0
20260302,ZT,sz002389,航天彩虹,1.0
20260302,ZT,sh600435,北方导航,1.0
20260302,ZT,sh600227,赤天化  ,1.0
20260302,ZT,sh600722,金牛化工,1.0
20260302,ZT,sz002109,兴化股份,1.0
20260302,ZT,sz000912,泸天化,1.0
20260302,ZT,sh600989,宝丰能源,1.0
20260302,ZT,sz301338,凯格精机,1.0
20260302,ZT,sz001267,汇绿生态,1.0
20260302,ZT,sh603011,合锻智能,1.0
20260302,ZT,sh603083,剑桥科技,1.0
20260302,ZT,sh600714,金瑞矿业,1.0
20260302,ZT,sh600367,红星发展,1.0
20260302,ZT,sz000637,茂化实华,1.0
20260302,ZT,sz002545,东方铁塔,1.0
20260302,ZT,sh601872,招商轮船,1.0
20260302,ZT,sz002040,南 京 港,1.0
20260302,ZT,sh601975,招商南油,1.0
20260302,ZT,sh600026,中远海能,1.0
20260302,ZT,sz000968,蓝焰控股,1.0
20260302,ZT,sh603393,新天然气,1.0
20260302,ZT,sz000890,法尔胜,1.0
20260302,ZT,sz000070,特发信息,1.0
20260302,ZT,sz002380,科远智慧,1.0
20260302,ZT,sh603861,白云电器,1.0
20260302,ZT,sh600236,桂冠电力,1.0
20260302,ZT,sz001400,江顺科技,1.0
20260302,ZT,sz002536,飞龙股份,1.0
20260302,ZT,sh603268,*ST松发 ,1.0
20260302,ZT,sh600525,ST长园  ,1.0
20260302,ZT,sz002485,ST雪发,1.0
20260302,ZT,sh600777,*ST新潮 ,1.0
20260302,ZT,sz000697,ST炼石,1.0
20260302,ZT,sh603838,*ST四通 ,1.0
20260302,ZT,sh603115,海星股份,1.0
20260302,ZT,sz002432,九安医疗,1.0
20260302,ZT,sh688307,中润光学,1.0
20260302,ZT,sh605117,德业股份,1.0
20260303,ZT,sh603318,水发燃气,3.0
20260303,ZT,sh600108,亚盛集团,3.0
20260303,ZT,sz002980,华盛昌,3.0
20260303,ZT,sh603353,和顺石油,3.0
20260303,ZT,sz300191,潜能恒信,2.0
20260303,ZT,sz002207,准油股份,2.0
20260303,ZT,sh601808,中海油服,2.0
20260303,ZT,sh600256,广汇能源,2.0
20260303,ZT,sz002490,山东墨龙,2.0
20260303,ZT,sh601975,招商南油,2.0
20260303,ZT,sh601872,招商轮船,2.0
20260303,ZT,sh600583,海油工程,2.0
20260303,ZT,sz002828,贝肯能源,2.0
20260303,ZT,sh600367,红星发展,2.0
20260303,ZT,sz300157,新锦动力,2.0
20260303,ZT,sh601857,中国石油,2.0
20260303,ZT,sh600871,石化油服,2.0
20260303,ZT,sh600759,洲际油气,2.0
20260303,ZT,sz000096,广聚能源,2.0
20260303,ZT,sz002554,惠博普,2.0
20260303,ZT,sz301302,华如科技,2.0
20260303,ZT,sh600938,中国海油,2.0
20260303,ZT,sh600339,中油工程,2.0
20260303,ZT,sh603619,中曼石油,2.0
20260303,ZT,sh600968,海油发展,2.0
20260303,ZT,sz300164,通源石油,2.0
20260303,ZT,sz000968,蓝焰控股,2.0
20260303,ZT,sz002040,南 京 港,2.0
20260303,ZT,sz301158,德石股份,2.0
20260303,ZT,sz000554,泰山石油,2.0
20260303,ZT,sh600026,中远海能,2.0
20260303,ZT,bj920088,科力股份,2.0
20260303,ZT,sh600722,金牛化工,2.0
20260303,ZT,sh600688,上海石化,2.0
20260303,ZT,sz002629,仁智股份,2.0
20260303,ZT,sh603727,博迈科  ,2.0
20260303,ZT,sh600714,金瑞矿业,2.0
20260303,ZT,sz000407,胜利股份,1.0
20260303,ZT,sh600617,国新能源,1.0
20260303,ZT,sh605169,洪通燃气,1.0
20260303,ZT,sh600681,百川能源,1.0
20260303,ZT,sz001299,美能能源,1.0
20260303,ZT,sh600635,大众公用,1.0
20260303,ZT,sz300332,天壕能源,1.0
20260303,ZT,sz002682,龙洲股份,1.0
20260303,ZT,bj920010,凯添燃气,1.0
20260303,ZT,sz002267,陕天然气,1.0
20260303,ZT,sh601015,陕西黑猫,1.0
20260303,ZT,sz000421,南京公用,1.0
20260303,ZT,sh603706,东方环宇,1.0
20260303,ZT,bj920014,特瑞斯,1.0
20260303,ZT,sh605368,蓝天燃气,1.0
20260303,ZT,sh603689,皖天然气,1.0
20260303,ZT,sz300483,首华燃气,1.0
20260303,ZT,sh600333,长春燃气,1.0
20260303,ZT,sh600903,贵州燃气,1.0
20260303,ZT,sh601139,深圳燃气,1.0
20260303,ZT,sh600917,重庆燃气,1.0
20260303,ZT,sz002700,万憬能源,1.0
20260303,ZT,sh603053,成都燃气,1.0
20260303,ZT,sh603080,新疆火炬,1.0
20260303,ZT,sz002911,佛燃能源,1.0
20260303,ZT,bj920260,中寰股份,1.0
20260303,ZT,bj920158,长江能科,1.0
20260303,ZT,sh600798,宁波海运,1.0
20260303,ZT,sh601022,宁波远洋,1.0
20260303,ZT,sh601866,中远海发,1.0
20260303,ZT,bj920571,国航远洋,1.0
20260303,ZT,sh601083,锦江航运,1.0
20260303,ZT,sh600028,中国石化,1.0
20260303,ZT,sz000301,东方盛虹,1.0
20260303,ZT,sz300839,博汇股份,1.0
20260303,ZT,sz002491,通鼎互联,1.0
20260303,ZT,sz002957,科瑞技术,1.0
20260303,ZT,sz002350,北京科锐,1.0
20260303,ZT,sz002506,协鑫集成,1.0
20260303,ZT,sh600777,*ST新潮 ,1.0
20260303,ZT,sh600381,*ST春天 ,1.0
20260303,ZT,sz002808,*ST恒久,1.0
20260303,ZT,sz001269,欧晶科技,1.0
20260303,ZT,sh603616,韩建河山,1.0
20260303,ZT,sz002952,亚世光电,1.0
20260303,ZT,sh603139,康惠股份,1.0
20260303,ZT,sh603778,国晟科技,1.0
20260303,ZT,sh600403,大有能源,1.0
20260304,ZT,sh603318,水发燃气,4.0
20260304,ZT,sh600108,亚盛集团,4.0
20260304,ZT,sz002207,准油股份,3.0
20260304,ZT,sz002490,山东墨龙,3.0
20260304,ZT,sh600871,石化油服,3.0
20260304,ZT,sh600759,洲际油气,3.0
20260304,ZT,sh603530,神马电力,1.0
20260304,ZT,sh603618,杭电股份,1.0
20260304,ZT,sz000533,顺钠股份,1.0
20260304,ZT,sz002339,积成电子,1.0
20260304,ZT,sz300265,通光线缆,1.0
20260304,ZT,sz002498,汉缆股份,1.0
20260304,ZT,sz002885,京泉华,1.0
20260304,ZT,sz300617,安靠智电,1.0
20260304,ZT,sz300880,迦南智能,1.0
20260304,ZT,sh601096,宏盛华源,1.0
20260304,ZT,sh605196,华通线缆,1.0
20260304,ZT,sh603045,福达合金,1.0
20260304,ZT,sh688525,佰维存储,1.0
20260304,ZT,sh603175,超颖电子,1.0
20260304,ZT,sz001309,德明利,1.0
20260304,ZT,sh603316,诚邦股份,1.0
20260304,ZT,sh600236,桂冠电力,1.0
20260304,ZT,sh600821,金开新能,1.0
20260304,ZT,sz000862,银星能源,1.0
20260304,ZT,sh600149,廊坊发展,1.0
20260304,ZT,sh605268,王力安防,1.0
20260304,ZT,sz002877,智能自控,1.0
20260304,ZT,sz301129,瑞纳智能,1.0
20260304,ZT,sz002178,延华智能,1.0
20260304,ZT,sz001396,誉帆科技,1.0
20260304,ZT,sz002162,悦心健康,1.0
20260304,ZT,sz001282,三联锻造,1.0
20260304,ZT,sh600313,农发种业,1.0
20260304,ZT,sz002389,航天彩虹,1.0
20260304,ZT,sz002357,富临运业,1.0
20260304,ZT,sz301373,凌玮科技,1.0
20260304,ZT,sz000525,红太阳,1.0
20260304,ZT,sz000890,法尔胜,1.0
20260304,ZT,sz000697,ST炼石,1.0
20260304,ZT,sz000711,ST京蓝,1.0
20260304,ZT,sz002167,东方锆业,1.0
20260304,ZT,sz000010,美丽生态,1.0
20260304,ZT,sh600545,卓郎智能,1.0
20260304,ZT,sh688176,亚虹医药-U,1.0
20260304,ZT,sz002272,川润股份,1.0
20260305,ZT,sh600545,卓郎智能,2.0
20260305,ZT,sz300265,通光线缆,2.0
20260305,ZT,sz002877,智能自控,2.0
20260305,ZT,sz002339,积成电子,2.0
20260305,ZT,sh605268,王力安防,2.0
20260305,ZT,sz002498,汉缆股份,2.0
20260305,ZT,sz000533,顺钠股份,2.0
20260305,ZT,sz300323,华灿光电,1.0
20260305,ZT,sz002429,兆驰股份,1.0
20260305,ZT,sz002449,国星光电,1.0
20260305,ZT,sh600703,三安光电,1.0
20260305,ZT,sz000727,冠捷科技,1.0
20260305,ZT,sz002983,芯瑞达,1.0
20260305,ZT,sz300162,雷曼光电,1.0
20260305,ZT,sh603773,沃格光电,1.0
20260305,ZT,sz300269,联建光电,1.0
20260305,ZT,sz002845,同兴达,1.0
20260305,ZT,sz300241,瑞丰光电,1.0
20260305,ZT,sz000509,华塑控股,1.0
20260305,ZT,sz300303,聚飞光电,1.0
20260305,ZT,sz000536,华映科技,1.0
20260305,ZT,sz000045,深纺织Ａ,1.0
20260305,ZT,sz002587,奥拓电子,1.0
20260305,ZT,sz300389,艾比森,1.0
20260305,ZT,sh688079,美迪凯  ,1.0
20260305,ZT,sz300708,聚灿光电,1.0
20260305,ZT,sh688055,龙腾光电,1.0
20260305,ZT,sh601179,中国西电,1.0
20260305,ZT,sz002857,三晖电气,1.0
20260305,ZT,sz003036,泰坦股份,1.0
20260305,ZT,sz002456,欧菲光,1.0
20260305,ZT,sz002520,日发精机,1.0
20260305,ZT,sh603337,杰克科技,1.0
20260305,ZT,sz002195,岩山科技,1.0
20260305,ZT,sh688031,星环科技-U,1.0
20260305,ZT,sz002986,宇新股份,1.0
20260305,ZT,sh600800,渤海化学,1.0
20260305,ZT,sz300072,海新能科,1.0
20260305,ZT,sz000703,恒逸石化,1.0
20260305,ZT,sh600875,东方电气,1.0
20260305,ZT,sh601727,上海电气,1.0
20260305,ZT,sh600590,泰豪科技,1.0
20260305,ZT,sh603688,石英股份,1.0
20260305,ZT,sz002559,亚威股份,1.0
20260305,ZT,sh603058,永吉股份,1.0
20260305,ZT,sh600666,奥瑞德  ,1.0
20260305,ZT,sz300895,铜牛信息,1.0
20260305,ZT,sz000815,美利云,1.0
20260305,ZT,sz000555,神州信息,1.0
20260305,ZT,sh600468,百利电气,1.0
20260305,ZT,sz002471,中超控股,1.0
20260305,ZT,sh600516,方大炭素,1.0
20260305,ZT,sz001267,汇绿生态,1.0
20260305,ZT,sz002796,世嘉科技,1.0
20260305,ZT,sz002733,雄韬股份,1.0
20260305,ZT,sz000711,ST京蓝,1.0
20260305,ZT,sh603268,*ST松发 ,1.0
20260305,ZT,sh603838,*ST四通 ,1.0
20260305,ZT,sh603813,*ST原尚 ,1.0
20260305,ZT,sz002592,ST八菱,1.0
20260305,ZT,sz002713,*ST东易,1.0
20260305,ZT,sz002868,*ST绿康,1.0
20260305,ZT,sz002569,*ST步森,1.0
20260305,ZT,sz000908,*ST景峰,1.0
20260305,ZT,sz000793,*ST华闻,1.0
20260305,ZT,sz002952,亚世光电,1.0
20260305,ZT,sz002235,安妮股份,1.0
20260305,ZT,sz002355,兴民智通,1.0
20260305,ZT,bj920001,纬达光电,1.0
20260305,ZT,sh605098,行动教育,1.0
20260305,ZT,sz002800,天顺股份,1.0
20260305,ZT,sz000920,沃顿科技,1.0
20260305,ZT,sh600744,华银电力,1.0
20260305,ZT,sh600828,茂业商业,1.0
20260305,ZT,sh600844,金煤科技,1.0
20260305,ZT,sz002913,奥士康,1.0
20260305,ZT,sh605298,必得科技,1.0
20260305,ZT,sh603001,奥康国际,1.0
20260305,ZT,sh603067,振华股份,1.0
20260306,ZT,sh600545,卓郎智能,3.0
20260306,ZT,sh605268,王力安防,3.0
20260306,ZT,sz002498,汉缆股份,3.0
20260306,ZT,sz000533,顺钠股份,3.0
20260306,ZT,sz002913,奥士康,2.0
20260306,ZT,sh600590,泰豪科技,2.0
20260306,ZT,sz000509,华塑控股,2.0
20260306,ZT,sz000815,美利云,2.0
20260306,ZT,sh600722,金牛化工,1.0
20260306,ZT,sz002470,金正大,1.0
20260306,ZT,sz002165,红 宝 丽,1.0
20260306,ZT,sz000677,恒天海龙,1.0
20260306,ZT,sz002809,红墙股份,1.0
20260306,ZT,sh600470,六国化工,1.0
20260306,ZT,sh600227,赤天化  ,1.0
20260306,ZT,sh603285,键邦股份,1.0
20260306,ZT,sz000545,金浦钛业,1.0
20260306,ZT,sh600319,亚星化学,1.0
20260306,ZT,sz002648,卫星化学,1.0
20260306,ZT,sz002637,赞宇科技,1.0
20260306,ZT,sz000833,粤桂股份,1.0
20260306,ZT,sh605399,晨光新材,1.0
20260306,ZT,sh600075,新疆天业,1.0
20260306,ZT,sh601567,三星医疗,1.0
20260306,ZT,sz002227,奥 特 迅,1.0
20260306,ZT,sz000720,新能泰山,1.0
20260306,ZT,sh601616,广电电气,1.0
20260306,ZT,sz301638,南网数字,1.0
20260306,ZT,sh603097,江苏华辰,1.0
20260306,ZT,sz002063,远光软件,1.0
20260306,ZT,sh601868,中国能建,1.0
20260306,ZT,sh603063,禾望电气,1.0
20260306,ZT,sz001216,华瓷股份,1.0
20260306,ZT,sz002843,泰嘉股份,1.0
20260306,ZT,sz002448,中原内配,1.0
20260306,ZT,sz002478,常宝股份,1.0
20260306,ZT,sh600482,中国动力,1.0
20260306,ZT,sz000534,万泽股份,1.0
20260306,ZT,sz301032,新柴股份,1.0
20260306,ZT,sh600821,金开新能,1.0
20260306,ZT,sz000601,韶能股份,1.0
20260306,ZT,sz002015,协鑫能科,1.0
20260306,ZT,sh605286,同力天启,1.0
20260306,ZT,sh600396,华电辽能,1.0
20260306,ZT,sz001896,豫能控股,1.0
20260306,ZT,sz301218,华是科技,1.0
20260306,ZT,sz000818,航锦科技,1.0
20260306,ZT,sz002261,拓维信息,1.0
20260306,ZT,sh603158,腾龙股份,1.0
20260306,ZT,sz001400,江顺科技,1.0
20260306,ZT,sh603269,海鸥股份,1.0
20260306,ZT,sz301265,华新环保,1.0
20260306,ZT,sh600397,江钨装备,1.0
20260306,ZT,sz002667,威领股份,1.0
20260306,ZT,sh688176,亚虹医药-U,1.0
20260306,ZT,sh600645,中源协和,1.0
20260306,ZT,sh600108,亚盛集团,1.0
20260306,ZT,sh600354,敦煌种业,1.0
20260306,ZT,sz000516,国际医学,1.0
20260306,ZT,sh603716,塞力医疗,1.0
20260306,ZT,sz002506,协鑫集成,1.0
20260306,ZT,sh603778,国晟科技,1.0
20260306,ZT,sh603316,诚邦股份,1.0
20260306,ZT,sh603838,*ST四通 ,1.0
20260306,ZT,sz000908,*ST景峰,1.0
20260306,ZT,sz002713,*ST东易,1.0
20260306,ZT,sh603813,*ST原尚 ,1.0
20260306,ZT,sz002731,ST萃华,1.0
20260306,ZT,sz002528,ST英飞拓,1.0
20260306,ZT,sz000638,*ST万方,1.0
20260306,ZT,sz000752,ST西发,1.0
20260306,ZT,sz002496,*ST辉丰,1.0
20260306,ZT,sh600193,*ST创兴 ,1.0
20260306,ZT,sz000488,ST晨鸣,1.0
20260306,ZT,sz002717,ST岭南,1.0
20260306,ZT,sh603021,ST华鹏  ,1.0
20260306,ZT,sz000609,ST中迪,1.0
20260306,ZT,sz003023,彩虹集团,1.0
20260306,ZT,sh600676,交运股份,1.0
20260306,ZT,sh600825,新华传媒,1.0
20260306,ZT,sz002961,瑞达期货,1.0
20260306,ZT,sz001696,宗申动力,1.0
20260306,ZT,sz301205,联特科技,1.0
20260306,ZT,sz002849,威星智能,1.0
20260306,ZT,sh601789,宁波建工,1.0
20260306,ZT,sz001326,联域股份,1.0
20260306,ZT,sh603880,南卫股份,1.0
20260306,ZT,sh600761,安徽合力,1.0
20260309,ZT,sh605268,王力安防,4.0
20260309,ZT,sz000533,顺钠股份,4.0
20260309,ZT,sz000815,美利云,3.0
20260309,ZT,sz000534,万泽股份,2.0
20260309,ZT,sh600821,金开新能,2.0
20260309,ZT,sh601567,三星医疗,2.0
20260309,ZT,sz000601,韶能股份,2.0
20260309,ZT,sh601789,宁波建工,2.0
20260309,ZT,sh600227,赤天化  ,2.0
20260309,ZT,sz002261,拓维信息,2.0
20260309,ZT,sz002015,协鑫能科,2.0
20260309,ZT,sh688158,优刻得-W,1.0
20260309,ZT,sh688229,博睿数据,1.0
20260309,ZT,sh600602,云赛智联,1.0
20260309,ZT,sz002730,电光科技,1.0
20260309,ZT,sz002575,群兴玩具,1.0
20260309,ZT,sz002229,鸿博股份,1.0
20260309,ZT,sh688316,青云科技-U,1.0
20260309,ZT,sz001339,智微智能,1.0
20260309,ZT,sz300113,顺网科技,1.0
20260309,ZT,sz000066,中国长城,1.0
20260309,ZT,sz301396,宏景科技,1.0
20260309,ZT,sz002300,太阳电缆,1.0
20260309,ZT,sz301179,泽宇智能,1.0
20260309,ZT,sz002112,三变科技,1.0
20260309,ZT,sh600268,国电南自,1.0
20260309,ZT,sz003035,南网能源,1.0
20260309,ZT,sz000862,银星能源,1.0
20260309,ZT,sz002445,中南文化,1.0
20260309,ZT,sz001258,立新能源,1.0
20260309,ZT,sh603165,荣晟环保,1.0
20260309,ZT,sh603138,海量数据,1.0
20260309,ZT,sz301606,绿联科技,1.0
20260309,ZT,sh600851,海欣股份,1.0
20260309,ZT,sz002082,万邦德,1.0
20260309,ZT,sz002930,宏川智慧,1.0
20260309,ZT,sh601969,海南矿业,1.0
20260309,ZT,sz002068,黑猫股份,1.0
20260309,ZT,sh601877,正泰电器,1.0
20260309,ZT,sz002903,宇环数控,1.0
20260309,ZT,sz002528,ST英飞拓,1.0
20260309,ZT,sz000488,ST晨鸣,1.0
20260309,ZT,sz000504,*ST生物,1.0
20260309,ZT,sh600289,ST信通  ,1.0
20260309,ZT,sh600568,ST中珠  ,1.0
20260309,ZT,sh600753,*ST海钦 ,1.0
20260309,ZT,sz002047,*ST宝鹰,1.0
20260309,ZT,sh600525,ST长园  ,1.0
20260309,ZT,sh600135,乐凯胶片,1.0
20260309,ZT,sz000973,佛塑科技,1.0
20260310,ZT,sh605268,王力安防,5.0
20260310,ZT,sh601789,宁波建工,3.0
20260310,ZT,sh600135,乐凯胶片,2.0
20260310,ZT,sz002445,中南文化,2.0
20260310,ZT,sz002903,宇环数控,2.0
20260310,ZT,sz002575,群兴玩具,2.0
20260310,ZT,sz001267,汇绿生态,1.0
20260310,ZT,sh603803,瑞斯康达,1.0
20260310,ZT,sh600330,天通股份,1.0
20260310,ZT,sh601869,长飞光纤,1.0
20260310,ZT,sz002281,光迅科技,1.0
20260310,ZT,sh600345,长江通信,1.0
20260310,ZT,sh600498,烽火通信,1.0
20260310,ZT,sh688048,长光华芯,1.0
20260310,ZT,sz002636,金安国纪,1.0
20260310,ZT,sh688655,迅捷兴  ,1.0
20260310,ZT,sz001389,广合科技,1.0
20260310,ZT,sz002384,东山精密,1.0
20260310,ZT,sz300936,中英科技,1.0
20260310,ZT,sz001400,江顺科技,1.0
20260310,ZT,sh603269,海鸥股份,1.0
20260310,ZT,sz002632,道明光学,1.0
20260310,ZT,sz002536,飞龙股份,1.0
20260310,ZT,sh603017,中衡设计,1.0
20260310,ZT,sz002025,航天电器,1.0
20260310,ZT,sz300629,新劲刚,1.0
20260310,ZT,sz002298,中电鑫龙,1.0
20260310,ZT,sz002467,二六三,1.0
20260310,ZT,sz002335,科华数据,1.0
20260310,ZT,sz000839,国安股份,1.0
20260310,ZT,sh605287,德才股份,1.0
20260310,ZT,sh605318,法狮龙  ,1.0
20260310,ZT,sz000537,绿发电力,1.0
20260310,ZT,sh600726,华电能源,1.0
20260310,ZT,sh601778,晶科科技,1.0
20260310,ZT,sh603949,雪龙集团,1.0
20260310,ZT,sh600376,首开股份,1.0
20260310,ZT,sz003021,兆威机电,1.0
20260310,ZT,sz002290,禾盛新材,1.0
20260310,ZT,sh688300,联瑞新材,1.0
20260310,ZT,sz002760,凤形股份,1.0
20260310,ZT,sz300257,开山股份,1.0
20260310,ZT,sh603421,鼎信通讯,1.0
20260310,ZT,sz002350,北京科锐,1.0
20260310,ZT,sz002294,信立泰,1.0
20260310,ZT,sz000711,ST京蓝,1.0
20260310,ZT,sz000488,ST晨鸣,1.0
20260310,ZT,sh600568,ST中珠  ,1.0
20260310,ZT,sh600753,*ST海钦 ,1.0
20260310,ZT,sz000504,*ST生物,1.0
20260310,ZT,sz002592,ST八菱,1.0
20260310,ZT,sh600599,*ST熊猫 ,1.0
20260310,ZT,sz000004,*ST国华,1.0
20260310,ZT,sz002485,ST雪发,1.0
20260310,ZT,sh603557,ST起步  ,1.0
20260310,ZT,sz001270,*ST铖昌,1.0
20260310,ZT,sz000669,ST金鸿,1.0
20260310,ZT,sh600421,*ST华嵘 ,1.0
20260310,ZT,sz002898,*ST赛隆,1.0
20260310,ZT,sz002789,*ST建艺,1.0
20260310,ZT,sh600108,亚盛集团,1.0
20260310,ZT,sz002969,嘉美包装,1.0
20260310,ZT,sz000949,新乡化纤,1.0
20260310,ZT,sh603115,海星股份,1.0
20260310,ZT,sz001332,锡装股份,1.0
20260310,ZT,sz002729,好利科技,1.0
20260310,ZT,sz000014,沙河股份,1.0
20260310,ZT,sz002993,奥海科技,1.0
20260310,ZT,sh600172,黄河旋风,1.0
20260310,ZT,bj920036,觅睿科技,1.0
20260310,ZT,sh600769,祥龙电业,1.0
20260311,ZT,sh601789,宁波建工,4.0
20260311,ZT,sz002445,中南文化,3.0
20260311,ZT,sh600108,亚盛集团,2.0
20260311,ZT,sh600769,祥龙电业,2.0
20260311,ZT,sh600726,华电能源,2.0
20260311,ZT,sh600172,黄河旋风,2.0
20260311,ZT,sz000839,国安股份,2.0
20260311,ZT,sh603421,鼎信通讯,2.0
20260311,ZT,sz000537,绿发电力,2.0
20260311,ZT,sh603803,瑞斯康达,2.0
20260311,ZT,sh600722,金牛化工,1.0
20260311,ZT,sz000833,粤桂股份,1.0
20260311,ZT,sz000545,金浦钛业,1.0
20260311,ZT,sh600075,新疆天业,1.0
20260311,ZT,sz002455,百川股份,1.0
20260311,ZT,sh603938,三孚股份,1.0
20260311,ZT,sz001207,联科科技,1.0
20260311,ZT,sh600328,中盐化工,1.0
20260311,ZT,sz001369,双欣材料,1.0
20260311,ZT,sh600989,宝丰能源,1.0
20260311,ZT,sz002092,中泰化学,1.0
20260311,ZT,sh600299,安迪苏  ,1.0
20260311,ZT,sh600409,三友化工,1.0
20260311,ZT,sh600873,梅花生物,1.0
20260311,ZT,sh601330,绿色动力,1.0
20260311,ZT,sh601016,节能风电,1.0
20260311,ZT,sz000899,赣能股份,1.0
20260311,ZT,sh601868,中国能建,1.0
20260311,ZT,sh601700,风范股份,1.0
20260311,ZT,sz002782,可立克,1.0
20260311,ZT,sz002150,正泰电源,1.0
20260311,ZT,sz301658,首航新能,1.0
20260311,ZT,sh605117,德业股份,1.0
20260311,ZT,sh603778,国晟科技,1.0
20260311,ZT,sz002733,雄韬股份,1.0
20260311,ZT,sh603773,沃格光电,1.0
20260311,ZT,sh603936,博敏电子,1.0
20260311,ZT,sh601858,中国科传,1.0
20260311,ZT,sz300246,宝莱特,1.0
20260311,ZT,sz300504,天邑股份,1.0
20260311,ZT,sz002175,东方智造,1.0
20260311,ZT,sz002248,华东数控,1.0
20260311,ZT,sh603158,腾龙股份,1.0
20260311,ZT,sh603757,大元泵业,1.0
20260311,ZT,sz000711,ST京蓝,1.0
20260311,ZT,sh600753,*ST海钦 ,1.0
20260311,ZT,sz002528,ST英飞拓,1.0
20260311,ZT,sz000908,*ST景峰,1.0
20260311,ZT,sz000004,*ST国华,1.0
20260311,ZT,sh600599,*ST熊猫 ,1.0
20260311,ZT,sz000669,ST金鸿,1.0
20260311,ZT,sz000609,ST中迪,1.0
20260311,ZT,sh603843,*ST正平 ,1.0
20260311,ZT,sz002656,*ST摩登,1.0
20260311,ZT,sz000608,*ST阳光,1.0
20260311,ZT,sh600696,*ST岩石 ,1.0
20260311,ZT,sh600608,*ST沪科 ,1.0
20260311,ZT,sh600355,*ST精伦 ,1.0
20260311,ZT,sz002667,威领股份,1.0
20260311,ZT,sh603353,和顺石油,1.0
20260311,ZT,sh600433,冠豪高新,1.0
20260311,ZT,sz002177,御银股份,1.0
20260311,ZT,sz002432,九安医疗,1.0
20260311,ZT,sz002831,裕同科技,1.0
20260311,ZT,sz000626,远大控股,1.0
20260311,ZT,sz000062,深圳华强,1.0
20260311,ZT,sh603629,利通电子,1.0
20260312,ZT,sz002445,中南文化,4.0
20260312,ZT,sh600726,华电能源,3.0
20260312,ZT,sz000537,绿发电力,3.0
20260312,ZT,sh601330,绿色动力,2.0
20260312,ZT,sz002150,正泰电源,2.0
20260312,ZT,sh601868,中国能建,2.0
20260312,ZT,sh600722,金牛化工,2.0
20260312,ZT,sh601016,节能风电,2.0
20260312,ZT,sh600821,金开新能,1.0
20260312,ZT,sz002015,协鑫能科,1.0
20260312,ZT,sh601991,大唐发电,1.0
20260312,ZT,sh600868,梅雁吉祥,1.0
20260312,ZT,sh603693,江苏新能,1.0
20260312,ZT,sz000600,建投能源,1.0
20260312,ZT,sh600956,新天绿能,1.0
20260312,ZT,sh600691,潞化科技,1.0
20260312,ZT,sh600370,三房巷  ,1.0
20260312,ZT,sz002254,泰和新材,1.0
20260312,ZT,sz000553,安道麦A,1.0
20260312,ZT,sz000990,诚志股份,1.0
20260312,ZT,sh603281,江瀚新材,1.0
20260312,ZT,sh600935,华塑股份,1.0
20260312,ZT,sh603077,和邦生物,1.0
20260312,ZT,sh600844,金煤科技,1.0
20260312,ZT,sh600714,金瑞矿业,1.0
20260312,ZT,sh603507,振江股份,1.0
20260312,ZT,sz002487,大金重工,1.0
20260312,ZT,sh605305,中际联合,1.0
20260312,ZT,sz300690,双一科技,1.0
20260312,ZT,sh603092,德力佳  ,1.0
20260312,ZT,sz301667,纳百川,1.0
20260312,ZT,sz000593,德龙汇能,1.0
20260312,ZT,sh603527,众源新材,1.0
20260312,ZT,sh600121,郑州煤电,1.0
20260312,ZT,sh601015,陕西黑猫,1.0
20260312,ZT,sh600188,兖矿能源,1.0
20260312,ZT,sz000420,吉林化纤,1.0
20260312,ZT,sh688295,中复神鹰,1.0
20260312,ZT,sz002951,金时科技,1.0
20260312,ZT,sz000890,法尔胜,1.0
20260312,ZT,sz002498,汉缆股份,1.0
20260312,ZT,sh600703,三安光电,1.0
20260312,ZT,sh603992,松霖科技,1.0
20260312,ZT,sz000711,ST京蓝,1.0
20260312,ZT,sz002528,ST英飞拓,1.0
20260312,ZT,sz000908,*ST景峰,1.0
20260312,ZT,sz000004,*ST国华,1.0
20260312,ZT,sz000669,ST金鸿,1.0
20260312,ZT,sh600599,*ST熊猫 ,1.0
20260312,ZT,sz000609,ST中迪,1.0
20260312,ZT,sz002656,*ST摩登,1.0
20260312,ZT,sh603843,*ST正平 ,1.0
20260312,ZT,sz002047,*ST宝鹰,1.0
20260312,ZT,sz000697,ST炼石,1.0
20260312,ZT,sz002512,ST达华,1.0
20260312,ZT,sz301396,宏景科技,1.0
20260312,ZT,sh601969,海南矿业,1.0
20260312,ZT,sh603978,深圳新星,1.0
20260312,ZT,sh603626,科森科技,1.0
20260312,ZT,sz001260,坤泰股份,1.0
20260312,ZT,sh601038,一拖股份,1.0
20260312,ZT,sz002869,金溢科技,1.0
20260312,ZT,sz002652,扬子新材,1.0
20260312,ZT,sz301068,大地海洋,1.0
20260313,ZT,sz002445,中南文化,5.0
20260313,ZT,sh600726,华电能源,4.0
20260313,ZT,sh600722,金牛化工,3.0
20260313,ZT,sz002487,大金重工,2.0
20260313,ZT,sh600121,郑州煤电,2.0
20260313,ZT,sh600370,三房巷  ,2.0
20260313,ZT,sh600691,潞化科技,2.0
20260313,ZT,sz000890,法尔胜,2.0
20260313,ZT,sz002470,金正大,1.0
20260313,ZT,sz002165,红 宝 丽,1.0
20260313,ZT,sz002109,兴化股份,1.0
20260313,ZT,sz002637,赞宇科技,1.0
20260313,ZT,sh600746,江苏索普,1.0
20260313,ZT,sz002669,康达新材,1.0
20260313,ZT,sh600227,赤天化  ,1.0
20260313,ZT,sz002531,天顺风能,1.0
20260313,ZT,sz300185,通裕重工,1.0
20260313,ZT,sh603062,麦加芯彩,1.0
20260313,ZT,sh605222,起帆电缆,1.0
20260313,ZT,sh601218,吉鑫科技,1.0
20260313,ZT,sh603248,锡华科技,1.0
20260313,ZT,sh603169,兰石重装,1.0
20260313,ZT,sh603280,南方路机,1.0
20260313,ZT,sz002438,江苏神通,1.0
20260313,ZT,sh601611,中国核建,1.0
20260313,ZT,sh603366,日出东方,1.0
20260313,ZT,sz002543,万和电气,1.0
20260313,ZT,sz002084,海鸥住工,1.0
20260313,ZT,sz002382,蓝帆医疗,1.0
20260313,ZT,sz002950,奥美医疗,1.0
20260313,ZT,sz300981,中红医疗,1.0
20260313,ZT,sh601669,中国电建,1.0
20260313,ZT,sz003027,同兴科技,1.0
20260313,ZT,sz002323,雅博股份,1.0
20260313,ZT,sz002056,横店东磁,1.0
20260313,ZT,sh600408,安泰集团,1.0
20260313,ZT,sh603659,璞泰来  ,1.0
20260313,ZT,sh600232,金鹰股份,1.0
20260313,ZT,sh603929,亚翔集成,1.0
20260313,ZT,sh603558,健盛集团,1.0
20260313,ZT,sh603803,瑞斯康达,1.0
20260313,ZT,sz002429,兆驰股份,1.0
20260313,ZT,sh600226,亨通股份,1.0
20260313,ZT,sh603607,京华激光,1.0
20260313,ZT,sz000908,*ST景峰,1.0
20260313,ZT,sh600599,*ST熊猫 ,1.0
20260313,ZT,sz000004,*ST国华,1.0
20260313,ZT,sz000669,ST金鸿,1.0
20260313,ZT,sh603843,*ST正平 ,1.0
20260313,ZT,sz002789,*ST建艺,1.0
20260313,ZT,sz002693,*ST双成,1.0
20260313,ZT,sh603261,*ST立航 ,1.0
20260313,ZT,sz002620,ST瑞和,1.0
20260313,ZT,sz002903,宇环数控,1.0
20260313,ZT,sz002969,嘉美包装,1.0
20260313,ZT,sz000677,恒天海龙,1.0
20260313,ZT,sz002931,锋龙股份,1.0
20260313,ZT,sz000010,美丽生态,1.0
20260313,ZT,sz001366,播恩集团,1.0
20260313,ZT,sh600683,京投发展,1.0
20260313,ZT,sh603029,天鹅股份,1.0
20260313,ZT,sh600847,万里股份,1.0
20260313,ZT,sh603538,美诺华  ,1.0
20260313,ZT,sh600756,浪潮软件,1.0
20260313,ZT,sh600307,酒钢宏兴,1.0
20260313,ZT,sh600336,澳柯玛  ,1.0
20260313,ZT,sh600234,科新发展,1.0
20260313,ZT,sz003041,真爱美家,1.0
20260316,ZT,sh600370,三房巷  ,3.0
20260316,ZT,sz000890,法尔胜,3.0
20260316,ZT,sh603929,亚翔集成,2.0
20260316,ZT,sh603248,锡华科技,2.0
20260316,ZT,sh600227,赤天化  ,2.0
20260316,ZT,sh600683,京投发展,2.0
20260316,ZT,sz300042,朗科科技,1.0
20260316,ZT,sz000620,盈新发展,1.0
20260316,ZT,sh600667,太极实业,1.0
20260316,ZT,sz300606,金太阳,1.0
20260316,ZT,sh603986,兆易创新,1.0
20260316,ZT,sh603175,超颖电子,1.0
20260316,ZT,sz002086,东方海洋,1.0
20260316,ZT,sz002427,尤夫股份,1.0
20260316,ZT,sz002278,神开股份,1.0
20260316,ZT,sz002724,海洋王,1.0
20260316,ZT,sz002980,华盛昌,1.0
20260316,ZT,sh603738,泰晶科技,1.0
20260316,ZT,sh603052,可川科技,1.0
20260316,ZT,sh605366,宏柏新材,1.0
20260316,ZT,sh600751,海航科技,1.0
20260316,ZT,sh601975,招商南油,1.0
20260316,ZT,sh600545,卓郎智能,1.0
20260316,ZT,sz002636,金安国纪,1.0
20260316,ZT,sz002467,二六三,1.0
20260316,ZT,sz002990,盛视科技,1.0
20260316,ZT,sh603421,鼎信通讯,1.0
20260316,ZT,sz000533,顺钠股份,1.0
20260316,ZT,sh600396,华电辽能,1.0
20260316,ZT,sz002310,东方新能,1.0
20260316,ZT,sz002426,胜利精密,1.0
20260316,ZT,sz000639,西王食品,1.0
20260316,ZT,sz000908,*ST景峰,1.0
20260316,ZT,sz000669,ST金鸿,1.0
20260316,ZT,sh600599,*ST熊猫 ,1.0
20260316,ZT,sh603843,*ST正平 ,1.0
20260316,ZT,sz002789,*ST建艺,1.0
20260316,ZT,sz002693,*ST双成,1.0
20260316,ZT,sz002512,ST达华,1.0
20260316,ZT,sz000488,ST晨鸣,1.0
20260316,ZT,sh603557,ST起步  ,1.0
20260316,ZT,sh600892,*ST大晟 ,1.0
20260316,ZT,sh600381,*ST春天 ,1.0
20260316,ZT,sz002529,*ST海源,1.0
20260316,ZT,sh603789,*ST星农 ,1.0
20260316,ZT,sz000668,*ST荣控,1.0
20260316,ZT,sz002253,*ST智胜,1.0
20260316,ZT,sh600289,ST信通  ,1.0
20260316,ZT,sh603778,国晟科技,1.0
20260316,ZT,sz002831,裕同科技,1.0
20260316,ZT,sh600302,标准股份,1.0
20260316,ZT,sz001278,一彬科技,1.0
20260316,ZT,sz000020,深华发Ａ,1.0
20260316,ZT,sh605299,舒华体育,1.0
20260316,ZT,sh600152,维科技术,1.0
20260316,ZT,sh600313,农发种业,1.0
20260316,ZT,sz000617,中油资本,1.0
20260316,ZT,sz002995,天地在线,1.0
20260316,ZT,sz002235,安妮股份,1.0
20260316,ZT,sz300051,琏升科技,1.0
20260317,ZT,sh600370,三房巷  ,3.0
20260317,ZT,sz000890,法尔胜,3.0
20260317,ZT,sh603929,亚翔集成,2.0
20260317,ZT,sh603248,锡华科技,2.0
20260317,ZT,sh600227,赤天化  ,2.0
20260317,ZT,sh600683,京投发展,2.0
20260317,ZT,sz300042,朗科科技,1.0
20260317,ZT,sz000620,盈新发展,1.0
20260317,ZT,sh600667,太极实业,1.0
20260317,ZT,sz300606,金太阳,1.0
20260317,ZT,sh603986,兆易创新,1.0
20260317,ZT,sh603175,超颖电子,1.0
20260317,ZT,sz002086,东方海洋,1.0
20260317,ZT,sz002427,尤夫股份,1.0
20260317,ZT,sz002278,神开股份,1.0
20260317,ZT,sz002724,海洋王,1.0
20260317,ZT,sz002980,华盛昌,1.0
20260317,ZT,sh603738,泰晶科技,1.0
20260317,ZT,sh603052,可川科技,1.0
20260317,ZT,sh605366,宏柏新材,1.0
20260317,ZT,sh600751,海航科技,1.0
20260317,ZT,sh601975,招商南油,1.0
20260317,ZT,sh600545,卓郎智能,1.0
20260317,ZT,sz002636,金安国纪,1.0
20260317,ZT,sz002467,二六三,1.0
20260317,ZT,sz002990,盛视科技,1.0
20260317,ZT,sh603421,鼎信通讯,1.0
20260317,ZT,sz000533,顺钠股份,1.0
20260317,ZT,sh600396,华电辽能,1.0
20260317,ZT,sz002310,东方新能,1.0
20260317,ZT,sz002426,胜利精密,1.0
20260317,ZT,sz000639,西王食品,1.0
20260317,ZT,sz000908,*ST景峰,1.0
20260317,ZT,sz000669,ST金鸿,1.0
20260317,ZT,sh600599,*ST熊猫 ,1.0
20260317,ZT,sh603843,*ST正平 ,1.0
20260317,ZT,sz002789,*ST建艺,1.0
20260317,ZT,sz002693,*ST双成,1.0
20260317,ZT,sz002512,ST达华,1.0
20260317,ZT,sz000488,ST晨鸣,1.0
20260317,ZT,sh603557,ST起步  ,1.0
20260317,ZT,sh600892,*ST大晟 ,1.0
20260317,ZT,sh600381,*ST春天 ,1.0
20260317,ZT,sz002529,*ST海源,1.0
20260317,ZT,sh603789,*ST星农 ,1.0
20260317,ZT,sz000668,*ST荣控,1.0
20260317,ZT,sz002253,*ST智胜,1.0
20260317,ZT,sh600289,ST信通  ,1.0
20260317,ZT,sh603778,国晟科技,1.0
20260317,ZT,sz002831,裕同科技,1.0
20260317,ZT,sh600302,标准股份,1.0
20260317,ZT,sz001278,一彬科技,1.0
20260317,ZT,sz000020,深华发Ａ,1.0
20260317,ZT,sh605299,舒华体育,1.0
20260317,ZT,sh600152,维科技术,1.0
20260317,ZT,sh600313,农发种业,1.0
20260317,ZT,sz000617,中油资本,1.0
20260317,ZT,sz002995,天地在线,1.0
20260317,ZT,sz002235,安妮股份,1.0
20260317,ZT,sz300051,琏升科技,1.0
20260318,ZT,sh600370,三房巷  ,5.0
20260318,ZT,sz000020,深华发Ａ,3.0
20260318,ZT,sh600396,华电辽能,3.0
20260318,ZT,sz002565,顺灏股份,2.0
20260318,ZT,sz002323,雅博股份,2.0
20260318,ZT,sh603387,基蛋生物,2.0
20260318,ZT,sh600307,酒钢宏兴,2.0
20260318,ZT,sz002445,中南文化,1.0
20260318,ZT,sz000539,粤电力Ａ,1.0
20260318,ZT,sz000601,韶能股份,1.0
20260318,ZT,sz000037,深南电A,1.0
20260318,ZT,sh605286,同力天启,1.0
20260318,ZT,sh603316,诚邦股份,1.0
20260318,ZT,sz001287,中电港,1.0
20260318,ZT,sz300302,同有科技,1.0
20260318,ZT,sz003018,金富科技,1.0
20260318,ZT,sh603912,佳力图  ,1.0
20260318,ZT,sh603757,大元泵业,1.0
20260318,ZT,sh603088,宁波精达,1.0
20260318,ZT,sz002913,奥士康,1.0
20260318,ZT,sh605058,澳弘电子,1.0
20260318,ZT,sz001389,广合科技,1.0
20260318,ZT,sh603897,长城科技,1.0
20260318,ZT,sz002339,积成电子,1.0
20260318,ZT,sh600468,百利电气,1.0
20260318,ZT,sh600666,奥瑞德  ,1.0
20260318,ZT,sz000815,美利云,1.0
20260318,ZT,sh603601,再升科技,1.0
20260318,ZT,sh603098,森特股份,1.0
20260318,ZT,sz000990,诚志股份,1.0
20260318,ZT,sh603687,大胜达  ,1.0
20260318,ZT,sz000908,*ST景峰,1.0
20260318,ZT,sh600599,*ST熊猫 ,1.0
20260318,ZT,sh600381,*ST春天 ,1.0
20260318,ZT,sz002693,*ST双成,1.0
20260318,ZT,sz002808,*ST恒久,1.0
20260318,ZT,sh603789,*ST星农 ,1.0
20260318,ZT,sz002731,ST萃华,1.0
20260318,ZT,sz001270,*ST铖昌,1.0
20260318,ZT,sh603803,瑞斯康达,1.0
20260318,ZT,sh603168,莎普爱思,1.0
20260318,ZT,sh603489,八方股份,1.0
20260318,ZT,sz000048,京基智农,1.0
20260318,ZT,sz002667,威领股份,1.0
20260318,ZT,sz301428,世纪恒通,1.0
20260318,ZT,sh600513,联环药业,1.0
20260319,ZT,sz000020,深华发Ａ,4.0
20260319,ZT,sh600396,华电辽能,4.0
20260319,ZT,sz000539,粤电力Ａ,2.0
20260319,ZT,sz000815,美利云,2.0
20260319,ZT,sh600666,奥瑞德  ,2.0
20260319,ZT,sh603687,大胜达  ,2.0
20260319,ZT,sz000601,韶能股份,2.0
20260319,ZT,sh600186,莲花控股,1.0
20260319,ZT,sh603629,利通电子,1.0
20260319,ZT,sh600996,贵广网络,1.0
20260319,ZT,sz300895,铜牛信息,1.0
20260319,ZT,sh600979,广安爱众,1.0
20260319,ZT,sz001258,立新能源,1.0
20260319,ZT,sz002109,兴化股份,1.0
20260319,ZT,sh601015,陕西黑猫,1.0
20260319,ZT,sz000908,*ST景峰,1.0
20260319,ZT,sh600599,*ST熊猫 ,1.0
20260319,ZT,sh603843,*ST正平 ,1.0
20260319,ZT,sh600381,*ST春天 ,1.0
20260319,ZT,sh603580,*ST艾艾 ,1.0
20260319,ZT,sh603813,*ST原尚 ,1.0
20260319,ZT,sh601218,吉鑫科技,1.0
20260319,ZT,sh603366,日出东方,1.0
20260319,ZT,sh605389,长龄液压,1.0
20260320,ZT,sz000020,深华发Ａ,5.0
20260320,ZT,sh600396,华电辽能,5.0
20260320,ZT,sz000601,韶能股份,3.0
20260320,ZT,sh603687,大胜达  ,3.0
20260320,ZT,sz002310,东方新能,2.0
20260320,ZT,sh600726,华电能源,2.0
20260320,ZT,sh600617,国新能源,2.0
20260320,ZT,sz002256,兆新股份,1.0
20260320,ZT,sz000862,银星能源,1.0
20260320,ZT,sh603165,荣晟环保,1.0
20260320,ZT,sh600310,广西能源,1.0
20260320,ZT,sz002150,正泰电源,1.0
20260320,ZT,sz301658,首航新能,1.0
20260320,ZT,sh603381,永臻股份,1.0
20260320,ZT,sz001283,豪鹏科技,1.0
20260320,ZT,sz300827,上能电气,1.0
20260320,ZT,sh603778,国晟科技,1.0
20260320,ZT,sz002309,中利集团,1.0
20260320,ZT,sh605299,舒华体育,1.0
20260320,ZT,sh605099,共创草坪,1.0
20260320,ZT,sz002428,云南锗业,1.0
20260320,ZT,sz000908,*ST景峰,1.0
20260320,ZT,sh603843,*ST正平 ,1.0
20260320,ZT,sz000669,ST金鸿,1.0
20260320,ZT,sh600381,*ST春天 ,1.0
20260320,ZT,sh603580,*ST艾艾 ,1.0
20260320,ZT,sh603813,*ST原尚 ,1.0
20260320,ZT,sh603398,*ST沐邦 ,1.0
20260320,ZT,sh600608,*ST沪科 ,1.0
20260320,ZT,sh600696,*ST岩石 ,1.0
20260320,ZT,sz000638,*ST万方,1.0
20260320,ZT,sh600355,*ST精伦 ,1.0
20260320,ZT,sh600683,京投发展,1.0
20260320,ZT,sz000677,恒天海龙,1.0
20260320,ZT,sz000509,华塑控股,1.0
20260320,ZT,sh603026,石大胜华,1.0
20260320,ZT,sh600604,市北高新,1.0
20260320,ZT,sh603538,美诺华  ,1.0
20260320,ZT,sh605050,福然德  ,1.0
20260323,ZT,sh600396,华电辽能,6.0
20260323,ZT,sh603687,大胜达  ,4.0
20260323,ZT,sz002310,东方新能,3.0
20260323,ZT,sz002150,正泰电源,2.0
20260323,ZT,sz002309,中利集团,2.0
20260323,ZT,sz001258,立新能源,1.0
20260323,ZT,sh600758,辽宁能源,1.0
20260323,ZT,sh600149,廊坊发展,1.0
20260323,ZT,sh600032,浙江新能,1.0
20260323,ZT,sh603105,芯能科技,1.0
20260323,ZT,sh600844,金煤科技,1.0
20260323,ZT,sh600792,云煤能源,1.0
20260323,ZT,sh603616,韩建河山,1.0
20260323,ZT,sz000703,恒逸石化,1.0
20260323,ZT,sh600376,首开股份,1.0
20260323,ZT,sh600143,金发科技,1.0
20260323,ZT,sz002896,中大力德,1.0
20260323,ZT,sh603272,联翔股份,1.0
20260323,ZT,sz002218,拓日新能,1.0
20260323,ZT,sz300345,华民股份,1.0
20260323,ZT,sh603529,爱玛科技,1.0
20260323,ZT,sh603787,新日股份,1.0
20260323,ZT,sh603016,新宏泰  ,1.0
20260323,ZT,sz000908,*ST景峰,1.0
20260323,ZT,sh603843,*ST正平 ,1.0
20260323,ZT,sz000638,*ST万方,1.0
20260323,ZT,sh600355,*ST精伦 ,1.0
20260323,ZT,sh600696,*ST岩石 ,1.0
20260323,ZT,sh600608,*ST沪科 ,1.0
20260323,ZT,sh600107,ST尔雅  ,1.0
20260323,ZT,sz002620,ST瑞和,1.0
20260323,ZT,sh600136,ST明诚  ,1.0
20260323,ZT,sh603377,ST东时  ,1.0
20260323,ZT,sh603803,瑞斯康达,1.0
20260323,ZT,sz002565,顺灏股份,1.0
20260323,ZT,sz300385,雪浪环境,1.0
20260323,ZT,sh603727,博迈科  ,1.0
20260323,ZT,sz300868,杰美特,1.0
20260324,ZT,sh600396,华电辽能,7.0
20260324,ZT,sz002309,中利集团,3.0
20260324,ZT,sh600758,辽宁能源,2.0
20260324,ZT,sz002218,拓日新能,2.0
20260324,ZT,sz300385,雪浪环境,2.0
20260324,ZT,sh600032,浙江新能,2.0
20260324,ZT,sz000601,韶能股份,1.0
20260324,ZT,sz000539,粤电力Ａ,1.0
20260324,ZT,sh603165,荣晟环保,1.0
20260324,ZT,sz000722,湖南发展,1.0
20260324,ZT,sz002445,中南文化,1.0
20260324,ZT,sz300335,迪森股份,1.0
20260324,ZT,sz000065,北方国际,1.0
20260324,ZT,sh600744,华银电力,1.0
20260324,ZT,sh600821,金开新能,1.0
20260324,ZT,sh600982,宁波能源,1.0
20260324,ZT,sh601016,节能风电,1.0
20260324,ZT,sh600868,梅雁吉祥,1.0
20260324,ZT,sz300497,富祥药业,1.0
20260324,ZT,sz002192,融捷股份,1.0
20260324,ZT,sh603937,丽岛新材,1.0
20260324,ZT,sh603527,众源新材,1.0
20260324,ZT,sz002631,德尔未来,1.0
20260324,ZT,sz002083,孚日股份,1.0
20260324,ZT,sh600773,西藏城投,1.0
20260324,ZT,sz000688,国城矿业,1.0
20260324,ZT,sz001203,大中矿业,1.0
20260324,ZT,sz000720,新能泰山,1.0
20260324,ZT,sz002350,北京科锐,1.0
20260324,ZT,sh688551,科威尔  ,1.0
20260324,ZT,sh603421,鼎信通讯,1.0
20260324,ZT,sz002498,汉缆股份,1.0
20260324,ZT,sh605196,华通线缆,1.0
20260324,ZT,sz002316,亚联发展,1.0
20260324,ZT,sh600192,长城电工,1.0
20260324,ZT,sh603759,海天股份,1.0
20260324,ZT,sz002323,雅博股份,1.0
20260324,ZT,sh600537,亿晶光电,1.0
20260324,ZT,sh605366,宏柏新材,1.0
20260324,ZT,sz002428,云南锗业,1.0
20260324,ZT,sz002491,通鼎互联,1.0
20260324,ZT,sz002222,福晶科技,1.0
20260324,ZT,sh601869,长飞光纤,1.0
20260324,ZT,sh600184,光电股份,1.0
20260324,ZT,sz000677,恒天海龙,1.0
20260324,ZT,sh601606,长城军工,1.0
20260324,ZT,sh600698,湖南天雁,1.0
20260324,ZT,sz002265,建设工业,1.0
20260324,ZT,sz002519,银河电子,1.0
20260324,ZT,sh600137,浪莎股份,1.0
20260324,ZT,sh600527,江南高纤,1.0
20260324,ZT,sh603808,歌力思  ,1.0
20260324,ZT,sh600510,黑牡丹  ,1.0
20260324,ZT,sh603929,亚翔集成,1.0
20260324,ZT,sz301226,祥明智能,1.0
20260324,ZT,sz002685,华东重机,1.0
20260324,ZT,sh600076,康欣新材,1.0
20260324,ZT,sh601226,华电科工,1.0
20260324,ZT,sh600475,华光环能,1.0
20260324,ZT,sz000811,冰轮环境,1.0
20260324,ZT,sh600666,奥瑞德  ,1.0
20260324,ZT,sh600186,莲花控股,1.0
20260324,ZT,sz002771,真视通,1.0
20260324,ZT,sh601975,招商南油,1.0
20260324,ZT,sh600026,中远海能,1.0
20260324,ZT,sh605299,舒华体育,1.0
20260324,ZT,sz002887,绿茵生态,1.0
20260324,ZT,sz000035,中国天楹,1.0
20260324,ZT,sz002663,普邦股份,1.0
20260324,ZT,sh603017,中衡设计,1.0
20260324,ZT,sh600234,科新发展,1.0
20260324,ZT,sh601858,中国科传,1.0
20260324,ZT,sz002082,万邦德,1.0
20260324,ZT,sh603538,美诺华  ,1.0
20260324,ZT,sz002636,金安国纪,1.0
20260324,ZT,sh605056,咸亨国际,1.0
20260324,ZT,sz002645,华宏科技,1.0
20260324,ZT,sh603843,*ST正平 ,1.0
20260324,ZT,sz000638,*ST万方,1.0
20260324,ZT,sh600355,*ST精伦 ,1.0
20260324,ZT,sh600608,*ST沪科 ,1.0
20260324,ZT,sh603398,*ST沐邦 ,1.0
20260324,ZT,sz002620,ST瑞和,1.0
20260324,ZT,sh600107,ST尔雅  ,1.0
20260324,ZT,sz002528,ST英飞拓,1.0
20260324,ZT,sz002789,*ST建艺,1.0
20260324,ZT,sz002211,ST宏达,1.0
20260324,ZT,sz002005,ST德豪,1.0
20260324,ZT,sz002512,ST达华,1.0
20260324,ZT,sz000608,*ST阳光,1.0
20260324,ZT,sz002199,*ST东晶,1.0
20260324,ZT,sz002289,*ST宇顺,1.0
20260324,ZT,sz003004,*ST声迅,1.0
20260324,ZT,sz000668,*ST荣控,1.0
20260324,ZT,sz000509,华塑控股,1.0
20260324,ZT,sh600539,狮头股份,1.0
20260324,ZT,sz002795,永和智控,1.0
20260324,ZT,sh603115,海星股份,1.0
20260324,ZT,sz000415,渤海租赁,1.0
20260324,ZT,sh603922,金鸿顺  ,1.0
20260325,ZT,sh600396,华电辽能,8.0
20260325,ZT,sh600758,辽宁能源,3.0
20260325,ZT,sz000539,粤电力Ａ,2.0
20260325,ZT,sh603929,亚翔集成,2.0
20260325,ZT,sz000720,新能泰山,2.0
20260325,ZT,sh603538,美诺华  ,2.0
20260325,ZT,sz002491,通鼎互联,2.0
20260325,ZT,sz002192,融捷股份,2.0
20260325,ZT,sh605299,舒华体育,2.0
20260325,ZT,sh600539,狮头股份,2.0
20260325,ZT,sz000722,湖南发展,2.0
20260325,ZT,sz000601,韶能股份,2.0
20260325,ZT,sh605366,宏柏新材,2.0
20260325,ZT,sh601016,节能风电,2.0
20260325,ZT,sh600666,奥瑞德  ,2.0
20260325,ZT,sz000859,国风新材,1.0
20260325,ZT,sh603938,三孚股份,1.0
20260325,ZT,sh603163,圣晖集成,1.0
20260325,ZT,sh601133,柏诚股份,1.0
20260325,ZT,sz002479,富春环保,1.0
20260325,ZT,sh600163,中闽能源,1.0
20260325,ZT,sz000889,中嘉博创,1.0
20260325,ZT,sz002467,二六三,1.0
20260325,ZT,sh600589,大位科技,1.0
20260325,ZT,sz000070,特发信息,1.0
20260325,ZT,sh603618,杭电股份,1.0
20260325,ZT,sh603843,*ST正平 ,1.0
20260325,ZT,sz002789,*ST建艺,1.0
20260325,ZT,sh600355,*ST精伦 ,1.0
20260325,ZT,sz000638,*ST万方,1.0
20260325,ZT,sz002620,ST瑞和,1.0
20260325,ZT,sz002528,ST英飞拓,1.0
20260325,ZT,sz002199,*ST东晶,1.0
20260325,ZT,sh603429,*ST集友 ,1.0
20260325,ZT,sz000909,ST数源,1.0
20260325,ZT,sz000609,ST中迪,1.0
20260325,ZT,sh603828,ST柯利达,1.0
20260325,ZT,sz002902,铭普光磁,1.0
20260325,ZT,sz001400,江顺科技,1.0
20260325,ZT,sz301419,阿莱德,1.0
20260325,ZT,sh603052,可川科技,1.0
20260325,ZT,sh603175,超颖电子,1.0
20260325,ZT,sh603601,再升科技,1.0
20260325,ZT,sz000639,西王食品,1.0
20260326,ZT,sz000720,新能泰山,3.0
20260326,ZT,sh603538,美诺华  ,3.0
20260326,ZT,sz002192,融捷股份,3.0
20260326,ZT,sz000722,湖南发展,3.0
20260326,ZT,sh600726,华电能源,2.0
20260326,ZT,sh600163,中闽能源,2.0
20260326,ZT,sh603601,再升科技,2.0
20260326,ZT,sz000927,中国铁物,2.0
20260326,ZT,sh600800,渤海化学,2.0
20260326,ZT,sz002902,铭普光磁,2.0
20260326,ZT,sz000767,晋控电力,1.0
20260326,ZT,sz000692,惠天热电,1.0
20260326,ZT,sh600310,广西能源,1.0
20260326,ZT,sz000037,深南电A,1.0
20260326,ZT,sh603937,丽岛新材,1.0
20260326,ZT,sh601515,衢州东峰,1.0
20260326,ZT,sz002263,大东南,1.0
20260326,ZT,sh603026,石大胜华,1.0
20260326,ZT,sz002082,万邦德,1.0
20260326,ZT,sz001367,海森药业,1.0
20260326,ZT,sh600682,南京新百,1.0
20260326,ZT,sh603520,司太立  ,1.0
20260326,ZT,sz002471,中超控股,1.0
20260326,ZT,sz002361,神剑股份,1.0
20260326,ZT,sz002149,西部材料,1.0
20260326,ZT,sh600844,金煤科技,1.0
20260326,ZT,sh603217,元利科技,1.0
20260326,ZT,sz002109,兴化股份,1.0
20260326,ZT,sz002692,远程股份,1.0
20260326,ZT,sz002782,可立克,1.0
20260326,ZT,sh603272,联翔股份,1.0
20260326,ZT,sh605555,德昌股份,1.0
20260326,ZT,sh600207,安彩高科,1.0
20260326,ZT,sh601908,京运通  ,1.0
20260326,ZT,sz000908,ST景峰,1.0
20260326,ZT,sh603843,*ST正平 ,1.0
20260326,ZT,sz002620,ST瑞和,1.0
20260326,ZT,sz002199,*ST东晶,1.0
20260326,ZT,sh600136,ST明诚  ,1.0
20260326,ZT,sh600107,ST尔雅  ,1.0
20260326,ZT,sh603429,*ST集友 ,1.0
20260326,ZT,sz002630,ST华西,1.0
20260326,ZT,sz002808,*ST恒久,1.0
20260326,ZT,sz000669,ST金鸿,1.0
20260326,ZT,sz002569,*ST步森,1.0
20260326,ZT,sz001270,*ST铖昌,1.0
20260326,ZT,sh603687,大胜达  ,1.0
20260326,ZT,sz003018,金富科技,1.0
20260326,ZT,sz000965,天保基建,1.0
20260326,ZT,sz000968,蓝焰控股,1.0
20260326,ZT,sz002705,新宝股份,1.0
20260327,ZT,sz000720,新能泰山,4.0
20260327,ZT,sh603538,美诺华  ,4.0
20260327,ZT,sz002192,融捷股份,4.0
20260327,ZT,sh603026,石大胜华,2.0
20260327,ZT,sz000767,晋控电力,2.0
20260327,ZT,sz002082,万邦德,2.0
20260327,ZT,sh600844,金煤科技,2.0
20260327,ZT,sh600310,广西能源,2.0
20260327,ZT,sz002361,神剑股份,2.0
20260327,ZT,sz002263,大东南,2.0
20260327,ZT,sz000695,滨海能源,1.0
20260327,ZT,sz002176,江特电机,1.0
20260327,ZT,sh603978,深圳新星,1.0
20260327,ZT,sz000546,金圆股份,1.0
20260327,ZT,sz002240,盛新锂能,1.0
20260327,ZT,sh600110,诺德股份,1.0
20260327,ZT,sz002756,永兴材料,1.0
20260327,ZT,sh600955,维远股份,1.0
20260327,ZT,sz002386,天原股份,1.0
20260327,ZT,sz000155,川能动力,1.0
20260327,ZT,sz301292,海科新源,1.0
20260327,ZT,sh603399,永杉锂业,1.0
20260327,ZT,sz002460,赣锋锂业,1.0
20260327,ZT,sz002068,黑猫股份,1.0
20260327,ZT,sh600338,西藏珠峰,1.0
20260327,ZT,sz002038,双鹭药业,1.0
20260327,ZT,sh600513,联环药业,1.0
20260327,ZT,sh603387,基蛋生物,1.0
20260327,ZT,sh600488,津药药业,1.0
20260327,ZT,sz002773,康弘药业,1.0
20260327,ZT,sh603127,昭衍新药,1.0
20260327,ZT,sz002755,奥赛康,1.0
20260327,ZT,sz002294,信立泰,1.0
20260327,ZT,sh688068,热景生物,1.0
20260327,ZT,sz300204,舒泰神,1.0
20260327,ZT,sz002432,九安医疗,1.0
20260327,ZT,sh603585,苏利股份,1.0
20260327,ZT,sz002470,金正大,1.0
20260327,ZT,sh600727,鲁北化工,1.0
20260327,ZT,sz002455,百川股份,1.0
20260327,ZT,sz000822,山东海化,1.0
20260327,ZT,sh600227,赤天化  ,1.0
20260327,ZT,sz000553,安道麦A,1.0
20260327,ZT,sz003042,中农联合,1.0
20260327,ZT,sh600470,六国化工,1.0
20260327,ZT,sz002445,中南文化,1.0
20260327,ZT,sh600982,宁波能源,1.0
20260327,ZT,sz002310,东方新能,1.0
20260327,ZT,sz001896,豫能控股,1.0
20260327,ZT,sz002428,云南锗业,1.0
20260327,ZT,sh603618,杭电股份,1.0
20260327,ZT,sz000890,法尔胜,1.0
20260327,ZT,sh603738,泰晶科技,1.0
20260327,ZT,sh605388,均瑶健康,1.0
20260327,ZT,sh603076,乐惠国际,1.0
20260327,ZT,sz300858,科拓生物,1.0
20260327,ZT,sh600666,奥瑞德  ,1.0
20260327,ZT,sh600996,贵广网络,1.0
20260327,ZT,sz002042,华孚时尚,1.0
20260327,ZT,sz002842,翔鹭钨业,1.0
20260327,ZT,sh603132,金徽股份,1.0
20260327,ZT,sh603324,盛剑科技,1.0
20260327,ZT,sh603002,宏昌电子,1.0
20260327,ZT,sz002265,建设工业,1.0
20260327,ZT,sz002526,山东矿机,1.0
20260327,ZT,sh600268,国电南自,1.0
20260327,ZT,sh603090,宏盛股份,1.0
20260327,ZT,sz002272,川润股份,1.0
20260327,ZT,sz000908,ST景峰,1.0
20260327,ZT,sz002620,ST瑞和,1.0
20260327,ZT,sz002199,*ST东晶,1.0
20260327,ZT,sz000638,*ST万方,1.0
20260327,ZT,sh603429,*ST集友 ,1.0
20260327,ZT,sz002569,*ST步森,1.0
20260327,ZT,sh605081,*ST太和 ,1.0
20260327,ZT,sz002024,ST易购,1.0
20260327,ZT,sh600599,*ST熊猫 ,1.0
20260327,ZT,sz002731,ST萃华,1.0
20260327,ZT,sz000615,*ST美谷,1.0
20260327,ZT,sz002305,*ST南置,1.0
20260327,ZT,sz000903,ST云动,1.0
20260327,ZT,sz000488,ST晨鸣,1.0
20260327,ZT,sz002122,ST汇洲,1.0
20260327,ZT,sh605299,舒华体育,1.0
20260327,ZT,sh600539,狮头股份,1.0
20260327,ZT,sh603115,海星股份,1.0
20260327,ZT,sz002995,天地在线,1.0
20260327,ZT,sh600769,祥龙电业,1.0
20260327,ZT,sh603248,锡华科技,1.0
20260327,ZT,sz001313,粤海饲料,1.0
20260327,ZT,sz002328,新朋股份,1.0
20260327,ZT,sz300461,田中精机,1.0
20260327,ZT,sh600748,上实发展,1.0
20260330,ZT,sh603538,美诺华  ,5.0
20260330,ZT,sz002361,神剑股份,3.0
20260330,ZT,sh600996,贵广网络,2.0
20260330,ZT,sh600539,狮头股份,2.0
20260330,ZT,sz002038,双鹭药业,2.0
20260330,ZT,sh603585,苏利股份,2.0
20260330,ZT,sh600513,联环药业,2.0
20260330,ZT,sh603618,杭电股份,2.0
20260330,ZT,sz003042,中农联合,2.0
20260330,ZT,sz002432,九安医疗,2.0
20260330,ZT,sz000890,法尔胜,2.0
20260330,ZT,sh600488,津药药业,2.0
20260330,ZT,sz002675,东诚药业,1.0
20260330,ZT,sz002370,亚太药业,1.0
20260330,ZT,sh688677,海泰新光,1.0
20260330,ZT,sh603716,塞力医疗,1.0
20260330,ZT,sh603122,合富中国,1.0
20260330,ZT,sz002578,闽发铝业,1.0
20260330,ZT,sz002160,常铝股份,1.0
20260330,ZT,sz002532,天山铝业,1.0
20260330,ZT,sh601068,中铝国际,1.0
20260330,ZT,sz002501,利源股份,1.0
20260330,ZT,sh601388,怡球资源,1.0
20260330,ZT,sh600219,南山铝业,1.0
20260330,ZT,sh603601,再升科技,1.0
20260330,ZT,sz001400,江顺科技,1.0
20260330,ZT,sh600343,航天动力,1.0
20260330,ZT,sh603017,中衡设计,1.0
20260330,ZT,sh605222,起帆电缆,1.0
20260330,ZT,sz300900,广联航空,1.0
20260330,ZT,sz002309,中利集团,1.0
20260330,ZT,sh601869,长飞光纤,1.0
20260330,ZT,sh600345,长江通信,1.0
20260330,ZT,sh600487,亨通光电,1.0
20260330,ZT,sh603272,联翔股份,1.0
20260330,ZT,sz000008,神州高铁,1.0
20260330,ZT,sh603897,长城科技,1.0
20260330,ZT,sz000048,京基智农,1.0
20260330,ZT,sh603239,浙江仙通,1.0
20260330,ZT,sz002810,山东赫达,1.0
20260330,ZT,sz002850,科达利,1.0
20260330,ZT,sh600135,乐凯胶片,1.0
20260330,ZT,sh603778,国晟科技,1.0
20260330,ZT,sh600127,金健米业,1.0
20260330,ZT,sh600359,新农开发,1.0
20260330,ZT,sz002980,华盛昌,1.0
20260330,ZT,sz002222,福晶科技,1.0
20260330,ZT,sz000592,平潭发展,1.0
20260330,ZT,sz000753,漳州发展,1.0
20260330,ZT,sh600602,云赛智联,1.0
20260330,ZT,sz000908,ST景峰,1.0
20260330,ZT,sz002620,ST瑞和,1.0
20260330,ZT,sz002024,ST易购,1.0
20260330,ZT,sz001270,*ST铖昌,1.0
20260330,ZT,sz002808,*ST恒久,1.0
20260330,ZT,sz002713,*ST东易,1.0
20260330,ZT,sh603261,*ST立航 ,1.0
20260330,ZT,sz002424,ST百灵,1.0
20260330,ZT,sz000668,*ST荣控,1.0
20260330,ZT,sz000972,*ST中基,1.0
20260330,ZT,sh603838,*ST四通 ,1.0
20260330,ZT,sh603580,*ST艾艾 ,1.0
20260330,ZT,sh600381,*ST春天 ,1.0
20260330,ZT,sz002168,*ST惠程,1.0
20260330,ZT,sh600502,安徽建工,1.0
20260330,ZT,sz301008,宏昌科技,1.0
20260330,ZT,sz002686,亿利达,1.0
20260330,ZT,sh688693,锴威特  ,1.0
20260330,ZT,sh603016,新宏泰  ,1.0
20260330,ZT,sz003036,泰坦股份,1.0
20260330,ZT,sz300385,雪浪环境,1.0
20260330,ZT,sh603256,宏和科技,1.0
20260330,ZT,sh603061,金海通  ,1.0
20260330,ZT,sz002634,棒杰股份,1.0
20260330,ZT,sh600724,宁波富达,1.0
20260330,ZT,sh603358,华达科技,1.0
20260331,ZT,sz002361,神剑股份,4.0
20260331,ZT,sh600488,津药药业,3.0
20260331,ZT,sz000008,神州高铁,2.0
20260331,ZT,sz002578,闽发铝业,2.0
20260331,ZT,sh600502,安徽建工,2.0
20260331,ZT,sz000592,平潭发展,2.0
20260331,ZT,sz002634,棒杰股份,2.0
20260331,ZT,sz301008,宏昌科技,2.0
20260331,ZT,sz000927,中国铁物,1.0
20260331,ZT,sz301048,金鹰重工,1.0
20260331,ZT,sh600528,中铁工业,1.0
20260331,ZT,sh600495,晋西车轴,1.0
20260331,ZT,sz002082,万邦德,1.0
20260331,ZT,sz002821,凯莱英,1.0
20260331,ZT,sh605116,奥锐特  ,1.0
20260331,ZT,sz002788,鹭燕医药,1.0
20260331,ZT,sz002565,顺灏股份,1.0
20260331,ZT,sh600894,广日股份,1.0
20260331,ZT,sz002342,巨力索具,1.0
20260331,ZT,sz301079,邵阳液压,1.0
20260331,ZT,sh605299,舒华体育,1.0
20260331,ZT,sh600158,中体产业,1.0
20260331,ZT,sz000913,钱江摩托,1.0
20260331,ZT,sz000993,闽东电力,1.0
20260331,ZT,sh603826,坤彩科技,1.0
20260331,ZT,sz003033,征和工业,1.0
20260331,ZT,sz000030,富奥股份,1.0
20260331,ZT,sz000678,襄阳轴承,1.0
20260331,ZT,sz002995,天地在线,1.0
20260331,ZT,sh603039,泛微网络,1.0
20260331,ZT,sh603660,苏州科达,1.0
20260331,ZT,sh601908,京运通  ,1.0
20260331,ZT,sz002218,拓日新能,1.0
20260331,ZT,sz002542,中化岩土,1.0
20260331,ZT,sz001239,永达股份,1.0
20260331,ZT,sz000720,新能泰山,1.0
20260331,ZT,sz000070,特发信息,1.0
20260331,ZT,sz301255,通力科技,1.0
20260331,ZT,sh600184,光电股份,1.0
20260331,ZT,sh600066,宇通客车,1.0
20260331,ZT,sz000037,深南电A,1.0
20260331,ZT,sh605162,新中港  ,1.0
20260331,ZT,sz002560,通达股份,1.0
20260331,ZT,sh603429,*ST集友 ,1.0
20260331,ZT,sz002168,*ST惠程,1.0
20260331,ZT,sz002528,ST英飞拓,1.0
20260331,ZT,sh600581,*ST八钢 ,1.0
20260331,ZT,sh605199,ST葫芦娃,1.0
20260331,ZT,sh603559,ST通脉  ,1.0
20260331,ZT,sz002263,大东南,1.0
20260331,ZT,sz000631,顺发恒能,1.0
20260331,ZT,sz002454,松芝股份,1.0
20260331,ZT,sz300834,星辉环材,1.0
20260331,ZT,sz000863,三湘印象,1.0
20260331,ZT,sh603657,春光科技,1.0
20260331,ZT,sz300992,泰福泵业,1.0
20260331,ZT,sz002800,天顺股份,1.0
20260331,ZT,sh600250,南京商旅,1.0
20260331,ZT,sz002580,圣阳股份,1.0
20260401,ZT,sh600488,津药药业,4.0
20260401,ZT,sz002821,凯莱英,2.0
20260401,ZT,sz002560,通达股份,2.0
20260401,ZT,sz300834,星辉环材,2.0
20260401,ZT,sh605162,新中港  ,2.0
20260401,ZT,sz002923,润都股份,1.0
20260401,ZT,sz000534,万泽股份,1.0
20260401,ZT,sz002940,昂利康,1.0
20260401,ZT,sz300149,睿智医药,1.0
20260401,ZT,sh600851,海欣股份,1.0
20260401,ZT,sz000078,海王生物,1.0
20260401,ZT,sh600594,益佰制药,1.0
20260401,ZT,sz000788,北大医药,1.0
20260401,ZT,sz300436,广生堂,1.0
20260401,ZT,sh688488,艾迪药业,1.0
20260401,ZT,sh600666,奥瑞德  ,1.0
20260401,ZT,sz000815,美利云,1.0
20260401,ZT,sh605289,罗曼股份,1.0
20260401,ZT,sh603296,华勤技术,1.0
20260401,ZT,sh603687,大胜达  ,1.0
20260401,ZT,sh603985,恒润股份,1.0
20260401,ZT,sz002902,铭普光磁,1.0
20260401,ZT,sz301312,智立方,1.0
20260401,ZT,sh603803,瑞斯康达,1.0
20260401,ZT,sh600105,永鼎股份,1.0
20260401,ZT,sz002645,华宏科技,1.0
20260401,ZT,sh603121,华培动力,1.0
20260401,ZT,sh603949,雪龙集团,1.0
20260401,ZT,sh605006,山东玻纤,1.0
20260401,ZT,sh600545,卓郎智能,1.0
20260401,ZT,sz002579,中京电子,1.0
20260401,ZT,sh603912,佳力图  ,1.0
20260401,ZT,sh603158,腾龙股份,1.0
20260401,ZT,sz002639,雪人集团,1.0
20260401,ZT,sh603937,丽岛新材,1.0
20260401,ZT,sz002083,孚日股份,1.0
20260401,ZT,sh601515,衢州东峰,1.0
20260401,ZT,sh601083,锦江航运,1.0
20260401,ZT,sh601872,招商轮船,1.0
20260401,ZT,sh601133,柏诚股份,1.0
20260401,ZT,sz301392,汇成真空,1.0
20260401,ZT,sz002432,九安医疗,1.0
20260401,ZT,sh605287,德才股份,1.0
20260401,ZT,sz002624,完美世界,1.0
20260401,ZT,sz002558,巨人网络,1.0
20260401,ZT,sh603193,润本股份,1.0
20260401,ZT,sh603778,国晟科技,1.0
20260401,ZT,sh603429,*ST集友 ,1.0
20260401,ZT,sz002528,ST英飞拓,1.0
20260401,ZT,sz002713,*ST东易,1.0
20260401,ZT,sh600581,*ST八钢 ,1.0
20260401,ZT,sh605199,ST葫芦娃,1.0
20260401,ZT,sz002306,*ST云网,1.0
20260401,ZT,sh603517,ST绝味  ,1.0
20260401,ZT,sh603822,ST嘉澳  ,1.0
20260401,ZT,sh600107,ST尔雅  ,1.0
20260401,ZT,sh600724,宁波富达,1.0
20260401,ZT,sh603248,锡华科技,1.0
20260401,ZT,sh600249,两面针  ,1.0
20260401,ZT,sz002269,美邦服饰,1.0
20260401,ZT,sh600643,爱建集团,1.0
20260401,ZT,sh601579,会稽山  ,1.0
20260401,ZT,sh603727,博迈科  ,1.0
20260401,ZT,sz002408,齐翔腾达,1.0
20260401,ZT,sz301188,力诺药包,1.0
20260402,ZT,sh600488,津药药业,5.0
20260402,ZT,sz002560,通达股份,3.0
20260402,ZT,sh605162,新中港  ,3.0
20260402,ZT,sz300834,星辉环材,3.0
20260402,ZT,sz000788,北大医药,2.0
20260402,ZT,sh600594,益佰制药,2.0
20260402,ZT,sz002038,双鹭药业,1.0
20260402,ZT,sz000950,重药控股,1.0
20260402,ZT,sh603222,济民健康,1.0
20260402,ZT,bj920230,欧康医药,1.0
20260402,ZT,sz300839,博汇股份,1.0
20260402,ZT,sh603353,和顺石油,1.0
20260402,ZT,sz002828,贝肯能源,1.0
20260402,ZT,sz000968,蓝焰控股,1.0
20260402,ZT,sh603798,康普顿  ,1.0
20260402,ZT,sh600339,中油工程,1.0
20260402,ZT,sz000720,新能泰山,1.0
20260402,ZT,sz002309,中利集团,1.0
20260402,ZT,sz000586,汇源通信,1.0
20260402,ZT,sh603042,华脉科技,1.0
20260402,ZT,sz002263,大东南,1.0
20260402,ZT,sz000155,川能动力,1.0
20260402,ZT,sz000762,西藏矿业,1.0
20260402,ZT,sh600644,乐山电力,1.0
20260402,ZT,sh600381,*ST春天 ,1.0
20260402,ZT,sz002898,*ST赛隆,1.0
20260402,ZT,sh600608,*ST沪科 ,1.0
20260402,ZT,sz000711,ST京蓝,1.0
20260402,ZT,sh603122,合富中国,1.0
20260402,ZT,sh603863,松炀资源,1.0
20260402,ZT,sz002051,中工国际,1.0
20260402,ZT,sh603477,巨星农牧,1.0
20260403,ZT,sh600488,津药药业,6.0
20260403,ZT,sz000586,汇源通信,2.0
20260403,ZT,sz000720,新能泰山,2.0
20260403,ZT,sz000950,重药控股,2.0
20260403,ZT,sz002792,通宇通讯,1.0
20260403,ZT,sz002980,华盛昌,1.0
20260403,ZT,sz300812,易天股份,1.0
20260403,ZT,sz002222,福晶科技,1.0
20260403,ZT,sz003031,中瓷电子,1.0
20260403,ZT,sz002796,世嘉科技,1.0
20260403,ZT,sh688226,威腾电气,1.0
20260403,ZT,sh688205,德科立  ,1.0
20260403,ZT,sh605589,圣泉集团,1.0
20260403,ZT,sh688485,九州一轨,1.0
20260403,ZT,sh605303,园林股份,1.0
20260403,ZT,sh688146,中船特气,1.0
20260403,ZT,sz300608,思特奇,1.0
20260403,ZT,sz003007,直真科技,1.0
20260403,ZT,sh600654,中安科  ,1.0
20260403,ZT,sh600602,云赛智联,1.0
20260403,ZT,sh605133,嵘泰股份,1.0
20260403,ZT,sh603966,法兰泰克,1.0
20260403,ZT,sz300626,华瑞股份,1.0
20260403,ZT,sh600302,标准股份,1.0
20260403,ZT,sh600056,中国医药,1.0
20260403,ZT,sz300006,莱美药业,1.0
20260403,ZT,sh600869,远东股份,1.0
20260403,ZT,sh603585,苏利股份,1.0
20260403,ZT,sh603067,振华股份,1.0
20260403,ZT,sh603033,三维股份,1.0
20260403,ZT,sh603189,网达软件,1.0
20260403,ZT,sz002678,珠江钢琴,1.0
20260403,ZT,sz002898,*ST赛隆,1.0
20260403,ZT,sz000669,ST金鸿,1.0
20260403,ZT,sh603123,翠微股份,1.0
20260403,ZT,sh600106,重庆路桥,1.0
20260403,ZT,sz002831,裕同科技,1.0
20260403,ZT,sz002952,亚世光电,1.0
20260407,ZT,sh600488,津药药业,7.0
20260407,ZT,sz000586,汇源通信,3.0
20260407,ZT,sz000720,新能泰山,3.0
20260407,ZT,sz002980,华盛昌,2.0
20260407,ZT,sh600654,中安科  ,2.0
20260407,ZT,sh605589,圣泉集团,2.0
20260407,ZT,sh603123,翠微股份,2.0
20260407,ZT,sz002408,齐翔腾达,1.0
20260407,ZT,sz002442,龙星科技,1.0
20260407,ZT,sh600527,江南高纤,1.0
20260407,ZT,sz000703,恒逸石化,1.0
20260407,ZT,sz002427,尤夫股份,1.0
20260407,ZT,sh600370,三房巷  ,1.0
20260407,ZT,sz000990,诚志股份,1.0
20260407,ZT,sh600810,神马股份,1.0
20260407,ZT,sz002109,兴化股份,1.0
20260407,ZT,sh600722,金牛化工,1.0
20260407,ZT,sh600955,维远股份,1.0
20260407,ZT,sz003042,中农联合,1.0
20260407,ZT,sh600691,潞化科技,1.0
20260407,ZT,sh600227,赤天化  ,1.0
20260407,ZT,sh603968,醋化股份,1.0
20260407,ZT,sz002470,金正大,1.0
20260407,ZT,sh600423,柳化股份,1.0
20260407,ZT,sh603255,鼎际得  ,1.0
20260407,ZT,sh600470,六国化工,1.0
20260407,ZT,sz300927,江天化学,1.0
20260407,ZT,sz000912,泸天化,1.0
20260407,ZT,sz002637,赞宇科技,1.0
20260407,ZT,sh603188,亚邦股份,1.0
20260407,ZT,sh600623,华谊集团,1.0
20260407,ZT,sz002274,华昌化工,1.0
20260407,ZT,sz002092,中泰化学,1.0
20260407,ZT,sh600075,新疆天业,1.0
20260407,ZT,sh600063,皖维高新,1.0
20260407,ZT,sz002181,粤 传 媒,1.0
20260407,ZT,sz002431,棕榈股份,1.0
20260407,ZT,sh600158,中体产业,1.0
20260407,ZT,sh605099,共创草坪,1.0
20260407,ZT,sz300651,金陵体育,1.0
20260407,ZT,sh605299,舒华体育,1.0
20260407,ZT,sh603687,大胜达  ,1.0
20260407,ZT,sh603353,和顺石油,1.0
20260407,ZT,sh601133,柏诚股份,1.0
20260407,ZT,sh603421,鼎信通讯,1.0
20260407,ZT,sz000062,深圳华强,1.0
20260407,ZT,sz002119,康强电子,1.0
20260407,ZT,sz002873,新天药业,1.0
20260407,ZT,sz000919,金陵药业,1.0
20260407,ZT,sz002788,鹭燕医药,1.0
20260407,ZT,sz000766,通化金马,1.0
20260407,ZT,sh600664,哈药股份,1.0
20260407,ZT,sz300821,东岳硅材,1.0
20260407,ZT,sh600596,新安股份,1.0
20260407,ZT,sh603260,合盛硅业,1.0
20260407,ZT,sz002132,恒星科技,1.0
20260407,ZT,sz000830,鲁西化工,1.0
20260407,ZT,sh603002,宏昌电子,1.0
20260407,ZT,sz301630,同宇新材,1.0
20260407,ZT,sz301373,凌玮科技,1.0
20260407,ZT,sh600110,诺德股份,1.0
20260407,ZT,sh603042,华脉科技,1.0
20260407,ZT,sz002491,通鼎互联,1.0
20260407,ZT,sz000695,滨海能源,1.0
20260407,ZT,sh688345,博力威  ,1.0
20260407,ZT,sh603988,中电电机,1.0
20260407,ZT,sz002025,航天电器,1.0
20260407,ZT,sz002957,科瑞技术,1.0
20260407,ZT,sz002840,华统股份,1.0
20260407,ZT,sh600195,中牧股份,1.0
20260407,ZT,sz002348,高乐股份,1.0
20260407,ZT,sh603327,福蓉科技,1.0
20260407,ZT,sz002631,德尔未来,1.0
20260407,ZT,sh605162,新中港  ,1.0
20260407,ZT,sz002310,东方新能,1.0
20260407,ZT,sz002528,ST英飞拓,1.0
20260407,ZT,sz002713,*ST东易,1.0
20260407,ZT,sh603822,ST嘉澳  ,1.0
20260407,ZT,sh603813,*ST原尚 ,1.0
20260407,ZT,sz000909,*ST数源,1.0
20260407,ZT,sh603838,*ST四通 ,1.0
20260407,ZT,sz002789,*ST建艺,1.0
20260407,ZT,sz002650,ST加加,1.0
20260407,ZT,sh603778,国晟科技,1.0
20260407,ZT,sz002051,中工国际,1.0
20260407,ZT,sh603637,镇海股份,1.0
20260407,ZT,sz000890,法尔胜,1.0
20260407,ZT,sz000652,泰达股份,1.0
20260407,ZT,sz002193,如意集团,1.0
20260407,ZT,sz000019,深粮控股,1.0
20260407,ZT,sh603090,宏盛股份,1.0
20260407,ZT,sz002663,普邦股份,1.0
20260407,ZT,sh601388,怡球资源,1.0
20260407,ZT,sz300165,天瑞仪器,1.0
20260407,ZT,sz002037,保利联合,1.0
20260407,ZT,sh600250,南京商旅,1.0
20260407,ZT,sh600743,华远控股,1.0
20260407,ZT,sh600259,中稀有色,1.0
20260407,ZT,sh603348,文灿股份,1.0
20260407,ZT,sh600791,京能置业,1.0
20260407,ZT,sh605018,长华集团,1.0
20260408,ZT,sz000586,汇源通信,4.0
20260408,ZT,sh600654,中安科  ,3.0
20260408,ZT,sh600743,华远控股,2.0
20260408,ZT,sz002663,普邦股份,2.0
20260408,ZT,sz002181,粤 传 媒,2.0
20260408,ZT,sz002348,高乐股份,2.0
20260408,ZT,sz002051,中工国际,2.0
20260408,ZT,sh605162,新中港  ,2.0
20260408,ZT,sz002491,通鼎互联,2.0
20260408,ZT,sz000919,金陵药业,2.0
20260408,ZT,sz002957,科瑞技术,2.0
20260408,ZT,sh600126,杭钢股份,1.0
20260408,ZT,sh600666,奥瑞德  ,1.0
20260408,ZT,sz300209,行云科技,1.0
20260408,ZT,sz002042,华孚时尚,1.0
20260408,ZT,sh600186,莲花控股,1.0
20260408,ZT,sh600589,大位科技,1.0
20260408,ZT,sz000889,中嘉博创,1.0
20260408,ZT,sh603315,福鞍股份,1.0
20260408,ZT,sh600986,浙文互联,1.0
20260408,ZT,sz300571,平治信息,1.0
20260408,ZT,sz002217,合力泰,1.0
20260408,ZT,sh603629,利通电子,1.0
20260408,ZT,sh603881,数据港  ,1.0
20260408,ZT,sz002929,润建股份,1.0
20260408,ZT,sh605289,罗曼股份,1.0
20260408,ZT,sz002484,江海股份,1.0
20260408,ZT,sz002421,达实智能,1.0
20260408,ZT,sz000727,冠捷科技,1.0
20260408,ZT,sz002131,利欧股份,1.0
20260408,ZT,sh605287,德才股份,1.0
20260408,ZT,sz002995,天地在线,1.0
20260408,ZT,bj920171,志晟信息,1.0
20260408,ZT,sz300058,蓝色光标,1.0
20260408,ZT,sz000892,欢瑞世纪,1.0
20260408,ZT,sh603598,引力传媒,1.0
20260408,ZT,sh603138,海量数据,1.0
20260408,ZT,sh605318,法狮龙  ,1.0
20260408,ZT,sz002400,省广集团,1.0
20260408,ZT,sh601069,西部黄金,1.0
20260408,ZT,sz000426,兴业银锡,1.0
20260408,ZT,sz000506,招金黄金,1.0
20260408,ZT,sz002716,湖南白银,1.0
20260408,ZT,sz000962,东方钽业,1.0
20260408,ZT,sz001337,四川黄金,1.0
20260408,ZT,sh603045,福达合金,1.0
20260408,ZT,sz002155,湖南黄金,1.0
20260408,ZT,sh600301,华锡有色,1.0
20260408,ZT,sh601137,博威合金,1.0
20260408,ZT,sh603920,世运电路,1.0
20260408,ZT,sh603175,超颖电子,1.0
20260408,ZT,sz001389,广合科技,1.0
20260408,ZT,sh688655,迅捷兴  ,1.0
20260408,ZT,sh605258,协和电子,1.0
20260408,ZT,sz002916,深南电路,1.0
20260408,ZT,sz002463,沪电股份,1.0
20260408,ZT,sz002008,大族激光,1.0
20260408,ZT,sh603328,依顿电子,1.0
20260408,ZT,sh688630,芯碁微装,1.0
20260408,ZT,sz000534,万泽股份,1.0
20260408,ZT,sh605060,联德股份,1.0
20260408,ZT,sz002478,常宝股份,1.0
20260408,ZT,sh600841,动力新科,1.0
20260408,ZT,sz002380,科远智慧,1.0
20260408,ZT,sz002353,杰瑞股份,1.0
20260408,ZT,sh603308,应流股份,1.0
20260408,ZT,sh600875,东方电气,1.0
20260408,ZT,sz301232,飞沃科技,1.0
20260408,ZT,sz002213,大为股份,1.0
20260408,ZT,sz002449,国星光电,1.0
20260408,ZT,sz001287,中电港,1.0
20260408,ZT,sh600641,先导基电,1.0
20260408,ZT,sz300475,香农芯创,1.0
20260408,ZT,sh688693,锴威特  ,1.0
20260408,ZT,sh603306,华懋科技,1.0
20260408,ZT,sz002536,飞龙股份,1.0
20260408,ZT,sz002975,博杰股份,1.0
20260408,ZT,sh603757,大元泵业,1.0
20260408,ZT,sh603516,淳中科技,1.0
20260408,ZT,sz000811,冰轮环境,1.0
20260408,ZT,sh603203,快克智能,1.0
20260408,ZT,sh603890,春秋电子,1.0
20260408,ZT,sz002384,东山精密,1.0
20260408,ZT,sz002902,铭普光磁,1.0
20260408,ZT,sh603083,剑桥科技,1.0
20260408,ZT,sz001267,汇绿生态,1.0
20260408,ZT,sz300679,电连技术,1.0
20260408,ZT,sz000551,创元科技,1.0
20260408,ZT,sz002361,神剑股份,1.0
20260408,ZT,sh603211,晋拓股份,1.0
20260408,ZT,sz002046,国机精工,1.0
20260408,ZT,sz002342,巨力索具,1.0
20260408,ZT,sz000917,电广传媒,1.0
20260408,ZT,sh600869,远东股份,1.0
20260408,ZT,sh600105,永鼎股份,1.0
20260408,ZT,sh600721,百花医药,1.0
20260408,ZT,sh603538,美诺华  ,1.0
20260408,ZT,sz002921,联诚精密,1.0
20260408,ZT,sz002708,光洋股份,1.0
20260408,ZT,sz002928,华夏航空,1.0
20260408,ZT,sh600115,中国东航,1.0
20260408,ZT,sh600984,建设机械,1.0
20260408,ZT,sh600815,厦工股份,1.0
20260408,ZT,sh688485,九州一轨,1.0
20260408,ZT,sh601002,晋亿实业,1.0
20260408,ZT,sz002273,水晶光电,1.0
20260408,ZT,sh600114,东睦股份,1.0
20260408,ZT,sz002797,第一创业,1.0
20260408,ZT,sz002528,ST英飞拓,1.0
20260408,ZT,sz002713,*ST东易,1.0
20260408,ZT,sh603822,ST嘉澳  ,1.0
20260408,ZT,sh603813,*ST原尚 ,1.0
20260408,ZT,sz001270,*ST铖昌,1.0
20260408,ZT,sh600599,*ST熊猫 ,1.0
20260408,ZT,sh605081,*ST太和 ,1.0
20260408,ZT,sh600581,*ST八钢 ,1.0
20260408,ZT,sh600228,*ST返利 ,1.0
20260408,ZT,sz002055,ST得润,1.0
20260408,ZT,sh603595,ST东尼  ,1.0
20260408,ZT,sz002512,ST达华,1.0
20260408,ZT,sh603950,长源东谷,1.0
20260408,ZT,sh605016,百龙创园,1.0
20260408,ZT,sh603272,联翔股份,1.0
20260408,ZT,sh603196,璞源材料,1.0
20260408,ZT,sh600356,恒丰纸业,1.0
20260408,ZT,sh603311,金海高科,1.0
20260408,ZT,sz000978,桂林旅游,1.0
20260408,ZT,sz002634,棒杰股份,1.0
20260408,ZT,sz002188,中天服务,1.0
20260408,ZT,sz301070,开勒股份,1.0
20260408,ZT,sh603777,来伊份  ,1.0
20260408,ZT,sz003041,真爱美家,1.0
20260408,ZT,sz002606,大连电瓷,1.0
20260408,ZT,sh605305,中际联合,1.0
20260408,ZT,sz002899,英派斯,1.0
20260409,ZT,sz000586,汇源通信,5.0
20260409,ZT,sh600743,华远控股,3.0
20260409,ZT,sh603757,大元泵业,2.0
20260409,ZT,sh603950,长源东谷,2.0
20260409,ZT,sh605318,法狮龙  ,2.0
20260409,ZT,sz002536,飞龙股份,2.0
20260409,ZT,sz002342,巨力索具,2.0
20260409,ZT,sh603306,华懋科技,2.0
20260409,ZT,sh603777,来伊份  ,2.0
20260409,ZT,sz002384,东山精密,2.0
20260409,ZT,sz000889,中嘉博创,2.0
20260409,ZT,sz002975,博杰股份,2.0
20260409,ZT,sh600345,长江通信,1.0
20260409,ZT,sz000070,特发信息,1.0
20260409,ZT,sh601869,长飞光纤,1.0
20260409,ZT,sz002328,新朋股份,1.0
20260409,ZT,sh603121,华培动力,1.0
20260409,ZT,sh603958,哈森股份,1.0
20260409,ZT,sh605056,咸亨国际,1.0
20260409,ZT,sh603507,振江股份,1.0
20260409,ZT,sh601133,柏诚股份,1.0
20260409,ZT,sh603929,亚翔集成,1.0
20260409,ZT,sh600707,彩虹股份,1.0
20260409,ZT,sz002962,五方光电,1.0
20260409,ZT,sh603773,沃格光电,1.0
20260409,ZT,sz002025,航天电器,1.0
20260409,ZT,sz300489,光智科技,1.0
20260409,ZT,sz002843,泰嘉股份,1.0
20260409,ZT,sz002281,光迅科技,1.0
20260409,ZT,sz002947,恒铭达,1.0
20260409,ZT,sh600594,益佰制药,1.0
20260409,ZT,sz002107,沃华医药,1.0
20260409,ZT,sz000078,海王生物,1.0
20260409,ZT,sz002645,华宏科技,1.0
20260409,ZT,sh600330,天通股份,1.0
20260409,ZT,sh605189,富春染织,1.0
20260409,ZT,sz002150,正泰电源,1.0
20260409,ZT,sz002580,圣阳股份,1.0
20260409,ZT,sz002636,金安国纪,1.0
20260409,ZT,sz002824,和胜股份,1.0
20260409,ZT,sz002635,安洁科技,1.0
20260409,ZT,sz002528,ST英飞拓,1.0
20260409,ZT,sh603813,*ST原尚 ,1.0
20260409,ZT,sz000909,*ST数源,1.0
20260409,ZT,sz002650,ST加加,1.0
20260409,ZT,sz002822,ST中装,1.0
20260409,ZT,sz000793,*ST华闻,1.0
20260409,ZT,sz002620,ST瑞和,1.0
20260409,ZT,sh603843,*ST正平 ,1.0
20260409,ZT,sz000990,诚志股份,1.0
20260409,ZT,sz002364,中恒电气,1.0
20260409,ZT,sh600629,华建集团,1.0
20260409,ZT,sh603863,松炀资源,1.0
20260409,ZT,sh600619,海立股份,1.0
20260409,ZT,sz002718,友邦吊顶,1.0
20260409,ZT,sh603808,歌力思  ,1.0
20260409,ZT,sh603216,梦天家居,1.0
20260409,ZT,sh601811,新华文轩,1.0
20260409,ZT,sz002039,黔源电力,1.0
20260409,ZT,sz301181,标榜股份,1.0
20260409,ZT,sh600337,美克家居,1.0
20260410,ZT,sh600743,华远控股,4.0
20260410,ZT,sh603777,来伊份  ,3.0
20260410,ZT,sz000889,中嘉博创,3.0
20260410,ZT,sh603950,长源东谷,3.0
20260410,ZT,sh603773,沃格光电,2.0
20260410,ZT,sh600707,彩虹股份,2.0
20260410,ZT,sz002328,新朋股份,2.0
20260410,ZT,sh600345,长江通信,2.0
20260410,ZT,sz002824,和胜股份,2.0
20260410,ZT,sz002962,五方光电,2.0
20260410,ZT,sz002580,圣阳股份,2.0
20260410,ZT,sh603933,睿能科技,2.0
20260410,ZT,sz002364,中恒电气,2.0
20260410,ZT,sz003036,泰坦股份,1.0
20260410,ZT,sh603200,上海洗霸,1.0
20260410,ZT,sz002263,大东南,1.0
20260410,ZT,sh603026,石大胜华,1.0
20260410,ZT,sz002733,雄韬股份,1.0
20260410,ZT,sz002787,华源控股,1.0
20260410,ZT,sz000762,西藏矿业,1.0
20260410,ZT,sh605117,德业股份,1.0
20260410,ZT,sz002074,国轩高科,1.0
20260410,ZT,sh600480,凌云股份,1.0
20260410,ZT,sz000670,盈方微,1.0
20260410,ZT,sh605255,天普股份,1.0
20260410,ZT,sh688478,晶升股份,1.0
20260410,ZT,sz001309,德明利,1.0
20260410,ZT,sh600876,凯盛新能,1.0
20260410,ZT,sz000534,万泽股份,1.0
20260410,ZT,sh605060,联德股份,1.0
20260410,ZT,sh600482,中国动力,1.0
20260410,ZT,sh600983,惠而浦  ,1.0
20260410,ZT,sh603889,新澳股份,1.0
20260410,ZT,sh688690,纳微科技,1.0
20260410,ZT,sh600105,永鼎股份,1.0
20260410,ZT,sh600103,青山纸业,1.0
20260410,ZT,sz300131,英唐智控,1.0
20260410,ZT,sh603088,宁波精达,1.0
20260410,ZT,sz002418,康盛股份,1.0
20260410,ZT,sh600713,南京医药,1.0
20260410,ZT,sz002950,奥美医疗,1.0
20260410,ZT,sh600156,华升股份,1.0
20260410,ZT,sz002177,御银股份,1.0
20260410,ZT,sz001269,欧晶科技,1.0
20260410,ZT,sh605069,正和生态,1.0
20260410,ZT,sz002363,隆基机械,1.0
20260410,ZT,sz002528,ST英飞拓,1.0
20260410,ZT,sz002713,*ST东易,1.0
20260410,ZT,sh603813,*ST原尚 ,1.0
20260410,ZT,sz002650,ST加加,1.0
20260410,ZT,sz000793,*ST华闻,1.0
20260410,ZT,sz300561,*ST汇科,1.0
20260410,ZT,sz002047,*ST宝鹰,1.0
20260410,ZT,sh603021,ST华鹏  ,1.0
20260410,ZT,sz002199,*ST东晶,1.0
20260410,ZT,sh600165,ST宁科  ,1.0
20260410,ZT,sh600238,*ST椰岛 ,1.0
20260410,ZT,sh600243,*ST海华 ,1.0
20260410,ZT,sz002211,ST宏达,1.0
20260410,ZT,sh603580,*ST艾艾 ,1.0
20260410,ZT,sh600421,*ST华嵘 ,1.0
20260410,ZT,sh600381,*ST春天 ,1.0
20260410,ZT,sh603557,ST起步  ,1.0
20260410,ZT,sh600193,*ST创兴 ,1.0
20260410,ZT,sh603272,联翔股份,1.0
20260410,ZT,sz000626,远大控股,1.0
20260410,ZT,sz000402,金 融 街,1.0
20260410,ZT,sh603093,南华期货,1.0
20260410,ZT,sh605006,山东玻纤,1.0
20260410,ZT,sh601010,文峰股份,1.0
20260410,ZT,sh601999,出版传媒,1.0
20260410,ZT,sz002988,豪美新材,1.0
20260410,ZT,sh600537,亿晶光电,1.0
20260410,ZT,sz001299,美能能源,1.0
20260410,ZT,sz000659,珠海中富,1.0
20260410,ZT,sz001211,双枪科技,1.0
20260410,ZT,sh603101,汇嘉时代,1.0
20260413,ZT,sh600743,华远控股,5.0
20260413,ZT,sh603950,长源东谷,4.0
20260413,ZT,sz002580,圣阳股份,3.0
20260413,ZT,sz002364,中恒电气,3.0
20260413,ZT,sz000402,金 融 街,2.0
20260413,ZT,sz001299,美能能源,2.0
20260413,ZT,sh605255,天普股份,2.0
20260413,ZT,sz002418,康盛股份,2.0
20260413,ZT,sz002957,科瑞技术,1.0
20260413,ZT,sh600337,美克家居,1.0
20260413,ZT,sz002902,铭普光磁,1.0
20260413,ZT,sh603803,瑞斯康达,1.0
20260413,ZT,sz002980,华盛昌,1.0
20260413,ZT,sz000026,飞亚达,1.0
20260413,ZT,sh603738,泰晶科技,1.0
20260413,ZT,sz002515,金字火腿,1.0
20260413,ZT,sh600152,维科技术,1.0
20260413,ZT,sh600773,西藏城投,1.0
20260413,ZT,sh688813,泰金新能,1.0
20260413,ZT,sh603800,洪田股份,1.0
20260413,ZT,sz002240,盛新锂能,1.0
20260413,ZT,sh600166,福田汽车,1.0
20260413,ZT,sz000688,国城矿业,1.0
20260413,ZT,sz001203,大中矿业,1.0
20260413,ZT,sz002943,宇晶股份,1.0
20260413,ZT,sh688081,兴图新科,1.0
20260413,ZT,sh688135,利扬芯片,1.0
20260413,ZT,sh603283,赛腾股份,1.0
20260413,ZT,sh603256,宏和科技,1.0
20260413,ZT,sh600176,中国巨石,1.0
20260413,ZT,sz002080,中材科技,1.0
20260413,ZT,sz002436,兴森科技,1.0
20260413,ZT,sz000791,甘肃能源,1.0
20260413,ZT,sh600396,华电辽能,1.0
20260413,ZT,sh600982,宁波能源,1.0
20260413,ZT,sh600032,浙江新能,1.0
20260413,ZT,sz301667,纳百川,1.0
20260413,ZT,sh688667,菱电电控,1.0
20260413,ZT,sh600654,中安科  ,1.0
20260413,ZT,sz002929,润建股份,1.0
20260413,ZT,sz000010,美丽生态,1.0
20260413,ZT,sz002467,二六三,1.0
20260413,ZT,sz002297,博云新材,1.0
20260413,ZT,sz002439,启明星辰,1.0
20260413,ZT,sz000612,焦作万方,1.0
20260413,ZT,sz000968,蓝焰控股,1.0
20260413,ZT,sz003018,金富科技,1.0
20260413,ZT,sh600527,江南高纤,1.0
20260413,ZT,sh600299,安迪苏  ,1.0
20260413,ZT,sh603897,长城科技,1.0
20260413,ZT,sh603350,安乃达  ,1.0
20260413,ZT,sz002678,珠江钢琴,1.0
20260413,ZT,sh603682,锦和商管,1.0
20260413,ZT,sh601908,京运通  ,1.0
20260413,ZT,sz002528,ST英飞拓,1.0
20260413,ZT,sh603813,*ST原尚 ,1.0
20260413,ZT,sz000793,*ST华闻,1.0
20260413,ZT,sz300561,*ST汇科,1.0
20260413,ZT,sh603021,ST华鹏  ,1.0
20260413,ZT,sz002199,*ST东晶,1.0
20260413,ZT,sh603580,*ST艾艾 ,1.0
20260413,ZT,sh600165,ST宁科  ,1.0
20260413,ZT,sh600243,*ST海华 ,1.0
20260413,ZT,sh603557,ST起步  ,1.0
20260413,ZT,sh600238,*ST椰岛 ,1.0
20260413,ZT,sh600381,*ST春天 ,1.0
20260413,ZT,sz002047,*ST宝鹰,1.0
20260413,ZT,sz002822,ST中装,1.0
20260413,ZT,sz002512,ST达华,1.0
20260413,ZT,sz001270,*ST铖昌,1.0
20260413,ZT,sz000752,ST西发,1.0
20260413,ZT,sh603721,*ST天择 ,1.0
20260413,ZT,sz002005,ST德豪,1.0
20260413,ZT,sh603389,*ST亚振 ,1.0
20260413,ZT,sz000609,ST中迪,1.0
20260413,ZT,sz002529,*ST海源,1.0
20260413,ZT,sh603828,ST柯利达,1.0
20260413,ZT,sz003004,*ST声迅,1.0
20260413,ZT,sz002789,*ST建艺,1.0
20260413,ZT,sz000929,*ST兰黄,1.0
20260413,ZT,sh600608,*ST沪科 ,1.0
20260413,ZT,sh600815,厦工股份,1.0
20260413,ZT,sz002321,华英农业,1.0
20260413,ZT,sz002124,天邦食品,1.0
20260413,ZT,sh603177,德创环保,1.0
20260413,ZT,sz002876,三利谱,1.0
20260414,ZT,sh600743,华远控股,6.0
20260414,ZT,sz002580,圣阳股份,4.0
20260414,ZT,sz002364,中恒电气,4.0
20260414,ZT,sz001299,美能能源,3.0
20260414,ZT,sh600152,维科技术,2.0
20260414,ZT,sz002297,博云新材,2.0
20260414,ZT,sz002980,华盛昌,2.0
20260414,ZT,sh688813,泰金新能,2.0
20260414,ZT,sz002124,天邦食品,2.0
20260414,ZT,sh600396,华电辽能,2.0
20260414,ZT,sz000889,中嘉博创,1.0
20260414,ZT,sz002229,鸿博股份,1.0
20260414,ZT,sz300857,协创数据,1.0
20260414,ZT,sh603629,利通电子,1.0
20260414,ZT,sz000967,盈峰环境,1.0
20260414,ZT,sz002990,盛视科技,1.0
20260414,ZT,sh603527,众源新材,1.0
20260414,ZT,sh603002,宏昌电子,1.0
20260414,ZT,sz002463,沪电股份,1.0
20260414,ZT,sh603026,石大胜华,1.0
20260414,ZT,sz002083,孚日股份,1.0
20260414,ZT,sz301292,海科新源,1.0
20260414,ZT,sh600605,汇通能源,1.0
20260414,ZT,sz002213,大为股份,1.0
20260414,ZT,sz000620,盈新发展,1.0
20260414,ZT,sh603061,金海通  ,1.0
20260414,ZT,sz301157,华塑科技,1.0
20260414,ZT,sh603109,神驰机电,1.0
20260414,ZT,sh603171,税友股份,1.0
20260414,ZT,sh603383,顶点软件,1.0
20260414,ZT,sz301189,奥尼电子,1.0
20260414,ZT,sz002107,沃华医药,1.0
20260414,ZT,sh603139,康惠股份,1.0
20260414,ZT,sh600664,哈药股份,1.0
20260414,ZT,sh600173,卧龙新能,1.0
20260414,ZT,sh601778,晶科科技,1.0
20260414,ZT,sz002157,正邦科技,1.0
20260414,ZT,sh600855,航天长峰,1.0
20260414,ZT,sz002149,西部材料,1.0
20260414,ZT,sh601588,北辰实业,1.0
20260414,ZT,sz002314,南山控股,1.0
20260414,ZT,sz002328,新朋股份,1.0
20260414,ZT,sh603269,海鸥股份,1.0
20260414,ZT,sz002023,海特高新,1.0
20260414,ZT,sz301219,腾远钴业,1.0
20260414,ZT,sz002885,京泉华,1.0
20260414,ZT,sh605167,利柏特  ,1.0
20260414,ZT,sz002713,*ST东易,1.0
20260414,ZT,sh603813,*ST原尚 ,1.0
20260414,ZT,sh600238,*ST椰岛 ,1.0
20260414,ZT,sh600243,*ST海华 ,1.0
20260414,ZT,sh600381,*ST春天 ,1.0
20260414,ZT,sz001270,*ST铖昌,1.0
20260414,ZT,sz000929,*ST兰黄,1.0
20260414,ZT,sz000752,ST西发,1.0
20260414,ZT,sh603389,*ST亚振 ,1.0
20260414,ZT,sz000004,*ST国华,1.0
20260414,ZT,sz002630,ST华西,1.0
20260414,ZT,sh688287,*ST观典 ,1.0
20260414,ZT,sz002305,*ST南置,1.0
20260414,ZT,sz000711,ST京蓝,1.0
20260414,ZT,sz000608,*ST阳光,1.0
20260414,ZT,sz002808,*ST恒久,1.0
20260414,ZT,sz002692,远程股份,1.0
20260414,ZT,sh603585,苏利股份,1.0
20260414,ZT,sz002647,仁东控股,1.0
20260414,ZT,sz002686,亿利达,1.0
20260414,ZT,sh600539,狮头股份,1.0
20260414,ZT,sh600469,风神股份,1.0
20260414,ZT,sz002051,中工国际,1.0
20260414,ZT,sh603698,航天工程,1.0
20260415,ZT,sz002580,圣阳股份,5.0
20260415,ZT,sz002297,博云新材,3.0
20260415,ZT,sz002124,天邦食品,3.0
20260415,ZT,sz002051,中工国际,2.0
20260415,ZT,sz301189,奥尼电子,2.0
20260415,ZT,sz000889,中嘉博创,2.0
20260415,ZT,sh603629,利通电子,2.0
20260415,ZT,sz002990,盛视科技,2.0
20260415,ZT,sh600605,汇通能源,2.0
20260415,ZT,sh600664,哈药股份,2.0
20260415,ZT,sh603698,航天工程,2.0
20260415,ZT,sz002589,瑞康医药,1.0
20260415,ZT,sz000919,金陵药业,1.0
20260415,ZT,sh600267,海正药业,1.0
20260415,ZT,sz002038,双鹭药业,1.0
20260415,ZT,sh688166,博瑞医药,1.0
20260415,ZT,sz000788,北大医药,1.0
20260415,ZT,sh600572,康恩贝  ,1.0
20260415,ZT,sh600488,津药药业,1.0
20260415,ZT,sh600594,益佰制药,1.0
20260415,ZT,sh603773,沃格光电,1.0
20260415,ZT,sz001208,华菱线缆,1.0
20260415,ZT,sz002361,神剑股份,1.0
20260415,ZT,sh605222,起帆电缆,1.0
20260415,ZT,sz002468,申通快递,1.0
20260415,ZT,sh605098,行动教育,1.0
20260415,ZT,sh603444,吉比特  ,1.0
20260415,ZT,sz002824,和胜股份,1.0
20260415,ZT,sh603327,福蓉科技,1.0
20260415,ZT,sh600135,乐凯胶片,1.0
20260415,ZT,sz000785,居然智家,1.0
20260415,ZT,sz002798,帝欧水华,1.0
20260415,ZT,sh605289,罗曼股份,1.0
20260415,ZT,sz002787,华源控股,1.0
20260415,ZT,sz003036,泰坦股份,1.0
20260415,ZT,sz002788,鹭燕医药,1.0
20260415,ZT,sz301408,华人健康,1.0
20260415,ZT,sz002498,汉缆股份,1.0
20260415,ZT,sh603063,禾望电气,1.0
20260415,ZT,sh603815,交建股份,1.0
20260415,ZT,sh688805,健信超导,1.0
20260415,ZT,sz000026,飞亚达,1.0
20260415,ZT,sh603459,红板科技,1.0
20260415,ZT,sh600238,*ST椰岛 ,1.0
20260415,ZT,sz001270,*ST铖昌,1.0
20260415,ZT,sh603021,ST华鹏  ,1.0
20260415,ZT,sz000004,*ST国华,1.0
20260415,ZT,sz002630,ST华西,1.0
20260415,ZT,sh688287,*ST观典 ,1.0
20260415,ZT,sh605081,*ST太和 ,1.0
20260415,ZT,sz002569,*ST步森,1.0
20260415,ZT,sh600599,*ST熊猫 ,1.0
20260415,ZT,sh603268,*ST松发 ,1.0
20260415,ZT,sh600581,*ST八钢 ,1.0
20260415,ZT,sh603950,长源东谷,1.0
20260415,ZT,sh603687,大胜达  ,1.0
20260415,ZT,sh605365,立达信  ,1.0
20260415,ZT,sh603890,春秋电子,1.0
20260415,ZT,sh603285,键邦股份,1.0
20260415,ZT,sh603216,梦天家居,1.0
20260415,ZT,sh603150,万朗磁塑,1.0
20260415,ZT,sz002705,新宝股份,1.0
20260415,ZT,sz002033,丽江股份,1.0
20260415,ZT,sh600683,京投发展,1.0
20260415,ZT,sh605366,宏柏新材,1.0
20260415,ZT,sh605388,均瑶健康,1.0
20260415,ZT,sz002891,中宠股份,1.0
20260415,ZT,sz001896,豫能控股,1.0
20260416,ZT,sz002580,圣阳股份,6.0
20260416,ZT,sz002297,博云新材,4.0
20260416,ZT,sz002990,盛视科技,3.0
20260416,ZT,sz002033,丽江股份,2.0
20260416,ZT,sh600683,京投发展,2.0
20260416,ZT,sz002468,申通快递,2.0
20260416,ZT,sh605388,均瑶健康,2.0
20260416,ZT,sh603687,大胜达  ,2.0
20260416,ZT,sz000967,盈峰环境,1.0
20260416,ZT,sz002929,润建股份,1.0
20260416,ZT,sz002771,真视通,1.0
20260416,ZT,sz000815,美利云,1.0
20260416,ZT,sh603322,超讯通信,1.0
20260416,ZT,sh600666,奥瑞德  ,1.0
20260416,ZT,sz002757,南兴股份,1.0
20260416,ZT,sh600156,华升股份,1.0
20260416,ZT,sh603985,恒润股份,1.0
20260416,ZT,sz300798,锦鸡股份,1.0
20260416,ZT,sh603315,福鞍股份,1.0
20260416,ZT,sh688227,品高股份,1.0
20260416,ZT,sh603220,中贝通信,1.0
20260416,ZT,sh600284,浦东建设,1.0
20260416,ZT,sz301396,宏景科技,1.0
20260416,ZT,sz002875,安奈儿,1.0
20260416,ZT,sz002213,大为股份,1.0
20260416,ZT,sz001203,大中矿业,1.0
20260416,ZT,sh603906,龙蟠科技,1.0
20260416,ZT,sz002263,大东南,1.0
20260416,ZT,sh603052,可川科技,1.0
20260416,ZT,sz002850,科达利,1.0
20260416,ZT,sz000546,金圆股份,1.0
20260416,ZT,sz000593,德龙汇能,1.0
20260416,ZT,sz000762,西藏矿业,1.0
20260416,ZT,sz301148,嘉戎技术,1.0
20260416,ZT,sh603032,德新科技,1.0
20260416,ZT,sh603897,长城科技,1.0
20260416,ZT,sh603920,世运电路,1.0
20260416,ZT,sz001268,联合精密,1.0
20260416,ZT,sz001230,劲旅环境,1.0
20260416,ZT,sh603933,睿能科技,1.0
20260416,ZT,sz002209,达 意 隆,1.0
20260416,ZT,sz300905,宝丽迪,1.0
20260416,ZT,sz000782,恒申新材,1.0
20260416,ZT,sh603826,坤彩科技,1.0
20260416,ZT,sz002802,洪汇新材,1.0
20260416,ZT,sh605166,聚合顺  ,1.0
20260416,ZT,sh600961,株冶集团,1.0
20260416,ZT,sz000657,中钨高新,1.0
20260416,ZT,sz002237,恒邦股份,1.0
20260416,ZT,sh600549,厦门钨业,1.0
20260416,ZT,sh600768,宁波富邦,1.0
20260416,ZT,sz000570,苏常柴Ａ,1.0
20260416,ZT,sh601778,晶科科技,1.0
20260416,ZT,sz002613,北玻股份,1.0
20260416,ZT,sz002062,宏润建设,1.0
20260416,ZT,sz002333,罗普斯金,1.0
20260416,ZT,sh605060,联德股份,1.0
20260416,ZT,sz002595,豪迈科技,1.0
20260416,ZT,sh600875,东方电气,1.0
20260416,ZT,sz002421,达实智能,1.0
20260416,ZT,sh688668,鼎通科技,1.0
20260416,ZT,sz301603,乔锋智能,1.0
20260416,ZT,sh600749,西藏旅游,1.0
20260416,ZT,sz002491,通鼎互联,1.0
20260416,ZT,sz000070,特发信息,1.0
20260416,ZT,sz002008,大族激光,1.0
20260416,ZT,sh605287,德才股份,1.0
20260416,ZT,sz002528,ST英飞拓,1.0
20260416,ZT,sz000004,*ST国华,1.0
20260416,ZT,sh688287,*ST观典 ,1.0
20260416,ZT,sh605081,*ST太和 ,1.0
20260416,ZT,sh603268,*ST松发 ,1.0
20260416,ZT,sz000711,ST京蓝,1.0
20260416,ZT,sz000609,ST中迪,1.0
20260416,ZT,sz002581,ST未名,1.0
20260416,ZT,sz002848,*ST高斯,1.0
20260416,ZT,sz002726,龙大美食,1.0
20260416,ZT,sz002940,昂利康,1.0
20260416,ZT,sz003041,真爱美家,1.0
20260416,ZT,sz000571,新大洲A,1.0
20260416,ZT,sz300027,华谊兄弟,1.0
20260416,ZT,sh600507,方大特钢,1.0
20260416,ZT,sz300736,百邦科技,1.0
20260416,ZT,sz002859,洁美科技,1.0
20260416,ZT,sh603878,武进不锈,1.0
20260416,ZT,sh600719,大连热电,1.0
20260416,ZT,sh600847,万里股份,1.0
20260416,ZT,sh605336,帅丰电器,1.0
20260417,ZT,sz002580,圣阳股份,7.0
20260417,ZT,sz002297,博云新材,5.0
20260417,ZT,sz002990,盛视科技,4.0
20260417,ZT,sh600683,京投发展,3.0
20260417,ZT,sh605388,均瑶健康,3.0
20260417,ZT,sh600156,华升股份,2.0
20260417,ZT,sh688227,品高股份,2.0
20260417,ZT,sh603315,福鞍股份,2.0
20260417,ZT,sz002802,洪汇新材,2.0
20260417,ZT,sh603052,可川科技,2.0
20260417,ZT,sz300905,宝丽迪,2.0
20260417,ZT,sh600961,株冶集团,2.0
20260417,ZT,sz002940,昂利康,2.0
20260417,ZT,sz002980,华盛昌,1.0
20260417,ZT,sh600330,天通股份,1.0
20260417,ZT,sh603083,剑桥科技,1.0
20260417,ZT,sh603118,共进股份,1.0
20260417,ZT,sz002957,科瑞技术,1.0
20260417,ZT,sz002428,云南锗业,1.0
20260417,ZT,sh603031,安孚科技,1.0
20260417,ZT,sz002281,光迅科技,1.0
20260417,ZT,sh688807,优迅股份,1.0
20260417,ZT,sz000936,华西股份,1.0
20260417,ZT,sz002975,博杰股份,1.0
20260417,ZT,sh688628,优利德  ,1.0
20260417,ZT,sz003031,中瓷电子,1.0
20260417,ZT,sh603738,泰晶科技,1.0
20260417,ZT,sh600703,三安光电,1.0
20260417,ZT,sz002796,世嘉科技,1.0
20260417,ZT,sh600208,衢州发展,1.0
20260417,ZT,sh600962,国投中鲁,1.0
20260417,ZT,sh600641,先导基电,1.0
20260417,ZT,bj920526,凯华材料,1.0
20260417,ZT,bj920012,创达新材,1.0
20260417,ZT,sh603178,圣龙股份,1.0
20260417,ZT,sh603278,大业股份,1.0
20260417,ZT,sh600520,三佳科技,1.0
20260417,ZT,sz301319,唯特偶,1.0
20260417,ZT,sh603926,铁流股份,1.0
20260417,ZT,sz002547,春兴精工,1.0
20260417,ZT,sh603629,利通电子,1.0
20260417,ZT,sz002217,合力泰,1.0
20260417,ZT,sh600152,维科技术,1.0
20260417,ZT,sz002108,沧州明珠,1.0
20260417,ZT,sh688560,明冠新材,1.0
20260417,ZT,sz300806,斯迪克,1.0
20260417,ZT,sh603773,沃格光电,1.0
20260417,ZT,sz300776,帝尔激光,1.0
20260417,ZT,sh600707,彩虹股份,1.0
20260417,ZT,sh600552,凯盛科技,1.0
20260417,ZT,sz002418,康盛股份,1.0
20260417,ZT,sz003018,金富科技,1.0
20260417,ZT,sh603203,快克智能,1.0
20260417,ZT,sz001400,江顺科技,1.0
20260417,ZT,sz002203,海亮股份,1.0
20260417,ZT,sz001389,广合科技,1.0
20260417,ZT,sz002866,传艺科技,1.0
20260417,ZT,sh600727,鲁北化工,1.0
20260417,ZT,sz002081,金 螳 螂,1.0
20260417,ZT,sh600234,科新发展,1.0
20260417,ZT,sz002628,成都路桥,1.0
20260417,ZT,sh603063,禾望电气,1.0
20260417,ZT,sz002706,良信股份,1.0
20260417,ZT,sz301237,和顺科技,1.0
20260417,ZT,sz000037,深南电A,1.0
20260417,ZT,sh601619,嘉泽新能,1.0
20260417,ZT,sz002528,ST英飞拓,1.0
20260417,ZT,sz000711,ST京蓝,1.0
20260417,ZT,sz002630,ST华西,1.0
20260417,ZT,sh600696,*ST岩石 ,1.0
20260417,ZT,sh603557,ST起步  ,1.0
20260417,ZT,sz002487,大金重工,1.0
20260417,ZT,sz002259,升达林业,1.0
20260417,ZT,sh605298,必得科技,1.0
20260417,ZT,sh603922,金鸿顺  ,1.0
20260417,ZT,sz001330,博纳影业,1.0
20260420,ZT,sz002297,博云新材,6.0
20260420,ZT,sh600156,华升股份,3.0
20260420,ZT,sh603268,松发股份,3.0
20260420,ZT,sh603052,可川科技,3.0
20260420,ZT,sh600961,株冶集团,3.0
20260420,ZT,sh600234,科新发展,2.0
20260420,ZT,sz001400,江顺科技,2.0
20260420,ZT,sh603773,沃格光电,2.0
20260420,ZT,sh600330,天通股份,2.0
20260420,ZT,sh600707,彩虹股份,2.0
20260420,ZT,sz002428,云南锗业,2.0
20260420,ZT,sz002217,合力泰,2.0
20260420,ZT,sz002418,康盛股份,2.0
20260420,ZT,sz003018,金富科技,2.0
20260420,ZT,sh603178,圣龙股份,2.0
20260420,ZT,sz002081,金 螳 螂,2.0
20260420,ZT,sh605222,起帆电缆,1.0
20260420,ZT,sz002361,神剑股份,1.0
20260420,ZT,sh603017,中衡设计,1.0
20260420,ZT,sz002560,通达股份,1.0
20260420,ZT,sh603130,云中马  ,1.0
20260420,ZT,sz300540,蜀道装备,1.0
20260420,ZT,sz001229,魅视科技,1.0
20260420,ZT,sz002149,西部材料,1.0
20260420,ZT,sh688811,有研复材,1.0
20260420,ZT,sz002324,普利特,1.0
20260420,ZT,sh600118,中国卫星,1.0
20260420,ZT,sh601698,中国卫通,1.0
20260420,ZT,sz002935,天奥电子,1.0
20260420,ZT,sz003006,百亚股份,1.0
20260420,ZT,sh603025,大豪科技,1.0
20260420,ZT,sz000404,长虹华意,1.0
20260420,ZT,sh603699,纽威股份,1.0
20260420,ZT,sh600872,中炬高新,1.0
20260420,ZT,sh603912,佳力图  ,1.0
20260420,ZT,sz002536,飞龙股份,1.0
20260420,ZT,sh600979,广安爱众,1.0
20260420,ZT,sz002491,通鼎互联,1.0
20260420,ZT,sh600184,光电股份,1.0
20260420,ZT,sz002309,中利集团,1.0
20260420,ZT,sz000586,汇源通信,1.0
20260420,ZT,sh600522,中天科技,1.0
20260420,ZT,sh600601,方正科技,1.0
20260420,ZT,sh600103,青山纸业,1.0
20260420,ZT,sz002843,泰嘉股份,1.0
20260420,ZT,sz002692,远程股份,1.0
20260420,ZT,sz002300,太阳电缆,1.0
20260420,ZT,sz002885,京泉华,1.0
20260420,ZT,sz001896,豫能控股,1.0
20260420,ZT,sh605162,新中港  ,1.0
20260420,ZT,sh600149,廊坊发展,1.0
20260420,ZT,sh600590,泰豪科技,1.0
20260420,ZT,sz000880,潍柴重机,1.0
20260420,ZT,sh603318,水发燃气,1.0
20260420,ZT,sh605168,三人行  ,1.0
20260420,ZT,sz002331,皖通科技,1.0
20260420,ZT,sh603108,润达医疗,1.0
20260420,ZT,sz002242,九阳股份,1.0
20260420,ZT,sh605299,舒华体育,1.0
20260420,ZT,sz002803,吉宏股份,1.0
20260420,ZT,sh600206,有研新材,1.0
20260420,ZT,sz002647,仁东控股,1.0
20260420,ZT,sz001270,*ST铖昌,1.0
20260420,ZT,sz000609,ST中迪,1.0
20260420,ZT,sh600696,*ST岩石 ,1.0
20260420,ZT,sz002496,*ST辉丰,1.0
20260420,ZT,sz000752,ST西发,1.0
20260420,ZT,sh603843,*ST正平 ,1.0
20260420,ZT,sh603789,*ST星农 ,1.0
20260420,ZT,sz002289,*ST宇顺,1.0
20260420,ZT,sh603595,ST东尼  ,1.0
20260420,ZT,sz002620,ST瑞和,1.0
20260420,ZT,sh600243,*ST海华 ,1.0
20260420,ZT,sh600381,*ST春天 ,1.0
20260420,ZT,sz002512,ST达华,1.0
20260420,ZT,sh603813,*ST原尚 ,1.0
20260420,ZT,sh603261,*ST立航 ,1.0
20260420,ZT,sz002686,亿利达,1.0
20260420,ZT,sz003023,彩虹集团,1.0
20260420,ZT,sh600800,渤海化学,1.0
20260420,ZT,sh603057,紫燕食品,1.0
20260420,ZT,sh603778,国晟科技,1.0
20260420,ZT,sh600433,冠豪高新,1.0
20260420,ZT,sh603332,苏州龙杰,1.0
20260420,ZT,sh603489,八方股份,1.0
20260420,ZT,sz002492,恒基达鑫,1.0
20260420,ZT,sz001366,播恩集团,1.0
20260420,ZT,sz000949,新乡化纤,1.0
20260420,ZT,sz301265,华新科技,1.0
20260420,ZT,sh600072,中船科技,1.0
20260421,ZT,sh600961,株冶集团,4.0
20260421,ZT,sz003018,金富科技,3.0
20260421,ZT,sh603178,圣龙股份,3.0
20260421,ZT,sz002081,金 螳 螂,3.0
20260421,ZT,sh603017,中衡设计,2.0
20260421,ZT,sh600979,广安爱众,2.0
20260421,ZT,sz002361,神剑股份,2.0
20260421,ZT,sh600103,青山纸业,2.0
20260421,ZT,sh600678,四川金顶,1.0
20260421,ZT,sh600736,苏州高新,1.0
20260421,ZT,sz002565,顺灏股份,1.0
20260421,ZT,sz002338,奥普光电,1.0
20260421,ZT,sz002201,九鼎新材,1.0
20260421,ZT,sz002342,巨力索具,1.0
20260421,ZT,sz000539,粤电力Ａ,1.0
20260421,ZT,sh600032,浙江新能,1.0
20260421,ZT,sh600396,华电辽能,1.0
20260421,ZT,sz000690,宝新能源,1.0
20260421,ZT,sz002752,昇兴股份,1.0
20260421,ZT,sz300533,冰川网络,1.0
20260421,ZT,sh688661,和林微纳,1.0
20260421,ZT,sz001268,联合精密,1.0
20260421,ZT,sh603030,全筑股份,1.0
20260421,ZT,sh600699,均胜电子,1.0
20260421,ZT,sh603738,泰晶科技,1.0
20260421,ZT,sz301486,致尚科技,1.0
20260421,ZT,sh600520,三佳科技,1.0
20260421,ZT,sh688268,华特气体,1.0
20260421,ZT,sh605365,立达信  ,1.0
20260421,ZT,sh600308,华泰股份,1.0
20260421,ZT,sz000819,岳阳兴长,1.0
20260421,ZT,sz000802,北京文化,1.0
20260421,ZT,sh600715,文投控股,1.0
20260421,ZT,sz003027,同兴科技,1.0
20260421,ZT,sh688020,方邦股份,1.0
20260421,ZT,sh603813,*ST原尚 ,1.0
20260421,ZT,sh600243,*ST海华 ,1.0
20260421,ZT,sh600381,*ST春天 ,1.0
20260421,ZT,sz000609,ST中迪,1.0
20260421,ZT,sh600696,*ST岩石 ,1.0
20260421,ZT,sh603843,*ST正平 ,1.0
20260421,ZT,sz002289,*ST宇顺,1.0
20260421,ZT,sz002620,ST瑞和,1.0
20260421,ZT,sh600421,*ST华嵘 ,1.0
20260421,ZT,sh600599,*ST熊猫 ,1.0
20260421,ZT,sh600107,ST尔雅  ,1.0
20260421,ZT,sh600636,*ST国化 ,1.0
20260421,ZT,sh605298,必得科技,1.0
20260421,ZT,sz300067,安诺其,1.0
20260421,ZT,sz301022,海泰科,1.0
20260421,ZT,sh603335,迪生力  ,1.0
20260421,ZT,sh603016,新宏泰  ,1.0
20260421,ZT,sz000980,众泰汽车,1.0
20260421,ZT,sh603815,交建股份,1.0
20260421,ZT,sz002952,亚世光电,1.0
20260421,ZT,sz002853,皮阿诺,1.0
20260421,ZT,sh603115,海星股份,1.0
20260421,ZT,sh600261,阳光照明,1.0
20260421,ZT,sz002950,奥美医疗,1.0
20260421,ZT,sh603898,好莱客  ,1.0
20260421,ZT,sz000056,皇庭国际,1.0
20260421,ZT,sz002846,英联股份,1.0
20260421,ZT,sh603788,宁波高发,1.0
20260421,ZT,sz002982,湘佳股份,1.0
20260421,ZT,sz000715,中兴商业,1.0
20260422,ZT,sz003018,金富科技,4.0
20260422,ZT,sz002081,金 螳 螂,4.0
20260422,ZT,sz300067,安诺其,2.0
20260422,ZT,sh600736,苏州高新,2.0
20260422,ZT,sh605365,立达信  ,2.0
20260422,ZT,sh600396,华电辽能,2.0
20260422,ZT,sz002201,九鼎新材,2.0
20260422,ZT,sh603115,海星股份,2.0
20260422,ZT,sh600330,天通股份,1.0
20260422,ZT,sz002428,云南锗业,1.0
20260422,ZT,sh600703,三安光电,1.0
20260422,ZT,sz002796,世嘉科技,1.0
20260422,ZT,sh600105,永鼎股份,1.0
20260422,ZT,sz002384,东山精密,1.0
20260422,ZT,bj920981,晶赛科技,1.0
20260422,ZT,sh688048,长光华芯,1.0
20260422,ZT,sh600184,光电股份,1.0
20260422,ZT,sh603618,杭电股份,1.0
20260422,ZT,sh600487,亨通光电,1.0
20260422,ZT,sh600869,远东股份,1.0
20260422,ZT,sh600641,先导基电,1.0
20260422,ZT,sh605588,冠石科技,1.0
20260422,ZT,sh601512,中新集团,1.0
20260422,ZT,sh601061,中信金属,1.0
20260422,ZT,sh603606,东方电缆,1.0
20260422,ZT,sz002588,史丹利,1.0
20260422,ZT,sz000990,诚志股份,1.0
20260422,ZT,sz002194,武汉凡谷,1.0
20260422,ZT,sz002418,康盛股份,1.0
20260422,ZT,sz000811,冰轮环境,1.0
20260422,ZT,sz301003,江苏博云,1.0
20260422,ZT,sz002443,金洲管道,1.0
20260422,ZT,sz002256,兆新股份,1.0
20260422,ZT,sz002636,金安国纪,1.0
20260422,ZT,sz002938,鹏鼎控股,1.0
20260422,ZT,sh600126,杭钢股份,1.0
20260422,ZT,sh603496,恒为科技,1.0
20260422,ZT,sz000062,深圳华强,1.0
20260422,ZT,sh600446,金证股份,1.0
20260422,ZT,sz002432,九安医疗,1.0
20260422,ZT,sz300890,翔丰华,1.0
20260422,ZT,sh603906,龙蟠科技,1.0
20260422,ZT,sh603773,沃格光电,1.0
20260422,ZT,sh603813,*ST原尚 ,1.0
20260422,ZT,sz001270,*ST铖昌,1.0
20260422,ZT,sh600696,*ST岩石 ,1.0
20260422,ZT,sz000711,ST京蓝,1.0
20260422,ZT,sz002620,ST瑞和,1.0
20260422,ZT,sz000669,ST金鸿,1.0
20260422,ZT,sh603822,ST嘉澳  ,1.0
20260422,ZT,sz002005,ST德豪,1.0
20260422,ZT,sh600683,京投发展,1.0
20260422,ZT,sh600234,科新发展,1.0
20260422,ZT,sh603318,水发燃气,1.0
20260422,ZT,sz002360,同德化工,1.0
20260422,ZT,sh605376,博迁新材,1.0
20260422,ZT,sz000751,锌业股份,1.0
20260422,ZT,sh600052,东望时代,1.0
20260422,ZT,sh603903,中持股份,1.0
20260422,ZT,sz002397,梦洁股份,1.0
20260422,ZT,sz001234,泰慕士,1.0
20260422,ZT,sh600815,厦工股份,1.0
20260422,ZT,sh603637,镇海股份,1.0
20260423,ZT,sz002081,金 螳 螂,5.0
20260423,ZT,sz300067,安诺其,3.0
20260423,ZT,sh600396,华电辽能,3.0
20260423,ZT,sh600736,苏州高新,3.0
20260423,ZT,sh603318,水发燃气,2.0
20260423,ZT,sz001234,泰慕士,2.0
20260423,ZT,sh603618,杭电股份,2.0
20260423,ZT,sh601512,中新集团,2.0
20260423,ZT,sh600052,东望时代,2.0
20260423,ZT,sz002606,大连电瓷,1.0
20260423,ZT,sh603390,通达电气,1.0
20260423,ZT,sz300061,旗天科技,1.0
20260423,ZT,sz300590,移为通信,1.0
20260423,ZT,sh603198,迎驾贡酒,1.0
20260423,ZT,sz002793,罗欣药业,1.0
20260423,ZT,sh601101,昊华能源,1.0
20260423,ZT,sz001314,亿道信息,1.0
20260423,ZT,sz300970,华绿生物,1.0
20260423,ZT,sz003022,联泓新科,1.0
20260423,ZT,sh603912,佳力图  ,1.0
20260423,ZT,sh600186,莲花控股,1.0
20260423,ZT,sh600986,浙文互联,1.0
20260423,ZT,sh601778,晶科科技,1.0
20260423,ZT,sh603220,中贝通信,1.0
20260423,ZT,sh600726,华电能源,1.0
20260423,ZT,sh601016,节能风电,1.0
20260423,ZT,sz000537,绿发电力,1.0
20260423,ZT,sh600310,广西能源,1.0
20260423,ZT,sh603315,福鞍股份,1.0
20260423,ZT,sz002448,中原内配,1.0
20260423,ZT,sh603308,应流股份,1.0
20260423,ZT,sh603017,中衡设计,1.0
20260423,ZT,sz000925,众合科技,1.0
20260423,ZT,sz001267,汇绿生态,1.0
20260423,ZT,sz002429,兆驰股份,1.0
20260423,ZT,sh603813,*ST原尚 ,1.0
20260423,ZT,sh600381,*ST春天 ,1.0
20260423,ZT,sh600696,*ST岩石 ,1.0
20260423,ZT,sz000609,*ST中迪,1.0
20260423,ZT,sh600599,*ST熊猫 ,1.0
20260423,ZT,sz000488,ST晨鸣,1.0
20260423,ZT,sz002024,ST易购,1.0
20260423,ZT,sh600265,ST景谷  ,1.0
20260423,ZT,sz000715,中兴商业,1.0
20260423,ZT,sz002242,九阳股份,1.0
20260423,ZT,sz002301,齐心集团,1.0
20260423,ZT,sh600770,综艺股份,1.0
20260423,ZT,sz300721,怡达股份,1.0
20260423,ZT,sz000593,德龙汇能,1.0
20260423,ZT,sh603060,国检集团,1.0
20260423,ZT,sz002490,山东墨龙,1.0
20260423,ZT,sh603709,中源家居,1.0
20260423,ZT,sz002787,华源控股,1.0
20260423,ZT,sz002008,大族激光,1.0
20260423,ZT,sz001215,千味央厨,1.0
20260423,ZT,sz002971,和远气体,1.0
20260423,ZT,sh603538,美诺华  ,1.0
20260423,ZT,sz000890,法尔胜,1.0
20260424,ZT,sh603318,水发燃气,3.0
20260424,ZT,sz001234,泰慕士,3.0
20260424,ZT,sh600770,综艺股份,2.0
20260424,ZT,sh603060,国检集团,2.0
20260424,ZT,sh600726,华电能源,2.0
20260424,ZT,sh603390,通达电气,2.0
20260424,ZT,sz002787,华源控股,2.0
20260424,ZT,sz000925,众合科技,2.0
20260424,ZT,sh600152,维科技术,1.0
20260424,ZT,sz002176,江特电机,1.0
20260424,ZT,sz003036,泰坦股份,1.0
20260424,ZT,sh600499,科达制造,1.0
20260424,ZT,sh603520,司太立  ,1.0
20260424,ZT,sz002192,融捷股份,1.0
20260424,ZT,sh603937,丽岛新材,1.0
20260424,ZT,sz000973,佛塑科技,1.0
20260424,ZT,sz002812,恩捷股份,1.0
20260424,ZT,sh603876,鼎胜新材,1.0
20260424,ZT,sz000546,金圆股份,1.0
20260424,ZT,sz002240,盛新锂能,1.0
20260424,ZT,sz002756,永兴材料,1.0
20260424,ZT,sz002407,多氟多,1.0
20260424,ZT,sh600338,西藏珠峰,1.0
20260424,ZT,sh603066,音飞储存,1.0
20260424,ZT,sz300422,博世科,1.0
20260424,ZT,sh600826,兰生股份,1.0
20260424,ZT,sh603365,水星家纺,1.0
20260424,ZT,sh603967,中创物流,1.0
20260424,ZT,sz002127,南极电商,1.0
20260424,ZT,sh688633,星球石墨,1.0
20260424,ZT,sz300283,温州宏丰,1.0
20260424,ZT,sh600208,衢州发展,1.0
20260424,ZT,sz300613,富瀚微,1.0
20260424,ZT,sz002290,禾盛新材,1.0
20260424,ZT,sh600527,江南高纤,1.0
20260424,ZT,sz002999,天禾股份,1.0
20260424,ZT,sh600370,三房巷  ,1.0
20260424,ZT,sh603599,广信股份,1.0
20260424,ZT,sz002810,山东赫达,1.0
20260424,ZT,sz000062,深圳华强,1.0
20260424,ZT,sz002406,远东传动,1.0
20260424,ZT,sz001339,智微智能,1.0
20260424,ZT,sz000889,中嘉博创,1.0
20260424,ZT,sh600633,浙数文化,1.0
20260424,ZT,sz301077,星华新材,1.0
20260424,ZT,sz002990,盛视科技,1.0
20260424,ZT,sh688268,华特气体,1.0
20260424,ZT,sh600696,*ST岩石 ,1.0
20260424,ZT,sz000609,*ST中迪,1.0
20260424,ZT,sz002620,ST瑞和,1.0
20260424,ZT,sh605336,*ST帅电 ,1.0
20260424,ZT,sh603789,*ST星农 ,1.0
20260424,ZT,sz002528,ST英飞拓,1.0
20260424,ZT,sz000504,*ST生物,1.0
20260424,ZT,sh603559,ST通脉  ,1.0
20260424,ZT,sh603389,*ST亚振 ,1.0
20260424,ZT,sh603016,新宏泰  ,1.0
20260424,ZT,sh603272,联翔股份,1.0
20260424,ZT,sz002313,日海智能,1.0
20260424,ZT,sz002795,永和智控,1.0
20260424,ZT,sz000906,浙商中拓,1.0
20260424,ZT,sh603655,朗博科技,1.0
20260424,ZT,sz001211,双枪科技,1.0
20260424,ZT,sz002331,皖通科技,1.0
20260424,ZT,sh603680,今创集团,1.0
20260424,ZT,sh603819,神力股份,1.0
20260424,ZT,sh600537,亿晶光电,1.0
20260424,ZT,sh600545,卓郎智能,1.0
20260427,ZT,sh603318,水发燃气,4.0
20260427,ZT,sh600726,华电能源,3.0
20260427,ZT,sz000925,众合科技,3.0
20260427,ZT,sh600152,维科技术,2.0
20260427,ZT,sz001211,双枪科技,2.0
20260427,ZT,sh603272,联翔股份,2.0
20260427,ZT,sh600338,西藏珠峰,2.0
20260427,ZT,sz000062,深圳华强,2.0
20260427,ZT,sz003036,泰坦股份,2.0
20260427,ZT,sz000593,德龙汇能,1.0
20260427,ZT,sh605138,盛泰集团,1.0
20260427,ZT,sz002154,报 喜 鸟,1.0
20260427,ZT,sz001332,锡装股份,1.0
20260427,ZT,sz002210,飞马国际,1.0
20260427,ZT,sh603125,常青科技,1.0
20260427,ZT,sh688530,欧莱新材,1.0
20260427,ZT,sz002115,三维通信,1.0
20260427,ZT,sh603579,荣泰健康,1.0
20260427,ZT,sh603486,科沃斯  ,1.0
20260427,ZT,sh600433,冠豪高新,1.0
20260427,ZT,sz301500,飞南资源,1.0
20260427,ZT,sz000565,渝三峡Ａ,1.0
20260427,ZT,sz002560,通达股份,1.0
20260427,ZT,sz300582,英飞特,1.0
20260427,ZT,sh600693,东百集团,1.0
20260427,ZT,sz002120,韵达股份,1.0
20260427,ZT,sh688677,海泰新光,1.0
20260427,ZT,sh688221,前沿生物-U,1.0
20260427,ZT,sh605118,力鼎光电,1.0
20260427,ZT,sz002029,七 匹 狼,1.0
20260427,ZT,sh600400,红豆股份,1.0
20260427,ZT,sh603211,晋拓股份,1.0
20260427,ZT,sh603626,科森科技,1.0
20260427,ZT,sh605006,山东玻纤,1.0
20260427,ZT,sh603228,景旺电子,1.0
20260427,ZT,sz002134,天津普林,1.0
20260427,ZT,sz002741,光华科技,1.0
20260427,ZT,sh603931,格林达  ,1.0
20260427,ZT,sh600246,万通发展,1.0
20260427,ZT,sh603726,朗迪集团,1.0
20260427,ZT,sh688001,华兴源创,1.0
20260427,ZT,sz002902,铭普光磁,1.0
20260427,ZT,sh688381,帝奥微  ,1.0
20260427,ZT,sh603501,豪威集团,1.0
20260427,ZT,sz002217,合力泰,1.0
20260427,ZT,sh605289,罗曼股份,1.0
20260427,ZT,sz301248,杰创智能,1.0
20260427,ZT,sh603110,东方材料,1.0
20260427,ZT,sz002181,粤 传 媒,1.0
20260427,ZT,sh603610,麒盛科技,1.0
20260427,ZT,sh603095,越剑智能,1.0
20260427,ZT,sh605287,德才股份,1.0
20260427,ZT,sz002785,万里石,1.0
20260427,ZT,sh603773,沃格光电,1.0
20260427,ZT,sh600707,彩虹股份,1.0
20260427,ZT,sh600396,华电辽能,1.0
20260427,ZT,sh603813,*ST原尚 ,1.0
20260427,ZT,sh600696,*ST岩石 ,1.0
20260427,ZT,sz000609,*ST中迪,1.0
20260427,ZT,sh605336,*ST帅电 ,1.0
20260427,ZT,sh600735,ST新华锦,1.0
20260427,ZT,sz002289,*ST宇顺,1.0
20260427,ZT,sz002227,*ST特迅,1.0
20260427,ZT,sz002058,*ST威尔,1.0
20260427,ZT,sh688184,ST帕瓦  ,1.0
20260427,ZT,sz000838,*ST发展,1.0
20260427,ZT,sz000820,*ST节能,1.0
20260427,ZT,sz000056,*ST皇庭,1.0
20260427,ZT,sh603557,ST起步  ,1.0
20260427,ZT,sh600238,*ST椰岛 ,1.0
20260427,ZT,sz300029,*ST天龙,1.0
20260427,ZT,sz002569,*ST步森,1.0
20260427,ZT,sh603721,*ST天择 ,1.0
20260427,ZT,sz002932,*ST明德,1.0
20260427,ZT,sh603580,*ST艾艾 ,1.0
20260427,ZT,sh600815,厦工股份,1.0
20260427,ZT,sh600637,东方明珠,1.0
20260427,ZT,sh603657,春光科技,1.0
20260427,ZT,sz002484,江海股份,1.0
20260427,ZT,sz002706,良信股份,1.0
20260427,ZT,sh600418,江淮汽车,1.0
20260427,ZT,sz000952,广济药业,1.0
20260427,ZT,sh600830,香溢融通,1.0
20260427,ZT,sz002175,东方智造,1.0
20260428,ZT,sh603318,水发燃气,5.0
20260428,ZT,sh600726,华电能源,4.0
20260428,ZT,sh600152,维科技术,3.0
20260428,ZT,sz000593,德龙汇能,2.0
20260428,ZT,sz002175,东方智造,2.0
20260428,ZT,sh603095,越剑智能,2.0
20260428,ZT,sh603931,格林达  ,2.0
20260428,ZT,sz002902,铭普光磁,2.0
20260428,ZT,sh605289,罗曼股份,2.0
20260428,ZT,sh605287,德才股份,2.0
20260428,ZT,sz002210,飞马国际,2.0
20260428,ZT,sz002313,日海智能,1.0
20260428,ZT,sh601101,昊华能源,1.0
20260428,ZT,sz001266,宏英智能,1.0
20260428,ZT,sz301261,恒工精密,1.0
20260428,ZT,sh601828,美凯龙  ,1.0
20260428,ZT,sh601789,宁波建工,1.0
20260428,ZT,sh603399,永杉锂业,1.0
20260428,ZT,sh603338,浙江鼎力,1.0
20260428,ZT,sh603317,天味食品,1.0
20260428,ZT,sh601177,杭齿前进,1.0
20260428,ZT,sz300187,永清环保,1.0
20260428,ZT,sz002297,博云新材,1.0
20260428,ZT,sh600320,振华重工,1.0
20260428,ZT,sh600770,综艺股份,1.0
20260428,ZT,sz300905,宝丽迪,1.0
20260428,ZT,sh603283,赛腾股份,1.0
20260428,ZT,sz001298,好上好,1.0
20260428,ZT,sz003026,中晶科技,1.0
20260428,ZT,sz002647,仁东控股,1.0
20260428,ZT,sz002652,扬子新材,1.0
20260428,ZT,sh603215,比依股份,1.0
20260428,ZT,sz001358,兴欣新材,1.0
20260428,ZT,sz002989,中天精装,1.0
20260428,ZT,sz000889,中嘉博创,1.0
20260428,ZT,sh603629,利通电子,1.0
20260428,ZT,sh600156,华升股份,1.0
20260428,ZT,sz000967,盈峰环境,1.0
20260428,ZT,sh605168,三人行  ,1.0
20260428,ZT,sz002575,群兴玩具,1.0
20260428,ZT,sz002923,润都股份,1.0
20260428,ZT,sh603259,药明康德,1.0
20260428,ZT,sz002412,汉森制药,1.0
20260428,ZT,sz002821,凯莱英,1.0
20260428,ZT,sh600488,津药药业,1.0
20260428,ZT,sh600379,宝光股份,1.0
20260428,ZT,sz300540,蜀道装备,1.0
20260428,ZT,sh600248,陕建股份,1.0
20260428,ZT,sh600227,赤天化  ,1.0
20260428,ZT,bj920471,美邦科技,1.0
20260428,ZT,sh600744,华银电力,1.0
20260428,ZT,sz002733,雄韬股份,1.0
20260428,ZT,sh603813,*ST原尚 ,1.0
20260428,ZT,sz000609,*ST中迪,1.0
20260428,ZT,sh600381,*ST春天 ,1.0
20260428,ZT,sz002289,*ST宇顺,1.0
20260428,ZT,sh600735,ST新华锦,1.0
20260428,ZT,sh603557,ST起步  ,1.0
20260428,ZT,sz002569,*ST步森,1.0
20260428,ZT,sh600238,*ST椰岛 ,1.0
20260428,ZT,sz000838,*ST发展,1.0
20260428,ZT,sh600265,*ST景谷 ,1.0
20260428,ZT,sh600243,*ST海华 ,1.0
20260428,ZT,sz000752,*ST西发,1.0
20260428,ZT,sz000908,ST景峰,1.0
20260428,ZT,sh600289,ST信通  ,1.0
20260428,ZT,sz002592,ST八菱,1.0
20260428,ZT,sh603843,*ST正平 ,1.0
20260428,ZT,sz000711,ST京蓝,1.0
20260428,ZT,sz002081,金 螳 螂,1.0
20260428,ZT,sz002218,拓日新能,1.0
20260428,ZT,sh603336,宏辉果蔬,1.0
20260428,ZT,sz002715,登云股份,1.0
20260428,ZT,sh600623,华谊集团,1.0
20260428,ZT,sh603779,威龙股份,1.0
20260428,ZT,sh600496,精工钢构,1.0
20260429,ZT,sh603095,越剑智能,3.0
20260429,ZT,sz002210,飞马国际,3.0
20260429,ZT,sh603317,天味食品,2.0
20260429,ZT,sh600156,华升股份,2.0
20260429,ZT,sh603399,永杉锂业,2.0
20260429,ZT,sz002652,扬子新材,2.0
20260429,ZT,sh600379,宝光股份,2.0
20260429,ZT,sh603629,利通电子,2.0
20260429,ZT,sh605168,三人行  ,2.0
20260429,ZT,sz001266,宏英智能,2.0
20260429,ZT,sz002081,金 螳 螂,2.0
20260429,ZT,sz000402,金 融 街,1.0
20260429,ZT,sz002354,天娱数科,1.0
20260429,ZT,sz002174,游族网络,1.0
20260429,ZT,sz000551,创元科技,1.0
20260429,ZT,sz000692,惠天热电,1.0
20260429,ZT,sh600606,绿地控股,1.0
20260429,ZT,sh603933,睿能科技,1.0
20260429,ZT,sz002111,威海广泰,1.0
20260429,ZT,sz002520,日发精机,1.0
20260429,ZT,sz002867,周大生,1.0
20260429,ZT,sz002568,百润股份,1.0
20260429,ZT,sz002079,苏州固锝,1.0
20260429,ZT,sz000567,海德股份,1.0
20260429,ZT,sh603516,淳中科技,1.0
20260429,ZT,sh603013,亚普股份,1.0
20260429,ZT,sz002786,银宝山新,1.0
20260429,ZT,sz002847,盐津铺子,1.0
20260429,ZT,sz002818,富森美,1.0
20260429,ZT,sz000901,航天科技,1.0
20260429,ZT,sz000716,黑芝麻,1.0
20260429,ZT,sz002498,汉缆股份,1.0
20260429,ZT,sz002969,嘉美包装,1.0
20260429,ZT,sz002851,麦格米特,1.0
20260429,ZT,sh600881,亚泰集团,1.0
20260429,ZT,sz002842,翔鹭钨业,1.0
20260429,ZT,sh603489,八方股份,1.0
20260429,ZT,sz002956,西麦食品,1.0
20260429,ZT,sz002832,比音勒芬,1.0
20260429,ZT,sh603345,安井食品,1.0
20260429,ZT,sz001336,楚环科技,1.0
20260429,ZT,sh601233,桐昆股份,1.0
20260429,ZT,sh603508,思维列控,1.0
20260429,ZT,sh600338,西藏珠峰,1.0
20260429,ZT,sh603937,丽岛新材,1.0
20260429,ZT,sz002756,永兴材料,1.0
20260429,ZT,sz000973,佛塑科技,1.0
20260429,ZT,sz002192,融捷股份,1.0
20260429,ZT,sz002176,江特电机,1.0
20260429,ZT,sz002805,丰元股份,1.0
20260429,ZT,sh600135,乐凯胶片,1.0
20260429,ZT,sz300769,德方纳米,1.0
20260429,ZT,sh603906,龙蟠科技,1.0
20260429,ZT,sz300438,鹏辉能源,1.0
20260429,ZT,sh600367,红星发展,1.0
20260429,ZT,sz002497,雅化集团,1.0
20260429,ZT,sz002709,天赐材料,1.0
20260429,ZT,sh603026,石大胜华,1.0
20260429,ZT,sz001203,大中矿业,1.0
20260429,ZT,sz002136,安 纳 达,1.0
20260429,ZT,sz002348,高乐股份,1.0
20260429,ZT,sh600654,中安科  ,1.0
20260429,ZT,sh600186,莲花控股,1.0
20260429,ZT,sz000818,航锦科技,1.0
20260429,ZT,sz002875,安奈儿,1.0
20260429,ZT,sh600111,北方稀土,1.0
20260429,ZT,sz002645,华宏科技,1.0
20260429,ZT,sz000831,中国稀土,1.0
20260429,ZT,sh600397,江钨装备,1.0
20260429,ZT,sh600392,盛和资源,1.0
20260429,ZT,sz002378,章源钨业,1.0
20260429,ZT,sh603773,沃格光电,1.0
20260429,ZT,sz300632,光莆股份,1.0
20260429,ZT,sh603803,瑞斯康达,1.0
20260429,ZT,sh603083,剑桥科技,1.0
20260429,ZT,sz002522,浙江众成,1.0
20260429,ZT,sh603738,泰晶科技,1.0
20260429,ZT,sh605006,山东玻纤,1.0
20260429,ZT,sh600545,卓郎智能,1.0
20260429,ZT,sh603256,宏和科技,1.0
20260429,ZT,sz000657,中钨高新,1.0
20260429,ZT,sz301217,铜冠铜箔,1.0
20260429,ZT,sh605099,共创草坪,1.0
20260429,ZT,sh605299,XD舒华体,1.0
20260429,ZT,sz002903,宇环数控,1.0
20260429,ZT,sz001396,誉帆科技,1.0
20260429,ZT,sh603017,中衡设计,1.0
20260429,ZT,sh603353,和顺石油,1.0
20260429,ZT,sz000609,*ST中迪,1.0
20260429,ZT,sh600381,*ST春天 ,1.0
20260429,ZT,sz002289,*ST宇顺,1.0
20260429,ZT,sh600735,ST新华锦,1.0
20260429,ZT,sh603272,*ST联翔 ,1.0
20260429,ZT,sh600243,*ST海华 ,1.0
20260429,ZT,sh600289,ST信通  ,1.0
20260429,ZT,sh603843,*ST正平 ,1.0
20260429,ZT,sz000820,*ST节能,1.0
20260429,ZT,sz002227,*ST特迅,1.0
20260429,ZT,sz002512,ST达华,1.0
20260429,ZT,sz002634,*ST棒杰,1.0
20260429,ZT,sh600730,*ST高科 ,1.0
20260429,ZT,sz002872,ST天圣,1.0
20260429,ZT,sz002199,*ST东晶,1.0
20260429,ZT,sh600082,ST海泰  ,1.0
20260429,ZT,sz000691,*ST亚太,1.0
20260429,ZT,sh600608,*ST沪科 ,1.0
20260429,ZT,sh600423,*ST柳化 ,1.0
20260429,ZT,sh688531,日联科技,1.0
20260429,ZT,sz000980,众泰汽车,1.0
20260429,ZT,sh600714,金瑞矿业,1.0
20260429,ZT,sz002548,金新农,1.0
20260429,ZT,sz002627,三峡旅游,1.0
20260429,ZT,sz300982,苏文电能,1.0
20260429,ZT,sh600708,光明地产,1.0
20260429,ZT,bj920125,鸿仕达,1.0
20260429,ZT,sz000039,中集集团,1.0
20260429,ZT,sh603139,康惠股份,1.0
20260429,ZT,sh605158,华达新材,1.0
20260429,ZT,sz002655,共达电声,1.0
20260430,ZT,sh603095,越剑智能,4.0
20260430,ZT,sh603399,永杉锂业,3.0
20260430,ZT,sh600379,宝光股份,3.0
20260430,ZT,sh603937,丽岛新材,2.0
20260430,ZT,sz000402,金 融 街,2.0
20260430,ZT,sz002805,丰元股份,2.0
20260430,ZT,sh605099,共创草坪,2.0
20260430,ZT,sz002842,翔鹭钨业,2.0
20260430,ZT,sh688531,日联科技,2.0
20260430,ZT,sz002192,融捷股份,2.0
20260430,ZT,sh605299,舒华体育,2.0
20260430,ZT,sz300632,光莆股份,2.0
20260430,ZT,sz000567,海德股份,2.0
20260430,ZT,sz002645,华宏科技,2.0
20260430,ZT,sh600158,中体产业,1.0
20260430,ZT,sh688155,先惠技术,1.0
20260430,ZT,sz002240,盛新锂能,1.0
20260430,ZT,sz000609,*ST中迪,1.0
20260430,ZT,sh600381,*ST春天 ,1.0
20260430,ZT,sz002289,*ST宇顺,1.0
20260430,ZT,sh603272,*ST联翔 ,1.0
20260430,ZT,sh603843,*ST正平 ,1.0
20260430,ZT,sz000838,*ST发展,1.0
20260430,ZT,sh600238,*ST椰岛 ,1.0
20260430,ZT,sh600730,*ST高科 ,1.0
20260430,ZT,sh603580,*ST艾艾 ,1.0
20260430,ZT,sz002856,*ST美芝,1.0
20260430,ZT,sh603398,*ST沐邦 ,1.0
20260430,ZT,sh600683,京投发展,1.0
20260430,ZT,sh600322,津投城开,1.0
20260430,ZT,sh600208,衢州发展,1.0
20260430,ZT,sh600052,东望时代,1.0
20260430,ZT,sh600433,冠豪高新,1.0
20260430,ZT,sz002235,安妮股份,1.0
20260430,ZT,sh603045,福达合金,1.0
20260430,ZT,sz002640,跨境通,1.0
20260430,ZT,sh601086,国芳集团,1.0
20260430,ZT,sz000783,长江证券,1.0
20260430,ZT,sh600906,财达证券,1.0
20260430,ZT,sh600816,建元信托,1.0
20260430,ZT,sz000790,华神科技,1.0
20260430,ZT,sh600540,新赛股份,1.0
20260430,ZT,sz002990,盛视科技,1.0
20260430,ZT,sz001316,润贝航科,1.0
20260430,ZT,sh688699,明微电子,1.0
20260430,ZT,sz002763,汇洁股份,1.0
20260430,ZT,sh603726,朗迪集团,1.0
20260430,ZT,sz300083,创世纪,1.0
20260430,ZT,sz000553,安道麦A,1.0
20260430,ZT,sh603711,香飘飘  ,1.0
20260430,ZT,sz002181,粤 传 媒,1.0
20260430,ZT,sz001218,丽臣实业,1.0
20260430,ZT,sh603030,全筑股份,1.0
20260430,ZT,sh603190,亚通精工,1.0
20260430,ZT,sz002591,恒大高新,1.0
20260430,ZT,sz002453,华软科技,1.0
20260506,ZT,sh603399,永杉锂业,4.0
20260506,ZT,sh600379,宝光股份,4.0
20260506,ZT,sz002081,金 螳 螂,4.0
20260506,ZT,sh603937,丽岛新材,3.0
20260506,ZT,sz000402,金 融 街,3.0
20260506,ZT,sz002805,丰元股份,3.0
20260506,ZT,sh603045,福达合金,2.0
20260506,ZT,sz000783,长江证券,2.0
20260506,ZT,sz002989,中天精装,2.0
20260506,ZT,sz002453,华软科技,2.0
20260506,ZT,sz002149,西部材料,2.0
20260506,ZT,sz002640,跨境通,2.0
20260506,ZT,sz002158,汉钟精机,2.0
20260506,ZT,sz001316,润贝航科,2.0
20260506,ZT,sz000553,安道麦A,2.0
20260506,ZT,sz002181,粤 传 媒,2.0
20260506,ZT,sz000066,中国长城,2.0
20260506,ZT,sh600770,综艺股份,1.0
20260506,ZT,sh603353,和顺石油,1.0
20260506,ZT,sz000620,盈新发展,1.0
20260506,ZT,sz002156,通富微电,1.0
20260506,ZT,sz001309,德明利,1.0
20260506,ZT,sz002290,禾盛新材,1.0
20260506,ZT,sh603316,诚邦股份,1.0
20260506,ZT,sh605303,园林股份,1.0
20260506,ZT,sh603156,养元饮品,1.0
20260506,ZT,sz002787,华源控股,1.0
20260506,ZT,sz300042,朗科科技,1.0
20260506,ZT,sz301308,江波龙,1.0
20260506,ZT,bj920181,赛英电子,1.0
20260506,ZT,sh603986,兆易创新,1.0
20260506,ZT,sz001287,中电港,1.0
20260506,ZT,sh688584,上海合晶,1.0
20260506,ZT,sh603629,利通电子,1.0
20260506,ZT,sz000889,中嘉博创,1.0
20260506,ZT,sz000818,航锦科技,1.0
20260506,ZT,sh600673,东阳光  ,1.0
20260506,ZT,sz002217,合力泰,1.0
20260506,ZT,sz000815,美利云,1.0
20260506,ZT,sz003007,直真科技,1.0
20260506,ZT,sh601778,晶科科技,1.0
20260506,ZT,sh600589,大位科技,1.0
20260506,ZT,sz002229,鸿博股份,1.0
20260506,ZT,sh600666,奥瑞德  ,1.0
20260506,ZT,sz300368,汇金股份,1.0
20260506,ZT,sz002364,中恒电气,1.0
20260506,ZT,sh603985,恒润股份,1.0
20260506,ZT,sz300166,东方国信,1.0
20260506,ZT,sh603256,宏和科技,1.0
20260506,ZT,sh603936,博敏电子,1.0
20260506,ZT,sh603618,杭电股份,1.0
20260506,ZT,sh688813,泰金新能,1.0
20260506,ZT,sz301511,德福科技,1.0
20260506,ZT,sz001389,广合科技,1.0
20260506,ZT,sz002203,海亮股份,1.0
20260506,ZT,sz002080,中材科技,1.0
20260506,ZT,sz002903,宇环数控,1.0
20260506,ZT,sh603278,大业股份,1.0
20260506,ZT,sh600130,波导股份,1.0
20260506,ZT,sh688323,瑞华泰  ,1.0
20260506,ZT,sz002418,康盛股份,1.0
20260506,ZT,sh603269,海鸥股份,1.0
20260506,ZT,sz002272,川润股份,1.0
20260506,ZT,sh603158,腾龙股份,1.0
20260506,ZT,sz002871,伟隆股份,1.0
20260506,ZT,sz002210,飞马国际,1.0
20260506,ZT,sh601991,大唐发电,1.0
20260506,ZT,sz002015,协鑫能科,1.0
20260506,ZT,sh600719,大连热电,1.0
20260506,ZT,sh601016,节能风电,1.0
20260506,ZT,sh600821,金开新能,1.0
20260506,ZT,sh600396,华电辽能,1.0
20260506,ZT,sh603978,深圳新星,1.0
20260506,ZT,sz002245,蔚蓝锂芯,1.0
20260506,ZT,sz002792,通宇通讯,1.0
20260506,ZT,sz002428,云南锗业,1.0
20260506,ZT,sh688800,瑞可达  ,1.0
20260506,ZT,sz000338,潍柴动力,1.0
20260506,ZT,sh605060,联德股份,1.0
20260506,ZT,sz002283,天润工业,1.0
20260506,ZT,sz002044,美年健康,1.0
20260506,ZT,sh600790,轻纺城  ,1.0
20260506,ZT,sh603063,禾望电气,1.0
20260506,ZT,sz002052,同洲电子,1.0
20260506,ZT,sz300652,雷迪克,1.0
20260506,ZT,sz000609,*ST中迪,1.0
20260506,ZT,sh600381,*ST春天 ,1.0
20260506,ZT,sz002289,*ST宇顺,1.0
20260506,ZT,sh603272,*ST联翔 ,1.0
20260506,ZT,sh603843,*ST正平 ,1.0
20260506,ZT,sh600730,*ST高科 ,1.0
20260506,ZT,sz002634,*ST棒杰,1.0
20260506,ZT,sh603580,*ST艾艾 ,1.0
20260506,ZT,sh603557,*ST起步 ,1.0
20260506,ZT,sh603389,*ST亚振 ,1.0
20260506,ZT,sh603559,ST通脉  ,1.0
20260506,ZT,sz002856,*ST美芝,1.0
20260506,ZT,sh603398,*ST沐邦 ,1.0
20260506,ZT,sh603828,*ST利达 ,1.0
20260506,ZT,sz002207,*ST准油,1.0
20260506,ZT,sh600082,ST海泰  ,1.0
20260506,ZT,sz002199,*ST东晶,1.0
20260506,ZT,sz000711,ST京蓝,1.0
20260506,ZT,sz003004,*ST声迅,1.0
20260506,ZT,sh600107,*ST尔雅 ,1.0
20260506,ZT,sh600892,*ST大晟 ,1.0
20260506,ZT,sh600753,*ST海钦 ,1.0
20260506,ZT,sh603789,*ST星农 ,1.0
20260506,ZT,sz000668,*ST荣控,1.0
20260506,ZT,sh688069,德林海  ,1.0
20260506,ZT,sh688258,卓易信息,1.0
20260506,ZT,sh600527,江南高纤,1.0
20260506,ZT,sh600113,浙江东日,1.0
20260506,ZT,sh603248,锡华科技,1.0
20260506,ZT,sh603162,海通发展,1.0
20260506,ZT,sh603001,奥康国际,1.0
20260506,ZT,sh603777,来伊份  ,1.0
20260506,ZT,sz002355,兴民智通,1.0
20260506,ZT,sz000863,三湘印象,1.0
20260506,ZT,sz000060,中金岭南,1.0
20260506,ZT,sh600301,华锡有色,1.0
20260506,ZT,sh603115,海星股份,1.0
20260506,ZT,sz003041,真爱美家,1.0
20260506,ZT,sh603418,友升股份,1.0
20260506,ZT,sz000802,北京文化,1.0
20260507,ZT,sz002081,金 螳 螂,5.0
20260507,ZT,sh603045,福达合金,3.0
20260507,ZT,sz000066,中国长城,3.0
20260507,ZT,sz003041,真爱美家,2.0
20260507,ZT,sz002903,宇环数控,2.0
20260507,ZT,sh688069,德林海  ,2.0
20260507,ZT,sh601991,大唐发电,2.0
20260507,ZT,sz000889,中嘉博创,2.0
20260507,ZT,sz002217,合力泰,2.0
20260507,ZT,sh603158,腾龙股份,2.0
20260507,ZT,sh600396,华电辽能,2.0
20260507,ZT,sh603256,宏和科技,2.0
20260507,ZT,sz000818,航锦科技,2.0
20260507,ZT,sh600673,东阳光  ,2.0
20260507,ZT,sh603618,杭电股份,2.0
20260507,ZT,sh603278,大业股份,2.0
20260507,ZT,sh603316,诚邦股份,2.0
20260507,ZT,sh600719,大连热电,2.0
20260507,ZT,sh600130,波导股份,2.0
20260507,ZT,sh605168,三人行  ,1.0
20260507,ZT,sz002929,润建股份,1.0
20260507,ZT,sz002990,盛视科技,1.0
20260507,ZT,sz002591,恒大高新,1.0
20260507,ZT,sh603315,福鞍股份,1.0
20260507,ZT,sz002757,南兴股份,1.0
20260507,ZT,sh600284,浦东建设,1.0
20260507,ZT,sz002335,科华数据,1.0
20260507,ZT,sh603636,南威软件,1.0
20260507,ZT,sz000967,盈峰环境,1.0
20260507,ZT,sz300052,中青宝,1.0
20260507,ZT,sz002647,仁东控股,1.0
20260507,ZT,sz002031,巨轮智能,1.0
20260507,ZT,sz301000,肇民科技,1.0
20260507,ZT,sz002298,中电鑫龙,1.0
20260507,ZT,sh603895,天永智能,1.0
20260507,ZT,sh603950,长源东谷,1.0
20260507,ZT,sz300819,聚杰微纤,1.0
20260507,ZT,sz000700,模塑科技,1.0
20260507,ZT,sz002698,博实股份,1.0
20260507,ZT,sz002664,信质集团,1.0
20260507,ZT,sh603179,新泉股份,1.0
20260507,ZT,sz002885,京泉华,1.0
20260507,ZT,sh605006,山东玻纤,1.0
20260507,ZT,sz002552,宝鼎科技,1.0
20260507,ZT,sz002008,大族激光,1.0
20260507,ZT,sh605258,协和电子,1.0
20260507,ZT,sh601208,东材科技,1.0
20260507,ZT,sh603688,石英股份,1.0
20260507,ZT,sh603002,宏昌电子,1.0
20260507,ZT,sz000823,超声电子,1.0
20260507,ZT,sz002436,兴森科技,1.0
20260507,ZT,sh603459,红板科技,1.0
20260507,ZT,sh605598,上海港湾,1.0
20260507,ZT,sz002194,武汉凡谷,1.0
20260507,ZT,sz000509,华塑控股,1.0
20260507,ZT,sh600736,苏州高新,1.0
20260507,ZT,sz002342,巨力索具,1.0
20260507,ZT,sz002183,怡 亚 通,1.0
20260507,ZT,sz002350,北京科锐,1.0
20260507,ZT,sh603306,华懋科技,1.0
20260507,ZT,sh603931,格林达  ,1.0
20260507,ZT,sh603738,泰晶科技,1.0
20260507,ZT,sh603803,瑞斯康达,1.0
20260507,ZT,sh688167,炬光科技,1.0
20260507,ZT,sz002384,东山精密,1.0
20260507,ZT,sz002980,华盛昌,1.0
20260507,ZT,sh600522,中天科技,1.0
20260507,ZT,sz000720,新能泰山,1.0
20260507,ZT,sz002951,金时科技,1.0
20260507,ZT,sz002491,通鼎互联,1.0
20260507,ZT,sh603938,三孚股份,1.0
20260507,ZT,sz000070,特发信息,1.0
20260507,ZT,sh601868,中国能建,1.0
20260507,ZT,sh600726,华电能源,1.0
20260507,ZT,sh603598,引力传媒,1.0
20260507,ZT,sz301171,易点天下,1.0
20260507,ZT,sh600207,安彩高科,1.0
20260507,ZT,bj920152,昆工科技,1.0
20260507,ZT,sh600936,北投科技,1.0
20260507,ZT,sh601996,丰林集团,1.0
20260507,ZT,sh600707,彩虹股份,1.0
20260507,ZT,sz000609,*ST中迪,1.0
20260507,ZT,sh600381,*ST春天 ,1.0
20260507,ZT,sz002289,*ST宇顺,1.0
20260507,ZT,sh600730,*ST高科 ,1.0
20260507,ZT,sh603580,*ST艾艾 ,1.0
20260507,ZT,sh603557,*ST起步 ,1.0
20260507,ZT,sh603398,*ST沐邦 ,1.0
20260507,ZT,sh603828,*ST利达 ,1.0
20260507,ZT,sz002207,*ST准油,1.0
20260507,ZT,sh600082,ST海泰  ,1.0
20260507,ZT,sz000711,ST京蓝,1.0
20260507,ZT,sh600243,*ST海华 ,1.0
20260507,ZT,sh600107,*ST尔雅 ,1.0
20260507,ZT,sz003004,*ST声迅,1.0
20260507,ZT,sz000668,*ST荣控,1.0
20260507,ZT,sh600476,*ST湘邮 ,1.0
20260507,ZT,sz001270,*ST铖昌,1.0
20260507,ZT,sz000826,*ST启环,1.0
20260507,ZT,sz002253,*ST智胜,1.0
20260507,ZT,sz002047,*ST宝鹰,1.0
20260507,ZT,sh600537,*ST亿晶 ,1.0
20260507,ZT,sz002058,*ST威尔,1.0
20260507,ZT,sz002816,*ST和科,1.0
20260507,ZT,sz002620,*ST瑞和,1.0
20260507,ZT,sz002496,*ST辉丰,1.0
20260507,ZT,sh600265,*ST景谷 ,1.0
20260507,ZT,sz000929,*ST兰黄,1.0
20260507,ZT,sh603095,越剑智能,1.0
20260507,ZT,sh605158,华达新材,1.0
20260507,ZT,sz002655,共达电声,1.0
20260507,ZT,sz300807,天迈科技,1.0
20260507,ZT,sz000697,炼石航空,1.0
20260507,ZT,sz002915,中欣氟材,1.0
20260507,ZT,sz002051,中工国际,1.0
20260507,ZT,sz002729,好利科技,1.0
20260507,ZT,sh600815,厦工股份,1.0
20260507,ZT,sh605218,伟时电子,1.0
20260507,ZT,sz002930,宏川智慧,1.0
20260507,ZT,sz002824,和胜股份,1.0
20260507,ZT,sz300868,杰美特,1.0
20260507,ZT,sh603226,菲林格尔,1.0
20260507,ZT,sz002317,众生药业,1.0
20260507,ZT,sh603997,继峰股份,1.0
20260507,ZT,sh600539,狮头股份,1.0
20260507,ZT,sh603067,振华股份,1.0
20260507,ZT,sh600610,中毅达  ,1.0
20260508,ZT,sh603045,福达合金,4.0
20260508,ZT,sh601991,大唐发电,3.0
20260508,ZT,sh603618,杭电股份,3.0
20260508,ZT,sh603278,大业股份,3.0
20260508,ZT,sh600130,波导股份,3.0
20260508,ZT,sz002655,共达电声,2.0
20260508,ZT,sz002317,众生药业,2.0
20260508,ZT,sz000720,新能泰山,2.0
20260508,ZT,sz002930,宏川智慧,2.0
20260508,ZT,sh603636,南威软件,2.0
20260508,ZT,sh605006,山东玻纤,2.0
20260508,ZT,sh603459,红板科技,2.0
20260508,ZT,sh603738,泰晶科技,2.0
20260508,ZT,sz002491,通鼎互联,2.0
20260508,ZT,sz002929,润建股份,2.0
20260508,ZT,sz002031,巨轮智能,2.0
20260508,ZT,sz002552,宝鼎科技,2.0
20260508,ZT,sh600936,北投科技,2.0
20260508,ZT,sh603758,秦安股份,1.0
20260508,ZT,sh603667,五洲新春,1.0
20260508,ZT,bj920270,天铭科技,1.0
20260508,ZT,sz002979,雷赛智能,1.0
20260508,ZT,sz002009,天奇股份,1.0
20260508,ZT,sh600480,凌云股份,1.0
20260508,ZT,sz002536,飞龙股份,1.0
20260508,ZT,sz002965,祥鑫科技,1.0
20260508,ZT,sh605566,福莱蒽特,1.0
20260508,ZT,sz300488,恒锋工具,1.0
20260508,ZT,sz002520,日发精机,1.0
20260508,ZT,sz000678,襄阳轴承,1.0
20260508,ZT,sz002997,瑞鹄模具,1.0
20260508,ZT,sh605055,迎丰股份,1.0
20260508,ZT,sh603400,华之杰  ,1.0
20260508,ZT,sz301028,鼎熔岩,1.0
20260508,ZT,sz300258,精锻科技,1.0
20260508,ZT,sh605189,富春染织,1.0
20260508,ZT,sh603028,赛福天  ,1.0
20260508,ZT,sh600076,康欣新材,1.0
20260508,ZT,sh600783,鲁信创投,1.0
20260508,ZT,sh600855,航天长峰,1.0
20260508,ZT,sh600992,贵绳股份,1.0
20260508,ZT,sh600343,航天动力,1.0
20260508,ZT,sh688818,电科蓝天,1.0
20260508,ZT,sz002865,钧达股份,1.0
20260508,ZT,sz000547,航天发展,1.0
20260508,ZT,sz000839,国安股份,1.0
20260508,ZT,sh605289,罗曼股份,1.0
20260508,ZT,sz002030,达安基因,1.0
20260508,ZT,sh600536,中国软件,1.0
20260508,ZT,sz002474,榕基软件,1.0
20260508,ZT,sz000710,贝瑞基因,1.0
20260508,ZT,sz002798,帝欧水华,1.0
20260508,ZT,sh603012,创力集团,1.0
20260508,ZT,sh603937,丽岛新材,1.0
20260508,ZT,sz003036,泰坦股份,1.0
20260508,ZT,sh605086,龙高股份,1.0
20260508,ZT,sz002580,圣阳股份,1.0
20260508,ZT,sz000036,华联控股,1.0
20260508,ZT,sz002091,江苏国泰,1.0
20260508,ZT,sz002256,兆新股份,1.0
20260508,ZT,sz002902,铭普光磁,1.0
20260508,ZT,sz001267,汇绿生态,1.0
20260508,ZT,sz002281,光迅科技,1.0
20260508,ZT,sz301183,东田微,1.0
20260508,ZT,sz002222,福晶科技,1.0
20260508,ZT,sh600498,烽火通信,1.0
20260508,ZT,sh600345,长江通信,1.0
20260508,ZT,sh600545,卓郎智能,1.0
20260508,ZT,sz300283,温州宏丰,1.0
20260508,ZT,sh600589,大位科技,1.0
20260508,ZT,sz002642,荣联科技,1.0
20260508,ZT,sh600234,科新发展,1.0
20260508,ZT,sz000863,三湘印象,1.0
20260508,ZT,sh600724,宁波富达,1.0
20260508,ZT,sh600748,上实发展,1.0
20260508,ZT,sh605358,立昂微  ,1.0
20260508,ZT,sh600078,澄星股份,1.0
20260508,ZT,sz001333,光华股份,1.0
20260508,ZT,sz000582,北部湾港,1.0
20260508,ZT,sh605169,洪通燃气,1.0
20260508,ZT,sz002259,升达林业,1.0
20260508,ZT,sh600222,太龙药业,1.0
20260508,ZT,sh600381,*ST春天 ,1.0
20260508,ZT,sz002289,*ST宇顺,1.0
20260508,ZT,sh600730,*ST高科 ,1.0
20260508,ZT,sh603843,*ST正平 ,1.0
20260508,ZT,sh603580,*ST艾艾 ,1.0
20260508,ZT,sz002207,*ST准油,1.0
20260508,ZT,sh603828,*ST利达 ,1.0
20260508,ZT,sz003004,*ST声迅,1.0
20260508,ZT,sz000668,*ST荣控,1.0
20260508,ZT,sh600476,*ST湘邮 ,1.0
20260508,ZT,sz002199,*ST东晶,1.0
20260508,ZT,sz000826,*ST启环,1.0
20260508,ZT,sh600892,*ST大晟 ,1.0
20260508,ZT,sh600734,*ST实达 ,1.0
20260508,ZT,sh603959,ST百利  ,1.0
20260508,ZT,sh600337,ST美克  ,1.0
20260508,ZT,sz002691,*ST冀凯,1.0
20260508,ZT,sh603189,*ST网达 ,1.0
20260508,ZT,sh600228,*ST返利 ,1.0
20260508,ZT,sz002211,ST宏达,1.0
20260508,ZT,sz002569,*ST步森,1.0
20260508,ZT,sh603869,ST智知  ,1.0
20260508,ZT,sz002693,*ST双成,1.0
20260508,ZT,sz000016,*ST康佳A,1.0
20260508,ZT,sz000911,*ST广糖,1.0
20260508,ZT,sz003032,*ST传智,1.0
20260508,ZT,sz000909,*ST数源,1.0
20260508,ZT,sz002624,完美世界,1.0
20260508,ZT,sz000782,恒申新材,1.0
20260508,ZT,sh600683,京投发展,1.0
20260508,ZT,sz002397,梦洁股份,1.0
20260508,ZT,sz000659,珠海中富,1.0
20260508,ZT,sz002866,传艺科技,1.0
20260508,ZT,sz002629,仁智股份,1.0
20260508,ZT,sh600530,交大昂立,1.0
20260508,ZT,sh600391,航发科技,1.0
20260508,ZT,sz002132,恒星科技,1.0
20260508,ZT,sh603373,安邦护卫,1.0
20260508,ZT,sz002918,蒙娜丽莎,1.0
20260508,ZT,sh603878,武进不锈,1.0
20260508,ZT,sh603311,金海高科,1.0
20260508,ZT,sh688260,昀冢科技,1.0
20260508,ZT,sh600984,建设机械,1.0
20260511,ZT,sh603045,福达合金,4.0
20260511,ZT,sh601991,大唐发电,3.0
20260511,ZT,sh603618,杭电股份,3.0
20260511,ZT,sh603278,大业股份,3.0
20260511,ZT,sh600130,波导股份,3.0
20260511,ZT,sz002655,共达电声,2.0
20260511,ZT,sz002317,众生药业,2.0
20260511,ZT,sz000720,新能泰山,2.0
20260511,ZT,sz002930,宏川智慧,2.0
20260511,ZT,sh603636,南威软件,2.0
20260511,ZT,sh605006,山东玻纤,2.0
20260511,ZT,sh603459,红板科技,2.0
20260511,ZT,sh603738,泰晶科技,2.0
20260511,ZT,sz002491,通鼎互联,2.0
20260511,ZT,sz002929,润建股份,2.0
20260511,ZT,sz002031,巨轮智能,2.0
20260511,ZT,sz002552,宝鼎科技,2.0
20260511,ZT,sh600936,北投科技,2.0
20260511,ZT,sh603758,秦安股份,1.0
20260511,ZT,sh603667,五洲新春,1.0
20260511,ZT,bj920270,天铭科技,1.0
20260511,ZT,sz002979,雷赛智能,1.0
20260511,ZT,sz002009,天奇股份,1.0
20260511,ZT,sh600480,凌云股份,1.0
20260511,ZT,sz002536,飞龙股份,1.0
20260511,ZT,sz002965,祥鑫科技,1.0
20260511,ZT,sh605566,福莱蒽特,1.0
20260511,ZT,sz300488,恒锋工具,1.0
20260511,ZT,sz002520,日发精机,1.0
20260511,ZT,sz000678,襄阳轴承,1.0
20260511,ZT,sz002997,瑞鹄模具,1.0
20260511,ZT,sh605055,迎丰股份,1.0
20260511,ZT,sh603400,华之杰  ,1.0
20260511,ZT,sz301028,鼎熔岩,1.0
20260511,ZT,sz300258,精锻科技,1.0
20260511,ZT,sh605189,富春染织,1.0
20260511,ZT,sh603028,赛福天  ,1.0
20260511,ZT,sh600076,康欣新材,1.0
20260511,ZT,sh600783,鲁信创投,1.0
20260511,ZT,sh600855,航天长峰,1.0
20260511,ZT,sh600992,贵绳股份,1.0
20260511,ZT,sh600343,航天动力,1.0
20260511,ZT,sh688818,电科蓝天,1.0
20260511,ZT,sz002865,钧达股份,1.0
20260511,ZT,sz000547,航天发展,1.0
20260511,ZT,sz000839,国安股份,1.0
20260511,ZT,sh605289,罗曼股份,1.0
20260511,ZT,sz002030,达安基因,1.0
20260511,ZT,sh600536,中国软件,1.0
20260511,ZT,sz002474,榕基软件,1.0
20260511,ZT,sz000710,贝瑞基因,1.0
20260511,ZT,sz002798,帝欧水华,1.0
20260511,ZT,sh603012,创力集团,1.0
20260511,ZT,sh603937,丽岛新材,1.0
20260511,ZT,sz003036,泰坦股份,1.0
20260511,ZT,sh605086,龙高股份,1.0
20260511,ZT,sz002580,圣阳股份,1.0
20260511,ZT,sz000036,华联控股,1.0
20260511,ZT,sz002091,江苏国泰,1.0
20260511,ZT,sz002256,兆新股份,1.0
20260511,ZT,sz002902,铭普光磁,1.0
20260511,ZT,sz001267,汇绿生态,1.0
20260511,ZT,sz002281,光迅科技,1.0
20260511,ZT,sz301183,东田微,1.0
20260511,ZT,sz002222,福晶科技,1.0
20260511,ZT,sh600498,烽火通信,1.0
20260511,ZT,sh600345,长江通信,1.0
20260511,ZT,sh600545,卓郎智能,1.0
20260511,ZT,sz300283,温州宏丰,1.0
20260511,ZT,sh600589,大位科技,1.0
20260511,ZT,sz002642,荣联科技,1.0
20260511,ZT,sh600234,科新发展,1.0
20260511,ZT,sz000863,三湘印象,1.0
20260511,ZT,sh600724,宁波富达,1.0
20260511,ZT,sh600748,上实发展,1.0
20260511,ZT,sh605358,立昂微  ,1.0
20260511,ZT,sh600078,澄星股份,1.0
20260511,ZT,sz001333,光华股份,1.0
20260511,ZT,sz000582,北部湾港,1.0
20260511,ZT,sh605169,洪通燃气,1.0
20260511,ZT,sz002259,升达林业,1.0
20260511,ZT,sh600222,太龙药业,1.0
20260511,ZT,sh600381,*ST春天 ,1.0
20260511,ZT,sz002289,*ST宇顺,1.0
20260511,ZT,sh600730,*ST高科 ,1.0
20260511,ZT,sh603843,*ST正平 ,1.0
20260511,ZT,sh603580,*ST艾艾 ,1.0
20260511,ZT,sz002207,*ST准油,1.0
20260511,ZT,sh603828,*ST利达 ,1.0
20260511,ZT,sz003004,*ST声迅,1.0
20260511,ZT,sz000668,*ST荣控,1.0
20260511,ZT,sh600476,*ST湘邮 ,1.0
20260511,ZT,sz002199,*ST东晶,1.0
20260511,ZT,sz000826,*ST启环,1.0
20260511,ZT,sh600892,*ST大晟 ,1.0
20260511,ZT,sh600734,*ST实达 ,1.0
20260511,ZT,sh603959,ST百利  ,1.0
20260511,ZT,sh600337,ST美克  ,1.0
20260511,ZT,sz002691,*ST冀凯,1.0
20260511,ZT,sh603189,*ST网达 ,1.0
20260511,ZT,sh600228,*ST返利 ,1.0
20260511,ZT,sz002211,ST宏达,1.0
20260511,ZT,sz002569,*ST步森,1.0
20260511,ZT,sh603869,ST智知  ,1.0
20260511,ZT,sz002693,*ST双成,1.0
20260511,ZT,sz000016,*ST康佳A,1.0
20260511,ZT,sz000911,*ST广糖,1.0
20260511,ZT,sz003032,*ST传智,1.0
20260511,ZT,sz000909,*ST数源,1.0
20260511,ZT,sz002624,完美世界,1.0
20260511,ZT,sz000782,恒申新材,1.0
20260511,ZT,sh600683,京投发展,1.0
20260511,ZT,sz002397,梦洁股份,1.0
20260511,ZT,sz000659,珠海中富,1.0
20260511,ZT,sz002866,传艺科技,1.0
20260511,ZT,sz002629,仁智股份,1.0
20260511,ZT,sh600530,交大昂立,1.0
20260511,ZT,sh600391,航发科技,1.0
20260511,ZT,sz002132,恒星科技,1.0
20260511,ZT,sh603373,安邦护卫,1.0
20260511,ZT,sz002918,蒙娜丽莎,1.0
20260511,ZT,sh603878,武进不锈,1.0
20260511,ZT,sh603311,金海高科,1.0
20260511,ZT,sh688260,昀冢科技,1.0
20260511,ZT,sh600984,建设机械,1.0
20260512,ZT,sh601991,大唐发电,5.0
20260512,ZT,sz002491,通鼎互联,4.0
20260512,ZT,sz002552,宝鼎科技,4.0
20260512,ZT,sh600530,交大昂立,3.0
20260512,ZT,sz002918,蒙娜丽莎,3.0
20260512,ZT,sh600076,康欣新材,3.0
20260512,ZT,sh600683,京投发展,3.0
20260512,ZT,sh600869,远东股份,2.0
20260512,ZT,sh600172,黄河旋风,2.0
20260512,ZT,sz001211,双枪科技,2.0
20260512,ZT,sz300449,汉邦高科,2.0
20260512,ZT,sh603269,海鸥股份,2.0
20260512,ZT,sh600396,华电辽能,2.0
20260512,ZT,sz000672,上峰水泥,2.0
20260512,ZT,sz001259,利仁科技,2.0
20260512,ZT,sz000029,深深房Ａ,2.0
20260512,ZT,sh600488,津药药业,2.0
20260512,ZT,sz002081,金 螳 螂,1.0
20260512,ZT,sh603061,金海通  ,1.0
20260512,ZT,sz002787,华源控股,1.0
20260512,ZT,sz002208,合肥城建,1.0
20260512,ZT,sh600667,太极实业,1.0
20260512,ZT,sh600719,大连热电,1.0
20260512,ZT,sz000601,韶能股份,1.0
20260512,ZT,sz000591,太阳能,1.0
20260512,ZT,sz000767,晋控电力,1.0
20260512,ZT,sh603070,万控智造,1.0
20260512,ZT,sz002346,柘中股份,1.0
20260512,ZT,sz002300,太阳电缆,1.0
20260512,ZT,sz002498,汉缆股份,1.0
20260512,ZT,sz002606,大连电瓷,1.0
20260512,ZT,sz002560,通达股份,1.0
20260512,ZT,sz002522,浙江众成,1.0
20260512,ZT,sz300265,通光线缆,1.0
20260512,ZT,sz301196,唯科科技,1.0
20260512,ZT,sh603688,石英股份,1.0
20260512,ZT,sh603186,华正新材,1.0
20260512,ZT,sz001359,平安电工,1.0
20260512,ZT,sh603895,天永智能,1.0
20260512,ZT,sh603037,凯众股份,1.0
20260512,ZT,sh603331,百达精工,1.0
20260512,ZT,sh603211,晋拓股份,1.0
20260512,ZT,sz000006,深振业Ａ,1.0
20260512,ZT,sh603682,锦和商管,1.0
20260512,ZT,sz300004,南风股份,1.0
20260512,ZT,sh603203,快克智能,1.0
20260512,ZT,sz000925,众合科技,1.0
20260512,ZT,sz002428,云南锗业,1.0
20260512,ZT,sz000950,重药控股,1.0
20260512,ZT,sz002254,泰和新材,1.0
20260512,ZT,sh600381,*ST春天 ,1.0
20260512,ZT,sz002289,*ST宇顺,1.0
20260512,ZT,sz000711,ST京蓝,1.0
20260512,ZT,sh600730,*ST高科 ,1.0
20260512,ZT,sh603580,*ST艾艾 ,1.0
20260512,ZT,sh603272,*ST联翔 ,1.0
20260512,ZT,sz002207,*ST准油,1.0
20260512,ZT,sh603557,*ST起步 ,1.0
20260512,ZT,sh603398,*ST沐邦 ,1.0
20260512,ZT,sz002199,*ST东晶,1.0
20260512,ZT,sh603559,ST通脉  ,1.0
20260512,ZT,sz002856,*ST美芝,1.0
20260512,ZT,sh600082,ST海泰  ,1.0
20260512,ZT,sh600337,ST美克  ,1.0
20260512,ZT,sh603189,*ST网达 ,1.0
20260512,ZT,sz002693,*ST双成,1.0
20260512,ZT,sh600734,*ST实达 ,1.0
20260512,ZT,sh603959,ST百利  ,1.0
20260512,ZT,sh600537,*ST亿晶 ,1.0
20260512,ZT,sz000826,*ST启环,1.0
20260512,ZT,sz002501,*ST利源,1.0
20260512,ZT,sz002514,*ST宝馨,1.0
20260512,ZT,sz002102,ST能特,1.0
20260512,ZT,sz000632,ST三木,1.0
20260512,ZT,sz002789,*ST建艺,1.0
20260512,ZT,sz000010,*ST美丽,1.0
20260512,ZT,sz000909,*ST数源,1.0
20260512,ZT,sz002175,*ST东智,1.0
20260512,ZT,sh603378,*ST亚士 ,1.0
20260512,ZT,sh600302,ST标准  ,1.0
20260512,ZT,sz002431,ST棕榈,1.0
20260512,ZT,sh603021,*ST华鹏 ,1.0
20260512,ZT,sh600084,*ST尼雅 ,1.0
20260512,ZT,sz002528,*ST英飞,1.0
20260512,ZT,sh600735,ST新华锦,1.0
20260512,ZT,sz000908,ST景峰,1.0
20260512,ZT,sh600187,*ST国中 ,1.0
20260512,ZT,sz300959,线上线下,1.0
20260512,ZT,sh603052,可川科技,1.0
20260512,ZT,sz301197,工大科雅,1.0
20260512,ZT,sh603320,迪贝电气,1.0
20260512,ZT,sh603007,花王股份,1.0
20260512,ZT,sh605198,安德利  ,1.0
20260512,ZT,sz002190,成飞集成,1.0
20260513,ZT,sh601991,大唐发电,6.0
20260513,ZT,sh600530,交大昂立,4.0
20260513,ZT,sh600396,华电辽能,3.0
20260513,ZT,sz001259,利仁科技,3.0
20260513,ZT,sz000767,晋控电力,2.0
20260513,ZT,sh603203,快克智能,2.0
20260513,ZT,sz300959,线上线下,2.0
20260513,ZT,sh603007,花王股份,2.0
20260513,ZT,sz000925,众合科技,2.0
20260513,ZT,sz002560,通达股份,2.0
20260513,ZT,sz002498,汉缆股份,2.0
20260513,ZT,sz000601,韶能股份,2.0
20260513,ZT,sh603052,可川科技,2.0
20260513,ZT,sh603070,万控智造,2.0
20260513,ZT,sh603126,中材节能,1.0
20260513,ZT,sz002310,东方新能,1.0
20260513,ZT,sh600578,京能电力,1.0
20260513,ZT,sh600982,宁波能源,1.0
20260513,ZT,sh600758,辽宁能源,1.0
20260513,ZT,sz002015,协鑫能科,1.0
20260513,ZT,sh605286,同力天启,1.0
20260513,ZT,sz000993,闽东电力,1.0
20260513,ZT,sh600726,华电能源,1.0
20260513,ZT,sh600475,华光环能,1.0
20260513,ZT,sh601016,节能风电,1.0
20260513,ZT,sh600379,宝光股份,1.0
20260513,ZT,sz002782,可立克,1.0
20260513,ZT,sh603063,禾望电气,1.0
20260513,ZT,sz002885,京泉华,1.0
20260513,ZT,sz000533,顺钠股份,1.0
20260513,ZT,sz002843,泰嘉股份,1.0
20260513,ZT,sz002929,润建股份,1.0
20260513,ZT,sh600156,华升股份,1.0
20260513,ZT,sh603110,东方材料,1.0
20260513,ZT,sh603887,城地香江,1.0
20260513,ZT,sh600666,奥瑞德  ,1.0
20260513,ZT,sh603629,利通电子,1.0
20260513,ZT,sz300210,森远股份,1.0
20260513,ZT,sz000889,中嘉博创,1.0
20260513,ZT,sz000936,华西股份,1.0
20260513,ZT,sh603031,安孚科技,1.0
20260513,ZT,sz002283,天润工业,1.0
20260513,ZT,sz000880,潍柴重机,1.0
20260513,ZT,sh600482,中国动力,1.0
20260513,ZT,sz000720,新能泰山,1.0
20260513,ZT,sh603938,三孚股份,1.0
20260513,ZT,sz002008,大族激光,1.0
20260513,ZT,sh600707,彩虹股份,1.0
20260513,ZT,sz002805,丰元股份,1.0
20260513,ZT,sz002628,成都路桥,1.0
20260513,ZT,sz002114,罗平锌电,1.0
20260513,ZT,sz002842,翔鹭钨业,1.0
20260513,ZT,sz300965,恒宇信通,1.0
20260513,ZT,sz002297,博云新材,1.0
20260513,ZT,sz002658,雪迪龙,1.0
20260513,ZT,sz002375,亚厦股份,1.0
20260513,ZT,sh605589,圣泉集团,1.0
20260513,ZT,sh600381,*ST春天 ,1.0
20260513,ZT,sz000711,ST京蓝,1.0
20260513,ZT,sh603272,*ST联翔 ,1.0
20260513,ZT,sz002207,*ST准油,1.0
20260513,ZT,sz002199,*ST东晶,1.0
20260513,ZT,sh603559,ST通脉  ,1.0
20260513,ZT,sz002856,*ST美芝,1.0
20260513,ZT,sh600082,ST海泰  ,1.0
20260513,ZT,sz002514,*ST宝馨,1.0
20260513,ZT,sz000632,ST三木,1.0
20260513,ZT,sz002569,*ST步森,1.0
20260513,ZT,sz002691,*ST冀凯,1.0
20260513,ZT,sz002175,*ST东智,1.0
20260513,ZT,sz002528,*ST英飞,1.0
20260513,ZT,sz000793,*ST华闻,1.0
20260513,ZT,sz002193,ST如意,1.0
20260513,ZT,sh603922,ST金鸿顺,1.0
20260513,ZT,sh600965,*ST福成 ,1.0
20260513,ZT,sh603595,ST东尼  ,1.0
20260513,ZT,sz002454,松芝股份,1.0
20260513,ZT,sh603023,威帝股份,1.0
20260513,ZT,sz002825,纳尔股份,1.0
20260513,ZT,bj920469,富恒新材,1.0
20260513,ZT,sh603535,嘉诚国际,1.0
20260513,ZT,sz002529,*ST海源,1.0
20260513,ZT,sh603779,威龙股份,1.0
20260513,ZT,sz002868,绿康生化,1.0
20260513,ZT,sz001210,金房能源,1.0
20260513,ZT,sh605158,华达新材,1.0
20260513,ZT,sz002777,久远银海,1.0
20260513,ZT,sz003001,中岩大地,1.0
20260514,ZT,sz002918,蒙娜丽莎,5.0
20260514,ZT,sz001259,利仁科技,4.0
20260514,ZT,sh603007,花王股份,3.0
20260514,ZT,sh603052,可川科技,3.0
20260514,ZT,sz002208,合肥城建,3.0
20260514,ZT,sh600857,宁波中百,2.0
20260514,ZT,sh600578,京能电力,2.0
20260514,ZT,sh600156,华升股份,2.0
20260514,ZT,sz001210,金房能源,2.0
20260514,ZT,sh603779,威龙股份,2.0
20260514,ZT,sh600903,贵州燃气,2.0
20260514,ZT,sz001223,欧克科技,2.0
20260514,ZT,sz002782,可立克,2.0
20260514,ZT,sh603093,南华期货,2.0
20260514,ZT,sh688146,中船特气,2.0
20260514,ZT,sz002940,昂利康,2.0
20260514,ZT,sz002309,中利集团,1.0
20260514,ZT,sh600819,耀皮玻璃,1.0
20260514,ZT,sz002506,协鑫集成,1.0
20260514,ZT,sh605086,龙高股份,1.0
20260514,ZT,sh600481,双良节能,1.0
20260514,ZT,sz000159,国际实业,1.0
20260514,ZT,sz003022,联泓新科,1.0
20260514,ZT,sz002973,侨银股份,1.0
20260514,ZT,sh603082,北自科技,1.0
20260514,ZT,sh603344,星德胜  ,1.0
20260514,ZT,sh688478,晶升股份,1.0
20260514,ZT,sh600509,天富能源,1.0
20260514,ZT,bj920580,科创新材,1.0
20260514,ZT,sz002617,露笑科技,1.0
20260514,ZT,sz002124,天邦食品,1.0
20260514,ZT,sh603717,天域生物,1.0
20260514,ZT,sh605296,神农集团,1.0
20260514,ZT,sz002840,华统股份,1.0
20260514,ZT,sh603118,共进股份,1.0
20260514,ZT,sz001267,汇绿生态,1.0
20260514,ZT,sz002980,华盛昌,1.0
20260514,ZT,sh605366,宏柏新材,1.0
20260514,ZT,sh605399,晨光新材,1.0
20260514,ZT,sz002165,红 宝 丽,1.0
20260514,ZT,sz002809,红墙股份,1.0
20260514,ZT,sz003018,金富科技,1.0
20260514,ZT,sz002723,小崧股份,1.0
20260514,ZT,sh600449,宁夏建材,1.0
20260514,ZT,sz002990,盛视科技,1.0
20260514,ZT,sz002971,和远气体,1.0
20260514,ZT,sz003031,中瓷电子,1.0
20260514,ZT,sz300715,凯伦股份,1.0
20260514,ZT,sz002277,友阿股份,1.0
20260514,ZT,sz002254,泰和新材,1.0
20260514,ZT,sh600381,*ST春天 ,1.0
20260514,ZT,sz002289,*ST宇顺,1.0
20260514,ZT,sh603272,*ST联翔 ,1.0
20260514,ZT,sz002207,*ST准油,1.0
20260514,ZT,sh600730,*ST高科 ,1.0
20260514,ZT,sz002199,*ST东晶,1.0
20260514,ZT,sz002856,*ST美芝,1.0
20260514,ZT,sh603828,*ST利达 ,1.0
20260514,ZT,sz002514,*ST宝馨,1.0
20260514,ZT,sz000632,ST三木,1.0
20260514,ZT,sz002501,*ST利源,1.0
20260514,ZT,sh603378,*ST亚士 ,1.0
20260514,ZT,sz002789,*ST建艺,1.0
20260514,ZT,sz002620,*ST瑞和,1.0
20260514,ZT,sh603595,ST东尼  ,1.0
20260514,ZT,sz002713,*ST东易,1.0
20260514,ZT,sh600302,ST标准  ,1.0
20260514,ZT,sz002650,ST加加,1.0
20260514,ZT,sh600818,ST中路  ,1.0
20260514,ZT,sh600289,ST信通  ,1.0
20260514,ZT,sz000669,ST金鸿,1.0
20260514,ZT,sz000609,*ST中迪,1.0
20260514,ZT,sh600238,*ST椰岛 ,1.0
20260514,ZT,sh603377,ST东时  ,1.0
20260514,ZT,sh603813,*ST原尚 ,1.0
20260514,ZT,sh688281,华秦科技,1.0
20260514,ZT,sh603016,新宏泰  ,1.0
20260514,ZT,sh603903,中持股份,1.0
20260514,ZT,sh603610,麒盛科技,1.0
20260514,ZT,sz002976,瑞玛精密,1.0
20260515,ZT,sz002918,蒙娜丽莎,6.0
20260515,ZT,sz001259,利仁科技,5.0
20260515,ZT,sh600578,京能电力,3.0
20260515,ZT,sh603779,威龙股份,3.0
20260515,ZT,sz002971,和远气体,2.0
20260515,ZT,sh603082,北自科技,2.0
20260515,ZT,sh600784,鲁银投资,1.0
20260515,ZT,sh603767,中马传动,1.0
20260515,ZT,sh603370,华新精科,1.0
20260515,ZT,sz002892,科力尔,1.0
20260515,ZT,sz002979,雷赛智能,1.0
20260515,ZT,sz002031,巨轮智能,1.0
20260515,ZT,sz300276,三丰智能,1.0
20260515,ZT,sh603677,奇精机械,1.0
20260515,ZT,sh603040,新坐标  ,1.0
20260515,ZT,sz301696,三瑞智能,1.0
20260515,ZT,sz002196,方正电机,1.0
20260515,ZT,sh688697,纽威数控,1.0
20260515,ZT,sz002915,中欣氟材,1.0
20260515,ZT,sh601678,滨化股份,1.0
20260515,ZT,sh603505,金石资源,1.0
20260515,ZT,sz002407,多氟多,1.0
20260515,ZT,sh603333,尚纬股份,1.0
20260515,ZT,sh688549,中巨芯-U,1.0
20260515,ZT,sh603078,江化微  ,1.0
20260515,ZT,sh603310,巍华新材,1.0
20260515,ZT,sz300721,怡达股份,1.0
20260515,ZT,sz001333,光华股份,1.0
20260515,ZT,sh601133,柏诚股份,1.0
20260515,ZT,sh603598,引力传媒,1.0
20260515,ZT,sh600088,中视传媒,1.0
20260515,ZT,sh600386,北巴传媒,1.0
20260515,ZT,sh605099,共创草坪,1.0
20260515,ZT,sz002395,双象股份,1.0
20260515,ZT,sz002181,粤 传 媒,1.0
20260515,ZT,sh603390,通达电气,1.0
20260515,ZT,sh600081,东风科技,1.0
20260515,ZT,sh603386,骏亚科技,1.0
20260515,ZT,sh603520,司太立  ,1.0
20260515,ZT,sz300878,维康药业,1.0
20260515,ZT,sh603278,大业股份,1.0
20260515,ZT,sz300263,隆华科技,1.0
20260515,ZT,sh601991,大唐发电,1.0
20260515,ZT,sh603248,锡华科技,1.0
20260515,ZT,sz002421,达实智能,1.0
20260515,ZT,sh600381,*ST春天 ,1.0
20260515,ZT,sz002207,*ST准油,1.0
20260515,ZT,sz002856,*ST美芝,1.0
20260515,ZT,sh603559,ST通脉  ,1.0
20260515,ZT,sz002514,*ST宝馨,1.0
20260515,ZT,sh603378,*ST亚士 ,1.0
20260515,ZT,sz000826,*ST启环,1.0
20260515,ZT,sz002175,*ST东智,1.0
20260515,ZT,sh600289,ST信通  ,1.0
20260515,ZT,sz000669,ST金鸿,1.0
20260515,ZT,sh600568,ST中珠  ,1.0
20260515,ZT,sz000668,*ST荣控,1.0
20260515,ZT,sh603008,ST喜临门,1.0
20260515,ZT,sh603389,*ST亚振 ,1.0
20260515,ZT,sz000518,*ST四环,1.0
20260515,ZT,sz000595,*ST宝实,1.0
20260515,ZT,sz002581,*ST未名,1.0
20260515,ZT,sz000608,*ST阳光,1.0
20260515,ZT,sz002374,中锐股份,1.0
20260515,ZT,sh600510,黑牡丹  ,1.0
20260515,ZT,sh603697,XD有友食,1.0
20260515,ZT,sh603363,傲农生物,1.0
20260515,ZT,sh601996,丰林集团,1.0
20260515,ZT,sz002348,高乐股份,1.0
20260515,ZT,sz002066,瑞泰科技,1.0
20260515,ZT,sz002729,好利科技,1.0
20260515,ZT,sz301081,严牌股份,1.0
20260518,ZT,sz001259,利仁科技,6.0
20260518,ZT,sh600578,京能电力,4.0
20260518,ZT,sh603779,威龙股份,4.0
20260518,ZT,sh603082,北自科技,3.0
20260518,ZT,sh603311,金海高科,2.0
20260518,ZT,sz002374,中锐股份,2.0
20260518,ZT,sh601133,柏诚股份,2.0
20260518,ZT,sz002421,达实智能,2.0
20260518,ZT,sh601678,滨化股份,2.0
20260518,ZT,sz002208,合肥城建,1.0
20260518,ZT,sz002654,万润科技,1.0
20260518,ZT,sh603156,养元饮品,1.0
20260518,ZT,sz000417,合百集团,1.0
20260518,ZT,sh603726,朗迪集团,1.0
20260518,ZT,sz000672,上峰水泥,1.0
20260518,ZT,sz000021,深科技,1.0
20260518,ZT,sh603360,百傲化学,1.0
20260518,ZT,sh605303,园林股份,1.0
20260518,ZT,sz300302,同有科技,1.0
20260518,ZT,sh600909,华安证券,1.0
20260518,ZT,sz000685,中山公用,1.0
20260518,ZT,sh603316,诚邦股份,1.0
20260518,ZT,sz301666,大普微-UW,1.0
20260518,ZT,sz002853,皮阿诺,1.0
20260518,ZT,sh603060,国检集团,1.0
20260518,ZT,sh600992,贵绳股份,1.0
20260518,ZT,sh603859,能科科技,1.0
20260518,ZT,sh603601,再升科技,1.0
20260518,ZT,sh688811,有研复材,1.0
20260518,ZT,sz000962,东方钽业,1.0
20260518,ZT,sz002927,泰永长征,1.0
20260518,ZT,sh600758,辽宁能源,1.0
20260518,ZT,sz001258,立新能源,1.0
20260518,ZT,sh603693,江苏新能,1.0
20260518,ZT,sh600032,浙江新能,1.0
20260518,ZT,sh605318,法狮龙  ,1.0
20260518,ZT,sh600640,国脉文化,1.0
20260518,ZT,sz301313,凡拓数创,1.0
20260518,ZT,sz002354,天娱数科,1.0
20260518,ZT,sh600446,金证股份,1.0
20260518,ZT,sh688507,索辰科技,1.0
20260518,ZT,sh603989,艾华集团,1.0
20260518,ZT,sh603121,华培动力,1.0
20260518,ZT,sh603358,华达科技,1.0
20260518,ZT,sz002980,华盛昌,1.0
20260518,ZT,sz000988,华工科技,1.0
20260518,ZT,sh603031,安孚科技,1.0
20260518,ZT,sz002515,金字火腿,1.0
20260518,ZT,sz300657,弘信电子,1.0
20260518,ZT,sh600850,电科数字,1.0
20260518,ZT,sh600996,贵广网络,1.0
20260518,ZT,sh603206,嘉环科技,1.0
20260518,ZT,sz301599,理奇智能,1.0
20260518,ZT,bj920178,锐翔智能,1.0
20260518,ZT,sz301531,春光集团,1.0
20260518,ZT,sh605218,伟时电子,1.0
20260518,ZT,sz002888,惠威科技,1.0
20260518,ZT,sz002635,安洁科技,1.0
20260518,ZT,sz003018,金富科技,1.0
20260518,ZT,sz002272,川润股份,1.0
20260518,ZT,sh600183,生益科技,1.0
20260518,ZT,sz002552,宝鼎科技,1.0
20260518,ZT,sh603938,三孚股份,1.0
20260518,ZT,sh688143,长盈通  ,1.0
20260518,ZT,sh600903,贵州燃气,1.0
20260518,ZT,sh600339,中油工程,1.0
20260518,ZT,sh601126,四方股份,1.0
20260518,ZT,sz002121,科陆电子,1.0
20260518,ZT,sh600714,金瑞矿业,1.0
20260518,ZT,sh605123,派克新材,1.0
20260518,ZT,sz000711,ST京蓝,1.0
20260518,ZT,sh600730,*ST高科 ,1.0
20260518,ZT,sz002514,*ST宝馨,1.0
20260518,ZT,sh603378,*ST亚士 ,1.0
20260518,ZT,sz000669,ST金鸿,1.0
20260518,ZT,sh600568,ST中珠  ,1.0
20260518,ZT,sh603008,ST喜临门,1.0
20260518,ZT,sh600818,ST中路  ,1.0
20260518,ZT,sh600965,*ST福成 ,1.0
20260518,ZT,sz300212,*ST易录,1.0
20260518,ZT,sz002055,ST得润,1.0
20260518,ZT,sh603580,*ST艾艾 ,1.0
20260518,ZT,sh605199,ST葫芦娃,1.0
20260518,ZT,sz000909,*ST数源,1.0
20260518,ZT,sz003004,*ST声迅,1.0
20260518,ZT,sh603398,*ST沐邦 ,1.0
20260518,ZT,sz002431,ST棕榈,1.0
20260518,ZT,sz000911,*ST广糖,1.0
20260518,ZT,sz002822,ST中装,1.0
20260518,ZT,sz002360,ST同德,1.0
20260518,ZT,sh600500,中化国际,1.0
20260518,ZT,sz002030,达安基因,1.0
20260518,ZT,sh600676,交运股份,1.0
20260518,ZT,sh600769,祥龙电业,1.0
20260518,ZT,sz000006,深振业Ａ,1.0
20260518,ZT,sh603115,海星股份,1.0
20260518,ZT,sz000571,新大洲A,1.0
20260518,ZT,sh603303,得邦照明,1.0
20260518,ZT,sh603191,望变电气,1.0
20260518,ZT,sz002881,美格智能,1.0
20260518,ZT,sh603657,春光科技,1.0
20260518,ZT,sh600847,万里股份,1.0
20260519,ZT,sz001259,利仁科技,7.0
20260519,ZT,sh603779,威龙股份,5.0
20260519,ZT,sh603082,北自科技,4.0
20260519,ZT,sh603311,金海高科,3.0
20260519,ZT,sz002421,达实智能,3.0
20260519,ZT,sh600850,电科数字,2.0
20260519,ZT,sh605218,伟时电子,2.0
20260519,ZT,sz002272,川润股份,2.0
20260519,ZT,sh600758,辽宁能源,2.0
20260519,ZT,sh600903,贵州燃气,2.0
20260519,ZT,sh603206,嘉环科技,2.0
20260519,ZT,sz002552,宝鼎科技,2.0
20260519,ZT,sz000417,合百集团,2.0
20260519,ZT,sh603989,艾华集团,2.0
20260519,ZT,sh603938,三孚股份,2.0
20260519,ZT,sh603316,诚邦股份,2.0
20260519,ZT,sz002208,合肥城建,2.0
20260519,ZT,sh603115,海星股份,2.0
20260519,ZT,sz300657,弘信电子,2.0
20260519,ZT,sh605488,福莱新材,1.0
20260519,ZT,sz002178,延华智能,1.0
20260519,ZT,sz002067,景兴纸业,1.0
20260519,ZT,sh603466,风语筑  ,1.0
20260519,ZT,sz000910,大亚圣象,1.0
20260519,ZT,sh603178,圣龙股份,1.0
20260519,ZT,sh605288,凯迪股份,1.0
20260519,ZT,sz001326,联域股份,1.0
20260519,ZT,sh688360,德马科技,1.0
20260519,ZT,sh600835,上海机电,1.0
20260519,ZT,sz300634,彩讯股份,1.0
20260519,ZT,sh603163,圣晖集成,1.0
20260519,ZT,sz301379,天山电子,1.0
20260519,ZT,sh600246,万通发展,1.0
20260519,ZT,sh688419,耐科装备,1.0
20260519,ZT,sz002845,同兴达,1.0
20260519,ZT,sh605358,立昂微  ,1.0
20260519,ZT,sh688126,沪硅产业,1.0
20260519,ZT,sh600863,华能蒙电,1.0
20260519,ZT,sh600021,上海电力,1.0
20260519,ZT,sh600310,广西能源,1.0
20260519,ZT,sz000600,建投能源,1.0
20260519,ZT,sh600452,涪陵电力,1.0
20260519,ZT,sh601222,林洋能源,1.0
20260519,ZT,sz001896,豫能控股,1.0
20260519,ZT,sz000899,赣能股份,1.0
20260519,ZT,sz002893,京能热力,1.0
20260519,ZT,sz002375,亚厦股份,1.0
20260519,ZT,sh603636,南威软件,1.0
20260519,ZT,sz300608,思特奇,1.0
20260519,ZT,sh601929,吉视传媒,1.0
20260519,ZT,sh600831,广电网络,1.0
20260519,ZT,sz002123,梦网科技,1.0
20260519,ZT,sh600186,莲花控股,1.0
20260519,ZT,sz000586,汇源通信,1.0
20260519,ZT,sh688182,灿勤科技,1.0
20260519,ZT,sh600353,旭光电子,1.0
20260519,ZT,sz000026,飞亚达,1.0
20260519,ZT,sz300632,光莆股份,1.0
20260519,ZT,sz002281,光迅科技,1.0
20260519,ZT,sh603083,XD剑桥科,1.0
20260519,ZT,sh600481,双良节能,1.0
20260519,ZT,sh600506,统一股份,1.0
20260519,ZT,sz002831,裕同科技,1.0
20260519,ZT,sz000811,冰轮环境,1.0
20260519,ZT,sz002782,可立克,1.0
20260519,ZT,sh603333,尚纬股份,1.0
20260519,ZT,sz002150,正泰电源,1.0
20260519,ZT,sz301120,新特电气,1.0
20260519,ZT,sz301176,逸豪新材,1.0
20260519,ZT,sh603380,易德龙  ,1.0
20260519,ZT,sh688610,埃科光电,1.0
20260519,ZT,sh603067,振华股份,1.0
20260519,ZT,sz002246,北化股份,1.0
20260519,ZT,sz002226,江南化工,1.0
20260519,ZT,sh603823,百合花  ,1.0
20260519,ZT,sz000636,风华高科,1.0
20260519,ZT,sh688260,昀冢科技,1.0
20260519,ZT,sh605376,博迁新材,1.0
20260519,ZT,sh600563,法拉电子,1.0
20260519,ZT,sz002484,江海股份,1.0
20260519,ZT,sh603727,博迈科  ,1.0
20260519,ZT,sz002173,创新医疗,1.0
20260519,ZT,sh603108,润达医疗,1.0
20260519,ZT,sz002207,*ST准油,1.0
20260519,ZT,sh603272,*ST联翔 ,1.0
20260519,ZT,sz002856,*ST美芝,1.0
20260519,ZT,sz002514,*ST宝馨,1.0
20260519,ZT,sz000669,ST金鸿,1.0
20260519,ZT,sz000909,*ST数源,1.0
20260519,ZT,sh603008,ST喜临门,1.0
20260519,ZT,sh600965,*ST福成 ,1.0
20260519,ZT,sz002713,*ST东易,1.0
20260519,ZT,sh600302,ST标准  ,1.0
20260519,ZT,sz002055,ST得润,1.0
20260519,ZT,sz000609,*ST中迪,1.0
20260519,ZT,sh600340,*ST华幸 ,1.0
20260519,ZT,sh603359,*ST东珠 ,1.0
20260519,ZT,sz002592,ST八菱,1.0
20260519,ZT,sz002691,*ST冀凯,1.0
20260519,ZT,sh600165,ST宁科  ,1.0
20260519,ZT,sh600734,*ST实达 ,1.0
20260519,ZT,sz000821,ST京机,1.0
20260519,ZT,sz000903,ST云动,1.0
20260519,ZT,sh600491,ST龙元  ,1.0
20260519,ZT,sh603959,ST百利  ,1.0
20260519,ZT,sh600053,*ST九鼎 ,1.0
20260519,ZT,sz000639,ST西王,1.0
20260519,ZT,sh600239,ST云城  ,1.0
20260519,ZT,sz000016,*ST康佳A,1.0
20260519,ZT,sh601718,ST际华  ,1.0
20260519,ZT,sh600537,*ST亿晶 ,1.0
20260519,ZT,sz300152,*ST动力,1.0
20260519,ZT,sh603822,ST嘉澳  ,1.0
20260519,ZT,sz002512,ST达华,1.0
20260519,ZT,sz002323,*ST雅博,1.0
20260519,ZT,sh600626,申达股份,1.0
20260519,ZT,sh600936,北投科技,1.0
20260519,ZT,sh603608,天创时尚,1.0
20260519,ZT,sz002135,东南网架,1.0
20260519,ZT,sh603999,读者传媒,1.0
20260519,ZT,sz300616,尚品宅配,1.0
20260519,ZT,sz002988,豪美新材,1.0
20260520,ZT,sz001259,利仁科技,8.0
20260520,ZT,sh603779,威龙股份,6.0
20260520,ZT,sz002421,达实智能,4.0
20260520,ZT,sz002272,川润股份,3.0
20260520,ZT,sz000417,合百集团,3.0
20260520,ZT,sh603938,三孚股份,3.0
20260520,ZT,sh603316,诚邦股份,3.0
20260520,ZT,sh605288,凯迪股份,2.0
20260520,ZT,sz003004,声迅股份,2.0
20260520,ZT,sz002782,可立克,2.0
20260520,ZT,sh600563,法拉电子,2.0
20260520,ZT,sh601133,柏诚股份,1.0
20260520,ZT,sz002654,万润科技,1.0
20260520,ZT,sh600604,市北高新,1.0
20260520,ZT,sz001269,欧晶科技,1.0
20260520,ZT,sh600611,大众交通,1.0
20260520,ZT,sh603005,晶方科技,1.0
20260520,ZT,sh603687,大胜达  ,1.0
20260520,ZT,sh688584,上海合晶,1.0
20260520,ZT,sh603353,和顺石油,1.0
20260520,ZT,sh600895,张江高科,1.0
20260520,ZT,sz000859,国风新材,1.0
20260520,ZT,sz301013,利和兴,1.0
20260520,ZT,sh600962,国投中鲁,1.0
20260520,ZT,sh603324,盛剑科技,1.0
20260520,ZT,sh603061,金海通  ,1.0
20260520,ZT,sz002169,智光电气,1.0
20260520,ZT,sh688449,联芸科技,1.0
20260520,ZT,sh603986,兆易创新,1.0
20260520,ZT,sh603375,盛景微  ,1.0
20260520,ZT,sh603790,雅运股份,1.0
20260520,ZT,sh600615,鑫源智造,1.0
20260520,ZT,sz001313,粤海饲料,1.0
20260520,ZT,sz002645,华宏科技,1.0
20260520,ZT,sz003036,泰坦股份,1.0
20260520,ZT,sz002158,汉钟精机,1.0
20260520,ZT,sh603090,宏盛股份,1.0
20260520,ZT,sz002126,银轮股份,1.0
20260520,ZT,sz001266,宏英智能,1.0
20260520,ZT,sz002407,多氟多,1.0
20260520,ZT,sz000716,黑芝麻,1.0
20260520,ZT,sz002442,龙星科技,1.0
20260520,ZT,sz002787,华源控股,1.0
20260520,ZT,sz000695,滨海能源,1.0
20260520,ZT,sz301092,争光股份,1.0
20260520,ZT,sh603618,杭电股份,1.0
20260520,ZT,sh603186,华正新材,1.0
20260520,ZT,sh603919,金徽酒  ,1.0
20260520,ZT,sh600530,交大昂立,1.0
20260520,ZT,sz000880,潍柴重机,1.0
20260520,ZT,sz301020,密封科技,1.0
20260520,ZT,sz002796,世嘉科技,1.0
20260520,ZT,sz002514,*ST宝馨,1.0
20260520,ZT,sh603008,ST喜临门,1.0
20260520,ZT,sh600302,ST标准  ,1.0
20260520,ZT,sz002055,ST得润,1.0
20260520,ZT,sh600678,ST金顶  ,1.0
20260520,ZT,sz301139,*ST元道,1.0
20260520,ZT,sh603517,ST绝味  ,1.0
20260520,ZT,sh600238,*ST椰岛 ,1.0
20260520,ZT,sz000518,四环生物,1.0
20260520,ZT,sz301322,绿通科技,1.0
20260520,ZT,sz300069,金利华电,1.0
20260520,ZT,sz000809,和展能源,1.0
20260520,ZT,sz000926,福星股份,1.0
20260520,ZT,sz002072,凯瑞德,1.0
20260520,ZT,sz000890,法尔胜,1.0
20260520,ZT,sh688323,瑞华泰  ,1.0
20260520,ZT,sh603663,三祥新材,1.0
20260521,ZT,sh603779,威龙股份,7.0
20260521,ZT,sh603316,诚邦股份,4.0
20260521,ZT,sh600611,大众交通,2.0
20260521,ZT,sz002442,龙星科技,2.0
20260521,ZT,sz000518,四环生物,2.0
20260521,ZT,sz300069,金利华电,2.0
20260521,ZT,sz002952,亚世光电,1.0
20260521,ZT,sz002036,联创电子,1.0
20260521,ZT,sz002766,索菱股份,1.0
20260521,ZT,sz002703,浙江世宝,1.0
20260521,ZT,sz002920,德赛西威,1.0
20260521,ZT,sh603590,康辰药业,1.0
20260521,ZT,sz000403,派林生物,1.0
20260521,ZT,sh603127,昭衍新药,1.0
20260521,ZT,sh603767,中马传动,1.0
20260521,ZT,sz002931,锋龙股份,1.0
20260521,ZT,sh603373,安邦护卫,1.0
20260521,ZT,sh688055,龙腾光电,1.0
20260521,ZT,sz000725,京东方Ａ,1.0
20260521,ZT,sz000536,华映科技,1.0
20260521,ZT,sh600578,京能电力,1.0
20260521,ZT,sz001896,豫能控股,1.0
20260521,ZT,sh600360,华微电子,1.0
20260521,ZT,sz003007,直真科技,1.0
20260521,ZT,sh600156,华升股份,1.0
20260521,ZT,sh605199,ST葫芦娃,1.0
20260521,ZT,sh600745,*ST闻泰 ,1.0
20260521,ZT,sh600936,北投科技,1.0
20260521,ZT,sz002888,惠威科技,1.0
20260521,ZT,sh600382,广东明珠,1.0
20260521,ZT,sz002940,昂利康,1.0
20260521,ZT,sz001225,和泰机电,1.0
20260521,ZT,sz000012,南  玻Ａ,1.0
20260521,ZT,bj920001,纬达光电,1.0
20260521,ZT,sh603661,恒林股份,1.0
20260521,ZT,sh600303,曙光股份,1.0
20260522,ZT,sh600611,大众交通,3.0
20260522,ZT,sz002442,龙星科技,3.0
20260522,ZT,sz000518,四环生物,3.0
20260522,ZT,sz300069,金利华电,3.0
20260522,ZT,sh600303,曙光股份,2.0
20260522,ZT,sh603661,恒林股份,2.0
20260522,ZT,sz002036,联创电子,2.0
20260522,ZT,sz000725,京东方Ａ,2.0
20260522,ZT,sz002931,锋龙股份,2.0
20260522,ZT,sz000012,南  玻Ａ,2.0
20260522,ZT,sz001225,和泰机电,2.0
20260522,ZT,sz002552,宝鼎科技,1.0
20260522,ZT,sh603186,华正新材,1.0
20260522,ZT,sh600186,莲花控股,1.0
20260522,ZT,sz002938,鹏鼎控股,1.0
20260522,ZT,sh688603,天承科技,1.0
20260522,ZT,sh600545,卓郎智能,1.0
20260522,ZT,sh603228,景旺电子,1.0
20260522,ZT,sh605006,山东玻纤,1.0
20260522,ZT,sh603256,宏和科技,1.0
20260522,ZT,sz000657,中钨高新,1.0
20260522,ZT,sz301628,强达电路,1.0
20260522,ZT,sh688020,方邦股份,1.0
20260522,ZT,sz301377,鼎泰高科,1.0
20260522,ZT,sz300243,瑞丰高材,1.0
20260522,ZT,sh600183,生益科技,1.0
20260522,ZT,sz002080,中材科技,1.0
20260522,ZT,sh601208,东材科技,1.0
20260522,ZT,sz002463,沪电股份,1.0
20260522,ZT,sz002916,深南电路,1.0
20260522,ZT,sh603936,博敏电子,1.0
20260522,ZT,sz002741,光华科技,1.0
20260522,ZT,sz301362,民爆光电,1.0
20260522,ZT,sh600601,方正科技,1.0
20260522,ZT,sh603806,福斯特  ,1.0
20260522,ZT,sh603459,红板科技,1.0
20260522,ZT,sz000417,合百集团,1.0
20260522,ZT,sh600539,狮头股份,1.0
20260522,ZT,sh603931,格林达  ,1.0
20260522,ZT,sz002453,华软科技,1.0
20260522,ZT,sh603867,新化股份,1.0
20260522,ZT,sh603800,洪田股份,1.0
20260522,ZT,sh688512,慧智微-U,1.0
20260522,ZT,sz000670,盈方微,1.0
20260522,ZT,sz301013,利和兴,1.0
20260522,ZT,sz000026,飞亚达,1.0
20260522,ZT,sh600683,京投发展,1.0
20260522,ZT,sz002725,跃岭股份,1.0
20260522,ZT,sz002980,华盛昌,1.0
20260522,ZT,sz301312,智立方,1.0
20260522,ZT,sz002273,水晶光电,1.0
20260522,ZT,sz002897,意华股份,1.0
20260522,ZT,sz000636,风华高科,1.0
20260522,ZT,sh605376,博迁新材,1.0
20260522,ZT,sh688260,昀冢科技,1.0
20260522,ZT,sz002585,双星新材,1.0
20260522,ZT,sh603678,火炬电子,1.0
20260522,ZT,sz002859,洁美科技,1.0
20260522,ZT,sh603267,鸿远电子,1.0
20260522,ZT,sh600563,法拉电子,1.0
20260522,ZT,sh603989,艾华集团,1.0
20260522,ZT,sz002806,华锋股份,1.0
20260522,ZT,sh600888,新疆众和,1.0
20260522,ZT,sh605180,华生科技,1.0
20260522,ZT,sz000962,东方钽业,1.0
20260522,ZT,sz300174,元力股份,1.0
20260522,ZT,sh600503,华丽家族,1.0
20260522,ZT,sz300907,康平科技,1.0
20260522,ZT,sh603960,克来机电,1.0
20260522,ZT,sz002823,凯中精密,1.0
20260522,ZT,sh603663,三祥新材,1.0
20260522,ZT,sz000510,新金路,1.0
20260522,ZT,sz000060,中金岭南,1.0
20260522,ZT,sz000630,铜陵有色,1.0
20260522,ZT,sh600497,驰宏锌锗,1.0
20260522,ZT,sz002733,雄韬股份,1.0
20260522,ZT,sz002121,科陆电子,1.0
20260522,ZT,sz002885,京泉华,1.0
20260522,ZT,sz002993,奥海科技,1.0
20260522,ZT,sz002245,蔚蓝锂芯,1.0
20260522,ZT,sh603379,三美股份,1.0
20260522,ZT,sh600596,新安股份,1.0
20260522,ZT,sh605366,宏柏新材,1.0
20260522,ZT,sh600160,巨化股份,1.0
20260522,ZT,sh600172,黄河旋风,1.0
20260522,ZT,sh605580,恒盛能源,1.0
20260522,ZT,sz002046,国机精工,1.0
20260522,ZT,sz300179,四方达,1.0
20260522,ZT,sz002272,川润股份,1.0
20260522,ZT,sz002975,博杰股份,1.0
20260522,ZT,sh603890,春秋电子,1.0
20260522,ZT,sh603269,海鸥股份,1.0
20260522,ZT,sh600234,科新发展,1.0
20260522,ZT,sz000818,航锦科技,1.0
20260522,ZT,sz000997,新 大 陆,1.0
20260522,ZT,sh601992,金隅集团,1.0
20260522,ZT,sz301588,美新科技,1.0
20260522,ZT,sh603976,正川股份,1.0
20260522,ZT,sh603439,三力制药,1.0
20260522,ZT,sz002826,易明医药,1.0
20260522,ZT,sh600714,金瑞矿业,1.0
20260522,ZT,sz002421,达实智能,1.0
20260522,ZT,sz002432,九安医疗,1.0
20260522,ZT,sh600719,大连热电,1.0
20260522,ZT,sh605500,森林包装,1.0
20260522,ZT,sh603232,格尔软件,1.0
20260522,ZT,sz002055,ST得润,1.0
20260522,ZT,sh603595,ST东尼  ,1.0
20260522,ZT,sz002634,*ST棒杰,1.0
20260522,ZT,sz002175,*ST东智,1.0
20260522,ZT,sz002193,ST如意,1.0
20260522,ZT,sz002199,*ST东晶,1.0
20260522,ZT,sz002667,*ST威领,1.0
20260522,ZT,sh603922,ST金鸿顺,1.0
20260522,ZT,sz002431,ST棕榈,1.0
20260522,ZT,sz000711,ST京蓝,1.0
20260522,ZT,sz002076,*ST星光,1.0
20260522,ZT,sz002762,*ST金比,1.0
20260522,ZT,sh603721,*ST天择 ,1.0
20260522,ZT,sz002496,*ST辉丰,1.0
20260522,ZT,sz000595,*ST宝实,1.0
20260522,ZT,sz002253,*ST智胜,1.0
20260522,ZT,sz002501,*ST利源,1.0
20260522,ZT,sh600892,*ST大晟 ,1.0
20260522,ZT,sz000826,*ST启环,1.0
20260522,ZT,sh603021,*ST华鹏 ,1.0
20260522,ZT,sh603261,*ST立航 ,1.0
20260522,ZT,sh603115,海星股份,1.0
20260522,ZT,sh600530,交大昂立,1.0
20260522,ZT,sh603001,奥康国际,1.0
20260522,ZT,sz002606,大连电瓷,1.0
20260522,ZT,sz001366,播恩集团,1.0
20260522,ZT,sh600191,华资实业,1.0
20260522,ZT,sh600416,湘电股份,1.0
20260522,ZT,sz000532,华金资本,1.0
20260522,ZT,sh603223,恒通股份,1.0
20260525,ZT,sz000518,四环生物,4.0
20260525,ZT,sh603661,恒林股份,3.0
20260525,ZT,sz002897,意华股份,2.0
20260525,ZT,sh600172,黄河旋风,2.0
20260525,ZT,sh605580,恒盛能源,2.0
20260525,ZT,sh600539,狮头股份,2.0
20260525,ZT,sz002938,鹏鼎控股,2.0
20260525,ZT,sz002741,光华科技,2.0
20260525,ZT,sz002980,华盛昌,2.0
20260525,ZT,sz002585,双星新材,2.0
20260525,ZT,sz000510,新金路,2.0
20260525,ZT,sh600503,华丽家族,2.0
20260525,ZT,sz002975,博杰股份,2.0
20260525,ZT,sh600186,莲花控股,2.0
20260525,ZT,sz002421,达实智能,2.0
20260525,ZT,sh603256,宏和科技,2.0
20260525,ZT,sz002552,宝鼎科技,2.0
20260525,ZT,sh603663,三祥新材,2.0
20260525,ZT,sh603936,博敏电子,2.0
20260525,ZT,sh603001,奥康国际,2.0
20260525,ZT,sz002432,九安医疗,2.0
20260525,ZT,sz000636,风华高科,2.0
20260525,ZT,sh600234,科新发展,2.0
20260525,ZT,sh603005,晶方科技,1.0
20260525,ZT,sh605111,新洁能  ,1.0
20260525,ZT,sz002185,华天科技,1.0
20260525,ZT,sh603823,百合花  ,1.0
20260525,ZT,sz002388,新亚制程,1.0
20260525,ZT,sh688110,东芯股份,1.0
20260525,ZT,sh688001,华兴源创,1.0
20260525,ZT,sz002438,江苏神通,1.0
20260525,ZT,sh600520,三佳科技,1.0
20260525,ZT,sh603010,万盛股份,1.0
20260525,ZT,sh605588,冠石科技,1.0
20260525,ZT,sh603360,百傲化学,1.0
20260525,ZT,sz300975,商络电子,1.0
20260525,ZT,sh688347,华虹公司,1.0
20260525,ZT,sh688362,甬矽电子,1.0
20260525,ZT,sz002156,通富微电,1.0
20260525,ZT,sz002745,木林森,1.0
20260525,ZT,sh600584,长电科技,1.0
20260525,ZT,sz002409,雅克科技,1.0
20260525,ZT,sh600578,京能电力,1.0
20260525,ZT,sz000875,电投绿能,1.0
20260525,ZT,sh600726,华电能源,1.0
20260525,ZT,sh600310,广西能源,1.0
20260525,ZT,sz000966,长源电力,1.0
20260525,ZT,sh600863,华能蒙电,1.0
20260525,ZT,sh600969,郴电国际,1.0
20260525,ZT,sh600396,华电辽能,1.0
20260525,ZT,sz002951,金时科技,1.0
20260525,ZT,sz002957,科瑞技术,1.0
20260525,ZT,sz300939,秋田微,1.0
20260525,ZT,sh603203,快克智能,1.0
20260525,ZT,sh603083,剑桥科技,1.0
20260525,ZT,sz000988,华工科技,1.0
20260525,ZT,sz300196,长海股份,1.0
20260525,ZT,sz003036,泰坦股份,1.0
20260525,ZT,sz002674,兴业科技,1.0
20260525,ZT,sh603730,岱美股份,1.0
20260525,ZT,sz300626,华瑞股份,1.0
20260525,ZT,sh600592,龙溪股份,1.0
20260525,ZT,sz300275,梅安森,1.0
20260525,ZT,sz000409,云鼎科技,1.0
20260525,ZT,sz002526,山东矿机,1.0
20260525,ZT,sh601608,中信重工,1.0
20260525,ZT,sz002645,华宏科技,1.0
20260525,ZT,sz300779,惠城环保,1.0
20260525,ZT,sz002056,横店东磁,1.0
20260525,ZT,sz300835,龙磁科技,1.0
20260525,ZT,sh600831,广电网络,1.0
20260525,ZT,sh600996,贵广网络,1.0
20260525,ZT,sh605566,福莱蒽特,1.0
20260525,ZT,sh603990,麦迪科技,1.0
20260525,ZT,sh603956,威派格  ,1.0
20260525,ZT,sz300868,杰美特,1.0
20260525,ZT,sz000926,福星股份,1.0
20260525,ZT,sh600162,香江控股,1.0
20260525,ZT,sh600376,首开股份,1.0
20260525,ZT,sh603871,嘉友国际,1.0
20260525,ZT,sh600603,广汇物流,1.0
20260525,ZT,sz002051,中工国际,1.0
20260525,ZT,sh603919,金徽酒  ,1.0
20260525,ZT,sh605198,安德利  ,1.0
20260525,ZT,sz000995,皇台酒业,1.0
20260525,ZT,sh600395,盘江股份,1.0
20260525,ZT,sh601666,平煤股份,1.0
20260525,ZT,sz002927,泰永长征,1.0
20260525,ZT,sz002851,麦格米特,1.0
20260525,ZT,sz002947,恒铭达,1.0
20260525,ZT,sz002297,博云新材,1.0
20260525,ZT,sz000509,华塑控股,1.0
20260525,ZT,sz002514,*ST宝馨,1.0
20260525,ZT,sz000711,ST京蓝,1.0
20260525,ZT,sz002055,ST得润,1.0
20260525,ZT,sh600302,ST标准  ,1.0
20260525,ZT,sz002199,*ST东晶,1.0
20260525,ZT,sz002667,*ST威领,1.0
20260525,ZT,sh603595,ST东尼  ,1.0
20260525,ZT,sz002634,*ST棒杰,1.0
20260525,ZT,sz002175,*ST东智,1.0
20260525,ZT,sh603021,*ST华鹏 ,1.0
20260525,ZT,sh600745,*ST闻泰 ,1.0
20260525,ZT,sh603517,ST绝味  ,1.0
20260525,ZT,sz002323,*ST雅博,1.0
20260525,ZT,sz002691,*ST冀凯,1.0
20260525,ZT,sh603272,*ST联翔 ,1.0
20260525,ZT,sz000056,*ST皇庭,1.0
20260525,ZT,sh600735,ST新华锦,1.0
20260525,ZT,sh600730,*ST高科 ,1.0
20260525,ZT,sh600381,*ST春天 ,1.0
20260525,ZT,sz002207,*ST准油,1.0
20260525,ZT,sz002856,*ST美芝,1.0
20260525,ZT,sz000016,*ST康佳A,1.0
20260525,ZT,sh600370,*ST三房 ,1.0
20260525,ZT,sh600889,*ST京化 ,1.0
20260525,ZT,sh603378,*ST亚士 ,1.0
20260525,ZT,sz002735,王子新材,1.0
20260525,ZT,sz002976,瑞玛精密,1.0
20260525,ZT,sz002012,凯恩股份,1.0
20260525,ZT,sh600637,东方明珠,1.0
20260525,ZT,sz000980,众泰汽车,1.0
20260525,ZT,sz002718,友邦吊顶,1.0
20260525,ZT,sz002613,北玻股份,1.0
20260525,ZT,sh600851,海欣股份,1.0
20260525,ZT,sz002693,双成药业,1.0
20260525,ZT,sz000564,供销大集,1.0
20260525,ZT,sh603303,得邦照明,1.0
20260526,ZT,sh600172,黄河旋风,3.0
20260526,ZT,sz002585,双星新材,3.0
20260526,ZT,sz000510,新金路,3.0
20260526,ZT,sz002552,宝鼎科技,3.0
20260526,ZT,sh600726,华电能源,2.0
20260526,ZT,sz002388,新亚制程,2.0
20260526,ZT,sh600584,长电科技,2.0
20260526,ZT,sh600520,三佳科技,2.0
20260526,ZT,sz002185,华天科技,2.0
20260526,ZT,sz000509,华塑控股,2.0
20260526,ZT,sh600162,香江控股,2.0
20260526,ZT,sz003036,泰坦股份,2.0
20260526,ZT,sz000506,招金黄金,1.0
20260526,ZT,sh601958,金钼股份,1.0
20260526,ZT,sz001257,盛龙股份,1.0
20260526,ZT,sz001376,百通能源,1.0
20260526,ZT,sh601600,中国铝业,1.0
20260526,ZT,sh600301,华锡有色,1.0
20260526,ZT,sh605006,山东玻纤,1.0
20260526,ZT,sh600183,生益科技,1.0
20260526,ZT,sz002579,中京电子,1.0
20260526,ZT,sh688183,生益电子,1.0
20260526,ZT,sh603685,晨丰科技,1.0
20260526,ZT,sh600378,昊华科技,1.0
20260526,ZT,sh603353,和顺石油,1.0
20260526,ZT,sz001331,胜通能源,1.0
20260526,ZT,sh600635,大众公用,1.0
20260526,ZT,sz002896,中大力德,1.0
20260526,ZT,sh600173,卧龙新能,1.0
20260526,ZT,sh600021,上海电力,1.0
20260526,ZT,sz300795,米奥会展,1.0
20260526,ZT,sz002771,真视通,1.0
20260526,ZT,sz002181,粤 传 媒,1.0
20260526,ZT,sh600367,红星发展,1.0
20260526,ZT,sh603773,沃格光电,1.0
20260526,ZT,sz002886,沃特股份,1.0
20260526,ZT,sz301591,肯特股份,1.0
20260526,ZT,sz002251,步步高,1.0
20260526,ZT,sz000759,中百集团,1.0
20260526,ZT,sz002733,雄韬股份,1.0
20260526,ZT,sz000711,ST京蓝,1.0
20260526,ZT,sh603272,*ST联翔 ,1.0
20260526,ZT,sz002514,*ST宝馨,1.0
20260526,ZT,sz002856,*ST美芝,1.0
20260526,ZT,sz002055,ST得润,1.0
20260526,ZT,sz002667,*ST威领,1.0
20260526,ZT,sh603595,ST东尼  ,1.0
20260526,ZT,sh600745,*ST闻泰 ,1.0
20260526,ZT,sz002323,*ST雅博,1.0
20260526,ZT,sh600381,*ST春天 ,1.0
20260526,ZT,sz000056,*ST皇庭,1.0
20260526,ZT,sh600730,*ST高科 ,1.0
20260526,ZT,sh600265,*ST景谷 ,1.0
20260526,ZT,sz002547,*ST春兴,1.0
20260526,ZT,sz002569,*ST步森,1.0
20260526,ZT,sz002082,ST万邦,1.0
20260526,ZT,sz002848,*ST高斯,1.0
20260526,ZT,sz000668,*ST荣控,1.0
20260526,ZT,sz001366,播恩集团,1.0
20260526,ZT,sh688335,复洁科技,1.0
20260526,ZT,sz002627,三峡旅游,1.0
20260526,ZT,sh605196,华通线缆,1.0
20260526,ZT,sh603995,甬金股份,1.0
20260526,ZT,sz003004,声迅股份,1.0
20260527,ZT,sh600726,华电能源,3.0
20260527,ZT,sz000509,华塑控股,3.0
20260527,ZT,sh600162,香江控股,3.0
20260527,ZT,sz001257,盛龙股份,2.0
20260527,ZT,sz002771,真视通,2.0
20260527,ZT,sz002251,步步高,2.0
20260527,ZT,sz000759,中百集团,2.0
20260527,ZT,sz002579,中京电子,2.0
20260527,ZT,sh600863,华能蒙电,1.0
20260527,ZT,sh600396,华电辽能,1.0
20260527,ZT,sh600744,华银电力,1.0
20260527,ZT,sh600758,辽宁能源,1.0
20260527,ZT,sz000539,粤电力Ａ,1.0
20260527,ZT,sz000601,韶能股份,1.0
20260527,ZT,sh603895,天永智能,1.0
20260527,ZT,sz001299,美能能源,1.0
20260527,ZT,sz002706,良信股份,1.0
20260527,ZT,sh601126,XD四方股,1.0
20260527,ZT,sh603989,艾华集团,1.0
20260527,ZT,sz002012,凯恩股份,1.0
20260527,ZT,sz002484,江海股份,1.0
20260527,ZT,sz000892,欢瑞世纪,1.0
20260527,ZT,sz300291,百纳千成,1.0
20260527,ZT,sh603533,掌阅科技,1.0
20260527,ZT,sh603011,合锻智能,1.0
20260527,ZT,sh603663,三祥新材,1.0
20260527,ZT,sz001360,南矿集团,1.0
20260527,ZT,sz002927,泰永长征,1.0
20260527,ZT,sh605066,天正电气,1.0
20260527,ZT,sh605300,佳禾食品,1.0
20260527,ZT,sh600779,水井坊  ,1.0
20260527,ZT,sz002129,TCL中环,1.0
20260527,ZT,sh603578,三星新材,1.0
20260527,ZT,sh603633,徕木股份,1.0
20260527,ZT,sh600353,旭光电子,1.0
20260527,ZT,sz000608,阳光股份,1.0
20260527,ZT,sh605289,罗曼股份,1.0
20260527,ZT,sh605055,迎丰股份,1.0
20260527,ZT,sh603032,德新科技,1.0
20260527,ZT,sz002971,和远气体,1.0
20260527,ZT,sh603272,*ST联翔 ,1.0
20260527,ZT,sz002856,*ST美芝,1.0
20260527,ZT,sh600745,*ST闻泰 ,1.0
20260527,ZT,sz002323,*ST雅博,1.0
20260527,ZT,sz000056,*ST皇庭,1.0
20260527,ZT,sh600381,*ST春天 ,1.0
20260527,ZT,sh603021,*ST华鹏 ,1.0
20260527,ZT,sz002199,*ST东晶,1.0
20260527,ZT,sh600265,*ST景谷 ,1.0
20260527,ZT,sz002082,ST万邦,1.0
20260527,ZT,sz002024,ST易购,1.0
20260527,ZT,sh600340,*ST华幸 ,1.0
20260527,ZT,sz002528,*ST英飞,1.0
20260527,ZT,sz002726,ST龙大,1.0
20260527,ZT,sh603115,海星股份,1.0
20260527,ZT,sz002072,凯瑞德,1.0
20260527,ZT,sh603538,美诺华  ,1.0
20260527,ZT,sh603335,迪生力  ,1.0
20260527,ZT,sh603968,醋化股份,1.0
20260527,ZT,sz002881,美格智能,1.0
20260527,ZT,sh605167,利柏特  ,1.0
20260528,ZT,sz000509,华塑控股,4.0
20260528,ZT,sh600162,香江控股,4.0
20260528,ZT,sh600726,华电能源,4.0
20260528,ZT,sz002579,中京电子,3.0
20260528,ZT,sh603032,德新科技,2.0
20260528,ZT,sz002484,江海股份,2.0
20260528,ZT,sz000539,粤电力Ａ,2.0
20260528,ZT,sh603011,合锻智能,2.0
20260528,ZT,sh603989,艾华集团,2.0
20260528,ZT,sh603353,和顺石油,1.0
20260528,ZT,sz002918,蒙娜丽莎,1.0
20260528,ZT,sz000920,沃顿科技,1.0
20260528,ZT,sz000859,国风新材,1.0
20260528,ZT,sz300721,怡达股份,1.0
20260528,ZT,sh600360,华微电子,1.0
20260528,ZT,sh603324,盛剑科技,1.0
20260528,ZT,sz002669,康达新材,1.0
20260528,ZT,sh688006,杭可科技,1.0
20260528,ZT,sh600246,万通发展,1.0
20260528,ZT,sh688172,燕东微  ,1.0
20260528,ZT,sz300489,光智科技,1.0
20260528,ZT,sh600206,有研新材,1.0
20260528,ZT,sz000628,高新发展,1.0
20260528,ZT,sz002552,宝鼎科技,1.0
20260528,ZT,sh603256,宏和科技,1.0
20260528,ZT,sh600110,诺德股份,1.0
20260528,ZT,sz002636,金安国纪,1.0
20260528,ZT,sh603527,众源新材,1.0
20260528,ZT,sz300964,本川智能,1.0
20260528,ZT,sh600176,中国巨石,1.0
20260528,ZT,sz002203,海亮股份,1.0
20260528,ZT,sz002210,飞马国际,1.0
20260528,ZT,sz000692,惠天热电,1.0
20260528,ZT,sh600032,浙江新能,1.0
20260528,ZT,sh600982,宁波能源,1.0
20260528,ZT,sz000600,建投能源,1.0
20260528,ZT,sz000791,甘肃能源,1.0
20260528,ZT,sz000636,风华高科,1.0
20260528,ZT,sh600063,皖维高新,1.0
20260528,ZT,sz002243,力合科创,1.0
20260528,ZT,sh603678,火炬电子,1.0
20260528,ZT,sh603267,鸿远电子,1.0
20260528,ZT,sz002859,洁美科技,1.0
20260528,ZT,sh605376,博迁新材,1.0
20260528,ZT,sz000530,冰山冷热,1.0
20260528,ZT,sh603757,大元泵业,1.0
20260528,ZT,sz002639,雪人集团,1.0
20260528,ZT,sz003018,金富科技,1.0
20260528,ZT,sz301123,奕东电子,1.0
20260528,ZT,sz000063,中兴通讯,1.0
20260528,ZT,sz002871,伟隆股份,1.0
20260528,ZT,sz002806,华锋股份,1.0
20260528,ZT,sz002263,大东南,1.0
20260528,ZT,sz301565,中仑新材,1.0
20260528,ZT,sh600237,铜峰电子,1.0
20260528,ZT,sz002975,博杰股份,1.0
20260528,ZT,sh603773,沃格光电,1.0
20260528,ZT,sz002428,云南锗业,1.0
20260528,ZT,sh603031,安孚科技,1.0
20260528,ZT,sh600330,天通股份,1.0
20260528,ZT,sz301205,联特科技,1.0
20260528,ZT,sh600172,黄河旋风,1.0
20260528,ZT,sh605580,恒盛能源,1.0
20260528,ZT,sz300179,四方达,1.0
20260528,ZT,sz002943,宇晶股份,1.0
20260528,ZT,bj920725,惠丰钻石,1.0
20260528,ZT,sh601958,金钼股份,1.0
20260528,ZT,sh600367,红星发展,1.0
20260528,ZT,sh603988,中电电机,1.0
20260528,ZT,sh603977,国泰集团,1.0
20260528,ZT,sh600459,贵研铂业,1.0
20260528,ZT,sh603050,科林电气,1.0
20260528,ZT,sz002350,北京科锐,1.0
20260528,ZT,sh603861,白云电器,1.0
20260528,ZT,sz002857,三晖电气,1.0
20260528,ZT,sz000090,天健集团,1.0
20260528,ZT,sh601588,北辰实业,1.0
20260528,ZT,sh603682,锦和商管,1.0
20260528,ZT,sz003036,泰坦股份,1.0
20260528,ZT,sz002957,科瑞技术,1.0
20260528,ZT,sh603006,联明股份,1.0
20260528,ZT,sh600589,大位科技,1.0
20260528,ZT,sz000889,中嘉博创,1.0
20260528,ZT,sh603110,东方材料,1.0
20260528,ZT,sz002951,金时科技,1.0
20260528,ZT,sz000720,新能泰山,1.0
20260528,ZT,sh603601,再升科技,1.0
20260528,ZT,sh603458,勘设股份,1.0
20260528,ZT,sz002995,天地在线,1.0
20260528,ZT,sz002878,元隆雅图,1.0
20260528,ZT,sz002323,*ST雅博,1.0
20260528,ZT,sh600745,*ST闻泰 ,1.0
20260528,ZT,sz000056,*ST皇庭,1.0
20260528,ZT,sh600265,*ST景谷 ,1.0
20260528,ZT,sh600730,*ST高科 ,1.0
20260528,ZT,sh600340,*ST华幸 ,1.0
20260528,ZT,sh600370,*ST三房 ,1.0
20260528,ZT,sh600239,ST云城  ,1.0
20260528,ZT,sh600678,ST金顶  ,1.0
20260528,ZT,sh600180,*ST瑞茂 ,1.0
20260528,ZT,sz002789,*ST建艺,1.0
20260528,ZT,sh600759,ST洲际  ,1.0
20260528,ZT,sz000632,ST三木,1.0
20260528,ZT,sz002694,*ST顾地,1.0
20260528,ZT,sz000078,ST海王,1.0
20260528,ZT,sz000677,ST海龙,1.0
20260528,ZT,sz002289,*ST宇顺,1.0
20260528,ZT,sz002542,*ST中岩,1.0
20260528,ZT,sh603008,ST喜临门,1.0
20260528,ZT,sh603580,*ST艾艾 ,1.0
20260528,ZT,sh600491,ST龙元  ,1.0
20260528,ZT,sh603557,*ST起步 ,1.0
20260528,ZT,sz002977,*ST天箭,1.0
20260528,ZT,sz002431,ST棕榈,1.0
20260528,ZT,sz002613,北玻股份,1.0
20260528,ZT,sz002056,横店东磁,1.0
20260528,ZT,sz000068,华控赛格,1.0
20260528,ZT,sz002397,梦洁股份,1.0
20260528,ZT,sh600527,江南高纤,1.0
20260528,ZT,sz002640,跨境通,1.0
20260528,ZT,sz002348,高乐股份,1.0
20260528,ZT,sh601101,昊华能源,1.0
20260528,ZT,sh603955,大千生态,1.0
20260528,ZT,sz002688,金河生物,1.0
20260528,ZT,sh601369,陕鼓动力,1.0
20260528,ZT,sh600151,航天机电,1.0
20260529,ZT,sz000509,华塑控股,4.0
20260529,ZT,sh600162,香江控股,4.0
20260529,ZT,sh600726,华电能源,4.0
20260529,ZT,sz002579,中京电子,3.0
20260529,ZT,sh603032,德新科技,2.0
20260529,ZT,sz002484,江海股份,2.0
20260529,ZT,sz000539,粤电力Ａ,2.0
20260529,ZT,sh603011,合锻智能,2.0
20260529,ZT,sh603989,艾华集团,2.0
20260529,ZT,sh603353,和顺石油,1.0
20260529,ZT,sz002918,蒙娜丽莎,1.0
20260529,ZT,sz000920,沃顿科技,1.0
20260529,ZT,sz000859,国风新材,1.0
20260529,ZT,sz300721,怡达股份,1.0
20260529,ZT,sh600360,华微电子,1.0
20260529,ZT,sh603324,盛剑科技,1.0
20260529,ZT,sz002669,康达新材,1.0
20260529,ZT,sh688006,杭可科技,1.0
20260529,ZT,sh600246,万通发展,1.0
20260529,ZT,sh688172,燕东微  ,1.0
20260529,ZT,sz300489,光智科技,1.0
20260529,ZT,sh600206,有研新材,1.0
20260529,ZT,sz000628,高新发展,1.0
20260529,ZT,sz002552,宝鼎科技,1.0
20260529,ZT,sh603256,宏和科技,1.0
20260529,ZT,sh600110,诺德股份,1.0
20260529,ZT,sz002636,金安国纪,1.0
20260529,ZT,sh603527,众源新材,1.0
20260529,ZT,sz300964,本川智能,1.0
20260529,ZT,sh600176,中国巨石,1.0
20260529,ZT,sz002203,海亮股份,1.0
20260529,ZT,sz002210,飞马国际,1.0
20260529,ZT,sz000692,惠天热电,1.0
20260529,ZT,sh600032,浙江新能,1.0
20260529,ZT,sh600982,宁波能源,1.0
20260529,ZT,sz000600,建投能源,1.0
20260529,ZT,sz000791,甘肃能源,1.0
20260529,ZT,sz000636,风华高科,1.0
20260529,ZT,sh600063,皖维高新,1.0
20260529,ZT,sz002243,力合科创,1.0
20260529,ZT,sh603678,火炬电子,1.0
20260529,ZT,sh603267,鸿远电子,1.0
20260529,ZT,sz002859,洁美科技,1.0
20260529,ZT,sh605376,博迁新材,1.0
20260529,ZT,sz000530,冰山冷热,1.0
20260529,ZT,sh603757,大元泵业,1.0
20260529,ZT,sz002639,雪人集团,1.0
20260529,ZT,sz003018,金富科技,1.0
20260529,ZT,sz301123,奕东电子,1.0
20260529,ZT,sz000063,中兴通讯,1.0
20260529,ZT,sz002871,伟隆股份,1.0
20260529,ZT,sz002806,华锋股份,1.0
20260529,ZT,sz002263,大东南,1.0
20260529,ZT,sz301565,中仑新材,1.0
20260529,ZT,sh600237,铜峰电子,1.0
20260529,ZT,sz002975,博杰股份,1.0
20260529,ZT,sh603773,沃格光电,1.0
20260529,ZT,sz002428,云南锗业,1.0
20260529,ZT,sh603031,安孚科技,1.0
20260529,ZT,sh600330,天通股份,1.0
20260529,ZT,sz301205,联特科技,1.0
20260529,ZT,sh600172,黄河旋风,1.0
20260529,ZT,sh605580,恒盛能源,1.0
20260529,ZT,sz300179,四方达,1.0
20260529,ZT,sz002943,宇晶股份,1.0
20260529,ZT,bj920725,惠丰钻石,1.0
20260529,ZT,sh601958,金钼股份,1.0
20260529,ZT,sh600367,红星发展,1.0
20260529,ZT,sh603988,中电电机,1.0
20260529,ZT,sh603977,国泰集团,1.0
20260529,ZT,sh600459,贵研铂业,1.0
20260529,ZT,sh603050,科林电气,1.0
20260529,ZT,sz002350,北京科锐,1.0
20260529,ZT,sh603861,白云电器,1.0
20260529,ZT,sz002857,三晖电气,1.0
20260529,ZT,sz000090,天健集团,1.0
20260529,ZT,sh601588,北辰实业,1.0
20260529,ZT,sh603682,锦和商管,1.0
20260529,ZT,sz003036,泰坦股份,1.0
20260529,ZT,sz002957,科瑞技术,1.0
20260529,ZT,sh603006,联明股份,1.0
20260529,ZT,sh600589,大位科技,1.0
20260529,ZT,sz000889,中嘉博创,1.0
20260529,ZT,sh603110,东方材料,1.0
20260529,ZT,sz002951,金时科技,1.0
20260529,ZT,sz000720,新能泰山,1.0
20260529,ZT,sh603601,再升科技,1.0
20260529,ZT,sh603458,勘设股份,1.0
20260529,ZT,sz002995,天地在线,1.0
20260529,ZT,sz002878,元隆雅图,1.0
20260529,ZT,sz002323,*ST雅博,1.0
20260529,ZT,sh600745,*ST闻泰 ,1.0
20260529,ZT,sz000056,*ST皇庭,1.0
20260529,ZT,sh600265,*ST景谷 ,1.0
20260529,ZT,sh600730,*ST高科 ,1.0
20260529,ZT,sh600340,*ST华幸 ,1.0
20260529,ZT,sh600370,*ST三房 ,1.0
20260529,ZT,sh600239,ST云城  ,1.0
20260529,ZT,sh600678,ST金顶  ,1.0
20260529,ZT,sh600180,*ST瑞茂 ,1.0
20260529,ZT,sz002789,*ST建艺,1.0
20260529,ZT,sh600759,ST洲际  ,1.0
20260529,ZT,sz000632,ST三木,1.0
20260529,ZT,sz002694,*ST顾地,1.0
20260529,ZT,sz000078,ST海王,1.0
20260529,ZT,sz000677,ST海龙,1.0
20260529,ZT,sz002289,*ST宇顺,1.0
20260529,ZT,sz002542,*ST中岩,1.0
20260529,ZT,sh603008,ST喜临门,1.0
20260529,ZT,sh603580,*ST艾艾 ,1.0
20260529,ZT,sh600491,ST龙元  ,1.0
20260529,ZT,sh603557,*ST起步 ,1.0
20260529,ZT,sz002977,*ST天箭,1.0
20260529,ZT,sz002431,ST棕榈,1.0
20260529,ZT,sz002613,北玻股份,1.0
20260529,ZT,sz002056,横店东磁,1.0
20260529,ZT,sz000068,华控赛格,1.0
20260529,ZT,sz002397,梦洁股份,1.0
20260529,ZT,sh600527,江南高纤,1.0
20260529,ZT,sz002640,跨境通,1.0
20260529,ZT,sz002348,高乐股份,1.0
20260529,ZT,sh601101,昊华能源,1.0
20260529,ZT,sh603955,大千生态,1.0
20260529,ZT,sz002688,金河生物,1.0
20260529,ZT,sh601369,陕鼓动力,1.0
20260529,ZT,sh600151,航天机电,1.0
20260601,ZT,sz000539,粤电力Ａ,4.0
20260601,ZT,sh603011,合锻智能,4.0
20260601,ZT,sz002995,天地在线,3.0
20260601,ZT,sz000037,深南电A,2.0
20260601,ZT,sz000767,晋控电力,2.0
20260601,ZT,sh600280,中央商场,2.0
20260601,ZT,sh600011,华能国际,2.0
20260601,ZT,sh603890,春秋电子,2.0
20260601,ZT,sz002608,江苏国信,2.0
20260601,ZT,sz301439,泓淋电力,2.0
20260601,ZT,sz002081,金 螳 螂,2.0
20260601,ZT,sh603533,掌阅科技,1.0
20260601,ZT,sz002235,安妮股份,1.0
20260601,ZT,sz000681,视觉中国,1.0
20260601,ZT,sh603171,税友股份,1.0
20260601,ZT,sz002830,名雕股份,1.0
20260601,ZT,sz002421,达实智能,1.0
20260601,ZT,sz002474,榕基软件,1.0
20260601,ZT,sh600981,苏豪汇鸿,1.0
20260601,ZT,sz003004,声迅股份,1.0
20260601,ZT,sz002657,中科金财,1.0
20260601,ZT,sh603138,海量数据,1.0
20260601,ZT,sz002279,久其软件,1.0
20260601,ZT,sz002925,盈趣科技,1.0
20260601,ZT,sh605398,新炬网络,1.0
20260601,ZT,sh600588,用友网络,1.0
20260601,ZT,sh603598,引力传媒,1.0
20260601,ZT,sh603039,泛微网络,1.0
20260601,ZT,sz002955,鸿合科技,1.0
20260601,ZT,sz002181,粤 传 媒,1.0
20260601,ZT,sz002579,中京电子,1.0
20260601,ZT,sz300956,英力股份,1.0
20260601,ZT,sz002426,胜利精密,1.0
20260601,ZT,sz001314,亿道信息,1.0
20260601,ZT,sz301236,软通动力,1.0
20260601,ZT,sh603296,华勤技术,1.0
20260601,ZT,sz000727,冠捷科技,1.0
20260601,ZT,sh603341,龙旗科技,1.0
20260601,ZT,bj920190,雷神科技,1.0
20260601,ZT,bj920876,慧为智能,1.0
20260601,ZT,sz301329,信音电子,1.0
20260601,ZT,sz000048,京基智农,1.0
20260601,ZT,sh603725,天安新材,1.0
20260601,ZT,sh600503,华丽家族,1.0
20260601,ZT,sz301107,瑜欣电子,1.0
20260601,ZT,sz002527,新时达,1.0
20260601,ZT,sh603121,华培动力,1.0
20260601,ZT,sh603045,福达合金,1.0
20260601,ZT,sz002933,新兴装备,1.0
20260601,ZT,sh603344,星德胜  ,1.0
20260601,ZT,sz002062,宏润建设,1.0
20260601,ZT,sh601101,昊华能源,1.0
20260601,ZT,sh600758,辽宁能源,1.0
20260601,ZT,sh600121,郑州煤电,1.0
20260601,ZT,sh600403,大有能源,1.0
20260601,ZT,sh601001,晋控煤业,1.0
20260601,ZT,sh601699,潞安环能,1.0
20260601,ZT,sh601918,新集能源,1.0
20260601,ZT,sh600188,兖矿能源,1.0
20260601,ZT,sh600546,山煤国际,1.0
20260601,ZT,sz002637,赞宇科技,1.0
20260601,ZT,sh600727,鲁北化工,1.0
20260601,ZT,sh603823,百合花  ,1.0
20260601,ZT,sh600160,巨化股份,1.0
20260601,ZT,sz002068,黑猫股份,1.0
20260601,ZT,sh600596,新安股份,1.0
20260601,ZT,sz002099,海翔药业,1.0
20260601,ZT,sz001210,金房能源,1.0
20260601,ZT,sz000722,湖南发展,1.0
20260601,ZT,sh603991,领先股份,1.0
20260601,ZT,sz300849,锦盛新材,1.0
20260601,ZT,sz002647,仁东控股,1.0
20260601,ZT,sz002404,嘉欣丝绸,1.0
20260601,ZT,sh600797,浙大网新,1.0
20260601,ZT,sh600156,华升股份,1.0
20260601,ZT,sz002229,鸿博股份,1.0
20260601,ZT,sh605566,福莱蒽特,1.0
20260601,ZT,sz002951,金时科技,1.0
20260601,ZT,sh603330,天洋新材,1.0
20260601,ZT,sh600301,华锡有色,1.0
20260601,ZT,sh603407,长裕集团,1.0
20260601,ZT,sz000510,新金路,1.0
20260601,ZT,sh600617,国新能源,1.0
20260601,ZT,sz002700,万憬能源,1.0
20260601,ZT,sh603877,太平鸟  ,1.0
20260601,ZT,sh603808,歌力思  ,1.0
20260601,ZT,sz003030,祖名股份,1.0
20260601,ZT,sh600737,中粮糖业,1.0
20260601,ZT,sz000031,大悦城,1.0
20260601,ZT,sh600463,空港股份,1.0
20260601,ZT,sz002580,圣阳股份,1.0
20260601,ZT,sh600152,维科技术,1.0
20260601,ZT,sh600841,动力新科,1.0
20260601,ZT,sh603819,神力股份,1.0
20260601,ZT,sz002871,伟隆股份,1.0
20260601,ZT,sz002328,新朋股份,1.0
20260601,ZT,sh600367,红星发展,1.0
20260601,ZT,sh603773,沃格光电,1.0
20260601,ZT,sz000533,顺钠股份,1.0
20260601,ZT,sz002766,索菱股份,1.0
20260601,ZT,sh603272,*ST联翔 ,1.0
20260601,ZT,sz002856,*ST美芝,1.0
20260601,ZT,sz002207,*ST准油,1.0
20260601,ZT,sz002323,*ST雅博,1.0
20260601,ZT,sh600745,*ST闻泰 ,1.0
20260601,ZT,sh600265,*ST景谷 ,1.0
20260601,ZT,sz002634,*ST棒杰,1.0
20260601,ZT,sh600759,ST洲际  ,1.0
20260601,ZT,sz000078,ST海王,1.0
20260601,ZT,sz000010,*ST美丽,1.0
20260601,ZT,sh600187,*ST国中 ,1.0
20260601,ZT,sz000903,ST云动,1.0
20260601,ZT,sz002694,*ST顾地,1.0
20260601,ZT,sh600678,ST金顶  ,1.0
20260601,ZT,sh600491,ST龙元  ,1.0
20260601,ZT,sh603008,ST喜临门,1.0
20260601,ZT,sh600180,*ST瑞茂 ,1.0
20260601,ZT,sz002431,ST棕榈,1.0
20260601,ZT,sz002528,*ST英飞,1.0
20260601,ZT,sz002620,*ST瑞和,1.0
20260601,ZT,sh603822,ST嘉澳  ,1.0
20260601,ZT,sh603189,*ST网达 ,1.0
20260601,ZT,sz000911,*ST广糖,1.0
20260601,ZT,sh600568,ST中珠  ,1.0
20260601,ZT,sz002883,*ST中设,1.0
20260601,ZT,sh600581,*ST八钢 ,1.0
20260601,ZT,sz002514,*ST宝馨,1.0
20260601,ZT,sh600734,*ST实达 ,1.0
20260601,ZT,sz002198,ST嘉应,1.0
20260601,ZT,sh600302,ST标准  ,1.0
20260601,ZT,sh603378,*ST亚士 ,1.0
20260601,ZT,sh600337,ST美克  ,1.0
20260601,ZT,sz002691,*ST冀凯,1.0
20260601,ZT,sh600053,*ST九鼎 ,1.0
20260601,ZT,sh600238,*ST椰岛 ,1.0
20260601,ZT,sz000909,*ST数源,1.0
20260601,ZT,sz002193,ST如意,1.0
20260601,ZT,sz301139,*ST元道,1.0
20260601,ZT,sh603959,ST百利  ,1.0
20260601,ZT,sh603359,*ST东珠 ,1.0
20260601,ZT,sh605336,*ST帅电 ,1.0
20260601,ZT,sz002650,ST加加,1.0
20260601,ZT,sh600476,*ST湘邮 ,1.0
20260601,ZT,sz002055,ST得润,1.0
20260601,ZT,sh600289,ST信通  ,1.0
20260601,ZT,sz002667,*ST威领,1.0
20260601,ZT,sz002613,北玻股份,1.0
20260601,ZT,sh603678,火炬电子,1.0
20260601,ZT,sz002356,赫美集团,1.0
20260601,ZT,sz300197,节能铁汉,1.0
20260601,ZT,sh600847,万里股份,1.0
20260601,ZT,sz000055,方大集团,1.0
20260601,ZT,sz300649,杭州园林,1.0
20260601,ZT,sz002795,永和智控,1.0
20260601,ZT,sz300103,达刚控股,1.0
20260601,ZT,sh603161,科华控股,1.0
20260601,ZT,sz002629,仁智股份,1.0
20260601,ZT,sz000626,远大控股,1.0
20260601,ZT,sh600769,祥龙电业,1.0
20260601,ZT,sz003041,真爱美家,1.0
20260601,ZT,sh600798,宁波海运,1.0
20260601,ZT,sh605298,必得科技,1.0
20260601,ZT,sh600539,狮头股份,1.0
20260601,ZT,sh603193,润本股份,1.0
20260601,ZT,sh600540,新赛股份,1.0
20260601,ZT,sh603778,国晟科技,1.0
20260602,ZT,sh600280,中央商场,3.0
20260602,ZT,sh603890,春秋电子,3.0
20260602,ZT,sh600403,大有能源,2.0
20260602,ZT,sh603045,福达合金,2.0
20260602,ZT,sz002404,嘉欣丝绸,2.0
20260602,ZT,sz001210,金房能源,2.0
20260602,ZT,sz002951,金时科技,2.0
20260602,ZT,sh603330,天洋新材,2.0
20260602,ZT,sh600367,红星发展,2.0
20260602,ZT,sh600301,华锡有色,2.0
20260602,ZT,sh600121,郑州煤电,2.0
20260602,ZT,sz002579,中京电子,2.0
20260602,ZT,sz002421,达实智能,2.0
20260602,ZT,sz300197,节能铁汉,2.0
20260602,ZT,sz000055,方大集团,2.0
20260602,ZT,sh603678,火炬电子,2.0
20260602,ZT,sz002975,博杰股份,1.0
20260602,ZT,sz002957,科瑞技术,1.0
20260602,ZT,sz002980,华盛昌,1.0
20260602,ZT,sh600255,鑫科材料,1.0
20260602,ZT,sz002384,东山精密,1.0
20260602,ZT,sz002515,金字火腿,1.0
20260602,ZT,sh600105,永鼎股份,1.0
20260602,ZT,sz300486,东杰智能,1.0
20260602,ZT,sz002896,中大力德,1.0
20260602,ZT,sh603373,安邦护卫,1.0
20260602,ZT,sh601137,XD博威合,1.0
20260602,ZT,sh605288,凯迪股份,1.0
20260602,ZT,sz000700,模塑科技,1.0
20260602,ZT,sz002903,宇环数控,1.0
20260602,ZT,sh600114,东睦股份,1.0
20260602,ZT,sh600869,远东股份,1.0
20260602,ZT,sh600487,亨通光电,1.0
20260602,ZT,sz000586,汇源通信,1.0
20260602,ZT,sh601869,长飞光纤,1.0
20260602,ZT,sh600345,长江通信,1.0
20260602,ZT,sh603267,鸿远电子,1.0
20260602,ZT,sz301566,达利凯普,1.0
20260602,ZT,sz000062,深圳华强,1.0
20260602,ZT,sz301563,云汉芯城,1.0
20260602,ZT,sh600500,中化国际,1.0
20260602,ZT,sh605589,圣泉集团,1.0
20260602,ZT,sz002897,意华股份,1.0
20260602,ZT,sz301419,阿莱德,1.0
20260602,ZT,sh600360,华微电子,1.0
20260602,ZT,sh600459,贵研铂业,1.0
20260602,ZT,sh603687,大胜达  ,1.0
20260602,ZT,sh600667,太极实业,1.0
20260602,ZT,sh688079,美迪凯  ,1.0
20260602,ZT,sz002962,五方光电,1.0
20260602,ZT,sz000960,锡业股份,1.0
20260602,ZT,sh600362,江西铜业,1.0
20260602,ZT,sz002575,群兴玩具,1.0
20260602,ZT,sz002137,实益达,1.0
20260602,ZT,sz002851,麦格米特,1.0
20260602,ZT,bj920128,胜业电气,1.0
20260602,ZT,sh600162,香江控股,1.0
20260602,ZT,sz002314,南山控股,1.0
20260602,ZT,bj920725,惠丰钻石,1.0
20260602,ZT,sz002806,华锋股份,1.0
20260602,ZT,sz002856,*ST美芝,1.0
20260602,ZT,sh600745,*ST闻泰 ,1.0
20260602,ZT,sh600265,*ST景谷 ,1.0
20260602,ZT,sz000056,*ST皇庭,1.0
20260602,ZT,sz002634,*ST棒杰,1.0
20260602,ZT,sz002667,*ST威领,1.0
20260602,ZT,sh600759,ST洲际  ,1.0
20260602,ZT,sz000078,ST海王,1.0
20260602,ZT,sh600370,*ST三房 ,1.0
20260602,ZT,sz000010,*ST美丽,1.0
20260602,ZT,sh600187,*ST国中 ,1.0
20260602,ZT,sh603008,ST喜临门,1.0
20260602,ZT,sh600180,*ST瑞茂 ,1.0
20260602,ZT,sz002528,*ST英飞,1.0
20260602,ZT,sh603189,*ST网达 ,1.0
20260602,ZT,sz301139,*ST元道,1.0
20260602,ZT,sh603378,*ST亚士 ,1.0
20260602,ZT,sz000677,ST海龙,1.0
20260602,ZT,sh603557,*ST起步 ,1.0
20260602,ZT,sz002717,*ST岭南,1.0
20260602,ZT,sz002630,*ST华西,1.0
20260602,ZT,sh603429,*ST集友 ,1.0
20260602,ZT,sh688496,*ST清越 ,1.0
20260602,ZT,sh603389,*ST亚振 ,1.0
20260602,ZT,sz002501,*ST利源,1.0
20260602,ZT,sz002306,*ST云网,1.0
20260602,ZT,sz000711,ST京蓝,1.0
20260602,ZT,sh603813,*ST原尚 ,1.0
20260602,ZT,sz002214,*ST大立,1.0
20260602,ZT,sh600696,退市岩石,1.0
20260602,ZT,sh601686,友发集团,1.0
20260602,ZT,sz000601,韶能股份,1.0
20260602,ZT,sz002876,三利谱,1.0
20260602,ZT,sh603997,继峰股份,1.0
20260602,ZT,sh600936,北投科技,1.0
20260602,ZT,sh603311,金海高科,1.0
20260603,ZT,sh600403,大有能源,3.0
20260603,ZT,sh600367,红星发展,3.0
20260603,ZT,sh603330,天洋新材,3.0
20260603,ZT,sh600121,郑州煤电,3.0
20260603,ZT,sz300197,节能铁汉,3.0
20260603,ZT,sz002137,实益达,2.0
20260603,ZT,sh603311,金海高科,2.0
20260603,ZT,sh600487,亨通光电,2.0
20260603,ZT,sh600255,鑫科材料,2.0
20260603,ZT,sh600936,北投科技,2.0
20260603,ZT,sz000700,模塑科技,2.0
20260603,ZT,sz001223,欧克科技,1.0
20260603,ZT,sh603135,中重科技,1.0
20260603,ZT,sz002965,祥鑫科技,1.0
20260603,ZT,sh603656,泰禾智能,1.0
20260603,ZT,sz001326,联域股份,1.0
20260603,ZT,sh605555,德昌股份,1.0
20260603,ZT,sz001278,一彬科技,1.0
20260603,ZT,sh603236,移远通信,1.0
20260603,ZT,sh605018,长华集团,1.0
20260603,ZT,sh603319,美湖股份,1.0
20260603,ZT,sh603109,神驰机电,1.0
20260603,ZT,sh603120,肯特催化,1.0
20260603,ZT,sz002787,华源控股,1.0
20260603,ZT,sh600198,大唐电信,1.0
20260603,ZT,sh600078,澄星股份,1.0
20260603,ZT,sh605303,园林股份,1.0
20260603,ZT,sz002156,通富微电,1.0
20260603,ZT,sh688268,华特气体,1.0
20260603,ZT,sz001212,中旗新材,1.0
20260603,ZT,sh600310,广西能源,1.0
20260603,ZT,sh605162,新中港  ,1.0
20260603,ZT,sz001896,豫能控股,1.0
20260603,ZT,sh600578,京能电力,1.0
20260603,ZT,sh600505,西昌电力,1.0
20260603,ZT,sh600396,华电辽能,1.0
20260603,ZT,sh600103,青山纸业,1.0
20260603,ZT,sh600683,京投发展,1.0
20260603,ZT,sh601231,环旭电子,1.0
20260603,ZT,sz002735,王子新材,1.0
20260603,ZT,sz000881,中广核技,1.0
20260603,ZT,sh600516,方大炭素,1.0
20260603,ZT,sz002125,湘潭电化,1.0
20260603,ZT,sz002167,东方锆业,1.0
20260603,ZT,sh603663,三祥新材,1.0
20260603,ZT,sz301366,一博科技,1.0
20260603,ZT,sh688655,迅捷兴  ,1.0
20260603,ZT,sh601208,东材科技,1.0
20260603,ZT,sh605580,恒盛能源,1.0
20260603,ZT,sz002046,国机精工,1.0
20260603,ZT,sh603938,三孚股份,1.0
20260603,ZT,sh600596,新安股份,1.0
20260603,ZT,sz002132,恒星科技,1.0
20260603,ZT,sz002023,海特高新,1.0
20260603,ZT,sz300516,久之洋,1.0
20260603,ZT,sz002875,安奈儿,1.0
20260603,ZT,sz002856,*ST美芝,1.0
20260603,ZT,sz002323,*ST雅博,1.0
20260603,ZT,sh600265,*ST景谷 ,1.0
20260603,ZT,sz002667,*ST威领,1.0
20260603,ZT,sh600381,*ST春天 ,1.0
20260603,ZT,sh600187,*ST国中 ,1.0
20260603,ZT,sh600180,*ST瑞茂 ,1.0
20260603,ZT,sz002528,*ST英飞,1.0
20260603,ZT,sz002501,*ST利源,1.0
20260603,ZT,sz002717,*ST岭南,1.0
20260603,ZT,sz002630,*ST华西,1.0
20260603,ZT,sh603595,ST东尼  ,1.0
20260603,ZT,sz002168,ST惠程,1.0
20260603,ZT,sz002024,ST易购,1.0
20260603,ZT,sh600777,*ST新潮 ,1.0
20260603,ZT,sh600688,上海石化,1.0
20260603,ZT,sh601798,蓝科高新,1.0
20260603,ZT,sz001259,利仁科技,1.0
20260603,ZT,sh600439,瑞贝卡  ,1.0
20260603,ZT,sh600679,上海凤凰,1.0
20260603,ZT,sz301115,联检科技,1.0
20260603,ZT,sz000518,四环生物,1.0
20260603,ZT,sh600791,京能置业,1.0
20260603,ZT,sh603065,宿迁联盛,1.0
20260603,ZT,sh603886,元祖股份,1.0
20260604,ZT,sh600403,大有能源,4.0
20260604,ZT,sh600367,XD红星发,4.0
20260604,ZT,sh603330,天洋新材,4.0
20260604,ZT,sh600255,鑫科材料,3.0
20260604,ZT,sh603135,中重科技,2.0
20260604,ZT,sh600439,瑞贝卡  ,2.0
20260604,ZT,sz002787,华源控股,2.0
20260604,ZT,sh605162,新中港  ,2.0
20260604,ZT,sz001896,豫能控股,2.0
20260604,ZT,sh600688,上海石化,2.0
20260604,ZT,sh600667,太极实业,1.0
20260604,ZT,sz002213,大为股份,1.0
20260604,ZT,sz000670,盈方微,1.0
20260604,ZT,sh600246,万通发展,1.0
20260604,ZT,sz002971,和远气体,1.0
20260604,ZT,sh688146,中船特气,1.0
20260604,ZT,sz003043,华亚智能,1.0
20260604,ZT,sh605358,立昂微  ,1.0
20260604,ZT,sh603005,晶方科技,1.0
20260604,ZT,sz001309,德明利,1.0
20260604,ZT,sh688378,奥来德  ,1.0
20260604,ZT,sz002806,华锋股份,1.0
20260604,ZT,sh603500,祥和实业,1.0
20260604,ZT,sz002484,江海股份,1.0
20260604,ZT,sh603989,艾华集团,1.0
20260604,ZT,sz000733,振华科技,1.0
20260604,ZT,sh603435,嘉德利  ,1.0
20260604,ZT,sh600237,铜峰电子,1.0
20260604,ZT,bj920161,龙辰科技,1.0
20260604,ZT,sz002590,万安科技,1.0
20260604,ZT,sz003036,泰坦股份,1.0
20260604,ZT,sz002931,锋龙股份,1.0
20260604,ZT,sz002520,日发精机,1.0
20260604,ZT,sh603286,日盈电子,1.0
20260604,ZT,sz002645,华宏科技,1.0
20260604,ZT,sh603950,长源东谷,1.0
20260604,ZT,sh605060,联德股份,1.0
20260604,ZT,sz301468,博盈特焊,1.0
20260604,ZT,sh600482,中国动力,1.0
20260604,ZT,sh603067,振华股份,1.0
20260604,ZT,sz002353,杰瑞股份,1.0
20260604,ZT,sz000536,华映科技,1.0
20260604,ZT,sh600293,三峡新材,1.0
20260604,ZT,sz000725,京东方Ａ,1.0
20260604,ZT,sz301188,力诺药包,1.0
20260604,ZT,sz002951,金时科技,1.0
20260604,ZT,sh600353,旭光电子,1.0
20260604,ZT,sh600703,三安光电,1.0
20260604,ZT,sh600408,安泰集团,1.0
20260604,ZT,sz002072,凯瑞德,1.0
20260604,ZT,sh601666,平煤股份,1.0
20260604,ZT,sh603516,淳中科技,1.0
20260604,ZT,sh603090,宏盛股份,1.0
20260604,ZT,sh688668,鼎通科技,1.0
20260604,ZT,sz301123,奕东电子,1.0
20260604,ZT,sz001376,百通能源,1.0
20260604,ZT,sh600868,梅雁吉祥,1.0
20260604,ZT,sh605398,新炬网络,1.0
20260604,ZT,sh603610,麒盛科技,1.0
20260604,ZT,sh688031,星环科技-U,1.0
20260604,ZT,sz002585,双星新材,1.0
20260604,ZT,sz300726,宏达电子,1.0
20260604,ZT,sh603920,世运电路,1.0
20260604,ZT,sh600226,亨通股份,1.0
20260604,ZT,sh688303,大全能源,1.0
20260604,ZT,sz002733,雄韬股份,1.0
20260604,ZT,sz002667,*ST威领,1.0
20260604,ZT,sz000056,*ST皇庭,1.0
20260604,ZT,sh600180,*ST瑞茂 ,1.0
20260604,ZT,sz002501,*ST利源,1.0
20260604,ZT,sz002717,*ST岭南,1.0
20260604,ZT,sz002630,*ST华西,1.0
20260604,ZT,sh600491,ST龙元  ,1.0
20260604,ZT,sz000639,ST西王,1.0
20260604,ZT,sz000793,*ST华闻,1.0
20260604,ZT,sz000821,ST京机,1.0
20260604,ZT,sh601010,ST文峰  ,1.0
20260604,ZT,sh600696,退市岩石,1.0
20260604,ZT,sh600828,茂业商业,1.0
20260604,ZT,sz000718,苏宁环球,1.0
20260604,ZT,sz002051,中工国际,1.0
20260604,ZT,sz002824,和胜股份,1.0
20260604,ZT,sz000520,凤凰航运,1.0
20260604,ZT,sz002395,双象股份,1.0
20260604,ZT,sh603903,中持股份,1.0
20260604,ZT,sz300897,山科智能,1.0
20260604,ZT,sh603210,泰鸿万立,1.0
20260604,ZT,sz002491,通鼎互联,1.0
20260604,ZT,sz002981,朝阳科技,1.0
20260604,ZT,sz002570,贝因美,1.0
20260604,ZT,sz003011,海象新材,1.0
20260605,ZT,sh600403,大有能源,4.0
20260605,ZT,sh600367,XD红星发,4.0
20260605,ZT,sh603330,天洋新材,4.0
20260605,ZT,sh600255,鑫科材料,3.0
20260605,ZT,sh603135,中重科技,2.0
20260605,ZT,sh600439,瑞贝卡  ,2.0
20260605,ZT,sz002787,华源控股,2.0
20260605,ZT,sh605162,新中港  ,2.0
20260605,ZT,sz001896,豫能控股,2.0
20260605,ZT,sh600688,上海石化,2.0
20260605,ZT,sh600667,太极实业,1.0
20260605,ZT,sz002213,大为股份,1.0
20260605,ZT,sz000670,盈方微,1.0
20260605,ZT,sh600246,万通发展,1.0
20260605,ZT,sz002971,和远气体,1.0
20260605,ZT,sh688146,中船特气,1.0
20260605,ZT,sz003043,华亚智能,1.0
20260605,ZT,sh605358,立昂微  ,1.0
20260605,ZT,sh603005,晶方科技,1.0
20260605,ZT,sz001309,德明利,1.0
20260605,ZT,sh688378,奥来德  ,1.0
20260605,ZT,sz002806,华锋股份,1.0
20260605,ZT,sh603500,祥和实业,1.0
20260605,ZT,sz002484,江海股份,1.0
20260605,ZT,sh603989,艾华集团,1.0
20260605,ZT,sz000733,振华科技,1.0
20260605,ZT,sh603435,嘉德利  ,1.0
20260605,ZT,sh600237,铜峰电子,1.0
20260605,ZT,bj920161,龙辰科技,1.0
20260605,ZT,sz002590,万安科技,1.0
20260605,ZT,sz003036,泰坦股份,1.0
20260605,ZT,sz002931,锋龙股份,1.0
20260605,ZT,sz002520,日发精机,1.0
20260605,ZT,sh603286,日盈电子,1.0
20260605,ZT,sz002645,华宏科技,1.0
20260605,ZT,sh603950,长源东谷,1.0
20260605,ZT,sh605060,联德股份,1.0
20260605,ZT,sz301468,博盈特焊,1.0
20260605,ZT,sh600482,中国动力,1.0
20260605,ZT,sh603067,振华股份,1.0
20260605,ZT,sz002353,杰瑞股份,1.0
20260605,ZT,sz000536,华映科技,1.0
20260605,ZT,sh600293,三峡新材,1.0
20260605,ZT,sz000725,京东方Ａ,1.0
20260605,ZT,sz301188,力诺药包,1.0
20260605,ZT,sz002951,金时科技,1.0
20260605,ZT,sh600353,旭光电子,1.0
20260605,ZT,sh600703,三安光电,1.0
20260605,ZT,sh600408,安泰集团,1.0
20260605,ZT,sz002072,凯瑞德,1.0
20260605,ZT,sh601666,平煤股份,1.0
20260605,ZT,sh603516,淳中科技,1.0
20260605,ZT,sh603090,宏盛股份,1.0
20260605,ZT,sh688668,鼎通科技,1.0
20260605,ZT,sz301123,奕东电子,1.0
20260605,ZT,sz001376,百通能源,1.0
20260605,ZT,sh600868,梅雁吉祥,1.0
20260605,ZT,sh605398,新炬网络,1.0
20260605,ZT,sh603610,麒盛科技,1.0
20260605,ZT,sh688031,星环科技-U,1.0
20260605,ZT,sz002585,双星新材,1.0
20260605,ZT,sz300726,宏达电子,1.0
20260605,ZT,sh603920,世运电路,1.0
20260605,ZT,sh600226,亨通股份,1.0
20260605,ZT,sh688303,大全能源,1.0
20260605,ZT,sz002733,雄韬股份,1.0
20260605,ZT,sz002667,*ST威领,1.0
20260605,ZT,sz000056,*ST皇庭,1.0
20260605,ZT,sh600180,*ST瑞茂 ,1.0
20260605,ZT,sz002501,*ST利源,1.0
20260605,ZT,sz002717,*ST岭南,1.0
20260605,ZT,sz002630,*ST华西,1.0
20260605,ZT,sh600491,ST龙元  ,1.0
20260605,ZT,sz000639,ST西王,1.0
20260605,ZT,sz000793,*ST华闻,1.0
20260605,ZT,sz000821,ST京机,1.0
20260605,ZT,sh601010,ST文峰  ,1.0
20260605,ZT,sh600696,退市岩石,1.0
20260605,ZT,sh600828,茂业商业,1.0
20260605,ZT,sz000718,苏宁环球,1.0
20260605,ZT,sz002051,中工国际,1.0
20260605,ZT,sz002824,和胜股份,1.0
20260605,ZT,sz000520,凤凰航运,1.0
20260605,ZT,sz002395,双象股份,1.0
20260605,ZT,sh603903,中持股份,1.0
20260605,ZT,sz300897,山科智能,1.0
20260605,ZT,sh603210,泰鸿万立,1.0
20260605,ZT,sz002491,通鼎互联,1.0
20260605,ZT,sz002981,朝阳科技,1.0
20260605,ZT,sz002570,贝因美,1.0
20260605,ZT,sz003011,海象新材,1.0
20260608,ZT,sh600403,大有能源,5.0
20260608,ZT,sh603135,中重科技,3.0
20260608,ZT,sz000520,凤凰航运,2.0
20260608,ZT,sh603500,祥和实业,2.0
20260608,ZT,sh600293,三峡新材,2.0
20260608,ZT,sz003036,泰坦股份,2.0
20260608,ZT,sz002896,中大力德,1.0
20260608,ZT,sz300626,华瑞股份,1.0
20260608,ZT,sh603992,松霖科技,1.0
20260608,ZT,sh688017,绿的谐波,1.0
20260608,ZT,bj920510,丰光精密,1.0
20260608,ZT,sh603166,福达股份,1.0
20260608,ZT,sz002960,青鸟智控,1.0
20260608,ZT,sz002892,科力尔,1.0
20260608,ZT,sz002708,光洋股份,1.0
20260608,ZT,sh603270,金帝股份,1.0
20260608,ZT,sh603725,天安新材,1.0
20260608,ZT,sz002786,银宝山新,1.0
20260608,ZT,sz002903,宇环数控,1.0
20260608,ZT,sz002194,武汉凡谷,1.0
20260608,ZT,sh600776,东方通信,1.0
20260608,ZT,bj920961,创远信科,1.0
20260608,ZT,sz002361,神剑股份,1.0
20260608,ZT,sz001400,江顺科技,1.0
20260608,ZT,sz003009,中天火箭,1.0
20260608,ZT,sz002421,达实智能,1.0
20260608,ZT,sh603888,新华网  ,1.0
20260608,ZT,sz002354,天娱数科,1.0
20260608,ZT,sz002877,智能自控,1.0
20260608,ZT,sz301151,冠龙节能,1.0
20260608,ZT,sz300353,东土科技,1.0
20260608,ZT,sh603859,能科科技,1.0
20260608,ZT,sh600714,金瑞矿业,1.0
20260608,ZT,sh600207,安彩高科,1.0
20260608,ZT,sz300162,雷曼光电,1.0
20260608,ZT,sh600552,凯盛科技,1.0
20260608,ZT,sz002387,维信诺,1.0
20260608,ZT,sz002183,怡 亚 通,1.0
20260608,ZT,sh603360,百傲化学,1.0
20260608,ZT,sh688056,莱伯泰科,1.0
20260608,ZT,sh603078,江化微  ,1.0
20260608,ZT,sz002613,北玻股份,1.0
20260608,ZT,sh600819,耀皮玻璃,1.0
20260608,ZT,sh603578,三星新材,1.0
20260608,ZT,sz000517,荣安地产,1.0
20260608,ZT,sz000668,荣丰控股,1.0
20260608,ZT,sz000608,阳光股份,1.0
20260608,ZT,sh603790,XD雅运股,1.0
20260608,ZT,sh603823,XD百合花,1.0
20260608,ZT,sz000759,中百集团,1.0
20260608,ZT,sz002251,步步高,1.0
20260608,ZT,sh600516,方大炭素,1.0
20260608,ZT,sz002631,德尔未来,1.0
20260608,ZT,sh603938,三孚股份,1.0
20260608,ZT,sz002254,泰和新材,1.0
20260608,ZT,sz300052,中青宝,1.0
20260608,ZT,sh600996,贵广网络,1.0
20260608,ZT,sz002138,顺络电子,1.0
20260608,ZT,sh603070,万控智造,1.0
20260608,ZT,sh600063,皖维高新,1.0
20260608,ZT,sh603124,江南新材,1.0
20260608,ZT,sz002856,*ST美芝,1.0
20260608,ZT,sz000056,*ST皇庭,1.0
20260608,ZT,sz000078,ST海王,1.0
20260608,ZT,sz002717,*ST岭南,1.0
20260608,ZT,sz000010,*ST美丽,1.0
20260608,ZT,sz000609,*ST中迪,1.0
20260608,ZT,sh600228,*ST返利 ,1.0
20260608,ZT,sz002694,*ST顾地,1.0
20260608,ZT,sh600243,*ST海华 ,1.0
20260608,ZT,sh603843,*ST正平 ,1.0
20260608,ZT,sh603272,*ST联翔 ,1.0
20260608,ZT,sz002471,中超控股,1.0
20260608,ZT,sh603159,上海亚虹,1.0
20260608,ZT,sz002983,芯瑞达,1.0
20260608,ZT,sh600303,曙光股份,1.0
20260608,ZT,sz301193,家联科技,1.0
20260608,ZT,sh603020,爱普股份,1.0
20260608,ZT,sz300334,津膜科技,1.0
20260608,ZT,sh600973,宝胜股份,1.0
20260608,ZT,sz001256,炜冈科技,1.0
20260608,ZT,sh600881,亚泰集团,1.0
20260608,ZT,sh603048,浙江黎明,1.0
20260608,ZT,sh600382,广东明珠,1.0
20260609,ZT,sz002354,天娱数科,3.0
20260609,ZT,sz002254,泰和新材,3.0
20260609,ZT,sz002362,汉王科技,2.0
20260609,ZT,sz002636,金安国纪,2.0
20260609,ZT,sh603929,亚翔集成,2.0
20260609,ZT,sh603616,韩建河山,2.0
20260609,ZT,sh603186,华正新材,2.0
20260609,ZT,sz002747,埃斯顿,2.0
20260609,ZT,sh688207,格灵深瞳,2.0
20260609,ZT,sz001696,宗申动力,2.0
20260609,ZT,sh603124,江南新材,1.0
20260609,ZT,sh600226,亨通股份,1.0
20260609,ZT,sz002669,康达新材,1.0
20260609,ZT,sh605589,圣泉集团,1.0
20260609,ZT,sh600500,中化国际,1.0
20260609,ZT,sz000509,华塑控股,1.0
20260609,ZT,sh605006,山东玻纤,1.0
20260609,ZT,sz002141,贤丰控股,1.0
20260609,ZT,sh600110,诺德股份,1.0
20260609,ZT,bj920357,雅葆轩,1.0
20260609,ZT,sh603002,宏昌电子,1.0
20260609,ZT,sz301630,同宇新材,1.0
20260609,ZT,sh601208,东材科技,1.0
20260609,ZT,sh600176,中国巨石,1.0
20260609,ZT,sh600183,生益科技,1.0
20260609,ZT,sz002741,光华科技,1.0
20260609,ZT,sh603256,XD宏和科,1.0
20260609,ZT,sz002080,中材科技,1.0
20260609,ZT,sz300221,银禧科技,1.0
20260609,ZT,sz002134,天津普林,1.0
20260609,ZT,sh600186,莲花控股,1.0
20260609,ZT,sz002971,和远气体,1.0
20260609,ZT,sz003043,华亚智能,1.0
20260609,ZT,sh605358,立昂微  ,1.0
20260609,ZT,sz000670,盈方微,1.0
20260609,ZT,sz000920,沃顿科技,1.0
20260609,ZT,sh603163,圣晖集成,1.0
20260609,ZT,sh688141,杰华特  ,1.0
20260609,ZT,sh600611,大众交通,1.0
20260609,ZT,sz002584,西陇科学,1.0
20260609,ZT,sz002129,TCL中环,1.0
20260609,ZT,sh688783,西安奕材-U,1.0
20260609,ZT,sz003026,中晶科技,1.0
20260609,ZT,sh688368,DR晶丰明,1.0
20260609,ZT,sz001269,欧晶科技,1.0
20260609,ZT,sh688126,沪硅产业,1.0
20260609,ZT,sh688478,晶升股份,1.0
20260609,ZT,sh688409,富创精密,1.0
20260609,ZT,sz300260,新莱应材,1.0
20260609,ZT,sh688596,正帆科技,1.0
20260609,ZT,sh605111,新洁能  ,1.0
20260609,ZT,sz300656,民德电子,1.0
20260609,ZT,sh600641,先导基电,1.0
20260609,ZT,sh605069,正和生态,1.0
20260609,ZT,sz002137,实益达,1.0
20260609,ZT,sz002995,天地在线,1.0
20260609,ZT,sz000681,视觉中国,1.0
20260609,ZT,sz301428,世纪恒通,1.0
20260609,ZT,sh688500,慧辰股份,1.0
20260609,ZT,sh603039,泛微网络,1.0
20260609,ZT,sz002769,普路通,1.0
20260609,ZT,sz002970,锐明技术,1.0
20260609,ZT,sh605318,法狮龙  ,1.0
20260609,ZT,sz003036,泰坦股份,1.0
20260609,ZT,sh603211,晋拓股份,1.0
20260609,ZT,sh605018,长华集团,1.0
20260609,ZT,sz002583,海能达,1.0
20260609,ZT,sh600579,中化装备,1.0
20260609,ZT,sz000048,京基智农,1.0
20260609,ZT,sz002048,宁波华翔,1.0
20260609,ZT,sz002057,中钢天源,1.0
20260609,ZT,sz002585,双星新材,1.0
20260609,ZT,sz000636,风华高科,1.0
20260609,ZT,sh605376,博迁新材,1.0
20260609,ZT,sz301013,利和兴,1.0
20260609,ZT,sz001369,双欣材料,1.0
20260609,ZT,sz002859,洁美科技,1.0
20260609,ZT,sh600487,亨通光电,1.0
20260609,ZT,sh601869,长飞光纤,1.0
20260609,ZT,sh600345,长江通信,1.0
20260609,ZT,sh603688,石英股份,1.0
20260609,ZT,sh603330,天洋新材,1.0
20260609,ZT,sh603065,宿迁联盛,1.0
20260609,ZT,sz002976,瑞玛精密,1.0
20260609,ZT,sh600330,天通股份,1.0
20260609,ZT,sz002515,金字火腿,1.0
20260609,ZT,sz002993,奥海科技,1.0
20260609,ZT,sz300593,新雷能,1.0
20260609,ZT,sh605100,华丰股份,1.0
20260609,ZT,sh688711,宏微科技,1.0
20260609,ZT,sz002871,伟隆股份,1.0
20260609,ZT,sz003018,金富科技,1.0
20260609,ZT,sz000811,冰轮环境,1.0
20260609,ZT,sz002837,英维克,1.0
20260609,ZT,sz002771,真视通,1.0
20260609,ZT,sz000158,常山北明,1.0
20260609,ZT,sz002575,群兴玩具,1.0
20260609,ZT,sh600673,东阳光  ,1.0
20260609,ZT,sh600198,大唐电信,1.0
20260609,ZT,sz002676,顺威股份,1.0
20260609,ZT,sz300411,金盾股份,1.0
20260609,ZT,sz001896,豫能控股,1.0
20260609,ZT,sh600719,大连热电,1.0
20260609,ZT,sz000037,深南电A,1.0
20260609,ZT,sh600396,华电辽能,1.0
20260609,ZT,sz002484,江海股份,1.0
20260609,ZT,sz002263,大东南,1.0
20260609,ZT,sh600458,时代新材,1.0
20260609,ZT,sh600596,新安股份,1.0
20260609,ZT,sh603260,合盛硅业,1.0
20260609,ZT,sh603335,迪生力  ,1.0
20260609,ZT,sz002240,盛新锂能,1.0
20260609,ZT,sh600187,*ST国中 ,1.0
20260609,ZT,sz000010,*ST美丽,1.0
20260609,ZT,sz002630,*ST华西,1.0
20260609,ZT,sh600302,ST标准  ,1.0
20260609,ZT,sz002323,*ST雅博,1.0
20260609,ZT,sz002122,ST汇洲,1.0
20260609,ZT,sz002199,*ST东晶,1.0
20260609,ZT,sh600340,*ST华幸 ,1.0
20260609,ZT,sz000903,ST云动,1.0
20260609,ZT,sz000711,ST京蓝,1.0
20260609,ZT,sh600381,*ST春天 ,1.0
20260609,ZT,sz000838,*ST发展,1.0
20260609,ZT,sh603020,爱普股份,1.0
20260609,ZT,sz002138,顺络电子,1.0
20260609,ZT,sz000608,阳光股份,1.0
20260609,ZT,sz002051,中工国际,1.0
20260609,ZT,sz301222,浙江恒威,1.0
20260609,ZT,sz000029,深深房Ａ,1.0
20260609,ZT,sh600682,南京新百,1.0
20260609,ZT,sh603663,三祥新材,1.0
20260609,ZT,sh605081,退市太和,1.0
20260609,ZT,sh603150,万朗磁塑,1.0
20260609,ZT,sz000571,新大洲A,1.0
20260609,ZT,sh600903,贵州燃气,1.0
20260609,ZT,sh605177,东亚药业,1.0
20260609,ZT,sz002225,濮耐股份,1.0
20260609,ZT,sz001215,千味央厨,1.0
20260609,ZT,bj920394,民士达,1.0
20260609,ZT,sz002513,蓝丰生化,1.0
20260609,ZT,sh603303,得邦照明,1.0
20260610,ZT,sz002354,天娱数科,4.0
20260610,ZT,sz002636,金安国纪,3.0
20260610,ZT,sz002585,双星新材,2.0
20260610,ZT,sz002971,和远气体,2.0
20260610,ZT,sz000048,京基智农,2.0
20260610,ZT,sh603002,宏昌电子,2.0
20260610,ZT,sh605006,山东玻纤,2.0
20260610,ZT,sh605589,圣泉集团,2.0
20260610,ZT,sz003026,中晶科技,2.0
20260610,ZT,sz000029,深深房Ａ,2.0
20260610,ZT,sz003043,华亚智能,2.0
20260610,ZT,sh603065,宿迁联盛,2.0
20260610,ZT,sz002669,康达新材,2.0
20260610,ZT,sh600500,中化国际,2.0
20260610,ZT,sh605318,法狮龙  ,2.0
20260610,ZT,sh603823,百合花  ,1.0
20260610,ZT,sh603938,三孚股份,1.0
20260610,ZT,sz002165,红 宝 丽,1.0
20260610,ZT,sz002081,金 螳 螂,1.0
20260610,ZT,sh603160,汇顶科技,1.0
20260610,ZT,sh603155,新亚强  ,1.0
20260610,ZT,sh600378,昊华科技,1.0
20260610,ZT,sz002208,合肥城建,1.0
20260610,ZT,sh601678,滨化股份,1.0
20260610,ZT,sz002430,杭氧股份,1.0
20260610,ZT,sh688216,气派科技,1.0
20260610,ZT,sz300721,怡达股份,1.0
20260610,ZT,sz002119,康强电子,1.0
20260610,ZT,sz002409,雅克科技,1.0
20260610,ZT,sh603661,恒林股份,1.0
20260610,ZT,sh600206,有研新材,1.0
20260610,ZT,sh688485,九州一轨,1.0
20260610,ZT,sh603375,盛景微  ,1.0
20260610,ZT,sh603687,大胜达  ,1.0
20260610,ZT,sz002757,南兴股份,1.0
20260610,ZT,sz002830,名雕股份,1.0
20260610,ZT,sh603636,南威软件,1.0
20260610,ZT,sh600229,城市传媒,1.0
20260610,ZT,sz002657,中科金财,1.0
20260610,ZT,sh600981,苏豪汇鸿,1.0
20260610,ZT,sz300264,佳创视讯,1.0
20260610,ZT,sh603011,合锻智能,1.0
20260610,ZT,sh603886,元祖股份,1.0
20260610,ZT,sh600573,惠泉啤酒,1.0
20260610,ZT,sz003030,祖名股份,1.0
20260610,ZT,sz000025,特  力Ａ,1.0
20260610,ZT,sh600665,天地源  ,1.0
20260610,ZT,sh603220,中贝通信,1.0
20260610,ZT,sz002261,拓维信息,1.0
20260610,ZT,sz000815,美利云,1.0
20260610,ZT,sz001332,锡装股份,1.0
20260610,ZT,sh600732,爱旭股份,1.0
20260610,ZT,sz002459,晶澳科技,1.0
20260610,ZT,sz000970,中科三环,1.0
20260610,ZT,sz002960,青鸟智控,1.0
20260610,ZT,sz002256,兆新股份,1.0
20260610,ZT,sh688662,富信科技,1.0
20260610,ZT,sh688456,有研粉材,1.0
20260610,ZT,sz000558,天府文旅,1.0
20260610,ZT,sh600593,大连圣亚,1.0
20260610,ZT,sh600843,上工申贝,1.0
20260610,ZT,sh600178,东安动力,1.0
20260610,ZT,sh603276,XD恒兴新,1.0
20260610,ZT,sh600302,ST标准  ,1.0
20260610,ZT,sh600370,*ST三房 ,1.0
20260610,ZT,sh600165,ST宁科  ,1.0
20260610,ZT,sz000488,ST晨鸣,1.0
20260610,ZT,sh603822,XDST嘉澳,1.0
20260610,ZT,sh600881,亚泰集团,1.0
20260610,ZT,sh600058,五矿发展,1.0
20260610,ZT,sh600698,湖南天雁,1.0
20260610,ZT,sh600088,中视传媒,1.0
20260610,ZT,sz001210,金房能源,1.0
20260610,ZT,sz002125,湘潭电化,1.0
20260610,ZT,sz001316,润贝航科,1.0
20260611,ZT,sz002971,和远气体,3.0
20260611,ZT,sz000048,京基智农,3.0
20260611,ZT,sh603065,XD宿迁联,3.0
20260611,ZT,sh600500,中化国际,3.0
20260611,ZT,sz002409,雅克科技,2.0
20260611,ZT,sz002165,红 宝 丽,2.0
20260611,ZT,sh603155,新亚强  ,2.0
20260611,ZT,sh600178,东安动力,2.0
20260611,ZT,sh600378,昊华科技,2.0
20260611,ZT,sz002119,康强电子,2.0
20260611,ZT,sh600665,天地源  ,2.0
20260611,ZT,sz000032,深桑达Ａ,1.0
20260611,ZT,sh603324,盛剑科技,1.0
20260611,ZT,sh688545,兴福电子,1.0
20260611,ZT,sz300666,江丰电子,1.0
20260611,ZT,sz002654,万润科技,1.0
20260611,ZT,sh600667,太极实业,1.0
20260611,ZT,sh688419,耐科装备,1.0
20260611,ZT,sz300263,隆华科技,1.0
20260611,ZT,sz001268,联合精密,1.0
20260611,ZT,sh688268,华特气体,1.0
20260611,ZT,sz300706,阿石创,1.0
20260611,ZT,sz002549,凯美特气,1.0
20260611,ZT,sh688661,和林微纳,1.0
20260611,ZT,sz301580,爱迪特,1.0
20260611,ZT,sh601958,金钼股份,1.0
20260611,ZT,sh600459,贵研铂业,1.0
20260611,ZT,sz002842,翔鹭钨业,1.0
20260611,ZT,sz000510,新金路,1.0
20260611,ZT,sh600108,亚盛集团,1.0
20260611,ZT,sz001257,盛龙股份,1.0
20260611,ZT,sz002378,章源钨业,1.0
20260611,ZT,sh600141,兴发集团,1.0
20260611,ZT,sh600470,六国化工,1.0
20260611,ZT,sz002469,三维化学,1.0
20260611,ZT,sz300481,濮阳惠成,1.0
20260611,ZT,sh600722,金牛化工,1.0
20260611,ZT,sz300505,川金诺,1.0
20260611,ZT,sh688167,炬光科技,1.0
20260611,ZT,sh600353,旭光电子,1.0
20260611,ZT,sz002428,云南锗业,1.0
20260611,ZT,sh603657,春光科技,1.0
20260611,ZT,sz300894,火星人,1.0
20260611,ZT,sh603355,莱克电气,1.0
20260611,ZT,sz000921,海信家电,1.0
20260611,ZT,sz002203,海亮股份,1.0
20260611,ZT,sh603936,博敏电子,1.0
20260611,ZT,sz002913,奥士康,1.0
20260611,ZT,sz002254,泰和新材,1.0
20260611,ZT,sh603991,领先股份,1.0
20260611,ZT,sh603399,永杉锂业,1.0
20260611,ZT,sz002407,多氟多,1.0
20260611,ZT,sz000688,国城矿业,1.0
20260611,ZT,sz000631,顺发恒能,1.0
20260611,ZT,sh603315,福鞍股份,1.0
20260611,ZT,sh603318,水发燃气,1.0
20260611,ZT,sh600067,冠城新材,1.0
20260611,ZT,sh600322,津投城开,1.0
20260611,ZT,sh601137,博威合金,1.0
20260611,ZT,sz002965,祥鑫科技,1.0
20260611,ZT,sh600979,广安爱众,1.0
20260611,ZT,sz001696,宗申动力,1.0
20260611,ZT,sh605069,正和生态,1.0
20260611,ZT,sz002856,*ST美芝,1.0
20260611,ZT,sz002717,*ST岭南,1.0
20260611,ZT,sh603843,*ST正平 ,1.0
20260611,ZT,sh600537,*ST亿晶 ,1.0
20260611,ZT,sh600730,*ST高科 ,1.0
20260611,ZT,sz000909,*ST数源,1.0
20260611,ZT,sz000078,ST海王,1.0
20260611,ZT,sz002214,*ST大立,1.0
20260611,ZT,sz002586,ST围海,1.0
20260611,ZT,sz002490,山东墨龙,1.0
20260611,ZT,sh603014,威高血净,1.0
20260611,ZT,sz300289,利德曼,1.0
20260611,ZT,sz002824,和胜股份,1.0
20260611,ZT,sh603992,松霖科技,1.0
20260611,ZT,sh603678,火炬电子,1.0
20260612,ZT,sz002971,和远气体,4.0
20260612,ZT,sh603065,宿迁联盛,4.0
20260612,ZT,sz002203,海亮股份,2.0
20260612,ZT,sz000510,新金路,2.0
20260612,ZT,sh600067,冠城新材,2.0
20260612,ZT,sz001257,盛龙股份,2.0
20260612,ZT,sh601958,金钼股份,2.0
20260612,ZT,sh603014,威高血净,2.0
20260612,ZT,sz001696,宗申动力,2.0
20260612,ZT,sz000032,深桑达Ａ,2.0
20260612,ZT,sz000969,安泰科技,1.0
20260612,ZT,sh600497,驰宏锌锗,1.0
20260612,ZT,sz000751,锌业股份,1.0
20260612,ZT,sz000758,中色股份,1.0
20260612,ZT,sz000630,铜陵有色,1.0
20260612,ZT,sh600531,豫光金铅,1.0
20260612,ZT,sz000506,招金黄金,1.0
20260612,ZT,sh600961,株冶集团,1.0
20260612,ZT,sz001360,南矿集团,1.0
20260612,ZT,sh603993,洛阳钼业,1.0
20260612,ZT,sz000737,北方铜业,1.0
20260612,ZT,bj920634,新威凌,1.0
20260612,ZT,sz000768,中航西飞,1.0
20260612,ZT,sz002733,雄韬股份,1.0
20260612,ZT,sh600391,航发科技,1.0
20260612,ZT,sh600862,中航高科,1.0
20260612,ZT,sz000099,中信海直,1.0
20260612,ZT,sz002985,北摩高科,1.0
20260612,ZT,sz002085,万丰奥威,1.0
20260612,ZT,sh603990,麦迪科技,1.0
20260612,ZT,sz002190,成飞集成,1.0
20260612,ZT,sz002882,金龙羽,1.0
20260612,ZT,sh603020,爱普股份,1.0
20260612,ZT,sh603225,新凤鸣  ,1.0
20260612,ZT,sz002215,诺 普 信,1.0
20260612,ZT,sh601233,桐昆股份,1.0
20260612,ZT,sz001378,德冠新材,1.0
20260612,ZT,sz002637,赞宇科技,1.0
20260612,ZT,sz002597,金禾实业,1.0
20260612,ZT,sh603335,迪生力  ,1.0
20260612,ZT,sz301348,蓝箭电子,1.0
20260612,ZT,sh600962,国投中鲁,1.0
20260612,ZT,sh688010,福光股份,1.0
20260612,ZT,sh603120,肯特催化,1.0
20260612,ZT,sz002830,名雕股份,1.0
20260612,ZT,sh600229,城市传媒,1.0
20260612,ZT,sh600539,狮头股份,1.0
20260612,ZT,sh603528,多伦科技,1.0
20260612,ZT,sz001330,博纳影业,1.0
20260612,ZT,sz000547,航天发展,1.0
20260612,ZT,sz002935,天奥电子,1.0
20260612,ZT,sz003009,中天火箭,1.0
20260612,ZT,sz300581,晨曦航空,1.0
20260612,ZT,sh600601,方正科技,1.0
20260612,ZT,sz001359,平安电工,1.0
20260612,ZT,sz301176,逸豪新材,1.0
20260612,ZT,sz002976,瑞玛精密,1.0
20260612,ZT,sh603738,泰晶科技,1.0
20260612,ZT,sh601696,中银证券,1.0
20260612,ZT,sh600906,财达证券,1.0
20260612,ZT,sh601609,金田股份,1.0
20260612,ZT,sz301323,新莱福,1.0
20260612,ZT,sz000759,中百集团,1.0
20260612,ZT,sh600857,宁波中百,1.0
20260612,ZT,sz002927,泰永长征,1.0
20260612,ZT,sz002270,华明装备,1.0
20260612,ZT,sz002997,瑞鹄模具,1.0
20260612,ZT,sz300377,赢时胜,1.0
20260612,ZT,sz002812,恩捷股份,1.0
20260612,ZT,sh688163,赛伦生物,1.0
20260612,ZT,sh600292,电投水电,1.0
20260612,ZT,sh603843,*ST正平 ,1.0
20260612,ZT,sh600537,*ST亿晶 ,1.0
20260612,ZT,sz002214,*ST大立,1.0
20260612,ZT,sz002306,ST云网,1.0
20260612,ZT,sz000820,*ST节能,1.0
20260612,ZT,sz002496,*ST辉丰,1.0
20260612,ZT,sh603261,*ST立航 ,1.0
20260612,ZT,sz002193,ST如意,1.0
20260612,ZT,sh601718,ST际华  ,1.0
20260612,ZT,sz002789,*ST建艺,1.0
20260612,ZT,sh603959,ST百利  ,1.0
20260612,ZT,sz002742,冀衡医药,1.0
20260612,ZT,sh605198,安德利  ,1.0
20260612,ZT,sz002088,鲁阳节能,1.0
20260612,ZT,sh605298,必得科技,1.0
20260612,ZT,sz002969,嘉美包装,1.0
20260612,ZT,sz002200,交投生态,1.0
20260612,ZT,sz000151,中成股份,1.0
20260612,ZT,sz001299,美能能源,1.0
20260612,ZT,sz002345,潮宏基,1.0
20260612,ZT,sz001206,依依股份,1.0
20260612,ZT,sz002457,青龙管业,1.0
20260612,ZT,sh603036,如通股份,1.0
20260612,ZT,sh603815,交建股份,1.0
20260612,ZT,sz001233,海安集团,1.0
20260612,ZT,sh600576,祥源文旅,1.0
20260612,ZT,sh600567,山鹰国际,1.0
20260612,ZT,sh603519,立霸股份,1.0
20260612,ZT,sh603180,金牌家居,1.0
20260615,ZT,sh601958,金钼股份,3.0
20260615,ZT,sz000510,新金路,3.0
20260615,ZT,sz001257,盛龙股份,3.0
20260615,ZT,sz000032,深桑达Ａ,3.0
20260615,ZT,sh605198,安德利  ,2.0
20260615,ZT,sz000506,招金黄金,2.0
20260615,ZT,sh601696,中银证券,2.0
20260615,ZT,sz301176,逸豪新材,2.0
20260615,ZT,sz001359,平安电工,2.0
20260615,ZT,sh603738,泰晶科技,2.0
20260615,ZT,sh603335,迪生力  ,2.0
20260615,ZT,sh603002,宏昌电子,1.0
20260615,ZT,sh605589,圣泉集团,1.0
20260615,ZT,sz002913,奥士康,1.0
20260615,ZT,sh603011,合锻智能,1.0
20260615,ZT,sh600110,诺德股份,1.0
20260615,ZT,sz002741,光华科技,1.0
20260615,ZT,sh603186,华正新材,1.0
20260615,ZT,sz002552,宝鼎科技,1.0
20260615,ZT,sz002815,崇达技术,1.0
20260615,ZT,sh600545,卓郎智能,1.0
20260615,ZT,sh600183,生益科技,1.0
20260615,ZT,sh600226,亨通股份,1.0
20260615,ZT,sh605058,澳弘电子,1.0
20260615,ZT,sh600176,中国巨石,1.0
20260615,ZT,sz000823,超声电子,1.0
20260615,ZT,sh603800,洪田股份,1.0
20260615,ZT,sh603681,永冠新材,1.0
20260615,ZT,sh603806,福斯特  ,1.0
20260615,ZT,sz301217,铜冠铜箔,1.0
20260615,ZT,sz002080,中材科技,1.0
20260615,ZT,sh688603,天承科技,1.0
20260615,ZT,sh688813,泰金新能,1.0
20260615,ZT,sh603256,宏和科技,1.0
20260615,ZT,sz002745,木林森,1.0
20260615,ZT,sz301373,凌玮科技,1.0
20260615,ZT,sz301362,民爆光电,1.0
20260615,ZT,sh600353,旭光电子,1.0
20260615,ZT,sh688167,炬光科技,1.0
20260615,ZT,sz002428,云南锗业,1.0
20260615,ZT,sz300570,太辰光,1.0
20260615,ZT,sz002515,金字火腿,1.0
20260615,ZT,sh600703,三安光电,1.0
20260615,ZT,sz002281,光迅科技,1.0
20260615,ZT,sh603052,可川科技,1.0
20260615,ZT,sz301387,光大同创,1.0
20260615,ZT,sz002975,博杰股份,1.0
20260615,ZT,sz002384,东山精密,1.0
20260615,ZT,sz002897,意华股份,1.0
20260615,ZT,sh603083,剑桥科技,1.0
20260615,ZT,sh600549,厦门钨业,1.0
20260615,ZT,sz000960,锡业股份,1.0
20260615,ZT,sh600362,江西铜业,1.0
20260615,ZT,sz000657,中钨高新,1.0
20260615,ZT,sh603407,长裕集团,1.0
20260615,ZT,sz300489,光智科技,1.0
20260615,ZT,sh603979,金诚信  ,1.0
20260615,ZT,sh605303,园林股份,1.0
20260615,ZT,sh600460,士兰微  ,1.0
20260615,ZT,sh601133,柏诚股份,1.0
20260615,ZT,sh603726,朗迪集团,1.0
20260615,ZT,sh688757,胜科纳米,1.0
20260615,ZT,sh600520,三佳科技,1.0
20260615,ZT,sh603499,翔港科技,1.0
20260615,ZT,sh605111,新洁能  ,1.0
20260615,ZT,sh603007,顺景科技,1.0
20260615,ZT,sz002021,中捷资源,1.0
20260615,ZT,sh605288,凯迪股份,1.0
20260615,ZT,sz000700,模塑科技,1.0
20260615,ZT,sh603373,安邦护卫,1.0
20260615,ZT,sz003036,泰坦股份,1.0
20260615,ZT,sz002664,信质集团,1.0
20260615,ZT,sz002903,宇环数控,1.0
20260615,ZT,sh688090,瑞松科技,1.0
20260615,ZT,sh603950,长源东谷,1.0
20260615,ZT,sz002585,双星新材,1.0
20260615,ZT,sh603678,火炬电子,1.0
20260615,ZT,sz300726,宏达电子,1.0
20260615,ZT,sh603267,鸿远电子,1.0
20260615,ZT,sz301566,达利凯普,1.0
20260615,ZT,sz000636,风华高科,1.0
20260615,ZT,sz002859,洁美科技,1.0
20260615,ZT,sh605376,博迁新材,1.0
20260615,ZT,sz002635,安洁科技,1.0
20260615,ZT,sz000733,振华科技,1.0
20260615,ZT,sz002806,华锋股份,1.0
20260615,ZT,sh600237,铜峰电子,1.0
20260615,ZT,sz002263,大东南,1.0
20260615,ZT,sh603115,海星股份,1.0
20260615,ZT,sh600563,法拉电子,1.0
20260615,ZT,sz002174,游族网络,1.0
20260615,ZT,sz002990,盛视科技,1.0
20260615,ZT,sz002849,威星智能,1.0
20260615,ZT,sh603629,利通电子,1.0
20260615,ZT,sh605289,罗曼股份,1.0
20260615,ZT,sz002730,电光科技,1.0
20260615,ZT,sh601975,招商南油,1.0
20260615,ZT,sh600026,中远海能,1.0
20260615,ZT,sh601872,招商轮船,1.0
20260615,ZT,sz000520,凤凰航运,1.0
20260615,ZT,sh601022,宁波远洋,1.0
20260615,ZT,sh603070,万控智造,1.0
20260615,ZT,sh603045,福达合金,1.0
20260615,ZT,sz002851,麦格米特,1.0
20260615,ZT,sh601179,中国西电,1.0
20260615,ZT,sz002364,中恒电气,1.0
20260615,ZT,sz002432,九安医疗,1.0
20260615,ZT,sz002137,实益达,1.0
20260615,ZT,sz300588,熙菱信息,1.0
20260615,ZT,sz002972,科安达,1.0
20260615,ZT,sz002301,齐心集团,1.0
20260615,ZT,sz300548,长芯博创,1.0
20260615,ZT,sz301196,唯科科技,1.0
20260615,ZT,sz000070,特发信息,1.0
20260615,ZT,sh603618,杭电股份,1.0
20260615,ZT,sh600293,三峡新材,1.0
20260615,ZT,sz002106,莱宝高科,1.0
20260615,ZT,sh601636,旗滨集团,1.0
20260615,ZT,sh603516,淳中科技,1.0
20260615,ZT,sz000811,冰轮环境,1.0
20260615,ZT,sz002335,科华数据,1.0
20260615,ZT,sz000545,金浦钛业,1.0
20260615,ZT,sz002136,安 纳 达,1.0
20260615,ZT,sz002440,闰土股份,1.0
20260615,ZT,sh603093,南华期货,1.0
20260615,ZT,sz002961,瑞达期货,1.0
20260615,ZT,sh603327,福蓉科技,1.0
20260615,ZT,sz002426,胜利精密,1.0
20260615,ZT,sh603458,勘设股份,1.0
20260615,ZT,sh600537,*ST亿晶 ,1.0
20260615,ZT,sz002214,*ST大立,1.0
20260615,ZT,sz002193,ST如意,1.0
20260615,ZT,sh603959,ST百利  ,1.0
20260615,ZT,sh600678,ST金顶  ,1.0
20260615,ZT,sz002082,ST万邦,1.0
20260615,ZT,sz002634,*ST棒杰,1.0
20260615,ZT,sz002055,ST得润,1.0
20260615,ZT,sz002977,*ST天箭,1.0
20260615,ZT,sh603922,ST金鸿顺,1.0
20260615,ZT,sh603580,*ST艾艾 ,1.0
20260615,ZT,sh600745,*ST闻泰 ,1.0
20260615,ZT,sh603595,ST东尼  ,1.0
20260615,ZT,sz000056,*ST皇庭,1.0
20260615,ZT,sz002762,*ST金比,1.0
20260615,ZT,sz002824,和胜股份,1.0
20260615,ZT,sh600375,汉马科技,1.0
20260615,ZT,sz002040,南 京 港,1.0
20260615,ZT,sh603727,博迈科  ,1.0
20260615,ZT,sh603137,恒尚节能,1.0
20260615,ZT,sz000980,众泰汽车,1.0
20260615,ZT,sz002051,中工国际,1.0
20260615,ZT,sz000411,英特集团,1.0
20260615,ZT,sz002613,北玻股份,1.0
20260615,ZT,sh600636,退市国化,1.0
20260615,ZT,sh603085,天成自控,1.0
20260615,ZT,sz001256,炜冈科技,1.0
20260615,ZT,sz000777,中核科技,1.0
20260615,ZT,sz002992,宝明科技,1.0
20260615,ZT,sz000593,德龙汇能,1.0
20260615,ZT,sh600578,京能电力,1.0
20260616,ZT,sz001257,盛龙股份,4.0
20260616,ZT,sz000032,深桑达Ａ,4.0
20260616,ZT,sh605198,安德利  ,3.0
20260616,ZT,sz301176,逸豪新材,3.0
20260616,ZT,sh600545,卓郎智能,2.0
20260616,ZT,sh603045,福达合金,2.0
20260616,ZT,sz002851,麦格米特,2.0
20260616,ZT,sz000777,中核科技,2.0
20260616,ZT,sz002585,双星新材,2.0
20260616,ZT,sz002824,和胜股份,2.0
20260616,ZT,sh603002,宏昌电子,2.0
20260616,ZT,sz002515,金字火腿,2.0
20260616,ZT,sh605289,罗曼股份,2.0
20260616,ZT,sh601179,中国西电,2.0
20260616,ZT,sz002080,中材科技,2.0
20260616,ZT,sh600110,诺德股份,2.0
20260616,ZT,sh603256,宏和科技,2.0
20260616,ZT,sh600353,旭光电子,2.0
20260616,ZT,sz002552,宝鼎科技,2.0
20260616,ZT,sh603618,杭电股份,2.0
20260616,ZT,sh603407,长裕集团,2.0
20260616,ZT,sz002806,华锋股份,2.0
20260616,ZT,sh600549,厦门钨业,2.0
20260616,ZT,sz002741,光华科技,2.0
20260616,ZT,sh601636,旗滨集团,2.0
20260616,ZT,sh603186,华正新材,2.0
20260616,ZT,sz002990,盛视科技,2.0
20260616,ZT,sh603516,淳中科技,2.0
20260616,ZT,sh603115,海星股份,2.0
20260616,ZT,sh600500,中化国际,1.0
20260616,ZT,sh605006,山东玻纤,1.0
20260616,ZT,sh601208,东材科技,1.0
20260616,ZT,sz002008,大族激光,1.0
20260616,ZT,sh603175,超颖电子,1.0
20260616,ZT,sz002141,贤丰控股,1.0
20260616,ZT,sh600186,莲花控股,1.0
20260616,ZT,sz002436,兴森科技,1.0
20260616,ZT,sz002927,泰永长征,1.0
20260616,ZT,sh600192,长城电工,1.0
20260616,ZT,sz002885,京泉华,1.0
20260616,ZT,sz002782,可立克,1.0
20260616,ZT,sh603191,望变电气,1.0
20260616,ZT,sz002346,柘中股份,1.0
20260616,ZT,sh603861,白云电器,1.0
20260616,ZT,sz000541,佛山照明,1.0
20260616,ZT,sz002989,中天精装,1.0
20260616,ZT,sh603125,常青科技,1.0
20260616,ZT,sh605588,冠石科技,1.0
20260616,ZT,sh603078,江化微  ,1.0
20260616,ZT,sh605255,天普股份,1.0
20260616,ZT,sh688484,南芯科技,1.0
20260616,ZT,sz000048,京基智农,1.0
20260616,ZT,sz300780,德恩精工,1.0
20260616,ZT,sz001283,豪鹏科技,1.0
20260616,ZT,sz002931,锋龙股份,1.0
20260616,ZT,sz301000,肇民科技,1.0
20260616,ZT,sh603949,雪龙集团,1.0
20260616,ZT,sh600615,鑫源智造,1.0
20260616,ZT,sh603989,艾华集团,1.0
20260616,ZT,sh600888,新疆众和,1.0
20260616,ZT,sh600458,时代新材,1.0
20260616,ZT,sz002484,江海股份,1.0
20260616,ZT,sh600206,有研新材,1.0
20260616,ZT,sz002645,华宏科技,1.0
20260616,ZT,sz000970,中科三环,1.0
20260616,ZT,sh600392,盛和资源,1.0
20260616,ZT,sh600397,江钨装备,1.0
20260616,ZT,sz002449,国星光电,1.0
20260616,ZT,sz002047,宝鹰股份,1.0
20260616,ZT,sh603803,瑞斯康达,1.0
20260616,ZT,sz300843,胜蓝股份,1.0
20260616,ZT,sh600105,永鼎股份,1.0
20260616,ZT,sh603042,华脉科技,1.0
20260616,ZT,sh688635,长进光子,1.0
20260616,ZT,sh603260,合盛硅业,1.0
20260616,ZT,sz001266,宏英智能,1.0
20260616,ZT,sz300145,南方泵业,1.0
20260616,ZT,sz000034,神州数码,1.0
20260616,ZT,sh603271,永杰新材,1.0
20260616,ZT,sh603196,璞源材料,1.0
20260616,ZT,sz002805,丰元股份,1.0
20260616,ZT,sz002058,威尔泰,1.0
20260616,ZT,sz002734,利民股份,1.0
20260616,ZT,sh601020,华钰矿业,1.0
20260616,ZT,sh603663,三祥新材,1.0
20260616,ZT,sz002672,东江环保,1.0
20260616,ZT,sz002735,王子新材,1.0
20260616,ZT,sh603169,兰石重装,1.0
20260616,ZT,sh603166,福达股份,1.0
20260616,ZT,sh603721,中广天择,1.0
20260616,ZT,sz301055,张小泉,1.0
20260616,ZT,sz002774,快意电梯,1.0
20260616,ZT,sh600228,返利科技,1.0
20260616,ZT,sz002446,盛路通信,1.0
20260616,ZT,sz002194,武汉凡谷,1.0
20260616,ZT,sz300964,本川智能,1.0
20260616,ZT,sz002217,合力泰,1.0
20260616,ZT,sz301099,雅创电子,1.0
20260616,ZT,sh603773,沃格光电,1.0
20260616,ZT,sh600537,*ST亿晶 ,1.0
20260616,ZT,sz002193,ST如意,1.0
20260616,ZT,sh603959,ST百利  ,1.0
20260616,ZT,sh600678,ST金顶  ,1.0
20260616,ZT,sz002977,*ST天箭,1.0
20260616,ZT,sh603922,ST金鸿顺,1.0
20260616,ZT,sz002055,ST得润,1.0
20260616,ZT,sz002082,ST万邦,1.0
20260616,ZT,sh600753,ST海钦  ,1.0
20260616,ZT,sz002630,*ST华西,1.0
20260616,ZT,sh600370,*ST三房 ,1.0
20260616,ZT,sz002514,*ST宝馨,1.0
20260616,ZT,sz002227,*ST特迅,1.0
20260616,ZT,sh600180,*ST瑞茂 ,1.0
20260616,ZT,sz002581,*ST未名,1.0
20260616,ZT,sz002691,*ST冀凯,1.0
20260616,ZT,sz300068,ST南都,1.0
20260616,ZT,sz002726,ST龙大,1.0
20260616,ZT,sz000677,ST海龙,1.0
20260616,ZT,sh603838,*ST四通 ,1.0
20260616,ZT,sz002207,*ST准油,1.0
20260616,ZT,sh603318,水发燃气,1.0
20260616,ZT,sz002160,常铝股份,1.0
20260616,ZT,sz000791,甘肃能源,1.0
20260616,ZT,sz000736,中交发展,1.0
20260616,ZT,sz000012,南  玻Ａ,1.0
20260616,ZT,bj920083,金戈新材,1.0
20260616,ZT,sz002700,万憬能源,1.0
20260616,ZT,sh605166,聚合顺  ,1.0
20260616,ZT,sz000029,深深房Ａ,1.0
20260616,ZT,sz001387,雪祺电气,1.0
20260616,ZT,sz002910,庄园牧场,1.0
20260616,ZT,sz000679,大连友谊,1.0
20260616,ZT,sz002729,好利科技,1.0
20260616,ZT,sz300931,通用电梯,1.0
20260616,ZT,sz002993,奥海科技,1.0
20260616,ZT,sh600052,东望时代,1.0
20260616,ZT,sz000564,供销大集,1.0
20260616,ZT,sz002303,美盈森,1.0
20260617,ZT,sz002741,光华科技,3.0
20260617,ZT,sz000777,中核科技,3.0
20260617,ZT,sh603002,宏昌电子,3.0
20260617,ZT,sh601636,旗滨集团,3.0
20260617,ZT,sh603186,华正新材,3.0
20260617,ZT,sz002080,中材科技,3.0
20260617,ZT,sh600110,诺德股份,3.0
20260617,ZT,sh600353,旭光电子,3.0
20260617,ZT,sh603618,杭电股份,3.0
20260617,ZT,sh603115,海星股份,3.0
20260617,ZT,sh603773,沃格光电,2.0
20260617,ZT,sz000679,大连友谊,2.0
20260617,ZT,sh600192,长城电工,2.0
20260617,ZT,sz002989,中天精装,2.0
20260617,ZT,sh600615,鑫源智造,2.0
20260617,ZT,sh600186,莲花控股,2.0
20260617,ZT,sh603989,艾华集团,2.0
20260617,ZT,sz002141,贤丰控股,2.0
20260617,ZT,sh600397,江钨装备,2.0
20260617,ZT,sz000823,超声电子,1.0
20260617,ZT,sh600176,中国巨石,1.0
20260617,ZT,sz002916,深南电路,1.0
20260617,ZT,sz002579,中京电子,1.0
20260617,ZT,sz301366,一博科技,1.0
20260617,ZT,sz300903,科翔股份,1.0
20260617,ZT,sz001223,欧克科技,1.0
20260617,ZT,sz002938,鹏鼎控股,1.0
20260617,ZT,sh688323,瑞华泰  ,1.0
20260617,ZT,sz300283,温州宏丰,1.0
20260617,ZT,sz002918,蒙娜丽莎,1.0
20260617,ZT,sh603324,盛剑科技,1.0
20260617,ZT,sh603283,赛腾股份,1.0
20260617,ZT,sh688082,盛美上海,1.0
20260617,ZT,sz300475,香农芯创,1.0
20260617,ZT,sh688598,金博股份,1.0
20260617,ZT,sh603929,亚翔集成,1.0
20260617,ZT,sz002161,远 望 谷,1.0
20260617,ZT,sh600378,昊华科技,1.0
20260617,ZT,sh603986,兆易创新,1.0
20260617,ZT,sz000672,上峰材料,1.0
20260617,ZT,sh688766,普冉股份,1.0
20260617,ZT,sz002106,莱宝高科,1.0
20260617,ZT,sh600876,凯盛新能,1.0
20260617,ZT,sz000050,深天马Ａ,1.0
20260617,ZT,sh688079,美迪凯  ,1.0
20260617,ZT,sz000725,京东方Ａ,1.0
20260617,ZT,sz300088,长信科技,1.0
20260617,ZT,sh600552,凯盛科技,1.0
20260617,ZT,sh600707,彩虹股份,1.0
20260617,ZT,sz000100,TCL科技,1.0
20260617,ZT,sh603458,勘设股份,1.0
20260617,ZT,sz002201,九鼎新材,1.0
20260617,ZT,sh688333,铂力特  ,1.0
20260617,ZT,sh603601,再升科技,1.0
20260617,ZT,sh600026,中远海能,1.0
20260617,ZT,sh601117,中国化学,1.0
20260617,ZT,sh600579,中化装备,1.0
20260617,ZT,bj920122,中纺标,1.0
20260617,ZT,sh603976,正川股份,1.0
20260617,ZT,sz301111,粤万年青,1.0
20260617,ZT,sh603880,南卫股份,1.0
20260617,ZT,sh603139,康惠股份,1.0
20260617,ZT,sz300584,海辰药业,1.0
20260617,ZT,sh600237,铜峰电子,1.0
20260617,ZT,sh600673,东阳光  ,1.0
20260617,ZT,sz000811,冰轮环境,1.0
20260617,ZT,sz300735,光弘科技,1.0
20260617,ZT,sz300351,永贵电器,1.0
20260617,ZT,sz001326,联域股份,1.0
20260617,ZT,sz001282,三联锻造,1.0
20260617,ZT,sz002254,泰和新材,1.0
20260617,ZT,sz002491,通鼎互联,1.0
20260617,ZT,sz002828,贝肯能源,1.0
20260617,ZT,sz300386,飞天诚信,1.0
20260617,ZT,sh603285,键邦股份,1.0
20260617,ZT,sh603637,镇海股份,1.0
20260617,ZT,sh688260,昀冢科技,1.0
20260617,ZT,sz001339,智微智能,1.0
20260617,ZT,sh600537,*ST亿晶 ,1.0
20260617,ZT,sh603959,ST百利  ,1.0
20260617,ZT,sh603922,ST金鸿顺,1.0
20260617,ZT,sz002082,ST万邦,1.0
20260617,ZT,sh600370,*ST三房 ,1.0
20260617,ZT,sh600753,ST海钦  ,1.0
20260617,ZT,sz002581,*ST未名,1.0
20260617,ZT,sh603580,*ST艾艾 ,1.0
20260617,ZT,sz002789,*ST建艺,1.0
20260617,ZT,sh603429,*ST集友 ,1.0
20260617,ZT,sh603261,立航科技,1.0
20260617,ZT,sh603020,爱普股份,1.0
20260617,ZT,sh600676,交运股份,1.0
20260617,ZT,sz002404,嘉欣丝绸,1.0
20260617,ZT,sz002906,华阳集团,1.0
20260617,ZT,sz300737,科顺股份,1.0
20260617,ZT,sh603488,展鹏科技,1.0
20260617,ZT,sz000695,滨海能源,1.0
20260618,ZT,sh600353,旭光电子,4.0
20260618,ZT,sz002989,中天精装,3.0
20260618,ZT,sh603989,艾华集团,3.0
20260618,ZT,sz002141,贤丰控股,3.0
20260618,ZT,sh600397,江钨装备,3.0
20260618,ZT,sz000811,冰轮环境,2.0
20260618,ZT,sz001339,智微智能,2.0
20260618,ZT,sh688598,金博股份,2.0
20260618,ZT,sz002579,中京电子,2.0
20260618,ZT,sz002491,通鼎互联,2.0
20260618,ZT,sh603261,立航科技,2.0
20260618,ZT,sh603324,盛剑科技,2.0
20260618,ZT,sh688478,晶升股份,1.0
20260618,ZT,sh600076,康欣新材,1.0
20260618,ZT,sz002392,北京利尔,1.0
20260618,ZT,sh688515,裕太微-U,1.0
20260618,ZT,sh688485,九州一轨,1.0
20260618,ZT,sz002971,和远气体,1.0
20260618,ZT,sh603991,领先股份,1.0
20260618,ZT,sh600667,太极实业,1.0
20260618,ZT,sh688729,屹唐股份,1.0
20260618,ZT,sh603407,长裕集团,1.0
20260618,ZT,sh603663,三祥新材,1.0
20260618,ZT,sh600392,盛和资源,1.0
20260618,ZT,sh600362,江西铜业,1.0
20260618,ZT,sz000657,中钨高新,1.0
20260618,ZT,sz301580,爱迪特,1.0
20260618,ZT,sz002167,东方锆业,1.0
20260618,ZT,sz002842,翔鹭钨业,1.0
20260618,ZT,sh600545,卓郎智能,1.0
20260618,ZT,sh603011,合锻智能,1.0
20260618,ZT,sh600226,亨通股份,1.0
20260618,ZT,sz300522,世名科技,1.0
20260618,ZT,sz002203,海亮股份,1.0
20260618,ZT,sz301687,新广益,1.0
20260618,ZT,sh603124,江南新材,1.0
20260618,ZT,sh603211,晋拓股份,1.0
20260618,ZT,sz002747,埃斯顿,1.0
20260618,ZT,sz002674,兴业科技,1.0
20260618,ZT,sz001365,天海电子,1.0
20260618,ZT,sh603358,华达科技,1.0
20260618,ZT,sh600835,上海机电,1.0
20260618,ZT,sh603082,北自科技,1.0
20260618,ZT,sz301310,鑫宏业,1.0
20260618,ZT,sh600851,海欣股份,1.0
20260618,ZT,sz002907,华森制药,1.0
20260618,ZT,sz002317,众生药业,1.0
20260618,ZT,sh603127,昭衍新药,1.0
20260618,ZT,sz002950,奥美医疗,1.0
20260618,ZT,sh600671,天目药业,1.0
20260618,ZT,sz000889,中嘉博创,1.0
20260618,ZT,sz300166,东方国信,1.0
20260618,ZT,sh688227,品高股份,1.0
20260618,ZT,sh603679,华体科技,1.0
20260618,ZT,sz002432,九安医疗,1.0
20260618,ZT,sz000839,国安股份,1.0
20260618,ZT,sh688671,碧兴物联,1.0
20260618,ZT,sh603956,威派格  ,1.0
20260618,ZT,sz002354,天娱数科,1.0
20260618,ZT,sz001216,华瓷股份,1.0
20260618,ZT,sh605086,龙高股份,1.0
20260618,ZT,sz300861,美畅股份,1.0
20260618,ZT,sz002655,共达电声,1.0
20260618,ZT,sz002297,博云新材,1.0
20260618,ZT,sz002281,光迅科技,1.0
20260618,ZT,sz300319,麦捷科技,1.0
20260618,ZT,sz003031,中瓷电子,1.0
20260618,ZT,sz002283,天润工业,1.0
20260618,ZT,sh600399,抚顺特钢,1.0
20260618,ZT,sz000534,万泽股份,1.0
20260618,ZT,sz002897,意华股份,1.0
20260618,ZT,sz002158,汉钟精机,1.0
20260618,ZT,sz002805,丰元股份,1.0
20260618,ZT,sz002068,黑猫股份,1.0
20260618,ZT,sh603380,易德龙  ,1.0
20260618,ZT,sh603496,XD恒为科,1.0
20260618,ZT,sh605376,博迁新材,1.0
20260618,ZT,sz002859,洁美科技,1.0
20260618,ZT,sh600162,香江控股,1.0
20260618,ZT,sz000608,阳光股份,1.0
20260618,ZT,sh603580,*ST艾艾 ,1.0
20260618,ZT,sz002789,*ST建艺,1.0
20260618,ZT,sh603595,ST东尼  ,1.0
20260618,ZT,sh603557,*ST起步 ,1.0
20260618,ZT,sz002713,*ST东易,1.0
20260618,ZT,sz002816,*ST和科,1.0
20260618,ZT,sh603843,*ST正平 ,1.0
20260618,ZT,sh600381,*ST春天 ,1.0
20260618,ZT,sz002485,ST雪发,1.0
20260618,ZT,sh603389,*ST亚振 ,1.0
20260618,ZT,sh600259,中稀有色,1.0
20260618,ZT,sh600769,祥龙电业,1.0
20260618,ZT,sh603223,恒通股份,1.0
20260618,ZT,sh603616,韩建河山,1.0
20260618,ZT,sz002442,龙星科技,1.0
20260618,ZT,sh603313,梦百合  ,1.0
20260618,ZT,sh603201,常润股份,1.0
20260618,ZT,sz002159,三特索道,1.0
20260618,ZT,sh603001,奥康国际,1.0
20260618,ZT,sz001296,长江材料,1.0
20260618,ZT,sh603177,德创环保,1.0
20260622,ZT,sh600353,旭光电子,5.0
20260622,ZT,sh603989,艾华集团,4.0
20260622,ZT,sh600397,江钨装备,4.0
20260622,ZT,sz000811,冰轮环境,3.0
20260622,ZT,sz002655,共达电声,2.0
20260622,ZT,sh600769,祥龙电业,2.0
20260622,ZT,sz002297,博云新材,2.0
20260622,ZT,sz002674,兴业科技,2.0
20260622,ZT,sz002805,丰元股份,2.0
20260622,ZT,sh603082,北自科技,2.0
20260622,ZT,sh603407,长裕集团,2.0
20260622,ZT,sz003031,中瓷电子,2.0
20260622,ZT,sz002068,黑猫股份,2.0
20260622,ZT,sz002842,翔鹭钨业,2.0
20260622,ZT,sz300522,世名科技,2.0
20260622,ZT,sz000657,中钨高新,2.0
20260622,ZT,sz002354,天娱数科,2.0
20260622,ZT,sz001296,长江材料,2.0
20260622,ZT,sz301580,爱迪特,2.0
20260622,ZT,sh603663,三祥新材,2.0
20260622,ZT,sh600162,香江控股,2.0
20260622,ZT,sz002167,东方锆业,2.0
20260622,ZT,sh600851,海欣股份,2.0
20260622,ZT,sh600549,厦门钨业,1.0
20260622,ZT,sh600552,凯盛科技,1.0
20260622,ZT,sz002672,东江环保,1.0
20260622,ZT,sh601020,华钰矿业,1.0
20260622,ZT,sz000751,锌业股份,1.0
20260622,ZT,sh600961,株冶集团,1.0
20260622,ZT,sz002114,罗平锌电,1.0
20260622,ZT,sz000510,新金路,1.0
20260622,ZT,sh600367,红星发展,1.0
20260622,ZT,sh600497,驰宏锌锗,1.0
20260622,ZT,sz000962,东方钽业,1.0
20260622,ZT,sh600531,豫光金铅,1.0
20260622,ZT,sz000960,锡业股份,1.0
20260622,ZT,sz000060,中金岭南,1.0
20260622,ZT,sh601958,金钼股份,1.0
20260622,ZT,sh603588,高能环境,1.0
20260622,ZT,sz000612,焦作万方,1.0
20260622,ZT,sh603067,振华股份,1.0
20260622,ZT,sz002312,川发龙蟒,1.0
20260622,ZT,sz000545,金浦钛业,1.0
20260622,ZT,sh603823,百合花  ,1.0
20260622,ZT,sz002440,闰土股份,1.0
20260622,ZT,sz002386,天原股份,1.0
20260622,ZT,sh600352,浙江龙盛,1.0
20260622,ZT,sh600078,澄星股份,1.0
20260622,ZT,sh600470,六国化工,1.0
20260622,ZT,sh601233,桐昆股份,1.0
20260622,ZT,sh600160,巨化股份,1.0
20260622,ZT,sz002601,龙佰集团,1.0
20260622,ZT,sh600096,云天化  ,1.0
20260622,ZT,sz002539,云图控股,1.0
20260622,ZT,sz002258,利尔化学,1.0
20260622,ZT,sh605020,永和股份,1.0
20260622,ZT,sz000833,粤桂股份,1.0
20260622,ZT,sz002428,云南锗业,1.0
20260622,ZT,sh603065,宿迁联盛,1.0
20260622,ZT,sh603083,剑桥科技,1.0
20260622,ZT,sh600703,三安光电,1.0
20260622,ZT,sz002975,博杰股份,1.0
20260622,ZT,sh688662,富信科技,1.0
20260622,ZT,sh600172,黄河旋风,1.0
20260622,ZT,sh605580,恒盛能源,1.0
20260622,ZT,sh603661,恒林股份,1.0
20260622,ZT,sz301071,力量钻石,1.0
20260622,ZT,sz300179,四方达,1.0
20260622,ZT,bj920725,惠丰钻石,1.0
20260622,ZT,sz000519,中兵红箭,1.0
20260622,ZT,sh605069,正和生态,1.0
20260622,ZT,sh603012,创力集团,1.0
20260622,ZT,sz002657,中科金财,1.0
20260622,ZT,sz002421,达实智能,1.0
20260622,ZT,sz002830,名雕股份,1.0
20260622,ZT,sh603533,掌阅科技,1.0
20260622,ZT,sh605168,三人行  ,1.0
20260622,ZT,sz000776,广发证券,1.0
20260622,ZT,sz000783,长江证券,1.0
20260622,ZT,sh601066,中信建投,1.0
20260622,ZT,sz000987,越秀资本,1.0
20260622,ZT,sh601108,财通证券,1.0
20260622,ZT,sh601336,新华保险,1.0
20260622,ZT,sz000070,特发信息,1.0
20260622,ZT,sh601869,长飞光纤,1.0
20260622,ZT,sh603938,三孚股份,1.0
20260622,ZT,sh600141,XD兴发集,1.0
20260622,ZT,sh600345,长江通信,1.0
20260622,ZT,sh600869,远东股份,1.0
20260622,ZT,sh601179,中国西电,1.0
20260622,ZT,sz002346,柘中股份,1.0
20260622,ZT,sz002885,京泉华,1.0
20260622,ZT,sz002546,新联电子,1.0
20260622,ZT,sz300882,万胜智能,1.0
20260622,ZT,sz000682,东方电子,1.0
20260622,ZT,sh600206,有研新材,1.0
20260622,ZT,sz002963,豪尔赛,1.0
20260622,ZT,sh603607,京华激光,1.0
20260622,ZT,sh600584,长电科技,1.0
20260622,ZT,sz002409,雅克科技,1.0
20260622,ZT,sh603002,宏昌电子,1.0
20260622,ZT,sz000823,超声电子,1.0
20260622,ZT,sz001359,平安电工,1.0
20260622,ZT,sz300243,瑞丰高材,1.0
20260622,ZT,sz002418,康盛股份,1.0
20260622,ZT,sz301548,崇德科技,1.0
20260622,ZT,sz002367,康力电梯,1.0
20260622,ZT,sh603950,长源东谷,1.0
20260622,ZT,sh603906,龙蟠科技,1.0
20260622,ZT,sz002407,多氟多,1.0
20260622,ZT,sh603399,永杉锂业,1.0
20260622,ZT,sz300561,汇金科技,1.0
20260622,ZT,bj920790,联迪信息,1.0
20260622,ZT,sh601519,大智慧  ,1.0
20260622,ZT,sh603976,正川股份,1.0
20260622,ZT,sz000012,南  玻Ａ,1.0
20260622,ZT,sz300401,花园生物,1.0
20260622,ZT,sh603668,天马科技,1.0
20260622,ZT,sh600234,科新发展,1.0
20260622,ZT,sh603629,利通电子,1.0
20260622,ZT,sh600791,京能置业,1.0
20260622,ZT,sz002057,中钢天源,1.0
20260622,ZT,sh603959,ST百利  ,1.0
20260622,ZT,sh603595,ST东尼  ,1.0
20260622,ZT,sh603557,*ST起步 ,1.0
20260622,ZT,sh600381,*ST春天 ,1.0
20260622,ZT,sz002485,ST雪发,1.0
20260622,ZT,sh603429,*ST集友 ,1.0
20260622,ZT,sz002175,*ST东智,1.0
20260622,ZT,sh688496,*ST清越 ,1.0
20260622,ZT,sh600965,*ST福成 ,1.0
20260622,ZT,sz002538,ST司特,1.0
20260622,ZT,sh603021,*ST华鹏 ,1.0
20260622,ZT,sz000793,*ST华闻,1.0
20260622,ZT,sz301139,*ST元道,1.0
20260622,ZT,sz000056,*ST皇庭,1.0
20260622,ZT,sh603718,*ST海利 ,1.0
20260622,ZT,sh600818,ST中路  ,1.0
20260622,ZT,sz002424,ST百灵,1.0
20260622,ZT,sz000048,京基智农,1.0
20260622,ZT,sz002910,庄园牧场,1.0
20260622,ZT,sh688367,工大高科,1.0
20260622,ZT,sh600058,五矿发展,1.0
20260622,ZT,sz000571,新大洲A,1.0
20260622,ZT,sh605377,华旺科技,1.0
20260622,ZT,sz300085,银之杰,1.0
20260622,ZT,sz301356,天振股份,1.0
20260622,ZT,sh603727,博迈科  ,1.0
20260622,ZT,sh605305,中际联合,1.0
20260622,ZT,sh600400,红豆股份,1.0
20260622,ZT,sh600178,东安动力,1.0
20260623,ZT,sh600397,江钨装备,5.0
20260623,ZT,sz002068,黑猫股份,3.0
20260623,ZT,sz002674,兴业科技,3.0
20260623,ZT,sz002167,东方锆业,3.0
20260623,ZT,sh600851,海欣股份,3.0
20260623,ZT,sh603407,长裕集团,3.0
20260623,ZT,sz002672,东江环保,2.0
20260623,ZT,sz000783,长江证券,2.0
20260623,ZT,sh600172,黄河旋风,2.0
20260623,ZT,sh605580,恒盛能源,2.0
20260623,ZT,sh600470,六国化工,2.0
20260623,ZT,sz300085,银之杰,2.0
20260623,ZT,sz000070,特发信息,2.0
20260623,ZT,sz002830,名雕股份,2.0
20260623,ZT,sh605069,正和生态,2.0
20260623,ZT,sz000571,新大洲A,2.0
20260623,ZT,sh601869,长飞光纤,2.0
20260623,ZT,sh600400,红豆股份,2.0
20260623,ZT,sh605377,华旺科技,2.0
20260623,ZT,sh603938,三孚股份,2.0
20260623,ZT,sz000566,海南海药,1.0
20260623,ZT,sz000756,新华制药,1.0
20260623,ZT,sz301211,亨迪药业,1.0
20260623,ZT,sz002728,特一药业,1.0
20260623,ZT,sz002038,双鹭药业,1.0
20260623,ZT,sz002370,亚太药业,1.0
20260623,ZT,sh603122,合富中国,1.0
20260623,ZT,sz000813,德展健康,1.0
20260623,ZT,sh605369,拱东医疗,1.0
20260623,ZT,sz300149,睿智医药,1.0
20260623,ZT,sh603669,灵康药业,1.0
20260623,ZT,sh600488,津药药业,1.0
20260623,ZT,sz002921,联诚精密,1.0
20260623,ZT,sz002196,方正电机,1.0
20260623,ZT,sh605118,力鼎光电,1.0
20260623,ZT,sh600843,上工申贝,1.0
20260623,ZT,sh603466,风语筑  ,1.0
20260623,ZT,sz002021,中捷资源,1.0
20260623,ZT,sz002031,巨轮智能,1.0
20260623,ZT,sz001225,和泰机电,1.0
20260623,ZT,sh603007,顺景科技,1.0
20260623,ZT,sh603015,弘讯科技,1.0
20260623,ZT,sh603725,天安新材,1.0
20260623,ZT,sz002453,华软科技,1.0
20260623,ZT,sz000551,创元科技,1.0
20260623,ZT,sh600171,上海贝岭,1.0
20260623,ZT,sh603335,迪生力  ,1.0
20260623,ZT,sz300665,飞鹿股份,1.0
20260623,ZT,sh600360,华微电子,1.0
20260623,ZT,sz300721,怡达股份,1.0
20260623,ZT,sh688291,金橙子  ,1.0
20260623,ZT,sh603757,大元泵业,1.0
20260623,ZT,sh600506,统一股份,1.0
20260623,ZT,sz002580,圣阳股份,1.0
20260623,ZT,bj920662,方盛股份,1.0
20260623,ZT,sz002420,毅昌科技,1.0
20260623,ZT,sz002871,伟隆股份,1.0
20260623,ZT,bj920035,精创电气,1.0
20260623,ZT,sz002549,凯美特气,1.0
20260623,ZT,sh600379,宝光股份,1.0
20260623,ZT,sh603318,水发燃气,1.0
20260623,ZT,sz002648,卫星化学,1.0
20260623,ZT,sh605366,宏柏新材,1.0
20260623,ZT,sz000691,亚太实业,1.0
20260623,ZT,sz000042,中洲控股,1.0
20260623,ZT,sh600743,华远控股,1.0
20260623,ZT,sh600708,光明地产,1.0
20260623,ZT,sh603863,松炀资源,1.0
20260623,ZT,sh600793,宜宾纸业,1.0
20260623,ZT,sz002522,浙江众成,1.0
20260623,ZT,sz002047,宝鹰股份,1.0
20260623,ZT,sz002976,瑞玛精密,1.0
20260623,ZT,sh603106,恒银科技,1.0
20260623,ZT,sh601011,宝泰隆  ,1.0
20260623,ZT,sz002631,德尔未来,1.0
20260623,ZT,sh600707,彩虹股份,1.0
20260623,ZT,sz002962,五方光电,1.0
20260623,ZT,sz002141,贤丰控股,1.0
20260623,ZT,sz002584,西陇科学,1.0
20260623,ZT,sz300835,龙磁科技,1.0
20260623,ZT,sh603595,ST东尼  ,1.0
20260623,ZT,sz000056,*ST皇庭,1.0
20260623,ZT,sh603021,*ST华鹏 ,1.0
20260623,ZT,sz002424,ST百灵,1.0
20260623,ZT,sh600965,*ST福成 ,1.0
20260623,ZT,sh603718,*ST海利 ,1.0
20260623,ZT,sh600818,ST中路  ,1.0
20260623,ZT,sz002822,ST中装,1.0
20260623,ZT,sz002592,ST八菱,1.0
20260623,ZT,sh600365,ST通葡  ,1.0
20260623,ZT,sh605336,*ST帅电 ,1.0
20260623,ZT,sz002289,*ST宇顺,1.0
20260623,ZT,sz300167,ST迪威迅,1.0
20260623,ZT,sh600337,ST美克  ,1.0
20260623,ZT,sh603789,ST星农  ,1.0
20260623,ZT,sz000632,ST三木,1.0
20260623,ZT,sz002726,ST龙大,1.0
20260623,ZT,sh600423,*ST柳化 ,1.0
20260623,ZT,sh600080,ST金花  ,1.0
20260623,ZT,sh600187,*ST国中 ,1.0
20260623,ZT,sz002211,ST宏达,1.0
20260623,ZT,sh600238,*ST椰岛 ,1.0
20260623,ZT,sz002323,*ST雅博,1.0
20260623,ZT,sh600119,*ST长投 ,1.0
20260623,ZT,sh600892,*ST大晟 ,1.0
20260623,ZT,sh600243,*ST海华 ,1.0
20260623,ZT,sz002198,ST嘉应,1.0
20260623,ZT,sz002717,*ST岭南,1.0
20260623,ZT,sz000882,华联股份,1.0
20260623,ZT,sh605167,利柏特  ,1.0
20260623,ZT,sh603210,泰鸿万立,1.0
20260623,ZT,sh600881,亚泰集团,1.0
20260623,ZT,sz001206,依依股份,1.0
20260623,ZT,sh600777,新潮能源,1.0
20260623,ZT,sh603630,拉芳家化,1.0
20260623,ZT,sz002687,乔治白,1.0
20260623,ZT,sh600405,动力源  ,1.0
20260623,ZT,sh603116,红蜻蜓  ,1.0
20260623,ZT,sh603717,天域生物,1.0
20260623,ZT,sh600719,大连热电,1.0
20260623,ZT,sz002374,中锐股份,1.0
20260623,ZT,sz300961,深水海纳,1.0
20260623,ZT,sz001279,强邦新材,1.0
20260623,ZT,sz002014,永新股份,1.0
20260624,ZT,sz002674,兴业科技,4.0
20260624,ZT,sz002167,东方锆业,4.0
20260624,ZT,sh603407,长裕集团,4.0
20260624,ZT,sh605069,正和生态,3.0
20260624,ZT,sh603938,三孚股份,3.0
20260624,ZT,sz002631,德尔未来,2.0
20260624,ZT,sz002584,西陇科学,2.0
20260624,ZT,sz002687,乔治白,2.0
20260624,ZT,sh600379,宝光股份,2.0
20260624,ZT,sz002580,圣阳股份,2.0
20260624,ZT,sz000566,海南海药,2.0
20260624,ZT,sh605366,宏柏新材,2.0
20260624,ZT,sh603324,盛剑科技,1.0
20260624,ZT,sh600584,长电科技,1.0
20260624,ZT,sz002409,雅克科技,1.0
20260624,ZT,sh600667,太极实业,1.0
20260624,ZT,sh688403,汇成股份,1.0
20260624,ZT,sh603929,亚翔集成,1.0
20260624,ZT,sz002943,宇晶股份,1.0
20260624,ZT,sz000032,深桑达Ａ,1.0
20260624,ZT,sz003043,华亚智能,1.0
20260624,ZT,sh600246,万通发展,1.0
20260624,ZT,sh603061,金海通  ,1.0
20260624,ZT,sz000021,深科技,1.0
20260624,ZT,sh600877,电科芯片,1.0
20260624,ZT,sh688123,聚辰股份,1.0
20260624,ZT,sz002643,万润股份,1.0
20260624,ZT,sz300506,名家汇,1.0
20260624,ZT,sh601133,柏诚股份,1.0
20260624,ZT,sh603986,兆易创新,1.0
20260624,ZT,sz000823,超声电子,1.0
20260624,ZT,sz001359,平安电工,1.0
20260624,ZT,sh600141,兴发集团,1.0
20260624,ZT,sh600226,亨通股份,1.0
20260624,ZT,sz301132,满坤科技,1.0
20260624,ZT,sh603386,骏亚科技,1.0
20260624,ZT,sh600176,中国巨石,1.0
20260624,ZT,sh603650,彤程新材,1.0
20260624,ZT,sz002080,中材科技,1.0
20260624,ZT,sh603297,永新光学,1.0
20260624,ZT,sz301366,一博科技,1.0
20260624,ZT,sz002552,宝鼎科技,1.0
20260624,ZT,sh600703,三安光电,1.0
20260624,ZT,sz002428,云南锗业,1.0
20260624,ZT,sh603083,剑桥科技,1.0
20260624,ZT,sz002025,航天电器,1.0
20260624,ZT,sh605277,新亚电子,1.0
20260624,ZT,sh600105,永鼎股份,1.0
20260624,ZT,sh688593,新相微  ,1.0
20260624,ZT,sh605020,永和股份,1.0
20260624,ZT,sz002897,意华股份,1.0
20260624,ZT,sz003018,金富科技,1.0
20260624,ZT,sz002536,飞龙股份,1.0
20260624,ZT,sh603203,快克智能,1.0
20260624,ZT,sz002600,领益智造,1.0
20260624,ZT,sz001339,智微智能,1.0
20260624,ZT,sz002990,盛视科技,1.0
20260624,ZT,sz000967,盈峰环境,1.0
20260624,ZT,sz000925,众合科技,1.0
20260624,ZT,sz301396,宏景科技,1.0
20260624,ZT,sz000818,航锦科技,1.0
20260624,ZT,sh603399,永杉锂业,1.0
20260624,ZT,sh600497,驰宏锌锗,1.0
20260624,ZT,sz002491,通鼎互联,1.0
20260624,ZT,sz002254,泰和新材,1.0
20260624,ZT,sh600596,新安股份,1.0
20260624,ZT,sh603948,建业股份,1.0
20260624,ZT,sz002192,融捷股份,1.0
20260624,ZT,sz002240,盛新锂能,1.0
20260624,ZT,sz002497,雅化集团,1.0
20260624,ZT,sz000908,景峰医药,1.0
20260624,ZT,sz002821,凯莱英,1.0
20260624,ZT,sz002550,千红制药,1.0
20260624,ZT,sh603989,艾华集团,1.0
20260624,ZT,sh603678,火炬电子,1.0
20260624,ZT,sh600563,法拉电子,1.0
20260624,ZT,sz002364,中恒电气,1.0
20260624,ZT,sz002452,长高电气,1.0
20260624,ZT,sh603045,福达合金,1.0
20260624,ZT,sz002354,天娱数科,1.0
20260624,ZT,sz002803,吉宏股份,1.0
20260624,ZT,sh601872,招商轮船,1.0
20260624,ZT,sh600026,中远海能,1.0
20260624,ZT,sz301310,鑫宏业,1.0
20260624,ZT,sz002520,日发精机,1.0
20260624,ZT,sh603001,奥康国际,1.0
20260624,ZT,sh605598,上海港湾,1.0
20260624,ZT,sh603595,ST东尼  ,1.0
20260624,ZT,sh603021,*ST华鹏 ,1.0
20260624,ZT,sz002822,ST中装,1.0
20260624,ZT,sh605336,*ST帅电 ,1.0
20260624,ZT,sz002289,*ST宇顺,1.0
20260624,ZT,sz002713,*ST东易,1.0
20260624,ZT,sz000838,*ST发展,1.0
20260624,ZT,sh600289,ST信通  ,1.0
20260624,ZT,sh603317,天味食品,1.0
20260624,ZT,sz002303,美盈森,1.0
20260624,ZT,sz002427,尤夫股份,1.0
20260624,ZT,sh605151,西上海  ,1.0
20260624,ZT,sz002051,中工国际,1.0
20260624,ZT,sh603698,航天工程,1.0
20260624,ZT,sz301669,高特电子,1.0
20260624,ZT,sz002046,国机精工,1.0
20260624,ZT,sh600909,华安证券,1.0
20260624,ZT,sz002876,三利谱,1.0
20260624,ZT,sh603713,密尔克卫,1.0
20260625,ZT,sz002674,兴业科技,5.0
20260625,ZT,sh605366,宏柏新材,3.0
20260625,ZT,sh600228,返利科技,2.0
20260625,ZT,sh600667,太极实业,2.0
20260625,ZT,sh600584,长电科技,2.0
20260625,ZT,sh603929,亚翔集成,2.0
20260625,ZT,sz002990,盛视科技,2.0
20260625,ZT,sz002080,中材科技,2.0
20260625,ZT,sz002025,航天电器,2.0
20260625,ZT,sz002303,美盈森,2.0
20260625,ZT,sz000818,航锦科技,2.0
20260625,ZT,sz000823,超声电子,2.0
20260625,ZT,sh603989,艾华集团,2.0
20260625,ZT,sh603678,火炬电子,2.0
20260625,ZT,sz002254,泰和新材,2.0
20260625,ZT,sh600141,兴发集团,2.0
20260625,ZT,sh603335,迪生力  ,1.0
20260625,ZT,sh688380,中微半导,1.0
20260625,ZT,sh600962,国投中鲁,1.0
20260625,ZT,sz300650,太龙股份,1.0
20260625,ZT,sz002787,华源控股,1.0
20260625,ZT,sz002654,万润科技,1.0
20260625,ZT,sh603010,万盛股份,1.0
20260625,ZT,sz300223,北京君正,1.0
20260625,ZT,sh603690,至纯科技,1.0
20260625,ZT,sz001309,德明利,1.0
20260625,ZT,sh688376,美埃科技,1.0
20260625,ZT,bj920249,利尔达,1.0
20260625,ZT,sz002141,贤丰控股,1.0
20260625,ZT,sh603459,红板科技,1.0
20260625,ZT,sh600186,莲花控股,1.0
20260625,ZT,sh603800,洪田股份,1.0
20260625,ZT,sh603527,众源新材,1.0
20260625,ZT,sz300819,聚杰微纤,1.0
20260625,ZT,sz002579,中京电子,1.0
20260625,ZT,sh600500,中化国际,1.0
20260625,ZT,sh605589,圣泉集团,1.0
20260625,ZT,sh688093,世华科技,1.0
20260625,ZT,sz002068,黑猫股份,1.0
20260625,ZT,sz002484,江海股份,1.0
20260625,ZT,sh600888,新疆众和,1.0
20260625,ZT,sh603115,海星股份,1.0
20260625,ZT,sh603500,祥和实业,1.0
20260625,ZT,sh603733,仙鹤股份,1.0
20260625,ZT,sh600237,铜峰电子,1.0
20260625,ZT,sh600458,时代新材,1.0
20260625,ZT,sh603065,宿迁联盛,1.0
20260625,ZT,sz002980,华盛昌,1.0
20260625,ZT,sh600330,天通股份,1.0
20260625,ZT,sh688381,帝奥微  ,1.0
20260625,ZT,sz000811,冰轮环境,1.0
20260625,ZT,sh603956,威派格  ,1.0
20260625,ZT,sz002965,祥鑫科技,1.0
20260625,ZT,sz002518,科士达,1.0
20260625,ZT,sz000034,神州数码,1.0
20260625,ZT,sh603019,中科曙光,1.0
20260625,ZT,sh603313,梦百合  ,1.0
20260625,ZT,sh605318,法狮龙  ,1.0
20260625,ZT,sz001330,博纳影业,1.0
20260625,ZT,sz002558,巨人网络,1.0
20260625,ZT,sh605376,XD博迁新,1.0
20260625,ZT,sh603267,鸿远电子,1.0
20260625,ZT,sz000636,风华高科,1.0
20260625,ZT,sh600184,光电股份,1.0
20260625,ZT,sz002842,翔鹭钨业,1.0
20260625,ZT,sh603067,振华股份,1.0
20260625,ZT,sz000962,东方钽业,1.0
20260625,ZT,sz002387,维信诺,1.0
20260625,ZT,sz000100,TCL科技,1.0
20260625,ZT,sh688669,聚石化学,1.0
20260625,ZT,sh600516,方大炭素,1.0
20260625,ZT,sz000766,通化金马,1.0
20260625,ZT,sh600668,尖峰集团,1.0
20260625,ZT,sh603661,恒林股份,1.0
20260625,ZT,sh603595,ST东尼  ,1.0
20260625,ZT,sz000056,*ST皇庭,1.0
20260625,ZT,sz002822,ST中装,1.0
20260625,ZT,sh600678,ST金顶  ,1.0
20260625,ZT,sz000609,*ST中迪,1.0
20260625,ZT,sh603378,*ST亚士 ,1.0
20260625,ZT,sz000048,京基智农,1.0
20260625,ZT,sz000783,长江证券,1.0
20260625,ZT,sh600058,五矿发展,1.0
20260625,ZT,sh605300,佳禾食品,1.0
20260625,ZT,sh600579,中化装备,1.0
20260625,ZT,sh600152,维科技术,1.0
20260625,ZT,sz002928,华夏航空,1.0
20260625,ZT,sh601798,蓝科高新,1.0
20260625,ZT,sz002056,横店东磁,1.0
20260625,ZT,sh600903,贵州燃气,1.0
20260625,ZT,sh603063,禾望电气,1.0
20260625,ZT,sh600857,宁波中百,1.0
20260626,ZT,sz002674,兴业科技,6.0
20260626,ZT,sh605366,宏柏新材,4.0
20260626,ZT,sh600228,返利科技,3.0
20260626,ZT,sz000823,超声电子,3.0
20260626,ZT,sh603956,威派格  ,2.0
20260626,ZT,sz002965,祥鑫科技,2.0
20260626,ZT,sh600962,国投中鲁,2.0
20260626,ZT,sz002141,贤丰控股,2.0
20260626,ZT,sh601133,柏诚股份,1.0
20260626,ZT,sh603163,圣晖集成,1.0
20260626,ZT,sh600481,双良节能,1.0
20260626,ZT,sh603928,兴业股份,1.0
20260626,ZT,sh600539,狮头股份,1.0
20260626,ZT,sh603687,大胜达  ,1.0
20260626,ZT,sz002129,TCL中环,1.0
20260626,ZT,sz002559,亚威股份,1.0
20260626,ZT,sz002119,康强电子,1.0
20260626,ZT,sh688432,有研硅  ,1.0
20260626,ZT,sz000620,盈新发展,1.0
20260626,ZT,sz002930,宏川智慧,1.0
20260626,ZT,sh688409,富创精密,1.0
20260626,ZT,sz002962,五方光电,1.0
20260626,ZT,sz002106,莱宝高科,1.0
20260626,ZT,sz300162,雷曼光电,1.0
20260626,ZT,sh600552,凯盛科技,1.0
20260626,ZT,sh600367,红星发展,1.0
20260626,ZT,sh603977,国泰集团,1.0
20260626,ZT,sz001400,江顺科技,1.0
20260626,ZT,sz001270,铖昌科技,1.0
20260626,ZT,sh600343,航天动力,1.0
20260626,ZT,sh600118,中国卫星,1.0
20260626,ZT,sh603650,彤程新材,1.0
20260626,ZT,sh600545,卓郎智能,1.0
20260626,ZT,sz001389,广合科技,1.0
20260626,ZT,sz002354,天娱数科,1.0
20260626,ZT,sh603270,金帝股份,1.0
20260626,ZT,sz002180,奔图科技,1.0
20260626,ZT,sz003033,征和工业,1.0
20260626,ZT,sh603194,中力股份,1.0
20260626,ZT,sh605399,晨光新材,1.0
20260626,ZT,sh603155,新亚强  ,1.0
20260626,ZT,sh601369,陕鼓动力,1.0
20260626,ZT,sz300540,蜀道装备,1.0
20260626,ZT,sh688596,正帆科技,1.0
20260626,ZT,sh603698,航天工程,1.0
20260626,ZT,sh603903,中持股份,1.0
20260626,ZT,sh603722,阿科力  ,1.0
20260626,ZT,sz002568,百润股份,1.0
20260626,ZT,sz002910,庄园牧场,1.0
20260626,ZT,sz001215,千味央厨,1.0
20260626,ZT,sz001210,金房能源,1.0
20260626,ZT,sz001289,龙源电力,1.0
20260626,ZT,sh601016,节能风电,1.0
20260626,ZT,sz300264,佳创视讯,1.0
20260626,ZT,sh603595,ST东尼  ,1.0
20260626,ZT,sz000056,*ST皇庭,1.0
20260626,ZT,sz002822,ST中装,1.0
20260626,ZT,sz002713,*ST东易,1.0
20260626,ZT,sz000609,*ST中迪,1.0
20260626,ZT,sz000838,*ST发展,1.0
20260626,ZT,sh600180,*ST瑞茂 ,1.0
20260626,ZT,sh603377,ST东时  ,1.0
20260626,ZT,sh600730,*ST高科 ,1.0
20260626,ZT,sh600745,*ST闻泰 ,1.0
20260626,ZT,sh600568,ST中珠  ,1.0
20260626,ZT,sz002538,ST司特,1.0
20260626,ZT,sz002816,*ST和科,1.0
20260626,ZT,sh603861,白云电器,1.0
20260626,ZT,sz002253,川大智胜,1.0
20260626,ZT,sh603261,立航科技,1.0
20260626,ZT,sz301051,信濠光电,1.0
20260626,ZT,sz301349,信德新材,1.0
20260626,ZT,sh605296,神农集团,1.0
20260629,ZT,sh603956,威派格  ,3.0
20260629,ZT,sh603163,圣晖集成,2.0
20260629,ZT,sh601133,柏诚股份,2.0
20260629,ZT,sz002180,奔图科技,2.0
20260629,ZT,sh603155,新亚强  ,2.0
20260629,ZT,sh603650,彤程新材,2.0
20260629,ZT,sh603928,兴业股份,2.0
20260629,ZT,sh688432,有研硅  ,2.0
20260629,ZT,sz002568,百润股份,2.0
20260629,ZT,sz000566,海南海药,1.0
20260629,ZT,sz002821,凯莱英,1.0
20260629,ZT,sz301520,万邦医药,1.0
20260629,ZT,sh600222,太龙药业,1.0
20260629,ZT,sh603222,济民健康,1.0
20260629,ZT,sz002728,特一药业,1.0
20260629,ZT,sz002653,海思科,1.0
20260629,ZT,sz000756,新华制药,1.0
20260629,ZT,sz002038,双鹭药业,1.0
20260629,ZT,sz300436,广生堂,1.0
20260629,ZT,sz002693,双成药业,1.0
20260629,ZT,sz002370,亚太药业,1.0
20260629,ZT,sh600557,康缘药业,1.0
20260629,ZT,sh600488,津药药业,1.0
20260629,ZT,sh688336,三生国健,1.0
20260629,ZT,sh688198,佰仁医疗,1.0
20260629,ZT,sz300204,舒泰神,1.0
20260629,ZT,sz002422,科伦药业,1.0
20260629,ZT,sh600129,太极集团,1.0
20260629,ZT,sz002437,誉衡药业,1.0
20260629,ZT,sz300434,金石亚药,1.0
20260629,ZT,sh688796,百奥赛图,1.0
20260629,ZT,sh600867,通化东宝,1.0
20260629,ZT,sz301033,迈普医学,1.0
20260629,ZT,sz002317,众生药业,1.0
20260629,ZT,sh603880,南卫股份,1.0
20260629,ZT,bj920367,新赣江,1.0
20260629,ZT,sh688765,禾元生物-U,1.0
20260629,ZT,sh603459,红板科技,1.0
20260629,ZT,sz003043,华亚智能,1.0
20260629,ZT,sh603061,金海通  ,1.0
20260629,ZT,sz000021,深科技,1.0
20260629,ZT,sz002407,多氟多,1.0
20260629,ZT,sh688689,银河微电,1.0
20260629,ZT,sz000920,沃顿科技,1.0
20260629,ZT,sh605178,时空科技,1.0
20260629,ZT,sh603726,朗迪集团,1.0
20260629,ZT,sz002208,合肥城建,1.0
20260629,ZT,sh603283,赛腾股份,1.0
20260629,ZT,sh688120,华海清科,1.0
20260629,ZT,sh688233,神工股份,1.0
20260629,ZT,sh600468,百利电气,1.0
20260629,ZT,sh600363,联创光电,1.0
20260629,ZT,sz002639,雪人集团,1.0
20260629,ZT,sz000777,中核科技,1.0
20260629,ZT,sz002255,海陆重工,1.0
20260629,ZT,sh601611,中国核建,1.0
20260629,ZT,sz002366,融发核电,1.0
20260629,ZT,sz301528,多浦乐,1.0
20260629,ZT,sz002409,雅克科技,1.0
20260629,ZT,sz002549,凯美特气,1.0
20260629,ZT,sz000551,创元科技,1.0
20260629,ZT,sh600378,昊华科技,1.0
20260629,ZT,sh603318,水发燃气,1.0
20260629,ZT,sh688548,广钢气体,1.0
20260629,ZT,sh605300,佳禾食品,1.0
20260629,ZT,sh605499,东鹏饮料,1.0
20260629,ZT,sh603336,宏辉果蔬,1.0
20260629,ZT,sh600857,宁波中百,1.0
20260629,ZT,sz000759,中百集团,1.0
20260629,ZT,sz002277,友阿股份,1.0
20260629,ZT,sz002628,成都路桥,1.0
20260629,ZT,sz002237,恒邦股份,1.0
20260629,ZT,sz000751,锌业股份,1.0
20260629,ZT,sh603950,长源东谷,1.0
20260629,ZT,sz000959,首钢股份,1.0
20260629,ZT,sh605060,联德股份,1.0
20260629,ZT,sh603516,淳中科技,1.0
20260629,ZT,sz301307,美利信,1.0
20260629,ZT,sz003006,百亚股份,1.0
20260629,ZT,sh603983,丸美生物,1.0
20260629,ZT,sh605377,华旺科技,1.0
20260629,ZT,sz002521,齐峰新材,1.0
20260629,ZT,sz000521,长虹美菱,1.0
20260629,ZT,sz001237,惠康科技,1.0
20260629,ZT,sh601636,旗滨集团,1.0
20260629,ZT,sz003019,宸展光电,1.0
20260629,ZT,sz002342,巨力索具,1.0
20260629,ZT,sz001229,魅视科技,1.0
20260629,ZT,sz003004,声迅股份,1.0
20260629,ZT,sz000988,华工科技,1.0
20260629,ZT,sz002624,完美世界,1.0
20260629,ZT,sh603032,德新科技,1.0
20260629,ZT,sz000056,*ST皇庭,1.0
20260629,ZT,sz002822,ST中装,1.0
20260629,ZT,sz000609,*ST中迪,1.0
20260629,ZT,sh600180,*ST瑞茂 ,1.0
20260629,ZT,sh600568,ST中珠  ,1.0
20260629,ZT,sh600745,*ST闻泰 ,1.0
20260629,ZT,sz002485,ST雪发,1.0
20260629,ZT,sz000826,*ST启环,1.0
20260629,ZT,sh600965,*ST福成 ,1.0
20260629,ZT,sz301030,*ST仕净,1.0
20260629,ZT,sh600818,ST中路  ,1.0
20260629,ZT,sh600735,ST新华锦,1.0
20260629,ZT,sh603389,*ST亚振 ,1.0
20260629,ZT,sh603580,*ST艾艾 ,1.0
20260629,ZT,sh600370,*ST三房 ,1.0
20260629,ZT,sz002323,*ST雅博,1.0
20260629,ZT,sz002856,*ST美芝,1.0
20260629,ZT,sz002687,乔治白,1.0
20260629,ZT,sh603435,嘉德利  ,1.0
20260629,ZT,sz002828,贝肯能源,1.0
20260629,ZT,sh600113,浙江东日,1.0
20260629,ZT,sh603477,巨星农牧,1.0
20260629,ZT,sz002638,勤上股份,1.0
20260629,ZT,sh603606,东方电缆,1.0
20260629,ZT,sz000017,深中华A,1.0
20260629,ZT,sh603033,三维股份,1.0
20260629,ZT,sh605098,行动教育,1.0
20260629,ZT,sh600576,祥源文旅,1.0
20260629,ZT,sz000004,国华退,1.0
20260629,ZT,sz002859,洁美科技,1.0
20260629,ZT,sz002915,中欣氟材,1.0
20260629,ZT,sz001301,尚太科技,1.0
20260630,ZT,sh603928,兴业股份,3.0
20260630,ZT,sz002407,多氟多,2.0
20260630,ZT,sh600113,浙江东日,2.0
20260630,ZT,sz000004,国华退,2.0
20260630,ZT,sh600363,联创光电,2.0
20260630,ZT,sz001237,惠康科技,2.0
20260630,ZT,sh603459,红板科技,2.0
20260630,ZT,sh603222,济民健康,2.0
20260630,ZT,sz000566,海南海药,2.0
20260630,ZT,sz002638,勤上股份,2.0
20260630,ZT,sh603983,丸美生物,2.0
20260630,ZT,sh600378,昊华科技,2.0
20260630,ZT,sz003043,华亚智能,2.0
20260630,ZT,sz002628,成都路桥,2.0
20260630,ZT,sz001229,魅视科技,2.0
20260630,ZT,sh603033,三维股份,2.0
20260630,ZT,sz000017,深中华A,2.0
20260630,ZT,sh603061,金海通  ,2.0
20260630,ZT,sz002208,合肥城建,2.0
20260630,ZT,sh603950,长源东谷,2.0
20260630,ZT,sh603335,迪生力  ,1.0
20260630,ZT,sz000620,盈新发展,1.0
20260630,ZT,sz002119,康强电子,1.0
20260630,ZT,sz002654,万润科技,1.0
20260630,ZT,sz000859,国风新材,1.0
20260630,ZT,sz300545,联得装备,1.0
20260630,ZT,sh603125,常青科技,1.0
20260630,ZT,sh688728,格科微  ,1.0
20260630,ZT,sh603120,肯特催化,1.0
20260630,ZT,sh688328,深科达  ,1.0
20260630,ZT,sz301379,天山电子,1.0
20260630,ZT,sh603078,江化微  ,1.0
20260630,ZT,sh688286,敏芯股份,1.0
20260630,ZT,sh600076,康欣新材,1.0
20260630,ZT,sh603991,领先股份,1.0
20260630,ZT,sh688220,翱捷科技-U,1.0
20260630,ZT,sz001358,兴欣新材,1.0
20260630,ZT,sh688589,力合微  ,1.0
20260630,ZT,sz002290,禾盛新材,1.0
20260630,ZT,sh603212,赛伍技术,1.0
20260630,ZT,sh603379,三美股份,1.0
20260630,ZT,sh600641,先导基电,1.0
20260630,ZT,sh605111,新洁能  ,1.0
20260630,ZT,sh603823,百合花  ,1.0
20260630,ZT,sh688502,茂莱光学,1.0
20260630,ZT,sh603290,斯达半导,1.0
20260630,ZT,sh688352,颀中科技,1.0
20260630,ZT,sh603607,京华激光,1.0
20260630,ZT,sz300671,富满微,1.0
20260630,ZT,sz002833,弘亚数控,1.0
20260630,ZT,sz300980,祥源新材,1.0
20260630,ZT,sz002779,中坚科技,1.0
20260630,ZT,sz002931,锋龙股份,1.0
20260630,ZT,sz002747,埃斯顿,1.0
20260630,ZT,sz002903,宇环数控,1.0
20260630,ZT,sz002600,领益智造,1.0
20260630,ZT,sz000970,中科三环,1.0
20260630,ZT,sz002182,宝武镁业,1.0
20260630,ZT,sh603728,鸣志电器,1.0
20260630,ZT,sh605018,长华集团,1.0
20260630,ZT,sz002402,和而泰,1.0
20260630,ZT,sz301045,天禄科技,1.0
20260630,ZT,sh603211,晋拓股份,1.0
20260630,ZT,sh603662,柯力传感,1.0
20260630,ZT,sh603130,云中马  ,1.0
20260630,ZT,sz300873,海晨股份,1.0
20260630,ZT,sz002472,双环传动,1.0
20260630,ZT,sh605208,永茂泰  ,1.0
20260630,ZT,sz300503,昊志机电,1.0
20260630,ZT,sz002009,天奇股份,1.0
20260630,ZT,sz002921,联诚精密,1.0
20260630,ZT,sh605133,嵘泰股份,1.0
20260630,ZT,sh688355,明志科技,1.0
20260630,ZT,sz001331,胜通能源,1.0
20260630,ZT,sh600184,光电股份,1.0
20260630,ZT,sz002396,星网锐捷,1.0
20260630,ZT,sz002036,联创电子,1.0
20260630,ZT,sz301165,锐捷网络,1.0
20260630,ZT,sz000938,紫光股份,1.0
20260630,ZT,sz002902,铭普光磁,1.0
20260630,ZT,sh603118,共进股份,1.0
20260630,ZT,sz300563,神宇股份,1.0
20260630,ZT,sh688048,长光华芯,1.0
20260630,ZT,sz000026,飞亚达,1.0
20260630,ZT,sz300540,蜀道装备,1.0
20260630,ZT,sh600783,鲁信创投,1.0
20260630,ZT,sz000801,四川九洲,1.0
20260630,ZT,sz003009,中天火箭,1.0
20260630,ZT,sz002202,金风科技,1.0
20260630,ZT,sz002446,盛路通信,1.0
20260630,ZT,sh603236,移远通信,1.0
20260630,ZT,sz000818,航锦科技,1.0
20260630,ZT,sh603019,中科曙光,1.0
20260630,ZT,sz300270,中威电子,1.0
20260630,ZT,sz002929,润建股份,1.0
20260630,ZT,sh603985,恒润股份,1.0
20260630,ZT,sz002849,威星智能,1.0
20260630,ZT,sz000967,盈峰环境,1.0
20260630,ZT,sh603322,超讯科技,1.0
20260630,ZT,sz002106,莱宝高科,1.0
20260630,ZT,sz000100,TCL科技,1.0
20260630,ZT,sz002273,水晶光电,1.0
20260630,ZT,sz300269,联建光电,1.0
20260630,ZT,sh600707,彩虹股份,1.0
20260630,ZT,sh603005,晶方科技,1.0
20260630,ZT,sz002805,丰元股份,1.0
20260630,ZT,sz002738,中矿资源,1.0
20260630,ZT,sz301513,尚水智能,1.0
20260630,ZT,sz300518,新迅达,1.0
20260630,ZT,sh603067,振华股份,1.0
20260630,ZT,sz000603,盛达资源,1.0
20260630,ZT,sz002167,东方锆业,1.0
20260630,ZT,sz000811,冰轮环境,1.0
20260630,ZT,sz002518,科士达,1.0
20260630,ZT,sz002897,意华股份,1.0
20260630,ZT,sz002587,奥拓电子,1.0
20260630,ZT,sz002955,鸿合科技,1.0
20260630,ZT,sh600601,方正科技,1.0
20260630,ZT,sh600405,动力源  ,1.0
20260630,ZT,sz301607,富特科技,1.0
20260630,ZT,sh603577,汇金通  ,1.0
20260630,ZT,sh600379,宝光股份,1.0
20260630,ZT,sz002310,东方新能,1.0
20260630,ZT,sz002053,云南能投,1.0
20260630,ZT,sz002830,名雕股份,1.0
20260630,ZT,sz000056,*ST皇庭,1.0
20260630,ZT,sz002822,ST中装,1.0
20260630,ZT,sh600180,*ST瑞茂 ,1.0
20260630,ZT,sh600568,ST中珠  ,1.0
20260630,ZT,sz002485,ST雪发,1.0
20260630,ZT,sz000826,*ST启环,1.0
20260630,ZT,sh600735,ST新华锦,1.0
20260630,ZT,sz002856,*ST美芝,1.0
20260630,ZT,sh600370,*ST三房 ,1.0
20260630,ZT,sz002816,*ST和科,1.0
20260630,ZT,sz002175,*ST东智,1.0
20260630,ZT,sh603272,*ST联翔 ,1.0
20260630,ZT,sz002193,ST如意,1.0
20260630,ZT,sz002977,*ST天箭,1.0
20260630,ZT,sz002569,*ST步森,1.0
20260630,ZT,sh600537,*ST亿晶 ,1.0
20260630,ZT,sz000909,*ST数源,1.0
20260630,ZT,sz000820,*ST节能,1.0
20260630,ZT,sz000711,ST京蓝,1.0
20260630,ZT,sz002360,ST同德,1.0
20260630,ZT,sz000016,*ST康佳A,1.0
20260630,ZT,sz002055,ST得润,1.0
20260630,ZT,sz002650,ST加加,1.0
20260630,ZT,sz002717,*ST岭南,1.0
20260630,ZT,sz002586,ST围海,1.0
20260630,ZT,sz300020,ST银江,1.0
20260630,ZT,sz000821,ST京机,1.0
20260630,ZT,sh603559,ST通脉  ,1.0
20260630,ZT,sz300044,*ST赛为,1.0
20260630,ZT,sz002514,*ST宝馨,1.0
20260630,ZT,sh603366,日出东方,1.0
20260630,ZT,sh603226,菲林格尔,1.0
20260630,ZT,sz000012,南  玻Ａ,1.0
20260630,ZT,sh600737,中粮糖业,1.0
20260630,ZT,sz000829,天音控股,1.0
20260630,ZT,sh603657,春光科技,1.0
20260630,ZT,sz002631,德尔未来,1.0
20260630,ZT,sz300321,同大股份,1.0
20260630,ZT,sz001314,亿道信息,1.0
20260630,ZT,sh600819,耀皮玻璃,1.0
20260630,ZT,sh601882,海天精工,1.0
20260630,ZT,sh600391,航发科技,1.0
20260630,ZT,sh600846,同济科技,1.0
20260630,ZT,sz002615,哈尔斯,1.0
20260630,ZT,sz002808,恒久退,1.0
20260701,ZT,sz002407,多氟多,3.0
20260701,ZT,sh600113,浙江东日,3.0
20260701,ZT,sz000004,国华退,3.0
20260701,ZT,sz000566,海南海药,3.0
20260701,ZT,sh600641,先导基电,2.0
20260701,ZT,sz002273,水晶光电,2.0
20260701,ZT,sz001331,胜通能源,2.0
20260701,ZT,sz300518,新迅达,2.0
20260701,ZT,sz002053,云南能投,2.0
20260701,ZT,sz002396,星网锐捷,2.0
20260701,ZT,sz002808,恒久退,2.0
20260701,ZT,sh603120,肯特催化,2.0
20260701,ZT,sz000603,盛达资源,2.0
20260701,ZT,sh603379,三美股份,2.0
20260701,ZT,sh600783,鲁信创投,2.0
20260701,ZT,sh603212,赛伍技术,2.0
20260701,ZT,sz002738,中矿资源,2.0
20260701,ZT,sh603991,领先股份,2.0
20260701,ZT,sh688728,格科微  ,2.0
20260701,ZT,sh600076,康欣新材,2.0
20260701,ZT,sz002747,埃斯顿,2.0
20260701,ZT,sz002929,润建股份,2.0
20260701,ZT,sz002167,东方锆业,2.0
20260701,ZT,sh603137,恒尚节能,2.0
20260701,ZT,sh600509,天富能源,1.0
20260701,ZT,sz002326,永太科技,1.0
20260701,ZT,sh603948,建业股份,1.0
20260701,ZT,sh600208,衢州发展,1.0
20260701,ZT,sz001269,欧晶科技,1.0
20260701,ZT,sh603353,和顺石油,1.0
20260701,ZT,sz002455,百川股份,1.0
20260701,ZT,sh603360,百傲化学,1.0
20260701,ZT,sh600658,电子城  ,1.0
20260701,ZT,sz002943,宇晶股份,1.0
20260701,ZT,sz301092,争光股份,1.0
20260701,ZT,sz300481,濮阳惠成,1.0
20260701,ZT,sz300345,华民股份,1.0
20260701,ZT,sh688571,杭华股份,1.0
20260701,ZT,sz002313,日海智能,1.0
20260701,ZT,sz001365,天海电子,1.0
20260701,ZT,sh605189,富春染织,1.0
20260701,ZT,sz000795,英洛华,1.0
20260701,ZT,sh603725,天安新材,1.0
20260701,ZT,sh605488,福莱新材,1.0
20260701,ZT,sh603166,福达股份,1.0
20260701,ZT,sz300539,横河精密,1.0
20260701,ZT,sz301279,金道科技,1.0
20260701,ZT,sh600784,鲁银投资,1.0
20260701,ZT,sh603666,亿嘉和  ,1.0
20260701,ZT,sz002403,爱仕达,1.0
20260701,ZT,sz002981,朝阳科技,1.0
20260701,ZT,sh603131,上海沪工,1.0
20260701,ZT,sh603040,新坐标  ,1.0
20260701,ZT,sh603758,秦安股份,1.0
20260701,ZT,sz002698,博实股份,1.0
20260701,ZT,sz001313,粤海饲料,1.0
20260701,ZT,sh603014,威高血净,1.0
20260701,ZT,sh603538,美诺华  ,1.0
20260701,ZT,sh688247,宣泰医药,1.0
20260701,ZT,sh603567,珍宝岛  ,1.0
20260701,ZT,sz002923,润都股份,1.0
20260701,ZT,sz002940,昂利康,1.0
20260701,ZT,sz002826,易明医药,1.0
20260701,ZT,sh688553,汇宇制药-W,1.0
20260701,ZT,sh603351,威尔药业,1.0
20260701,ZT,sz002548,金新农,1.0
20260701,ZT,sz002124,天邦食品,1.0
20260701,ZT,sh603363,傲农生物,1.0
20260701,ZT,sz000876,新 希 望,1.0
20260701,ZT,sz002840,华统股份,1.0
20260701,ZT,sz002982,湘佳股份,1.0
20260701,ZT,sh600975,新五丰  ,1.0
20260701,ZT,sh603859,能科科技,1.0
20260701,ZT,sz002184,海得控制,1.0
20260701,ZT,sz002232,启明信息,1.0
20260701,ZT,sh600845,宝信软件,1.0
20260701,ZT,sz002268,电科网安,1.0
20260701,ZT,sz300607,拓斯达,1.0
20260701,ZT,sz300487,蓝晓科技,1.0
20260701,ZT,sh603505,金石资源,1.0
20260701,ZT,sz300343,联创股份,1.0
20260701,ZT,sz000545,金浦钛业,1.0
20260701,ZT,sz002759,天际股份,1.0
20260701,ZT,sh605289,罗曼股份,1.0
20260701,ZT,sz300287,飞利信,1.0
20260701,ZT,sz300175,朗源股份,1.0
20260701,ZT,sz003007,直真科技,1.0
20260701,ZT,sz002123,梦网科技,1.0
20260701,ZT,sh600673,东阳光  ,1.0
20260701,ZT,sh605178,时空科技,1.0
20260701,ZT,sz002559,亚威股份,1.0
20260701,ZT,sz002930,宏川智慧,1.0
20260701,ZT,sh603499,翔港科技,1.0
20260701,ZT,sz002881,美格智能,1.0
20260701,ZT,sh600667,太极实业,1.0
20260701,ZT,sh600909,华安证券,1.0
20260701,ZT,sh601162,天风证券,1.0
20260701,ZT,sz002670,国盛证券,1.0
20260701,ZT,sz002423,中粮资本,1.0
20260701,ZT,sh600725,云维股份,1.0
20260701,ZT,sh600793,宜宾纸业,1.0
20260701,ZT,sz002442,龙星科技,1.0
20260701,ZT,sh600470,六国化工,1.0
20260701,ZT,sz002440,闰土股份,1.0
20260701,ZT,sz002635,安洁科技,1.0
20260701,ZT,sh603330,天洋新材,1.0
20260701,ZT,sz000925,众合科技,1.0
20260701,ZT,sz000863,三湘印象,1.0
20260701,ZT,sh600724,宁波富达,1.0
20260701,ZT,sh600665,天地源  ,1.0
20260701,ZT,sh603682,锦和商管,1.0
20260701,ZT,sh603173,福斯达  ,1.0
20260701,ZT,sh688106,金宏气体,1.0
20260701,ZT,sz002971,和远气体,1.0
20260701,ZT,sh600857,宁波中百,1.0
20260701,ZT,sz002277,友阿股份,1.0
20260701,ZT,sh601933,永辉超市,1.0
20260701,ZT,sz002161,远 望 谷,1.0
20260701,ZT,sz002524,光正眼科,1.0
20260701,ZT,sh600826,兰生股份,1.0
20260701,ZT,sh600397,江钨装备,1.0
20260701,ZT,sz300561,汇金科技,1.0
20260701,ZT,sh600446,金证股份,1.0
20260701,ZT,sh600233,圆通速递,1.0
20260701,ZT,sz002468,申通快递,1.0
20260701,ZT,sh600199,金种子酒,1.0
20260701,ZT,sz002329,皇氏集团,1.0
20260701,ZT,sz002607,中公教育,1.0
20260701,ZT,sh600661,昂立教育,1.0
20260701,ZT,sh601991,大唐发电,1.0
20260701,ZT,sz000601,韶能股份,1.0
20260701,ZT,sz002458,益生股份,1.0
20260701,ZT,sz000733,振华科技,1.0
20260701,ZT,sz000536,华映科技,1.0
20260701,ZT,sz300852,四会富仕,1.0
20260701,ZT,sh603595,ST东尼  ,1.0
20260701,ZT,sz002822,ST中装,1.0
20260701,ZT,sh600180,*ST瑞茂 ,1.0
20260701,ZT,sz000609,*ST中迪,1.0
20260701,ZT,sh600965,*ST福成 ,1.0
20260701,ZT,sz002856,*ST美芝,1.0
20260701,ZT,sz000711,ST京蓝,1.0
20260701,ZT,sz002175,*ST东智,1.0
20260701,ZT,sh603272,*ST联翔 ,1.0
20260701,ZT,sz000820,*ST节能,1.0
20260701,ZT,sz002360,ST同德,1.0
20260701,ZT,sz000909,*ST数源,1.0
20260701,ZT,sz002193,ST如意,1.0
20260701,ZT,sz002717,*ST岭南,1.0
20260701,ZT,sz002569,*ST步森,1.0
20260701,ZT,sz002977,*ST天箭,1.0
20260701,ZT,sz000016,*ST康佳A,1.0
20260701,ZT,sz002514,*ST宝馨,1.0
20260701,ZT,sh603789,ST星农  ,1.0
20260701,ZT,sh600759,ST洲际  ,1.0
20260701,ZT,sz002547,*ST春兴,1.0
20260701,ZT,sz000639,ST西王,1.0
20260701,ZT,sz000632,ST三木,1.0
20260701,ZT,sh600491,ST龙元  ,1.0
20260701,ZT,sh600082,ST海泰  ,1.0
20260701,ZT,sh603359,*ST东珠 ,1.0
20260701,ZT,sz002542,*ST中岩,1.0
20260701,ZT,sz002005,ST德豪,1.0
20260701,ZT,sz002305,*ST南置,1.0
20260701,ZT,sz002719,ST麦趣,1.0
20260701,ZT,sh603828,*ST利达 ,1.0
20260701,ZT,sz000078,ST海王,1.0
20260701,ZT,sz002667,*ST威领,1.0
20260701,ZT,sz002620,*ST瑞和,1.0
20260701,ZT,sz300385,ST雪浪,1.0
20260701,ZT,sh600734,*ST实达 ,1.0
20260701,ZT,sh601718,ST际华  ,1.0
20260701,ZT,sz002109,ST兴化,1.0
20260701,ZT,sh603718,*ST海利 ,1.0
20260701,ZT,sh603429,*ST集友 ,1.0
20260701,ZT,sz002102,ST能特,1.0
20260701,ZT,sh605199,ST葫芦娃,1.0
20260701,ZT,sh600581,*ST八钢 ,1.0
20260701,ZT,sz002592,ST八菱,1.0
20260701,ZT,sz002656,*ST摩登,1.0
20260701,ZT,sh601010,ST文峰  ,1.0
20260701,ZT,sz000010,*ST美丽,1.0
20260701,ZT,sh603557,*ST起步 ,1.0
20260701,ZT,sh600119,*ST长投 ,1.0
20260701,ZT,sh603378,*ST亚士 ,1.0
20260701,ZT,sh603021,*ST华鹏 ,1.0
20260701,ZT,sh600053,*ST九鼎 ,1.0
20260701,ZT,sz002691,*ST冀凯,1.0
20260701,ZT,sh600543,*ST莫高 ,1.0
20260701,ZT,sh603729,ST龙韵  ,1.0
20260701,ZT,sz002207,*ST准油,1.0
20260701,ZT,sh600423,*ST柳化 ,1.0
20260701,ZT,sz002694,*ST顾地,1.0
20260701,ZT,sz000677,ST海龙,1.0
20260701,ZT,sz000669,ST金鸿,1.0
20260701,ZT,sz000698,ST沈化,1.0
20260701,ZT,sh603189,*ST网达 ,1.0
20260701,ZT,sz002198,ST嘉应,1.0
20260701,ZT,sz002883,*ST中设,1.0
20260701,ZT,sz000911,*ST广糖,1.0
20260701,ZT,sh600080,ST金花  ,1.0
20260701,ZT,sz000610,*ST西旅,1.0
20260701,ZT,sz002199,*ST东晶,1.0
20260701,ZT,sz000521,长虹美菱,1.0
20260701,ZT,sh603738,泰晶科技,1.0
20260701,ZT,sz001256,炜冈科技,1.0
20260701,ZT,sz000068,华控赛格,1.0
20260701,ZT,bj920090,*ST同辉,1.0
20260701,ZT,sz002868,绿康生化,1.0
20260701,ZT,sh600825,新华传媒,1.0
20260701,ZT,sz002052,同洲电子,1.0
20260701,ZT,sz002200,交投生态,1.0
20260701,ZT,sz000757,浩物股份,1.0
20260701,ZT,sh600179,安通控股,1.0
20260701,ZT,sh605155,西大门  ,1.0
20260701,ZT,sh603615,茶花股份,1.0
20260701,ZT,sh600885,宏发股份,1.0
20260701,ZT,sh603325,博隆技术,1.0
20260701,ZT,sh600182,S佳通   ,1.0
20260701,ZT,sz000520,凤凰航运,1.0
20260701,ZT,bj920699,海达尔,1.0
20260702,ZT,sz000566,海南海药,4.0
20260702,ZT,sh600641,先导基电,3.0
20260702,ZT,sz002808,恒久退,3.0
20260702,ZT,sh603137,恒尚节能,3.0
20260702,ZT,sz001313,粤海饲料,2.0
20260702,ZT,sh603538,美诺华  ,2.0
20260702,ZT,sz000536,华映科技,2.0
20260702,ZT,sz002826,易明医药,2.0
20260702,ZT,sh605189,富春染织,2.0
20260702,ZT,sz000601,韶能股份,2.0
20260702,ZT,sz002559,亚威股份,2.0
20260702,ZT,sh600182,S佳通   ,2.0
20260702,ZT,sz002971,和远气体,2.0
20260702,ZT,sh603505,金石资源,2.0
20260702,ZT,sz000520,凤凰航运,2.0
20260702,ZT,sz301092,争光股份,2.0
20260702,ZT,sh600793,宜宾纸业,2.0
20260702,ZT,sh605488,福莱新材,2.0
20260702,ZT,sh603559,中通国脉,2.0
20260702,ZT,sz002458,益生股份,2.0
20260702,ZT,sz002931,锋龙股份,1.0
20260702,ZT,sz002354,天娱数科,1.0
20260702,ZT,sh603286,日盈电子,1.0
20260702,ZT,sh603897,长城科技,1.0
20260702,ZT,sh603273,天元智能,1.0
20260702,ZT,sh603926,铁流股份,1.0
20260702,ZT,sh603790,雅运股份,1.0
20260702,ZT,sh605055,迎丰股份,1.0
20260702,ZT,sh600156,华升股份,1.0
20260702,ZT,sh603416,信捷电气,1.0
20260702,ZT,sh603337,杰克科技,1.0
20260702,ZT,sz000700,模塑科技,1.0
20260702,ZT,sh603638,艾迪精密,1.0
20260702,ZT,sz001319,铭科精技,1.0
20260702,ZT,sh603135,中重科技,1.0
20260702,ZT,sz002029,七 匹 狼,1.0
20260702,ZT,sh600480,凌云股份,1.0
20260702,ZT,sz301008,宏昌科技,1.0
20260702,ZT,sz002674,兴业科技,1.0
20260702,ZT,sz300695,兆丰股份,1.0
20260702,ZT,bj920221,易实精密,1.0
20260702,ZT,sh603928,兴业股份,1.0
20260702,ZT,sh601678,滨化股份,1.0
20260702,ZT,sz002652,扬子新材,1.0
20260702,ZT,sz000576,甘化科工,1.0
20260702,ZT,sz002392,北京利尔,1.0
20260702,ZT,sh600172,黄河旋风,1.0
20260702,ZT,sh605020,永和股份,1.0
20260702,ZT,sz002427,尤夫股份,1.0
20260702,ZT,sz002250,联化科技,1.0
20260702,ZT,sz001378,德冠新材,1.0
20260702,ZT,sz002258,利尔化学,1.0
20260702,ZT,sz002693,双成药业,1.0
20260702,ZT,sz002020,京新药业,1.0
20260702,ZT,sz000908,石药景峰,1.0
20260702,ZT,sh603580,艾艾精工,1.0
20260702,ZT,sz000656,金科股份,1.0
20260702,ZT,sz000595,宝塔实业,1.0
20260702,ZT,sz000972,中基健康,1.0
20260702,ZT,sh603261,立航科技,1.0
20260702,ZT,sh600988,赤峰黄金,1.0
20260702,ZT,sz000506,招金黄金,1.0
20260702,ZT,sz002584,西陇科学,1.0
20260702,ZT,sz002842,翔鹭钨业,1.0
20260702,ZT,sh600490,鹏欣资源,1.0
20260702,ZT,sz002995,天地在线,1.0
20260702,ZT,sz000892,欢瑞世纪,1.0
20260702,ZT,sz002798,帝欧水华,1.0
20260702,ZT,sz300071,福石控股,1.0
20260702,ZT,sz002979,雷赛智能,1.0
20260702,ZT,sz002998,优彩资源,1.0
20260702,ZT,sz000572,海马汽车,1.0
20260702,ZT,sz000955,欣龙控股,1.0
20260702,ZT,sz002596,海南瑞泽,1.0
20260702,ZT,sz003030,祖名股份,1.0
20260702,ZT,sz002696,百洋股份,1.0
20260702,ZT,sh600180,*ST瑞茂 ,1.0
20260702,ZT,sz002856,*ST美芝,1.0
20260702,ZT,sz002175,*ST东智,1.0
20260702,ZT,sz002569,*ST步森,1.0
20260702,ZT,sz002977,*ST天箭,1.0
20260702,ZT,sz000711,ST京蓝,1.0
20260702,ZT,sh603272,*ST联翔 ,1.0
20260702,ZT,sz002360,ST同德,1.0
20260702,ZT,sz000016,*ST康佳A,1.0
20260702,ZT,sz000820,*ST节能,1.0
20260702,ZT,sz000909,*ST数源,1.0
20260702,ZT,sz002667,*ST威领,1.0
20260702,ZT,sh600759,ST洲际  ,1.0
20260702,ZT,sh603789,ST星农  ,1.0
20260702,ZT,sh600491,ST龙元  ,1.0
20260702,ZT,sz002542,*ST中岩,1.0
20260702,ZT,sh603557,*ST起步 ,1.0
20260702,ZT,sh600082,ST海泰  ,1.0
20260702,ZT,sz002656,*ST摩登,1.0
20260702,ZT,sz000078,ST海王,1.0
20260702,ZT,sz000639,ST西王,1.0
20260702,ZT,sz002005,ST德豪,1.0
20260702,ZT,sh603828,*ST利达 ,1.0
20260702,ZT,sz002305,*ST南置,1.0
20260702,ZT,sz002109,ST兴化,1.0
20260702,ZT,sz002198,ST嘉应,1.0
20260702,ZT,sh601718,ST际华  ,1.0
20260702,ZT,sh603429,*ST集友 ,1.0
20260702,ZT,sh601010,ST文峰  ,1.0
20260702,ZT,sh600423,*ST柳化 ,1.0
20260702,ZT,sz002620,*ST瑞和,1.0
20260702,ZT,sz002102,ST能特,1.0
20260702,ZT,sh605199,ST葫芦娃,1.0
20260702,ZT,sz002592,ST八菱,1.0
20260702,ZT,sz000677,ST海龙,1.0
20260702,ZT,sh600581,*ST八钢 ,1.0
20260702,ZT,sh603359,*ST东珠 ,1.0
20260702,ZT,sh603021,*ST华鹏 ,1.0
20260702,ZT,sz000698,ST沈化,1.0
20260702,ZT,sz000632,ST三木,1.0
20260702,ZT,sz000010,*ST美丽,1.0
20260702,ZT,sz002547,*ST春兴,1.0
20260702,ZT,sh600119,*ST长投 ,1.0
20260702,ZT,sz002586,ST围海,1.0
20260702,ZT,sz000821,ST京机,1.0
20260702,ZT,sh600537,*ST亿晶 ,1.0
20260702,ZT,sh603822,ST嘉澳  ,1.0
20260702,ZT,sh600165,ST宁科  ,1.0
20260702,ZT,sz002431,ST棕榈,1.0
20260702,ZT,sz002122,ST汇洲,1.0
20260702,ZT,sh600084,*ST尼雅 ,1.0
20260702,ZT,sh600107,*ST尔雅 ,1.0
20260702,ZT,sh603377,ST东时  ,1.0
20260702,ZT,sh600243,*ST海华 ,1.0
20260702,ZT,sh600624,ST复华  ,1.0
20260702,ZT,sz000838,*ST发展,1.0
20260702,ZT,sh603517,ST绝味  ,1.0
20260702,ZT,sh600753,ST海钦  ,1.0
20260702,ZT,sz002634,*ST棒杰,1.0
20260702,ZT,sz002689,ST远智,1.0
20260702,ZT,sz002581,*ST未名,1.0
20260702,ZT,sz002512,ST达华,1.0
20260702,ZT,sz002726,ST龙大,1.0
20260702,ZT,sz000890,法尔胜,1.0
20260702,ZT,sz000592,平潭发展,1.0
20260702,ZT,sh603778,国晟科技,1.0
20260702,ZT,sh603717,天域生物,1.0
20260702,ZT,sh600815,厦工股份,1.0
20260702,ZT,sh600630,龙头股份,1.0
20260702,ZT,sz300163,先锋新材,1.0
20260702,ZT,sh605286,同力天启,1.0
20260702,ZT,sz301019,宁波色母,1.0
20260702,ZT,sh603608,天创时尚,1.0
20260702,ZT,sz001317,三羊马,1.0
20260702,ZT,sz002580,圣阳股份,1.0
20260702,ZT,sz300740,水羊股份,1.0
20260702,ZT,sh603338,浙江鼎力,1.0
20260702,ZT,sh600449,宁夏建材,1.0
20260702,ZT,sz000951,中国重汽,1.0
20260702,ZT,sh603759,XD海天股,1.0
20260703,ZT,sh603137,恒尚节能,4.0
20260703,ZT,sh605189,富春染织,3.0
20260703,ZT,sh600793,宜宾纸业,3.0
20260703,ZT,sh603559,中通国脉,3.0
20260703,ZT,sh603717,天域生物,2.0
20260703,ZT,sh603580,艾艾精工,2.0
20260703,ZT,sz001317,三羊马,2.0
20260703,ZT,sz000506,招金黄金,2.0
20260703,ZT,sh600988,赤峰黄金,2.0
20260703,ZT,sz000908,石药景峰,2.0
20260703,ZT,sz000576,甘化科工,2.0
20260703,ZT,sz002979,雷赛智能,2.0
20260703,ZT,sz000656,金科股份,2.0
20260703,ZT,sh603338,浙江鼎力,2.0
20260703,ZT,sz000595,宝塔实业,2.0
20260703,ZT,sh603286,日盈电子,2.0
20260703,ZT,sz002747,埃斯顿,1.0
20260703,ZT,sz002981,朝阳科技,1.0
20260703,ZT,sh603211,晋拓股份,1.0
20260703,ZT,sz002472,双环传动,1.0
20260703,ZT,sz002148,北纬科技,1.0
20260703,ZT,sh600376,首开股份,1.0
20260703,ZT,sz002067,景兴纸业,1.0
20260703,ZT,sh605068,明新旭腾,1.0
20260703,ZT,sz002520,日发精机,1.0
20260703,ZT,sz002471,中超控股,1.0
20260703,ZT,sh603178,圣龙股份,1.0
20260703,ZT,sh601177,杭齿前进,1.0
20260703,ZT,sz300912,凯龙高科,1.0
20260703,ZT,sz002249,大洋电机,1.0
20260703,ZT,sz002765,蓝黛科技,1.0
20260703,ZT,sz002434,万里扬,1.0
20260703,ZT,sh600580,卧龙电驱,1.0
20260703,ZT,bj920211,新睿电子,1.0
20260703,ZT,sh603165,荣晟环保,1.0
20260703,ZT,sz002896,中大力德,1.0
20260703,ZT,sz001306,夏厦精密,1.0
20260703,ZT,sz002850,科达利,1.0
20260703,ZT,sh603596,伯特利  ,1.0
20260703,ZT,sh603051,鹿山新材,1.0
20260703,ZT,sz002664,信质集团,1.0
20260703,ZT,sh600143,金发科技,1.0
20260703,ZT,sz003028,振邦智能,1.0
20260703,ZT,sz003021,兆威机电,1.0
20260703,ZT,sh603915,国茂股份,1.0
20260703,ZT,sh603278,大业股份,1.0
20260703,ZT,sh603013,亚普股份,1.0
20260703,ZT,sz300718,长盛轴承,1.0
20260703,ZT,sz301596,瑞迪智驱,1.0
20260703,ZT,sh600592,龙溪股份,1.0
20260703,ZT,sh603012,创力集团,1.0
20260703,ZT,sh603466,风语筑  ,1.0
20260703,ZT,sh601689,拓普集团,1.0
20260703,ZT,sh603726,朗迪集团,1.0
20260703,ZT,sz002767,先锋电子,1.0
20260703,ZT,sz301199,迈赫股份,1.0
20260703,ZT,sh601100,恒立液压,1.0
20260703,ZT,bj920510,丰光精密,1.0
20260703,ZT,sh603730,岱美股份,1.0
20260703,ZT,sz001337,四川黄金,1.0
20260703,ZT,sh601069,西部黄金,1.0
20260703,ZT,sz000975,山金国际,1.0
20260703,ZT,sz002715,登云股份,1.0
20260703,ZT,sz002868,绿康生化,1.0
20260703,ZT,sz301379,天山电子,1.0
20260703,ZT,sz001268,联合精密,1.0
20260703,ZT,sz301499,维科精密,1.0
20260703,ZT,sh605255,天普股份,1.0
20260703,ZT,sh600391,航发科技,1.0
20260703,ZT,sz002283,天润工业,1.0
20260703,ZT,sh600841,动力新科,1.0
20260703,ZT,sz002353,杰瑞股份,1.0
20260703,ZT,sz001270,铖昌科技,1.0
20260703,ZT,sz300129,泰胜风能,1.0
20260703,ZT,sh688311,盟升电子,1.0
20260703,ZT,sh600990,四创电子,1.0
20260703,ZT,sh603798,康普顿  ,1.0
20260703,ZT,sz002536,飞龙股份,1.0
20260703,ZT,sz002771,真视通,1.0
20260703,ZT,sz001400,江顺科技,1.0
20260703,ZT,sz002396,星网锐捷,1.0
20260703,ZT,sz002292,奥飞娱乐,1.0
20260703,ZT,sz002294,信立泰,1.0
20260703,ZT,sz002270,华明装备,1.0
20260703,ZT,sz002090,金智科技,1.0
20260703,ZT,sz300580,贝斯特,1.0
20260703,ZT,sz002141,贤丰控股,1.0
20260703,ZT,sz002635,安洁科技,1.0
20260703,ZT,sh603327,福蓉科技,1.0
20260703,ZT,sz002822,ST中装,1.0
20260703,ZT,sz002977,*ST天箭,1.0
20260703,ZT,sz002175,*ST东智,1.0
20260703,ZT,sz000909,*ST数源,1.0
20260703,ZT,sz002360,ST同德,1.0
20260703,ZT,sz000711,ST京蓝,1.0
20260703,ZT,sz000016,*ST康佳A,1.0
20260703,ZT,sz000838,*ST发展,1.0
20260703,ZT,sz002667,*ST威领,1.0
20260703,ZT,sh601718,ST际华  ,1.0
20260703,ZT,sh603789,ST星农  ,1.0
20260703,ZT,sh603828,*ST利达 ,1.0
20260703,ZT,sh600082,ST海泰  ,1.0
20260703,ZT,sz000078,ST海王,1.0
20260703,ZT,sz002109,ST兴化,1.0
20260703,ZT,sh601010,ST文峰  ,1.0
20260703,ZT,sh605199,ST葫芦娃,1.0
20260703,ZT,sz000639,ST西王,1.0
20260703,ZT,sz002005,ST德豪,1.0
20260703,ZT,sh600759,ST洲际  ,1.0
20260703,ZT,sz002198,ST嘉应,1.0
20260703,ZT,sh603557,*ST起步 ,1.0
20260703,ZT,sz002305,*ST南置,1.0
20260703,ZT,sz002542,*ST中岩,1.0
20260703,ZT,sz002193,ST如意,1.0
20260703,ZT,sz002717,*ST岭南,1.0
20260703,ZT,sz000821,ST京机,1.0
20260703,ZT,sz002485,ST雪发,1.0
20260703,ZT,sh603377,ST东时  ,1.0
20260703,ZT,sh600084,*ST尼雅 ,1.0
20260703,ZT,sh603822,ST嘉澳  ,1.0
20260703,ZT,sh600624,ST复华  ,1.0
20260703,ZT,sz002122,ST汇洲,1.0
20260703,ZT,sh600243,*ST海华 ,1.0
20260703,ZT,sz002726,ST龙大,1.0
20260703,ZT,sh600165,ST宁科  ,1.0
20260703,ZT,sz002199,*ST东晶,1.0
20260703,ZT,sh600734,*ST实达 ,1.0
20260703,ZT,sh603378,*ST亚士 ,1.0
20260703,ZT,sz002650,ST加加,1.0
20260703,ZT,sh600187,*ST国中 ,1.0
20260703,ZT,sz002217,ST合力泰,1.0
20260703,ZT,sh600238,*ST椰岛 ,1.0
20260703,ZT,sz002598,ST章鼓,1.0
20260703,ZT,sz002501,*ST利源,1.0
20260703,ZT,sh603922,ST金鸿顺,1.0
20260703,ZT,sz002082,ST万邦,1.0
20260703,ZT,sh600730,*ST高科 ,1.0
20260703,ZT,sz002872,ST天圣,1.0
20260703,ZT,sz002528,*ST英飞,1.0
20260703,ZT,sh600265,*ST景谷 ,1.0
20260703,ZT,sz002168,ST惠程,1.0
20260703,ZT,sz000004,国华退,1.0
20260703,ZT,sz002677,浙江美大,1.0
20260703,ZT,sh603713,密尔克卫,1.0
20260703,ZT,sh600801,华新建材,1.0
20260703,ZT,sh600530,交大昂立,1.0
20260703,ZT,sz002700,万憬能源,1.0
20260703,ZT,sz300779,惠城环保,1.0
20260703,ZT,sz002623,亚玛顿,1.0
20260703,ZT,sh605305,中际联合,1.0
20260703,ZT,sh600769,祥龙电业,1.0
20260703,ZT,sz300985,致远新能,1.0
20260703,ZT,sh605028,世茂能源,1.0
20260703,ZT,sz002988,豪美新材,1.0
20260703,ZT,sz003011,海象新材,1.0
20260703,ZT,sz002377,国创高新,1.0
20260703,ZT,sh603303,得邦照明,1.0
20260703,ZT,sz002496,辉丰股份,1.0
20260703,ZT,sz002072,凯瑞德,1.0
20260703,ZT,bj920193,吉和昌,1.0
20260706,ZT,sh603137,恒尚节能,5.0
20260706,ZT,sh600793,宜宾纸业,4.0
20260706,ZT,sz000656,金科股份,3.0
20260706,ZT,sz002767,先锋电子,2.0
20260706,ZT,sz002396,星网锐捷,2.0
20260706,ZT,sh603211,晋拓股份,2.0
20260706,ZT,sh603722,阿科力  ,2.0
20260706,ZT,sz002141,贤丰控股,2.0
20260706,ZT,sz002989,中天精装,1.0
20260706,ZT,sh603155,新亚强  ,1.0
20260706,ZT,sh688206,概伦电子,1.0
20260706,ZT,sh603931,格林达  ,1.0
20260706,ZT,sh600288,大恒科技,1.0
20260706,ZT,sh600246,万通发展,1.0
20260706,ZT,sz000066,中国长城,1.0
20260706,ZT,sh603375,盛景微  ,1.0
20260706,ZT,sh603090,宏盛股份,1.0
20260706,ZT,sh603269,海鸥股份,1.0
20260706,ZT,sh603757,大元泵业,1.0
20260706,ZT,sz301317,鑫磊股份,1.0
20260706,ZT,sz300684,中石科技,1.0
20260706,ZT,sz002042,华孚时尚,1.0
20260706,ZT,sz001287,中电港,1.0
20260706,ZT,sz000301,东方盛虹,1.0
20260706,ZT,sz000892,欢瑞世纪,1.0
20260706,ZT,sz002607,中公教育,1.0
20260706,ZT,sz002774,快意电梯,1.0
20260706,ZT,sh688039,当虹科技,1.0
20260706,ZT,sz002403,爱仕达,1.0
20260706,ZT,sh600215,派斯林  ,1.0
20260706,ZT,sz002025,航天电器,1.0
20260706,ZT,sz301191,菲菱科思,1.0
20260706,ZT,sh603118,共进股份,1.0
20260706,ZT,sz000938,紫光股份,1.0
20260706,ZT,sz002329,皇氏集团,1.0
20260706,ZT,sh603020,爱普股份,1.0
20260706,ZT,sz002910,庄园牧场,1.0
20260706,ZT,sh603067,振华股份,1.0
20260706,ZT,sh603819,神力股份,1.0
20260706,ZT,sh605060,XD联德股,1.0
20260706,ZT,sz000545,金浦钛业,1.0
20260706,ZT,sh600470,六国化工,1.0
20260706,ZT,sh603815,交建股份,1.0
20260706,ZT,sz002457,青龙管业,1.0
20260706,ZT,sz002245,蔚蓝锂芯,1.0
20260706,ZT,sh600241,时代万恒,1.0
20260706,ZT,sh605196,华通线缆,1.0
20260706,ZT,sh603861,白云电器,1.0
20260706,ZT,sz002815,崇达技术,1.0
20260706,ZT,sz002793,罗欣药业,1.0
20260706,ZT,sh600172,黄河旋风,1.0
20260706,ZT,sz002919,名臣健康,1.0
20260706,ZT,sh600180,*ST瑞茂 ,1.0
20260706,ZT,sz002175,*ST东智,1.0
20260706,ZT,sh603789,ST星农  ,1.0
20260706,ZT,sz000078,ST海王,1.0
20260706,ZT,sh600759,ST洲际  ,1.0
20260706,ZT,sz002726,ST龙大,1.0
20260706,ZT,sh688496,*ST清越 ,1.0
20260706,ZT,sz002828,贝肯能源,1.0
20260706,ZT,sz000593,德龙汇能,1.0
20260706,ZT,sh603201,常润股份,1.0
20260706,ZT,sh603221,爱丽家居,1.0
20260706,ZT,sh605377,华旺科技,1.0
20260706,ZT,sh600791,京能置业,1.0
20260706,ZT,sz002860,星帅尔,1.0
20260706,ZT,sh603903,中持股份,1.0
20260706,ZT,sh603477,巨星农牧,1.0
20260706,ZT,sh601368,绿城水务,1.0
20260706,ZT,sh603268,松发股份,1.0
20260706,ZT,sh601101,昊华能源,1.0
20260707,ZT,sh603137,恒尚节能,6.0
20260707,ZT,sh600793,宜宾纸业,5.0
20260707,ZT,sh600246,万通发展,2.0
20260707,ZT,sh603861,白云电器,2.0
20260707,ZT,sh600288,大恒科技,2.0
20260707,ZT,sh600206,有研新材,1.0
20260707,ZT,sz002137,实益达,1.0
20260707,ZT,sz002185,华天科技,1.0
20260707,ZT,sz002129,TCL中环,1.0
20260707,ZT,sh688432,有研硅  ,1.0
20260707,ZT,sh600360,华微电子,1.0
20260707,ZT,sh603823,百合花  ,1.0
20260707,ZT,sh603178,圣龙股份,1.0
20260707,ZT,sz001311,多利科技,1.0
20260707,ZT,sh605118,力鼎光电,1.0
20260707,ZT,sz001230,劲旅环境,1.0
20260707,ZT,sz002841,视源股份,1.0
20260707,ZT,sz002497,雅化集团,1.0
20260707,ZT,sh601121,宝地矿业,1.0
20260707,ZT,sh600120,浙江东方,1.0
20260707,ZT,sz301516,中远通,1.0
20260707,ZT,sz301251,威尔高,1.0
20260707,ZT,sz001365,天海电子,1.0
20260707,ZT,sz001229,魅视科技,1.0
20260707,ZT,sz003004,声迅股份,1.0
20260707,ZT,sz002585,双星新材,1.0
20260707,ZT,sz000078,ST海王,1.0
20260707,ZT,sz002951,金时科技,1.0
20260707,ZT,sh603356,华菱精工,1.0
20260707,ZT,sz001206,依依股份,1.0
20260707,ZT,sh605399,晨光新材,1.0
20260707,ZT,sh600094,大名城  ,1.0
20260707,ZT,sz000973,佛塑科技,1.0
20260707,ZT,sh603065,宿迁联盛,1.0
20260708,ZT,sh603137,恒尚节能,7.0
20260708,ZT,sh600288,大恒科技,3.0
20260708,ZT,sz301251,威尔高,2.0
20260708,ZT,sz001229,魅视科技,2.0
20260708,ZT,sz002841,视源股份,2.0
20260708,ZT,sz002951,金时科技,2.0
20260708,ZT,sh600094,大名城  ,2.0
20260708,ZT,sz001365,天海电子,2.0
20260708,ZT,sz300017,网宿科技,1.0
20260708,ZT,sz002467,二六三,1.0
20260708,ZT,sz002757,南兴股份,1.0
20260708,ZT,sh603881,数据港  ,1.0
20260708,ZT,sh600602,云赛智联,1.0
20260708,ZT,sz300454,深信服,1.0
20260708,ZT,sz002152,广电运通,1.0
20260708,ZT,sz000977,浪潮信息,1.0
20260708,ZT,sh603380,易德龙  ,1.0
20260708,ZT,sh603496,恒为科技,1.0
20260708,ZT,sz002642,荣联科技,1.0
20260708,ZT,bj920857,泓禧科技,1.0
20260708,ZT,sh603296,华勤技术,1.0
20260708,ZT,sz301321,翰博高新,1.0
20260708,ZT,sz002677,浙江美大,1.0
20260708,ZT,sh600756,浪潮软件,1.0
20260708,ZT,sz000948,南天信息,1.0
20260708,ZT,sz300369,绿盟科技,1.0
20260708,ZT,sh603313,梦百合  ,1.0
20260708,ZT,sh603928,兴业股份,1.0
20260708,ZT,sz002350,北京科锐,1.0
20260708,ZT,sh603661,恒林股份,1.0
20260708,ZT,sz001208,华菱线缆,1.0
20260708,ZT,sz301202,朗威股份,1.0
20260708,ZT,sh603339,四方科技,1.0
20260708,ZT,sz002396,星网锐捷,1.0
20260708,ZT,sz002674,兴业科技,1.0
20260708,ZT,sz002546,新联电子,1.0
20260708,ZT,sh600129,太极集团,1.0
20260708,ZT,sz002490,山东墨龙,1.0
20260708,ZT,sz000078,ST海王,1.0
20260708,ZT,sh600759,ST洲际  ,1.0
20260708,ZT,sh603789,ST星农  ,1.0
20260708,ZT,sh601010,ST文峰  ,1.0
20260708,ZT,sz000639,ST西王,1.0
20260708,ZT,sz002542,*ST中岩,1.0
20260708,ZT,sz000838,*ST发展,1.0
20260708,ZT,sh600187,*ST国中 ,1.0
20260708,ZT,sz002512,ST达华,1.0
20260708,ZT,sz000506,招金黄金,1.0
20260708,ZT,sz002910,庄园牧场,1.0
20260708,ZT,sz000524,岭南控股,1.0
20260708,ZT,sh600749,西藏旅游,1.0
20260708,ZT,sz000759,中百集团,1.0
20260708,ZT,sz001207,联科科技,1.0
20260708,ZT,sh603183,建研院  ,1.0
20260708,ZT,sh603285,键邦股份,1.0
20260708,ZT,sh600350,山东高速,1.0
20260709,ZT,sh603137,恒尚节能,7.0
20260709,ZT,sh600288,大恒科技,3.0
20260709,ZT,sz301251,威尔高,2.0
20260709,ZT,sz001229,魅视科技,2.0
20260709,ZT,sz002841,视源股份,2.0
20260709,ZT,sz002951,金时科技,2.0
20260709,ZT,sh600094,大名城  ,2.0
20260709,ZT,sz001365,天海电子,2.0
20260709,ZT,sz300017,网宿科技,1.0
20260709,ZT,sz002467,二六三,1.0
20260709,ZT,sz002757,南兴股份,1.0
20260709,ZT,sh603881,数据港  ,1.0
20260709,ZT,sh600602,云赛智联,1.0
20260709,ZT,sz300454,深信服,1.0
20260709,ZT,sz002152,广电运通,1.0
20260709,ZT,sz000977,浪潮信息,1.0
20260709,ZT,sh603380,易德龙  ,1.0
20260709,ZT,sh603496,恒为科技,1.0
20260709,ZT,sz002642,荣联科技,1.0
20260709,ZT,bj920857,泓禧科技,1.0
20260709,ZT,sh603296,华勤技术,1.0
20260709,ZT,sz301321,翰博高新,1.0
20260709,ZT,sz002677,浙江美大,1.0
20260709,ZT,sh600756,浪潮软件,1.0
20260709,ZT,sz000948,南天信息,1.0
20260709,ZT,sz300369,绿盟科技,1.0
20260709,ZT,sh603313,梦百合  ,1.0
20260709,ZT,sh603928,兴业股份,1.0
20260709,ZT,sz002350,北京科锐,1.0
20260709,ZT,sh603661,恒林股份,1.0
20260709,ZT,sz001208,华菱线缆,1.0
20260709,ZT,sz301202,朗威股份,1.0
20260709,ZT,sh603339,四方科技,1.0
20260709,ZT,sz002396,星网锐捷,1.0
20260709,ZT,sz002674,兴业科技,1.0
20260709,ZT,sz002546,新联电子,1.0
20260709,ZT,sh600129,太极集团,1.0
20260709,ZT,sz002490,山东墨龙,1.0
20260709,ZT,sz000078,ST海王,1.0
20260709,ZT,sh600759,ST洲际  ,1.0
20260709,ZT,sh603789,ST星农  ,1.0
20260709,ZT,sh601010,ST文峰  ,1.0
20260709,ZT,sz000639,ST西王,1.0
20260709,ZT,sz002542,*ST中岩,1.0
20260709,ZT,sz000838,*ST发展,1.0
20260709,ZT,sh600187,*ST国中 ,1.0
20260709,ZT,sz002512,ST达华,1.0
20260709,ZT,sz000506,招金黄金,1.0
20260709,ZT,sz002910,庄园牧场,1.0
20260709,ZT,sz000524,岭南控股,1.0
20260709,ZT,sh600749,西藏旅游,1.0
20260709,ZT,sz000759,中百集团,1.0
20260709,ZT,sz001207,联科科技,1.0
20260709,ZT,sh603183,建研院  ,1.0
20260709,ZT,sh603285,键邦股份,1.0
20260709,ZT,sh600350,山东高速,1.0
20260710,ZT,sh603137,恒尚节能,8.0
20260710,ZT,sz002841,视源股份,3.0
20260710,ZT,sz002490,山东墨龙,2.0
20260710,ZT,sz002677,浙江美大,2.0
20260710,ZT,sh603928,兴业股份,2.0
20260710,ZT,sz000977,浪潮信息,2.0
20260710,ZT,sz002185,华天科技,1.0
20260710,ZT,sh600206,有研新材,1.0
20260710,ZT,sh688432,有研硅  ,1.0
20260710,ZT,sz002208,合肥城建,1.0
20260710,ZT,sz002845,同兴达,1.0
20260710,ZT,sz000417,合百集团,1.0
20260710,ZT,sh603726,朗迪集团,1.0
20260710,ZT,sh603991,领先股份,1.0
20260710,ZT,sh688584,上海合晶,1.0
20260710,ZT,sz000021,深科技,1.0
20260710,ZT,sh600584,长电科技,1.0
20260710,ZT,sh688328,深科达  ,1.0
20260710,ZT,sz301379,天山电子,1.0
20260710,ZT,sh688610,埃科光电,1.0
20260710,ZT,sh600909,华安证券,1.0
20260710,ZT,sh688720,艾森股份,1.0
20260710,ZT,sz002409,雅克科技,1.0
20260710,ZT,sh600667,太极实业,1.0
20260710,ZT,sz002156,通富微电,1.0
20260710,ZT,sh603986,兆易创新,1.0
20260710,ZT,sz000672,上峰材料,1.0
20260710,ZT,sh603933,睿能科技,1.0
20260710,ZT,sh603005,晶方科技,1.0
20260710,ZT,sh605358,立昂微  ,1.0
20260710,ZT,sh603061,金海通  ,1.0
20260710,ZT,sh688371,菲沃泰  ,1.0
20260710,ZT,sh600770,综艺股份,1.0
20260710,ZT,sh603156,养元饮品,1.0
20260710,ZT,sz001395,亚联机械,1.0
20260710,ZT,sz002414,高德红外,1.0
20260710,ZT,sh603329,上海雅仕,1.0
20260710,ZT,sz002829,星网宇达,1.0
20260710,ZT,sz002067,景兴纸业,1.0
20260710,ZT,sz002274,华昌化工,1.0
20260710,ZT,sz002552,宝鼎科技,1.0
20260710,ZT,sz002815,崇达技术,1.0
20260710,ZT,sz002745,木林森,1.0
20260710,ZT,sz002579,中京电子,1.0
20260710,ZT,sh603688,石英股份,1.0
20260710,ZT,sz002916,深南电路,1.0
20260710,ZT,sz002436,兴森科技,1.0
20260710,ZT,sz000892,欢瑞世纪,1.0
20260710,ZT,sh600228,返利科技,1.0
20260710,ZT,sh603898,好莱客  ,1.0
20260710,ZT,sz300469,信息发展,1.0
20260710,ZT,sh600353,旭光电子,1.0
20260710,ZT,sz002281,光迅科技,1.0
20260710,ZT,sz002975,博杰股份,1.0
20260710,ZT,sz002384,东山精密,1.0
20260710,ZT,sz002346,柘中股份,1.0
20260710,ZT,sz002364,中恒电气,1.0
20260710,ZT,sz002851,麦格米特,1.0
20260710,ZT,sz301607,富特科技,1.0
20260710,ZT,sh603666,亿嘉和  ,1.0
20260710,ZT,sz300626,华瑞股份,1.0
20260710,ZT,sz000887,中鼎股份,1.0
20260710,ZT,sh688333,铂力特  ,1.0
20260710,ZT,sh603757,大元泵业,1.0
20260710,ZT,sz000811,冰轮环境,1.0
20260710,ZT,sz003018,金富科技,1.0
20260710,ZT,sz002907,华森制药,1.0
20260710,ZT,sz003020,立方制药,1.0
20260710,ZT,sh603222,济民健康,1.0
20260710,ZT,sh600992,贵绳股份,1.0
20260710,ZT,sz002632,道明光学,1.0
20260710,ZT,sh603813,原尚股份,1.0
20260710,ZT,sz000004,国华退,1.0
20260710,ZT,sh605319,无锡振华,1.0
20260710,ZT,sh600418,江淮汽车,1.0
20260713,ZT,sh600992,贵绳股份,3.0
20260713,ZT,sz000004,国华退,3.0
20260713,ZT,sz003020,立方制药,3.0
20260713,ZT,sz001395,亚联机械,3.0
20260713,ZT,sh600513,联环药业,2.0
20260713,ZT,sh600664,哈药股份,2.0
20260713,ZT,sh600629,华建集团,2.0
20260713,ZT,sz000920,沃顿科技,2.0
20260713,ZT,sh605090,九丰能源,2.0
20260713,ZT,sh601608,中信重工,2.0
20260713,ZT,sh600881,亚泰集团,1.0
20260713,ZT,sz300534,陇神戎发,1.0
20260713,ZT,sh600671,天目药业,1.0
20260713,ZT,sz000989,九芝堂,1.0
20260713,ZT,sh601002,晋亿实业,1.0
20260713,ZT,sz002379,宏桥控股,1.0
20260713,ZT,sh603933,睿能科技,1.0
20260713,ZT,sh603120,肯特催化,1.0
20260713,ZT,sh603669,灵康药业,1.0
20260713,ZT,sh603318,水发燃气,1.0
20260713,ZT,sh603313,梦百合  ,1.0
20260713,ZT,sh600536,中国软件,1.0
20260713,ZT,sh603677,奇精机械,1.0
20260713,ZT,sz000078,ST海王,1.0
20260713,ZT,sh600491,ST龙元  ,1.0
20260713,ZT,sz002581,*ST未名,1.0
20260713,ZT,sh603137,恒尚节能,1.0
20260713,ZT,sz300214,日科化学,1.0
20260713,ZT,bj920305,云创退,1.0
20260713,ZT,sh603065,宿迁联盛,1.0
20260713,ZT,sz001388,信通电子,1.0
20260713,ZT,sz003030,祖名股份,1.0
20260714,ZT,sh600664,哈药股份,3.0
20260714,ZT,bj920305,云创退,2.0
20260714,ZT,sz001388,信通电子,2.0
20260714,ZT,sh603065,宿迁联盛,2.0
20260714,ZT,sz002379,宏桥控股,2.0
20260714,ZT,sh603137,恒尚节能,2.0
20260714,ZT,sz001283,豪鹏科技,1.0
20260714,ZT,sh605189,富春染织,1.0
20260714,ZT,sh603466,风语筑  ,1.0
20260714,ZT,sz002162,悦心健康,1.0
20260714,ZT,sz300912,凯龙高科,1.0
20260714,ZT,sh603012,创力集团,1.0
20260714,ZT,sz002523,天桥起重,1.0
20260714,ZT,sz002838,道恩股份,1.0
20260714,ZT,sh603730,岱美股份,1.0
20260714,ZT,sh605133,嵘泰股份,1.0
20260714,ZT,sh603806,福斯特  ,1.0
20260714,ZT,sz002141,贤丰控股,1.0
20260714,ZT,sz001389,广合科技,1.0
20260714,ZT,sh600183,生益科技,1.0
20260714,ZT,sz002636,金安国纪,1.0
20260714,ZT,bj920821,则成电子,1.0
20260714,ZT,sz002463,沪电股份,1.0
20260714,ZT,sh603186,华正新材,1.0
20260714,ZT,sh600746,江苏索普,1.0
20260714,ZT,sh603042,华脉科技,1.0
20260714,ZT,sh603489,八方股份,1.0
20260714,ZT,sh600354,敦煌种业,1.0
20260714,ZT,sh603197,保隆科技,1.0
20260714,ZT,sz002250,联化科技,1.0
20260714,ZT,sh600595,中孚实业,1.0
20260714,ZT,sz002357,富临运业,1.0
20260714,ZT,sh603222,济民健康,1.0
20260714,ZT,sh600829,人民同泰,1.0
20260714,ZT,sz300937,药易购,1.0
20260714,ZT,sh688192,迪哲医药-U,1.0
20260714,ZT,sz002432,九安医疗,1.0
20260714,ZT,sh603367,辰欣药业,1.0
20260714,ZT,sh600844,金煤科技,1.0
20260714,ZT,sz000703,恒逸石化,1.0
20260714,ZT,sz002628,成都路桥,1.0
20260714,ZT,sh600227,赤天化  ,1.0
20260714,ZT,sz301100,风光股份,1.0
20260714,ZT,sh603077,和邦生物,1.0
20260714,ZT,sz001226,拓山重工,1.0
20260714,ZT,sh603619,中曼石油,1.0
20260714,ZT,sh601969,海南矿业,1.0
20260714,ZT,sz300164,通源石油,1.0
20260714,ZT,sh605196,华通线缆,1.0
20260714,ZT,sh600403,大有能源,1.0
20260714,ZT,sh601101,昊华能源,1.0
20260714,ZT,sz002128,电投能源,1.0
20260714,ZT,sz002532,天山铝业,1.0
20260714,ZT,sh600497,驰宏锌锗,1.0
20260714,ZT,sz002384,东山精密,1.0
20260714,ZT,sz002975,博杰股份,1.0
20260714,ZT,sz002243,力合科创,1.0
20260714,ZT,sh605255,天普股份,1.0
20260714,ZT,sh688216,气派科技,1.0
20260714,ZT,sz002484,江海股份,1.0
20260714,ZT,sh603989,艾华集团,1.0
20260714,ZT,sh603516,淳中科技,1.0
20260714,ZT,sz002536,飞龙股份,1.0
20260714,ZT,sz300209,行云科技,1.0
20260714,ZT,sz301259,艾布鲁,1.0
20260714,ZT,sz000968,蓝焰控股,1.0
20260714,ZT,sz000078,ST海王,1.0
20260714,ZT,sh600491,ST龙元  ,1.0
20260714,ZT,sz000639,ST西王,1.0
20260714,ZT,sh600180,*ST瑞茂 ,1.0
20260714,ZT,sh600759,ST洲际  ,1.0
20260714,ZT,sz000677,ST海龙,1.0
20260714,ZT,sh600293,三峡新材,1.0
20260714,ZT,sz003001,中岩大地,1.0
20260714,ZT,sz000008,神州高铁,1.0
20260714,ZT,sh603580,艾艾精工,1.0
20260714,ZT,sh605028,世茂能源,1.0
20260714,ZT,sz000554,泰山石油,1.0
20260714,ZT,sz002245,蔚蓝锂芯,1.0
20260714,ZT,sh600255,鑫科材料,1.0
20260714,ZT,sz000759,中百集团,1.0
20260714,ZT,sz002718,友邦吊顶,1.0
20260714,ZT,sh603577,汇金通  ,1.0
20260714,ZT,sz300566,激智科技,1.0
20260714,ZT,sz000036,华联控股,1.0
20260714,ZT,sh603201,常润股份,1.0
20260714,ZT,sz000636,风华高科,1.0
20260715,ZT,sh600664,哈药股份,4.0
20260715,ZT,bj920305,云创退,3.0
20260715,ZT,sz001388,信通电子,3.0
20260715,ZT,sh603137,恒尚节能,3.0
20260715,ZT,sh600403,大有能源,2.0
20260715,ZT,sh600829,人民同泰,2.0
20260715,ZT,sh600746,江苏索普,2.0
20260715,ZT,sh605189,富春染织,2.0
20260715,ZT,sh600844,金煤科技,2.0
20260715,ZT,sh603580,艾艾精工,2.0
20260715,ZT,sh605255,天普股份,2.0
20260715,ZT,sh605028,世茂能源,2.0
20260715,ZT,sh688192,迪哲医药-U,2.0
20260715,ZT,sh600227,赤天化  ,2.0
20260715,ZT,sz002432,九安医疗,2.0
20260715,ZT,sz002141,贤丰控股,2.0
20260715,ZT,sz002980,华盛昌,1.0
20260715,ZT,sz002309,中利集团,1.0
20260715,ZT,sz000889,中嘉博创,1.0
20260715,ZT,sh600257,大湖股份,1.0
20260715,ZT,sz000676,智度股份,1.0
20260715,ZT,sz002365,永安药业,1.0
20260715,ZT,sz002310,东方新能,1.0
20260715,ZT,sz001317,三羊马,1.0
20260715,ZT,sz000722,湖南发展,1.0
20260715,ZT,sz002786,银宝山新,1.0
20260715,ZT,sh603196,璞源材料,1.0
20260715,ZT,sz002382,蓝帆医疗,1.0
20260715,ZT,sz000566,海南海药,1.0
20260715,ZT,sz000504,南华生物,1.0
20260715,ZT,sh688166,博瑞医药,1.0
20260715,ZT,sz002940,昂利康,1.0
20260715,ZT,sz002900,哈三联,1.0
20260715,ZT,sh603387,基蛋生物,1.0
20260715,ZT,sh603127,昭衍新药,1.0
20260715,ZT,sh603538,美诺华  ,1.0
20260715,ZT,sh600721,百花医药,1.0
20260715,ZT,sz300149,睿智医药,1.0
20260715,ZT,sz000908,石药景峰,1.0
20260715,ZT,sz000935,四川双马,1.0
20260715,ZT,sz002821,凯莱英,1.0
20260715,ZT,sz301520,万邦医药,1.0
20260715,ZT,sh600199,金种子酒,1.0
20260715,ZT,sh603336,宏辉果蔬,1.0
20260715,ZT,sz000596,古井贡酒,1.0
20260715,ZT,sh605089,味知香  ,1.0
20260715,ZT,sz002303,美盈森,1.0
20260715,ZT,sh600539,狮头股份,1.0
20260715,ZT,sz003010,若羽臣,1.0
20260715,ZT,sh603839,安正时尚,1.0
20260715,ZT,sz002640,跨境通,1.0
20260715,ZT,sh603725,天安新材,1.0
20260715,ZT,sh603130,云中马  ,1.0
20260715,ZT,sz002062,宏润建设,1.0
20260715,ZT,sz002739,儒意电影,1.0
20260715,ZT,sz300528,幸福蓝海,1.0
20260715,ZT,sh600857,宁波中百,1.0
20260715,ZT,sh600785,新华百货,1.0
20260715,ZT,sz000571,新大洲A,1.0
20260715,ZT,sz002517,恺英网络,1.0
20260715,ZT,sz002558,巨人网络,1.0
20260715,ZT,sz300231,银信科技,1.0
20260715,ZT,sz000016,*ST康佳A,1.0
20260715,ZT,sh603429,*ST集友 ,1.0
20260715,ZT,sz000593,德龙汇能,1.0
20260715,ZT,sh600162,香江控股,1.0
20260715,ZT,sh603657,春光科技,1.0
20260715,ZT,sh600732,爱旭股份,1.0
20260715,ZT,sz002891,中宠股份,1.0
20260715,ZT,sz000959,首钢股份,1.0
20260715,ZT,sz002800,天顺股份,1.0
20260715,ZT,sh603192,汇得科技,1.0
20260715,ZT,sh603969,银龙股份,1.0
20260715,ZT,sz001896,豫能控股,1.0
20260716,ZT,sh600664,哈药股份,4.0
20260716,ZT,bj920305,云创退,3.0
20260716,ZT,sz001388,信通电子,3.0
20260716,ZT,sh603137,恒尚节能,3.0
20260716,ZT,sh600403,大有能源,2.0
20260716,ZT,sh600829,人民同泰,2.0
20260716,ZT,sh600746,江苏索普,2.0
20260716,ZT,sh605189,富春染织,2.0
20260716,ZT,sh600844,金煤科技,2.0
20260716,ZT,sh603580,艾艾精工,2.0
20260716,ZT,sh605255,天普股份,2.0
20260716,ZT,sh605028,世茂能源,2.0
20260716,ZT,sh688192,迪哲医药-U,2.0
20260716,ZT,sh600227,赤天化  ,2.0
20260716,ZT,sz002432,九安医疗,2.0
20260716,ZT,sz002141,贤丰控股,2.0
20260716,ZT,sz002980,华盛昌,1.0
20260716,ZT,sz002309,中利集团,1.0
20260716,ZT,sz000889,中嘉博创,1.0
20260716,ZT,sh600257,大湖股份,1.0
20260716,ZT,sz000676,智度股份,1.0
20260716,ZT,sz002365,永安药业,1.0
20260716,ZT,sz002310,东方新能,1.0
20260716,ZT,sz001317,三羊马,1.0
20260716,ZT,sz000722,湖南发展,1.0
20260716,ZT,sz002786,银宝山新,1.0
20260716,ZT,sh603196,璞源材料,1.0
20260716,ZT,sz002382,蓝帆医疗,1.0
20260716,ZT,sz000566,海南海药,1.0
20260716,ZT,sz000504,南华生物,1.0
20260716,ZT,sh688166,博瑞医药,1.0
20260716,ZT,sz002940,昂利康,1.0
20260716,ZT,sz002900,哈三联,1.0
20260716,ZT,sh603387,基蛋生物,1.0
20260716,ZT,sh603127,昭衍新药,1.0
20260716,ZT,sh603538,美诺华  ,1.0
20260716,ZT,sh600721,百花医药,1.0
20260716,ZT,sz300149,睿智医药,1.0
20260716,ZT,sz000908,石药景峰,1.0
20260716,ZT,sz000935,四川双马,1.0
20260716,ZT,sz002821,凯莱英,1.0
20260716,ZT,sz301520,万邦医药,1.0
20260716,ZT,sh600199,金种子酒,1.0
20260716,ZT,sh603336,宏辉果蔬,1.0
20260716,ZT,sz000596,古井贡酒,1.0
20260716,ZT,sh605089,味知香  ,1.0
20260716,ZT,sz002303,美盈森,1.0
20260716,ZT,sh600539,狮头股份,1.0
20260716,ZT,sz003010,若羽臣,1.0
20260716,ZT,sh603839,安正时尚,1.0
20260716,ZT,sz002640,跨境通,1.0
20260716,ZT,sh603725,天安新材,1.0
20260716,ZT,sh603130,云中马  ,1.0
20260716,ZT,sz002062,宏润建设,1.0
20260716,ZT,sz002739,儒意电影,1.0
20260716,ZT,sz300528,幸福蓝海,1.0
20260716,ZT,sh600857,宁波中百,1.0
20260716,ZT,sh600785,新华百货,1.0
20260716,ZT,sz000571,新大洲A,1.0
20260716,ZT,sz002517,恺英网络,1.0
20260716,ZT,sz002558,巨人网络,1.0
20260716,ZT,sz300231,银信科技,1.0
20260716,ZT,sz000016,*ST康佳A,1.0
20260716,ZT,sh603429,*ST集友 ,1.0
20260716,ZT,sz000593,德龙汇能,1.0
20260716,ZT,sh600162,香江控股,1.0
20260716,ZT,sh603657,春光科技,1.0
20260716,ZT,sh600732,爱旭股份,1.0
20260716,ZT,sz002891,中宠股份,1.0
20260716,ZT,sz000959,首钢股份,1.0
20260716,ZT,sz002800,天顺股份,1.0
20260716,ZT,sh603192,汇得科技,1.0
20260716,ZT,sh603969,银龙股份,1.0
20260716,ZT,sz001896,豫能控股,1.0
20260717,ZT,bj920305,云创退,5.0
20260717,ZT,sh603580,艾艾精工,4.0
20260717,ZT,sz000676,智度股份,3.0
20260717,ZT,sz002677,浙江美大,3.0
20260717,ZT,sh600162,香江控股,3.0
20260717,ZT,sz002829,星网宇达,2.0
20260717,ZT,sz002632,道明光学,2.0
20260717,ZT,sz001258,立新能源,2.0
20260717,ZT,sh603567,珍宝岛  ,2.0
20260717,ZT,sz000722,湖南发展,1.0
20260717,ZT,sh600744,华银电力,1.0
20260717,ZT,sh600644,乐山电力,1.0
20260717,ZT,sz000037,深南电A,1.0
20260717,ZT,sh605011,杭州热电,1.0
20260717,ZT,sh600236,桂冠电力,1.0
20260717,ZT,sz000899,赣能股份,1.0
20260717,ZT,sh600982,宁波能源,1.0
20260717,ZT,sz002432,九安医疗,1.0
20260717,ZT,sz300795,米奥会展,1.0
20260717,ZT,sz300577,开润股份,1.0
20260717,ZT,sh600227,赤天化  ,1.0
20260717,ZT,sh600881,亚泰集团,1.0
20260717,ZT,sz002731,*ST萃华,1.0
20260717,ZT,sh600730,*ST高科 ,1.0
20260717,ZT,sz001388,信通电子,1.0
20260717,ZT,sz003001,中岩大地,1.0
20260717,ZT,sz002766,索菱股份,1.0
20260717,ZT,sh600722,金牛化工,1.0
20260717,ZT,sh603161,科华控股,1.0
20260717,ZT,sh601369,陕鼓动力,1.0
20260717,ZT,sh603118,共进股份,1.0
20260717,ZT,sh600992,贵绳股份,1.0
20260717,ZT,sz001369,双欣材料,1.0
20260717,ZT,sh600095,湘财股份,1.0
20260717,ZT,sz000779,甘咨询,1.0
20260720,ZT,sz001258,立新能源,3.0
20260720,ZT,sh600236,桂冠电力,2.0
20260720,ZT,sz000037,深南电A,2.0
20260720,ZT,sh600722,金牛化工,2.0
20260720,ZT,sz000722,湖南发展,2.0
20260720,ZT,sh600644,乐山电力,2.0
20260720,ZT,sh600744,华银电力,2.0
20260720,ZT,sh600726,华电能源,1.0
20260720,ZT,sh600821,金开新能,1.0
20260720,ZT,sz000539,粤电力Ａ,1.0
20260720,ZT,sh600452,涪陵电力,1.0
20260720,ZT,sz000767,晋控电力,1.0
20260720,ZT,sh600396,华电辽能,1.0
20260720,ZT,sh601991,大唐发电,1.0
20260720,ZT,sh600578,京能电力,1.0
20260720,ZT,sz000600,建投能源,1.0
20260720,ZT,sh600032,浙江新能,1.0
20260720,ZT,sh600863,华能蒙电,1.0
20260720,ZT,sh600403,大有能源,1.0
20260720,ZT,sh600121,郑州煤电,1.0
20260720,ZT,sh600985,淮北矿业,1.0
20260720,ZT,sh600188,兖矿能源,1.0
20260720,ZT,sh601898,中煤能源,1.0
20260720,ZT,sh601001,晋控煤业,1.0
20260720,ZT,sz301190,善水科技,1.0
20260720,ZT,sz002440,闰土股份,1.0
20260720,ZT,sh601026,道生天合,1.0
20260720,ZT,sh603823,百合花  ,1.0
20260720,ZT,sz000889,中嘉博创,1.0
20260720,ZT,sz000815,美利云,1.0
20260720,ZT,sz300368,汇金股份,1.0
20260720,ZT,sh600797,浙大网新,1.0
20260720,ZT,sh600126,杭钢股份,1.0
20260720,ZT,sh603619,中曼石油,1.0
20260720,ZT,sh603727,博迈科  ,1.0
20260720,ZT,sz002490,山东墨龙,1.0
20260720,ZT,sh600938,中国海油,1.0
20260720,ZT,sz000596,古井贡酒,1.0
20260720,ZT,sh603779,威龙股份,1.0
20260720,ZT,sz001211,双枪科技,1.0
20260720,ZT,sh603610,麒盛科技,1.0
20260720,ZT,sh600756,浪潮软件,1.0
20260720,ZT,sh603533,掌阅科技,1.0
20260720,ZT,sz300534,陇神戎发,1.0
20260720,ZT,sh600267,海正药业,1.0
20260720,ZT,sh600746,江苏索普,1.0
20260720,ZT,sz300515,三德科技,1.0
20260720,ZT,sz002857,三晖电气,1.0
20260720,ZT,sh688057,金达莱  ,1.0
20260720,ZT,sz001288,运机集团,1.0
20260720,ZT,sz002542,*ST中岩,1.0
20260720,ZT,sz002866,传艺科技,1.0
20260720,ZT,sz002992,宝明科技,1.0
20260720,ZT,sz002036,联创电子,1.0
20260721,ZT,sz001258,立新能源,3.0
20260721,ZT,sh600236,桂冠电力,2.0
20260721,ZT,sz000037,深南电A,2.0
20260721,ZT,sh600722,金牛化工,2.0
20260721,ZT,sz000722,湖南发展,2.0
20260721,ZT,sh600644,乐山电力,2.0
20260721,ZT,sh600744,华银电力,2.0
20260721,ZT,sh600726,华电能源,1.0
20260721,ZT,sh600821,金开新能,1.0
20260721,ZT,sz000539,粤电力Ａ,1.0
20260721,ZT,sh600452,涪陵电力,1.0
20260721,ZT,sz000767,晋控电力,1.0
20260721,ZT,sh600396,华电辽能,1.0
20260721,ZT,sh601991,大唐发电,1.0
20260721,ZT,sh600578,京能电力,1.0
20260721,ZT,sz000600,建投能源,1.0
20260721,ZT,sh600032,浙江新能,1.0
20260721,ZT,sh600863,华能蒙电,1.0
20260721,ZT,sh600403,大有能源,1.0
20260721,ZT,sh600121,郑州煤电,1.0
20260721,ZT,sh600985,淮北矿业,1.0
20260721,ZT,sh600188,兖矿能源,1.0
20260721,ZT,sh601898,中煤能源,1.0
20260721,ZT,sh601001,晋控煤业,1.0
20260721,ZT,sz301190,善水科技,1.0
20260721,ZT,sz002440,闰土股份,1.0
20260721,ZT,sh601026,道生天合,1.0
20260721,ZT,sh603823,百合花  ,1.0
20260721,ZT,sz000889,中嘉博创,1.0
20260721,ZT,sz000815,美利云,1.0
20260721,ZT,sz300368,汇金股份,1.0
20260721,ZT,sh600797,浙大网新,1.0
20260721,ZT,sh600126,杭钢股份,1.0
20260721,ZT,sh603619,中曼石油,1.0
20260721,ZT,sh603727,博迈科  ,1.0
20260721,ZT,sz002490,山东墨龙,1.0
20260721,ZT,sh600938,中国海油,1.0
20260721,ZT,sz000596,古井贡酒,1.0
20260721,ZT,sh603779,威龙股份,1.0
20260721,ZT,sz001211,双枪科技,1.0
20260721,ZT,sh603610,麒盛科技,1.0
20260721,ZT,sh600756,浪潮软件,1.0
20260721,ZT,sh603533,掌阅科技,1.0
20260721,ZT,sz300534,陇神戎发,1.0
20260721,ZT,sh600267,海正药业,1.0
20260721,ZT,sh600746,江苏索普,1.0
20260721,ZT,sz300515,三德科技,1.0
20260721,ZT,sz002857,三晖电气,1.0
20260721,ZT,sh688057,金达莱  ,1.0
20260721,ZT,sz001288,运机集团,1.0
20260721,ZT,sz002542,*ST中岩,1.0
20260721,ZT,sz002866,传艺科技,1.0
20260721,ZT,sz002992,宝明科技,1.0
20260721,ZT,sz002036,联创电子,1.0
20260722,ZT,sz001258,立新能源,5.0
20260722,ZT,sh600744,华银电力,4.0
20260722,ZT,sz000815,美利云,3.0
20260722,ZT,sh603407,长裕集团,2.0
20260722,ZT,sh603118,共进股份,2.0
20260722,ZT,sz000603,盛达资源,2.0
20260722,ZT,sz301583,托伦斯,2.0
20260722,ZT,sz002213,大为股份,2.0
20260722,ZT,sh603221,爱丽家居,2.0
20260722,ZT,sz002197,证通电子,2.0
20260722,ZT,sz002879,长缆科技,2.0
20260722,ZT,sh603629,利通电子,2.0
20260722,ZT,sh600644,乐山电力,1.0
20260722,ZT,sh600396,华电辽能,1.0
20260722,ZT,sh600726,华电能源,1.0
20260722,ZT,sz000595,新能股份,1.0
20260722,ZT,sh605028,世茂能源,1.0
20260722,ZT,sh605162,新中港  ,1.0
20260722,ZT,sz000506,招金黄金,1.0
20260722,ZT,sh603988,中电电机,1.0
20260722,ZT,sz000975,山金国际,1.0
20260722,ZT,sz002575,群兴玩具,1.0
20260722,ZT,sz300688,创业黑马,1.0
20260722,ZT,sz002900,哈三联,1.0
20260722,ZT,sz002793,罗欣药业,1.0
20260722,ZT,sh600594,益佰制药,1.0
20260722,ZT,sz000566,海南海药,1.0
20260722,ZT,sz002412,汉森制药,1.0
20260722,ZT,sh603893,瑞芯微  ,1.0
20260722,ZT,sh603619,中曼石油,1.0
20260722,ZT,sh605196,华通线缆,1.0
20260722,ZT,sh603296,华勤技术,1.0
20260722,ZT,sz002515,金字火腿,1.0
20260722,ZT,sh603803,瑞斯康达,1.0
20260722,ZT,sz000839,国安股份,1.0
20260722,ZT,sh603725,天安新材,1.0
20260722,ZT,sz000838,*ST发展,1.0
20260722,ZT,bj920305,云创退,1.0
20260722,ZT,sh603580,艾艾精工,1.0
20260722,ZT,sh600403,大有能源,1.0
20260722,ZT,sh600722,金牛化工,1.0
20260722,ZT,sz301234,五洲医疗,1.0
20260722,ZT,sh603162,海通发展,1.0
20260722,ZT,sz002953,日丰股份,1.0
20260722,ZT,sz002545,东方铁塔,1.0
20260722,ZT,sz300834,星辉环材,1.0
20260722,ZT,sh605155,西大门  ,1.0
20260722,ZT,sz300779,惠城环保,1.0
20260723,ZT,sz001258,立新能源,6.0
20260723,ZT,sz000815,美利云,4.0
20260723,ZT,sz000603,盛达资源,3.0
20260723,ZT,sh603221,爱丽家居,3.0
20260723,ZT,sz002197,证通电子,3.0
20260723,ZT,sz002879,长缆科技,3.0
20260723,ZT,sh600396,华电辽能,2.0
20260723,ZT,sz000595,新能股份,2.0
20260723,ZT,sz002412,汉森制药,2.0
20260723,ZT,sz301234,五洲医疗,2.0
20260723,ZT,sh603988,中电电机,2.0
20260723,ZT,sz002900,哈三联,2.0
20260723,ZT,sh600722,金牛化工,2.0
20260723,ZT,sh603619,中曼石油,2.0
20260723,ZT,sh605162,新中港  ,2.0
20260723,ZT,sz000533,顺钠股份,1.0
20260723,ZT,sh600379,宝光股份,1.0
20260723,ZT,sz002498,汉缆股份,1.0
20260723,ZT,sz300062,中能电气,1.0
20260723,ZT,sz001382,新亚电缆,1.0
20260723,ZT,sh601179,中国西电,1.0
20260723,ZT,sz002112,三变科技,1.0
20260723,ZT,sz002300,太阳电缆,1.0
20260723,ZT,sz001208,华菱线缆,1.0
20260723,ZT,sh600550,保变电气,1.0
20260723,ZT,sh600468,百利电气,1.0
20260723,ZT,sh603191,望变电气,1.0
20260723,ZT,sz300444,双杰电气,1.0
20260723,ZT,sz002451,摩恩电气,1.0
20260723,ZT,bj920222,益坤电气,1.0
20260723,ZT,sz002560,通达股份,1.0
20260723,ZT,sz002546,新联电子,1.0
20260723,ZT,sz002606,大连电瓷,1.0
20260723,ZT,sz300141,和顺电气,1.0
20260723,ZT,sz002358,森源电气,1.0
20260723,ZT,sz002339,积成电子,1.0
20260723,ZT,sh603050,科林电气,1.0
20260723,ZT,sh601700,风范股份,1.0
20260723,ZT,sh603861,白云电器,1.0
20260723,ZT,sz001388,信通电子,1.0
20260723,ZT,sh600268,国电南自,1.0
20260723,ZT,sz300510,金冠股份,1.0
20260723,ZT,sz002083,孚日股份,1.0
20260723,ZT,sh603399,永杉锂业,1.0
20260723,ZT,sz000688,国城矿业,1.0
20260723,ZT,sz002240,盛新锂能,1.0
20260723,ZT,sz000155,川能动力,1.0
20260723,ZT,sz301587,中瑞股份,1.0
20260723,ZT,sh603876,鼎胜新材,1.0
20260723,ZT,sz301292,海科新源,1.0
20260723,ZT,sh603026,石大胜华,1.0
20260723,ZT,sh601678,滨化股份,1.0
20260723,ZT,sz002165,红 宝 丽,1.0
20260723,ZT,sh600844,金煤科技,1.0
20260723,ZT,sz002539,云图控股,1.0
20260723,ZT,sh600409,三友化工,1.0
20260723,ZT,sh600389,江山股份,1.0
20260723,ZT,sh600230,沧州大化,1.0
20260723,ZT,sz002218,拓日新能,1.0
20260723,ZT,sh600173,卧龙新能,1.0
20260723,ZT,sz000862,银星能源,1.0
20260723,ZT,sz002379,宏桥控股,1.0
20260723,ZT,sh600219,南山铝业,1.0
20260723,ZT,sz001337,四川黄金,1.0
20260723,ZT,sh601061,中信金属,1.0
20260723,ZT,sh601606,长城军工,1.0
20260723,ZT,sh603488,展鹏科技,1.0
20260723,ZT,sh600990,四创电子,1.0
20260723,ZT,sh600343,航天动力,1.0
20260723,ZT,sh600698,湖南天雁,1.0
20260723,ZT,sz301357,北方长龙,1.0
20260723,ZT,sh600513,联环药业,1.0
20260723,ZT,sh603567,珍宝岛  ,1.0
20260723,ZT,sz002173,创新医疗,1.0
20260723,ZT,sz002566,益盛药业,1.0
20260723,ZT,sz002229,鸿博股份,1.0
20260723,ZT,sz002298,中电鑫龙,1.0
20260723,ZT,sh600449,宁夏建材,1.0
20260723,ZT,sz002199,东晶电子,1.0
20260723,ZT,sz002762,金发拉比,1.0
20260723,ZT,sz002713,东易日盛,1.0
20260723,ZT,sz000668,荣丰控股,1.0
20260723,ZT,sh600962,国投中鲁,1.0
20260723,ZT,sh603212,赛伍技术,1.0
20260723,ZT,sh600611,大众交通,1.0
20260723,ZT,sz002353,杰瑞股份,1.0
20260723,ZT,sh603318,水发燃气,1.0
20260723,ZT,sh605100,华丰股份,1.0
20260723,ZT,sh603727,博迈科  ,1.0
20260723,ZT,sz301158,德石股份,1.0
20260723,ZT,sh605288,凯迪股份,1.0
20260723,ZT,sh603082,北自科技,1.0
20260723,ZT,sh603331,百达精工,1.0
20260723,ZT,sh603956,威派格  ,1.0
20260723,ZT,sz300214,日科化学,1.0
20260723,ZT,sh603400,华之杰  ,1.0
20260723,ZT,sz000011,深物业A,1.0
20260723,ZT,sz000608,阳光股份,1.0
20260723,ZT,sh600980,北矿科技,1.0
20260723,ZT,sh605189,富春染织,1.0
20260723,ZT,sz002725,跃岭股份,1.0
20260723,ZT,sz002674,兴业科技,1.0
20260723,ZT,sh688618,三旺通信,1.0
20260723,ZT,sz003001,中岩大地,1.0
20260723,ZT,sh603272,*ST联翔 ,1.0
20260723,ZT,sz002856,*ST美芝,1.0
20260723,ZT,sz002667,*ST威领,1.0
20260723,ZT,sz002514,*ST宝馨,1.0
20260723,ZT,sz002977,*ST天箭,1.0
20260723,ZT,sz002207,*ST准油,1.0
20260723,ZT,sh603378,*ST亚士 ,1.0
20260723,ZT,sz000632,ST三木,1.0
20260723,ZT,sz002547,*ST春兴,1.0
20260723,ZT,sh600289,ST信通  ,1.0
20260723,ZT,sh600243,*ST海华 ,1.0
20260723,ZT,sh603843,*ST正平 ,1.0
20260723,ZT,sh605299,舒华体育,1.0
20260723,ZT,sz002088,鲁阳节能,1.0
20260723,ZT,sz002774,快意电梯,1.0
20260723,ZT,sz000017,深中华A,1.0
20260723,ZT,sh600984,建设机械,1.0
20260723,ZT,sz000035,中国天楹,1.0
20260723,ZT,sz002775,文科股份,1.0
20260723,ZT,sh603680,今创集团,1.0
20260723,ZT,sh600354,敦煌种业,1.0
20260723,ZT,sh605117,德业股份,1.0
20260723,ZT,sz000803,山高环能,1.0
20260723,ZT,sz002596,海南瑞泽,1.0
20260724,ZT,sh603221,爱丽家居,4.0
20260724,ZT,sz002879,长缆科技,4.0
20260724,ZT,sz000595,新能股份,3.0
20260724,ZT,sz301234,五洲医疗,3.0
20260724,ZT,sz002300,太阳电缆,2.0
20260724,ZT,sz003001,中岩大地,2.0
20260724,ZT,sz002199,东晶电子,2.0
20260724,ZT,sh601606,长城军工,2.0
20260724,ZT,sz002298,中电鑫龙,2.0
20260724,ZT,sz000668,荣丰控股,2.0
20260724,ZT,sh603956,威派格  ,2.0
20260724,ZT,sz000011,深物业A,2.0
20260724,ZT,sh600698,湖南天雁,2.0
20260724,ZT,sz000533,顺钠股份,2.0
20260724,ZT,sz002083,孚日股份,2.0
20260724,ZT,sh600984,建设机械,2.0
20260724,ZT,sz002498,汉缆股份,2.0
20260724,ZT,sz301583,托伦斯,1.0
20260724,ZT,sz002208,合肥城建,1.0
20260724,ZT,sz300480,光力科技,1.0
20260724,ZT,sz002388,新亚制程,1.0
20260724,ZT,sh603690,至纯科技,1.0
20260724,ZT,sh603068,博通集成,1.0
20260724,ZT,sh603726,朗迪集团,1.0
20260724,ZT,sz000670,盈方微,1.0
20260724,ZT,sh600539,狮头股份,1.0
20260724,ZT,sz000417,合百集团,1.0
20260724,ZT,sz300414,中光防雷,1.0
20260724,ZT,sz002303,美盈森,1.0
20260724,ZT,sz002265,建设工业,1.0
20260724,ZT,sh688237,超卓航科,1.0
20260724,ZT,sz002189,中光学,1.0
20260724,ZT,sh605198,安德利  ,1.0
20260724,ZT,sz002211,ST宏达,1.0
20260724,ZT,sh688622,*ST禾信 ,1.0
20260724,ZT,sh603580,艾艾精工,1.0
20260724,ZT,sz002374,中锐股份,1.0
20260724,ZT,sz002012,凯恩股份,1.0
20260724,ZT,sh600178,东安动力,1.0
20260724,ZT,sh600617,国新能源,1.0
20260724,ZT,sh603976,正川股份,1.0
20260724,ZT,sz001229,魅视科技,1.0
20260727,ZT,sh603221,爱丽家居,5.0
20260727,ZT,sz002879,长缆科技,5.0
20260727,ZT,sz301234,五洲医疗,4.0
20260727,ZT,sz000533,顺钠股份,3.0
20260727,ZT,sh601606,长城军工,3.0
20260727,ZT,sh603690,至纯科技,2.0
20260727,ZT,sh600617,国新能源,2.0
20260727,ZT,sz002388,新亚制程,2.0
20260727,ZT,sh600962,国投中鲁,1.0
20260727,ZT,sh600667,太极实业,1.0
20260727,ZT,sh603330,天洋新材,1.0
20260727,ZT,sh603931,格林达  ,1.0
20260727,ZT,sh603389,亚振家居,1.0
20260727,ZT,sz002918,蒙娜丽莎,1.0
20260727,ZT,sh603607,京华激光,1.0
20260727,ZT,sz001358,兴欣新材,1.0
20260727,ZT,sz002647,仁东控股,1.0
20260727,ZT,sz002409,雅克科技,1.0
20260727,ZT,sz002141,贤丰控股,1.0
20260727,ZT,sh603459,红板科技,1.0
20260727,ZT,sz300802,矩子科技,1.0
20260727,ZT,sh603110,东方材料,1.0
20260727,ZT,sh603256,宏和科技,1.0
20260727,ZT,sz301526,国际复材,1.0
20260727,ZT,sh603228,景旺电子,1.0
20260727,ZT,sz002636,金安国纪,1.0
20260727,ZT,sh600176,中国巨石,1.0
20260727,ZT,sh605006,山东玻纤,1.0
20260727,ZT,sz002080,中材科技,1.0
20260727,ZT,sz001223,欧克科技,1.0
20260727,ZT,sh603082,北自科技,1.0
20260727,ZT,sz002448,中原内配,1.0
20260727,ZT,sh605068,明新旭腾,1.0
20260727,ZT,sh600376,首开股份,1.0
20260727,ZT,sh603358,华达科技,1.0
20260727,ZT,sh603790,雅运股份,1.0
20260727,ZT,sz002925,盈趣科技,1.0
20260727,ZT,sh603507,振江股份,1.0
20260727,ZT,sz002029,七 匹 狼,1.0
20260727,ZT,sh605128,上海沿浦,1.0
20260727,ZT,sz002577,雷柏科技,1.0
20260727,ZT,sh603608,天创时尚,1.0
20260727,ZT,sh603567,珍宝岛  ,1.0
20260727,ZT,sz002900,哈三联,1.0
20260727,ZT,sz000566,海南海药,1.0
20260727,ZT,sh600594,益佰制药,1.0
20260727,ZT,sz002365,永安药业,1.0
20260727,ZT,sh600829,人民同泰,1.0
20260727,ZT,sh600488,津药药业,1.0
20260727,ZT,sz003020,立方制药,1.0
20260727,ZT,sz300534,陇神戎发,1.0
20260727,ZT,sz002235,安妮股份,1.0
20260727,ZT,sz300897,山科智能,1.0
20260727,ZT,sz003032,传智教育,1.0
20260727,ZT,sh603660,苏州科达,1.0
20260727,ZT,sz002292,奥飞娱乐,1.0
20260727,ZT,sz002242,九阳股份,1.0
20260727,ZT,sz000676,智度股份,1.0
20260727,ZT,sz300795,米奥会展,1.0
20260727,ZT,sh688171,纬德信息,1.0
20260727,ZT,sh603097,江苏华辰,1.0
20260727,ZT,sz002364,中恒电气,1.0
20260727,ZT,sz002270,华明装备,1.0
20260727,ZT,sz002173,创新医疗,1.0
20260727,ZT,sh603716,塞力医疗,1.0
20260727,ZT,sz300753,爱朋医疗,1.0
20260727,ZT,sh600775,南京熊猫,1.0
20260727,ZT,sh603610,麒盛科技,1.0
20260727,ZT,sz300214,日科化学,1.0
20260727,ZT,sz002580,圣阳股份,1.0
20260727,ZT,sh603315,福鞍股份,1.0
20260727,ZT,sh603906,龙蟠科技,1.0
20260727,ZT,sz002407,多氟多,1.0
20260727,ZT,sz001258,立新能源,1.0
20260727,ZT,sz002775,文科股份,1.0
20260727,ZT,sz000862,银星能源,1.0
20260727,ZT,sz002310,东方新能,1.0
20260727,ZT,sz001248,华润新能,1.0
20260727,ZT,sh603435,嘉德利  ,1.0
20260727,ZT,sh603115,海星股份,1.0
20260727,ZT,sz002484,江海股份,1.0
20260727,ZT,sh603989,艾华集团,1.0
20260727,ZT,sz002309,中利集团,1.0
20260727,ZT,sz002951,金时科技,1.0
20260727,ZT,sz002522,浙江众成,1.0
20260727,ZT,sh605108,同庆楼  ,1.0
20260727,ZT,sz000428,华天酒店,1.0
20260727,ZT,sh603402,陕西旅游,1.0
20260727,ZT,sz000636,风华高科,1.0
20260727,ZT,sh605376,博迁新材,1.0
20260727,ZT,sz002612,朗姿股份,1.0
20260727,ZT,sh603630,拉芳家化,1.0
20260727,ZT,sz001267,汇绿生态,1.0
20260727,ZT,sh600683,京投发展,1.0
20260727,ZT,sh603988,中电电机,1.0
20260727,ZT,sh601218,吉鑫科技,1.0
20260727,ZT,sz301085,亚康股份,1.0
20260727,ZT,sz002174,游族网络,1.0
20260727,ZT,sz002640,跨境通,1.0
20260727,ZT,sz002211,ST宏达,1.0
20260727,ZT,sh603378,*ST亚士 ,1.0
20260727,ZT,sz002514,*ST宝馨,1.0
20260727,ZT,sh688496,*ST清越 ,1.0
20260727,ZT,sh600165,ST宁科  ,1.0
20260727,ZT,sz002731,*ST萃华,1.0
20260727,ZT,sz000909,*ST数源,1.0
20260727,ZT,sz002528,*ST英飞,1.0
20260727,ZT,sh600730,*ST高科 ,1.0
20260727,ZT,sz002759,ST天际,1.0
20260727,ZT,sz002353,杰瑞股份,1.0
20260727,ZT,sz301121,紫建电子,1.0
20260727,ZT,sz002051,中工国际,1.0
20260727,ZT,sz002969,嘉美包装,1.0
20260727,ZT,sh603657,春光科技,1.0
20260727,ZT,sz001317,三羊马,1.0
20260727,ZT,sh603955,大千生态,1.0
20260727,ZT,sh600847,万里股份,1.0
20260727,ZT,sh601789,宁波建工,1.0
20260727,ZT,sz003030,祖名股份,1.0
20260727,ZT,sz001328,登康口腔,1.0
20260727,ZT,sz002158,汉钟精机,1.0
20260727,ZT,sz000595,新能股份,3.0
20260727,ZT,sz002300,太阳电缆,2.0
20260727,ZT,sz003001,中岩大地,2.0
20260727,ZT,sz002199,东晶电子,2.0
20260727,ZT,sz002298,中电鑫龙,2.0
20260727,ZT,sz000668,荣丰控股,2.0
20260727,ZT,sh603956,威派格  ,2.0
20260727,ZT,sz000011,深物业A,2.0
20260727,ZT,sh600698,湖南天雁,2.0
20260727,ZT,sz002083,孚日股份,2.0
20260727,ZT,sh600984,建设机械,2.0
20260727,ZT,sz002498,汉缆股份,2.0
20260727,ZT,sz301583,托伦斯,1.0
20260727,ZT,sz002208,合肥城建,1.0
20260727,ZT,sz300480,光力科技,1.0
20260727,ZT,sh603068,博通集成,1.0
20260727,ZT,sh603726,朗迪集团,1.0
20260727,ZT,sz000670,盈方微,1.0
20260727,ZT,sh600539,狮头股份,1.0
20260727,ZT,sz000417,合百集团,1.0
20260727,ZT,sz300414,中光防雷,1.0
20260727,ZT,sz002303,美盈森,1.0
20260727,ZT,sz002265,建设工业,1.0
20260727,ZT,sh688237,超卓航科,1.0
20260727,ZT,sz002189,中光学,1.0
20260727,ZT,sh605198,安德利  ,1.0
20260727,ZT,sh688622,*ST禾信 ,1.0
20260727,ZT,sh603580,艾艾精工,1.0
20260727,ZT,sz002374,中锐股份,1.0
20260727,ZT,sz002012,凯恩股份,1.0
20260727,ZT,sh600178,东安动力,1.0
20260727,ZT,sh603976,正川股份,1.0
20260727,ZT,sz001229,魅视科技,1.0
20260728,ZT,sh603221,爱丽家居,5.0
20260728,ZT,sz002879,长缆科技,5.0
20260728,ZT,sz301234,五洲医疗,4.0
20260728,ZT,sz000533,顺钠股份,3.0
20260728,ZT,sh601606,长城军工,3.0
20260728,ZT,sh603690,至纯科技,2.0
20260728,ZT,sh600617,国新能源,2.0
20260728,ZT,sz002388,新亚制程,2.0
20260728,ZT,sh600962,国投中鲁,1.0
20260728,ZT,sh600667,太极实业,1.0
20260728,ZT,sh603330,天洋新材,1.0
20260728,ZT,sh603931,格林达  ,1.0
20260728,ZT,sh603389,亚振家居,1.0
20260728,ZT,sz002918,蒙娜丽莎,1.0
20260728,ZT,sh603607,京华激光,1.0
20260728,ZT,sz001358,兴欣新材,1.0
20260728,ZT,sz002647,仁东控股,1.0
20260728,ZT,sz002409,雅克科技,1.0
20260728,ZT,sz002141,贤丰控股,1.0
20260728,ZT,sh603459,红板科技,1.0
20260728,ZT,sz300802,矩子科技,1.0
20260728,ZT,sh603110,东方材料,1.0
20260728,ZT,sh603256,宏和科技,1.0
20260728,ZT,sz301526,国际复材,1.0
20260728,ZT,sh603228,景旺电子,1.0
20260728,ZT,sz002636,金安国纪,1.0
20260728,ZT,sh600176,中国巨石,1.0
20260728,ZT,sh605006,山东玻纤,1.0
20260728,ZT,sz002080,中材科技,1.0
20260728,ZT,sz001223,欧克科技,1.0
20260728,ZT,sh603082,北自科技,1.0
20260728,ZT,sz002448,中原内配,1.0
20260728,ZT,sh605068,明新旭腾,1.0
20260728,ZT,sh600376,首开股份,1.0
20260728,ZT,sh603358,华达科技,1.0
20260728,ZT,sh603790,雅运股份,1.0
20260728,ZT,sz002925,盈趣科技,1.0
20260728,ZT,sh603507,振江股份,1.0
20260728,ZT,sz002029,七 匹 狼,1.0
20260728,ZT,sh605128,上海沿浦,1.0
20260728,ZT,sz002577,雷柏科技,1.0
20260728,ZT,sh603608,天创时尚,1.0
20260728,ZT,sh603567,珍宝岛  ,1.0
20260728,ZT,sz002900,哈三联,1.0
20260728,ZT,sz000566,海南海药,1.0
20260728,ZT,sh600594,益佰制药,1.0
20260728,ZT,sz002365,永安药业,1.0
20260728,ZT,sh600829,人民同泰,1.0
20260728,ZT,sh600488,津药药业,1.0
20260728,ZT,sz003020,立方制药,1.0
20260728,ZT,sz300534,陇神戎发,1.0
20260728,ZT,sz002235,安妮股份,1.0
20260728,ZT,sz300897,山科智能,1.0
20260728,ZT,sz003032,传智教育,1.0
20260728,ZT,sh603660,苏州科达,1.0
20260728,ZT,sz002292,奥飞娱乐,1.0
20260728,ZT,sz002242,九阳股份,1.0
20260728,ZT,sz000676,智度股份,1.0
20260728,ZT,sz300795,米奥会展,1.0
20260728,ZT,sh688171,纬德信息,1.0
20260728,ZT,sh603097,江苏华辰,1.0
20260728,ZT,sz002364,中恒电气,1.0
20260728,ZT,sz002270,华明装备,1.0
20260728,ZT,sz002173,创新医疗,1.0
20260728,ZT,sh603716,塞力医疗,1.0
20260728,ZT,sz300753,爱朋医疗,1.0
20260728,ZT,sh600775,南京熊猫,1.0
20260728,ZT,sh603610,麒盛科技,1.0
20260728,ZT,sz300214,日科化学,1.0
20260728,ZT,sz002580,圣阳股份,1.0
20260728,ZT,sh603315,福鞍股份,1.0
20260728,ZT,sh603906,龙蟠科技,1.0
20260728,ZT,sz002407,多氟多,1.0
20260728,ZT,sz001258,立新能源,1.0
20260728,ZT,sz002775,文科股份,1.0
20260728,ZT,sz000862,银星能源,1.0
20260728,ZT,sz002310,东方新能,1.0
20260728,ZT,sz001248,华润新能,1.0
20260728,ZT,sh603435,嘉德利  ,1.0
20260728,ZT,sh603115,海星股份,1.0
20260728,ZT,sz002484,江海股份,1.0
20260728,ZT,sh603989,艾华集团,1.0
20260728,ZT,sz002309,中利集团,1.0
20260728,ZT,sz002951,金时科技,1.0
20260728,ZT,sz002522,浙江众成,1.0
20260728,ZT,sh605108,同庆楼  ,1.0
20260728,ZT,sz000428,华天酒店,1.0
20260728,ZT,sh603402,陕西旅游,1.0
20260728,ZT,sz000636,风华高科,1.0
20260728,ZT,sh605376,博迁新材,1.0
20260728,ZT,sz002612,朗姿股份,1.0
20260728,ZT,sh603630,拉芳家化,1.0
20260728,ZT,sz001267,汇绿生态,1.0
20260728,ZT,sh600683,京投发展,1.0
20260728,ZT,sh603988,中电电机,1.0
20260728,ZT,sh601218,吉鑫科技,1.0
20260728,ZT,sz301085,亚康股份,1.0
20260728,ZT,sz002174,游族网络,1.0
20260728,ZT,sz002640,跨境通,1.0
20260728,ZT,sz002211,ST宏达,1.0
20260728,ZT,sh603378,*ST亚士 ,1.0
20260728,ZT,sz002514,*ST宝馨,1.0
20260728,ZT,sh688496,*ST清越 ,1.0
20260728,ZT,sh600165,ST宁科  ,1.0
20260728,ZT,sz002731,*ST萃华,1.0
20260728,ZT,sz000909,*ST数源,1.0
20260728,ZT,sz002528,*ST英飞,1.0
20260728,ZT,sh600730,*ST高科 ,1.0
20260728,ZT,sz002759,ST天际,1.0
20260728,ZT,sz002353,杰瑞股份,1.0
20260728,ZT,sz301121,紫建电子,1.0
20260728,ZT,sz002051,中工国际,1.0
20260728,ZT,sz002969,嘉美包装,1.0
20260728,ZT,sh603657,春光科技,1.0
20260728,ZT,sz001317,三羊马,1.0
20260728,ZT,sh603955,大千生态,1.0
20260728,ZT,sh600847,万里股份,1.0
20260728,ZT,sh601789,宁波建工,1.0
20260728,ZT,sz003030,祖名股份,1.0
20260728,ZT,sz001328,登康口腔,1.0
20260728,ZT,sz002158,汉钟精机,1.0
20260729,ZT,sh603221,爱丽家居,7.0
20260729,ZT,sz000428,华天酒店,3.0
20260729,ZT,sz001358,兴欣新材,3.0
20260729,ZT,sz003032,传智教育,3.0
20260729,ZT,sh605068,明新旭腾,3.0
20260729,ZT,sz002212,天融信,2.0
20260729,ZT,sh603400,华之杰  ,2.0
20260729,ZT,sz002199,东晶电子,2.0
20260729,ZT,sh605179,一鸣食品,2.0
20260729,ZT,sh603580,艾艾精工,2.0
20260729,ZT,sh600693,东百集团,2.0
20260729,ZT,sh605388,均瑶健康,1.0
20260729,ZT,sh603719,良品铺子,1.0
20260729,ZT,sh603696,安记食品,1.0
20260729,ZT,sz300997,欢乐家,1.0
20260729,ZT,sh605337,李子园  ,1.0
20260729,ZT,sz002286,保龄宝,1.0
20260729,ZT,sz002568,百润股份,1.0
20260729,ZT,sz001318,阳光乳业,1.0
20260729,ZT,sh600419,天润乳业,1.0
20260729,ZT,sh605339,南侨食品,1.0
20260729,ZT,sh603057,紫燕食品,1.0
20260729,ZT,sz002956,西麦食品,1.0
20260729,ZT,sh600429,三元股份,1.0
20260729,ZT,sh605016,百龙创园,1.0
20260729,ZT,sz002597,金禾实业,1.0
20260729,ZT,sz000668,荣丰控股,1.0
20260729,ZT,sz000736,中交发展,1.0
20260729,ZT,sh600228,返利科技,1.0
20260729,ZT,sh603559,中通国脉,1.0
20260729,ZT,sz002903,宇环数控,1.0
20260729,ZT,sh603178,圣龙股份,1.0
20260729,ZT,sz301112,信邦智能,1.0
20260729,ZT,sz002833,弘亚数控,1.0
20260729,ZT,sh603068,博通集成,1.0
20260729,ZT,sh603163,圣晖集成,1.0
20260729,ZT,sh603499,翔港科技,1.0
20260729,ZT,sz300333,兆日科技,1.0
20260729,ZT,sz000892,欢瑞世纪,1.0
20260729,ZT,sz002558,巨人网络,1.0
20260729,ZT,sz002517,恺英网络,1.0
20260729,ZT,sh603258,电魂网络,1.0
20260729,ZT,sz002298,中电鑫龙,1.0
20260729,ZT,sz002498,汉缆股份,1.0
20260729,ZT,sz002112,三变科技,1.0
20260729,ZT,sh603556,海兴电力,1.0
20260729,ZT,sh603801,志邦家居,1.0
20260729,ZT,sz002791,坚朗五金,1.0
20260729,ZT,sz001323,慕思股份,1.0
20260729,ZT,sh603833,欧派家居,1.0
20260729,ZT,sz002083,孚日股份,1.0
20260729,ZT,sz002580,圣阳股份,1.0
20260729,ZT,sz002882,金龙羽,1.0
20260729,ZT,sz300530,领湃科技,1.0
20260729,ZT,sh600722,金牛化工,1.0
20260729,ZT,sh600227,赤天化  ,1.0
20260729,ZT,sh600844,金煤科技,1.0
20260729,ZT,sz002440,闰土股份,1.0
20260729,ZT,sh605188,国光连锁,1.0
20260729,ZT,sh601086,国芳集团,1.0
20260729,ZT,sz300359,全通教育,1.0
20260729,ZT,sz002607,中公教育,1.0
20260729,ZT,sh601858,中国科传,1.0
20260729,ZT,sh605136,丽人丽妆,1.0
20260729,ZT,sz000636,风华高科,1.0
20260729,ZT,sh688260,昀冢科技,1.0
20260729,ZT,sh600499,科达制造,1.0
20260729,ZT,sh603399,永杉锂业,1.0
20260729,ZT,sz003001,中岩大地,1.0
20260729,ZT,sz002141,贤丰控股,1.0
20260729,ZT,sh603407,长裕集团,1.0
20260729,ZT,sz002514,*ST宝馨,1.0
20260729,ZT,sz301139,*ST元道,1.0
20260729,ZT,sz002726,ST龙大,1.0
20260729,ZT,sz002667,*ST威领,1.0
20260729,ZT,sz000826,*ST启环,1.0
20260729,ZT,sz300981,中红医疗,1.0
20260729,ZT,sz002827,高争民爆,1.0
20260729,ZT,sz002037,保利联合,1.0
20260729,ZT,sz002045,国光电器,1.0
20260729,ZT,sh600236,桂冠电力,1.0
20260729,ZT,sh600733,北汽蓝谷,1.0
20260729,ZT,sh601003,柳钢股份,1.0
20260729,ZT,sz002945,华林证券,1.0
20260729,ZT,sh600578,京能电力,1.0
20260729,ZT,sz300169,天晟新材,1.0
20260730,ZT,sh603221,爱丽家居,8.0
20260730,ZT,sz003032,传智教育,4.0
20260730,ZT,sh605068,明新旭腾,4.0
20260730,ZT,sh605179,一鸣食品,3.0
20260730,ZT,sh601003,柳钢股份,2.0
20260730,ZT,sz002827,高争民爆,2.0
20260730,ZT,sh600228,返利科技,2.0
20260730,ZT,sh605388,均瑶健康,2.0
20260730,ZT,sh603556,海兴电力,2.0
20260730,ZT,sz002882,金龙羽,2.0
20260730,ZT,sz002702,海欣食品,1.0
20260730,ZT,sh600702,舍得酒业,1.0
20260730,ZT,sz000721,西安饮食,1.0
20260730,ZT,sh603919,金徽酒  ,1.0
20260730,ZT,sh603660,苏州科达,1.0
20260730,ZT,sz000526,学大教育,1.0
20260730,ZT,sh603171,税友股份,1.0
20260730,ZT,sh603039,泛微网络,1.0
20260730,ZT,sh600418,江淮汽车,1.0
20260730,ZT,sz301667,纳百川,1.0
20260730,ZT,sh603348,文灿股份,1.0
20260730,ZT,sh603352,至信股份,1.0
20260730,ZT,sz000820,神雾节能,1.0
20260730,ZT,sh603813,原尚股份,1.0
20260730,ZT,sz001225,和泰机电,1.0
20260730,ZT,sz300894,火星人,1.0
20260730,ZT,sz002846,英联股份,1.0
20260730,ZT,sz000009,中国宝安,1.0
20260730,ZT,sh603185,弘元绿能,1.0
20260730,ZT,sz002534,西子洁能,1.0
20260730,ZT,sh600475,华光环能,1.0
20260730,ZT,sz000566,海南海药,1.0
20260730,ZT,sh600513,联环药业,1.0
20260730,ZT,sz002703,浙江世宝,1.0
20260730,ZT,sh603376,大明电子,1.0
20260730,ZT,sz301668,昊创瑞通,1.0
20260730,ZT,sz301449,天溯计量,1.0
20260730,ZT,sz002585,双星新材,1.0
20260730,ZT,sz002667,*ST威领,1.0
20260730,ZT,sz002731,*ST萃华,1.0
20260730,ZT,sz002547,*ST春兴,1.0
20260730,ZT,sz002512,ST达华,1.0
20260730,ZT,sh600629,华建集团,1.0
20260730,ZT,sz300996,普联软件,1.0
20260730,ZT,sh600162,香江控股,1.0
20260730,ZT,sz002686,亿利达,1.0
20260730,ZT,sh600712,南宁百货,1.0
20260730,ZT,sh605033,美邦股份,1.0
20260730,ZT,sz002258,利尔化学,1.0
20260730,ZT,sh603137,恒尚节能,1.0
20260730,ZT,sz000025,特  力Ａ,1.0
20260730,ZT,sh603382,海阳科技,1.0
20260730,ZT,sz001309,德明利,1.0
20260730,ZT,sh601616,广电电气,1.0
20260730,ZT,bj920685,新芝生物,1.0
20260730,ZT,sh600663,陆家嘴  ,1.0
20260731,ZT,sh603221,爱丽家居,9.0
20260731,ZT,sz003032,传智教育,5.0
20260731,ZT,sh605179,一鸣食品,4.0
20260731,ZT,sz002827,高争民爆,3.0
20260731,ZT,sz000009,中国宝安,2.0
20260731,ZT,sh603171,税友股份,2.0
20260731,ZT,sh600162,香江控股,2.0
20260731,ZT,sh603039,泛微网络,2.0
20260731,ZT,sz300996,普联软件,2.0
20260731,ZT,sz000820,神雾节能,2.0
20260731,ZT,sz000892,欢瑞世纪,1.0
20260731,ZT,sz002354,天娱数科,1.0
20260731,ZT,sh603106,恒银科技,1.0
20260731,ZT,sh605287,德才股份,1.0
20260731,ZT,sz000676,智度股份,1.0
20260731,ZT,sh688095,福昕软件,1.0
20260731,ZT,sz002131,利欧股份,1.0
20260731,ZT,bj920130,立方控股,1.0
20260731,ZT,sz301171,易点天下,1.0
20260731,ZT,sh603533,掌阅科技,1.0
20260731,ZT,sh600588,用友网络,1.0
20260731,ZT,sh603598,引力传媒,1.0
20260731,ZT,sz300058,蓝色光标,1.0
20260731,ZT,sz300364,中文在线,1.0
20260731,ZT,sz002659,凯文教育,1.0
20260731,ZT,sh605318,法狮龙  ,1.0
20260731,ZT,sh603721,中广天择,1.0
20260731,ZT,sh603956,威派格  ,1.0
20260731,ZT,sh605069,正和生态,1.0
20260731,ZT,sz002235,安妮股份,1.0
20260731,ZT,sz300418,昆仑万维,1.0
20260731,ZT,sz301231,荣信文化,1.0
20260731,ZT,sh603466,风语筑  ,1.0
20260731,ZT,sz002774,快意电梯,1.0
20260731,ZT,sz002432,九安医疗,1.0
20260731,ZT,sz300508,维宏股份,1.0
20260731,ZT,sz003036,泰坦股份,1.0
20260731,ZT,sz002896,中大力德,1.0
20260731,ZT,sz002931,锋龙股份,1.0
20260731,ZT,sz000048,京基智农,1.0
20260731,ZT,sh603286,日盈电子,1.0
20260731,ZT,sh600580,卧龙电驱,1.0
20260731,ZT,sh605208,永茂泰  ,1.0
20260731,ZT,sh603337,杰克科技,1.0
20260731,ZT,sz002979,雷赛智能,1.0
20260731,ZT,sh603608,天创时尚,1.0
20260731,ZT,sz300789,唐源电气,1.0
20260731,ZT,sh603009,北特科技,1.0
20260731,ZT,sz002115,三维通信,1.0
20260731,ZT,sz000967,盈峰环境,1.0
20260731,ZT,sh605289,罗曼股份,1.0
20260731,ZT,sz301396,宏景科技,1.0
20260731,ZT,sh600449,宁夏建材,1.0
20260731,ZT,sh605168,三人行  ,1.0
20260731,ZT,sh603139,康惠股份,1.0
20260731,ZT,sz000815,美利云,1.0
20260731,ZT,sh603629,利通电子,1.0
20260731,ZT,sh600602,云赛智联,1.0
20260731,ZT,sh600986,浙文互联,1.0
20260731,ZT,sz003005,竞业达,1.0
20260731,ZT,sz002197,证通电子,1.0
20260731,ZT,sh600673,东阳光  ,1.0
20260731,ZT,sz002929,润建股份,1.0
20260731,ZT,sz300720,海川智能,1.0
20260731,ZT,sh603120,肯特催化,1.0
20260731,ZT,sh605178,时空科技,1.0
20260731,ZT,sh603316,诚邦股份,1.0
20260731,ZT,sz002963,豪尔赛,1.0
20260731,ZT,sz000032,深桑达Ａ,1.0
20260731,ZT,sh600667,太极实业,1.0
20260731,ZT,sh603375,盛景微  ,1.0
20260731,ZT,sz003001,中岩大地,1.0
20260731,ZT,sz002552,宝鼎科技,1.0
20260731,ZT,sh605198,安德利  ,1.0
20260731,ZT,sz001223,欧克科技,1.0
20260731,ZT,sz001359,平安电工,1.0
20260731,ZT,sz002957,科瑞技术,1.0
20260731,ZT,sh603738,泰晶科技,1.0
20260731,ZT,sh603031,安孚科技,1.0
20260731,ZT,sz001267,汇绿生态,1.0
20260731,ZT,sh603696,安记食品,1.0
20260731,ZT,sh603336,宏辉果蔬,1.0
20260731,ZT,sh603779,威龙股份,1.0
20260731,ZT,sh600791,京能置业,1.0
20260731,ZT,sh603682,锦和商管,1.0
20260731,ZT,sz000595,新能股份,1.0
20260731,ZT,sz002775,文科股份,1.0
20260731,ZT,sz002015,协鑫能科,1.0
20260731,ZT,sz003018,金富科技,1.0
20260731,ZT,sz001400,江顺科技,1.0
20260731,ZT,sz002851,麦格米特,1.0
20260731,ZT,sz002346,柘中股份,1.0
20260731,ZT,sz000838,*ST发展,1.0
20260731,ZT,sh603398,*ST沐邦 ,1.0
20260731,ZT,sz000428,华天酒店,1.0
20260731,ZT,sz000593,德龙汇能,1.0
20260731,ZT,sh603115,海星股份,1.0
20260731,ZT,sh603067,振华股份,1.0
20260731,ZT,sh603261,立航科技,1.0
20260731,ZT,sh603637,镇海股份,1.0
20260731,ZT,sz000506,招金黄金,1.0
20260803,ZT,sh603221,爱丽家居,9.0
20260803,ZT,sz003032,传智教育,5.0
20260803,ZT,sh605179,一鸣食品,4.0
20260803,ZT,sz002827,高争民爆,3.0
20260803,ZT,sz000009,中国宝安,2.0
20260803,ZT,sh603171,税友股份,2.0
20260803,ZT,sh600162,香江控股,2.0
20260803,ZT,sh603039,泛微网络,2.0
20260803,ZT,sz300996,普联软件,2.0
20260803,ZT,sz000820,神雾节能,2.0
20260803,ZT,sz000892,欢瑞世纪,1.0
20260803,ZT,sz002354,天娱数科,1.0
20260803,ZT,sh603106,恒银科技,1.0
20260803,ZT,sh605287,德才股份,1.0
20260803,ZT,sz000676,智度股份,1.0
20260803,ZT,sh688095,福昕软件,1.0
20260803,ZT,sz002131,利欧股份,1.0
20260803,ZT,bj920130,立方控股,1.0
20260803,ZT,sz301171,易点天下,1.0
20260803,ZT,sh603533,掌阅科技,1.0
20260803,ZT,sh600588,用友网络,1.0
20260803,ZT,sh603598,引力传媒,1.0
20260803,ZT,sz300058,蓝色光标,1.0
20260803,ZT,sz300364,中文在线,1.0
20260803,ZT,sz002659,凯文教育,1.0
20260803,ZT,sh605318,法狮龙  ,1.0
20260803,ZT,sh603721,中广天择,1.0
20260803,ZT,sh603956,威派格  ,1.0
20260803,ZT,sh605069,正和生态,1.0
20260803,ZT,sz002235,安妮股份,1.0
20260803,ZT,sz300418,昆仑万维,1.0
20260803,ZT,sz301231,荣信文化,1.0
20260803,ZT,sh603466,风语筑  ,1.0
20260803,ZT,sz002774,快意电梯,1.0
20260803,ZT,sz002432,九安医疗,1.0
20260803,ZT,sz300508,维宏股份,1.0
20260803,ZT,sz003036,泰坦股份,1.0
20260803,ZT,sz002896,中大力德,1.0
20260803,ZT,sz002931,锋龙股份,1.0
20260803,ZT,sz000048,京基智农,1.0
20260803,ZT,sh603286,日盈电子,1.0
20260803,ZT,sh600580,卧龙电驱,1.0
20260803,ZT,sh605208,永茂泰  ,1.0
20260803,ZT,sh603337,杰克科技,1.0
20260803,ZT,sz002979,雷赛智能,1.0
20260803,ZT,sh603608,天创时尚,1.0
20260803,ZT,sz300789,唐源电气,1.0
20260803,ZT,sh603009,北特科技,1.0
20260803,ZT,sz002115,三维通信,1.0
20260803,ZT,sz000967,盈峰环境,1.0
20260803,ZT,sh605289,罗曼股份,1.0
20260803,ZT,sz301396,宏景科技,1.0
20260803,ZT,sh600449,宁夏建材,1.0
20260803,ZT,sh605168,三人行  ,1.0
20260803,ZT,sh603139,康惠股份,1.0
20260803,ZT,sz000815,美利云,1.0
20260803,ZT,sh603629,利通电子,1.0
20260803,ZT,sh600602,云赛智联,1.0
20260803,ZT,sh600986,浙文互联,1.0
20260803,ZT,sz003005,竞业达,1.0
20260803,ZT,sz002197,证通电子,1.0
20260803,ZT,sh600673,东阳光  ,1.0
20260803,ZT,sz002929,润建股份,1.0
20260803,ZT,sz300720,海川智能,1.0
20260803,ZT,sh603120,肯特催化,1.0
20260803,ZT,sh605178,时空科技,1.0
20260803,ZT,sh603316,诚邦股份,1.0
20260803,ZT,sz002963,豪尔赛,1.0
20260803,ZT,sz000032,深桑达Ａ,1.0
20260803,ZT,sh600667,太极实业,1.0
20260803,ZT,sh603375,盛景微  ,1.0
20260803,ZT,sz003001,中岩大地,1.0
20260803,ZT,sz002552,宝鼎科技,1.0
20260803,ZT,sh605198,安德利  ,1.0
20260803,ZT,sz001223,欧克科技,1.0
20260803,ZT,sz001359,平安电工,1.0
20260803,ZT,sz002957,科瑞技术,1.0
20260803,ZT,sh603738,泰晶科技,1.0
20260803,ZT,sh603031,安孚科技,1.0
20260803,ZT,sz001267,汇绿生态,1.0
20260803,ZT,sh603696,安记食品,1.0
20260803,ZT,sh603336,宏辉果蔬,1.0
20260803,ZT,sh603779,威龙股份,1.0
20260803,ZT,sh600791,京能置业,1.0
20260803,ZT,sh603682,锦和商管,1.0
20260803,ZT,sz000595,新能股份,1.0
20260803,ZT,sz002775,文科股份,1.0
20260803,ZT,sz002015,协鑫能科,1.0
20260803,ZT,sz003018,金富科技,1.0
20260803,ZT,sz001400,江顺科技,1.0
20260803,ZT,sz002851,麦格米特,1.0
20260803,ZT,sz002346,柘中股份,1.0
20260803,ZT,sz000838,*ST发展,1.0
20260803,ZT,sh603398,*ST沐邦 ,1.0
20260803,ZT,sz000428,华天酒店,1.0
20260803,ZT,sz000593,德龙汇能,1.0
20260803,ZT,sh603115,海星股份,1.0
20260803,ZT,sh603067,振华股份,1.0
20260803,ZT,sh603261,立航科技,1.0
20260803,ZT,sh603637,镇海股份,1.0
20260803,ZT,sz000506,招金黄金,1.0
20260804,ZT,sz003032,传智教育,7.0
20260804,ZT,sz000820,神雾节能,4.0
20260804,ZT,sh603106,恒银科技,3.0
20260804,ZT,sz000593,德龙汇能,3.0
20260804,ZT,sz000815,美利云,3.0
20260804,ZT,sz000595,新能股份,3.0
20260804,ZT,sz002963,豪尔赛,3.0
20260804,ZT,sz002354,天娱数科,3.0
20260804,ZT,sh601700,风范股份,2.0
20260804,ZT,sh605167,利柏特  ,2.0
20260804,ZT,sh603222,济民健康,2.0
20260804,ZT,sz002421,达实智能,2.0
20260804,ZT,sz001331,胜通能源,2.0
20260804,ZT,sz300615,欣天科技,2.0
20260804,ZT,sz002792,通宇通讯,2.0
20260804,ZT,sz001229,魅视科技,2.0
20260804,ZT,sz002361,神剑股份,2.0
20260804,ZT,sz000533,顺钠股份,2.0
20260804,ZT,sh601858,中国科传,2.0
20260804,ZT,sz001267,汇绿生态,1.0
20260804,ZT,sh603738,泰晶科技,1.0
20260804,ZT,sz002957,科瑞技术,1.0
20260804,ZT,sz002796,世嘉科技,1.0
20260804,ZT,sz002428,云南锗业,1.0
20260804,ZT,sz002980,华盛昌,1.0
20260804,ZT,sz002975,博杰股份,1.0
20260804,ZT,sz002384,东山精密,1.0
20260804,ZT,sh600105,永鼎股份,1.0
20260804,ZT,sh600330,天通股份,1.0
20260804,ZT,sh603306,华懋科技,1.0
20260804,ZT,sz002674,兴业科技,1.0
20260804,ZT,sz300620,光库科技,1.0
20260804,ZT,sh603203,快克智能,1.0
20260804,ZT,sh603083,剑桥科技,1.0
20260804,ZT,sz002281,光迅科技,1.0
20260804,ZT,sh600353,旭光电子,1.0
20260804,ZT,sz300489,光智科技,1.0
20260804,ZT,sh688808,联讯仪器,1.0
20260804,ZT,sz003031,中瓷电子,1.0
20260804,ZT,sh603629,利通电子,1.0
20260804,ZT,sz002929,润建股份,1.0
20260804,ZT,sz301396,宏景科技,1.0
20260804,ZT,sh600673,东阳光  ,1.0
20260804,ZT,sz002348,高乐股份,1.0
20260804,ZT,sh688316,青云科技-U,1.0
20260804,ZT,sz001388,信通电子,1.0
20260804,ZT,sh600666,奥瑞德  ,1.0
20260804,ZT,sh600410,华胜天成,1.0
20260804,ZT,sh603912,佳力图  ,1.0
20260804,ZT,sz002990,盛视科技,1.0
20260804,ZT,sz300209,行云科技,1.0
20260804,ZT,sz002289,宇顺电子,1.0
20260804,ZT,sz001339,智微智能,1.0
20260804,ZT,sz300052,中青宝,1.0
20260804,ZT,bj920092,汉鑫科技,1.0
20260804,ZT,sh600228,返利科技,1.0
20260804,ZT,sz000892,欢瑞世纪,1.0
20260804,ZT,sz002659,凯文教育,1.0
20260804,ZT,sh605287,德才股份,1.0
20260804,ZT,sh603466,风语筑  ,1.0
20260804,ZT,sz002425,凯撒文化,1.0
20260804,ZT,sz301270,汉仪股份,1.0
20260804,ZT,sh603058,永吉股份,1.0
20260804,ZT,sz002912,中新赛克,1.0
20260804,ZT,sz300592,华凯易佰,1.0
20260804,ZT,sz002291,遥望科技,1.0
20260804,ZT,sz002552,宝鼎科技,1.0
20260804,ZT,sz002579,中京电子,1.0
20260804,ZT,sh600186,莲花控股,1.0
20260804,ZT,sh600183,生益科技,1.0
20260804,ZT,sh601208,东材科技,1.0
20260804,ZT,sh603186,华正新材,1.0
20260804,ZT,sh603459,红板科技,1.0
20260804,ZT,sz002916,深南电路,1.0
20260804,ZT,sz002080,中材科技,1.0
20260804,ZT,sz002913,奥士康,1.0
20260804,ZT,sh603124,江南新材,1.0
20260804,ZT,sh603936,博敏电子,1.0
20260804,ZT,sz002463,沪电股份,1.0
20260804,ZT,sh603800,洪田股份,1.0
20260804,ZT,sz002938,鹏鼎控股,1.0
20260804,ZT,sh605589,圣泉集团,1.0
20260804,ZT,sh605068,明新旭腾,1.0
20260804,ZT,sz000048,京基智农,1.0
20260804,ZT,sz003036,泰坦股份,1.0
20260804,ZT,sz002921,联诚精密,1.0
20260804,ZT,sh603358,华达科技,1.0
20260804,ZT,sz002779,中坚科技,1.0
20260804,ZT,sz001326,联域股份,1.0
20260804,ZT,sh603373,安邦护卫,1.0
20260804,ZT,sh603990,麦迪科技,1.0
20260804,ZT,sz300270,中威电子,1.0
20260804,ZT,sz300720,海川智能,1.0
20260804,ZT,sz002989,中天精装,1.0
20260804,ZT,sh603061,金海通  ,1.0
20260804,ZT,sh603938,三孚股份,1.0
20260804,ZT,sh603661,恒林股份,1.0
20260804,ZT,sh603931,格林达  ,1.0
20260804,ZT,sh600378,昊华科技,1.0
20260804,ZT,sh605303,园林股份,1.0
20260804,ZT,sh688661,和林微纳,1.0
20260804,ZT,sh603163,圣晖集成,1.0
20260804,ZT,sz003018,金富科技,1.0
20260804,ZT,sz000811,冰轮环境,1.0
20260804,ZT,sz002536,飞龙股份,1.0
20260804,ZT,sz001266,宏英智能,1.0
20260804,ZT,sh603757,大元泵业,1.0
20260804,ZT,sh603400,华之杰  ,1.0
20260804,ZT,sh603269,海鸥股份,1.0
20260804,ZT,sh600721,百花医药,1.0
20260804,ZT,sz002821,凯莱英,1.0
20260804,ZT,sz000739,普洛药业,1.0
20260804,ZT,sh603259,药明康德,1.0
20260804,ZT,sz002693,双成药业,1.0
20260804,ZT,sz301047,义翘神州,1.0
20260804,ZT,sz002900,哈三联,1.0
20260804,ZT,sz002793,罗欣药业,1.0
20260804,ZT,sz002173,创新医疗,1.0
20260804,ZT,sz000710,贝瑞基因,1.0
20260804,ZT,sh603567,珍宝岛  ,1.0
20260804,ZT,sh603580,艾艾精工,1.0
20260804,ZT,sh600892,大晟文化,1.0
20260804,ZT,sh603559,中通国脉,1.0
20260804,ZT,sz002199,东晶电子,1.0
20260804,ZT,sh601126,四方股份,1.0
20260804,ZT,sh600379,宝光股份,1.0
20260804,ZT,sz002364,中恒电气,1.0
20260804,ZT,sh603115,海星股份,1.0
20260804,ZT,sz000962,东方钽业,1.0
20260804,ZT,sh603435,嘉德利  ,1.0
20260804,ZT,sz002484,江海股份,1.0
20260804,ZT,sz002655,共达电声,1.0
20260804,ZT,sh603773,沃格光电,1.0
20260804,ZT,sz000609,*ST中迪,1.0
20260804,ZT,sz002501,*ST利源,1.0
20260804,ZT,sh600712,南宁百货,1.0
20260804,ZT,sz000510,新金路,1.0
20260804,ZT,sz002303,美盈森,1.0
20260804,ZT,sh600397,江钨装备,1.0
20260804,ZT,sz301227,森鹰窗业,1.0
20260805,ZT,sz003032,传智教育,8.0
20260805,ZT,sz002963,豪尔赛,4.0
20260805,ZT,sz000593,德龙汇能,4.0
20260805,ZT,sz300615,欣天科技,3.0
20260805,ZT,sh600353,旭光电子,2.0
20260805,ZT,sz002425,凯撒文化,2.0
20260805,ZT,sz002975,博杰股份,2.0
20260805,ZT,sz000510,新金路,2.0
20260805,ZT,sh601208,东材科技,2.0
20260805,ZT,sz000811,冰轮环境,2.0
20260805,ZT,sz003018,金富科技,2.0
20260805,ZT,sz002536,飞龙股份,2.0
20260805,ZT,sz001267,汇绿生态,2.0
20260805,ZT,sz002655,共达电声,2.0
20260805,ZT,sz002990,盛视科技,2.0
20260805,ZT,sz002957,科瑞技术,2.0
20260805,ZT,sh603061,金海通  ,2.0
20260805,ZT,sz002579,中京电子,2.0
20260805,ZT,sz002428,云南锗业,2.0
20260805,ZT,sh603115,海星股份,2.0
20260805,ZT,sz002674,兴业科技,2.0
20260805,ZT,sh600721,百花医药,2.0
20260805,ZT,sz000962,东方钽业,2.0
20260805,ZT,sh603306,华懋科技,2.0
20260805,ZT,sh603773,沃格光电,2.0
20260805,ZT,sz002552,宝鼎科技,2.0
20260805,ZT,sh600892,大晟文化,2.0
20260805,ZT,sh603186,华正新材,2.0
20260805,ZT,sh603629,利通电子,2.0
20260805,ZT,sh603823,百合花  ,1.0
20260805,ZT,sz002346,柘中股份,1.0
20260805,ZT,sh600611,大众交通,1.0
20260805,ZT,sh603078,江化微  ,1.0
20260805,ZT,sh600130,波导股份,1.0
20260805,ZT,sh603928,兴业股份,1.0
20260805,ZT,sh600206,有研新材,1.0
20260805,ZT,sz002971,和远气体,1.0
20260805,ZT,sh688596,正帆科技,1.0
20260805,ZT,sz002213,大为股份,1.0
20260805,ZT,sz002119,康强电子,1.0
20260805,ZT,sh688549,中巨芯-U,1.0
20260805,ZT,sh603068,博通集成,1.0
20260805,ZT,sh605178,时空科技,1.0
20260805,ZT,sz002766,索菱股份,1.0
20260805,ZT,sz002703,浙江世宝,1.0
20260805,ZT,sz002355,兴民智通,1.0
20260805,ZT,sz002036,联创电子,1.0
20260805,ZT,sz000981,山子高科,1.0
20260805,ZT,sh603201,常润股份,1.0
20260805,ZT,sh603297,永新光学,1.0
20260805,ZT,sh603039,泛微网络,1.0
20260805,ZT,sz002649,博彦科技,1.0
20260805,ZT,sz300248,新开普,1.0
20260805,ZT,sz002908,德生科技,1.0
20260805,ZT,sz002181,粤 传 媒,1.0
20260805,ZT,sh600556,天下秀  ,1.0
20260805,ZT,sz000751,锌业股份,1.0
20260805,ZT,sz002182,宝武镁业,1.0
20260805,ZT,sz000603,盛达资源,1.0
20260805,ZT,sz001337,四川黄金,1.0
20260805,ZT,sz002842,翔鹭钨业,1.0
20260805,ZT,sz301026,浩通科技,1.0
20260805,ZT,sh603663,三祥新材,1.0
20260805,ZT,sz300686,智动力,1.0
20260805,ZT,sh601231,环旭电子,1.0
20260805,ZT,sz002491,通鼎互联,1.0
20260805,ZT,sz001210,金房能源,1.0
20260805,ZT,sh688600,皖仪科技,1.0
20260805,ZT,sh603206,嘉环科技,1.0
20260805,ZT,sz000712,锦龙股份,1.0
20260805,ZT,sz001359,平安电工,1.0
20260805,ZT,sz000657,中钨高新,1.0
20260805,ZT,sz002214,大立科技,1.0
20260805,ZT,sh600367,红星发展,1.0
20260805,ZT,sh605376,博迁新材,1.0
20260805,ZT,sh603678,火炬电子,1.0
20260805,ZT,bj920117,龙鑫智能,1.0
20260805,ZT,sh600172,黄河旋风,1.0
20260805,ZT,sh603045,福达合金,1.0
20260805,ZT,sz002396,星网锐捷,1.0
20260805,ZT,sz000938,紫光股份,1.0
20260805,ZT,sz001225,和泰机电,1.0
20260805,ZT,sh603826,坤彩科技,1.0
20260805,ZT,sh603004,鼎龙科技,1.0
20260805,ZT,sz301045,天禄科技,1.0
20260805,ZT,sh603657,春光科技,1.0
20260805,ZT,sz002721,金一文化,1.0
20260805,ZT,sh600629,华建集团,1.0
20260805,ZT,sz002734,利民股份,1.0
20260806,ZT,sh603221,爱丽家居,10.0
20260806,ZT,sz002963,豪尔赛,5.0
20260806,ZT,sz300615,欣天科技,4.0
20260806,ZT,sh601700,风范股份,4.0
20260806,ZT,sh600397,江钨装备,3.0
20260806,ZT,sz002425,凯撒文化,3.0
20260806,ZT,sz002975,博杰股份,3.0
20260806,ZT,sz002428,云南锗业,3.0
20260806,ZT,sh600721,百花医药,3.0
20260806,ZT,sh603773,沃格光电,3.0
20260806,ZT,sz002552,宝鼎科技,3.0
20260806,ZT,sh600892,大晟文化,3.0
20260806,ZT,sh603186,华正新材,3.0
20260806,ZT,sh603629,利通电子,3.0
20260806,ZT,sz002721,金一文化,2.0
20260806,ZT,sh603988,中电电机,2.0
20260806,ZT,sh603823,百合花  ,2.0
20260806,ZT,sz002649,博彦科技,2.0
20260806,ZT,sz002971,和远气体,2.0
20260806,ZT,sz002214,大立科技,2.0
20260806,ZT,sz002355,兴民智通,2.0
20260806,ZT,sh603078,江化微  ,2.0
20260806,ZT,sh600206,有研新材,2.0
20260806,ZT,sh688693,锴威特  ,1.0
20260806,ZT,sh601678,滨化股份,1.0
20260806,ZT,sh603421,鼎信通讯,1.0
20260806,ZT,sh600584,长电科技,1.0
20260806,ZT,sz002376,新北洋,1.0
20260806,ZT,sz300386,飞天诚信,1.0
20260806,ZT,sz002104,恒宝股份,1.0
20260806,ZT,sz003040,楚天龙,1.0
20260806,ZT,sz002212,天融信,1.0
20260806,ZT,sh603123,翠微股份,1.0
20260806,ZT,sh603124,江南新材,1.0
20260806,ZT,sh603228,景旺电子,1.0
20260806,ZT,sh600601,方正科技,1.0
20260806,ZT,sz300903,科翔股份,1.0
20260806,ZT,sh600156,华升股份,1.0
20260806,ZT,sz000889,中嘉博创,1.0
20260806,ZT,sz002792,通宇通讯,1.0
20260806,ZT,sz002194,武汉凡谷,1.0
20260806,ZT,sz300711,广哈通信,1.0
20260806,ZT,sh600262,北方股份,1.0
20260806,ZT,sh603039,泛微网络,1.0
20260806,ZT,sz002973,侨银股份,1.0
20260806,ZT,sz000720,新能泰山,1.0
20260806,ZT,sh605366,宏柏新材,1.0
20260806,ZT,sh603601,再升科技,1.0
20260806,ZT,sz002827,高争民爆,1.0
20260806,ZT,sz002180,奔图科技,1.0
20260806,ZT,sz000692,惠天热电,1.0
20260806,ZT,sz002369,卓翼科技,1.0
20260806,ZT,sh600326,西藏天路,1.0
20260806,ZT,sh603285,键邦股份,1.0
20260806,ZT,sh601101,昊华能源,1.0
20260806,ZT,sz002302,西部建设,1.0
20260806,ZT,sz002686,亿利达,1.0
20260806,ZT,sh600665,天地源  ,1.0
20260806,ZT,sz002826,易明医药,1.0
20260807,ZT,sh603221,爱丽家居,10.0
20260807,ZT,sz002963,豪尔赛,5.0
20260807,ZT,sz300615,欣天科技,4.0
20260807,ZT,sh601700,风范股份,4.0
20260807,ZT,sz002425,凯撒文化,3.0
20260807,ZT,sz002975,博杰股份,3.0
20260807,ZT,sz001267,汇绿生态,3.0
20260807,ZT,sh600397,江钨装备,3.0
20260807,ZT,sz002428,云南锗业,3.0
20260807,ZT,sh600721,百花医药,3.0
20260807,ZT,sh603773,沃格光电,3.0
20260807,ZT,sz002552,宝鼎科技,3.0
20260807,ZT,sh600892,大晟文化,3.0
20260807,ZT,sh688549,中巨芯-U,2.0
20260807,ZT,sz002649,博彦科技,2.0
20260807,ZT,sz002214,大立科技,2.0
20260807,ZT,sh603078,江化微  ,2.0
20260807,ZT,sh600206,有研新材,2.0
20260807,ZT,sh603988,中电电机,2.0
20260807,ZT,sz002721,金一文化,2.0
20260807,ZT,sh603823,百合花  ,2.0
20260807,ZT,sz002971,和远气体,2.0
20260807,ZT,sh688693,锴威特  ,1.0
20260807,ZT,sh601678,滨化股份,1.0
20260807,ZT,sh603421,鼎信通讯,1.0
20260807,ZT,sz002407,多氟多,1.0
20260807,ZT,sz002915,中欣氟材,1.0
20260807,ZT,sh600584,长电科技,1.0
20260807,ZT,sz002376,新北洋,1.0
20260807,ZT,sz300386,飞天诚信,1.0
20260807,ZT,sz002104,恒宝股份,1.0
20260807,ZT,sz003040,楚天龙,1.0
20260807,ZT,sz002212,天融信,1.0
20260807,ZT,sh603123,翠微股份,1.0
20260807,ZT,sh601101,昊华能源,1.0
20260807,ZT,sh600403,大有能源,1.0
20260807,ZT,sh601666,平煤股份,1.0
20260807,ZT,sh600985,淮北矿业,1.0
20260807,ZT,sh600188,兖矿能源,1.0
20260807,ZT,sh600758,辽宁能源,1.0
20260807,ZT,sh601699,潞安环能,1.0
20260807,ZT,sz002826,易明医药,1.0
20260807,ZT,sh600829,人民同泰,1.0
20260807,ZT,sz000908,石药景峰,1.0
20260807,ZT,sh603122,合富中国,1.0
20260807,ZT,sh600272,开开实业,1.0
20260807,ZT,sh603228,景旺电子,1.0
20260807,ZT,sz300903,科翔股份,1.0
20260807,ZT,sh600601,方正科技,1.0
20260807,ZT,sz301251,威尔高,1.0
20260807,ZT,sh603738,泰晶科技,1.0
20260807,ZT,sh600330,天通股份,1.0
20260807,ZT,sh603106,恒银科技,1.0
20260807,ZT,sz002973,侨银股份,1.0
20260807,ZT,sh603039,泛微网络,1.0
20260807,ZT,sz300540,蜀道装备,1.0
20260807,ZT,sz002792,通宇通讯,1.0
20260807,ZT,sz002194,武汉凡谷,1.0
20260807,ZT,sz300711,广哈通信,1.0
20260807,ZT,sz000839,国安股份,1.0
20260807,ZT,sz003029,吉大正元,1.0
20260807,ZT,sz300311,任子行,1.0
20260807,ZT,sh600262,北方股份,1.0
20260807,ZT,sz000720,新能泰山,1.0
20260807,ZT,sh605366,宏柏新材,1.0
20260807,ZT,sz003036,泰坦股份,1.0
20260807,ZT,sh600156,华升股份,1.0
20260807,ZT,sh600127,金健米业,1.0
20260807,ZT,sz002485,ST雪发,1.0
20260807,ZT,sh605336,*ST帅电 ,1.0
20260807,ZT,sz002667,*ST威领,1.0
20260807,ZT,sz002759,ST天际,1.0
20260807,ZT,sz002827,高争民爆,1.0
20260807,ZT,sz002180,奔图科技,1.0
20260807,ZT,sz000692,惠天热电,1.0
20260807,ZT,sz002369,卓翼科技,1.0
20260807,ZT,sh600326,西藏天路,1.0
20260807,ZT,sh603285,键邦股份,1.0
20260807,ZT,sz002302,西部建设,1.0
20260807,ZT,sz002686,亿利达,1.0
20260807,ZT,sz001378,德冠新材,1.0
20260807,ZT,sh600665,天地源  ,1.0
20260807,ZT,sz002052,同洲电子,1.0
20260810,ZT,sz001388,信通电子,1.0
20260810,ZT,sz000802,北京文化,1.0
20260810,ZT,sz002552,宝鼎科技,5.0
20260810,ZT,sz300862,蓝盾光电,1.0
20260810,ZT,sh600490,鹏欣资源,1.0
20260810,ZT,sh600272,开开实业,3.0
20260810,ZT,sh600664,哈药股份,2.0
20260810,ZT,sh600721,百花医药,5.0
20260810,ZT,sz301080,百普赛斯,2.0
20260810,ZT,sz002885,京泉华,1.0
20260810,ZT,sz002437,誉衡药业,2.0
20260810,ZT,sz002900,哈三联,2.0
20260810,ZT,sh600683,京投发展,1.0
20260810,ZT,sz001258,立新能源,1.0
20260810,ZT,sh603758,秦安股份,2.0
20260810,ZT,sz002298,中电鑫龙,1.0
20260810,ZT,sh600641,先导基电,2.0
20260810,ZT,sh603065,宿迁联盛,1.0
20260810,ZT,sz002626,金达威,1.0
20260810,ZT,sz000710,贝瑞基因,1.0
20260810,ZT,sz002112,三变科技,1.0
20260810,ZT,sh603269,海鸥股份,1.0
20260810,ZT,sz002951,金时科技,1.0
20260810,ZT,sh601700,风范股份,1.0
20260810,ZT,sz002370,亚太药业,1.0
20260810,ZT,sz002458,益生股份,1.0
20260810,ZT,sz000537,绿发电力,1.0
20260810,ZT,sz002589,瑞康医药,2.0
20260810,ZT,sh605033,美邦股份,1.0
20260810,ZT,sh605162,新中港,1.0
20260810,ZT,sh603797,联泰环保,1.0
20260810,ZT,sz002300,太阳电缆,1.0
20260810,ZT,sh600833,第一医药,1.0
20260810,ZT,sz002828,贝肯能源,1.0
20260810,ZT,sh600984,建设机械,1.0
20260810,ZT,sh603382,海阳科技,1.0
20260810,ZT,sh600227,赤天化,1.0
20260810,ZT,sh603038,华立股份,1.0
20260810,ZT,sz002474,榕基软件,1.0
20260810,ZT,sh688073,毕得医药,2.0
20260810,ZT,sh603162,海通发展,1.0
20260810,ZT,sh601606,长城军工,1.0
20260810,ZT,sh601886,江河集团,1.0
20260810,ZT,sz002345,潮宏基,1.0
20260810,ZT,sz002696,百洋股份,1.0
20260810,ZT,sz002827,高争民爆,1.0
20260810,ZT,sz002141,贤丰控股,1.0
20260810,ZT,sh605179,一鸣食品,1.0
20260810,ZT,sh603130,云中马,1.0
20260810,ZT,sh603711,香飘飘,1.0
20260810,ZT,sz002399,海普瑞,1.0
20260810,ZT,sz002388,新亚制程,1.0
20260810,ZT,sz002153,石基信息,1.0
20260810,ZT,sh600698,湖南天雁,1.0
20260810,ZT,sh600793,宜宾纸业,1.0
20260810,ZT,sz002044,美年健康,1.0
20260810,ZT,sz002783,凯龙股份,1.0
20260810,ZT,sz002647,仁东控股,1.0
20260810,ZT,sz000428,华天酒店,1.0
20260810,ZT,sz001222,源飞宠物,1.0
20260810,ZT,sz002622,皓宸医疗,1.0
20260810,ZT,sz002748,世龙实业,1.0
20260810,ZT,sz002248,华东数控,1.0
20260810,ZT,sh600326,西藏天路,1.0
20260810,ZT,sh603161,科华控股,1.0
20260810,ZT,sz002289,宇顺电子,1.0
20260810,ZT,sh603151,邦基科技,1.0
20260810,ZT,sh601199,江南水务,1.0
20260810,ZT,sz000859,国风新材,1.0
20260810,ZT,sz002329,皇氏集团,1.0
20260810,ZT,sh603725,天安新材,1.0
20260810,ZT,sh600327,大东方,1.0
20260810,ZT,sh600192,长城电工,1.0
20260810,ZT,sh605128,上海沿浦,1.0
20260810,ZT,sz001376,百通能源,1.0
20260810,ZT,sh603020,爱普股份,1.0
20260810,ZT,sh600722,金牛化工,1.0
20260810,ZT,sz002739,儒意电影,1.0
20260810,ZT,sz001300,三柏硕,1.0
20260810,ZT,sh605286,同力天启,1.0
20260810,ZT,sh603188,亚邦股份,1.0
20260810,ZT,sh601020,华钰矿业,1.0
20260810,ZT,sz301051,信濠光电,1.0
20260810,ZT,sz000656,金科股份,1.0
20260810,ZT,sz002580,圣阳股份,1.0
20260810,ZT,sz000506,招金黄金,2.0
20260810,ZT,sh600815,厦工股份,1.0
20260810,ZT,sz002541,鸿路钢构,1.0
20260810,ZT,sh600936,北投科技,1.0
20260810,ZT,sz002842,翔鹭钨业,1.0
20260810,ZT,sh603580,艾艾精工,1.0
20260810,ZT,sh600186,莲花控股,1.0
20260810,ZT,sh600356,恒丰纸业,1.0
20260810,ZT,sz000026,飞亚达,1.0
20260810,ZT,sh600316,洪都航空,1.0
20260810,ZT,sz000973,佛塑科技,1.0
20260810,ZT,sz003043,华亚智能,1.0
20260810,ZT,sh603221,爱丽家居,1.0
20260810,ZT,sz301357,北方长龙,1.0
20260811,ZT,sz300862,蓝盾光电,2.0
20260811,ZT,sz000802,北京文化,2.0
20260811,ZT,sh603758,秦安股份,3.0
20260811,ZT,sh600721,百花医药,6.0
20260811,ZT,sh600683,京投发展,2.0
20260811,ZT,sz002248,华东数控,2.0
20260811,ZT,sz002329,皇氏集团,2.0
20260811,ZT,sh603188,亚邦股份,2.0
20260811,ZT,sh600272,开开实业,4.0
20260811,ZT,sz002721,金一文化,1.0
20260811,ZT,sz002585,双星新材,1.0
20260811,ZT,sh603797,联泰环保,2.0
20260811,ZT,sh603087,甘李药业,1.0
20260811,ZT,sz002212,天融信,1.0
20260811,ZT,sz002256,兆新股份,1.0
20260811,ZT,sz002047,宝鹰股份,1.0
20260811,ZT,sh600611,大众交通,1.0
20260811,ZT,sh603883,老百姓,1.0
20260811,ZT,sh600162,香江控股,1.0
20260811,ZT,sz002685,华东重机,1.0
20260811,ZT,sh605179,一鸣食品,2.0
20260811,ZT,sz002687,乔治白,1.0
20260811,ZT,sz000859,国风新材,2.0
20260811,ZT,sh600715,文投控股,1.0
20260811,ZT,sh600664,哈药股份,3.0
20260811,ZT,sz002859,洁美科技,1.0
20260811,ZT,sh600126,杭钢股份,1.0
20260811,ZT,sz002229,鸿博股份,1.0
20260811,ZT,sh603106,恒银科技,1.0
20260811,ZT,sz300426,华智数媒,1.0
20260811,ZT,sh600863,华能蒙电,1.0
20260811,ZT,sh600833,第一医药,2.0
20260811,ZT,sh605286,同力天启,2.0
20260811,ZT,sz001258,立新能源,2.0
20260811,ZT,sz000779,甘咨询,1.0
20260811,ZT,sh603887,城地香江,1.0
20260811,ZT,sh603137,恒尚节能,1.0
20260811,ZT,sh600667,太极实业,1.0
20260811,ZT,sh603488,展鹏科技,1.0
20260811,ZT,sz002246,北化股份,1.0
20260811,ZT,sh603012,创力集团,1.0
20260811,ZT,sz002194,武汉凡谷,1.0
20260811,ZT,sz002715,登云股份,1.0
20260811,ZT,sz301520,万邦医药,1.0
20260811,ZT,sh600881,亚泰集团,1.0
20260811,ZT,sh605288,凯迪股份,1.0
20260811,ZT,sh603284,林平发展,1.0
20260811,ZT,sz002031,巨轮智能,1.0
20260811,ZT,sh603009,北特科技,1.0
20260811,ZT,sh603179,新泉股份,1.0
20260811,ZT,sz002235,安妮股份,1.0
20260811,ZT,sz301550,斯菱智驱,1.0
20260811,ZT,sz301529,福赛科技,1.0
20260811,ZT,sh603823,百合花,1.0
20260811,ZT,sz002762,金发拉比,1.0
20260811,ZT,sh603897,长城科技,1.0
20260811,ZT,sh603655,朗博科技,1.0
20260811,ZT,sz002963,豪尔赛,1.0
20260812,ZT,sz300862,蓝盾光电,3.0
20260812,ZT,sz000802,北京文化,3.0
20260812,ZT,sh600602,云赛智联,1.0
20260812,ZT,sz002483,润邦股份,1.0
20260812,ZT,sz002682,龙洲股份,1.0
20260812,ZT,sh603758,秦安股份,4.0
20260812,ZT,sh600683,京投发展,3.0
20260812,ZT,sh605286,同力天启,3.0
20260812,ZT,sh603887,城地香江,2.0
20260812,ZT,sz002229,鸿博股份,2.0
20260812,ZT,sz002248,华东数控,3.0
20260812,ZT,sz002031,巨轮智能,2.0
20260812,ZT,sh601886,江河集团,1.0
20260812,ZT,sz002047,宝鹰股份,2.0
20260812,ZT,sh603102,百合股份,1.0
20260812,ZT,sz000410,沈阳机床,1.0
20260812,ZT,sz000665,湖北广电,1.0
20260812,ZT,sh603538,美诺华,1.0
20260812,ZT,sh600162,香江控股,2.0
20260812,ZT,sh600721,百花医药,7.0
20260812,ZT,sh603191,望变电气,1.0
20260812,ZT,sz000887,中鼎股份,1.0
20260812,ZT,sz002081,金 螳 螂,1.0
20260812,ZT,sz002329,皇氏集团,3.0
20260812,ZT,sh600604,市北高新,1.0
20260812,ZT,sz002520,日发精机,1.0
20260812,ZT,sz002437,誉衡药业,1.0
20260812,ZT,sz000048,京基智农,1.0
20260812,ZT,sh603076,乐惠国际,1.0
20260812,ZT,sz301602,超研股份,1.0
20260812,ZT,sh603232,格尔软件,1.0
20260812,ZT,sz002357,富临运业,1.0
20260812,ZT,sz002146,荣盛发展,1.0
20260812,ZT,sz002421,达实智能,1.0
20260812,ZT,sz000593,德龙汇能,1.0
20260812,ZT,sz002178,延华智能,1.0
20260812,ZT,sz301315,威士顿,1.0
20260812,ZT,sh603277,银都股份,1.0
20260812,ZT,sh603690,至纯科技,1.0
20260812,ZT,sz001260,坤泰股份,1.0
20260812,ZT,sz002870,香山股份,1.0
20260812,ZT,sh603289,泰瑞机器,1.0
20260812,ZT,sh603466,风语筑,1.0
20260812,ZT,sh688167,炬光科技,1.0
20260812,ZT,sh600857,宁波中百,1.0
20260812,ZT,sz002005,德豪润达,1.0
20260812,ZT,sz003032,传智教育,1.0
20260812,ZT,sz002379,宏桥控股,1.0
20260812,ZT,bj920856,浩淼科技,1.0
20260812,ZT,sz000692,惠天热电,1.0
20260812,ZT,sh605179,一鸣食品,3.0
20260812,ZT,sh600397,江钨装备,1.0
20260812,ZT,sz002491,通鼎互联,1.0
20260812,ZT,sh600379,宝光股份,1.0
20260812,ZT,sh603396,金辰股份,1.0
20260812,ZT,sh603330,天洋新材,1.0
20260812,ZT,sh600216,浙江医药,1.0
20260812,ZT,sz002562,兄弟科技,1.0
20260812,ZT,sh600641,先导基电,1.0
20260812,ZT,sh601700,风范股份,1.0
20260812,ZT,sh600105,永鼎股份,1.0
20260812,ZT,sz000936,华西股份,1.0
20260812,ZT,sz002552,宝鼎科技,1.0
20260812,ZT,sz002164,宁波东力,1.0
20260812,ZT,sz002792,通宇通讯,1.0
20260812,ZT,sh605289,罗曼股份,1.0
20260812,ZT,sz002172,澳洋健康,1.0
20260812,ZT,sh603052,可川科技,1.0
20260812,ZT,sz001696,宗申动力,1.0
20260812,ZT,sh600881,亚泰集团,2.0
20260812,ZT,sz002589,瑞康医药,1.0
20260812,ZT,sh603269,海鸥股份,1.0
20260812,ZT,sz001313,粤海饲料,1.0
20260812,ZT,sz000715,中兴商业,1.0
20260812,ZT,sz000720,新能泰山,1.0
20260812,ZT,sh603696,安记食品,1.0
20260812,ZT,sz002582,好想你,1.0
20260812,ZT,sh600266,城建发展,1.0
20260812,ZT,sz000736,中交发展,1.0
20260812,ZT,sh603369,今世缘,1.0
20260812,ZT,sz002244,滨江集团,1.0
20260812,ZT,sh603615,茶花股份,1.0
20260812,ZT,sh601155,新城控股,1.0
20260812,ZT,sz002573,清新环境,1.0
20260812,ZT,sh600234,科新发展,1.0
20260812,ZT,sh603095,越剑智能,1.0
20260812,ZT,sh600376,首开股份,1.0
20260812,ZT,sz300197,节能铁汉,1.0
20260812,ZT,sh688635,长进光子,1.0
20260812,ZT,sh600572,康恩贝,1.0
20260812,ZT,sh603228,景旺电子,1.0
20260812,ZT,sh603897,长城科技,2.0
20260813,ZT,sz000802,北京文化,4.0
20260813,ZT,sz001260,坤泰股份,2.0
20260813,ZT,sz002081,金 螳 螂,2.0
20260813,ZT,sz002172,澳洋健康,2.0
20260813,ZT,sz002322,理工能科,1.0
20260813,ZT,sz002329,皇氏集团,4.0
20260813,ZT,sz002575,群兴玩具,1.0
20260813,ZT,sz300333,兆日科技,2.0
20260813,ZT,sz300862,蓝盾光电,4.0
20260813,ZT,sh605286,同力天启,4.0
20260813,ZT,sh603887,城地香江,3.0
20260813,ZT,sh600683,京投发展,4.0
20260813,ZT,sh603236,移远通信,1.0
20260813,ZT,sh603758,秦安股份,5.0
20260813,ZT,sz000887,中鼎股份,2.0
20260813,ZT,sz000936,华西股份,2.0
20260813,ZT,sz002174,游族网络,1.0
20260813,ZT,sh600800,渤海化学,1.0
20260813,ZT,sh600821,金开新能,1.0
20260813,ZT,sh603118,共进股份,1.0
20260813,ZT,sh603912,佳力图,1.0
20260813,ZT,sh600881,亚泰集团,3.0
20260813,ZT,sz000692,惠天热电,2.0
20260813,ZT,sh600726,华电能源,1.0
20260813,ZT,sh603956,威派格,1.0
20260813,ZT,sz000972,中基健康,1.0
20260813,ZT,sh603466,风语筑,2.0
20260813,ZT,sh605179,一鸣食品,4.0
20260813,ZT,sz002437,誉衡药业,2.0
20260813,ZT,sh601999,出版传媒,1.0
20260813,ZT,sh601579,会稽山,1.0
20260813,ZT,sz300404,博济医药,1.0
20260813,ZT,sh603261,立航科技,1.0
20260813,ZT,sz002219,新里程,1.0
20260813,ZT,sh600613,神奇制药,1.0
20260813,ZT,sh601886,江河集团,2.0
20260813,ZT,sh603330,天洋新材,2.0
20260813,ZT,sz002706,良信股份,1.0
20260813,ZT,sz002066,瑞泰科技,1.0
20260813,ZT,sz002396,星网锐捷,1.0
20260813,ZT,sh688265,南模生物,1.0
20260813,ZT,sz002644,佛慈制药,1.0
20260813,ZT,sz000593,德龙汇能,2.0
20260813,ZT,sh601026,道生天合,1.0
20260813,ZT,sz301520,万邦医药,1.0
20260813,ZT,sz300534,陇神戎发,1.0
20260813,ZT,sz300937,药易购,1.0
20260813,ZT,sh688137,近岸蛋白,1.0
20260813,ZT,sz002921,联诚精密,1.0
20260813,ZT,sh603903,中持股份,1.0
20260813,ZT,sz301060,兰卫医学,1.0
20260813,ZT,sz000695,滨海能源,1.0
20260813,ZT,sh603890,春秋电子,1.0
20260813,ZT,sz002543,万和电气,1.0
20260813,ZT,sh603998,方盛制药,1.0
20260813,ZT,sz000006,深振业Ａ,1.0
20260813,ZT,sh603191,望变电气,2.0
20260813,ZT,sh601991,大唐发电,1.0
20260813,ZT,sz002724,海洋王,1.0
20260814,ZT,sz000936,华西股份,3.0
20260814,ZT,sz001260,坤泰股份,3.0
20260814,ZT,sz002172,澳洋健康,3.0
20260814,ZT,sz002907,华森制药,1.0
20260814,ZT,sz300684,中石科技,1.0
20260814,ZT,sh600613,神奇制药,2.0
20260814,ZT,sz002724,海洋王,2.0
20260814,ZT,sh600645,中源协和,1.0
20260814,ZT,sh603025,大豪科技,1.0
20260814,ZT,sh603330,天洋新材,3.0
20260814,ZT,sz002418,康盛股份,1.0
20260814,ZT,sz002322,理工能科,2.0
20260814,ZT,sh603118,共进股份,2.0
20260814,ZT,sz002951,金时科技,1.0
20260814,ZT,sh603725,天安新材,1.0
20260814,ZT,sz300404,博济医药,2.0
20260814,ZT,sh603989,艾华集团,1.0
20260814,ZT,sh603095,越剑智能,1.0
20260814,ZT,sh600198,大唐电信,1.0
20260814,ZT,sh603186,华正新材,1.0
20260814,ZT,sz002774,快意电梯,1.0
20260814,ZT,sh600288,大恒科技,1.0
20260814,ZT,sh600272,开开实业,1.0
20260814,ZT,sh603382,海阳科技,1.0
20260814,ZT,sz002651,利君股份,1.0
20260814,ZT,sz000950,重药控股,1.0
20260814,ZT,sh601609,金田股份,1.0
20260814,ZT,sz000831,中国稀土,1.0
20260814,ZT,sz301130,西点药业,1.0
20260814,ZT,sh600186,莲花控股,1.0
20260814,ZT,sz300862,蓝盾光电,5.0
20260814,ZT,sh603089,正裕工业,1.0
20260814,ZT,sh688662,富信科技,1.0
20260814,ZT,sz002081,金 螳 螂,3.0
20260814,ZT,sz002811,郑中设计,1.0
20260814,ZT,sz002658,雪迪龙,1.0
20260814,ZT,sz301419,阿莱德,1.0
20260814,ZT,sh603618,杭电股份,1.0
20260814,ZT,sh603083,剑桥科技,1.0
20260814,ZT,sh603079,圣达生物,1.0
20260814,ZT,sh688485,九州一轨,1.0
20260814,ZT,sh603177,德创环保,1.0
20260814,ZT,sz002820,桂发祥,1.0
20260814,ZT,sz300929,华骐环保,1.0
20260814,ZT,sz002766,索菱股份,1.0
20260814,ZT,sz000620,盈新发展,1.0
20260814,ZT,sh600353,旭光电子,1.0
20260814,ZT,sh603881,数据港,1.0
20260814,ZT,sh600769,祥龙电业,1.0
20260814,ZT,sh688286,敏芯股份,1.0
20260814,ZT,bj920083,金戈新材,1.0
20260814,ZT,sz002989,中天精装,1.0
20260814,ZT,sz002645,华宏科技,1.0
20260814,ZT,sh600487,亨通光电,1.0
20260814,ZT,sz300017,网宿科技,1.0
20260814,ZT,sh603629,利通电子,1.0
20260814,ZT,sh600815,厦工股份,1.0
20260814,ZT,sz002628,成都路桥,1.0
20260814,ZT,sz003031,中瓷电子,1.0
20260814,ZT,sh603115,海星股份,1.0
20260814,ZT,sz002988,豪美新材,1.0
20260814,ZT,sh600829,人民同泰,1.0
20260814,ZT,sz300120,经纬辉开,1.0
20260817,ZT,sz002820,桂发祥,2.0
20260817,ZT,sz300684,中石科技,2.0
20260817,ZT,sh603186,华正新材,2.0
20260817,ZT,sh603330,天洋新材,4.0
20260817,ZT,sh600127,金健米业,1.0
20260817,ZT,sh603079,圣达生物,2.0
20260817,ZT,sz002863,今飞凯达,1.0
20260817,ZT,sh603118,共进股份,3.0
20260817,ZT,sh600613,神奇制药,3.0
20260817,ZT,sh603089,正裕工业,2.0
20260817,ZT,sz002081,金 螳 螂,4.0
20260817,ZT,sh600353,旭光电子,2.0
20260817,ZT,sz000029,深深房Ａ,1.0
20260817,ZT,sh603102,百合股份,1.0
20260817,ZT,sh603958,哈森股份,1.0
20260817,ZT,sz002907,华森制药,2.0
20260817,ZT,sh603929,亚翔集成,1.0
20260817,ZT,sz002651,利君股份,2.0
20260817,ZT,sh603790,雅运股份,1.0
20260817,ZT,sh603773,沃格光电,1.0
20260817,ZT,sh603095,越剑智能,2.0
20260817,ZT,sh600172,黄河旋风,1.0
20260817,ZT,sh600545,卓郎智能,1.0
20260817,ZT,sh603657,春光科技,1.0
20260817,ZT,sh603823,百合花,1.0
20260817,ZT,sz301127,武汉天源,1.0
20260817,ZT,sz001318,阳光乳业,1.0
20260817,ZT,sh600313,农发种业,1.0
20260817,ZT,sz000505,京粮控股,1.0
20260817,ZT,sz002229,鸿博股份,1.0
20260817,ZT,sh603011,合锻智能,1.0
20260817,ZT,sz300314,戴维医疗,1.0
20260817,ZT,sz002682,龙洲股份,1.0
20260817,ZT,sh600222,太龙药业,1.0
20260817,ZT,sh603936,博敏电子,1.0
20260817,ZT,sh600206,有研新材,1.0
20260817,ZT,sh603002,宏昌电子,1.0
20260817,ZT,sz002838,道恩股份,1.0
20260817,ZT,sz300313,天山生物,1.0
20260817,ZT,sz002172,澳洋健康,4.0
20260817,ZT,sz002469,三维化学,1.0
20260817,ZT,sz002742,冀衡医药,1.0
20260817,ZT,sh603580,艾艾精工,1.0
20260817,ZT,sh603389,亚振家居,1.0
20260817,ZT,sh603395,红四方,1.0
20260817,ZT,sz002165,红 宝 丽,1.0
20260817,ZT,sz000735,罗 牛 山,1.0
20260817,ZT,sz002437,誉衡药业,1.0
20260817,ZT,sh603916,苏博特,1.0
20260817,ZT,sh601700,风范股份,1.0
20260817,ZT,sz002448,中原内配,1.0
20260817,ZT,sh601366,利群股份,1.0
20260817,ZT,sz002476,新叶股份,1.0
20260817,ZT,sz002028,思源电气,1.0
20260817,ZT,sh603721,中广天择,1.0
20260817,ZT,sh600824,益民集团,1.0
20260817,ZT,sz000779,甘咨询,1.0
20260817,ZT,sh603285,键邦股份,1.0
20260817,ZT,sz001229,魅视科技,1.0
20260817,ZT,sz000520,凤凰航运,1.0
20260817,ZT,sh603082,北自科技,1.0
20260817,ZT,sz001356,富岭股份,1.0
20260817,ZT,sz002668,TCL智家,1.0
20260817,ZT,sh603880,南卫股份,1.0
20260817,ZT,sh605179,一鸣食品,1.0
20260817,ZT,sz000564,供销大集,1.0
20260817,ZT,sz300570,太辰光,1.0
20260817,ZT,sh600330,天通股份,1.0
20260817,ZT,sz301626,苏州天脉,1.0
20260817,ZT,sz000670,盈方微,1.0
20260817,ZT,sh605060,联德股份,1.0
20260817,ZT,sz002353,杰瑞股份,1.0
20260817,ZT,sz002156,通富微电,1.0
20260817,ZT,sz000026,飞亚达,1.0
20260817,ZT,sz001358,兴欣新材,1.0
20260817,ZT,sz000737,北方铜业,1.0
20260817,ZT,sz300345,华民股份,1.0
20260817,ZT,sh603458,勘设股份,1.0
20260817,ZT,sh603703,盛洋科技,1.0
20260817,ZT,sh688503,聚和材料,1.0
20260817,ZT,sh688003,天准科技,1.0
20260817,ZT,sz002258,利尔化学,1.0
20260817,ZT,sz301516,中远通,1.0
20260817,ZT,sz000551,创元科技,1.0
20260817,ZT,sh603286,日盈电子,1.0
20260817,ZT,sh600459,贵研铂业,1.0
20260817,ZT,sh688677,海泰新光,1.0
20260817,ZT,sz003031,中瓷电子,2.0
20260817,ZT,sz000811,冰轮环境,1.0
20260817,ZT,sz002436,兴森科技,1.0
20260817,ZT,sh605180,华生科技,1.0
20260817,ZT,sh603067,振华股份,1.0
20260817,ZT,sz301282,金禄电子,1.0
20260817,ZT,sh600860,京城股份,1.0
20260817,ZT,sh603110,东方材料,1.0
20260817,ZT,sz002289,宇顺电子,1.0
20260817,ZT,sz002478,常宝股份,1.0
20260817,ZT,sz300679,电连技术,1.0
20260817,ZT,sz001207,联科科技,1.0
20260817,ZT,sh600281,华阳新材,1.0
20260817,ZT,sz002787,华源控股,1.0
20260817,ZT,sz002578,闽发铝业,1.0
20260817,ZT,sh688378,奥来德,1.0
20260817,ZT,sh605162,新中港,1.0
20260817,ZT,sh603530,神马电力,1.0
20260817,ZT,sh603010,万盛股份,1.0
20260818,ZT,sz000153,丰原药业,1.0
20260818,ZT,sz000526,学大教育,1.0
20260818,ZT,sz000620,盈新发展,1.0
20260818,ZT,sz002820,桂发祥,3.0
20260818,ZT,sz002953,日丰股份,1.0
20260818,ZT,sh603089,正裕工业,3.0
20260818,ZT,sh603958,哈森股份,2.0
20260818,ZT,sh600613,神奇制药,4.0
20260818,ZT,sz002515,金字火腿,1.0
20260818,ZT,sz002284,亚太股份,1.0
20260818,ZT,sh603395,红四方,2.0
20260818,ZT,sh600127,金健米业,2.0
20260818,ZT,sh603936,博敏电子,2.0
20260818,ZT,sz001229,魅视科技,2.0
20260818,ZT,sz300313,天山生物,2.0
20260818,ZT,sz002743,富煌钢构,1.0
20260818,ZT,sh600371,万向德农,1.0
20260818,ZT,sz002365,永安药业,1.0
20260818,ZT,sh603708,家家悦,1.0
20260818,ZT,sh600367,红星发展,1.0
20260818,ZT,sh600353,旭光电子,3.0
20260818,ZT,sz300684,中石科技,3.0
20260818,ZT,sz301106,骏成科技,1.0
20260818,ZT,sh603071,物产环能,1.0
20260818,ZT,sh603580,艾艾精工,2.0
20260818,ZT,sz002124,天邦食品,1.0
20260818,ZT,sh603823,百合花,2.0
20260818,ZT,sh600108,亚盛集团,1.0
20260818,ZT,sh600707,彩虹股份,1.0
20260818,ZT,sh600227,赤天化,1.0
20260818,ZT,sh600313,农发种业,2.0
20260818,ZT,sh603065,宿迁联盛,1.0
20260818,ZT,sh603406,天富龙,1.0
20260818,ZT,sz002638,勤上股份,1.0
20260818,ZT,sh688112,鼎阳科技,1.0
20260818,ZT,sz301129,瑞纳智能,1.0
20260818,ZT,sh603221,爱丽家居,2.0
20260818,ZT,sz000735,罗 牛 山,2.0
20260818,ZT,sh605577,龙版传媒,1.0
20260818,ZT,sz000852,石化机械,1.0
20260818,ZT,sh601116,三江购物,1.0
20260818,ZT,sz300970,华绿生物,1.0
20260818,ZT,sh603739,蔚蓝生物,1.0
20260818,ZT,sz002041,登海种业,1.0
20260818,ZT,sz001366,播恩集团,1.0
20260818,ZT,sh600722,金牛化工,1.0
20260818,ZT,sz000019,深粮控股,1.0
20260818,ZT,sh603400,华之杰,1.0
20260818,ZT,sz000716,黑芝麻,1.0
20260818,ZT,sz000020,深华发Ａ,1.0
20260818,ZT,sz000505,京粮控股,2.0
20260818,ZT,bj920087,秋乐种业,1.0
20260818,ZT,sz300189,神农种业,1.0
20260818,ZT,sh600598,北大荒,1.0
20260818,ZT,sh605268,王力安防,1.0
20260818,ZT,sz000678,襄阳轴承,1.0
20260818,ZT,sh603280,南方路机,1.0
20260818,ZT,sz002553,南方精工,1.0
20260818,ZT,sz000597,东北制药,1.0
20260818,ZT,sz000007,全新好,1.0
20260818,ZT,sh600737,中粮糖业,1.0
20260818,ZT,sh603112,华翔股份,1.0
20260818,ZT,sh600113,浙江东日,1.0
20260818,ZT,sh605333,沪光股份,1.0
20260818,ZT,sz003043,华亚智能,1.0
20260818,ZT,sz300598,诚迈科技,1.0
20260818,ZT,sh600536,中国软件,1.0
20260818,ZT,sh600354,敦煌种业,1.0
20260818,ZT,sh688152,麒麟信安,1.0
20260818,ZT,sh600359,新农开发,1.0
20260818,ZT,sh601702,华峰铝业,1.0
20260818,ZT,sz002025,航天电器,1.0
20260818,ZT,sz002819,东方中科,1.0
20260818,ZT,sz000998,隆平高科,1.0
20260818,ZT,sh601952,苏垦农发,1.0
20260818,ZT,sh600272,开开实业,1.0
20260818,ZT,sz002385,大北农,1.0
20260818,ZT,sz000713,国投丰乐,1.0
20260818,ZT,sh605179,一鸣食品,2.0
20260819,ZT,sz002333,罗普斯金,1.0
20260819,ZT,sz002953,日丰股份,2.0
20260819,ZT,sh600127,金健米业,3.0
20260819,ZT,sh600783,鲁信创投,1.0
20260819,ZT,sh603395,红四方,3.0
20260819,ZT,sz000020,深华发Ａ,2.0
20260819,ZT,sh601011,宝泰隆,1.0
20260819,ZT,sh603506,南都物业,1.0
20260819,ZT,sh600371,万向德农,2.0
20260819,ZT,sz001301,尚太科技,1.0
20260819,ZT,sz002900,哈三联,1.0
20260819,ZT,sz000505,京粮控股,3.0
20260819,ZT,sh603102,百合股份,1.0
20260819,ZT,sh603801,志邦家居,1.0
20260819,ZT,sz000526,学大教育,2.0
20260819,ZT,sz000560,我爱我家,1.0
20260819,ZT,sz002412,汉森制药,1.0
20260819,ZT,sz000736,中交发展,1.0
20260819,ZT,sz301211,亨迪药业,1.0
20260819,ZT,sz000723,美锦能源,1.0
20260819,ZT,sz301130,西点药业,1.0
20260819,ZT,sh603848,好太太,1.0
20260819,ZT,sz001277,速达股份,1.0
20260819,ZT,sz001338,永顺泰,1.0
20260819,ZT,sh600403,大有能源,1.0
20260819,ZT,sh603290,斯达半导,1.0
20260819,ZT,sz001400,江顺科技,1.0
20260819,ZT,sz300069,金利华电,1.0
20260819,ZT,sh601015,陕西黑猫,1.0
20260819,ZT,sh600610,中毅达,1.0
20260819,ZT,sh603366,日出东方,1.0
20260819,ZT,sz002040,南 京 港,1.0
20260819,ZT,sz000059,华锦股份,1.0
20260819,ZT,sz300911,亿田智能,1.0
20260819,ZT,sz002543,万和电气,1.0
20260819,ZT,sh603113,金能科技,1.0
20260820,ZT,sz000931,中 关 村,1.0
20260820,ZT,sz002038,双鹭药业,1.0
20260820,ZT,sz002412,汉森制药,2.0
20260820,ZT,sz300006,莱美药业,1.0
20260820,ZT,sz300142,沃森生物,1.0
20260820,ZT,sh688185,康希诺,1.0
20260820,ZT,sh688276,百克生物,1.0
20260820,ZT,sh688356,键凯科技,1.0
20260820,ZT,sh688658,悦康药业,1.0
20260820,ZT,sh688137,近岸蛋白,1.0
20260820,ZT,sz001277,速达股份,2.0
20260820,ZT,sz002399,海普瑞,1.0
20260820,ZT,sz300122,智飞生物,1.0
20260820,ZT,sh603590,康辰药业,1.0
20260820,ZT,sz002940,昂利康,1.0
20260820,ZT,sh600613,神奇制药,1.0
20260820,ZT,sz002365,永安药业,1.0
20260820,ZT,sz000590,古汉医药,1.0
20260820,ZT,bj920344,三元基因,1.0
20260820,ZT,sh688105,诺唯赞,1.0
20260820,ZT,sh600127,金健米业,4.0
20260820,ZT,sz000710,贝瑞基因,1.0
20260820,ZT,sh603801,志邦家居,2.0
20260820,ZT,sh603988,中电电机,1.0
20260820,ZT,sh601700,风范股份,1.0
20260820,ZT,sz002030,达安基因,1.0
20260820,ZT,sh688114,华大智造,1.0
20260820,ZT,sz001210,金房能源,1.0
20260820,ZT,sz300841,康华生物,1.0
20260820,ZT,sh688426,康为世纪,1.0
20260820,ZT,sh603036,如通股份,1.0
20260820,ZT,sz002880,卫光生物,1.0
20260820,ZT,sh603392,万泰生物,1.0
20260820,ZT,sz002743,富煌钢构,1.0
20260820,ZT,sz000017,深中华A,1.0
20260820,ZT,sz000520,凤凰航运,1.0
20260820,ZT,sh601877,正泰电器,1.0
20260820,ZT,sh603285,键邦股份,1.0
20260820,ZT,sz301166,优宁维,1.0
20260820,ZT,sh603376,大明电子,1.0
20260820,ZT,sz002579,中京电子,1.0
20260820,ZT,sh603519,立霸股份,1.0
20260820,ZT,sh603882,金域医学,1.0
20260820,ZT,sz300109,新开源,1.0
20260820,ZT,sh603958,哈森股份,1.0
20260820,ZT,sh600250,南京商旅,1.0
20260820,ZT,sh603016,新宏泰,1.0
20260820,ZT,sz300363,博腾股份,1.0
20260820,ZT,sh603177,德创环保,1.0
20260820,ZT,sz002437,誉衡药业,1.0
20260820,ZT,sh603637,镇海股份,1.0
20260820,ZT,sh603716,塞力医疗,1.0
20260820,ZT,sz000007,全新好,1.0
20260820,ZT,sz002552,宝鼎科技,1.0
20260820,ZT,sz300765,石药创新,1.0
20260820,ZT,sh605116,奥锐特,1.0
20260820,ZT,sh600539,狮头股份,1.0
20260820,ZT,sz002491,通鼎互联,1.0
20260820,ZT,sz300601,康泰生物,1.0
20260820,ZT,sz001360,南矿集团,1.0
20260820,ZT,sh601118,海南橡胶,1.0
20260820,ZT,sh603578,三星新材,1.0
20260820,ZT,sz002811,郑中设计,1.0
20260820,ZT,sh603580,艾艾精工,1.0
20260820,ZT,sh605080,浙江自然,1.0
20260820,ZT,sh688433,华曙高科,1.0
20260820,ZT,sz300710,万隆光电,1.0
20260820,ZT,sh603626,科森科技,1.0
20260820,ZT,sz002313,日海智能,1.0
20260820,ZT,sh600327,大东方,1.0
20260820,ZT,sh600211,西藏药业,1.0
20260820,ZT,sz002903,宇环数控,1.0
20260820,ZT,sz300009,安科生物,1.0
20260820,ZT,sh600683,京投发展,1.0
20260820,ZT,sz002172,澳洋健康,1.0
20260820,ZT,sz001333,光华股份,1.0
20260820,ZT,sz003010,若羽臣,1.0
20260820,ZT,sz000523,红棉股份,1.0
20260820,ZT,sh603666,亿嘉和,1.0
20260821,ZT,sz000017,深中华A,2.0
20260821,ZT,sz002038,双鹭药业,2.0
20260821,ZT,sz002209,达 意 隆,1.0
20260821,ZT,sz002412,汉森制药,3.0
20260821,ZT,sh600785,新华百货,1.0
20260821,ZT,sh688356,键凯科技,2.0
20260821,ZT,sz000931,中 关 村,2.0
20260821,ZT,sh601177,杭齿前进,1.0
20260821,ZT,sz000710,贝瑞基因,2.0
20260821,ZT,sz003040,楚天龙,1.0
20260821,ZT,sh603958,哈森股份,2.0
20260821,ZT,sh603333,福华尚纬,1.0
20260821,ZT,sz002686,亿利达,1.0
20260821,ZT,sz002971,和远气体,1.0
20260821,ZT,sh603626,科森科技,2.0
20260821,ZT,sh603095,越剑智能,1.0
20260821,ZT,sh600460,士兰微,1.0
20260821,ZT,sh603079,圣达生物,1.0
20260821,ZT,sh603318,水发燃气,1.0
20260821,ZT,sh603052,可川科技,1.0
20260821,ZT,sh601212,白银有色,1.0
20260821,ZT,sz002536,飞龙股份,1.0
20260821,ZT,sh603803,瑞斯康达,1.0
20260821,ZT,sz002396,星网锐捷,1.0
20260821,ZT,sz003018,金富科技,1.0
20260821,ZT,sz002017,东信和平,1.0
20260821,ZT,sh600397,江钨装备,1.0
20260821,ZT,sh603065,宿迁联盛,1.0
20260821,ZT,sh603045,福达合金,1.0
20260821,ZT,sz300839,博汇股份,1.0
20260821,ZT,sh600353,旭光电子,1.0
20260821,ZT,sz002655,共达电声,1.0
20260821,ZT,sz002988,豪美新材,1.0
20260821,ZT,sh603330,天洋新材,1.0
20260821,ZT,sz002192,融捷股份,1.0
20260821,ZT,sz300214,日科化学,1.0
20260821,ZT,sh688137,近岸蛋白,2.0
20260821,ZT,sh600577,精达股份,1.0
20260821,ZT,sz002716,湖南白银,1.0
20260821,ZT,sz000628,高新发展,1.0
20260821,ZT,sz002903,宇环数控,2.0
20260821,ZT,sz002449,国星光电,1.0
20260821,ZT,sh688328,深科达,1.0
20260821,ZT,sz003031,中瓷电子,1.0
20260821,ZT,sh600110,诺德股份,1.0
20260821,ZT,sh603758,秦安股份,1.0
20260821,ZT,sz000603,盛达资源,1.0
20260821,ZT,sz002638,勤上股份,1.0
20260821,ZT,sz002045,国光电器,1.0
20260821,ZT,sz002491,通鼎互联,2.0
20260821,ZT,sz300016,北陆药业,1.0
20260821,ZT,sz002886,沃特股份,1.0
20260821,ZT,sz002631,德尔未来,1.0
20260821,ZT,sz301591,肯特股份,1.0
20260824,ZT,sz000017,深中华A,3.0
20260824,ZT,sz000065,北方国际,1.0
20260824,ZT,sz000925,众合科技,1.0
20260824,ZT,sz000931,中 关 村,3.0
20260824,ZT,sz002015,协鑫能科,1.0
20260824,ZT,sz002084,海鸥住工,1.0
20260824,ZT,sz002445,中南文化,1.0
20260824,ZT,sz002906,华阳集团,1.0
20260824,ZT,sh600785,新华百货,2.0
20260824,ZT,sh600604,市北高新,1.0
20260824,ZT,sz002412,汉森制药,4.0
20260824,ZT,sh601212,白银有色,2.0
20260824,ZT,sz002017,东信和平,2.0
20260824,ZT,sh603958,哈森股份,3.0
20260824,ZT,sz003040,楚天龙,2.0
20260824,ZT,sz001268,联合精密,1.0
20260824,ZT,sh605286,同力天启,1.0
20260824,ZT,sz000620,盈新发展,1.0
20260824,ZT,sh603200,上海洗霸,1.0
20260824,ZT,sz002277,友阿股份,1.0
20260824,ZT,sh600594,益佰制药,1.0
20260824,ZT,sz301152,天力锂能,1.0
20260824,ZT,sh603089,正裕工业,1.0
20260824,ZT,sh600613,神奇制药,1.0
20260824,ZT,sh603032,德新科技,1.0
20260824,ZT,sz002580,圣阳股份,1.0
20260824,ZT,sz002882,金龙羽,1.0
20260824,ZT,sz000723,美锦能源,1.0
20260824,ZT,sz002041,登海种业,1.0
20260824,ZT,sh605198,安德利,1.0
20260824,ZT,sz003035,南网能源,1.0
20260824,ZT,sh603105,芯能科技,1.0
20260824,ZT,sh600508,上海能源,1.0
20260824,ZT,sh601700,风范股份,1.0
20260824,ZT,sz002651,利君股份,1.0
20260824,ZT,sh603330,天洋新材,2.0
20260824,ZT,sz002172,澳洋健康,1.0
20260824,ZT,sh603565,中谷物流,1.0
20260824,ZT,sz002716,湖南白银,2.0
20260824,ZT,sh600367,红星发展,1.0
20260824,ZT,sz300313,天山生物,1.0
20260824,ZT,sh601083,锦江航运,1.0
20260824,ZT,sh600610,中毅达,1.0
20260824,ZT,sh600272,开开实业,1.0
20260824,ZT,sz002052,同洲电子,1.0
20260824,ZT,sh600403,大有能源,1.0
20260311,DT,sh603061,金海通,
20260311,DT,sh600302,标准股份,
20260312,DT,sh603960,克来机电,
20260312,DT,sh605268,王力安防,
20260313,DT,sz002254,泰和新材,
20260313,DT,sh603681,永冠新材,
20260313,DT,sh600397,江钨装备,
20260313,DT,sz001896,豫能控股,
20260313,DT,sh600108,亚盛集团,
20260313,DT,sz002298,中电鑫龙,
20260313,DT,sz000657,中钨高新,
20260313,DT,sz002378,章源钨业,
20260313,DT,sz002667,威领股份,
20260313,DT,sz000533,顺钠股份,
20260313,DT,sz000815,美利云,
20260313,DT,sh600410,华胜天成,
20260313,DT,sz002281,光迅科技,
20260316,DT,sz002545,东方铁塔,
20260316,DT,sz002334,英威腾,
20260316,DT,sz001896,豫能控股,
20260316,DT,sz002931,锋龙股份,
20260316,DT,sh601669,中国电建,
20260317,DT,sz002545,东方铁塔,
20260317,DT,sz002334,英威腾,
20260317,DT,sz001896,豫能控股,
20260317,DT,sz002931,锋龙股份,
20260317,DT,sh601669,中国电建,
20260318,DT,sz002637,赞宇科技,
20260318,DT,sz002856,美芝股份,
20260319,DT,sz002667,威领股份,
20260319,DT,sz000510,新金路,
20260319,DT,sz002379,宏桥控股,
20260319,DT,sh603067,振华股份,
20260319,DT,sz002734,利民股份,
20260320,DT,sh603527,众源新材,
20260320,DT,sz002208,合肥城建,
20260320,DT,sh603353,和顺石油,
20260320,DT,sz002165,红 宝 丽,
20260320,DT,sh603949,雪龙集团,
20260320,DT,sz002109,兴化股份,
20260320,DT,sz002470,金正大,
20260320,DT,sh600370,三房巷,
20260320,DT,sh603322,超讯通信,
20260320,DT,sz002565,顺灏股份,
20260320,DT,sh600691,潞化科技,
20260320,DT,sh603629,利通电子,
20260320,DT,sh600722,金牛化工,
20260323,DT,sh600671,天目药业,
20260323,DT,sz002963,豪尔赛,
20260323,DT,sz002760,凤形股份,
20260323,DT,sz002552,宝鼎科技,
20260323,DT,sh600791,京能置业,
20260323,DT,sh605577,龙版传媒,
20260323,DT,sh605258,协和电子,
20260323,DT,sz002918,蒙娜丽莎,
20260323,DT,sz000978,桂林旅游,
20260323,DT,sh605058,澳弘电子,
20260323,DT,sh603306,华懋科技,
20260323,DT,sh600851,海欣股份,
20260323,DT,sz002042,华孚时尚,
20260323,DT,sh603291,联合水务,
20260323,DT,sh605118,力鼎光电,
20260323,DT,sh603057,紫燕食品,
20260323,DT,sz002571,德力股份,
20260323,DT,sh603012,创力集团,
20260323,DT,sh601999,出版传媒,
20260323,DT,sh600201,生物股份,
20260323,DT,sz002290,禾盛新材,
20260323,DT,sh603790,雅运股份,
20260323,DT,sz001266,宏英智能,
20260323,DT,sh600370,三房巷,
20260323,DT,sh603332,苏州龙杰,
20260323,DT,sh603311,金海高科,
20260323,DT,sh603289,泰瑞机器,
20260323,DT,sh600222,太龙药业,
20260323,DT,sh603829,洛凯股份,
20260323,DT,sz002627,三峡旅游,
20260323,DT,sz002772,众兴菌业,
20260323,DT,sz002899,英派斯,
20260323,DT,sz001373,翔腾新材,
20260323,DT,sz001216,华瓷股份,
20260323,DT,sz002316,亚联发展,
20260323,DT,sh603499,翔港科技,
20260323,DT,sh603219,富佳股份,
20260323,DT,sz002726,龙大美食,
20260323,DT,sh600331,宏达股份,
20260323,DT,sh603668,天马科技,
20260323,DT,sz000603,盛达资源,
20260323,DT,sz000601,韶能股份,
20260323,DT,sh600302,标准股份,
20260323,DT,sz000534,万泽股份,
20260323,DT,sz000509,华塑控股,
20260323,DT,sz001326,联域股份,
20260323,DT,sh600490,鹏欣资源,
20260323,DT,sh603008,喜临门,
20260323,DT,sh600769,祥龙电业,
20260323,DT,sh603150,万朗磁塑,
20260323,DT,sz000524,岭南控股,
20260323,DT,sh605287,德才股份,
20260323,DT,sh603381,永臻股份,
20260323,DT,sz002208,合肥城建,
20260323,DT,sz000020,深华发Ａ,
20260323,DT,sh603949,雪龙集团,
20260323,DT,sz000677,恒天海龙,
20260323,DT,sz002796,世嘉科技,
20260323,DT,sh603175,超颖电子,
20260323,DT,sz002636,金安国纪,
20260323,DT,sz002800,天顺股份,
20260323,DT,sz002194,武汉凡谷,
20260323,DT,sz001267,汇绿生态,
20260323,DT,sz000823,超声电子,
20260323,DT,sz001337,四川黄金,
20260323,DT,sh603358,华达科技,
20260323,DT,sh605289,罗曼股份,
20260323,DT,sz002932,明德生物,
20260323,DT,sz002995,天地在线,
20260323,DT,sh600988,赤峰黄金,
20260323,DT,sh600703,三安光电,
20260324,DT,sh603358,华达科技,
20260325,DT,sh603358,华达科技,
20260326,DT,sh601330,绿色动力,
20260326,DT,sz000890,法尔胜,
20260326,DT,sz002961,瑞达期货,
20260326,DT,sh603817,海峡环保,
20260326,DT,sz002796,世嘉科技,
20260326,DT,sz002859,洁美科技,
20260326,DT,sz000533,顺钠股份,
20260326,DT,sh603778,国晟科技,
20260327,DT,sz002782,可立克,
20260327,DT,sh600758,辽宁能源,
20260330,DT,sz000720,新能泰山,
20260330,DT,sz000862,银星能源,
20260330,DT,sz000966,长源电力,
20260330,DT,sh600982,宁波能源,
20260330,DT,sz000639,西王食品,
20260330,DT,sz001896,豫能控股,
20260330,DT,sh600758,辽宁能源,
20260330,DT,sz000767,晋控电力,
20260330,DT,sh600396,华电辽能,
20260330,DT,sh600726,华电能源,
20260331,DT,sh600982,宁波能源,
20260401,DT,sz000720,新能泰山,
20260401,DT,sz000692,惠天热电,
20260401,DT,sh600844,金煤科技,
20260401,DT,sh600396,华电辽能,
20260401,DT,sz000048,京基智农,
20260401,DT,sh600310,广西能源,
20260402,DT,sz002357,富临运业,
20260402,DT,sz002905,金逸影视,
20260402,DT,sz002102,能特科技,
20260402,DT,sz000048,京基智农,
20260402,DT,sh603008,喜临门,
20260403,DT,sz002109,兴化股份,
20260403,DT,sh600792,云煤能源,
20260403,DT,sz002905,金逸影视,
20260403,DT,sz002578,闽发铝业,
20260403,DT,sh600250,南京商旅,
20260403,DT,sz002357,富临运业,
20260403,DT,sh603016,新宏泰,
20260403,DT,sh600645,中源协和,
20260403,DT,sh600207,安彩高科,
20260403,DT,sz000037,深南电A,
20260403,DT,sz000048,京基智农,
20260403,DT,sz002800,天顺股份,
20260403,DT,sz000008,神州高铁,
20260403,DT,sh600249,两面针,
20260403,DT,sh600844,金煤科技,
20260403,DT,sh600644,乐山电力,
20260403,DT,sz000632,三木集团,
20260403,DT,sz000993,闽东电力,
20260403,DT,sh603017,中衡设计,
20260403,DT,sz002923,润都股份,
20260403,DT,sh603008,喜临门,
20260403,DT,sh600310,广西能源,
20260403,DT,sz002580,圣阳股份,
20260403,DT,sh600513,联环药业,
20260407,DT,sh600207,安彩高科,
20260407,DT,sz002207,准油股份,
20260407,DT,sh600850,电科数字,
20260407,DT,sz000818,航锦科技,
20260408,DT,sz002828,贝肯能源,
20260408,DT,sh603619,中曼石油,
20260408,DT,sz000968,蓝焰控股,
20260408,DT,sz000818,航锦科技,
20260409,DT,sz002542,中化岩土,
20260410,DT,sh603182,嘉华股份,
20260410,DT,sz300720,海川智能,
20260410,DT,sh605299,舒华体育,
20260410,DT,sz000720,新能泰山,
20260410,DT,sz000890,法尔胜,
20260410,DT,sh603588,高能环境,
20260410,DT,sz000586,汇源通信,
20260410,DT,sz002542,中化岩土,
20260413,DT,sh601019,山东出版,
20260413,DT,sz002517,恺英网络,
20260413,DT,sz000889,中嘉博创,
20260413,DT,sh600423,柳化股份,
20260414,DT,sz002634,棒杰股份,
20260414,DT,sh603929,亚翔集成,
20260414,DT,sh600491,龙元建设,
20260414,DT,sh603778,国晟科技,
20260415,DT,sz000838,财信发展,
20260415,DT,sz002575,群兴玩具,
20260415,DT,sz001299,美能能源,
20260415,DT,sz002227,奥 特 迅,
20260415,DT,sh600743,华远控股,
20260415,DT,sz002083,孚日股份,
20260415,DT,sz002634,棒杰股份,
20260415,DT,sh603778,国晟科技,
20260416,DT,sz002294,信立泰,
20260417,DT,sz300076,GQY视讯,
20260417,DT,sh603189,网达软件,
20260417,DT,sh600734,实达集团,
20260420,DT,sh600746,江苏索普,
20260420,DT,sh603360,百傲化学,
20260420,DT,sh605178,时空科技,
20260420,DT,sh603272,联翔股份,
20260420,DT,sh603189,网达软件,
20260420,DT,sh600734,实达集团,
20260421,DT,sz002418,康盛股份,
20260421,DT,sz002825,纳尔股份,
20260421,DT,sz002670,国盛证券,
20260421,DT,sz002993,奥海科技,
20260421,DT,sh605178,时空科技,
20260421,DT,sh600734,实达集团,
20260421,DT,sh603272,联翔股份,
20260421,DT,sz002580,圣阳股份,
20260421,DT,sz002837,英维克,
20260422,DT,sh603272,联翔股份,
20260422,DT,sh603959,百利科技,
20260422,DT,sh603778,国晟科技,
20260423,DT,sh603565,中谷物流,
20260423,DT,sh688089,嘉必优,
20260423,DT,sh600843,上工申贝,
20260423,DT,sh603272,联翔股份,
20260423,DT,sh600815,厦工股份,
20260423,DT,sh603585,苏利股份,
20260423,DT,sh600259,中稀有色,
20260423,DT,sh600110,诺德股份,
20260423,DT,sh603529,爱玛科技,
20260423,DT,sz002565,顺灏股份,
20260423,DT,sz000533,顺钠股份,
20260423,DT,sh603169,兰石重装,
20260423,DT,sh600338,西藏珠峰,
20260423,DT,sz000892,欢瑞世纪,
20260423,DT,sh603363,傲农生物,
20260424,DT,sh603236,移远通信,
20260424,DT,sz002891,中宠股份,
20260424,DT,sh600966,博汇纸业,
20260424,DT,sh603456,九洲药业,
20260424,DT,sz002322,理工能科,
20260424,DT,sh603202,天有为,
20260424,DT,sh603687,大胜达,
20260424,DT,sh603959,百利科技,
20260424,DT,sh600603,广汇物流,
20260424,DT,sh603325,博隆技术,
20260424,DT,sz002478,常宝股份,
20260424,DT,sh603991,至正股份,
20260424,DT,sh603097,江苏华辰,
20260424,DT,sz002149,西部材料,
20260424,DT,sz002394,联发股份,
20260424,DT,sz002624,完美世界,
20260424,DT,sz002691,冀凯股份,
20260424,DT,sz002081,金 螳 螂,
20260424,DT,sz002229,鸿博股份,
20260424,DT,sz002429,兆驰股份,
20260427,DT,sh603959,百利科技,
20260427,DT,sh600750,华润江中,
20260427,DT,sh603937,丽岛新材,
20260427,DT,sz002469,三维化学,
20260427,DT,sh600633,浙数文化,
20260427,DT,sh600302,标准股份,
20260427,DT,sh603097,江苏华辰,
20260427,DT,sh605183,确成股份,
20260427,DT,sh603586,金麒麟,
20260427,DT,sh603284,林平发展,
20260427,DT,sz002990,盛视科技,
20260427,DT,sh600864,哈投股份,
20260427,DT,sz002705,新宝股份,
20260427,DT,sz002931,锋龙股份,
20260427,DT,sh600084,中信尼雅,
20260427,DT,sz002324,普利特,
20260427,DT,sz001220,世盟股份,
20260427,DT,sz001331,胜通能源,
20260427,DT,sh600422,昆药集团,
20260427,DT,sz001234,泰慕士,
20260427,DT,sz002691,冀凯股份,
20260427,DT,sh600126,杭钢股份,
20260427,DT,sz000632,三木集团,
20260427,DT,sz002787,华源控股,
20260427,DT,sh600736,苏州高新,
20260427,DT,sh601567,三星电气,
20260427,DT,sz001325,元创股份,
20260427,DT,sh600053,九鼎投资,
20260427,DT,sh600810,神马股份,
20260427,DT,sz000716,黑芝麻,
20260427,DT,sz002225,濮耐股份,
20260427,DT,sh603359,东珠生态,
20260427,DT,sh600965,福成股份,
20260427,DT,sh600346,恒力石化,
20260428,DT,sh600084,中信尼雅,
20260428,DT,sh603196,璞源材料,
20260428,DT,sz002912,中新赛克,
20260428,DT,sh601137,博威合金,
20260428,DT,sz000856,冀东装备,
20260428,DT,sh603583,捷昌驱动,
20260428,DT,sh600841,动力新科,
20260428,DT,sz002782,可立克,
20260428,DT,sz002373,千方科技,
20260428,DT,sh603109,神驰机电,
20260428,DT,sh603402,陕西旅游,
20260428,DT,sh603655,朗博科技,
20260428,DT,sh603105,芯能科技,
20260428,DT,sz002879,长缆科技,
20260428,DT,sz000917,电广传媒,
20260428,DT,sz002290,禾盛新材,
20260428,DT,sz002703,浙江世宝,
20260428,DT,sz002036,联创电子,
20260428,DT,sz003041,真爱美家,
20260428,DT,sz002514,宝馨科技,
20260428,DT,sz002326,永太科技,
20260428,DT,sh600965,福成股份,
20260428,DT,sz000010,美丽生态,
20260428,DT,sh603359,东珠生态,
20260428,DT,sh600053,九鼎投资,
20260428,DT,sz002323,雅博股份,
20260428,DT,sz002225,濮耐股份,
20260428,DT,sz002779,中坚科技,
20260428,DT,sh603360,百傲化学,
20260428,DT,sh600410,华胜天成,
20260429,DT,sh600053,九鼎投资,
20260429,DT,sh603359,东珠生态,
20260429,DT,sh603282,亚光股份,
20260429,DT,sh603313,梦百合,
20260429,DT,sz002099,海翔药业,
20260429,DT,sz001233,海安集团,
20260429,DT,sh688280,精进电动-W,
20260429,DT,sh603378,亚士创能,
20260429,DT,sh603215,比依股份,
20260429,DT,sh600965,福成股份,
20260429,DT,sh688121,卓然股份,
20260429,DT,sz002514,宝馨科技,
20260429,DT,sz002779,中坚科技,
20260430,DT,sz002209,达 意 隆,
20260430,DT,sh603113,金能科技,
20260506,DT,sh600182,S佳通,
20260506,DT,sz300663,科蓝软件,
20260507,DT,sh603101,汇嘉时代,
20260507,DT,sz000703,恒逸石化,
20260507,DT,sh603538,美诺华,
20260507,DT,sh603318,水发燃气,
20260508,DT,sz000020,深华发Ａ,
20260508,DT,bj920200,振宏股份,
20260511,DT,sz000020,深华发Ａ,
20260511,DT,bj920200,振宏股份,
20260512,DT,sz002840,华统股份,
20260512,DT,sz000007,全新好,
20260512,DT,sh600722,金牛化工,
20260512,DT,sz002294,信立泰,
20260512,DT,sz002866,传艺科技,
20260512,DT,sh605287,德才股份,
20260512,DT,sz301310,鑫宏业,
20260513,DT,sz301053,远信工业,
20260513,DT,sz002810,山东赫达,
20260514,DT,sh603126,中材节能,
20260514,DT,sz000510,新金路,
20260514,DT,sh603090,宏盛股份,
20260514,DT,sh600539,狮头股份,
20260514,DT,sh600982,宁波能源,
20260514,DT,sz001215,千味央厨,
20260514,DT,sh605365,立达信,
20260514,DT,sh605060,联德股份,
20260514,DT,sh603045,福达合金,
20260514,DT,sz002805,丰元股份,
20260514,DT,sh600719,大连热电,
20260514,DT,sz002560,通达股份,
20260514,DT,sz300363,博腾股份,
20260514,DT,sh600118,中国卫星,
20260514,DT,sz002580,圣阳股份,
20260514,DT,sz000925,众合科技,
20260514,DT,sz000066,中国长城,
20260515,DT,sz002290,禾盛新材,
20260515,DT,sz002560,通达股份,
20260515,DT,sz002309,中利集团,
20260515,DT,sh600857,宁波中百,
20260515,DT,sz001267,汇绿生态,
20260515,DT,sh603588,高能环境,
20260515,DT,sh603118,共进股份,
20260515,DT,sh600176,中国巨石,
20260515,DT,sh603093,南华期货,
20260515,DT,sh605365,立达信,
20260515,DT,sz000925,众合科技,
20260515,DT,sh600330,天通股份,
20260515,DT,sz002580,圣阳股份,
20260515,DT,sh600488,津药药业,
20260515,DT,sh603773,沃格光电,
20260518,DT,sz002858,力盛体育,
20260518,DT,sh600382,广东明珠,
20260518,DT,sz002395,双象股份,
20260518,DT,sh605099,共创草坪,
20260518,DT,sz300983,尤安设计,
20260518,DT,sh603203,快克智能,
20260518,DT,sz002878,元隆雅图,
20260518,DT,sz002181,粤 传 媒,
20260518,DT,sh600379,宝光股份,
20260518,DT,sz002918,蒙娜丽莎,
20260518,DT,sh605299,舒华体育,
20260518,DT,sh600158,中体产业,
20260518,DT,sh600488,津药药业,
20260518,DT,sh600396,华电辽能,
20260518,DT,sz002081,金 螳 螂,
20260518,DT,sh603773,沃格光电,
20260518,DT,sh600208,衢州发展,
20260518,DT,sz002342,巨力索具,
20260519,DT,sh600539,狮头股份,
20260519,DT,sh600379,宝光股份,
20260519,DT,sh600118,中国卫星,
20260519,DT,sz300658,延江股份,
20260519,DT,sh605299,舒华体育,
20260519,DT,sz002181,粤 传 媒,
20260519,DT,sh600208,衢州发展,
20260519,DT,sz002342,巨力索具,
20260520,DT,sz002392,北京利尔,
20260520,DT,sh603082,北自科技,
20260520,DT,sh600936,北投科技,
20260520,DT,sz000029,深深房Ａ,
20260520,DT,sh603121,华培动力,
20260520,DT,sh600539,狮头股份,
20260520,DT,sh600023,浙能电力,
20260520,DT,sh603178,圣龙股份,
20260520,DT,sz002918,蒙娜丽莎,
20260520,DT,sh605299,舒华体育,
20260520,DT,sh603007,顺景科技,
20260520,DT,sz002081,金 螳 螂,
20260520,DT,sz002348,高乐股份,
20260520,DT,sh603278,大业股份,
20260520,DT,sz000767,晋控电力,
20260520,DT,sz002031,巨轮智能,
20260520,DT,sh600156,华升股份,
20260520,DT,sh600396,华电辽能,
20260520,DT,sh600578,京能电力,
20260520,DT,sh600208,衢州发展,
20260520,DT,sh600769,祥龙电业,
20260520,DT,sh601991,大唐发电,
20260521,DT,sz002725,跃岭股份,
20260521,DT,sz002809,红墙股份,
20260521,DT,sz000155,川能动力,
20260521,DT,sz002072,凯瑞德,
20260521,DT,sz001215,千味央厨,
20260521,DT,sh603163,圣晖集成,
20260521,DT,sz000039,中集集团,
20260521,DT,sz001211,双枪科技,
20260521,DT,sh603118,共进股份,
20260521,DT,sz002235,安妮股份,
20260521,DT,sz002272,川润股份,
20260521,DT,sz000586,汇源通信,
20260521,DT,sh600130,波导股份,
20260521,DT,sh603121,华培动力,
20260521,DT,sh603757,大元泵业,
20260521,DT,sz000813,德展健康,
20260521,DT,sh603156,养元饮品,
20260521,DT,sz002637,赞宇科技,
20260521,DT,sz002491,通鼎互联,
20260521,DT,sz002342,巨力索具,
20260521,DT,sz002629,仁智股份,
20260521,DT,sh605198,安德利,
20260521,DT,sh600208,衢州发展,
20260521,DT,sh600769,祥龙电业,
20260521,DT,sz002208,合肥城建,
20260522,DT,sz002629,仁智股份,
20260522,DT,sz002940,昂利康,
20260522,DT,sz001259,利仁科技,
20260522,DT,sh603779,威龙股份,
20260522,DT,sz002888,惠威科技,
20260525,DT,sz001211,双枪科技,
20260525,DT,sh600156,华升股份,
20260525,DT,sh603790,雅运股份,
20260525,DT,sz002888,惠威科技,
20260525,DT,sz002940,昂利康,
20260525,DT,sz002759,天际股份,
20260525,DT,sz000676,智度股份,
20260525,DT,sz002380,科远智慧,
20260525,DT,sz001365,天海电子,
20260525,DT,sz002045,国光电器,
20260525,DT,sh605168,三人行,
20260525,DT,sh603496,恒为科技,
20260525,DT,sh603778,国晟科技,
20260525,DT,sh603220,中贝通信,
20260525,DT,sz002407,多氟多,
20260526,DT,sz002927,泰永长征,
20260526,DT,sh605069,正和生态,
20260526,DT,sh603778,国晟科技,
20260526,DT,sz003007,直真科技,
20260526,DT,sh603115,海星股份,
20260526,DT,sh603616,韩建河山,
20260526,DT,sz000518,四环生物,
20260526,DT,sh605287,德才股份,
20260526,DT,sh603067,振华股份,
20260526,DT,sh600156,华升股份,
20260526,DT,sh605303,园林股份,
20260526,DT,sz000026,飞亚达,
20260526,DT,sh600589,大位科技,
20260526,DT,sz000417,合百集团,
20260526,DT,sh603316,诚邦股份,
20260526,DT,sz002297,博云新材,
20260527,DT,sh603767,中马传动,
20260527,DT,sz001366,播恩集团,
20260527,DT,sh603223,恒通股份,
20260527,DT,sh600078,澄星股份,
20260527,DT,sz002952,亚世光电,
20260527,DT,sh603278,大业股份,
20260527,DT,sh603667,五洲新春,
20260527,DT,sh600783,鲁信创投,
20260527,DT,sh600481,双良节能,
20260527,DT,sz002031,巨轮智能,
20260527,DT,sz002798,帝欧水华,
20260527,DT,sz000417,合百集团,
20260527,DT,sh603226,菲林格尔,
20260527,DT,sh603119,浙江荣泰,
20260527,DT,sh603316,诚邦股份,
20260527,DT,sz001225,和泰机电,
20260527,DT,sz002931,锋龙股份,
20260527,DT,sh603661,恒林股份,
20260527,DT,sh605303,园林股份,
20260527,DT,sz002535,林州重机,
20260527,DT,sh600186,莲花控股,
20260527,DT,sz002297,博云新材,
20260528,DT,sz002798,帝欧水华,
20260528,DT,sh605500,森林包装,
20260528,DT,sh605162,新中港,
20260528,DT,sz002012,凯恩股份,
20260528,DT,sz001225,和泰机电,
20260528,DT,sh605303,园林股份,
20260528,DT,sz002442,龙星科技,
20260528,DT,sz002535,林州重机,
20260529,DT,sz002798,帝欧水华,
20260529,DT,sh605500,森林包装,
20260529,DT,sh605162,新中港,
20260529,DT,sz002012,凯恩股份,
20260529,DT,sz001225,和泰机电,
20260529,DT,sh605303,园林股份,
20260529,DT,sz002442,龙星科技,
20260529,DT,sz002535,林州重机,
20260601,DT,sh605289,罗曼股份,
20260601,DT,sh600578,京能电力,
20260601,DT,sz001259,利仁科技,
20260601,DT,sz002733,雄韬股份,
20260601,DT,sh605055,迎丰股份,
20260601,DT,sh605006,山东玻纤,
20260601,DT,sh603255,鼎际得,
20260601,DT,sh603459,红板科技,
20260601,DT,sh601231,环旭电子,
20260601,DT,sz002943,宇晶股份,
20260601,DT,sh605580,恒盛能源,
20260601,DT,sh603989,艾华集团,
20260601,DT,sz000586,汇源通信,
20260601,DT,sz002428,云南锗业,
20260601,DT,sz002080,中材科技,
20260601,DT,sh603618,杭电股份,
20260601,DT,sz002173,创新医疗,
20260601,DT,sh603256,宏和科技,
20260601,DT,sz300427,红相股份,
20260601,DT,sh603601,再升科技,
20260601,DT,sh603629,利通电子,
20260602,DT,sh600599,退市熊猫,
20260602,DT,sh600421,退市华嵘,
20260602,DT,sz003018,金富科技,
20260602,DT,sz002878,元隆雅图,
20260602,DT,sh605099,共创草坪,
20260602,DT,sh603815,交建股份,
20260602,DT,sz002354,天娱数科,
20260602,DT,sh603075,热威股份,
20260602,DT,sh603435,嘉德利,
20260602,DT,sh600636,退市国化,
20260602,DT,sh603399,永杉锂业,
20260602,DT,sh603637,镇海股份,
20260602,DT,sh605299,舒华体育,
20260602,DT,sh600158,中体产业,
20260602,DT,sh603601,再升科技,
20260602,DT,sz002181,粤 传 媒,
20260603,DT,sz003030,祖名股份,
20260603,DT,sh605077,华康股份,
20260603,DT,sz001228,永泰运,
20260603,DT,sh603721,中广天择,
20260603,DT,sz002606,大连电瓷,
20260603,DT,sh601177,杭齿前进,
20260603,DT,sz002681,奋达科技,
20260603,DT,sh600636,退市国化,
20260603,DT,sh600850,电科数字,
20260603,DT,sz000712,锦龙股份,
20260603,DT,sz003004,声迅股份,
20260604,DT,sz000736,中交地产,
20260604,DT,sz002875,安奈儿,
20260604,DT,sz001278,一彬科技,
20260604,DT,sz000582,北部湾港,
20260604,DT,sz000759,中百集团,
20260604,DT,sz002866,传艺科技,
20260604,DT,sh600280,中央商场,
20260605,DT,sz000736,中交地产,
20260605,DT,sz002875,安奈儿,
20260605,DT,sz001278,一彬科技,
20260605,DT,sz000582,北部湾港,
20260605,DT,sz000759,中百集团,
20260605,DT,sz002866,传艺科技,
20260605,DT,sh600280,中央商场,
20260608,DT,sz000539,粤电力Ａ,
20260608,DT,sh600310,广西能源,
20260608,DT,sz001299,美能能源,
20260608,DT,sz003033,征和工业,
20260608,DT,sz002969,嘉美包装,
20260608,DT,sz002329,皇氏集团,
20260608,DT,sh600726,华电能源,
20260608,DT,sz002951,金时科技,
20260608,DT,sh603681,永冠新材,
20260608,DT,sz001896,豫能控股,
20260608,DT,sh603629,利通电子,
20260609,DT,sh600421,退市华嵘,
20260609,DT,sh600696,退市岩石,
20260609,DT,sh600608,退市沪科,
20260609,DT,sh600193,退市创兴,
20260609,DT,sh600636,退市国化,
20260609,DT,sh600279,重庆港,
20260609,DT,sz002243,力合科创,
20260609,DT,sz000517,荣安地产,
20260609,DT,sh603319,XD美湖股,
20260610,DT,sh600696,退市岩石,
20260610,DT,sh603319,美湖股份,
20260610,DT,sh605081,退市太和,
20260610,DT,sh603459,红板科技,
20260610,DT,sz000534,万泽股份,
20260610,DT,sh600636,退市国化,
20260610,DT,sh603757,大元泵业,
20260610,DT,sh600280,中央商场,
20260610,DT,sh600592,龙溪股份,
20260610,DT,sh600973,宝胜股份,
20260610,DT,sz002225,濮耐股份,
20260610,DT,sh603435,嘉德利,
20260610,DT,sh600578,京能电力,
20260610,DT,sz002951,金时科技,
20260610,DT,sh605018,长华集团,
20260610,DT,sh600162,香江控股,
20260610,DT,sh600703,三安光电,
20260610,DT,sh603629,利通电子,
20260610,DT,sz002015,协鑫能科,
20260610,DT,sh603158,腾龙股份,
20260610,DT,sh600396,华电辽能,
20260610,DT,sh600255,鑫科材料,
20260610,DT,sz002733,雄韬股份,
20260610,DT,sh603135,中重科技,
20260610,DT,sz002851,麦格米特,
20260611,DT,sz002174,游族网络,
20260611,DT,sz000802,北京文化,
20260611,DT,sz002829,星网宇达,
20260611,DT,sh605398,新炬网络,
20260611,DT,sh603036,如通股份,
20260611,DT,sz002194,武汉凡谷,
20260611,DT,sh603070,万控智造,
20260611,DT,sh603001,奥康国际,
20260611,DT,sz000530,冰山冷热,
20260611,DT,sh603135,中重科技,
20260611,DT,sz000678,襄阳轴承,
20260611,DT,sh603598,引力传媒,
20260611,DT,sh603103,横店影视,
20260611,DT,sz001317,三羊马,
20260611,DT,sz000681,视觉中国,
20260611,DT,sz002552,宝鼎科技,
20260611,DT,sz000608,阳光股份,
20260611,DT,sz002757,南兴股份,
20260611,DT,sh603861,白云电器,
20260611,DT,sz301313,凡拓数创,
20260611,DT,sz002962,五方光电,
20260611,DT,sh600592,龙溪股份,
20260611,DT,sz002896,中大力德,
20260611,DT,sh603409,汇通控股,
20260611,DT,sz002669,康达新材,
20260611,DT,sh603616,韩建河山,
20260611,DT,sh603466,风语筑,
20260611,DT,sz002181,粤 传 媒,
20260611,DT,sh603859,能科科技,
20260611,DT,sh603773,沃格光电,
20260611,DT,sz002354,天娱数科,
20260611,DT,sz002421,达实智能,
20260612,DT,sh603211,晋拓股份,
20260612,DT,sh603657,春光科技,
20260612,DT,sz000833,粤桂股份,
20260612,DT,sh603103,横店影视,
20260612,DT,sz002669,康达新材,
20260612,DT,sh603155,新亚强,
20260612,DT,sh603931,格林达,
20260612,DT,sh603938,三孚股份,
20260612,DT,sh603078,江化微,
20260612,DT,sh600536,中国软件,
20260612,DT,sz002962,五方光电,
20260612,DT,sz002421,达实智能,
20260612,DT,sh600791,京能置业,
20260612,DT,sh600403,大有能源,
20260612,DT,sh600378,XD昊华科,
20260615,DT,sz002976,瑞玛精密,
20260615,DT,sh600791,京能置业,
20260615,DT,sh600403,大有能源,
20260616,DT,sz000893,亚钾国际,
20260616,DT,sz002981,朝阳科技,
20260616,DT,sh603778,国晟科技,
20260616,DT,sh603039,泛微网络,
20260616,DT,sh603586,金麒麟,
20260616,DT,sh600791,京能置业,
20260616,DT,sz000603,盛达资源,
20260617,DT,sz001211,双枪科技,
20260618,DT,sz300411,金盾股份,
20260618,DT,sz000539,粤电力Ａ,
20260618,DT,sh600539,狮头股份,
20260618,DT,sz000037,深南电A,
20260618,DT,sz001269,欧晶科技,
20260618,DT,sh603070,万控智造,
20260618,DT,sh603212,赛伍技术,
20260618,DT,sh603778,国晟科技,
20260618,DT,sz000777,中核科技,
20260618,DT,sz002568,百润股份,
20260618,DT,sh601991,大唐发电,
20260618,DT,sh605006,山东玻纤,
20260622,DT,sh603070,万控智造,
20260622,DT,sh600421,退市华嵘,
20260622,DT,sz000403,派林生物,
20260622,DT,sh603730,岱美股份,
20260623,DT,sz002897,意华股份,
20260623,DT,sh600988,赤峰黄金,
20260623,DT,sz002155,湖南黄金,
20260623,DT,sh603177,德创环保,
20260623,DT,sh600489,中金黄金,
20260623,DT,sz002484,江海股份,
20260623,DT,sh601168,西部矿业,
20260623,DT,sz000688,国城矿业,
20260623,DT,sz000603,盛达资源,
20260623,DT,sz002859,洁美科技,
20260623,DT,sz000506,招金黄金,
20260623,DT,sh605589,圣泉集团,
20260623,DT,sh600540,新赛股份,
20260623,DT,sh600301,华锡有色,
20260623,DT,sh600545,卓郎智能,
20260623,DT,sh600392,盛和资源,
20260623,DT,sh603002,宏昌电子,
20260623,DT,sz002149,西部材料,
20260623,DT,sz002125,湘潭电化,
20260623,DT,sz000060,中金岭南,
20260623,DT,sz000823,超声电子,
20260623,DT,sz002902,铭普光磁,
20260623,DT,sz002138,顺络电子,
20260623,DT,sz002645,华宏科技,
20260623,DT,sh603993,洛阳钼业,
20260623,DT,sz002378,章源钨业,
20260623,DT,sh603159,上海亚虹,
20260623,DT,sh605303,园林股份,
20260623,DT,sh600259,中稀有色,
20260623,DT,sz000831,中国稀土,
20260623,DT,sh600362,江西铜业,
20260623,DT,sh601208,东材科技,
20260623,DT,sz001257,盛龙股份,
20260623,DT,sz000426,兴业银锡,
20260623,DT,sh600367,红星发展,
20260623,DT,sz002741,光华科技,
20260623,DT,sh600110,诺德股份,
20260623,DT,sz000630,铜陵有色,
20260623,DT,sh600598,北大荒,
20260624,DT,sz002808,恒久退,
20260624,DT,sz000004,国华退,
20260624,DT,sz000151,中成股份,
20260624,DT,sz002535,林州重机,
20260624,DT,sh605566,福莱蒽特,
20260624,DT,sh600977,中国电影,
20260624,DT,sz000029,深深房Ａ,
20260624,DT,sh603201,常润股份,
20260624,DT,sh600598,北大荒,
20260624,DT,sh605303,园林股份,
20260624,DT,sh603159,上海亚虹,
20260624,DT,sh603318,水发燃气,
20260625,DT,sz003013,地铁设计,
20260625,DT,sh603716,塞力医疗,
20260625,DT,sz002072,凯瑞德,
20260625,DT,sh603790,雅运股份,
20260625,DT,sz002946,新乳业,
20260625,DT,sz002354,天娱数科,
20260625,DT,sh605566,福莱蒽特,
20260625,DT,sz001211,双枪科技,
20260625,DT,sh603177,德创环保,
20260625,DT,sh603578,三星新材,
20260625,DT,sh600719,大连热电,
20260625,DT,sz002397,梦洁股份,
20260625,DT,sz002687,乔治白,
20260625,DT,sh603318,水发燃气,
20260625,DT,sz002931,锋龙股份,
20260625,DT,sh603201,常润股份,
20260625,DT,sh688639,华恒生物,
20260626,DT,sh600724,宁波富达,
20260626,DT,sz002307,北新路桥,
20260626,DT,sh603159,上海亚虹,
20260626,DT,sz002497,雅化集团,
20260626,DT,sh600152,维科技术,
20260626,DT,sh603296,华勤技术,
20260626,DT,sh600708,光明地产,
20260626,DT,sh601799,星宇股份,
20260626,DT,sz002263,大东南,
20260626,DT,sz002194,武汉凡谷,
20260626,DT,sz000566,海南海药,
20260626,DT,sh603201,常润股份,
20260626,DT,sh600776,东方通信,
20260626,DT,sz000070,特发信息,
20260626,DT,sz002083,孚日股份,
20260626,DT,sh603399,永杉锂业,
20260626,DT,sz002192,融捷股份,
20260626,DT,sh603316,诚邦股份,
20260626,DT,sh603031,安孚科技,
20260626,DT,sz001267,汇绿生态,
20260626,DT,sh600345,长江通信,
20260626,DT,sz000859,国风新材,
20260626,DT,sz002903,宇环数控,
20260626,DT,sh603327,福蓉科技,
20260626,DT,sh600851,海欣股份,
20260626,DT,sz002580,圣阳股份,
20260626,DT,sz000766,通化金马,
20260626,DT,sh600498,烽火通信,
20260626,DT,sh603629,利通电子,
20260626,DT,sh600522,中天科技,
20260629,DT,sh603848,好太太,
20260629,DT,sz001215,千味央厨,
20260629,DT,sz001268,联合精密,
20260629,DT,sz002898,赛隆退,
20260629,DT,sh603262,技源集团,
20260629,DT,sz000859,国风新材,
20260629,DT,sh605058,澳弘电子,
20260629,DT,sz000967,盈峰环境,
20260629,DT,sh603285,键邦股份,
20260629,DT,sh603201,常润股份,
20260629,DT,sz002963,豪尔赛,
20260629,DT,sh603256,宏和科技,
20260629,DT,sz002289,宇顺电子,
20260629,DT,sz002579,中京电子,
20260629,DT,sz002976,瑞玛精密,
20260629,DT,sh603327,福蓉科技,
20260629,DT,sz002273,水晶光电,
20260629,DT,sh603867,新化股份,
20260629,DT,sz002552,宝鼎科技,
20260629,DT,sh600500,中化国际,
20260629,DT,sz002902,铭普光磁,
20260629,DT,sh600299,安迪苏,
20260629,DT,sh600996,贵广网络,
20260629,DT,sz002741,光华科技,
20260629,DT,sz002141,贤丰控股,
20260629,DT,sz300553,集智股份,
20260629,DT,sh600596,新安股份,
20260629,DT,sz002201,九鼎新材,
20260629,DT,sz002910,庄园牧场,
20260629,DT,sz002655,共达电声,
20260629,DT,sh603637,镇海股份,
20260629,DT,sh603823,百合花,
20260629,DT,sh600353,旭光电子,
20260629,DT,sz000766,通化金马,
20260629,DT,sh603065,宿迁联盛,
20260629,DT,sz002733,雄韬股份,
20260629,DT,sz000703,恒逸石化,
20260629,DT,sh605006,山东玻纤,
20260630,DT,sh603262,技源集团,
20260630,DT,sh600791,京能置业,
20260630,DT,sz000766,通化金马,
20260630,DT,sz002674,兴业科技,
20260630,DT,sz000636,风华高科,
20260701,DT,sh600228,返利科技,
20260701,DT,sh603303,得邦照明,
20260701,DT,sh603203,快克智能,
20260701,DT,sh600206,有研新材,
20260701,DT,sz002522,浙江众成,
20260701,DT,sh600545,卓郎智能,
20260702,DT,sz002735,王子新材,
20260702,DT,sh605060,联德股份,
20260702,DT,sh605289,罗曼股份,
20260702,DT,sz002522,浙江众成,
20260702,DT,sz001223,欧克科技,
20260702,DT,sh600228,返利科技,
20260702,DT,sh603163,圣晖集成,
20260702,DT,sh600396,华电辽能,
20260702,DT,sh600237,铜峰电子,
20260702,DT,sh600545,卓郎智能,
20260702,DT,sh603005,晶方科技,
20260702,DT,sz003026,中晶科技,
20260702,DT,sh603458,勘设股份,
20260702,DT,sz002106,莱宝高科,
20260702,DT,sz002463,沪电股份,
20260702,DT,sz000823,超声电子,
20260702,DT,sh600184,光电股份,
20260702,DT,sh600667,太极实业,
20260702,DT,sh603061,金海通,
20260702,DT,sz000988,华工科技,
20260702,DT,sh605006,山东玻纤,
20260702,DT,sh603738,泰晶科技,
20260702,DT,sh600105,永鼎股份,
20260702,DT,sh605376,博迁新材,
20260702,DT,sz002491,通鼎互联,
20260702,DT,sz000636,风华高科,
20260702,DT,sh600563,法拉电子,
20260702,DT,sz002859,洁美科技,
20260702,DT,sh603083,剑桥科技,
20260702,DT,sh603283,赛腾股份,
20260702,DT,sz002409,雅克科技,
20260702,DT,sh603629,利通电子,
20260702,DT,sh605358,立昂微,
20260702,DT,sz002281,光迅科技,
20260702,DT,sz002384,东山精密,
20260702,DT,sh600584,长电科技,
20260702,DT,sz000021,深科技,
20260702,DT,sh603001,奥康国际,
20260702,DT,sz002371,北方华创,
20260702,DT,sh603986,兆易创新,
20260703,DT,sz000890,法尔胜,
20260703,DT,sh603733,仙鹤股份,
20260703,DT,sh688216,气派科技,
20260703,DT,sh600397,江钨装备,
20260703,DT,sh688096,京源环保,
20260703,DT,sz000592,平潭发展,
20260703,DT,sz002842,翔鹭钨业,
20260703,DT,sh605580,恒盛能源,
20260703,DT,sh600184,光电股份,
20260703,DT,sh603379,三美股份,
20260703,DT,sh601678,滨化股份,
20260703,DT,sh600630,龙头股份,
20260703,DT,sz002106,莱宝高科,
20260703,DT,sh605358,立昂微,
20260703,DT,sh600160,巨化股份,
20260703,DT,sh600707,彩虹股份,
20260703,DT,sz002407,多氟多,
20260703,DT,sh603001,奥康国际,
20260703,DT,sz001399,惠科股份,
20260706,DT,sz002963,豪尔赛,
20260706,DT,sh605222,起帆电缆,
20260706,DT,bj920193,吉和昌,
20260706,DT,sz001317,三羊马,
20260706,DT,sh688669,聚石化学,
20260706,DT,sz002552,宝鼎科技,
20260706,DT,sh603682,锦和商管,
20260706,DT,sh600769,祥龙电业,
20260706,DT,sh605598,上海港湾,
20260706,DT,sh603626,科森科技,
20260706,DT,sh603978,深圳新星,
20260706,DT,sh603278,大业股份,
20260706,DT,sh600783,鲁信创投,
20260706,DT,sh603679,华体科技,
20260706,DT,sh600869,远东股份,
20260706,DT,sz002575,群兴玩具,
20260706,DT,sz002565,顺灏股份,
20260706,DT,sz002106,莱宝高科,
20260706,DT,sh603026,石大胜华,
20260706,DT,sh603638,艾迪精密,
20260706,DT,sz301197,工大科雅,
20260706,DT,sz002842,翔鹭钨业,
20260706,DT,sh603778,国晟科技,
20260706,DT,sh603588,高能环境,
20260706,DT,sz002080,中材科技,
20260706,DT,sh600630,龙头股份,
20260706,DT,sz002657,中科金财,
20260706,DT,sz000962,东方钽业,
20260706,DT,sh601678,滨化股份,
20260706,DT,sz002361,神剑股份,
20260706,DT,sh603601,再升科技,
20260706,DT,sh600378,昊华科技,
20260706,DT,sh600397,江钨装备,
20260706,DT,sz002119,康强电子,
20260706,DT,sz002635,安洁科技,
20260706,DT,sz002971,和远气体,
20260706,DT,sh603667,五洲新春,
20260706,DT,sh603407,长裕集团,
20260706,DT,sh600367,红星发展,
20260706,DT,sh603678,火炬电子,
20260706,DT,sh603618,杭电股份,
20260706,DT,sh603773,沃格光电,
20260706,DT,sz000657,中钨高新,
20260706,DT,sh600707,彩虹股份,
20260706,DT,sh600176,中国巨石,
20260706,DT,sh603001,奥康国际,
20260707,DT,sz002148,北纬科技,
20260707,DT,sz002808,恒久退,
20260707,DT,sh603166,福达股份,
20260707,DT,sh603020,爱普股份,
20260707,DT,sz002989,中天精装,
20260707,DT,sh600791,京能置业,
20260707,DT,sh603610,麒盛科技,
20260707,DT,sz002774,快意电梯,
20260707,DT,sh603629,DR利通电,
20260707,DT,sh600182,S佳通,
20260707,DT,sz002403,爱仕达,
20260707,DT,sh600843,上工申贝,
20260707,DT,sh600376,首开股份,
20260707,DT,sz002038,双鹭药业,
20260707,DT,sh600630,龙头股份,
20260707,DT,sh603458,勘设股份,
20260707,DT,sh603033,三维股份,
20260707,DT,sh603257,中国瑞林,
20260707,DT,sz002729,好利科技,
20260707,DT,sh600353,旭光电子,
20260707,DT,sh600301,华锡有色,
20260707,DT,sz003009,中天火箭,
20260707,DT,sz002657,中科金财,
20260707,DT,sh600397,江钨装备,
20260707,DT,sh603032,德新科技,
20260707,DT,sh603678,火炬电子,
20260707,DT,sz002931,锋龙股份,
20260707,DT,sh603618,杭电股份,
20260707,DT,sh603001,奥康国际,
20260707,DT,sz000566,海南海药,
20260708,DT,sz002808,恒久退,
20260708,DT,sh603898,好莱客,
20260708,DT,sz002534,西子洁能,
20260708,DT,sh603179,新泉股份,
20260708,DT,sz002518,科士达,
20260708,DT,sh600562,国睿科技,
20260708,DT,sh603826,坤彩科技,
20260708,DT,sz002427,尤夫股份,
20260708,DT,sz002497,雅化集团,
20260708,DT,sz002057,中钢天源,
20260708,DT,sh603610,麒盛科技,
20260708,DT,sz002810,山东赫达,
20260708,DT,sh600301,华锡有色,
20260708,DT,sh603937,丽岛新材,
20260708,DT,sh603678,火炬电子,
20260708,DT,sh600458,时代新材,
20260708,DT,sz002249,大洋电机,
20260708,DT,sh600110,诺德股份,
20260708,DT,sh603638,艾迪精密,
20260708,DT,sz000519,中兵红箭,
20260708,DT,sz000566,海南海药,
20260708,DT,sh603026,石大胜华,
20260708,DT,sh605580,恒盛能源,
20260708,DT,sh600379,宝光股份,
20260708,DT,sz002885,京泉华,
20260708,DT,sz002812,恩捷股份,
20260708,DT,sh603608,天创时尚,
20260708,DT,sz002733,雄韬股份,
20260708,DT,sz000593,德龙汇能,
20260708,DT,sh603032,德新科技,
20260708,DT,sz002167,东方锆业,
20260708,DT,sz002240,盛新锂能,
20260708,DT,sh603538,美诺华,
20260708,DT,sz002466,天齐锂业,
20260708,DT,sz002520,日发精机,
20260708,DT,sh603906,龙蟠科技,
20260708,DT,sz002931,锋龙股份,
20260708,DT,sz002192,融捷股份,
20260708,DT,sz002709,天赐材料,
20260708,DT,sz002428,云南锗业,
20260708,DT,sz002747,埃斯顿,
20260709,DT,sz002808,恒久退,
20260709,DT,sh603898,好莱客,
20260709,DT,sz002534,西子洁能,
20260709,DT,sh603179,新泉股份,
20260709,DT,sz002518,科士达,
20260709,DT,sh600562,国睿科技,
20260709,DT,sh603826,坤彩科技,
20260709,DT,sz002427,尤夫股份,
20260709,DT,sz002497,雅化集团,
20260709,DT,sz002057,中钢天源,
20260709,DT,sh603610,麒盛科技,
20260709,DT,sz002810,山东赫达,
20260709,DT,sh600301,华锡有色,
20260709,DT,sh603937,丽岛新材,
20260709,DT,sh603678,火炬电子,
20260709,DT,sh600458,时代新材,
20260709,DT,sz002249,大洋电机,
20260709,DT,sh600110,诺德股份,
20260709,DT,sh603638,艾迪精密,
20260709,DT,sz000519,中兵红箭,
20260709,DT,sz000566,海南海药,
20260709,DT,sh603026,石大胜华,
20260709,DT,sh605580,恒盛能源,
20260709,DT,sh600379,宝光股份,
20260709,DT,sz002885,京泉华,
20260709,DT,sz002812,恩捷股份,
20260709,DT,sh603608,天创时尚,
20260709,DT,sz002733,雄韬股份,
20260709,DT,sz000593,德龙汇能,
20260709,DT,sh603032,德新科技,
20260709,DT,sz002167,东方锆业,
20260709,DT,sz002240,盛新锂能,
20260709,DT,sh603538,美诺华,
20260709,DT,sz002466,天齐锂业,
20260709,DT,sz002520,日发精机,
20260709,DT,sh603906,龙蟠科技,
20260709,DT,sz002931,锋龙股份,
20260709,DT,sz002192,融捷股份,
20260709,DT,sz002709,天赐材料,
20260709,DT,sz002428,云南锗业,
20260709,DT,sz002747,埃斯顿,
20260710,DT,sh600350,山东高速,
20260710,DT,sz002057,中钢天源,
20260710,DT,sz002990,盛视科技,
20260710,DT,sh603937,丽岛新材,
20260710,DT,sz300522,世名科技,
20260710,DT,sz003005,竞业达,
20260710,DT,sh603001,奥康国际,
20260710,DT,sz002910,庄园牧场,
20260710,DT,sh603906,龙蟠科技,
20260710,DT,sz000628,高新发展,
20260710,DT,sz301117,佳缘科技,
20260710,DT,sz002192,融捷股份,
20260713,DT,sh603615,茶花股份,
20260713,DT,sh603488,展鹏科技,
20260713,DT,sh603355,莱克电气,
20260713,DT,sh605069,正和生态,
20260713,DT,sh605366,宏柏新材,
20260713,DT,sh605287,XD德才股,
20260713,DT,sz002338,奥普光电,
20260713,DT,sh600984,建设机械,
20260713,DT,sz301326,捷邦科技,
20260713,DT,sz003037,三和管桩,
20260713,DT,sh600501,航天晨光,
20260713,DT,sh603950,长源东谷,
20260713,DT,sh603978,深圳新星,
20260713,DT,sh605123,派克新材,
20260713,DT,sh600977,中国电影,
20260713,DT,sh605060,联德股份,
20260713,DT,sh600552,凯盛科技,
20260713,DT,sz002735,王子新材,
20260713,DT,sz000026,飞亚达,
20260713,DT,sh603859,能科科技,
20260713,DT,sz002388,新亚制程,
20260713,DT,sz002446,盛路通信,
20260713,DT,sh603020,爱普股份,
20260713,DT,sz002921,联诚精密,
20260713,DT,sz002023,海特高新,
20260713,DT,sh603616,韩建河山,
20260713,DT,sh600877,电科芯片,
20260713,DT,sz002046,国机精工,
20260713,DT,sh603596,伯特利,
20260713,DT,sz002151,北斗星通,
20260713,DT,sz002931,锋龙股份,
20260713,DT,sh603267,鸿远电子,
20260713,DT,sh688450,光格科技,
20260713,DT,sz300475,香农芯创,
20260713,DT,sz002471,中超控股,
20260713,DT,sz002628,成都路桥,
20260713,DT,sh603006,联明股份,
20260713,DT,sh603150,万朗磁塑,
20260713,DT,sh603115,海星股份,
20260713,DT,sh603660,苏州科达,
20260713,DT,sz002830,名雕股份,
20260713,DT,sh600391,航发科技,
20260713,DT,sh600793,宜宾纸业,
20260713,DT,sz000524,岭南控股,
20260713,DT,sh600366,宁波韵升,
20260713,DT,sz002861,瀛通通讯,
20260713,DT,sz002057,中钢天源,
20260713,DT,sh603386,骏亚科技,
20260713,DT,sz002910,庄园牧场,
20260713,DT,sz002955,鸿合科技,
20260713,DT,sz001313,粤海饲料,
20260713,DT,sz000700,模塑科技,
20260713,DT,sz002903,宇环数控,
20260713,DT,sh603135,中重科技,
20260713,DT,sz001268,联合精密,
20260713,DT,sh600596,新安股份,
20260713,DT,sh600888,新疆众和,
20260713,DT,sh600667,太极实业,
20260713,DT,sz000901,航天科技,
20260713,DT,sz002544,普天科技,
20260713,DT,sh600184,光电股份,
20260713,DT,sh600470,六国化工,
20260713,DT,sz002935,天奥电子,
20260713,DT,sh600545,卓郎智能,
20260713,DT,sh603588,高能环境,
20260713,DT,sh603989,艾华集团,
20260713,DT,sh603011,合锻智能,
20260713,DT,sh603725,天安新材,
20260713,DT,sh603178,圣龙股份,
20260713,DT,sh603269,海鸥股份,
20260713,DT,sz002980,华盛昌,
20260713,DT,sh600330,天通股份,
20260713,DT,sz002068,黑猫股份,
20260713,DT,sz000510,新金路,
20260713,DT,sh603948,建业股份,
20260713,DT,sh600539,狮头股份,
20260713,DT,sh600855,航天长峰,
20260713,DT,sh605399,晨光新材,
20260713,DT,sz000593,德龙汇能,
20260713,DT,sz002976,瑞玛精密,
20260713,DT,sh603131,上海沪工,
20260713,DT,sz002741,光华科技,
20260713,DT,sh600183,生益科技,
20260713,DT,sz000969,安泰科技,
20260713,DT,sh600058,五矿发展,
20260713,DT,sh603186,华正新材,
20260713,DT,sz000810,创维数字,
20260713,DT,sh600520,三佳科技,
20260713,DT,sz002520,日发精机,
20260713,DT,sh600707,彩虹股份,
20260713,DT,sh603155,新亚强,
20260713,DT,sh603316,诚邦股份,
20260713,DT,sh603949,雪龙集团,
20260713,DT,sh600363,联创光电,
20260713,DT,sh603778,国晟科技,
20260713,DT,sz002865,钧达股份,
20260713,DT,sz002951,金时科技,
20260713,DT,sz002787,华源控股,
20260713,DT,sz002413,雷科防务,
20260713,DT,sz002132,恒星科技,
20260713,DT,sz002465,海格通信,
20260713,DT,sz301307,美利信,
20260713,DT,sz002141,贤丰控股,
20260713,DT,sh603928,兴业股份,
20260713,DT,sh603936,博敏电子,
20260713,DT,sh600783,鲁信创投,
20260713,DT,sh600110,诺德股份,
20260713,DT,sz002579,中京电子,
20260713,DT,sh603601,再升科技,
20260713,DT,sh600151,航天机电,
20260713,DT,sz001400,江顺科技,
20260713,DT,sh688143,长盈通,
20260713,DT,sz000823,超声电子,
20260713,DT,sz002158,汉钟精机,
20260713,DT,sz002552,宝鼎科技,
20260713,DT,sz002272,川润股份,
20260713,DT,sh603738,泰晶科技,
20260713,DT,sh600343,航天动力,
20260713,DT,sz000551,创元科技,
20260713,DT,sz001331,胜通能源,
20260713,DT,sh600176,中国巨石,
20260713,DT,sz002361,神剑股份,
20260713,DT,sz002565,顺灏股份,
20260713,DT,sh605598,上海港湾,
20260713,DT,sz002167,东方锆业,
20260713,DT,sz002989,中天精装,
20260713,DT,sz001365,天海电子,
20260713,DT,sh600206,有研新材,
20260713,DT,sz002745,木林森,
20260713,DT,sz002491,通鼎互联,
20260713,DT,sz000811,冰轮环境,
20260713,DT,sz002056,横店东磁,
20260713,DT,sh603002,宏昌电子,
20260713,DT,sz002824,和胜股份,
20260713,DT,sz002342,巨力索具,
20260713,DT,sz002137,实益达,
20260713,DT,sh600785,新华百货,
20260713,DT,sz000021,深科技,
20260713,DT,sz002792,通宇通讯,
20260713,DT,sh603678,火炬电子,
20260713,DT,sz002617,露笑科技,
20260713,DT,sz002149,西部材料,
20260713,DT,sh600345,长江通信,
20260713,DT,sh600396,华电辽能,
20260713,DT,sh603078,江化微,
20260713,DT,sh601991,大唐发电,
20260713,DT,sh603618,杭电股份,
20260713,DT,sz002297,博云新材,
20260713,DT,sz002428,云南锗业,
20260713,DT,sz000070,特发信息,
20260713,DT,sz002739,儒意电影,
20260713,DT,sz002600,领益智造,
20260713,DT,sz000547,航天发展,
20260713,DT,sz001270,铖昌科技,
20260713,DT,sz002457,青龙管业,
20260713,DT,sh601127,赛力斯,
20260713,DT,sh603986,兆易创新,
20260713,DT,sz001399,惠科股份,
20260713,DT,sz000725,京东方Ａ,
20260713,DT,sh603636,南威软件,
20260713,DT,sh600172,黄河旋风,
20260713,DT,sz000980,众泰汽车,
20260713,DT,sz002747,埃斯顿,
20260713,DT,sh600522,中天科技,
20260713,DT,sh603698,航天工程,
20260713,DT,sz002636,金安国纪,
20260713,DT,sh600498,烽火通信,
20260713,DT,sz002008,大族激光,
20260713,DT,sh600487,亨通光电,
20260713,DT,sz001309,德明利,
20260713,DT,sz000636,风华高科,
20260713,DT,sz002407,多氟多,
20260714,DT,sh600992,贵绳股份,
20260714,DT,sh603339,四方科技,
20260714,DT,sh600470,六国化工,
20260714,DT,sh600058,五矿发展,
20260714,DT,sz002549,凯美特气,
20260714,DT,sz001229,魅视科技,
20260714,DT,sh603928,兴业股份,
20260714,DT,sh605598,上海港湾,
20260714,DT,sh600785,新华百货,
20260714,DT,sz002457,青龙管业,
20260714,DT,sz002829,星网宇达,
20260714,DT,sh603949,雪龙集团,
20260714,DT,sz002115,三维通信,
20260714,DT,sh600343,航天动力,
20260714,DT,sz001270,铖昌科技,
20260714,DT,sz002137,实益达,
20260714,DT,sz002342,巨力索具,
20260714,DT,sz300444,双杰电气,
20260714,DT,sh600186,莲花控股,
20260714,DT,sz002208,合肥城建,
20260714,DT,sh603698,航天工程,
20260714,DT,sh600118,中国卫星,
20260715,DT,sh603516,淳中科技,
20260715,DT,sh600955,维远股份,
20260715,DT,sz002531,天顺风能,
20260715,DT,sh600203,福日电子,
20260715,DT,sz002387,维信诺,
20260715,DT,sz002772,众兴菌业,
20260715,DT,sz002289,宇顺电子,
20260715,DT,sh603459,红板科技,
20260715,DT,sh603163,圣晖集成,
20260715,DT,sz002579,中京电子,
20260715,DT,sz002975,博杰股份,
20260715,DT,sh603991,领先股份,
20260715,DT,sh603339,四方科技,
20260715,DT,sh600353,旭光电子,
20260715,DT,sz002137,实益达,
20260715,DT,sh605358,立昂微,
20260715,DT,sz002674,兴业科技,
20260715,DT,sh600343,航天动力,
20260715,DT,sz002208,合肥城建,
20260715,DT,sh603928,兴业股份,
20260715,DT,sz002490,山东墨龙,
20260715,DT,sh603065,宿迁联盛,
20260715,DT,sh603949,雪龙集团,
20260715,DT,sz000892,欢瑞世纪,
20260715,DT,sz002123,梦网科技,
20260715,DT,sh600118,中国卫星,
20260715,DT,sh600360,华微电子,
20260715,DT,sh603698,航天工程,
20260715,DT,sh600288,大恒科技,
20260715,DT,sz002185,华天科技,
20260715,DT,sz001309,德明利,
20260716,DT,sh603516,淳中科技,
20260716,DT,sh600955,维远股份,
20260716,DT,sz002531,天顺风能,
20260716,DT,sh600203,福日电子,
20260716,DT,sz002387,维信诺,
20260716,DT,sz002772,众兴菌业,
20260716,DT,sz002289,宇顺电子,
20260716,DT,sh603459,红板科技,
20260716,DT,sh603163,圣晖集成,
20260716,DT,sz002579,中京电子,
20260716,DT,sz002975,博杰股份,
20260716,DT,sh603991,领先股份,
20260716,DT,sh603339,四方科技,
20260716,DT,sh600353,旭光电子,
20260716,DT,sz002137,实益达,
20260716,DT,sh605358,立昂微,
20260716,DT,sz002674,兴业科技,
20260716,DT,sh600343,航天动力,
20260716,DT,sz002208,合肥城建,
20260716,DT,sh603928,兴业股份,
20260716,DT,sz002490,山东墨龙,
20260716,DT,sh603065,宿迁联盛,
20260716,DT,sh603949,雪龙集团,
20260716,DT,sz000892,欢瑞世纪,
20260716,DT,sz002123,梦网科技,
20260716,DT,sh600118,中国卫星,
20260716,DT,sh600360,华微电子,
20260716,DT,sh603698,航天工程,
20260716,DT,sh600288,大恒科技,
20260716,DT,sz002185,华天科技,
20260716,DT,sz001309,德明利,
20260717,DT,sh603391,力聚热能,
20260717,DT,sz002963,豪尔赛,
20260717,DT,sz002976,瑞玛精密,
20260717,DT,sh603629,利通电子,
20260717,DT,sh603005,晶方科技,
20260717,DT,sh605287,德才股份,
20260717,DT,sz002929,润建股份,
20260717,DT,sh601208,东材科技,
20260717,DT,sz001226,拓山重工,
20260717,DT,sz002861,瀛通通讯,
20260717,DT,sh600857,宁波中百,
20260717,DT,sh603196,璞源材料,
20260717,DT,sz003013,地铁设计,
20260717,DT,sz301042,安联锐视,
20260717,DT,sh605060,联德股份,
20260717,DT,sh600520,三佳科技,
20260717,DT,sh600366,宁波韵升,
20260717,DT,sz000048,京基智农,
20260717,DT,sh603175,超颖电子,
20260717,DT,sh600234,科新发展,
20260717,DT,sh603375,盛景微,
20260717,DT,sh605186,健麾信息,
20260717,DT,sz002903,宇环数控,
20260717,DT,sh603777,来伊份,
20260717,DT,sz002126,银轮股份,
20260717,DT,sh603124,江南新材,
20260717,DT,sz002730,电光科技,
20260717,DT,sh603726,朗迪集团,
20260717,DT,sh603407,长裕集团,
20260717,DT,sh603890,春秋电子,
20260717,DT,sz002921,联诚精密,
20260717,DT,sh600851,海欣股份,
20260717,DT,sh603122,合富中国,
20260717,DT,sh603316,诚邦股份,
20260717,DT,sz002975,博杰股份,
20260717,DT,sz301228,实朴检测,
20260717,DT,sz300649,杭州园林,
20260717,DT,sh603380,易德龙,
20260717,DT,sz002913,奥士康,
20260717,DT,sz000908,石药景峰,
20260717,DT,sh605228,神通科技,
20260717,DT,sz002119,康强电子,
20260717,DT,sz002213,大为股份,
20260717,DT,sz003036,泰坦股份,
20260717,DT,sz002346,柘中股份,
20260717,DT,sz002838,道恩股份,
20260717,DT,sh605208,永茂泰,
20260717,DT,sz002693,双成药业,
20260717,DT,sh688371,菲沃泰,
20260717,DT,sh603666,亿嘉和,
20260717,DT,sh603306,华懋科技,
20260717,DT,sh603679,华体科技,
20260717,DT,sh603052,可川科技,
20260717,DT,sz002830,名雕股份,
20260717,DT,sz002718,友邦吊顶,
20260717,DT,sz002993,奥海科技,
20260717,DT,sh603936,博敏电子,
20260717,DT,sh603270,金帝股份,
20260717,DT,sz002990,盛视科技,
20260717,DT,sh605100,华丰股份,
20260717,DT,sz002655,共达电声,
20260717,DT,sz002370,亚太药业,
20260717,DT,sz002943,宇晶股份,
20260717,DT,sz301096,百诚医药,
20260717,DT,sh603139,康惠股份,
20260717,DT,sh605255,天普股份,
20260717,DT,sz003033,征和工业,
20260717,DT,sz002695,煌上煌,
20260717,DT,sh688046,药康生物,
20260717,DT,sz003031,中瓷电子,
20260717,DT,sh603690,至纯科技,
20260717,DT,sz002402,和而泰,
20260717,DT,sz002843,泰嘉股份,
20260717,DT,sh603933,睿能科技,
20260717,DT,sz002925,盈趣科技,
20260717,DT,sz002755,奥赛康,
20260717,DT,sz002824,和胜股份,
20260717,DT,sz003043,华亚智能,
20260717,DT,sz002137,实益达,
20260717,DT,sh603163,圣晖集成,
20260717,DT,sh605588,冠石科技,
20260717,DT,sz002077,大港股份,
20260717,DT,sh600360,华微电子,
20260717,DT,sz002038,双鹭药业,
20260717,DT,sz002559,亚威股份,
20260717,DT,sz002957,科瑞技术,
20260717,DT,sz002552,宝鼎科技,
20260717,DT,sz002728,特一药业,
20260717,DT,sz000066,中国长城,
20260717,DT,sz002245,蔚蓝锂芯,
20260717,DT,sh603991,领先股份,
20260717,DT,sh600641,先导基电,
20260717,DT,sh603660,苏州科达,
20260717,DT,sh600203,福日电子,
20260717,DT,sz002654,万润科技,
20260717,DT,sh688218,江苏北人,
20260717,DT,sz002235,安妮股份,
20260717,DT,sz002923,润都股份,
20260717,DT,sz003018,金富科技,
20260717,DT,sz001359,平安电工,
20260717,DT,sh605376,博迁新材,
20260717,DT,sz300688,创业黑马,
20260717,DT,sh603211,晋拓股份,
20260717,DT,sh603011,合锻智能,
20260717,DT,sz002579,中京电子,
20260717,DT,sh603989,艾华集团,
20260717,DT,sz000566,海南海药,
20260717,DT,sz000593,德龙汇能,
20260717,DT,sz003004,声迅股份,
20260717,DT,sh600770,综艺股份,
20260717,DT,sh603115,海星股份,
20260717,DT,sh603800,洪田股份,
20260717,DT,sh600345,XD长江通,
20260717,DT,sz001389,广合科技,
20260717,DT,sz001287,中电港,
20260717,DT,sh603031,安孚科技,
20260717,DT,sz002965,祥鑫科技,
20260717,DT,sz000021,深科技,
20260717,DT,sh603045,福达合金,
20260717,DT,sz002940,昂利康,
20260717,DT,sh688668,鼎通科技,
20260717,DT,sz002272,川润股份,
20260717,DT,sh600601,方正科技,
20260717,DT,sz002025,航天电器,
20260717,DT,sz002303,美盈森,
20260717,DT,sz002353,杰瑞股份,
20260717,DT,sh600186,莲花控股,
20260717,DT,sh603186,华正新材,
20260717,DT,sh603773,沃格光电,
20260717,DT,sz001317,三羊马,
20260717,DT,sz000628,高新发展,
20260717,DT,sz300005,探路者,
20260717,DT,sz002815,崇达技术,
20260717,DT,sh603283,赛腾股份,
20260717,DT,sz002290,禾盛新材,
20260717,DT,sz001331,胜通能源,
20260717,DT,sz001339,智微智能,
20260717,DT,sh600721,百花医药,
20260717,DT,sz002900,哈三联,
20260717,DT,sz002788,鹭燕医药,
20260717,DT,sz001267,汇绿生态,
20260717,DT,sz002364,中恒电气,
20260717,DT,sz002536,飞龙股份,
20260717,DT,sz002897,意华股份,
20260717,DT,sz002653,海思科,
20260717,DT,sh603019,中科曙光,
20260717,DT,sh600522,中天科技,
20260717,DT,sz003020,立方制药,
20260717,DT,sh600869,远东股份,
20260717,DT,sh603698,航天工程,
20260717,DT,sz002484,江海股份,
20260717,DT,sh603931,格林达,
20260717,DT,sz002980,华盛昌,
20260717,DT,sh605178,时空科技,
20260717,DT,sh600498,烽火通信,
20260717,DT,sz002428,云南锗业,
20260717,DT,sh600667,太极实业,
20260717,DT,sh600829,人民同泰,
20260717,DT,sz002208,合肥城建,
20260717,DT,sh603459,红板科技,
20260717,DT,sh600183,生益科技,
20260717,DT,sz002821,凯莱英,
20260717,DT,sz002436,兴森科技,
20260717,DT,sh600105,永鼎股份,
20260717,DT,sh600288,大恒科技,
20260717,DT,sz000636,风华高科,
20260717,DT,sh603669,灵康药业,
20260717,DT,sz002674,兴业科技,
20260717,DT,sz002422,科伦药业,
20260717,DT,sh603083,剑桥科技,
20260717,DT,sz001270,铖昌科技,
20260717,DT,sz002354,天娱数科,
20260717,DT,sh600488,津药药业,
20260717,DT,sh688048,长光华芯,
20260717,DT,sh600246,万通发展,
20260717,DT,sz300137,先河环保,
20260717,DT,sh603065,宿迁联盛,
20260717,DT,sh603683,晶华新材,
20260717,DT,sz000063,中兴通讯,
20260717,DT,sz002747,埃斯顿,
20260717,DT,sz002636,金安国纪,
20260717,DT,sh601869,长飞光纤,
20260717,DT,sz000988,华工科技,
20260717,DT,sz002281,光迅科技,
20260717,DT,sz002851,麦格米特,
20260717,DT,sz002185,华天科技,
20260717,DT,sh603986,兆易创新,
20260717,DT,sh603137,恒尚节能,
20260717,DT,sh603538,美诺华,
20260717,DT,sh603127,昭衍新药,
20260717,DT,sz002384,东山精密,
20260717,DT,sz001309,德明利,
20260720,DT,sz301176,逸豪新材,
20260720,DT,sh605589,圣泉集团,
20260720,DT,sz300868,杰美特,
20260720,DT,sh605090,九丰能源,
20260720,DT,sh603051,鹿山新材,
20260720,DT,sz000510,新金路,
20260720,DT,sz000668,荣丰控股,
20260720,DT,sz002963,豪尔赛,
20260720,DT,sh600397,江钨装备,
20260720,DT,sh603391,力聚热能,
20260720,DT,sh603285,键邦股份,
20260720,DT,sz002767,先锋电子,
20260720,DT,sh603933,睿能科技,
20260720,DT,sz002853,皮阿诺,
20260720,DT,sh605228,神通科技,
20260720,DT,sh603270,金帝股份,
20260720,DT,sh603038,华立股份,
20260720,DT,sh603155,新亚强,
20260720,DT,sh603738,泰晶科技,
20260720,DT,sh688308,欧科亿,
20260720,DT,sh603679,华体科技,
20260720,DT,sh605288,凯迪股份,
20260720,DT,sh603262,技源集团,
20260720,DT,sh603052,可川科技,
20260720,DT,sz002885,京泉华,
20260720,DT,sh603435,嘉德利,
20260720,DT,sh603324,盛剑科技,
20260720,DT,sz300780,德恩精工,
20260720,DT,sh600172,黄河旋风,
20260720,DT,sh603657,春光科技,
20260720,DT,sz001300,三柏硕,
20260720,DT,sh603177,德创环保,
20260720,DT,sh600520,三佳科技,
20260720,DT,sz002993,奥海科技,
20260720,DT,sh605588,冠石科技,
20260720,DT,sh603777,来伊份,
20260720,DT,sh600539,狮头股份,
20260720,DT,sh603903,中持股份,
20260720,DT,sz002631,德尔未来,
20260720,DT,sh600379,宝光股份,
20260720,DT,sh603976,正川股份,
20260720,DT,sz003004,声迅股份,
20260720,DT,sz301276,嘉曼服饰,
20260720,DT,sh688096,京源环保,
20260720,DT,sz003018,金富科技,
20260720,DT,sh603407,长裕集团,
20260720,DT,sh603090,宏盛股份,
20260720,DT,sz001268,联合精密,
20260720,DT,sz002134,天津普林,
20260720,DT,sh600110,诺德股份,
20260720,DT,sh603063,禾望电气,
20260720,DT,sz002695,煌上煌,
20260720,DT,sh603015,弘讯科技,
20260720,DT,sz002240,盛新锂能,
20260720,DT,sh603261,立航科技,
20260720,DT,sh600360,华微电子,
20260720,DT,sh600769,祥龙电业,
20260720,DT,sz002350,北京科锐,
20260720,DT,sh600226,亨通股份,
20260720,DT,sz002972,科安达,
20260720,DT,sh603688,石英股份,
20260720,DT,sh600234,科新发展,
20260720,DT,sz002364,中恒电气,
20260720,DT,sz001287,中电港,
20260720,DT,sh688059,华锐精密,
20260720,DT,sz003001,中岩大地,
20260720,DT,sz002830,名雕股份,
20260720,DT,sh600367,红星发展,
20260720,DT,sh603773,沃格光电,
20260720,DT,sz002980,华盛昌,
20260720,DT,sz002056,横店东磁,
20260720,DT,sh688386,泛亚微透,
20260720,DT,sh603650,彤程新材,
20260720,DT,sz002921,联诚精密,
20260720,DT,sz001400,江顺科技,
20260720,DT,sh600162,香江控股,
20260720,DT,sh603678,火炬电子,
20260720,DT,sh603115,海星股份,
20260720,DT,sh603316,诚邦股份,
20260720,DT,sz001389,广合科技,
20260720,DT,sh603666,亿嘉和,
20260720,DT,sh605133,嵘泰股份,
20260720,DT,sz002192,融捷股份,
20260720,DT,sh603139,康惠股份,
20260720,DT,sh600378,昊华科技,
20260720,DT,sz003043,华亚智能,
20260720,DT,sz002975,博杰股份,
20260720,DT,sz000691,亚太实业,
20260720,DT,sz002943,宇晶股份,
20260720,DT,sh605389,长龄液压,
20260720,DT,sz002348,高乐股份,
20260720,DT,sz002235,安妮股份,
20260720,DT,sh603936,博敏电子,
20260720,DT,sh603203,快克智能,
20260720,DT,sh603256,宏和科技,
20260720,DT,sh603690,至纯科技,
20260720,DT,sz002788,鹭燕医药,
20260720,DT,sh603163,圣晖集成,
20260720,DT,sh605186,健麾信息,
20260720,DT,sz003020,立方制药,
20260720,DT,sh605006,山东玻纤,
20260720,DT,sz000920,沃顿科技,
20260720,DT,sh688502,茂莱光学,
20260720,DT,sh603725,天安新材,
20260720,DT,sz002713,东易日盛,
20260720,DT,sh600770,综艺股份,
20260720,DT,sh688020,方邦股份,
20260720,DT,sz002971,和远气体,
20260720,DT,sz002957,科瑞技术,
20260720,DT,bj920305,云创退,
20260720,DT,sh603120,肯特催化,
20260720,DT,sz002805,丰元股份,
20260720,DT,sz003036,泰坦股份,
20260720,DT,sz002303,美盈森,
20260720,DT,sz002579,中京电子,
20260720,DT,sh688260,昀冢科技,
20260720,DT,sz002739,儒意电影,
20260720,DT,sh600857,宁波中百,
20260720,DT,sz002723,小崧股份,
20260720,DT,sh688359,三孚新科,
20260720,DT,sz000935,四川双马,
20260720,DT,sz002655,共达电声,
20260720,DT,sz001331,胜通能源,
20260720,DT,sh603078,江化微,
20260720,DT,sz002718,友邦吊顶,
20260720,DT,sh600203,福日电子,
20260720,DT,sz002931,锋龙股份,
20260720,DT,sh603045,福达合金,
20260720,DT,sh603283,赛腾股份,
20260720,DT,sh600488,津药药业,
20260720,DT,sz002741,光华科技,
20260720,DT,sh603989,艾华集团,
20260720,DT,sh603991,领先股份,
20260720,DT,sh603201,常润股份,
20260720,DT,sz002965,祥鑫科技,
20260720,DT,sz002119,康强电子,
20260720,DT,sz002008,大族激光,
20260720,DT,sz002272,川润股份,
20260720,DT,sh603306,华懋科技,
20260720,DT,sz002407,多氟多,
20260720,DT,sz002290,禾盛新材,
20260720,DT,sz002768,国恩股份,
20260720,DT,sz002937,兴瑞科技,
20260720,DT,sz301520,万邦医药,
20260720,DT,sz002677,浙江美大,
20260720,DT,sz001359,平安电工,
20260720,DT,sz001267,汇绿生态,
20260720,DT,sh603313,梦百合,
20260720,DT,sh603031,安孚科技,
20260720,DT,sz301092,争光股份,
20260720,DT,sh605178,时空科技,
20260720,DT,sh688669,聚石化学,
20260720,DT,sh603931,格林达,
20260720,DT,sh600353,旭光电子,
20260720,DT,sz002859,洁美科技,
20260720,DT,sh603800,洪田股份,
20260720,DT,sz002463,沪电股份,
20260720,DT,sz002167,东方锆业,
20260720,DT,sh601133,柏诚股份,
20260720,DT,sz001395,亚联机械,
20260720,DT,sh603211,晋拓股份,
20260720,DT,sh600869,远东股份,
20260720,DT,sz300005,探路者,
20260720,DT,sh603002,宏昌电子,
20260720,DT,sz002326,永太科技,
20260720,DT,sz002208,合肥城建,
20260720,DT,sh603011,合锻智能,
20260720,DT,sz301042,安联锐视,
20260720,DT,sz002552,宝鼎科技,
20260720,DT,sz002536,飞龙股份,
20260720,DT,sh603757,大元泵业,
20260720,DT,sz002815,崇达技术,
20260720,DT,sz002428,云南锗业,
20260720,DT,sh600641,先导基电,
20260720,DT,sh603459,红板科技,
20260720,DT,sh688500,慧辰股份,
20260720,DT,sh600667,太极实业,
20260720,DT,sh600673,东阳光,
20260720,DT,sh605358,立昂微,
20260720,DT,sh605376,博迁新材,
20260720,DT,sh603065,宿迁联盛,
20260720,DT,sz002354,天娱数科,
20260720,DT,sz002466,天齐锂业,
20260720,DT,sh603669,灵康药业,
20260720,DT,sz002484,江海股份,
20260720,DT,sz001270,铖昌科技,
20260720,DT,sh601208,东材科技,
20260720,DT,sz002674,兴业科技,
20260720,DT,sz002409,雅克科技,
20260720,DT,sz001314,亿道信息,
20260720,DT,sh603186,华正新材,
20260720,DT,sz002436,兴森科技,
20260720,DT,sh600288,大恒科技,
20260720,DT,sz000779,甘咨询,
20260720,DT,sh603538,美诺华,
20260720,DT,sz002384,东山精密,
20260720,DT,sh600246,万通发展,
20260720,DT,sz002632,道明光学,
20260720,DT,sh603083,剑桥科技,
20260720,DT,sz002851,麦格米特,
20260720,DT,sz002747,埃斯顿,
20260720,DT,sh603683,晶华新材,
20260720,DT,sz000988,华工科技,
20260720,DT,sh688146,中船特气,
20260720,DT,sz000636,风华高科,
20260720,DT,sz002636,金安国纪,
20260720,DT,sz002185,华天科技,
20260720,DT,sz002141,贤丰控股,
20260720,DT,sz002281,光迅科技,
20260720,DT,sz301217,铜冠铜箔,
20260720,DT,sz001309,德明利,
20260721,DT,sz301176,逸豪新材,
20260721,DT,sh605589,圣泉集团,
20260721,DT,sz300868,杰美特,
20260721,DT,sh605090,九丰能源,
20260721,DT,sh603051,鹿山新材,
20260721,DT,sz000510,新金路,
20260721,DT,sz000668,荣丰控股,
20260721,DT,sz002963,豪尔赛,
20260721,DT,sh600397,江钨装备,
20260721,DT,sh603391,力聚热能,
20260721,DT,sh603285,键邦股份,
20260721,DT,sz002767,先锋电子,
20260721,DT,sh603933,睿能科技,
20260721,DT,sz002853,皮阿诺,
20260721,DT,sh605228,神通科技,
20260721,DT,sh603270,金帝股份,
20260721,DT,sh603038,华立股份,
20260721,DT,sh603155,新亚强,
20260721,DT,sh603738,泰晶科技,
20260721,DT,sh688308,欧科亿,
20260721,DT,sh603679,华体科技,
20260721,DT,sh605288,凯迪股份,
20260721,DT,sh603262,技源集团,
20260721,DT,sh603052,可川科技,
20260721,DT,sz002885,京泉华,
20260721,DT,sh603435,嘉德利,
20260721,DT,sh603324,盛剑科技,
20260721,DT,sz300780,德恩精工,
20260721,DT,sh600172,黄河旋风,
20260721,DT,sh603657,春光科技,
20260721,DT,sz001300,三柏硕,
20260721,DT,sh603177,德创环保,
20260721,DT,sh600520,三佳科技,
20260721,DT,sz002993,奥海科技,
20260721,DT,sh605588,冠石科技,
20260721,DT,sh603777,来伊份,
20260721,DT,sh600539,狮头股份,
20260721,DT,sh603903,中持股份,
20260721,DT,sz002631,德尔未来,
20260721,DT,sh600379,宝光股份,
20260721,DT,sh603976,正川股份,
20260721,DT,sz003004,声迅股份,
20260721,DT,sz301276,嘉曼服饰,
20260721,DT,sh688096,京源环保,
20260721,DT,sz003018,金富科技,
20260721,DT,sh603407,长裕集团,
20260721,DT,sh603090,宏盛股份,
20260721,DT,sz001268,联合精密,
20260721,DT,sz002134,天津普林,
20260721,DT,sh600110,诺德股份,
20260721,DT,sh603063,禾望电气,
20260721,DT,sz002695,煌上煌,
20260721,DT,sh603015,弘讯科技,
20260721,DT,sz002240,盛新锂能,
20260721,DT,sh603261,立航科技,
20260721,DT,sh600360,华微电子,
20260721,DT,sh600769,祥龙电业,
20260721,DT,sz002350,北京科锐,
20260721,DT,sh600226,亨通股份,
20260721,DT,sz002972,科安达,
20260721,DT,sh603688,石英股份,
20260721,DT,sh600234,科新发展,
20260721,DT,sz002364,中恒电气,
20260721,DT,sz001287,中电港,
20260721,DT,sh688059,华锐精密,
20260721,DT,sz003001,中岩大地,
20260721,DT,sz002830,名雕股份,
20260721,DT,sh600367,红星发展,
20260721,DT,sh603773,沃格光电,
20260721,DT,sz002980,华盛昌,
20260721,DT,sz002056,横店东磁,
20260721,DT,sh688386,泛亚微透,
20260721,DT,sh603650,彤程新材,
20260721,DT,sz002921,联诚精密,
20260721,DT,sz001400,江顺科技,
20260721,DT,sh600162,香江控股,
20260721,DT,sh603678,火炬电子,
20260721,DT,sh603115,海星股份,
20260721,DT,sh603316,诚邦股份,
20260721,DT,sz001389,广合科技,
20260721,DT,sh603666,亿嘉和,
20260721,DT,sh605133,嵘泰股份,
20260721,DT,sz002192,融捷股份,
20260721,DT,sh603139,康惠股份,
20260721,DT,sh600378,昊华科技,
20260721,DT,sz003043,华亚智能,
20260721,DT,sz002975,博杰股份,
20260721,DT,sz000691,亚太实业,
20260721,DT,sz002943,宇晶股份,
20260721,DT,sh605389,长龄液压,
20260721,DT,sz002348,高乐股份,
20260721,DT,sz002235,安妮股份,
20260721,DT,sh603936,博敏电子,
20260721,DT,sh603203,快克智能,
20260721,DT,sh603256,宏和科技,
20260721,DT,sh603690,至纯科技,
20260721,DT,sz002788,鹭燕医药,
20260721,DT,sh603163,圣晖集成,
20260721,DT,sh605186,健麾信息,
20260721,DT,sz003020,立方制药,
20260721,DT,sh605006,山东玻纤,
20260721,DT,sz000920,沃顿科技,
20260721,DT,sh688502,茂莱光学,
20260721,DT,sh603725,天安新材,
20260721,DT,sz002713,东易日盛,
20260721,DT,sh600770,综艺股份,
20260721,DT,sh688020,方邦股份,
20260721,DT,sz002971,和远气体,
20260721,DT,sz002957,科瑞技术,
20260721,DT,bj920305,云创退,
20260721,DT,sh603120,肯特催化,
20260721,DT,sz002805,丰元股份,
20260721,DT,sz003036,泰坦股份,
20260721,DT,sz002303,美盈森,
20260721,DT,sz002579,中京电子,
20260721,DT,sh688260,昀冢科技,
20260721,DT,sz002739,儒意电影,
20260721,DT,sh600857,宁波中百,
20260721,DT,sz002723,小崧股份,
20260721,DT,sh688359,三孚新科,
20260721,DT,sz000935,四川双马,
20260721,DT,sz002655,共达电声,
20260721,DT,sz001331,胜通能源,
20260721,DT,sh603078,江化微,
20260721,DT,sz002718,友邦吊顶,
20260721,DT,sh600203,福日电子,
20260721,DT,sz002931,锋龙股份,
20260721,DT,sh603045,福达合金,
20260721,DT,sh603283,赛腾股份,
20260721,DT,sh600488,津药药业,
20260721,DT,sz002741,光华科技,
20260721,DT,sh603989,艾华集团,
20260721,DT,sh603991,领先股份,
20260721,DT,sh603201,常润股份,
20260721,DT,sz002965,祥鑫科技,
20260721,DT,sz002119,康强电子,
20260721,DT,sz002008,大族激光,
20260721,DT,sz002272,川润股份,
20260721,DT,sh603306,华懋科技,
20260721,DT,sz002407,多氟多,
20260721,DT,sz002290,禾盛新材,
20260721,DT,sz002768,国恩股份,
20260721,DT,sz002937,兴瑞科技,
20260721,DT,sz301520,万邦医药,
20260721,DT,sz002677,浙江美大,
20260721,DT,sz001359,平安电工,
20260721,DT,sz001267,汇绿生态,
20260721,DT,sh603313,梦百合,
20260721,DT,sh603031,安孚科技,
20260721,DT,sz301092,争光股份,
20260721,DT,sh605178,时空科技,
20260721,DT,sh688669,聚石化学,
20260721,DT,sh603931,格林达,
20260721,DT,sh600353,旭光电子,
20260721,DT,sz002859,洁美科技,
20260721,DT,sh603800,洪田股份,
20260721,DT,sz002463,沪电股份,
20260721,DT,sz002167,东方锆业,
20260721,DT,sh601133,柏诚股份,
20260721,DT,sz001395,亚联机械,
20260721,DT,sh603211,晋拓股份,
20260721,DT,sh600869,远东股份,
20260721,DT,sz300005,探路者,
20260721,DT,sh603002,宏昌电子,
20260721,DT,sz002326,永太科技,
20260721,DT,sz002208,合肥城建,
20260721,DT,sh603011,合锻智能,
20260721,DT,sz301042,安联锐视,
20260721,DT,sz002552,宝鼎科技,
20260721,DT,sz002536,飞龙股份,
20260721,DT,sh603757,大元泵业,
20260721,DT,sz002815,崇达技术,
20260721,DT,sz002428,云南锗业,
20260721,DT,sh600641,先导基电,
20260721,DT,sh603459,红板科技,
20260721,DT,sh688500,慧辰股份,
20260721,DT,sh600667,太极实业,
20260721,DT,sh600673,东阳光,
20260721,DT,sh605358,立昂微,
20260721,DT,sh605376,博迁新材,
20260721,DT,sh603065,宿迁联盛,
20260721,DT,sz002354,天娱数科,
20260721,DT,sz002466,天齐锂业,
20260721,DT,sh603669,灵康药业,
20260721,DT,sz002484,江海股份,
20260721,DT,sz001270,铖昌科技,
20260721,DT,sh601208,东材科技,
20260721,DT,sz002674,兴业科技,
20260721,DT,sz002409,雅克科技,
20260721,DT,sz001314,亿道信息,
20260721,DT,sh603186,华正新材,
20260721,DT,sz002436,兴森科技,
20260721,DT,sh600288,大恒科技,
20260721,DT,sz000779,甘咨询,
20260721,DT,sh603538,美诺华,
20260721,DT,sz002384,东山精密,
20260721,DT,sh600246,万通发展,
20260721,DT,sz002632,道明光学,
20260721,DT,sh603083,剑桥科技,
20260721,DT,sz002851,麦格米特,
20260721,DT,sz002747,埃斯顿,
20260721,DT,sh603683,晶华新材,
20260721,DT,sz000988,华工科技,
20260721,DT,sh688146,中船特气,
20260721,DT,sz000636,风华高科,
20260721,DT,sz002636,金安国纪,
20260721,DT,sz002185,华天科技,
20260721,DT,sz002141,贤丰控股,
20260721,DT,sz002281,光迅科技,
20260721,DT,sz301217,铜冠铜箔,
20260721,DT,sz001309,德明利,
20260722,DT,sz003001,中岩大地,
20260722,DT,sh600176,中国巨石,
20260722,DT,sh603683,晶华新材,
20260722,DT,sh603519,立霸股份,
20260722,DT,sz001388,信通电子,
20260722,DT,sz001206,依依股份,
20260722,DT,sz000779,甘咨询,
20260722,DT,sz001309,德明利,
20260723,DT,sh603823,百合花,
20260723,DT,sz002432,九安医疗,
20260724,DT,bj920305,云创退,
20260724,DT,sh600403,大有能源,
20260724,DT,sz001388,信通电子,
20260724,DT,sz000037,深南电A,
20260724,DT,sz001206,依依股份,
20260724,DT,sz002015,协鑫能科,
20260724,DT,sh603779,威龙股份,
20260724,DT,sz000593,德龙汇能,
20260724,DT,sh603567,珍宝岛,
20260724,DT,sh600578,京能电力,
20260724,DT,sh600821,金开新能,
20260724,DT,sz002197,证通电子,
20260724,DT,sz000539,粤电力Ａ,
20260724,DT,sh600536,中国软件,
20260724,DT,sz000722,湖南发展,
20260724,DT,sh600664,哈药股份,
20260724,DT,sz002440,闰土股份,
20260724,DT,sh600644,乐山电力,
20260724,DT,sz001202,炬申股份,
20260724,DT,sz001896,豫能控股,
20260724,DT,sh603629,利通电子,
20260724,DT,sh600726,华电能源,
20260724,DT,sh600396,华电辽能,
20260724,DT,sz300045,华力创通,
20260724,DT,sh601991,大唐发电,
20260727,DT,sz000672,上峰材料,
20260727,DT,sz002774,快意电梯,
20260727,DT,sz301127,武汉天源,
20260727,DT,sh603619,中曼石油,
20260727,DT,sh603823,百合花,
20260727,DT,sh600722,金牛化工,
20260727,DT,bj920305,云创退,
20260727,DT,sh600403,大有能源,
20260727,DT,sz001388,信通电子,
20260727,DT,sz000037,深南电A,
20260727,DT,sz001206,依依股份,
20260727,DT,sz002015,协鑫能科,
20260727,DT,sh603779,威龙股份,
20260727,DT,sz000593,德龙汇能,
20260727,DT,sh603567,珍宝岛,
20260727,DT,sh600578,京能电力,
20260727,DT,sh600821,金开新能,
20260727,DT,sz002197,证通电子,
20260727,DT,sz000539,粤电力Ａ,
20260727,DT,sh600536,中国软件,
20260727,DT,sz000722,湖南发展,
20260727,DT,sh600664,哈药股份,
20260727,DT,sz002440,闰土股份,
20260727,DT,sh600644,乐山电力,
20260727,DT,sz001202,炬申股份,
20260727,DT,sz001896,豫能控股,
20260727,DT,sh603629,利通电子,
20260727,DT,sh600726,华电能源,
20260727,DT,sh600396,华电辽能,
20260727,DT,sz300045,华力创通,
20260727,DT,sh601991,大唐发电,
20260728,DT,sz000672,上峰材料,
20260728,DT,sz002774,快意电梯,
20260728,DT,sz301127,武汉天源,
20260728,DT,sh603619,中曼石油,
20260728,DT,sh603823,百合花,
20260728,DT,sh600722,金牛化工,
20260729,DT,sz002674,兴业科技,
20260729,DT,sz001258,立新能源,
20260729,DT,sz002965,祥鑫科技,
20260729,DT,sh600539,狮头股份,
20260729,DT,sz002222,福晶科技,
20260729,DT,sh603983,丸美生物,
20260729,DT,sh603065,宿迁联盛,
20260729,DT,sz000938,紫光股份,
20260729,DT,sh603823,百合花,
20260730,DT,sz001359,平安电工,
20260730,DT,sz002774,快意电梯,
20260730,DT,sz001358,兴欣新材,
20260730,DT,sh603211,晋拓股份,
20260730,DT,sh603757,大元泵业,
20260730,DT,sh605111,新洁能,
20260730,DT,sz002879,长缆科技,
20260730,DT,sz002881,美格智能,
20260730,DT,sz000510,新金路,
20260730,DT,sh600379,宝光股份,
20260730,DT,sz002990,盛视科技,
20260730,DT,sz001229,魅视科技,
20260730,DT,sz002353,杰瑞股份,
20260730,DT,sz003018,金富科技,
20260730,DT,sz002272,川润股份,
20260730,DT,sh603067,振华股份,
20260730,DT,sz002289,宇顺电子,
20260730,DT,sh603068,博通集成,
20260730,DT,sz002636,金安国纪,
20260730,DT,sz002980,华盛昌,
20260730,DT,sh603228,景旺电子,
20260730,DT,sz002897,意华股份,
20260730,DT,sh603236,移远通信,
20260730,DT,sz002655,共达电声,
20260730,DT,sh605255,天普股份,
20260730,DT,sz002969,嘉美包装,
20260730,DT,sh603065,宿迁联盛,
20260730,DT,sz002388,新亚制程,
20260730,DT,sh600353,旭光电子,
20260730,DT,sz003036,泰坦股份,
20260730,DT,sh600330,天通股份,
20260730,DT,sh603929,亚翔集成,
20260730,DT,sh601133,柏诚股份,
20260730,DT,sz001267,汇绿生态,
20260730,DT,sz002141,贤丰控股,
20260730,DT,sz001389,广合科技,
20260730,DT,sz002046,国机精工,
20260730,DT,sh603800,洪田股份,
20260730,DT,sz002937,兴瑞科技,
20260730,DT,sz001896,豫能控股,
20260730,DT,sz002975,博杰股份,
20260730,DT,sh603773,沃格光电,
20260730,DT,sz002860,星帅尔,
20260730,DT,sh603459,红板科技,
20260730,DT,sh603163,圣晖集成,
20260730,DT,sh600246,万通发展,
20260730,DT,sz002851,麦格米特,
20260730,DT,sh603306,华懋科技,
20260730,DT,sh603690,至纯科技,
20260730,DT,sz002222,福晶科技,
20260730,DT,sh600641,先导基电,
20260730,DT,sz000811,冰轮环境,
20260730,DT,sz002965,祥鑫科技,
20260730,DT,sz002747,埃斯顿,
20260730,DT,sz002008,大族激光,
20260730,DT,sz002436,兴森科技,
20260730,DT,sz000533,顺钠股份,
20260730,DT,sz002414,高德红外,
20260730,DT,sz002837,英维克,
20260730,DT,sh603256,宏和科技,
20260730,DT,sz002185,华天科技,
20260730,DT,sh600667,太极实业,
20260730,DT,sh603083,剑桥科技,
20260730,DT,sz002536,飞龙股份,
20260730,DT,sh600206,有研新材,
20260730,DT,sz002281,光迅科技,
20260730,DT,sz002409,雅克科技,
20260730,DT,sh603118,共进股份,
20260730,DT,sh603893,瑞芯微,
20260730,DT,sz002384,东山精密,
20260730,DT,sh600584,长电科技,
20260730,DT,sz002156,通富微电,
20260730,DT,sh603823,百合花,
20260730,DT,sz000938,紫光股份,
20260803,DT,sh600641,先导基电,
20260803,DT,sh603990,麦迪科技,
20260803,DT,sz002199,东晶电子,
20260803,DT,sh600176,中国巨石,
20260803,DT,sh603256,宏和科技,
20260803,DT,sh605068,明新旭腾,
20260803,DT,sz002379,宏桥控股,
20260803,DT,sh603986,兆易创新,
20260805,DT,sh600363,联创光电,
20260806,DT,sh600363,联创光电,
20260807,DT,sh600363,联创光电,
20260810,DT,sz002762,金发拉比,
20260810,DT,sz000779,甘咨询,
20260810,DT,sz300246,宝莱特,
20260810,DT,sh600449,宁夏建材,
20260810,DT,sh600363,联创光电,
20260811,DT,sz002350,北京科锐,
20260813,DT,sz000779,甘咨询,
20260813,DT,sz002827,高争民爆,
20260813,DT,sz003032,传智教育,
20260813,DT,sh603990,麦迪科技,
20260814,DT,sh600683,京投发展,
20260814,DT,sh603696,安记食品,
20260814,DT,sz000582,北部湾港,
20260814,DT,sh603682,锦和商管,
20260814,DT,sh603137,恒尚节能,
20260814,DT,sz000593,德龙汇能,
20260814,DT,sh600936,北投科技,
20260814,DT,sz002047,宝鹰股份,
20260814,DT,sz002400,省广集团,
20260814,DT,sh603758,秦安股份,
20260817,DT,sz000802,北京文化,
20260818,DT,sh603281,江瀚新材,
20260818,DT,sz001260,坤泰股份,
20260818,DT,sz002172,澳洋健康,
20260818,DT,sz002951,金时科技,
20260818,DT,sz300558,贝达药业,
20260819,DT,sh605488,福莱新材,
20260819,DT,sz002342,巨力索具,
20260819,DT,sz002577,雷柏科技,
20260819,DT,sh603052,可川科技,
20260819,DT,sh600113,浙江东日,
20260819,DT,sh603757,大元泵业,
20260819,DT,sz003021,兆威机电,
20260819,DT,sh605598,上海港湾,
20260819,DT,sh603166,福达股份,
20260819,DT,sz002303,美盈森,
20260819,DT,sh605288,凯迪股份,
20260819,DT,sh603061,金海通,
20260819,DT,sz002272,川润股份,
20260819,DT,sh603767,中马传动,
20260819,DT,sh605189,富春染织,
20260819,DT,sh603285,键邦股份,
20260819,DT,sz002897,意华股份,
20260819,DT,sh605589,圣泉集团,
20260819,DT,sh603739,蔚蓝生物,
20260819,DT,sh603009,北特科技,
20260819,DT,sz002402,和而泰,
20260819,DT,sz002937,兴瑞科技,
20260819,DT,sz002975,博杰股份,
20260819,DT,sh600151,航天机电,
20260819,DT,sz001260,坤泰股份,
20260819,DT,sh603790,雅运股份,
20260819,DT,sh605289,罗曼股份,
20260819,DT,sh603880,南卫股份,
20260819,DT,sh603179,新泉股份,
20260819,DT,sz002965,祥鑫科技,
20260819,DT,sz002067,景兴纸业,
20260819,DT,sz002565,顺灏股份,
20260819,DT,sh603601,再升科技,
20260819,DT,sh603728,鸣志电器,
20260819,DT,sz000547,航天发展,
20260819,DT,sh603618,杭电股份,
20260819,DT,sh603319,美湖股份,
20260819,DT,sh603119,浙江荣泰,
20260819,DT,sz000700,模塑科技,
20260819,DT,sz002724,海洋王,
20260819,DT,sz000837,秦川机床,
20260819,DT,sh603897,长城科技,
20260819,DT,sh603989,艾华集团,
20260819,DT,sz002582,好想你,
20260819,DT,sz000977,浪潮信息,
20260819,DT,sh603608,天创时尚,
20260819,DT,sh600683,京投发展,
20260819,DT,sz000815,美利云,
20260819,DT,sz002703,浙江世宝,
20260819,DT,sz002008,大族激光,
20260819,DT,sz001331,胜通能源,
20260819,DT,sz002396,星网锐捷,
20260819,DT,sz002520,日发精机,
20260819,DT,sh603211,晋拓股份,
20260819,DT,sh603065,宿迁联盛,
20260819,DT,sh603887,城地香江,
20260819,DT,sz000936,华西股份,
20260819,DT,sh600105,永鼎股份,
20260819,DT,sz003043,华亚智能,
20260819,DT,sz002329,皇氏集团,
20260819,DT,sh603083,剑桥科技,
20260819,DT,sz002792,通宇通讯,
20260819,DT,sz003031,中瓷电子,
20260819,DT,sz002229,鸿博股份,
20260819,DT,sz002743,富煌钢构,
20260819,DT,sh603118,共进股份,
20260819,DT,sz002979,雷赛智能,
20260819,DT,sz002980,华盛昌,
20260819,DT,sz000716,黑芝麻,
20260819,DT,sh603031,安孚科技,
20260819,DT,sh600183,生益科技,
20260819,DT,sz002957,科瑞技术,
20260819,DT,sz000636,风华高科,
20260819,DT,sz002141,贤丰控股,
20260819,DT,sz002931,锋龙股份,
20260819,DT,sh600376,首开股份,
20260819,DT,sz000678,襄阳轴承,
20260819,DT,sh603089,正裕工业,
20260819,DT,sh603758,秦安股份,
20260819,DT,sh603667,五洲新春,
20260819,DT,sh603137,恒尚节能,
20260819,DT,sh603663,三祥新材,
20260819,DT,sh603124,江南新材,
20260819,DT,sz001258,立新能源,
20260819,DT,sz002281,光迅科技,
20260819,DT,sh600829,人民同泰,
20260819,DT,sz002820,桂发祥,
20260819,DT,sh603678,火炬电子,
20260819,DT,sh600397,江钨装备,
20260819,DT,sz002484,江海股份,
20260819,DT,sh603079,圣达生物,
20260819,DT,sz002080,中材科技,
20260819,DT,sh600246,万通发展,
20260819,DT,sz002491,通鼎互联,
20260819,DT,sh603738,泰晶科技,
20260819,DT,sz002436,兴森科技,
20260819,DT,sz002859,洁美科技,
20260819,DT,sz002851,麦格米特,
20260819,DT,sz002031,巨轮智能,
20260819,DT,sh605376,博迁新材,
20260819,DT,sz002156,通富微电,
20260819,DT,sh600580,卧龙电驱,
20260819,DT,sh603256,宏和科技,
20260819,DT,sh603330,天洋新材,
20260819,DT,sh600353,旭光电子,
20260819,DT,sz000802,北京文化,
20260819,DT,sh603228,景旺电子,
20260819,DT,sz002636,金安国纪,
20260819,DT,sz002248,华东数控,
20260819,DT,sz002409,雅克科技,
20260819,DT,sz002896,中大力德,
20260819,DT,sh601869,长飞光纤,
20260819,DT,sh600186,莲花控股,
20260819,DT,sz000938,紫光股份,
20260819,DT,sz002081,金 螳 螂,
20260819,DT,sz002747,埃斯顿,
20260819,DT,sh603221,爱丽家居,
20260819,DT,sh605179,一鸣食品,
20260820,DT,sz002820,桂发祥,
20260820,DT,sh600376,首开股份,
20260820,DT,bj920059,双英集团,
20260820,DT,sz002333,罗普斯金,
20260820,DT,sz002346,柘中股份,
20260820,DT,sz000020,深华发Ａ,
20260820,DT,sh603211,晋拓股份,
20260820,DT,sz002248,华东数控,
20260820,DT,sh603330,天洋新材,
20260820,DT,sh600367,红星发展,
20260820,DT,sz002896,中大力德,
20260820,DT,sz003032,传智教育,
20260821,DT,sh603102,百合股份,
20260821,DT,sh603382,海阳科技,
20260821,DT,sh600371,万向德农,
20260821,DT,sz000523,红棉股份,
20260821,DT,sz000505,京粮控股,
20260821,DT,sh603395,红四方,
20260821,DT,sz002900,哈三联,
20260821,DT,sz003032,传智教育,
20260821,DT,sh601011,宝泰隆,
20260821,DT,sh605179,一鸣食品,
20260821,DT,sh603538,美诺华,
20260821,DT,sh600272,开开实业,
20260821,DT,sh603823,百合花,
20260824,DT,sh603382,海阳科技,
20260824,DT,sz002487,大金重工,
20260824,DT,sh603079,圣达生物,
20260824,DT,sh603657,春光科技,
20260824,DT,sz001317,三羊马,
20260824,DT,sz002860,星帅尔,
20260824,DT,sh603118,共进股份,
20260824,DT,sh605179,一鸣食品,
20260824,DT,sh603156,养元饮品,
20260824,DT,sz001277,速达股份,
20260824,DT,sh603823,百合花,
